compatibility,compatibility_surface,normalized_command,sblr_route,refusal_policy,source_search_key,compatibility_isolation,downstream_phase,cross_node_distributed_query_marker
apache_ignite,apache_ignite.admin.control_script,cluster.admin.refuse_reference_shell_control,sblr.cluster.control.v3:cluster.admin.refuse_reference_shell_control,exact_pre_provider_refusal_no_provider_call,project/src/parsers/compatibility/apache_ignite/apache_ignite_dialect.cpp#kPatterns:apache_ignite.admin.control_script,own_compatibility_surface_only,FPR-P2,not_cluster_query
apache_ignite,apache_ignite.admin.baseline,cluster.job.start_controlled,sblr.cluster.control.v3:cluster.job.start_controlled,compile_flag_disabled_returns_functionality_unsupported;public_stub_enabled_returns_functionality_unlicensed;private_provider_required_for_execution,project/src/parsers/compatibility/apache_ignite/apache_ignite_dialect.cpp#kPatterns:apache_ignite.admin.baseline,own_compatibility_surface_only,FPR-P2,not_cluster_query
apache_ignite,apache_ignite.admin.set_state,cluster.job.start_controlled,sblr.cluster.control.v3:cluster.job.start_controlled,compile_flag_disabled_returns_functionality_unsupported;public_stub_enabled_returns_functionality_unlicensed;private_provider_required_for_execution,project/src/parsers/compatibility/apache_ignite/apache_ignite_dialect.cpp#kPatterns:apache_ignite.admin.set_state,own_compatibility_surface_only,FPR-P2,not_cluster_query
apache_ignite,apache_ignite.admin.activate,cluster.job.start_controlled,sblr.cluster.control.v3:cluster.job.start_controlled,compile_flag_disabled_returns_functionality_unsupported;public_stub_enabled_returns_functionality_unlicensed;private_provider_required_for_execution,project/src/parsers/compatibility/apache_ignite/apache_ignite_dialect.cpp#kPatterns:apache_ignite.admin.activate,own_compatibility_surface_only,FPR-P2,not_cluster_query
apache_ignite,apache_ignite.admin.deactivate,cluster.job.start_controlled,sblr.cluster.control.v3:cluster.job.start_controlled,compile_flag_disabled_returns_functionality_unsupported;public_stub_enabled_returns_functionality_unlicensed;private_provider_required_for_execution,project/src/parsers/compatibility/apache_ignite/apache_ignite_dialect.cpp#kPatterns:apache_ignite.admin.deactivate,own_compatibility_surface_only,FPR-P2,not_cluster_query
apache_ignite,apache_ignite.admin.snapshot,cluster.job.start_controlled,sblr.cluster.control.v3:cluster.job.start_controlled,compile_flag_disabled_returns_functionality_unsupported;public_stub_enabled_returns_functionality_unlicensed;private_provider_required_for_execution,project/src/parsers/compatibility/apache_ignite/apache_ignite_dialect.cpp#kPatterns:apache_ignite.admin.snapshot,own_compatibility_surface_only,FPR-P2,not_cluster_query
apache_ignite,builtin_function_surface:cluster,cluster.job.start_controlled,sblr.cluster.control.v3:cluster.job.start_controlled,compile_flag_disabled_returns_functionality_unsupported;public_stub_enabled_returns_functionality_unlicensed;private_provider_required_for_execution,project/src/parsers/compatibility/apache_ignite/apache_ignite_dialect.cpp#kBuiltinSurfaces:cluster,own_compatibility_surface_only,FPR-P2,not_cluster_query
clickhouse,clickhouse.distributed.cluster_clause,cluster.query.plan_distributed,required_new:sblr.cluster.query.v1:cluster.query.plan_distributed,compile_flag_disabled_returns_functionality_unsupported;public_stub_enabled_returns_functionality_unlicensed;private_provider_required_for_execution,project/src/parsers/compatibility/clickhouse/clickhouse_dialect.cpp#kPatterns:clickhouse.distributed.cluster_clause,own_compatibility_surface_only,FPR-P2,cross_node_distributed_cluster_authority_not_local_query
clickhouse,builtin_function_surface:cluster,cluster.job.start_controlled,sblr.cluster.control.v3:cluster.job.start_controlled,compile_flag_disabled_returns_functionality_unsupported;public_stub_enabled_returns_functionality_unlicensed;private_provider_required_for_execution,project/src/parsers/compatibility/clickhouse/clickhouse_dialect.cpp#kBuiltinSurfaces:cluster,own_compatibility_surface_only,FPR-P2,not_cluster_query
clickhouse,catalog_overlay_surface:clusters,cluster.job.start_controlled,sblr.cluster.control.v3:cluster.job.start_controlled,compile_flag_disabled_returns_functionality_unsupported;public_stub_enabled_returns_functionality_unlicensed;private_provider_required_for_execution,project/src/parsers/compatibility/clickhouse/clickhouse_dialect.cpp#kCatalogSurfaces:clusters,own_compatibility_surface_only,FPR-P2,not_cluster_query
clickhouse,diagnostic_surface:cluster_stub,cluster.metrics.snapshot,sblr.cluster.report.v3:cluster.metrics.snapshot,compile_flag_disabled_returns_functionality_unsupported;public_stub_enabled_returns_functionality_unlicensed;private_provider_required_for_execution,project/src/parsers/compatibility/clickhouse/clickhouse_dialect.cpp#kDiagnosticSurfaces:cluster_stub,own_compatibility_surface_only,FPR-P2,not_cluster_query
cockroachdb,cockroachdb.changefeed.create,cluster.metrics.emit_event,sblr.cluster.report.v3:cluster.metrics.emit_event,compile_flag_disabled_returns_functionality_unsupported;public_stub_enabled_returns_functionality_unlicensed;private_provider_required_for_execution,project/src/parsers/compatibility/cockroachdb/cockroachdb_dialect.cpp#kPatterns:cockroachdb.changefeed.create,own_compatibility_surface_only,FPR-P2,not_cluster_query
cockroachdb,cockroachdb.cluster.setting.set,cluster.job.start_controlled,sblr.cluster.control.v3:cluster.job.start_controlled,compile_flag_disabled_returns_functionality_unsupported;public_stub_enabled_returns_functionality_unlicensed;private_provider_required_for_execution,project/src/parsers/compatibility/cockroachdb/cockroachdb_dialect.cpp#kPatterns:cockroachdb.cluster.setting.set,own_compatibility_surface_only,FPR-P2,not_cluster_query
cockroachdb,cockroachdb.cluster.experimental_relocate,cluster.job.start_controlled,sblr.cluster.control.v3:cluster.job.start_controlled,compile_flag_disabled_returns_functionality_unsupported;public_stub_enabled_returns_functionality_unlicensed;private_provider_required_for_execution,project/src/parsers/compatibility/cockroachdb/cockroachdb_dialect.cpp#kPatterns:cockroachdb.cluster.experimental_relocate,own_compatibility_surface_only,FPR-P2,not_cluster_query
cockroachdb,catalog_overlay_surface:cluster_settings,cluster.job.start_controlled,sblr.cluster.control.v3:cluster.job.start_controlled,compile_flag_disabled_returns_functionality_unsupported;public_stub_enabled_returns_functionality_unlicensed;private_provider_required_for_execution,project/src/parsers/compatibility/cockroachdb/cockroachdb_dialect.cpp#kCatalogSurfaces:cluster_settings,own_compatibility_surface_only,FPR-P2,not_cluster_query
cockroachdb,diagnostic_surface:changefeed,cluster.metrics.emit_event,sblr.cluster.report.v3:cluster.metrics.emit_event,compile_flag_disabled_returns_functionality_unsupported;public_stub_enabled_returns_functionality_unlicensed;private_provider_required_for_execution,project/src/parsers/compatibility/cockroachdb/cockroachdb_dialect.cpp#kDiagnosticSurfaces:changefeed,own_compatibility_surface_only,FPR-P2,not_cluster_query
cockroachdb,diagnostic_surface:cluster,cluster.metrics.snapshot,sblr.cluster.report.v3:cluster.metrics.snapshot,compile_flag_disabled_returns_functionality_unsupported;public_stub_enabled_returns_functionality_unlicensed;private_provider_required_for_execution,project/src/parsers/compatibility/cockroachdb/cockroachdb_dialect.cpp#kDiagnosticSurfaces:cluster,own_compatibility_surface_only,FPR-P2,not_cluster_query
cockroachdb,diagnostic_surface:unsupported,cluster.metrics.collect_support_bundle,sblr.cluster.report.v3:cluster.metrics.collect_support_bundle,compile_flag_disabled_returns_functionality_unsupported;public_stub_enabled_returns_functionality_unlicensed;private_provider_required_for_execution,project/src/parsers/compatibility/cockroachdb/cockroachdb_dialect.cpp#kDiagnosticSurfaces:unsupported,own_compatibility_surface_only,FPR-P2,not_cluster_query
firebird,firebird.emulated.replication_journal,cluster.replication.consume_cluster_event,sblr.replication.consumer.v3:cluster.replication.consume_cluster_event,compile_flag_disabled_returns_functionality_unsupported;public_stub_enabled_returns_functionality_unlicensed;private_provider_required_for_execution,project/src/parsers/compatibility/firebird/firebird_dialect.cpp#FirebirdMappingStorage:firebird.emulated.replication_journal,own_compatibility_surface_only,FPR-P2,not_cluster_query
firebird,firebird.emulated.replication_journal,cluster.replication.consume_cluster_event,sblr.replication.consumer.v3:cluster.replication.consume_cluster_event,compile_flag_disabled_returns_functionality_unsupported;public_stub_enabled_returns_functionality_unlicensed;private_provider_required_for_execution,project/src/parsers/compatibility/firebird/firebird_dialect.cpp#ClassifyNonFileOperation:firebird.emulated.replication_journal,own_compatibility_surface_only,FPR-P2,not_cluster_query
foundationdb,foundationdb.admin.configure,cluster.job.start_controlled,sblr.cluster.control.v3:cluster.job.start_controlled,compile_flag_disabled_returns_functionality_unsupported;public_stub_enabled_returns_functionality_unlicensed;private_provider_required_for_execution,project/src/parsers/compatibility/foundationdb/foundationdb_dialect.cpp#kPatterns:foundationdb.admin.configure,own_compatibility_surface_only,FPR-P2,not_cluster_query
foundationdb,foundationdb.admin.coordinators,cluster.job.start_controlled,sblr.cluster.control.v3:cluster.job.start_controlled,compile_flag_disabled_returns_functionality_unsupported;public_stub_enabled_returns_functionality_unlicensed;private_provider_required_for_execution,project/src/parsers/compatibility/foundationdb/foundationdb_dialect.cpp#kPatterns:foundationdb.admin.coordinators,own_compatibility_surface_only,FPR-P2,not_cluster_query
foundationdb,foundationdb.admin.exclude,cluster.job.start_controlled,sblr.cluster.control.v3:cluster.job.start_controlled,compile_flag_disabled_returns_functionality_unsupported;public_stub_enabled_returns_functionality_unlicensed;private_provider_required_for_execution,project/src/parsers/compatibility/foundationdb/foundationdb_dialect.cpp#kPatterns:foundationdb.admin.exclude,own_compatibility_surface_only,FPR-P2,not_cluster_query
foundationdb,foundationdb.admin.include,cluster.job.start_controlled,sblr.cluster.control.v3:cluster.job.start_controlled,compile_flag_disabled_returns_functionality_unsupported;public_stub_enabled_returns_functionality_unlicensed;private_provider_required_for_execution,project/src/parsers/compatibility/foundationdb/foundationdb_dialect.cpp#kPatterns:foundationdb.admin.include,own_compatibility_surface_only,FPR-P2,not_cluster_query
foundationdb,foundationdb.admin.kill,cluster.job.start_controlled,sblr.cluster.control.v3:cluster.job.start_controlled,compile_flag_disabled_returns_functionality_unsupported;public_stub_enabled_returns_functionality_unlicensed;private_provider_required_for_execution,project/src/parsers/compatibility/foundationdb/foundationdb_dialect.cpp#kPatterns:foundationdb.admin.kill,own_compatibility_surface_only,FPR-P2,not_cluster_query
foundationdb,foundationdb.admin.force_recovery,cluster.tx.recover_limbo_participant,required_new:sblr.cluster.transaction.v1:cluster.tx.recover_limbo_participant,compile_flag_disabled_returns_functionality_unsupported;public_stub_enabled_returns_functionality_unlicensed;private_provider_required_for_execution,project/src/parsers/compatibility/foundationdb/foundationdb_dialect.cpp#kPatterns:foundationdb.admin.force_recovery,own_compatibility_surface_only,FPR-P2,not_cluster_query
foundationdb,builtin_function_surface:cluster,cluster.job.start_controlled,sblr.cluster.control.v3:cluster.job.start_controlled,compile_flag_disabled_returns_functionality_unsupported;public_stub_enabled_returns_functionality_unlicensed;private_provider_required_for_execution,project/src/parsers/compatibility/foundationdb/foundationdb_dialect.cpp#kBuiltinSurfaces:cluster,own_compatibility_surface_only,FPR-P2,not_cluster_query
foundationdb,catalog_overlay_surface:cluster,cluster.job.start_controlled,sblr.cluster.control.v3:cluster.job.start_controlled,compile_flag_disabled_returns_functionality_unsupported;public_stub_enabled_returns_functionality_unlicensed;private_provider_required_for_execution,project/src/parsers/compatibility/foundationdb/foundationdb_dialect.cpp#kCatalogSurfaces:cluster,own_compatibility_surface_only,FPR-P2,not_cluster_query
immudb,immudb.replication.admin,cluster.replication.consume_cluster_event,sblr.replication.consumer.v3:cluster.replication.consume_cluster_event,compile_flag_disabled_returns_functionality_unsupported;public_stub_enabled_returns_functionality_unlicensed;private_provider_required_for_execution,project/src/parsers/compatibility/immudb/immudb_dialect.cpp#kPatterns:immudb.replication.admin,own_compatibility_surface_only,FPR-P2,not_cluster_query
immudb,immudb.replication.apply,cluster.replication.consume_cluster_event,sblr.replication.consumer.v3:cluster.replication.consume_cluster_event,compile_flag_disabled_returns_functionality_unsupported;public_stub_enabled_returns_functionality_unlicensed;private_provider_required_for_execution,project/src/parsers/compatibility/immudb/immudb_dialect.cpp#kPatterns:immudb.replication.apply,own_compatibility_surface_only,FPR-P2,not_cluster_query
immudb,builtin_function_surface:replication,cluster.replication.consume_cluster_event,sblr.replication.consumer.v3:cluster.replication.consume_cluster_event,compile_flag_disabled_returns_functionality_unsupported;public_stub_enabled_returns_functionality_unlicensed;private_provider_required_for_execution,project/src/parsers/compatibility/immudb/immudb_dialect.cpp#kBuiltinSurfaces:replication,own_compatibility_surface_only,FPR-P2,not_cluster_query
influxdb,influxdb.admin.show_servers,cluster.admin.inspect_status,sblr.cluster.report.v3:cluster.admin.inspect_status,compile_flag_disabled_returns_functionality_unsupported;public_stub_enabled_returns_functionality_unlicensed;private_provider_required_for_execution,project/src/parsers/compatibility/influxdb/influxdb_dialect.cpp#kPatterns:influxdb.admin.show_servers,own_compatibility_surface_only,FPR-P2,not_cluster_query
influxdb,influxdb.admin.show_cluster,cluster.admin.inspect_status,sblr.cluster.report.v3:cluster.admin.inspect_status,compile_flag_disabled_returns_functionality_unsupported;public_stub_enabled_returns_functionality_unlicensed;private_provider_required_for_execution,project/src/parsers/compatibility/influxdb/influxdb_dialect.cpp#kPatterns:influxdb.admin.show_cluster,own_compatibility_surface_only,FPR-P2,not_cluster_query
mariadb,mariadb.replication.reset_master,cluster.replication.consume_cluster_event,sblr.replication.consumer.v3:cluster.replication.consume_cluster_event,compile_flag_disabled_returns_functionality_unsupported;public_stub_enabled_returns_functionality_unlicensed;private_provider_required_for_execution,project/src/parsers/compatibility/mariadb/mariadb_dialect.cpp#kPatterns:mariadb.replication.reset_master,own_compatibility_surface_only,FPR-P2,not_cluster_query
mariadb,mariadb.replication.change_source,cluster.replication.consume_cluster_event,sblr.replication.consumer.v3:cluster.replication.consume_cluster_event,compile_flag_disabled_returns_functionality_unsupported;public_stub_enabled_returns_functionality_unlicensed;private_provider_required_for_execution,project/src/parsers/compatibility/mariadb/mariadb_dialect.cpp#kPatterns:mariadb.replication.change_source,own_compatibility_surface_only,FPR-P2,not_cluster_query
mariadb,mariadb.replication.change_master_legacy,cluster.replication.consume_cluster_event,sblr.replication.consumer.v3:cluster.replication.consume_cluster_event,compile_flag_disabled_returns_functionality_unsupported;public_stub_enabled_returns_functionality_unlicensed;private_provider_required_for_execution,project/src/parsers/compatibility/mariadb/mariadb_dialect.cpp#kPatterns:mariadb.replication.change_master_legacy,own_compatibility_surface_only,FPR-P2,not_cluster_query
mariadb,mariadb.replication.start_replica,cluster.replication.consume_cluster_event,sblr.replication.consumer.v3:cluster.replication.consume_cluster_event,compile_flag_disabled_returns_functionality_unsupported;public_stub_enabled_returns_functionality_unlicensed;private_provider_required_for_execution,project/src/parsers/compatibility/mariadb/mariadb_dialect.cpp#kPatterns:mariadb.replication.start_replica,own_compatibility_surface_only,FPR-P2,not_cluster_query
mariadb,mariadb.replication.stop_replica,cluster.replication.consume_cluster_event,sblr.replication.consumer.v3:cluster.replication.consume_cluster_event,compile_flag_disabled_returns_functionality_unsupported;public_stub_enabled_returns_functionality_unlicensed;private_provider_required_for_execution,project/src/parsers/compatibility/mariadb/mariadb_dialect.cpp#kPatterns:mariadb.replication.stop_replica,own_compatibility_surface_only,FPR-P2,not_cluster_query
mariadb,mariadb.replication.reset_replica,cluster.replication.consume_cluster_event,sblr.replication.consumer.v3:cluster.replication.consume_cluster_event,compile_flag_disabled_returns_functionality_unsupported;public_stub_enabled_returns_functionality_unlicensed;private_provider_required_for_execution,project/src/parsers/compatibility/mariadb/mariadb_dialect.cpp#kPatterns:mariadb.replication.reset_replica,own_compatibility_surface_only,FPR-P2,not_cluster_query
mariadb,mariadb.replication.show_replica_status,cluster.replication.consume_cluster_event,sblr.replication.consumer.v3:cluster.replication.consume_cluster_event,compile_flag_disabled_returns_functionality_unsupported;public_stub_enabled_returns_functionality_unlicensed;private_provider_required_for_execution,project/src/parsers/compatibility/mariadb/mariadb_dialect.cpp#kPatterns:mariadb.replication.show_replica_status,own_compatibility_surface_only,FPR-P2,not_cluster_query
mariadb,mariadb.replication.show_slave_status_legacy,cluster.replication.consume_cluster_event,sblr.replication.consumer.v3:cluster.replication.consume_cluster_event,compile_flag_disabled_returns_functionality_unsupported;public_stub_enabled_returns_functionality_unlicensed;private_provider_required_for_execution,project/src/parsers/compatibility/mariadb/mariadb_dialect.cpp#kPatterns:mariadb.replication.show_slave_status_legacy,own_compatibility_surface_only,FPR-P2,not_cluster_query
mariadb,mariadb.replication.purge_binary_logs,cluster.replication.consume_cluster_event,sblr.replication.consumer.v3:cluster.replication.consume_cluster_event,compile_flag_disabled_returns_functionality_unsupported;public_stub_enabled_returns_functionality_unlicensed;private_provider_required_for_execution,project/src/parsers/compatibility/mariadb/mariadb_dialect.cpp#kPatterns:mariadb.replication.purge_binary_logs,own_compatibility_surface_only,FPR-P2,not_cluster_query
mariadb,mariadb.replication.reset_binary_logs,cluster.replication.consume_cluster_event,sblr.replication.consumer.v3:cluster.replication.consume_cluster_event,compile_flag_disabled_returns_functionality_unsupported;public_stub_enabled_returns_functionality_unlicensed;private_provider_required_for_execution,project/src/parsers/compatibility/mariadb/mariadb_dialect.cpp#kPatterns:mariadb.replication.reset_binary_logs,own_compatibility_surface_only,FPR-P2,not_cluster_query
mariadb,catalog_overlay_surface:replication_status,cluster.replication.consume_cluster_event,sblr.replication.consumer.v3:cluster.replication.consume_cluster_event,compile_flag_disabled_returns_functionality_unsupported;public_stub_enabled_returns_functionality_unlicensed;private_provider_required_for_execution,project/src/parsers/compatibility/mariadb/mariadb_dialect.cpp#kCatalogSurfaces:replication_status,own_compatibility_surface_only,FPR-P2,not_cluster_query
mariadb,diagnostic_surface:replication,cluster.metrics.snapshot,sblr.cluster.report.v3:cluster.metrics.snapshot,compile_flag_disabled_returns_functionality_unsupported;public_stub_enabled_returns_functionality_unlicensed;private_provider_required_for_execution,project/src/parsers/compatibility/mariadb/mariadb_dialect.cpp#kDiagnosticSurfaces:replication,own_compatibility_surface_only,FPR-P2,not_cluster_query
milvus,milvus.admin.transfer_replica,cluster.tx.begin_distributed,required_new:sblr.cluster.transaction.v1:cluster.tx.begin_distributed,compile_flag_disabled_returns_functionality_unsupported;public_stub_enabled_returns_functionality_unlicensed;private_provider_required_for_execution,project/src/parsers/compatibility/milvus/milvus_dialect.cpp#kPatterns:milvus.admin.transfer_replica,own_compatibility_surface_only,FPR-P2,not_cluster_query
milvus,milvus.admin.load_balance,cluster.job.start_controlled,sblr.cluster.control.v3:cluster.job.start_controlled,compile_flag_disabled_returns_functionality_unsupported;public_stub_enabled_returns_functionality_unlicensed;private_provider_required_for_execution,project/src/parsers/compatibility/milvus/milvus_dialect.cpp#kPatterns:milvus.admin.load_balance,own_compatibility_surface_only,FPR-P2,not_cluster_query
milvus,milvus.admin.show_replicas,cluster.tx.begin_distributed,required_new:sblr.cluster.transaction.v1:cluster.tx.begin_distributed,compile_flag_disabled_returns_functionality_unsupported;public_stub_enabled_returns_functionality_unlicensed;private_provider_required_for_execution,project/src/parsers/compatibility/milvus/milvus_dialect.cpp#kPatterns:milvus.admin.show_replicas,own_compatibility_surface_only,FPR-P2,not_cluster_query
mongodb,mongodb.sharding.shard_collection,cluster.placement.assign_tablet_range,required_new:sblr.cluster.placement.v1:cluster.placement.assign_tablet_range,compile_flag_disabled_returns_functionality_unsupported;public_stub_enabled_returns_functionality_unlicensed;private_provider_required_for_execution,project/src/parsers/compatibility/mongodb/mongodb_dialect.cpp#kPatterns:mongodb.sharding.shard_collection,own_compatibility_surface_only,FPR-P2,not_cluster_query
mongodb,mongodb.sharding.reshard_collection,cluster.placement.assign_tablet_range,required_new:sblr.cluster.placement.v1:cluster.placement.assign_tablet_range,compile_flag_disabled_returns_functionality_unsupported;public_stub_enabled_returns_functionality_unlicensed;private_provider_required_for_execution,project/src/parsers/compatibility/mongodb/mongodb_dialect.cpp#kPatterns:mongodb.sharding.reshard_collection,own_compatibility_surface_only,FPR-P2,not_cluster_query
mysql,mysql.replication.change_source,cluster.replication.consume_cluster_event,sblr.replication.consumer.v3:cluster.replication.consume_cluster_event,compile_flag_disabled_returns_functionality_unsupported;public_stub_enabled_returns_functionality_unlicensed;private_provider_required_for_execution,project/src/parsers/compatibility/mysql/mysql_dialect.cpp#kPatterns:mysql.replication.change_source,own_compatibility_surface_only,FPR-P2,not_cluster_query
mysql,mysql.replication.change_master_legacy,cluster.replication.consume_cluster_event,sblr.replication.consumer.v3:cluster.replication.consume_cluster_event,compile_flag_disabled_returns_functionality_unsupported;public_stub_enabled_returns_functionality_unlicensed;private_provider_required_for_execution,project/src/parsers/compatibility/mysql/mysql_dialect.cpp#kPatterns:mysql.replication.change_master_legacy,own_compatibility_surface_only,FPR-P2,not_cluster_query
mysql,mysql.replication.start_replica,cluster.replication.consume_cluster_event,sblr.replication.consumer.v3:cluster.replication.consume_cluster_event,compile_flag_disabled_returns_functionality_unsupported;public_stub_enabled_returns_functionality_unlicensed;private_provider_required_for_execution,project/src/parsers/compatibility/mysql/mysql_dialect.cpp#kPatterns:mysql.replication.start_replica,own_compatibility_surface_only,FPR-P2,not_cluster_query
mysql,mysql.replication.stop_replica,cluster.replication.consume_cluster_event,sblr.replication.consumer.v3:cluster.replication.consume_cluster_event,compile_flag_disabled_returns_functionality_unsupported;public_stub_enabled_returns_functionality_unlicensed;private_provider_required_for_execution,project/src/parsers/compatibility/mysql/mysql_dialect.cpp#kPatterns:mysql.replication.stop_replica,own_compatibility_surface_only,FPR-P2,not_cluster_query
mysql,mysql.replication.reset_replica,cluster.replication.consume_cluster_event,sblr.replication.consumer.v3:cluster.replication.consume_cluster_event,compile_flag_disabled_returns_functionality_unsupported;public_stub_enabled_returns_functionality_unlicensed;private_provider_required_for_execution,project/src/parsers/compatibility/mysql/mysql_dialect.cpp#kPatterns:mysql.replication.reset_replica,own_compatibility_surface_only,FPR-P2,not_cluster_query
mysql,mysql.replication.show_replica_status,cluster.replication.consume_cluster_event,sblr.replication.consumer.v3:cluster.replication.consume_cluster_event,compile_flag_disabled_returns_functionality_unsupported;public_stub_enabled_returns_functionality_unlicensed;private_provider_required_for_execution,project/src/parsers/compatibility/mysql/mysql_dialect.cpp#kPatterns:mysql.replication.show_replica_status,own_compatibility_surface_only,FPR-P2,not_cluster_query
mysql,mysql.replication.show_slave_status_legacy,cluster.replication.consume_cluster_event,sblr.replication.consumer.v3:cluster.replication.consume_cluster_event,compile_flag_disabled_returns_functionality_unsupported;public_stub_enabled_returns_functionality_unlicensed;private_provider_required_for_execution,project/src/parsers/compatibility/mysql/mysql_dialect.cpp#kPatterns:mysql.replication.show_slave_status_legacy,own_compatibility_surface_only,FPR-P2,not_cluster_query
mysql,mysql.replication.purge_binary_logs,cluster.replication.consume_cluster_event,sblr.replication.consumer.v3:cluster.replication.consume_cluster_event,compile_flag_disabled_returns_functionality_unsupported;public_stub_enabled_returns_functionality_unlicensed;private_provider_required_for_execution,project/src/parsers/compatibility/mysql/mysql_dialect.cpp#kPatterns:mysql.replication.purge_binary_logs,own_compatibility_surface_only,FPR-P2,not_cluster_query
mysql,mysql.replication.reset_binary_logs,cluster.replication.consume_cluster_event,sblr.replication.consumer.v3:cluster.replication.consume_cluster_event,compile_flag_disabled_returns_functionality_unsupported;public_stub_enabled_returns_functionality_unlicensed;private_provider_required_for_execution,project/src/parsers/compatibility/mysql/mysql_dialect.cpp#kPatterns:mysql.replication.reset_binary_logs,own_compatibility_surface_only,FPR-P2,not_cluster_query
mysql,catalog_overlay_surface:replication_status,cluster.replication.consume_cluster_event,sblr.replication.consumer.v3:cluster.replication.consume_cluster_event,compile_flag_disabled_returns_functionality_unsupported;public_stub_enabled_returns_functionality_unlicensed;private_provider_required_for_execution,project/src/parsers/compatibility/mysql/mysql_dialect.cpp#kCatalogSurfaces:replication_status,own_compatibility_surface_only,FPR-P2,not_cluster_query
mysql,diagnostic_surface:replication,cluster.metrics.snapshot,sblr.cluster.report.v3:cluster.metrics.snapshot,compile_flag_disabled_returns_functionality_unsupported;public_stub_enabled_returns_functionality_unlicensed;private_provider_required_for_execution,project/src/parsers/compatibility/mysql/mysql_dialect.cpp#kDiagnosticSurfaces:replication,own_compatibility_surface_only,FPR-P2,not_cluster_query
neo4j,neo4j.admin.show_servers,cluster.admin.inspect_status,sblr.cluster.report.v3:cluster.admin.inspect_status,compile_flag_disabled_returns_functionality_unsupported;public_stub_enabled_returns_functionality_unlicensed;private_provider_required_for_execution,project/src/parsers/compatibility/neo4j/neo4j_dialect.cpp#kPatterns:neo4j.admin.show_servers,own_compatibility_surface_only,FPR-P2,not_cluster_query
neo4j,neo4j.admin.enable_server,cluster.job.start_controlled,sblr.cluster.control.v3:cluster.job.start_controlled,compile_flag_disabled_returns_functionality_unsupported;public_stub_enabled_returns_functionality_unlicensed;private_provider_required_for_execution,project/src/parsers/compatibility/neo4j/neo4j_dialect.cpp#kPatterns:neo4j.admin.enable_server,own_compatibility_surface_only,FPR-P2,not_cluster_query
neo4j,neo4j.admin.reallocate_databases,cluster.job.start_controlled,sblr.cluster.control.v3:cluster.job.start_controlled,compile_flag_disabled_returns_functionality_unsupported;public_stub_enabled_returns_functionality_unlicensed;private_provider_required_for_execution,project/src/parsers/compatibility/neo4j/neo4j_dialect.cpp#kPatterns:neo4j.admin.reallocate_databases,own_compatibility_surface_only,FPR-P2,not_cluster_query
opensearch,opensearch.admin.cluster_health,cluster.admin.inspect_status,sblr.cluster.report.v3:cluster.admin.inspect_status,compile_flag_disabled_returns_functionality_unsupported;public_stub_enabled_returns_functionality_unlicensed;private_provider_required_for_execution,project/src/parsers/compatibility/opensearch/opensearch_dialect.cpp#kPatterns:opensearch.admin.cluster_health,own_compatibility_surface_only,FPR-P2,not_cluster_query
opensearch,opensearch.admin.cluster_update,cluster.job.start_controlled,sblr.cluster.control.v3:cluster.job.start_controlled,compile_flag_disabled_returns_functionality_unsupported;public_stub_enabled_returns_functionality_unlicensed;private_provider_required_for_execution,project/src/parsers/compatibility/opensearch/opensearch_dialect.cpp#kPatterns:opensearch.admin.cluster_update,own_compatibility_surface_only,FPR-P2,not_cluster_query
opensearch,opensearch.admin.nodes,cluster.node.admit_member,sblr.cluster.control.v3:cluster.node.admit_member,compile_flag_disabled_returns_functionality_unsupported;public_stub_enabled_returns_functionality_unlicensed;private_provider_required_for_execution,project/src/parsers/compatibility/opensearch/opensearch_dialect.cpp#kPatterns:opensearch.admin.nodes,own_compatibility_surface_only,FPR-P2,not_cluster_query
opensearch,opensearch_sql_ppl.cluster.get,cluster.admin.inspect_status,sblr.cluster.report.v3:cluster.admin.inspect_status,compile_flag_disabled_returns_functionality_unsupported;public_stub_enabled_returns_functionality_unlicensed;private_provider_required_for_execution,project/src/parsers/compatibility/opensearch_sql_ppl/opensearch_sql_ppl_dialect.cpp#kPatterns:opensearch_sql_ppl.cluster.get,own_compatibility_surface_only,FPR-P2,not_cluster_query
opensearch,opensearch_sql_ppl.cluster.post,cluster.job.start_controlled,sblr.cluster.control.v3:cluster.job.start_controlled,compile_flag_disabled_returns_functionality_unsupported;public_stub_enabled_returns_functionality_unlicensed;private_provider_required_for_execution,project/src/parsers/compatibility/opensearch_sql_ppl/opensearch_sql_ppl_dialect.cpp#kPatterns:opensearch_sql_ppl.cluster.post,own_compatibility_surface_only,FPR-P2,not_cluster_query
opensearch,builtin_function_surface:rest_dsl,cluster.job.start_controlled,sblr.cluster.control.v3:cluster.job.start_controlled,compile_flag_disabled_returns_functionality_unsupported;public_stub_enabled_returns_functionality_unlicensed;private_provider_required_for_execution,project/src/parsers/compatibility/opensearch_sql_ppl/opensearch_sql_ppl_dialect.cpp#kBuiltinSurfaces:rest_dsl,own_compatibility_surface_only,FPR-P2,not_cluster_query
opensearch,catalog_overlay_surface:stats,cluster.admin.inspect_status,sblr.cluster.report.v3:cluster.admin.inspect_status,compile_flag_disabled_returns_functionality_unsupported;public_stub_enabled_returns_functionality_unlicensed;private_provider_required_for_execution,project/src/parsers/compatibility/opensearch_sql_ppl/opensearch_sql_ppl_dialect.cpp#kCatalogSurfaces:stats,own_compatibility_surface_only,FPR-P2,not_cluster_query
postgresql,postgresql.replication.publication.create,cluster.replication.consume_cluster_event,sblr.replication.consumer.v3:cluster.replication.consume_cluster_event,compile_flag_disabled_returns_functionality_unsupported;public_stub_enabled_returns_functionality_unlicensed;private_provider_required_for_execution,project/src/parsers/compatibility/postgresql/postgresql_dialect.cpp#kPatterns:postgresql.replication.publication.create,own_compatibility_surface_only,FPR-P2,not_cluster_query
postgresql,postgresql.replication.subscription.create,cluster.replication.consume_cluster_event,sblr.replication.consumer.v3:cluster.replication.consume_cluster_event,compile_flag_disabled_returns_functionality_unsupported;public_stub_enabled_returns_functionality_unlicensed;private_provider_required_for_execution,project/src/parsers/compatibility/postgresql/postgresql_dialect.cpp#kPatterns:postgresql.replication.subscription.create,own_compatibility_surface_only,FPR-P2,not_cluster_query
postgresql,postgresql.replication.subscription.alter,cluster.replication.consume_cluster_event,sblr.replication.consumer.v3:cluster.replication.consume_cluster_event,compile_flag_disabled_returns_functionality_unsupported;public_stub_enabled_returns_functionality_unlicensed;private_provider_required_for_execution,project/src/parsers/compatibility/postgresql/postgresql_dialect.cpp#kPatterns:postgresql.replication.subscription.alter,own_compatibility_surface_only,FPR-P2,not_cluster_query
postgresql,postgresql.replication.subscription.drop,cluster.replication.consume_cluster_event,sblr.replication.consumer.v3:cluster.replication.consume_cluster_event,compile_flag_disabled_returns_functionality_unsupported;public_stub_enabled_returns_functionality_unlicensed;private_provider_required_for_execution,project/src/parsers/compatibility/postgresql/postgresql_dialect.cpp#kPatterns:postgresql.replication.subscription.drop,own_compatibility_surface_only,FPR-P2,not_cluster_query
postgresql,postgresql.maintenance.cluster,cluster.admin.run_maintenance,sblr.cluster.control.v3:cluster.admin.run_maintenance,compile_flag_disabled_returns_functionality_unsupported;public_stub_enabled_returns_functionality_unlicensed;private_provider_required_for_execution,project/src/parsers/compatibility/postgresql/postgresql_dialect.cpp#kPatterns:postgresql.maintenance.cluster,own_compatibility_surface_only,FPR-P2,not_cluster_query
postgresql,catalog_overlay_surface:replication,cluster.replication.consume_cluster_event,sblr.replication.consumer.v3:cluster.replication.consume_cluster_event,compile_flag_disabled_returns_functionality_unsupported;public_stub_enabled_returns_functionality_unlicensed;private_provider_required_for_execution,project/src/parsers/compatibility/postgresql/postgresql_dialect.cpp#kCatalogSurfaces:replication,own_compatibility_surface_only,FPR-P2,not_cluster_query
postgresql,diagnostic_surface:replication,cluster.metrics.snapshot,sblr.cluster.report.v3:cluster.metrics.snapshot,compile_flag_disabled_returns_functionality_unsupported;public_stub_enabled_returns_functionality_unlicensed;private_provider_required_for_execution,project/src/parsers/compatibility/postgresql/postgresql_dialect.cpp#kDiagnosticSurfaces:replication,own_compatibility_surface_only,FPR-P2,not_cluster_query
redis,redis.cluster.command,cluster.job.start_controlled,sblr.cluster.control.v3:cluster.job.start_controlled,compile_flag_disabled_returns_functionality_unsupported;public_stub_enabled_returns_functionality_unlicensed;private_provider_required_for_execution,project/src/parsers/compatibility/redis/redis_dialect.cpp#kPatterns:redis.cluster.command,own_compatibility_surface_only,FPR-P2,not_cluster_query
redis,redis.replication.replicaof,cluster.replication.consume_cluster_event,sblr.replication.consumer.v3:cluster.replication.consume_cluster_event,compile_flag_disabled_returns_functionality_unsupported;public_stub_enabled_returns_functionality_unlicensed;private_provider_required_for_execution,project/src/parsers/compatibility/redis/redis_dialect.cpp#kPatterns:redis.replication.replicaof,own_compatibility_surface_only,FPR-P2,not_cluster_query
redis,redis.replication.slaveof,cluster.replication.consume_cluster_event,sblr.replication.consumer.v3:cluster.replication.consume_cluster_event,compile_flag_disabled_returns_functionality_unsupported;public_stub_enabled_returns_functionality_unlicensed;private_provider_required_for_execution,project/src/parsers/compatibility/redis/redis_dialect.cpp#kPatterns:redis.replication.slaveof,own_compatibility_surface_only,FPR-P2,not_cluster_query
redis,catalog_overlay_surface:cluster,cluster.job.start_controlled,sblr.cluster.control.v3:cluster.job.start_controlled,compile_flag_disabled_returns_functionality_unsupported;public_stub_enabled_returns_functionality_unlicensed;private_provider_required_for_execution,project/src/parsers/compatibility/redis/redis_dialect.cpp#kCatalogSurfaces:cluster,own_compatibility_surface_only,FPR-P2,not_cluster_query
tidb,tidb.placement.split_table,cluster.security.validate_policy_version,required_new:sblr.cluster.security.v1:cluster.security.validate_policy_version,compile_flag_disabled_returns_functionality_unsupported;public_stub_enabled_returns_functionality_unlicensed;private_provider_required_for_execution,project/src/parsers/compatibility/tidb/tidb_dialect.cpp#kPatterns:tidb.placement.split_table,own_compatibility_surface_only,FPR-P2,not_cluster_query
tidb,tidb.placement.policy.create,cluster.security.validate_policy_version,required_new:sblr.cluster.security.v1:cluster.security.validate_policy_version,compile_flag_disabled_returns_functionality_unsupported;public_stub_enabled_returns_functionality_unlicensed;private_provider_required_for_execution,project/src/parsers/compatibility/tidb/tidb_dialect.cpp#kPatterns:tidb.placement.policy.create,own_compatibility_surface_only,FPR-P2,not_cluster_query
tidb,tidb.placement.policy.alter,cluster.security.validate_policy_version,required_new:sblr.cluster.security.v1:cluster.security.validate_policy_version,compile_flag_disabled_returns_functionality_unsupported;public_stub_enabled_returns_functionality_unlicensed;private_provider_required_for_execution,project/src/parsers/compatibility/tidb/tidb_dialect.cpp#kPatterns:tidb.placement.policy.alter,own_compatibility_surface_only,FPR-P2,not_cluster_query
tidb,tidb.placement.policy.drop,cluster.security.validate_policy_version,required_new:sblr.cluster.security.v1:cluster.security.validate_policy_version,compile_flag_disabled_returns_functionality_unsupported;public_stub_enabled_returns_functionality_unlicensed;private_provider_required_for_execution,project/src/parsers/compatibility/tidb/tidb_dialect.cpp#kPatterns:tidb.placement.policy.drop,own_compatibility_surface_only,FPR-P2,not_cluster_query
tidb,catalog_overlay_surface:cluster_info,cluster.job.start_controlled,sblr.cluster.control.v3:cluster.job.start_controlled,compile_flag_disabled_returns_functionality_unsupported;public_stub_enabled_returns_functionality_unlicensed;private_provider_required_for_execution,project/src/parsers/compatibility/tidb/tidb_dialect.cpp#kCatalogSurfaces:cluster_info,own_compatibility_surface_only,FPR-P2,not_cluster_query
tikv,tikv.admin.split_region,cluster.placement.place_object,sblr.cluster.control.v3:cluster.placement.place_object,compile_flag_disabled_returns_functionality_unsupported;public_stub_enabled_returns_functionality_unlicensed;private_provider_required_for_execution,project/src/parsers/compatibility/tikv/tikv_dialect.cpp#kPatterns:tikv.admin.split_region,own_compatibility_surface_only,FPR-P2,not_cluster_query
tikv,tikv.admin.merge_region,cluster.reconcile.apply_merge_policy,required_new:sblr.cluster.reconciliation.v1:cluster.reconcile.apply_merge_policy,compile_flag_disabled_returns_functionality_unsupported;public_stub_enabled_returns_functionality_unlicensed;private_provider_required_for_execution,project/src/parsers/compatibility/tikv/tikv_dialect.cpp#kPatterns:tikv.admin.merge_region,own_compatibility_surface_only,FPR-P2,not_cluster_query
tikv,tikv.admin.transfer_leader,cluster.node.set_role,sblr.cluster.control.v3:cluster.node.set_role,compile_flag_disabled_returns_functionality_unsupported;public_stub_enabled_returns_functionality_unlicensed;private_provider_required_for_execution,project/src/parsers/compatibility/tikv/tikv_dialect.cpp#kPatterns:tikv.admin.transfer_leader,own_compatibility_surface_only,FPR-P2,not_cluster_query
tikv,tikv.admin.change_peer,cluster.job.start_controlled,sblr.cluster.control.v3:cluster.job.start_controlled,compile_flag_disabled_returns_functionality_unsupported;public_stub_enabled_returns_functionality_unlicensed;private_provider_required_for_execution,project/src/parsers/compatibility/tikv/tikv_dialect.cpp#kPatterns:tikv.admin.change_peer,own_compatibility_surface_only,FPR-P2,not_cluster_query
tikv,tikv.admin.pd_request,cluster.job.start_controlled,sblr.cluster.control.v3:cluster.job.start_controlled,compile_flag_disabled_returns_functionality_unsupported;public_stub_enabled_returns_functionality_unlicensed;private_provider_required_for_execution,project/src/parsers/compatibility/tikv/tikv_dialect.cpp#kPatterns:tikv.admin.pd_request,own_compatibility_surface_only,FPR-P2,not_cluster_query
tikv,builtin_function_surface:cluster,cluster.job.start_controlled,sblr.cluster.control.v3:cluster.job.start_controlled,compile_flag_disabled_returns_functionality_unsupported;public_stub_enabled_returns_functionality_unlicensed;private_provider_required_for_execution,project/src/parsers/compatibility/tikv/tikv_dialect.cpp#kBuiltinSurfaces:cluster,own_compatibility_surface_only,FPR-P2,not_cluster_query
vitess,vitess.topology.reparent,cluster.job.start_controlled,sblr.cluster.control.v3:cluster.job.start_controlled,compile_flag_disabled_returns_functionality_unsupported;public_stub_enabled_returns_functionality_unlicensed;private_provider_required_for_execution,project/src/parsers/compatibility/vitess/vitess_dialect.cpp#kPatterns:vitess.topology.reparent,own_compatibility_surface_only,FPR-P2,not_cluster_query
vitess,vitess.topology.command,cluster.job.start_controlled,sblr.cluster.control.v3:cluster.job.start_controlled,compile_flag_disabled_returns_functionality_unsupported;public_stub_enabled_returns_functionality_unlicensed;private_provider_required_for_execution,project/src/parsers/compatibility/vitess/vitess_dialect.cpp#kPatterns:vitess.topology.command,own_compatibility_surface_only,FPR-P2,not_cluster_query
vitess,vitess.vreplication.move_tables,cluster.replication.consume_cluster_event,sblr.replication.consumer.v3:cluster.replication.consume_cluster_event,compile_flag_disabled_returns_functionality_unsupported;public_stub_enabled_returns_functionality_unlicensed;private_provider_required_for_execution,project/src/parsers/compatibility/vitess/vitess_dialect.cpp#kPatterns:vitess.vreplication.move_tables,own_compatibility_surface_only,FPR-P2,not_cluster_query
vitess,vitess.vreplication.reshard,cluster.replication.consume_cluster_event,sblr.replication.consumer.v3:cluster.replication.consume_cluster_event,compile_flag_disabled_returns_functionality_unsupported;public_stub_enabled_returns_functionality_unlicensed;private_provider_required_for_execution,project/src/parsers/compatibility/vitess/vitess_dialect.cpp#kPatterns:vitess.vreplication.reshard,own_compatibility_surface_only,FPR-P2,not_cluster_query
vitess,vitess.vreplication.vdiff,cluster.replication.consume_cluster_event,sblr.replication.consumer.v3:cluster.replication.consume_cluster_event,compile_flag_disabled_returns_functionality_unsupported;public_stub_enabled_returns_functionality_unlicensed;private_provider_required_for_execution,project/src/parsers/compatibility/vitess/vitess_dialect.cpp#kPatterns:vitess.vreplication.vdiff,own_compatibility_surface_only,FPR-P2,not_cluster_query
vitess,catalog_overlay_surface:vreplication,cluster.replication.consume_cluster_event,sblr.replication.consumer.v3:cluster.replication.consume_cluster_event,compile_flag_disabled_returns_functionality_unsupported;public_stub_enabled_returns_functionality_unlicensed;private_provider_required_for_execution,project/src/parsers/compatibility/vitess/vitess_dialect.cpp#kCatalogSurfaces:vreplication,own_compatibility_surface_only,FPR-P2,not_cluster_query
vitess,diagnostic_surface:topology,cluster.metrics.snapshot,sblr.cluster.report.v3:cluster.metrics.snapshot,compile_flag_disabled_returns_functionality_unsupported;public_stub_enabled_returns_functionality_unlicensed;private_provider_required_for_execution,project/src/parsers/compatibility/vitess/vitess_dialect.cpp#kDiagnosticSurfaces:topology,own_compatibility_surface_only,FPR-P2,not_cluster_query
vitess,diagnostic_surface:vreplication,cluster.metrics.snapshot,sblr.cluster.report.v3:cluster.metrics.snapshot,compile_flag_disabled_returns_functionality_unsupported;public_stub_enabled_returns_functionality_unlicensed;private_provider_required_for_execution,project/src/parsers/compatibility/vitess/vitess_dialect.cpp#kDiagnosticSurfaces:vreplication,own_compatibility_surface_only,FPR-P2,not_cluster_query
xtdb,xtdb.cluster.control,cluster.job.start_controlled,sblr.cluster.control.v3:cluster.job.start_controlled,compile_flag_disabled_returns_functionality_unsupported;public_stub_enabled_returns_functionality_unlicensed;private_provider_required_for_execution,project/src/parsers/compatibility/xtdb/xtdb_dialect.cpp#kPatterns:xtdb.cluster.control,own_compatibility_surface_only,FPR-P2,not_cluster_query
xtdb,xtdb.node.control,cluster.node.admit_member,sblr.cluster.control.v3:cluster.node.admit_member,compile_flag_disabled_returns_functionality_unsupported;public_stub_enabled_returns_functionality_unlicensed;private_provider_required_for_execution,project/src/parsers/compatibility/xtdb/xtdb_dialect.cpp#kPatterns:xtdb.node.control,own_compatibility_surface_only,FPR-P2,not_cluster_query
xtdb,builtin_function_surface:cluster,cluster.job.start_controlled,sblr.cluster.control.v3:cluster.job.start_controlled,compile_flag_disabled_returns_functionality_unsupported;public_stub_enabled_returns_functionality_unlicensed;private_provider_required_for_execution,project/src/parsers/compatibility/xtdb/xtdb_dialect.cpp#kBuiltinSurfaces:cluster,own_compatibility_surface_only,FPR-P2,not_cluster_query
yugabytedb,builtin_function_surface:cdc,cluster.metrics.emit_event,sblr.cluster.report.v3:cluster.metrics.emit_event,compile_flag_disabled_returns_functionality_unsupported;public_stub_enabled_returns_functionality_unlicensed;private_provider_required_for_execution,project/src/parsers/compatibility/yugabytedb/yugabytedb_dialect.cpp#kBuiltinSurfaces:cdc,own_compatibility_surface_only,FPR-P2,not_cluster_query
yugabytedb,catalog_overlay_surface:xcluster,cluster.job.start_controlled,sblr.cluster.control.v3:cluster.job.start_controlled,compile_flag_disabled_returns_functionality_unsupported;public_stub_enabled_returns_functionality_unlicensed;private_provider_required_for_execution,project/src/parsers/compatibility/yugabytedb/yugabytedb_dialect.cpp#kCatalogSurfaces:xcluster,own_compatibility_surface_only,FPR-P2,not_cluster_query
apache_ignite,udr_management_operation_set,cluster.replication.consume_cluster_event,sblr.replication.consumer.v3:cluster.replication.consume_cluster_event,compile_flag_disabled_returns_functionality_unsupported;public_stub_enabled_returns_functionality_unlicensed;private_provider_required_for_execution,project/src/udr/sbu_apache_ignite_parser_support/sbu_apache_ignite_parser_support.cpp#kManagementOperations,own_compatibility_surface_only,FPR-P2,not_cluster_query
cassandra,udr_management_operation_set,cluster.replication.consume_cluster_event,sblr.replication.consumer.v3:cluster.replication.consume_cluster_event,compile_flag_disabled_returns_functionality_unsupported;public_stub_enabled_returns_functionality_unlicensed;private_provider_required_for_execution,project/src/udr/sbu_cassandra_parser_support/sbu_cassandra_parser_support.cpp#kManagementOperations,own_compatibility_surface_only,FPR-P2,not_cluster_query
clickhouse,udr_management_operation_set,cluster.replication.consume_cluster_event,sblr.replication.consumer.v3:cluster.replication.consume_cluster_event,compile_flag_disabled_returns_functionality_unsupported;public_stub_enabled_returns_functionality_unlicensed;private_provider_required_for_execution,project/src/udr/sbu_clickhouse_parser_support/sbu_clickhouse_parser_support.cpp#kManagementOperations,own_compatibility_surface_only,FPR-P2,not_cluster_query
cockroachdb,udr_management_operation_set,cluster.replication.consume_cluster_event,sblr.replication.consumer.v3:cluster.replication.consume_cluster_event,compile_flag_disabled_returns_functionality_unsupported;public_stub_enabled_returns_functionality_unlicensed;private_provider_required_for_execution,project/src/udr/sbu_cockroachdb_parser_support/sbu_cockroachdb_parser_support.cpp#kManagementOperations,own_compatibility_surface_only,FPR-P2,not_cluster_query
dolt,udr_management_operation_set,cluster.replication.consume_cluster_event,sblr.replication.consumer.v3:cluster.replication.consume_cluster_event,compile_flag_disabled_returns_functionality_unsupported;public_stub_enabled_returns_functionality_unlicensed;private_provider_required_for_execution,project/src/udr/sbu_dolt_parser_support/sbu_dolt_parser_support.cpp#kManagementOperations,own_compatibility_surface_only,FPR-P2,not_cluster_query
duckdb,udr_management_operation_set,cluster.replication.consume_cluster_event,sblr.replication.consumer.v3:cluster.replication.consume_cluster_event,compile_flag_disabled_returns_functionality_unsupported;public_stub_enabled_returns_functionality_unlicensed;private_provider_required_for_execution,project/src/udr/sbu_duckdb_parser_support/sbu_duckdb_parser_support.cpp#kManagementOperations,own_compatibility_surface_only,FPR-P2,not_cluster_query
firebird,udr_management_operation_set,cluster.replication.consume_cluster_event,sblr.replication.consumer.v3:cluster.replication.consume_cluster_event,compile_flag_disabled_returns_functionality_unsupported;public_stub_enabled_returns_functionality_unlicensed;private_provider_required_for_execution,project/src/udr/sbu_firebird_parser_support/sbu_firebird_parser_support.cpp#kManagementOperations,own_compatibility_surface_only,FPR-P2,not_cluster_query
foundationdb,udr_management_operation_set,cluster.replication.consume_cluster_event,sblr.replication.consumer.v3:cluster.replication.consume_cluster_event,compile_flag_disabled_returns_functionality_unsupported;public_stub_enabled_returns_functionality_unlicensed;private_provider_required_for_execution,project/src/udr/sbu_foundationdb_parser_support/sbu_foundationdb_parser_support.cpp#kManagementOperations,own_compatibility_surface_only,FPR-P2,not_cluster_query
immudb,udr_management_operation_set,cluster.replication.consume_cluster_event,sblr.replication.consumer.v3:cluster.replication.consume_cluster_event,compile_flag_disabled_returns_functionality_unsupported;public_stub_enabled_returns_functionality_unlicensed;private_provider_required_for_execution,project/src/udr/sbu_immudb_parser_support/sbu_immudb_parser_support.cpp#kManagementOperations,own_compatibility_surface_only,FPR-P2,not_cluster_query
influxdb,udr_management_operation_set,cluster.replication.consume_cluster_event,sblr.replication.consumer.v3:cluster.replication.consume_cluster_event,compile_flag_disabled_returns_functionality_unsupported;public_stub_enabled_returns_functionality_unlicensed;private_provider_required_for_execution,project/src/udr/sbu_influxdb_parser_support/sbu_influxdb_parser_support.cpp#kManagementOperations,own_compatibility_surface_only,FPR-P2,not_cluster_query
mariadb,udr_management_operation_set,cluster.replication.consume_cluster_event,sblr.replication.consumer.v3:cluster.replication.consume_cluster_event,compile_flag_disabled_returns_functionality_unsupported;public_stub_enabled_returns_functionality_unlicensed;private_provider_required_for_execution,project/src/udr/sbu_mariadb_parser_support/sbu_mariadb_parser_support.cpp#kManagementOperations,own_compatibility_surface_only,FPR-P2,not_cluster_query
milvus,udr_management_operation_set,cluster.replication.consume_cluster_event,sblr.replication.consumer.v3:cluster.replication.consume_cluster_event,compile_flag_disabled_returns_functionality_unsupported;public_stub_enabled_returns_functionality_unlicensed;private_provider_required_for_execution,project/src/udr/sbu_milvus_parser_support/sbu_milvus_parser_support.cpp#kManagementOperations,own_compatibility_surface_only,FPR-P2,not_cluster_query
mongodb,udr_management_operation_set,cluster.replication.consume_cluster_event,sblr.replication.consumer.v3:cluster.replication.consume_cluster_event,compile_flag_disabled_returns_functionality_unsupported;public_stub_enabled_returns_functionality_unlicensed;private_provider_required_for_execution,project/src/udr/sbu_mongodb_parser_support/sbu_mongodb_parser_support.cpp#kManagementOperations,own_compatibility_surface_only,FPR-P2,not_cluster_query
mysql,udr_management_operation_set,cluster.replication.consume_cluster_event,sblr.replication.consumer.v3:cluster.replication.consume_cluster_event,compile_flag_disabled_returns_functionality_unsupported;public_stub_enabled_returns_functionality_unlicensed;private_provider_required_for_execution,project/src/udr/sbu_mysql_parser_support/sbu_mysql_parser_support.cpp#kManagementOperations,own_compatibility_surface_only,FPR-P2,not_cluster_query
neo4j,udr_management_operation_set,cluster.replication.consume_cluster_event,sblr.replication.consumer.v3:cluster.replication.consume_cluster_event,compile_flag_disabled_returns_functionality_unsupported;public_stub_enabled_returns_functionality_unlicensed;private_provider_required_for_execution,project/src/udr/sbu_neo4j_parser_support/sbu_neo4j_parser_support.cpp#kManagementOperations,own_compatibility_surface_only,FPR-P2,not_cluster_query
opensearch,udr_management_operation_set,cluster.replication.consume_cluster_event,sblr.replication.consumer.v3:cluster.replication.consume_cluster_event,compile_flag_disabled_returns_functionality_unsupported;public_stub_enabled_returns_functionality_unlicensed;private_provider_required_for_execution,project/src/udr/sbu_opensearch_parser_support/sbu_opensearch_parser_support.cpp#kManagementOperations,own_compatibility_surface_only,FPR-P2,not_cluster_query
opensearch,udr_management_operation_set,cluster.replication.consume_cluster_event,sblr.replication.consumer.v3:cluster.replication.consume_cluster_event,compile_flag_disabled_returns_functionality_unsupported;public_stub_enabled_returns_functionality_unlicensed;private_provider_required_for_execution,project/src/udr/sbu_opensearch_sql_ppl_parser_support/sbu_opensearch_sql_ppl_parser_support.cpp#kManagementOperations,own_compatibility_surface_only,FPR-P2,not_cluster_query
postgresql,udr_management_operation_set,cluster.replication.consume_cluster_event,sblr.replication.consumer.v3:cluster.replication.consume_cluster_event,compile_flag_disabled_returns_functionality_unsupported;public_stub_enabled_returns_functionality_unlicensed;private_provider_required_for_execution,project/src/udr/sbu_postgresql_parser_support/sbu_postgresql_parser_support.cpp#kManagementOperations,own_compatibility_surface_only,FPR-P2,not_cluster_query
redis,udr_management_operation_set,cluster.replication.consume_cluster_event,sblr.replication.consumer.v3:cluster.replication.consume_cluster_event,compile_flag_disabled_returns_functionality_unsupported;public_stub_enabled_returns_functionality_unlicensed;private_provider_required_for_execution,project/src/udr/sbu_redis_parser_support/sbu_redis_parser_support.cpp#kManagementOperations,own_compatibility_surface_only,FPR-P2,not_cluster_query
sqlite,udr_management_operation_set,cluster.replication.consume_cluster_event,sblr.replication.consumer.v3:cluster.replication.consume_cluster_event,compile_flag_disabled_returns_functionality_unsupported;public_stub_enabled_returns_functionality_unlicensed;private_provider_required_for_execution,project/src/udr/sbu_sqlite_parser_support/sbu_sqlite_parser_support.cpp#kManagementOperations,own_compatibility_surface_only,FPR-P2,not_cluster_query
tidb,udr_management_operation_set,cluster.replication.consume_cluster_event,sblr.replication.consumer.v3:cluster.replication.consume_cluster_event,compile_flag_disabled_returns_functionality_unsupported;public_stub_enabled_returns_functionality_unlicensed;private_provider_required_for_execution,project/src/udr/sbu_tidb_parser_support/sbu_tidb_parser_support.cpp#kManagementOperations,own_compatibility_surface_only,FPR-P2,not_cluster_query
tikv,udr_management_operation_set,cluster.replication.consume_cluster_event,sblr.replication.consumer.v3:cluster.replication.consume_cluster_event,compile_flag_disabled_returns_functionality_unsupported;public_stub_enabled_returns_functionality_unlicensed;private_provider_required_for_execution,project/src/udr/sbu_tikv_parser_support/sbu_tikv_parser_support.cpp#kManagementOperations,own_compatibility_surface_only,FPR-P2,not_cluster_query
vitess,udr_management_operation_set,cluster.replication.consume_cluster_event,sblr.replication.consumer.v3:cluster.replication.consume_cluster_event,compile_flag_disabled_returns_functionality_unsupported;public_stub_enabled_returns_functionality_unlicensed;private_provider_required_for_execution,project/src/udr/sbu_vitess_parser_support/sbu_vitess_parser_support.cpp#kManagementOperations,own_compatibility_surface_only,FPR-P2,not_cluster_query
xtdb,udr_management_operation_set,cluster.replication.consume_cluster_event,sblr.replication.consumer.v3:cluster.replication.consume_cluster_event,compile_flag_disabled_returns_functionality_unsupported;public_stub_enabled_returns_functionality_unlicensed;private_provider_required_for_execution,project/src/udr/sbu_xtdb_parser_support/sbu_xtdb_parser_support.cpp#kManagementOperations,own_compatibility_surface_only,FPR-P2,not_cluster_query
yugabytedb,udr_management_operation_set,cluster.replication.consume_cluster_event,sblr.replication.consumer.v3:cluster.replication.consume_cluster_event,compile_flag_disabled_returns_functionality_unsupported;public_stub_enabled_returns_functionality_unlicensed;private_provider_required_for_execution,project/src/udr/sbu_yugabytedb_parser_support/sbu_yugabytedb_parser_support.cpp#kManagementOperations,own_compatibility_surface_only,FPR-P2,not_cluster_query
apache_ignite,reference_surface:cluster_topology_or_control,cluster.job.start_controlled,sblr.cluster.control.v3:cluster.job.start_controlled,compile_flag_disabled_returns_functionality_unsupported;public_stub_enabled_returns_functionality_unlicensed;private_provider_required_for_execution,docs/reference/compatibility-engines/apache_ignite/capability-summary.md#keyword:cluster,own_compatibility_surface_only,FPR-P2,not_cluster_query
apache_ignite,reference_surface:partition_distribution,cluster.placement.validate_partition_distribution,required_new:sblr.cluster.placement.v1:cluster.placement.validate_partition_distribution,compile_flag_disabled_returns_functionality_unsupported;public_stub_enabled_returns_functionality_unlicensed;private_provider_required_for_execution,docs/reference/compatibility-engines/apache_ignite/capability-summary.md#keyword:partition,own_compatibility_surface_only,FPR-P2,not_cluster_query
apache_ignite,reference_surface:cdc_stream,cluster.metrics.emit_event,sblr.cluster.report.v3:cluster.metrics.emit_event,compile_flag_disabled_returns_functionality_unsupported;public_stub_enabled_returns_functionality_unlicensed;private_provider_required_for_execution,docs/reference/compatibility_catalog_seeds/apache_ignite/apache_ignite_beta2_full_seed_manifest.yaml#keyword:cdc,own_compatibility_surface_only,FPR-P2,not_cluster_query
apache_ignite,reference_surface:distributed_execution_or_control,cluster.query.plan_distributed,required_new:sblr.cluster.query.v1:cluster.query.plan_distributed,compile_flag_disabled_returns_functionality_unsupported;public_stub_enabled_returns_functionality_unlicensed;private_provider_required_for_execution,docs/reference/compatibility_release_acquisition/apache_ignite/2.17.0/release-notes/RELEASE_NOTES_SOURCE.md#keyword:distributed,own_compatibility_surface_only,FPR-P2,cross_node_distributed_cluster_authority_not_local_query
apache_ignite,reference_surface:raft_consensus,cluster.tx.validate_finality_proof,required_new:sblr.cluster.transaction.v1:cluster.tx.validate_finality_proof,compile_flag_disabled_returns_functionality_unsupported;public_stub_enabled_returns_functionality_unlicensed;private_provider_required_for_execution,docs/reference/compatibility_release_acquisition/apache_ignite/2.17.0/source/README.txt#keyword:raft,own_compatibility_surface_only,FPR-P2,not_cluster_query
apache_ignite,reference_surface:replication_control,cluster.replication.consume_cluster_event,sblr.replication.consumer.v3:cluster.replication.consume_cluster_event,compile_flag_disabled_returns_functionality_unsupported;public_stub_enabled_returns_functionality_unlicensed;private_provider_required_for_execution,docs/reference/compatibility_release_acquisition/apache_ignite/2.17.0/source/RELEASE_NOTES.txt#keyword:replication,own_compatibility_surface_only,FPR-P2,not_cluster_query
apache_ignite,reference_surface:range_placement,cluster.placement.assign_tablet_range,required_new:sblr.cluster.placement.v1:cluster.placement.assign_tablet_range,compile_flag_disabled_returns_functionality_unsupported;public_stub_enabled_returns_functionality_unlicensed;private_provider_required_for_execution,docs/reference/compatibility_release_acquisition/apache_ignite/2.17.0/source/RELEASE_NOTES.txt#keyword:range,own_compatibility_surface_only,FPR-P2,not_cluster_query
apache_ignite,reference_surface:placement_policy,cluster.security.validate_policy_version,required_new:sblr.cluster.security.v1:cluster.security.validate_policy_version,compile_flag_disabled_returns_functionality_unsupported;public_stub_enabled_returns_functionality_unlicensed;private_provider_required_for_execution,docs/reference/compatibility_release_acquisition/apache_ignite/2.17.0/source/RELEASE_NOTES.txt#keyword:placement,own_compatibility_surface_only,FPR-P2,not_cluster_query
apache_ignite,reference_surface:failover_control,cluster.node.admit_member,sblr.cluster.control.v3:cluster.node.admit_member,compile_flag_disabled_returns_functionality_unsupported;public_stub_enabled_returns_functionality_unlicensed;private_provider_required_for_execution,docs/reference/compatibility_release_acquisition/apache_ignite/2.17.0/source/RELEASE_NOTES.txt#keyword:failover,own_compatibility_surface_only,FPR-P2,not_cluster_query
apache_ignite,reference_surface:replica_control,cluster.tx.begin_distributed,required_new:sblr.cluster.transaction.v1:cluster.tx.begin_distributed,compile_flag_disabled_returns_functionality_unsupported;public_stub_enabled_returns_functionality_unlicensed;private_provider_required_for_execution,docs/reference/compatibility_release_acquisition/apache_ignite/2.17.0/source/RELEASE_NOTES.txt#keyword:replica,own_compatibility_surface_only,FPR-P2,not_cluster_query
apache_ignite,reference_surface:leader_election,cluster.node.set_role,sblr.cluster.control.v3:cluster.node.set_role,compile_flag_disabled_returns_functionality_unsupported;public_stub_enabled_returns_functionality_unlicensed;private_provider_required_for_execution,docs/reference/compatibility_release_acquisition/apache_ignite/2.17.0/source/examples/src/main/java/org/apache/ignite/examples/streaming/wordcount/alice-in-wonderland.txt#keyword:leader,own_compatibility_surface_only,FPR-P2,not_cluster_query
cassandra,reference_surface:cluster_topology_or_control,cluster.job.start_controlled,sblr.cluster.control.v3:cluster.job.start_controlled,compile_flag_disabled_returns_functionality_unsupported;public_stub_enabled_returns_functionality_unlicensed;private_provider_required_for_execution,docs/reference/compatibility_catalog_seeds/cassandra/cassandra_5_beta2_full_seed_manifest.yaml#keyword:cluster,own_compatibility_surface_only,FPR-P2,not_cluster_query
cassandra,reference_surface:replication_control,cluster.replication.consume_cluster_event,sblr.replication.consumer.v3:cluster.replication.consume_cluster_event,compile_flag_disabled_returns_functionality_unsupported;public_stub_enabled_returns_functionality_unlicensed;private_provider_required_for_execution,docs/reference/compatibility_catalog_seeds/cassandra/cassandra_5_beta2_full_seed_manifest.yaml#keyword:replication,own_compatibility_surface_only,FPR-P2,not_cluster_query
cassandra,reference_surface:cdc_stream,cluster.metrics.emit_event,sblr.cluster.report.v3:cluster.metrics.emit_event,compile_flag_disabled_returns_functionality_unsupported;public_stub_enabled_returns_functionality_unlicensed;private_provider_required_for_execution,docs/reference/compatibility_catalog_seeds/cassandra/cassandra_5_beta2_full_seed_manifest.yaml#keyword:cdc,own_compatibility_surface_only,FPR-P2,not_cluster_query
cassandra,reference_surface:placement_policy,cluster.security.validate_policy_version,required_new:sblr.cluster.security.v1:cluster.security.validate_policy_version,compile_flag_disabled_returns_functionality_unsupported;public_stub_enabled_returns_functionality_unlicensed;private_provider_required_for_execution,docs/reference/compatibility_catalog_seeds/cassandra/cassandra_5_beta2_full_seed_manifest.yaml#keyword:placement,own_compatibility_surface_only,FPR-P2,not_cluster_query
cassandra,reference_surface:replica_control,cluster.tx.begin_distributed,required_new:sblr.cluster.transaction.v1:cluster.tx.begin_distributed,compile_flag_disabled_returns_functionality_unsupported;public_stub_enabled_returns_functionality_unlicensed;private_provider_required_for_execution,docs/reference/compatibility_catalog_seeds/cassandra/cassandra_5_beta2_full_seed_manifest.yaml#keyword:replica,own_compatibility_surface_only,FPR-P2,not_cluster_query
cassandra,reference_surface:distributed_execution_or_control,cluster.query.plan_distributed,required_new:sblr.cluster.query.v1:cluster.query.plan_distributed,compile_flag_disabled_returns_functionality_unsupported;public_stub_enabled_returns_functionality_unlicensed;private_provider_required_for_execution,docs/reference/compatibility_release_acquisition/cassandra/5.0.8/license/LICENSE_SOURCE.txt#keyword:distributed,own_compatibility_surface_only,FPR-P2,cross_node_distributed_cluster_authority_not_local_query
cassandra,reference_surface:shard_placement,cluster.placement.assign_tablet_range,required_new:sblr.cluster.placement.v1:cluster.placement.assign_tablet_range,compile_flag_disabled_returns_functionality_unsupported;public_stub_enabled_returns_functionality_unlicensed;private_provider_required_for_execution,docs/reference/compatibility_release_acquisition/cassandra/5.0.8/release-notes/RELEASE_NOTES_SOURCE.txt#keyword:shard,own_compatibility_surface_only,FPR-P2,not_cluster_query
cassandra,reference_surface:range_placement,cluster.placement.assign_tablet_range,required_new:sblr.cluster.placement.v1:cluster.placement.assign_tablet_range,compile_flag_disabled_returns_functionality_unsupported;public_stub_enabled_returns_functionality_unlicensed;private_provider_required_for_execution,docs/reference/compatibility_release_acquisition/cassandra/5.0.8/release-notes/RELEASE_NOTES_SOURCE.txt#keyword:range,own_compatibility_surface_only,FPR-P2,not_cluster_query
cassandra,reference_surface:tablet_placement,cluster.placement.assign_tablet_range,required_new:sblr.cluster.placement.v1:cluster.placement.assign_tablet_range,compile_flag_disabled_returns_functionality_unsupported;public_stub_enabled_returns_functionality_unlicensed;private_provider_required_for_execution,docs/reference/compatibility_release_acquisition/cassandra/5.0.8/release-notes/RELEASE_NOTES_SOURCE.txt#keyword:tablet,own_compatibility_surface_only,FPR-P2,not_cluster_query
cassandra,reference_surface:partition_distribution,cluster.placement.validate_partition_distribution,required_new:sblr.cluster.placement.v1:cluster.placement.validate_partition_distribution,compile_flag_disabled_returns_functionality_unsupported;public_stub_enabled_returns_functionality_unlicensed;private_provider_required_for_execution,docs/reference/compatibility_release_acquisition/cassandra/5.0.8/release-notes/RELEASE_NOTES_SOURCE.txt#keyword:partition,own_compatibility_surface_only,FPR-P2,not_cluster_query
cassandra,reference_surface:leader_election,cluster.node.set_role,sblr.cluster.control.v3:cluster.node.set_role,compile_flag_disabled_returns_functionality_unsupported;public_stub_enabled_returns_functionality_unlicensed;private_provider_required_for_execution,docs/reference/compatibility_release_acquisition/cassandra/5.0.8/source/CHANGES.txt#keyword:leader,own_compatibility_surface_only,FPR-P2,not_cluster_query
cassandra,reference_surface:raft_consensus,cluster.tx.validate_finality_proof,required_new:sblr.cluster.transaction.v1:cluster.tx.validate_finality_proof,compile_flag_disabled_returns_functionality_unsupported;public_stub_enabled_returns_functionality_unlicensed;private_provider_required_for_execution,docs/reference/compatibility_release_acquisition/cassandra/5.0.8/source/test/resources/glove.3K.50d.txt#keyword:raft,own_compatibility_surface_only,FPR-P2,not_cluster_query
cassandra,reference_surface:changefeed_stream,cluster.metrics.emit_event,sblr.cluster.report.v3:cluster.metrics.emit_event,compile_flag_disabled_returns_functionality_unsupported;public_stub_enabled_returns_functionality_unlicensed;private_provider_required_for_execution,docs/specifications/chapters/compatibilitys/cassandra/appendix-compatibility-cassandra-exact-extraction-slice-1-release-surface-catalog-api-and-conformance-inventory-profile.md#keyword:changefeed,own_compatibility_surface_only,FPR-P2,not_cluster_query
cassandra,reference_surface:failover_control,cluster.node.admit_member,sblr.cluster.control.v3:cluster.node.admit_member,compile_flag_disabled_returns_functionality_unsupported;public_stub_enabled_returns_functionality_unlicensed;private_provider_required_for_execution,docs/specifications/chapters/compatibilitys/cassandra/appendix-compatibility-cassandra-exact-extraction-slice-6-consistency-replication-migration-compaction-and-optimizer-profile.md#keyword:failover,own_compatibility_surface_only,FPR-P2,not_cluster_query
clickhouse,reference_surface:cluster_topology_or_control,cluster.job.start_controlled,sblr.cluster.control.v3:cluster.job.start_controlled,compile_flag_disabled_returns_functionality_unsupported;public_stub_enabled_returns_functionality_unlicensed;private_provider_required_for_execution,docs/reference/compatibility_catalog_seeds/clickhouse/clickhouse_25_beta2_full_seed_manifest.yaml#keyword:cluster,own_compatibility_surface_only,FPR-P2,not_cluster_query
clickhouse,reference_surface:replication_control,cluster.replication.consume_cluster_event,sblr.replication.consumer.v3:cluster.replication.consume_cluster_event,compile_flag_disabled_returns_functionality_unsupported;public_stub_enabled_returns_functionality_unlicensed;private_provider_required_for_execution,docs/reference/compatibility_catalog_seeds/clickhouse/clickhouse_25_beta2_full_seed_manifest.yaml#keyword:replication,own_compatibility_surface_only,FPR-P2,not_cluster_query
clickhouse,reference_surface:cdc_stream,cluster.metrics.emit_event,sblr.cluster.report.v3:cluster.metrics.emit_event,compile_flag_disabled_returns_functionality_unsupported;public_stub_enabled_returns_functionality_unlicensed;private_provider_required_for_execution,docs/reference/compatibility_catalog_seeds/clickhouse/clickhouse_25_beta2_full_seed_manifest.yaml#keyword:cdc,own_compatibility_surface_only,FPR-P2,not_cluster_query
clickhouse,reference_surface:placement_policy,cluster.security.validate_policy_version,required_new:sblr.cluster.security.v1:cluster.security.validate_policy_version,compile_flag_disabled_returns_functionality_unsupported;public_stub_enabled_returns_functionality_unlicensed;private_provider_required_for_execution,docs/reference/compatibility_catalog_seeds/clickhouse/clickhouse_25_beta2_full_seed_manifest.yaml#keyword:placement,own_compatibility_surface_only,FPR-P2,not_cluster_query
clickhouse,reference_surface:replica_control,cluster.tx.begin_distributed,required_new:sblr.cluster.transaction.v1:cluster.tx.begin_distributed,compile_flag_disabled_returns_functionality_unsupported;public_stub_enabled_returns_functionality_unlicensed;private_provider_required_for_execution,docs/reference/compatibility_catalog_seeds/clickhouse/clickhouse_25_beta2_full_seed_manifest.yaml#keyword:replica,own_compatibility_surface_only,FPR-P2,not_cluster_query
clickhouse,reference_surface:distributed_execution_or_control,cluster.query.plan_distributed,required_new:sblr.cluster.query.v1:cluster.query.plan_distributed,compile_flag_disabled_returns_functionality_unsupported;public_stub_enabled_returns_functionality_unlicensed;private_provider_required_for_execution,docs/reference/compatibility_release_acquisition/clickhouse/25.12.10.7-stable/release-notes/RELEASE_NOTES_SOURCE.md#keyword:distributed,own_compatibility_surface_only,FPR-P2,cross_node_distributed_cluster_authority_not_local_query
clickhouse,reference_surface:raft_consensus,cluster.tx.validate_finality_proof,required_new:sblr.cluster.transaction.v1:cluster.tx.validate_finality_proof,compile_flag_disabled_returns_functionality_unsupported;public_stub_enabled_returns_functionality_unlicensed;private_provider_required_for_execution,docs/reference/compatibility_release_acquisition/clickhouse/25.12.10.7-stable/source/.github/copilot-instructions.md#keyword:raft,own_compatibility_surface_only,FPR-P2,not_cluster_query
clickhouse,reference_surface:shard_placement,cluster.placement.assign_tablet_range,required_new:sblr.cluster.placement.v1:cluster.placement.assign_tablet_range,compile_flag_disabled_returns_functionality_unsupported;public_stub_enabled_returns_functionality_unlicensed;private_provider_required_for_execution,docs/reference/compatibility_release_acquisition/clickhouse/25.12.10.7-stable/source/CHANGELOG.md#keyword:shard,own_compatibility_surface_only,FPR-P2,not_cluster_query
clickhouse,reference_surface:range_placement,cluster.placement.assign_tablet_range,required_new:sblr.cluster.placement.v1:cluster.placement.assign_tablet_range,compile_flag_disabled_returns_functionality_unsupported;public_stub_enabled_returns_functionality_unlicensed;private_provider_required_for_execution,docs/reference/compatibility_release_acquisition/clickhouse/25.12.10.7-stable/source/CHANGELOG.md#keyword:range,own_compatibility_surface_only,FPR-P2,not_cluster_query
clickhouse,reference_surface:failover_control,cluster.node.admit_member,sblr.cluster.control.v3:cluster.node.admit_member,compile_flag_disabled_returns_functionality_unsupported;public_stub_enabled_returns_functionality_unlicensed;private_provider_required_for_execution,docs/reference/compatibility_release_acquisition/clickhouse/25.12.10.7-stable/source/CHANGELOG.md#keyword:failover,own_compatibility_surface_only,FPR-P2,not_cluster_query
clickhouse,reference_surface:leader_election,cluster.node.set_role,sblr.cluster.control.v3:cluster.node.set_role,compile_flag_disabled_returns_functionality_unsupported;public_stub_enabled_returns_functionality_unlicensed;private_provider_required_for_execution,docs/reference/compatibility_release_acquisition/clickhouse/25.12.10.7-stable/source/CHANGELOG.md#keyword:leader,own_compatibility_surface_only,FPR-P2,not_cluster_query
clickhouse,reference_surface:partition_distribution,cluster.placement.validate_partition_distribution,required_new:sblr.cluster.placement.v1:cluster.placement.validate_partition_distribution,compile_flag_disabled_returns_functionality_unsupported;public_stub_enabled_returns_functionality_unlicensed;private_provider_required_for_execution,docs/reference/compatibility_release_acquisition/clickhouse/25.12.10.7-stable/source/CHANGELOG.md#keyword:partition,own_compatibility_surface_only,FPR-P2,not_cluster_query
clickhouse,reference_surface:tablet_placement,cluster.placement.assign_tablet_range,required_new:sblr.cluster.placement.v1:cluster.placement.assign_tablet_range,compile_flag_disabled_returns_functionality_unsupported;public_stub_enabled_returns_functionality_unlicensed;private_provider_required_for_execution,docs/reference/compatibility_release_acquisition/clickhouse/25.12.10.7-stable/source/docs/changelogs/archive/v23.6.1.1524-stable.md#keyword:tablet,own_compatibility_surface_only,FPR-P2,not_cluster_query
clickhouse,reference_surface:galera_cluster,cluster.reconcile.apply_merge_policy,required_new:sblr.cluster.reconciliation.v1:cluster.reconcile.apply_merge_policy,compile_flag_disabled_returns_functionality_unsupported;public_stub_enabled_returns_functionality_unlicensed;private_provider_required_for_execution,docs/reference/compatibility_release_acquisition/clickhouse/25.12.10.7-stable/source/tests/queries/0_stateless/data_json/ghdata_sample.json#keyword:galera,own_compatibility_surface_only,FPR-P2,not_cluster_query
cockroachdb,reference_surface:cluster_topology_or_control,cluster.job.start_controlled,sblr.cluster.control.v3:cluster.job.start_controlled,compile_flag_disabled_returns_functionality_unsupported;public_stub_enabled_returns_functionality_unlicensed;private_provider_required_for_execution,docs/reference/compatibility-engines/cockroachdb/capability-summary.md#keyword:cluster,own_compatibility_surface_only,FPR-P2,not_cluster_query
cockroachdb,reference_surface:distributed_execution_or_control,cluster.query.plan_distributed,required_new:sblr.cluster.query.v1:cluster.query.plan_distributed,compile_flag_disabled_returns_functionality_unsupported;public_stub_enabled_returns_functionality_unlicensed;private_provider_required_for_execution,docs/reference/compatibility-engines/cockroachdb/capability-summary.md#keyword:distributed,own_compatibility_surface_only,FPR-P2,cross_node_distributed_cluster_authority_not_local_query
cockroachdb,reference_surface:changefeed_stream,cluster.metrics.emit_event,sblr.cluster.report.v3:cluster.metrics.emit_event,compile_flag_disabled_returns_functionality_unsupported;public_stub_enabled_returns_functionality_unlicensed;private_provider_required_for_execution,docs/reference/compatibility-engines/cockroachdb/capability-summary.md#keyword:changefeed,own_compatibility_surface_only,FPR-P2,not_cluster_query
cockroachdb,reference_surface:range_placement,cluster.placement.assign_tablet_range,required_new:sblr.cluster.placement.v1:cluster.placement.assign_tablet_range,compile_flag_disabled_returns_functionality_unsupported;public_stub_enabled_returns_functionality_unlicensed;private_provider_required_for_execution,docs/reference/compatibility-engines/cockroachdb/capability-summary.md#keyword:range,own_compatibility_surface_only,FPR-P2,not_cluster_query
cockroachdb,reference_surface:shard_placement,cluster.placement.assign_tablet_range,required_new:sblr.cluster.placement.v1:cluster.placement.assign_tablet_range,compile_flag_disabled_returns_functionality_unsupported;public_stub_enabled_returns_functionality_unlicensed;private_provider_required_for_execution,docs/reference/compatibility-engines/cockroachdb/index-and-optimizer-summary.md#keyword:shard,own_compatibility_surface_only,FPR-P2,not_cluster_query
cockroachdb,reference_surface:placement_policy,cluster.security.validate_policy_version,required_new:sblr.cluster.security.v1:cluster.security.validate_policy_version,compile_flag_disabled_returns_functionality_unsupported;public_stub_enabled_returns_functionality_unlicensed;private_provider_required_for_execution,docs/reference/compatibility-engines/cockroachdb/transaction-and-cluster-summary.md#keyword:placement,own_compatibility_surface_only,FPR-P2,not_cluster_query
cockroachdb,reference_surface:replica_control,cluster.tx.begin_distributed,required_new:sblr.cluster.transaction.v1:cluster.tx.begin_distributed,compile_flag_disabled_returns_functionality_unsupported;public_stub_enabled_returns_functionality_unlicensed;private_provider_required_for_execution,docs/reference/compatibility-engines/cockroachdb/transaction-and-cluster-summary.md#keyword:replica,own_compatibility_surface_only,FPR-P2,not_cluster_query
cockroachdb,reference_surface:replication_control,cluster.replication.consume_cluster_event,sblr.replication.consumer.v3:cluster.replication.consume_cluster_event,compile_flag_disabled_returns_functionality_unsupported;public_stub_enabled_returns_functionality_unlicensed;private_provider_required_for_execution,docs/reference/compatibility_catalog_seeds/cockroachdb/cockroachdb_beta2_full_seed_manifest.yaml#keyword:replication,own_compatibility_surface_only,FPR-P2,not_cluster_query
cockroachdb,reference_surface:cdc_stream,cluster.metrics.emit_event,sblr.cluster.report.v3:cluster.metrics.emit_event,compile_flag_disabled_returns_functionality_unsupported;public_stub_enabled_returns_functionality_unlicensed;private_provider_required_for_execution,docs/reference/compatibility_catalog_seeds/cockroachdb/cockroachdb_beta2_full_seed_manifest.yaml#keyword:cdc,own_compatibility_surface_only,FPR-P2,not_cluster_query
cockroachdb,reference_surface:raft_consensus,cluster.tx.validate_finality_proof,required_new:sblr.cluster.transaction.v1:cluster.tx.validate_finality_proof,compile_flag_disabled_returns_functionality_unsupported;public_stub_enabled_returns_functionality_unlicensed;private_provider_required_for_execution,docs/reference/compatibility_release_acquisition/cockroachdb/26.1.3/source/.claude/agents/crdb-issue-finder.md#keyword:raft,own_compatibility_surface_only,FPR-P2,not_cluster_query
cockroachdb,reference_surface:partition_distribution,cluster.placement.validate_partition_distribution,required_new:sblr.cluster.placement.v1:cluster.placement.validate_partition_distribution,compile_flag_disabled_returns_functionality_unsupported;public_stub_enabled_returns_functionality_unlicensed;private_provider_required_for_execution,docs/reference/compatibility_release_acquisition/cockroachdb/26.1.3/source/CLAUDE.md#keyword:partition,own_compatibility_surface_only,FPR-P2,not_cluster_query
cockroachdb,reference_surface:leader_election,cluster.node.set_role,sblr.cluster.control.v3:cluster.node.set_role,compile_flag_disabled_returns_functionality_unsupported;public_stub_enabled_returns_functionality_unlicensed;private_provider_required_for_execution,docs/reference/compatibility_release_acquisition/cockroachdb/26.1.3/source/cloud/kubernetes/prometheus/alert-rules.yaml#keyword:leader,own_compatibility_surface_only,FPR-P2,not_cluster_query
cockroachdb,reference_surface:failover_control,cluster.node.admit_member,sblr.cluster.control.v3:cluster.node.admit_member,compile_flag_disabled_returns_functionality_unsupported;public_stub_enabled_returns_functionality_unlicensed;private_provider_required_for_execution,docs/reference/compatibility_release_acquisition/cockroachdb/26.1.3/source/docs/RFCS/20150731_local_intent_resolution.md#keyword:failover,own_compatibility_surface_only,FPR-P2,not_cluster_query
cockroachdb,reference_surface:tablet_placement,cluster.placement.assign_tablet_range,required_new:sblr.cluster.placement.v1:cluster.placement.assign_tablet_range,compile_flag_disabled_returns_functionality_unsupported;public_stub_enabled_returns_functionality_unlicensed;private_provider_required_for_execution,docs/reference/compatibility_release_acquisition/cockroachdb/26.1.3/source/docs/RFCS/20191009_temp_tables.md#keyword:tablet,own_compatibility_surface_only,FPR-P2,not_cluster_query
dolt,reference_surface:cluster_topology_or_control,cluster.job.start_controlled,sblr.cluster.control.v3:cluster.job.start_controlled,compile_flag_disabled_returns_functionality_unsupported;public_stub_enabled_returns_functionality_unlicensed;private_provider_required_for_execution,docs/reference/compatibility-engines/dolt/capability-summary.md#keyword:cluster,own_compatibility_surface_only,FPR-P2,not_cluster_query
dolt,reference_surface:cdc_stream,cluster.metrics.emit_event,sblr.cluster.report.v3:cluster.metrics.emit_event,compile_flag_disabled_returns_functionality_unsupported;public_stub_enabled_returns_functionality_unlicensed;private_provider_required_for_execution,docs/reference/compatibility_catalog_seeds/dolt/dolt_beta2_full_seed_manifest.yaml#keyword:cdc,own_compatibility_surface_only,FPR-P2,not_cluster_query
dolt,reference_surface:distributed_execution_or_control,cluster.query.plan_distributed,required_new:sblr.cluster.query.v1:cluster.query.plan_distributed,compile_flag_disabled_returns_functionality_unsupported;public_stub_enabled_returns_functionality_unlicensed;private_provider_required_for_execution,docs/reference/compatibility_release_acquisition/dolt/1.86.6/regression/SOURCE_POINTERS.md#keyword:distributed,own_compatibility_surface_only,FPR-P2,cross_node_distributed_cluster_authority_not_local_query
dolt,reference_surface:range_placement,cluster.placement.assign_tablet_range,required_new:sblr.cluster.placement.v1:cluster.placement.assign_tablet_range,compile_flag_disabled_returns_functionality_unsupported;public_stub_enabled_returns_functionality_unlicensed;private_provider_required_for_execution,docs/reference/compatibility_release_acquisition/dolt/1.86.6/regression/SOURCE_POINTERS.md#keyword:range,own_compatibility_surface_only,FPR-P2,not_cluster_query
dolt,reference_surface:raft_consensus,cluster.tx.validate_finality_proof,required_new:sblr.cluster.transaction.v1:cluster.tx.validate_finality_proof,compile_flag_disabled_returns_functionality_unsupported;public_stub_enabled_returns_functionality_unlicensed;private_provider_required_for_execution,docs/reference/compatibility_release_acquisition/dolt/1.86.6/source/.github/workflows/cd-push-docker-image.yaml#keyword:raft,own_compatibility_surface_only,FPR-P2,not_cluster_query
dolt,reference_surface:replication_control,cluster.replication.consume_cluster_event,sblr.replication.consumer.v3:cluster.replication.consume_cluster_event,compile_flag_disabled_returns_functionality_unsupported;public_stub_enabled_returns_functionality_unlicensed;private_provider_required_for_execution,docs/reference/compatibility_release_acquisition/dolt/1.86.6/source/.github/workflows/ci-binlog-tests.yaml#keyword:replication,own_compatibility_surface_only,FPR-P2,not_cluster_query
dolt,reference_surface:replica_control,cluster.tx.begin_distributed,required_new:sblr.cluster.transaction.v1:cluster.tx.begin_distributed,compile_flag_disabled_returns_functionality_unsupported;public_stub_enabled_returns_functionality_unlicensed;private_provider_required_for_execution,docs/reference/compatibility_release_acquisition/dolt/1.86.6/source/.github/workflows/ci-binlog-tests.yaml#keyword:replica,own_compatibility_surface_only,FPR-P2,not_cluster_query
dolt,reference_surface:partition_distribution,cluster.placement.validate_partition_distribution,required_new:sblr.cluster.placement.v1:cluster.placement.validate_partition_distribution,compile_flag_disabled_returns_functionality_unsupported;public_stub_enabled_returns_functionality_unlicensed;private_provider_required_for_execution,docs/reference/compatibility_release_acquisition/dolt/1.86.6/source/go/store/nbs/NBS-on-AWS.md#keyword:partition,own_compatibility_surface_only,FPR-P2,not_cluster_query
dolt,reference_surface:failover_control,cluster.node.admit_member,sblr.cluster.control.v3:cluster.node.admit_member,compile_flag_disabled_returns_functionality_unsupported;public_stub_enabled_returns_functionality_unlicensed;private_provider_required_for_execution,docs/reference/compatibility_release_acquisition/dolt/1.86.6/source/integration-tests/go-sql-server-driver/tests/sql-server-cluster-tls.yaml#keyword:failover,own_compatibility_surface_only,FPR-P2,not_cluster_query
dolt,reference_surface:placement_policy,cluster.security.validate_policy_version,required_new:sblr.cluster.security.v1:cluster.security.validate_policy_version,compile_flag_disabled_returns_functionality_unsupported;public_stub_enabled_returns_functionality_unlicensed;private_provider_required_for_execution,docs/reference/compatibility_release_acquisition/dolt/1.86.6/source/integration-tests/orm-tests/README.md#keyword:placement,own_compatibility_surface_only,FPR-P2,not_cluster_query
duckdb,reference_surface:cluster_topology_or_control,cluster.job.start_controlled,sblr.cluster.control.v3:cluster.job.start_controlled,compile_flag_disabled_returns_functionality_unsupported;public_stub_enabled_returns_functionality_unlicensed;private_provider_required_for_execution,docs/reference/compatibility_catalog_seeds/duckdb/duckdb_1_beta2_full_seed_manifest.yaml#keyword:cluster,own_compatibility_surface_only,FPR-P2,not_cluster_query
duckdb,reference_surface:replication_control,cluster.replication.consume_cluster_event,sblr.replication.consumer.v3:cluster.replication.consume_cluster_event,compile_flag_disabled_returns_functionality_unsupported;public_stub_enabled_returns_functionality_unlicensed;private_provider_required_for_execution,docs/reference/compatibility_catalog_seeds/duckdb/duckdb_1_beta2_full_seed_manifest.yaml#keyword:replication,own_compatibility_surface_only,FPR-P2,not_cluster_query
duckdb,reference_surface:cdc_stream,cluster.metrics.emit_event,sblr.cluster.report.v3:cluster.metrics.emit_event,compile_flag_disabled_returns_functionality_unsupported;public_stub_enabled_returns_functionality_unlicensed;private_provider_required_for_execution,docs/reference/compatibility_catalog_seeds/duckdb/duckdb_1_beta2_full_seed_manifest.yaml#keyword:cdc,own_compatibility_surface_only,FPR-P2,not_cluster_query
duckdb,reference_surface:placement_policy,cluster.security.validate_policy_version,required_new:sblr.cluster.security.v1:cluster.security.validate_policy_version,compile_flag_disabled_returns_functionality_unsupported;public_stub_enabled_returns_functionality_unlicensed;private_provider_required_for_execution,docs/reference/compatibility_catalog_seeds/duckdb/duckdb_1_beta2_full_seed_manifest.yaml#keyword:placement,own_compatibility_surface_only,FPR-P2,not_cluster_query
duckdb,reference_surface:replica_control,cluster.tx.begin_distributed,required_new:sblr.cluster.transaction.v1:cluster.tx.begin_distributed,compile_flag_disabled_returns_functionality_unsupported;public_stub_enabled_returns_functionality_unlicensed;private_provider_required_for_execution,docs/reference/compatibility_catalog_seeds/duckdb/duckdb_1_beta2_full_seed_manifest.yaml#keyword:replica,own_compatibility_surface_only,FPR-P2,not_cluster_query
duckdb,reference_surface:range_placement,cluster.placement.assign_tablet_range,required_new:sblr.cluster.placement.v1:cluster.placement.assign_tablet_range,compile_flag_disabled_returns_functionality_unsupported;public_stub_enabled_returns_functionality_unlicensed;private_provider_required_for_execution,docs/reference/compatibility_release_acquisition/duckdb/1.5.2/source/.codecov.yml#keyword:range,own_compatibility_surface_only,FPR-P2,not_cluster_query
duckdb,reference_surface:partition_distribution,cluster.placement.validate_partition_distribution,required_new:sblr.cluster.placement.v1:cluster.placement.validate_partition_distribution,compile_flag_disabled_returns_functionality_unsupported;public_stub_enabled_returns_functionality_unlicensed;private_provider_required_for_execution,docs/reference/compatibility_release_acquisition/duckdb/1.5.2/source/.github/regression/micro.csv#keyword:partition,own_compatibility_surface_only,FPR-P2,not_cluster_query
duckdb,reference_surface:raft_consensus,cluster.tx.validate_finality_proof,required_new:sblr.cluster.transaction.v1:cluster.tx.validate_finality_proof,compile_flag_disabled_returns_functionality_unsupported;public_stub_enabled_returns_functionality_unlicensed;private_provider_required_for_execution,docs/reference/compatibility_release_acquisition/duckdb/1.5.2/source/.github/workflows/CodeQuality.yml#keyword:raft,own_compatibility_surface_only,FPR-P2,not_cluster_query
duckdb,reference_surface:leader_election,cluster.node.set_role,sblr.cluster.control.v3:cluster.node.set_role,compile_flag_disabled_returns_functionality_unsupported;public_stub_enabled_returns_functionality_unlicensed;private_provider_required_for_execution,docs/reference/compatibility_release_acquisition/duckdb/1.5.2/source/benchmark/imdb/answers/08c.csv#keyword:leader,own_compatibility_surface_only,FPR-P2,not_cluster_query
duckdb,reference_surface:tablet_placement,cluster.placement.assign_tablet_range,required_new:sblr.cluster.placement.v1:cluster.placement.assign_tablet_range,compile_flag_disabled_returns_functionality_unsupported;public_stub_enabled_returns_functionality_unlicensed;private_provider_required_for_execution,docs/reference/compatibility_release_acquisition/duckdb/1.5.2/source/data/csv/drug_exposure.csv#keyword:tablet,own_compatibility_surface_only,FPR-P2,not_cluster_query
duckdb,reference_surface:shard_placement,cluster.placement.assign_tablet_range,required_new:sblr.cluster.placement.v1:cluster.placement.assign_tablet_range,compile_flag_disabled_returns_functionality_unsupported;public_stub_enabled_returns_functionality_unlicensed;private_provider_required_for_execution,docs/reference/compatibility_release_acquisition/duckdb/1.5.2/source/data/csv/real/imdb_movie_info_escaped.csv#keyword:shard,own_compatibility_surface_only,FPR-P2,not_cluster_query
duckdb,reference_surface:distributed_execution_or_control,cluster.query.plan_distributed,required_new:sblr.cluster.query.v1:cluster.query.plan_distributed,compile_flag_disabled_returns_functionality_unsupported;public_stub_enabled_returns_functionality_unlicensed;private_provider_required_for_execution,docs/reference/compatibility_release_acquisition/duckdb/1.5.2/source/data/parquet-testing/LICENSE.txt#keyword:distributed,own_compatibility_surface_only,FPR-P2,cross_node_distributed_cluster_authority_not_local_query
firebird,reference_surface:cluster_topology_or_control,cluster.job.start_controlled,sblr.cluster.control.v3:cluster.job.start_controlled,compile_flag_disabled_returns_functionality_unsupported;public_stub_enabled_returns_functionality_unlicensed;private_provider_required_for_execution,docs/reference/compatibility_catalog_seeds/firebird/firebird_5_beta2_full_seed_manifest.yaml#keyword:cluster,own_compatibility_surface_only,FPR-P2,not_cluster_query
firebird,reference_surface:replication_control,cluster.replication.consume_cluster_event,sblr.replication.consumer.v3:cluster.replication.consume_cluster_event,compile_flag_disabled_returns_functionality_unsupported;public_stub_enabled_returns_functionality_unlicensed;private_provider_required_for_execution,docs/reference/compatibility_catalog_seeds/firebird/firebird_5_beta2_full_seed_manifest.yaml#keyword:replication,own_compatibility_surface_only,FPR-P2,not_cluster_query
firebird,reference_surface:placement_policy,cluster.security.validate_policy_version,required_new:sblr.cluster.security.v1:cluster.security.validate_policy_version,compile_flag_disabled_returns_functionality_unsupported;public_stub_enabled_returns_functionality_unlicensed;private_provider_required_for_execution,docs/reference/compatibility_catalog_seeds/firebird/firebird_5_beta2_full_seed_manifest.yaml#keyword:placement,own_compatibility_surface_only,FPR-P2,not_cluster_query
firebird,reference_surface:replica_control,cluster.tx.begin_distributed,required_new:sblr.cluster.transaction.v1:cluster.tx.begin_distributed,compile_flag_disabled_returns_functionality_unsupported;public_stub_enabled_returns_functionality_unlicensed;private_provider_required_for_execution,docs/reference/compatibility_catalog_seeds/firebird/firebird_5_beta2_full_seed_manifest.yaml#keyword:replica,own_compatibility_surface_only,FPR-P2,not_cluster_query
firebird,reference_surface:raft_consensus,cluster.tx.validate_finality_proof,required_new:sblr.cluster.transaction.v1:cluster.tx.validate_finality_proof,compile_flag_disabled_returns_functionality_unsupported;public_stub_enabled_returns_functionality_unlicensed;private_provider_required_for_execution,docs/reference/compatibility_catalog_seeds/firebird/firebird_5_seed_manifest.yaml#keyword:raft,own_compatibility_surface_only,FPR-P2,not_cluster_query
firebird,reference_surface:cdc_stream,cluster.metrics.emit_event,sblr.cluster.report.v3:cluster.metrics.emit_event,compile_flag_disabled_returns_functionality_unsupported;public_stub_enabled_returns_functionality_unlicensed;private_provider_required_for_execution,docs/reference/compatibility_release_acquisition/firebird/5.0.4/regression/FIREBIRD_QA_CANDIDATE_ASSET_HASH_MANIFEST.csv#keyword:cdc,own_compatibility_surface_only,FPR-P2,not_cluster_query
firebird,reference_surface:range_placement,cluster.placement.assign_tablet_range,required_new:sblr.cluster.placement.v1:cluster.placement.assign_tablet_range,compile_flag_disabled_returns_functionality_unsupported;public_stub_enabled_returns_functionality_unlicensed;private_provider_required_for_execution,docs/reference/compatibility_release_acquisition/firebird/5.0.4/source/CHANGELOG.md#keyword:range,own_compatibility_surface_only,FPR-P2,not_cluster_query
firebird,reference_surface:partition_distribution,cluster.placement.validate_partition_distribution,required_new:sblr.cluster.placement.v1:cluster.placement.validate_partition_distribution,compile_flag_disabled_returns_functionality_unsupported;public_stub_enabled_returns_functionality_unlicensed;private_provider_required_for_execution,docs/reference/compatibility_release_acquisition/firebird/5.0.4/source/CHANGELOG.md#keyword:partition,own_compatibility_surface_only,FPR-P2,not_cluster_query
firebird,reference_surface:distributed_execution_or_control,cluster.query.plan_distributed,required_new:sblr.cluster.query.v1:cluster.query.plan_distributed,compile_flag_disabled_returns_functionality_unsupported;public_stub_enabled_returns_functionality_unlicensed;private_provider_required_for_execution,docs/reference/compatibility_release_acquisition/firebird/5.0.4/source/builds/install/arch-specific/darwin/License.txt#keyword:distributed,own_compatibility_surface_only,FPR-P2,cross_node_distributed_cluster_authority_not_local_query
firebird,reference_surface:shard_placement,cluster.placement.assign_tablet_range,required_new:sblr.cluster.placement.v1:cluster.placement.assign_tablet_range,compile_flag_disabled_returns_functionality_unsupported;public_stub_enabled_returns_functionality_unlicensed;private_provider_required_for_execution,docs/reference/compatibility_release_acquisition/firebird/5.0.4/source/extern/libcds/test/stress/data/text.txt#keyword:shard,own_compatibility_surface_only,FPR-P2,not_cluster_query
firebird,reference_surface:tablet_placement,cluster.placement.assign_tablet_range,required_new:sblr.cluster.placement.v1:cluster.placement.assign_tablet_range,compile_flag_disabled_returns_functionality_unsupported;public_stub_enabled_returns_functionality_unlicensed;private_provider_required_for_execution,docs/reference/compatibility_release_acquisition/firebird/5.0.4/source/extern/libcds/test/stress/data/text.txt#keyword:tablet,own_compatibility_surface_only,FPR-P2,not_cluster_query
foundationdb,reference_surface:cluster_topology_or_control,cluster.job.start_controlled,sblr.cluster.control.v3:cluster.job.start_controlled,compile_flag_disabled_returns_functionality_unsupported;public_stub_enabled_returns_functionality_unlicensed;private_provider_required_for_execution,docs/reference/compatibility-engines/foundationdb/capability-summary.md#keyword:cluster,own_compatibility_surface_only,FPR-P2,not_cluster_query
foundationdb,reference_surface:range_placement,cluster.placement.assign_tablet_range,required_new:sblr.cluster.placement.v1:cluster.placement.assign_tablet_range,compile_flag_disabled_returns_functionality_unsupported;public_stub_enabled_returns_functionality_unlicensed;private_provider_required_for_execution,docs/reference/compatibility-engines/foundationdb/capability-summary.md#keyword:range,own_compatibility_surface_only,FPR-P2,not_cluster_query
foundationdb,reference_surface:placement_policy,cluster.security.validate_policy_version,required_new:sblr.cluster.security.v1:cluster.security.validate_policy_version,compile_flag_disabled_returns_functionality_unsupported;public_stub_enabled_returns_functionality_unlicensed;private_provider_required_for_execution,docs/reference/compatibility-engines/foundationdb/transaction-and-cluster-summary.md#keyword:placement,own_compatibility_surface_only,FPR-P2,not_cluster_query
foundationdb,reference_surface:cdc_stream,cluster.metrics.emit_event,sblr.cluster.report.v3:cluster.metrics.emit_event,compile_flag_disabled_returns_functionality_unsupported;public_stub_enabled_returns_functionality_unlicensed;private_provider_required_for_execution,docs/reference/compatibility_catalog_seeds/foundationdb/foundationdb_beta2_full_seed_manifest.yaml#keyword:cdc,own_compatibility_surface_only,FPR-P2,not_cluster_query
foundationdb,reference_surface:replica_control,cluster.tx.begin_distributed,required_new:sblr.cluster.transaction.v1:cluster.tx.begin_distributed,compile_flag_disabled_returns_functionality_unsupported;public_stub_enabled_returns_functionality_unlicensed;private_provider_required_for_execution,docs/reference/compatibility_catalog_seeds/foundationdb/foundationdb_beta2_full_seed_manifest.yaml#keyword:replica,own_compatibility_surface_only,FPR-P2,not_cluster_query
foundationdb,reference_surface:distributed_execution_or_control,cluster.query.plan_distributed,required_new:sblr.cluster.query.v1:cluster.query.plan_distributed,compile_flag_disabled_returns_functionality_unsupported;public_stub_enabled_returns_functionality_unlicensed;private_provider_required_for_execution,docs/reference/compatibility_release_acquisition/foundationdb/7.3.77/clean-room/NOTES.md#keyword:distributed,own_compatibility_surface_only,FPR-P2,cross_node_distributed_cluster_authority_not_local_query
foundationdb,reference_surface:leader_election,cluster.node.set_role,sblr.cluster.control.v3:cluster.node.set_role,compile_flag_disabled_returns_functionality_unsupported;public_stub_enabled_returns_functionality_unlicensed;private_provider_required_for_execution,docs/reference/compatibility_release_acquisition/foundationdb/7.3.77/source/CODE_OF_CONDUCT.md#keyword:leader,own_compatibility_surface_only,FPR-P2,not_cluster_query
foundationdb,reference_surface:partition_distribution,cluster.placement.validate_partition_distribution,required_new:sblr.cluster.placement.v1:cluster.placement.validate_partition_distribution,compile_flag_disabled_returns_functionality_unsupported;public_stub_enabled_returns_functionality_unlicensed;private_provider_required_for_execution,docs/reference/compatibility_release_acquisition/foundationdb/7.3.77/source/bindings/flow/CMakeLists.txt#keyword:partition,own_compatibility_surface_only,FPR-P2,not_cluster_query
foundationdb,reference_surface:replication_control,cluster.replication.consume_cluster_event,sblr.replication.consumer.v3:cluster.replication.consume_cluster_event,compile_flag_disabled_returns_functionality_unsupported;public_stub_enabled_returns_functionality_unlicensed;private_provider_required_for_execution,docs/reference/compatibility_release_acquisition/foundationdb/7.3.77/source/design/data-distributor-internals.md#keyword:replication,own_compatibility_surface_only,FPR-P2,not_cluster_query
foundationdb,reference_surface:shard_placement,cluster.placement.assign_tablet_range,required_new:sblr.cluster.placement.v1:cluster.placement.assign_tablet_range,compile_flag_disabled_returns_functionality_unsupported;public_stub_enabled_returns_functionality_unlicensed;private_provider_required_for_execution,docs/reference/compatibility_release_acquisition/foundationdb/7.3.77/source/design/data-distributor-internals.md#keyword:shard,own_compatibility_surface_only,FPR-P2,not_cluster_query
foundationdb,reference_surface:raft_consensus,cluster.tx.validate_finality_proof,required_new:sblr.cluster.transaction.v1:cluster.tx.validate_finality_proof,compile_flag_disabled_returns_functionality_unsupported;public_stub_enabled_returns_functionality_unlicensed;private_provider_required_for_execution,docs/reference/compatibility_release_acquisition/foundationdb/7.3.77/source/tests/AsyncFileCorrectness.txt#keyword:raft,own_compatibility_surface_only,FPR-P2,not_cluster_query
foundationdb,reference_surface:changefeed_stream,cluster.metrics.emit_event,sblr.cluster.report.v3:cluster.metrics.emit_event,compile_flag_disabled_returns_functionality_unsupported;public_stub_enabled_returns_functionality_unlicensed;private_provider_required_for_execution,docs/reference/compatibility_release_acquisition/foundationdb/7.3.77/source/tests/CMakeLists.txt#keyword:changefeed,own_compatibility_surface_only,FPR-P2,not_cluster_query
immudb,reference_surface:cluster_topology_or_control,cluster.job.start_controlled,sblr.cluster.control.v3:cluster.job.start_controlled,compile_flag_disabled_returns_functionality_unsupported;public_stub_enabled_returns_functionality_unlicensed;private_provider_required_for_execution,docs/reference/compatibility-engines/immudb/capability-summary.md#keyword:cluster,own_compatibility_surface_only,FPR-P2,not_cluster_query
immudb,reference_surface:cdc_stream,cluster.metrics.emit_event,sblr.cluster.report.v3:cluster.metrics.emit_event,compile_flag_disabled_returns_functionality_unsupported;public_stub_enabled_returns_functionality_unlicensed;private_provider_required_for_execution,docs/reference/compatibility_release_acquisition/immudb/1.11.0/RELEASE_EVIDENCE_MANIFEST.yaml#keyword:cdc,own_compatibility_surface_only,FPR-P2,not_cluster_query
immudb,reference_surface:distributed_execution_or_control,cluster.query.plan_distributed,required_new:sblr.cluster.query.v1:cluster.query.plan_distributed,compile_flag_disabled_returns_functionality_unsupported;public_stub_enabled_returns_functionality_unlicensed;private_provider_required_for_execution,docs/reference/compatibility_release_acquisition/immudb/1.11.0/regression/SOURCE_POINTERS.md#keyword:distributed,own_compatibility_surface_only,FPR-P2,cross_node_distributed_cluster_authority_not_local_query
immudb,reference_surface:shard_placement,cluster.placement.assign_tablet_range,required_new:sblr.cluster.placement.v1:cluster.placement.assign_tablet_range,compile_flag_disabled_returns_functionality_unsupported;public_stub_enabled_returns_functionality_unlicensed;private_provider_required_for_execution,docs/reference/compatibility_release_acquisition/immudb/1.11.0/release-notes/RELEASE_NOTES_SOURCE.md#keyword:shard,own_compatibility_surface_only,FPR-P2,not_cluster_query
immudb,reference_surface:range_placement,cluster.placement.assign_tablet_range,required_new:sblr.cluster.placement.v1:cluster.placement.assign_tablet_range,compile_flag_disabled_returns_functionality_unsupported;public_stub_enabled_returns_functionality_unlicensed;private_provider_required_for_execution,docs/reference/compatibility_release_acquisition/immudb/1.11.0/release-notes/RELEASE_NOTES_SOURCE.md#keyword:range,own_compatibility_surface_only,FPR-P2,not_cluster_query
immudb,reference_surface:partition_distribution,cluster.placement.validate_partition_distribution,required_new:sblr.cluster.placement.v1:cluster.placement.validate_partition_distribution,compile_flag_disabled_returns_functionality_unsupported;public_stub_enabled_returns_functionality_unlicensed;private_provider_required_for_execution,docs/reference/compatibility_release_acquisition/immudb/1.11.0/release-notes/RELEASE_NOTES_SOURCE.md#keyword:partition,own_compatibility_surface_only,FPR-P2,not_cluster_query
immudb,reference_surface:replication_control,cluster.replication.consume_cluster_event,sblr.replication.consumer.v3:cluster.replication.consume_cluster_event,compile_flag_disabled_returns_functionality_unsupported;public_stub_enabled_returns_functionality_unlicensed;private_provider_required_for_execution,docs/reference/compatibility_release_acquisition/immudb/1.11.0/source/CHANGELOG.md#keyword:replication,own_compatibility_surface_only,FPR-P2,not_cluster_query
immudb,reference_surface:raft_consensus,cluster.tx.validate_finality_proof,required_new:sblr.cluster.transaction.v1:cluster.tx.validate_finality_proof,compile_flag_disabled_returns_functionality_unsupported;public_stub_enabled_returns_functionality_unlicensed;private_provider_required_for_execution,docs/reference/compatibility_release_acquisition/immudb/1.11.0/source/CHANGELOG.md#keyword:raft,own_compatibility_surface_only,FPR-P2,not_cluster_query
immudb,reference_surface:placement_policy,cluster.security.validate_policy_version,required_new:sblr.cluster.security.v1:cluster.security.validate_policy_version,compile_flag_disabled_returns_functionality_unsupported;public_stub_enabled_returns_functionality_unlicensed;private_provider_required_for_execution,docs/reference/compatibility_release_acquisition/immudb/1.11.0/source/CHANGELOG.md#keyword:placement,own_compatibility_surface_only,FPR-P2,not_cluster_query
immudb,reference_surface:replica_control,cluster.tx.begin_distributed,required_new:sblr.cluster.transaction.v1:cluster.tx.begin_distributed,compile_flag_disabled_returns_functionality_unsupported;public_stub_enabled_returns_functionality_unlicensed;private_provider_required_for_execution,docs/reference/compatibility_release_acquisition/immudb/1.11.0/source/CHANGELOG.md#keyword:replica,own_compatibility_surface_only,FPR-P2,not_cluster_query
immudb,reference_surface:leader_election,cluster.node.set_role,sblr.cluster.control.v3:cluster.node.set_role,compile_flag_disabled_returns_functionality_unsupported;public_stub_enabled_returns_functionality_unlicensed;private_provider_required_for_execution,docs/reference/compatibility_release_acquisition/immudb/1.11.0/source/CODE_OF_CONDUCT.md#keyword:leader,own_compatibility_surface_only,FPR-P2,not_cluster_query
influxdb,reference_surface:cluster_topology_or_control,cluster.job.start_controlled,sblr.cluster.control.v3:cluster.job.start_controlled,compile_flag_disabled_returns_functionality_unsupported;public_stub_enabled_returns_functionality_unlicensed;private_provider_required_for_execution,docs/reference/compatibility_catalog_seeds/influxdb/influxdb_3_beta2_full_seed_manifest.yaml#keyword:cluster,own_compatibility_surface_only,FPR-P2,not_cluster_query
influxdb,reference_surface:replication_control,cluster.replication.consume_cluster_event,sblr.replication.consumer.v3:cluster.replication.consume_cluster_event,compile_flag_disabled_returns_functionality_unsupported;public_stub_enabled_returns_functionality_unlicensed;private_provider_required_for_execution,docs/reference/compatibility_catalog_seeds/influxdb/influxdb_3_beta2_full_seed_manifest.yaml#keyword:replication,own_compatibility_surface_only,FPR-P2,not_cluster_query
influxdb,reference_surface:cdc_stream,cluster.metrics.emit_event,sblr.cluster.report.v3:cluster.metrics.emit_event,compile_flag_disabled_returns_functionality_unsupported;public_stub_enabled_returns_functionality_unlicensed;private_provider_required_for_execution,docs/reference/compatibility_catalog_seeds/influxdb/influxdb_3_beta2_full_seed_manifest.yaml#keyword:cdc,own_compatibility_surface_only,FPR-P2,not_cluster_query
influxdb,reference_surface:shard_placement,cluster.placement.assign_tablet_range,required_new:sblr.cluster.placement.v1:cluster.placement.assign_tablet_range,compile_flag_disabled_returns_functionality_unsupported;public_stub_enabled_returns_functionality_unlicensed;private_provider_required_for_execution,docs/reference/compatibility_catalog_seeds/influxdb/influxdb_3_beta2_full_seed_manifest.yaml#keyword:shard,own_compatibility_surface_only,FPR-P2,not_cluster_query
influxdb,reference_surface:placement_policy,cluster.security.validate_policy_version,required_new:sblr.cluster.security.v1:cluster.security.validate_policy_version,compile_flag_disabled_returns_functionality_unsupported;public_stub_enabled_returns_functionality_unlicensed;private_provider_required_for_execution,docs/reference/compatibility_catalog_seeds/influxdb/influxdb_3_beta2_full_seed_manifest.yaml#keyword:placement,own_compatibility_surface_only,FPR-P2,not_cluster_query
influxdb,reference_surface:replica_control,cluster.tx.begin_distributed,required_new:sblr.cluster.transaction.v1:cluster.tx.begin_distributed,compile_flag_disabled_returns_functionality_unsupported;public_stub_enabled_returns_functionality_unlicensed;private_provider_required_for_execution,docs/reference/compatibility_catalog_seeds/influxdb/influxdb_3_beta2_full_seed_manifest.yaml#keyword:replica,own_compatibility_surface_only,FPR-P2,not_cluster_query
influxdb,reference_surface:range_placement,cluster.placement.assign_tablet_range,required_new:sblr.cluster.placement.v1:cluster.placement.assign_tablet_range,compile_flag_disabled_returns_functionality_unsupported;public_stub_enabled_returns_functionality_unlicensed;private_provider_required_for_execution,docs/reference/compatibility_release_acquisition/influxdb/3.9.0/source/.circleci/config.yml#keyword:range,own_compatibility_surface_only,FPR-P2,not_cluster_query
influxdb,reference_surface:distributed_execution_or_control,cluster.query.plan_distributed,required_new:sblr.cluster.query.v1:cluster.query.plan_distributed,compile_flag_disabled_returns_functionality_unsupported;public_stub_enabled_returns_functionality_unlicensed;private_provider_required_for_execution,docs/reference/compatibility_release_acquisition/influxdb/3.9.0/source/README_processing_engine.md#keyword:distributed,own_compatibility_surface_only,FPR-P2,cross_node_distributed_cluster_authority_not_local_query
influxdb,reference_surface:changefeed_stream,cluster.metrics.emit_event,sblr.cluster.report.v3:cluster.metrics.emit_event,compile_flag_disabled_returns_functionality_unsupported;public_stub_enabled_returns_functionality_unlicensed;private_provider_required_for_execution,docs/specifications/chapters/compatibilitys/influxdb/README.md#keyword:changefeed,own_compatibility_surface_only,FPR-P2,not_cluster_query
influxdb,reference_surface:partition_distribution,cluster.placement.validate_partition_distribution,required_new:sblr.cluster.placement.v1:cluster.placement.validate_partition_distribution,compile_flag_disabled_returns_functionality_unsupported;public_stub_enabled_returns_functionality_unlicensed;private_provider_required_for_execution,docs/specifications/chapters/compatibilitys/influxdb/appendix-compatibility-influxdb-exact-extraction-slice-4-migration-changefeed-retention-compaction-and-query-optimization-profile.md#keyword:partition,own_compatibility_surface_only,FPR-P2,not_cluster_query
mariadb,reference_surface:cluster_topology_or_control,cluster.job.start_controlled,sblr.cluster.control.v3:cluster.job.start_controlled,compile_flag_disabled_returns_functionality_unsupported;public_stub_enabled_returns_functionality_unlicensed;private_provider_required_for_execution,docs/reference/compatibility_catalog_seeds/mariadb/mariadb_11_4_beta2_full_seed_manifest.yaml#keyword:cluster,own_compatibility_surface_only,FPR-P2,not_cluster_query
mariadb,reference_surface:replication_control,cluster.replication.consume_cluster_event,sblr.replication.consumer.v3:cluster.replication.consume_cluster_event,compile_flag_disabled_returns_functionality_unsupported;public_stub_enabled_returns_functionality_unlicensed;private_provider_required_for_execution,docs/reference/compatibility_catalog_seeds/mariadb/mariadb_11_4_beta2_full_seed_manifest.yaml#keyword:replication,own_compatibility_surface_only,FPR-P2,not_cluster_query
mariadb,reference_surface:cdc_stream,cluster.metrics.emit_event,sblr.cluster.report.v3:cluster.metrics.emit_event,compile_flag_disabled_returns_functionality_unsupported;public_stub_enabled_returns_functionality_unlicensed;private_provider_required_for_execution,docs/reference/compatibility_catalog_seeds/mariadb/mariadb_11_4_beta2_full_seed_manifest.yaml#keyword:cdc,own_compatibility_surface_only,FPR-P2,not_cluster_query
mariadb,reference_surface:galera_cluster,cluster.reconcile.apply_merge_policy,required_new:sblr.cluster.reconciliation.v1:cluster.reconcile.apply_merge_policy,compile_flag_disabled_returns_functionality_unsupported;public_stub_enabled_returns_functionality_unlicensed;private_provider_required_for_execution,docs/reference/compatibility_catalog_seeds/mariadb/mariadb_11_4_beta2_full_seed_manifest.yaml#keyword:galera,own_compatibility_surface_only,FPR-P2,not_cluster_query
mariadb,reference_surface:placement_policy,cluster.security.validate_policy_version,required_new:sblr.cluster.security.v1:cluster.security.validate_policy_version,compile_flag_disabled_returns_functionality_unsupported;public_stub_enabled_returns_functionality_unlicensed;private_provider_required_for_execution,docs/reference/compatibility_catalog_seeds/mariadb/mariadb_11_4_beta2_full_seed_manifest.yaml#keyword:placement,own_compatibility_surface_only,FPR-P2,not_cluster_query
mariadb,reference_surface:replica_control,cluster.tx.begin_distributed,required_new:sblr.cluster.transaction.v1:cluster.tx.begin_distributed,compile_flag_disabled_returns_functionality_unsupported;public_stub_enabled_returns_functionality_unlicensed;private_provider_required_for_execution,docs/reference/compatibility_catalog_seeds/mariadb/mariadb_11_4_beta2_full_seed_manifest.yaml#keyword:replica,own_compatibility_surface_only,FPR-P2,not_cluster_query
mariadb,reference_surface:raft_consensus,cluster.tx.validate_finality_proof,required_new:sblr.cluster.transaction.v1:cluster.tx.validate_finality_proof,compile_flag_disabled_returns_functionality_unsupported;public_stub_enabled_returns_functionality_unlicensed;private_provider_required_for_execution,docs/reference/compatibility_catalog_seeds/mariadb/mariadb_catalog_object_mapping.csv#keyword:raft,own_compatibility_surface_only,FPR-P2,not_cluster_query
mariadb,reference_surface:distributed_execution_or_control,cluster.query.plan_distributed,required_new:sblr.cluster.query.v1:cluster.query.plan_distributed,compile_flag_disabled_returns_functionality_unsupported;public_stub_enabled_returns_functionality_unlicensed;private_provider_required_for_execution,docs/reference/compatibility_release_acquisition/mariadb/12.2.2/regression/mysql-test/CMakeLists.txt#keyword:distributed,own_compatibility_surface_only,FPR-P2,cross_node_distributed_cluster_authority_not_local_query
mariadb,reference_surface:partition_distribution,cluster.placement.validate_partition_distribution,required_new:sblr.cluster.placement.v1:cluster.placement.validate_partition_distribution,compile_flag_disabled_returns_functionality_unsupported;public_stub_enabled_returns_functionality_unlicensed;private_provider_required_for_execution,docs/reference/compatibility_release_acquisition/mariadb/12.2.2/regression/mysql-test/CMakeLists.txt#keyword:partition,own_compatibility_surface_only,FPR-P2,not_cluster_query
mariadb,reference_surface:range_placement,cluster.placement.assign_tablet_range,required_new:sblr.cluster.placement.v1:cluster.placement.assign_tablet_range,compile_flag_disabled_returns_functionality_unsupported;public_stub_enabled_returns_functionality_unlicensed;private_provider_required_for_execution,docs/reference/compatibility_release_acquisition/mariadb/12.2.2/regression/mysql-test/std_data/unicode/allkeys1400.txt#keyword:range,own_compatibility_surface_only,FPR-P2,not_cluster_query
mariadb,reference_surface:leader_election,cluster.node.set_role,sblr.cluster.control.v3:cluster.node.set_role,compile_flag_disabled_returns_functionality_unsupported;public_stub_enabled_returns_functionality_unlicensed;private_provider_required_for_execution,docs/reference/compatibility_release_acquisition/mariadb/12.2.2/regression/mysql-test/std_data/unicode/allkeys1400.txt#keyword:leader,own_compatibility_surface_only,FPR-P2,not_cluster_query
mariadb,reference_surface:failover_control,cluster.node.admit_member,sblr.cluster.control.v3:cluster.node.admit_member,compile_flag_disabled_returns_functionality_unsupported;public_stub_enabled_returns_functionality_unlicensed;private_provider_required_for_execution,docs/reference/compatibility_release_acquisition/mariadb/12.2.2/source/storage/columnstore/columnstore/cmapi/CMakeLists.txt#keyword:failover,own_compatibility_surface_only,FPR-P2,not_cluster_query
mariadb,reference_surface:shard_placement,cluster.placement.assign_tablet_range,required_new:sblr.cluster.placement.v1:cluster.placement.assign_tablet_range,compile_flag_disabled_returns_functionality_unsupported;public_stub_enabled_returns_functionality_unlicensed;private_provider_required_for_execution,docs/reference/compatibility_release_acquisition/mariadb/12.2.2/source/storage/mroonga/vendor/groonga/plugins/CMakeLists.txt#keyword:shard,own_compatibility_surface_only,FPR-P2,not_cluster_query
mariadb,reference_surface:tablet_placement,cluster.placement.assign_tablet_range,required_new:sblr.cluster.placement.v1:cluster.placement.assign_tablet_range,compile_flag_disabled_returns_functionality_unsupported;public_stub_enabled_returns_functionality_unlicensed;private_provider_required_for_execution,docs/reference/compatibility_release_acquisition/mariadb/12.2.2/source/storage/rocksdb/rocksdb/USERS.md#keyword:tablet,own_compatibility_surface_only,FPR-P2,not_cluster_query
milvus,reference_surface:cluster_topology_or_control,cluster.job.start_controlled,sblr.cluster.control.v3:cluster.job.start_controlled,compile_flag_disabled_returns_functionality_unsupported;public_stub_enabled_returns_functionality_unlicensed;private_provider_required_for_execution,docs/reference/compatibility_catalog_seeds/milvus/milvus_2_beta2_full_seed_manifest.yaml#keyword:cluster,own_compatibility_surface_only,FPR-P2,not_cluster_query
milvus,reference_surface:replication_control,cluster.replication.consume_cluster_event,sblr.replication.consumer.v3:cluster.replication.consume_cluster_event,compile_flag_disabled_returns_functionality_unsupported;public_stub_enabled_returns_functionality_unlicensed;private_provider_required_for_execution,docs/reference/compatibility_catalog_seeds/milvus/milvus_2_beta2_full_seed_manifest.yaml#keyword:replication,own_compatibility_surface_only,FPR-P2,not_cluster_query
milvus,reference_surface:placement_policy,cluster.security.validate_policy_version,required_new:sblr.cluster.security.v1:cluster.security.validate_policy_version,compile_flag_disabled_returns_functionality_unsupported;public_stub_enabled_returns_functionality_unlicensed;private_provider_required_for_execution,docs/reference/compatibility_catalog_seeds/milvus/milvus_2_beta2_full_seed_manifest.yaml#keyword:placement,own_compatibility_surface_only,FPR-P2,not_cluster_query
milvus,reference_surface:replica_control,cluster.tx.begin_distributed,required_new:sblr.cluster.transaction.v1:cluster.tx.begin_distributed,compile_flag_disabled_returns_functionality_unsupported;public_stub_enabled_returns_functionality_unlicensed;private_provider_required_for_execution,docs/reference/compatibility_catalog_seeds/milvus/milvus_2_beta2_full_seed_manifest.yaml#keyword:replica,own_compatibility_surface_only,FPR-P2,not_cluster_query
milvus,reference_surface:partition_distribution,cluster.placement.validate_partition_distribution,required_new:sblr.cluster.placement.v1:cluster.placement.validate_partition_distribution,compile_flag_disabled_returns_functionality_unsupported;public_stub_enabled_returns_functionality_unlicensed;private_provider_required_for_execution,docs/reference/compatibility_catalog_seeds/milvus/milvus_2_beta2_full_seed_manifest.yaml#keyword:partition,own_compatibility_surface_only,FPR-P2,not_cluster_query
milvus,reference_surface:distributed_execution_or_control,cluster.query.plan_distributed,required_new:sblr.cluster.query.v1:cluster.query.plan_distributed,compile_flag_disabled_returns_functionality_unsupported;public_stub_enabled_returns_functionality_unlicensed;private_provider_required_for_execution,docs/reference/compatibility_release_acquisition/milvus/2.6.5/release-notes/README.md#keyword:distributed,own_compatibility_surface_only,FPR-P2,cross_node_distributed_cluster_authority_not_local_query
milvus,reference_surface:cdc_stream,cluster.metrics.emit_event,sblr.cluster.report.v3:cluster.metrics.emit_event,compile_flag_disabled_returns_functionality_unsupported;public_stub_enabled_returns_functionality_unlicensed;private_provider_required_for_execution,docs/reference/compatibility_release_acquisition/milvus/2.6.5/release-notes/README.md#keyword:cdc,own_compatibility_surface_only,FPR-P2,not_cluster_query
milvus,reference_surface:range_placement,cluster.placement.assign_tablet_range,required_new:sblr.cluster.placement.v1:cluster.placement.assign_tablet_range,compile_flag_disabled_returns_functionality_unsupported;public_stub_enabled_returns_functionality_unlicensed;private_provider_required_for_execution,docs/reference/compatibility_release_acquisition/milvus/2.6.5/release-notes/README.md#keyword:range,own_compatibility_surface_only,FPR-P2,not_cluster_query
milvus,reference_surface:leader_election,cluster.node.set_role,sblr.cluster.control.v3:cluster.node.set_role,compile_flag_disabled_returns_functionality_unsupported;public_stub_enabled_returns_functionality_unlicensed;private_provider_required_for_execution,docs/reference/compatibility_release_acquisition/milvus/2.6.5/source/CODE_OF_CONDUCT.md#keyword:leader,own_compatibility_surface_only,FPR-P2,not_cluster_query
milvus,reference_surface:shard_placement,cluster.placement.assign_tablet_range,required_new:sblr.cluster.placement.v1:cluster.placement.assign_tablet_range,compile_flag_disabled_returns_functionality_unsupported;public_stub_enabled_returns_functionality_unlicensed;private_provider_required_for_execution,docs/reference/compatibility_release_acquisition/milvus/2.6.5/source/configs/milvus.yaml#keyword:shard,own_compatibility_surface_only,FPR-P2,not_cluster_query
milvus,reference_surface:raft_consensus,cluster.tx.validate_finality_proof,required_new:sblr.cluster.transaction.v1:cluster.tx.validate_finality_proof,compile_flag_disabled_returns_functionality_unsupported;public_stub_enabled_returns_functionality_unlicensed;private_provider_required_for_execution,docs/reference/compatibility_release_acquisition/milvus/2.6.5/source/docs/developer_guides/how_to_develop_with_local_milvus_proto.md#keyword:raft,own_compatibility_surface_only,FPR-P2,not_cluster_query
milvus,reference_surface:tablet_placement,cluster.placement.assign_tablet_range,required_new:sblr.cluster.placement.v1:cluster.placement.assign_tablet_range,compile_flag_disabled_returns_functionality_unsupported;public_stub_enabled_returns_functionality_unlicensed;private_provider_required_for_execution,docs/reference/compatibility_release_acquisition/milvus/2.6.5/source/pkg/.mockery_pkg.yaml#keyword:tablet,own_compatibility_surface_only,FPR-P2,not_cluster_query
mongodb,reference_surface:cluster_topology_or_control,cluster.job.start_controlled,sblr.cluster.control.v3:cluster.job.start_controlled,compile_flag_disabled_returns_functionality_unsupported;public_stub_enabled_returns_functionality_unlicensed;private_provider_required_for_execution,docs/reference/compatibility_catalog_seeds/mongodb/mongodb_8_beta2_full_seed_manifest.yaml#keyword:cluster,own_compatibility_surface_only,FPR-P2,not_cluster_query
mongodb,reference_surface:replication_control,cluster.replication.consume_cluster_event,sblr.replication.consumer.v3:cluster.replication.consume_cluster_event,compile_flag_disabled_returns_functionality_unsupported;public_stub_enabled_returns_functionality_unlicensed;private_provider_required_for_execution,docs/reference/compatibility_catalog_seeds/mongodb/mongodb_8_beta2_full_seed_manifest.yaml#keyword:replication,own_compatibility_surface_only,FPR-P2,not_cluster_query
mongodb,reference_surface:shard_placement,cluster.placement.assign_tablet_range,required_new:sblr.cluster.placement.v1:cluster.placement.assign_tablet_range,compile_flag_disabled_returns_functionality_unsupported;public_stub_enabled_returns_functionality_unlicensed;private_provider_required_for_execution,docs/reference/compatibility_catalog_seeds/mongodb/mongodb_8_beta2_full_seed_manifest.yaml#keyword:shard,own_compatibility_surface_only,FPR-P2,not_cluster_query
mongodb,reference_surface:placement_policy,cluster.security.validate_policy_version,required_new:sblr.cluster.security.v1:cluster.security.validate_policy_version,compile_flag_disabled_returns_functionality_unsupported;public_stub_enabled_returns_functionality_unlicensed;private_provider_required_for_execution,docs/reference/compatibility_catalog_seeds/mongodb/mongodb_8_beta2_full_seed_manifest.yaml#keyword:placement,own_compatibility_surface_only,FPR-P2,not_cluster_query
mongodb,reference_surface:replica_control,cluster.tx.begin_distributed,required_new:sblr.cluster.transaction.v1:cluster.tx.begin_distributed,compile_flag_disabled_returns_functionality_unsupported;public_stub_enabled_returns_functionality_unlicensed;private_provider_required_for_execution,docs/reference/compatibility_catalog_seeds/mongodb/mongodb_8_beta2_full_seed_manifest.yaml#keyword:replica,own_compatibility_surface_only,FPR-P2,not_cluster_query
mongodb,reference_surface:range_placement,cluster.placement.assign_tablet_range,required_new:sblr.cluster.placement.v1:cluster.placement.assign_tablet_range,compile_flag_disabled_returns_functionality_unsupported;public_stub_enabled_returns_functionality_unlicensed;private_provider_required_for_execution,docs/reference/compatibility_release_acquisition/mongodb/8.2.6/license/LICENSE_SOURCE.txt#keyword:range,own_compatibility_surface_only,FPR-P2,not_cluster_query
mongodb,reference_surface:distributed_execution_or_control,cluster.query.plan_distributed,required_new:sblr.cluster.query.v1:cluster.query.plan_distributed,compile_flag_disabled_returns_functionality_unsupported;public_stub_enabled_returns_functionality_unlicensed;private_provider_required_for_execution,docs/reference/compatibility_release_acquisition/mongodb/8.2.6/regression/SOURCE_POINTERS.md#keyword:distributed,own_compatibility_surface_only,FPR-P2,cross_node_distributed_cluster_authority_not_local_query
mongodb,reference_surface:cdc_stream,cluster.metrics.emit_event,sblr.cluster.report.v3:cluster.metrics.emit_event,compile_flag_disabled_returns_functionality_unsupported;public_stub_enabled_returns_functionality_unlicensed;private_provider_required_for_execution,docs/reference/compatibility_release_acquisition/mongodb/8.2.6/source/README.third_party.md#keyword:cdc,own_compatibility_surface_only,FPR-P2,not_cluster_query
mongodb,reference_surface:tablet_placement,cluster.placement.assign_tablet_range,required_new:sblr.cluster.placement.v1:cluster.placement.assign_tablet_range,compile_flag_disabled_returns_functionality_unsupported;public_stub_enabled_returns_functionality_unlicensed;private_provider_required_for_execution,docs/reference/compatibility_release_acquisition/mongodb/8.2.6/source/buildscripts/idl/compatibility_rules.yml#keyword:tablet,own_compatibility_surface_only,FPR-P2,not_cluster_query
mongodb,reference_surface:raft_consensus,cluster.tx.validate_finality_proof,required_new:sblr.cluster.transaction.v1:cluster.tx.validate_finality_proof,compile_flag_disabled_returns_functionality_unsupported;public_stub_enabled_returns_functionality_unlicensed;private_provider_required_for_execution,docs/reference/compatibility_release_acquisition/mongodb/8.2.6/source/buildscripts/idl/idl_schema.yml#keyword:raft,own_compatibility_surface_only,FPR-P2,not_cluster_query
mongodb,reference_surface:failover_control,cluster.node.admit_member,sblr.cluster.control.v3:cluster.node.admit_member,compile_flag_disabled_returns_functionality_unsupported;public_stub_enabled_returns_functionality_unlicensed;private_provider_required_for_execution,docs/reference/compatibility_release_acquisition/mongodb/8.2.6/source/buildscripts/resmokeconfig/matrix_suites/mappings/no_causal_consistency_replica_sets_kill_stepdown_terminate_jscore_passthrough.yml#keyword:failover,own_compatibility_surface_only,FPR-P2,not_cluster_query
mongodb,reference_surface:partition_distribution,cluster.placement.assign_tablet_range,required_new:sblr.cluster.placement.v1:cluster.placement.assign_tablet_range,compile_flag_disabled_returns_functionality_unsupported;public_stub_enabled_returns_functionality_unlicensed;private_provider_required_for_execution,docs/reference/compatibility_release_acquisition/mongodb/8.2.6/source/buildscripts/resmokeconfig/suites/concurrency_sharded_multi_stmt_txn_stepdown_terminate_kill_primary.yml#keyword:partition,own_compatibility_surface_only,FPR-P2,not_cluster_query
mongodb,reference_surface:leader_election,cluster.node.set_role,sblr.cluster.control.v3:cluster.node.set_role,compile_flag_disabled_returns_functionality_unsupported;public_stub_enabled_returns_functionality_unlicensed;private_provider_required_for_execution,docs/reference/compatibility_release_acquisition/mongodb/8.2.6/source/src/mongo/db/repl/README.md#keyword:leader,own_compatibility_surface_only,FPR-P2,not_cluster_query
mongodb,reference_surface:changefeed_stream,cluster.metrics.emit_event,sblr.cluster.report.v3:cluster.metrics.emit_event,compile_flag_disabled_returns_functionality_unsupported;public_stub_enabled_returns_functionality_unlicensed;private_provider_required_for_execution,docs/specifications/chapters/compatibilitys/mongodb/appendix-compatibility-mongodb-exact-extraction-slice-5-sharding-index-migration-cdc-and-optimizer-profile.md#keyword:changefeed,own_compatibility_surface_only,FPR-P2,not_cluster_query
mysql,reference_surface:cluster_topology_or_control,cluster.job.start_controlled,sblr.cluster.control.v3:cluster.job.start_controlled,compile_flag_disabled_returns_functionality_unsupported;public_stub_enabled_returns_functionality_unlicensed;private_provider_required_for_execution,docs/reference/compatibility_catalog_seeds/mysql/mysql_8_4_beta2_full_seed_manifest.yaml#keyword:cluster,own_compatibility_surface_only,FPR-P2,not_cluster_query
mysql,reference_surface:replication_control,cluster.replication.consume_cluster_event,sblr.replication.consumer.v3:cluster.replication.consume_cluster_event,compile_flag_disabled_returns_functionality_unsupported;public_stub_enabled_returns_functionality_unlicensed;private_provider_required_for_execution,docs/reference/compatibility_catalog_seeds/mysql/mysql_8_4_beta2_full_seed_manifest.yaml#keyword:replication,own_compatibility_surface_only,FPR-P2,not_cluster_query
mysql,reference_surface:cdc_stream,cluster.metrics.emit_event,sblr.cluster.report.v3:cluster.metrics.emit_event,compile_flag_disabled_returns_functionality_unsupported;public_stub_enabled_returns_functionality_unlicensed;private_provider_required_for_execution,docs/reference/compatibility_catalog_seeds/mysql/mysql_8_4_beta2_full_seed_manifest.yaml#keyword:cdc,own_compatibility_surface_only,FPR-P2,not_cluster_query
mysql,reference_surface:placement_policy,cluster.security.validate_policy_version,required_new:sblr.cluster.security.v1:cluster.security.validate_policy_version,compile_flag_disabled_returns_functionality_unsupported;public_stub_enabled_returns_functionality_unlicensed;private_provider_required_for_execution,docs/reference/compatibility_catalog_seeds/mysql/mysql_8_4_beta2_full_seed_manifest.yaml#keyword:placement,own_compatibility_surface_only,FPR-P2,not_cluster_query
mysql,reference_surface:replica_control,cluster.tx.begin_distributed,required_new:sblr.cluster.transaction.v1:cluster.tx.begin_distributed,compile_flag_disabled_returns_functionality_unsupported;public_stub_enabled_returns_functionality_unlicensed;private_provider_required_for_execution,docs/reference/compatibility_catalog_seeds/mysql/mysql_8_4_beta2_full_seed_manifest.yaml#keyword:replica,own_compatibility_surface_only,FPR-P2,not_cluster_query
mysql,reference_surface:distributed_execution_or_control,cluster.query.plan_distributed,required_new:sblr.cluster.query.v1:cluster.query.plan_distributed,compile_flag_disabled_returns_functionality_unsupported;public_stub_enabled_returns_functionality_unlicensed;private_provider_required_for_execution,docs/reference/compatibility_release_acquisition/mysql/8.4.8/source/CMakeLists.txt#keyword:distributed,own_compatibility_surface_only,FPR-P2,cross_node_distributed_cluster_authority_not_local_query
mysql,reference_surface:range_placement,cluster.placement.assign_tablet_range,required_new:sblr.cluster.placement.v1:cluster.placement.assign_tablet_range,compile_flag_disabled_returns_functionality_unsupported;public_stub_enabled_returns_functionality_unlicensed;private_provider_required_for_execution,docs/reference/compatibility_release_acquisition/mysql/8.4.8/source/Docs/sp-imp-spec.txt#keyword:range,own_compatibility_surface_only,FPR-P2,not_cluster_query
mysql,reference_surface:raft_consensus,cluster.tx.validate_finality_proof,required_new:sblr.cluster.transaction.v1:cluster.tx.validate_finality_proof,compile_flag_disabled_returns_functionality_unsupported;public_stub_enabled_returns_functionality_unlicensed;private_provider_required_for_execution,docs/reference/compatibility_release_acquisition/mysql/8.4.8/source/extra/libedit/libedit-20240808-3.1/src/CMakeLists.txt#keyword:raft,own_compatibility_surface_only,FPR-P2,not_cluster_query
mysql,reference_surface:shard_placement,cluster.placement.assign_tablet_range,required_new:sblr.cluster.placement.v1:cluster.placement.assign_tablet_range,compile_flag_disabled_returns_functionality_unsupported;public_stub_enabled_returns_functionality_unlicensed;private_provider_required_for_execution,docs/reference/compatibility_release_acquisition/mysql/8.4.8/source/mysql-test/lock_order_dependencies.txt#keyword:shard,own_compatibility_surface_only,FPR-P2,not_cluster_query
mysql,reference_surface:partition_distribution,cluster.placement.validate_partition_distribution,required_new:sblr.cluster.placement.v1:cluster.placement.validate_partition_distribution,compile_flag_disabled_returns_functionality_unsupported;public_stub_enabled_returns_functionality_unlicensed;private_provider_required_for_execution,docs/reference/compatibility_release_acquisition/mysql/8.4.8/source/mysql-test/lock_order_dependencies.txt#keyword:partition,own_compatibility_surface_only,FPR-P2,not_cluster_query
mysql,reference_surface:failover_control,cluster.node.admit_member,sblr.cluster.control.v3:cluster.node.admit_member,compile_flag_disabled_returns_functionality_unsupported;public_stub_enabled_returns_functionality_unlicensed;private_provider_required_for_execution,docs/reference/compatibility_release_acquisition/mysql/8.4.8/source/mysql-test/std_data/dd/sdi/innodb_sdi/mysql.json#keyword:failover,own_compatibility_surface_only,FPR-P2,not_cluster_query
mysql,reference_surface:leader_election,cluster.node.set_role,sblr.cluster.control.v3:cluster.node.set_role,compile_flag_disabled_returns_functionality_unsupported;public_stub_enabled_returns_functionality_unlicensed;private_provider_required_for_execution,docs/reference/compatibility_release_acquisition/mysql/8.4.8/source/mysql-test/std_data/lob/frankenstein.txt#keyword:leader,own_compatibility_surface_only,FPR-P2,not_cluster_query
neo4j,reference_surface:cluster_topology_or_control,cluster.job.start_controlled,sblr.cluster.control.v3:cluster.job.start_controlled,compile_flag_disabled_returns_functionality_unsupported;public_stub_enabled_returns_functionality_unlicensed;private_provider_required_for_execution,docs/reference/compatibility_catalog_seeds/neo4j/neo4j_2025_beta2_full_seed_manifest.yaml#keyword:cluster,own_compatibility_surface_only,FPR-P2,not_cluster_query
neo4j,reference_surface:replication_control,cluster.replication.consume_cluster_event,sblr.replication.consumer.v3:cluster.replication.consume_cluster_event,compile_flag_disabled_returns_functionality_unsupported;public_stub_enabled_returns_functionality_unlicensed;private_provider_required_for_execution,docs/reference/compatibility_catalog_seeds/neo4j/neo4j_2025_beta2_full_seed_manifest.yaml#keyword:replication,own_compatibility_surface_only,FPR-P2,not_cluster_query
neo4j,reference_surface:cdc_stream,cluster.metrics.emit_event,sblr.cluster.report.v3:cluster.metrics.emit_event,compile_flag_disabled_returns_functionality_unsupported;public_stub_enabled_returns_functionality_unlicensed;private_provider_required_for_execution,docs/reference/compatibility_catalog_seeds/neo4j/neo4j_2025_beta2_full_seed_manifest.yaml#keyword:cdc,own_compatibility_surface_only,FPR-P2,not_cluster_query
neo4j,reference_surface:placement_policy,cluster.security.validate_policy_version,required_new:sblr.cluster.security.v1:cluster.security.validate_policy_version,compile_flag_disabled_returns_functionality_unsupported;public_stub_enabled_returns_functionality_unlicensed;private_provider_required_for_execution,docs/reference/compatibility_catalog_seeds/neo4j/neo4j_2025_beta2_full_seed_manifest.yaml#keyword:placement,own_compatibility_surface_only,FPR-P2,not_cluster_query
neo4j,reference_surface:replica_control,cluster.tx.begin_distributed,required_new:sblr.cluster.transaction.v1:cluster.tx.begin_distributed,compile_flag_disabled_returns_functionality_unsupported;public_stub_enabled_returns_functionality_unlicensed;private_provider_required_for_execution,docs/reference/compatibility_catalog_seeds/neo4j/neo4j_2025_beta2_full_seed_manifest.yaml#keyword:replica,own_compatibility_surface_only,FPR-P2,not_cluster_query
neo4j,reference_surface:distributed_execution_or_control,cluster.query.plan_distributed,required_new:sblr.cluster.query.v1:cluster.query.plan_distributed,compile_flag_disabled_returns_functionality_unsupported;public_stub_enabled_returns_functionality_unlicensed;private_provider_required_for_execution,docs/reference/compatibility_release_acquisition/neo4j/2026.04.0/license/LICENSE_SOURCE.txt#keyword:distributed,own_compatibility_surface_only,FPR-P2,cross_node_distributed_cluster_authority_not_local_query
neo4j,reference_surface:range_placement,cluster.placement.assign_tablet_range,required_new:sblr.cluster.placement.v1:cluster.placement.assign_tablet_range,compile_flag_disabled_returns_functionality_unsupported;public_stub_enabled_returns_functionality_unlicensed;private_provider_required_for_execution,docs/reference/compatibility_release_acquisition/neo4j/2026.04.0/license/LICENSE_SOURCE.txt#keyword:range,own_compatibility_surface_only,FPR-P2,not_cluster_query
neo4j,reference_surface:raft_consensus,cluster.tx.validate_finality_proof,required_new:sblr.cluster.transaction.v1:cluster.tx.validate_finality_proof,compile_flag_disabled_returns_functionality_unsupported;public_stub_enabled_returns_functionality_unlicensed;private_provider_required_for_execution,docs/reference/compatibility_release_acquisition/neo4j/2026.04.0/source/community/bolt/ThirdPartyLicenses.txt#keyword:raft,own_compatibility_surface_only,FPR-P2,not_cluster_query
neo4j,reference_surface:shard_placement,cluster.placement.assign_tablet_range,required_new:sblr.cluster.placement.v1:cluster.placement.assign_tablet_range,compile_flag_disabled_returns_functionality_unsupported;public_stub_enabled_returns_functionality_unlicensed;private_provider_required_for_execution,docs/reference/compatibility_release_acquisition/neo4j/2026.04.0/source/community/common/PublicApi.txt#keyword:shard,own_compatibility_surface_only,FPR-P2,not_cluster_query
neo4j,reference_surface:leader_election,cluster.node.set_role,sblr.cluster.control.v3:cluster.node.set_role,compile_flag_disabled_returns_functionality_unsupported;public_stub_enabled_returns_functionality_unlicensed;private_provider_required_for_execution,docs/reference/compatibility_release_acquisition/neo4j/2026.04.0/source/community/common/PublicApi.txt#keyword:leader,own_compatibility_surface_only,FPR-P2,not_cluster_query
opensearch,reference_surface:cluster_topology_or_control,cluster.job.start_controlled,sblr.cluster.control.v3:cluster.job.start_controlled,compile_flag_disabled_returns_functionality_unsupported;public_stub_enabled_returns_functionality_unlicensed;private_provider_required_for_execution,docs/reference/compatibility_catalog_seeds/opensearch/opensearch_2_beta2_full_seed_manifest.yaml#keyword:cluster,own_compatibility_surface_only,FPR-P2,not_cluster_query
opensearch,reference_surface:replication_control,cluster.replication.consume_cluster_event,sblr.replication.consumer.v3:cluster.replication.consume_cluster_event,compile_flag_disabled_returns_functionality_unsupported;public_stub_enabled_returns_functionality_unlicensed;private_provider_required_for_execution,docs/reference/compatibility_catalog_seeds/opensearch/opensearch_2_beta2_full_seed_manifest.yaml#keyword:replication,own_compatibility_surface_only,FPR-P2,not_cluster_query
opensearch,reference_surface:cdc_stream,cluster.metrics.emit_event,sblr.cluster.report.v3:cluster.metrics.emit_event,compile_flag_disabled_returns_functionality_unsupported;public_stub_enabled_returns_functionality_unlicensed;private_provider_required_for_execution,docs/reference/compatibility_catalog_seeds/opensearch/opensearch_2_beta2_full_seed_manifest.yaml#keyword:cdc,own_compatibility_surface_only,FPR-P2,not_cluster_query
opensearch,reference_surface:shard_placement,cluster.placement.assign_tablet_range,required_new:sblr.cluster.placement.v1:cluster.placement.assign_tablet_range,compile_flag_disabled_returns_functionality_unsupported;public_stub_enabled_returns_functionality_unlicensed;private_provider_required_for_execution,docs/reference/compatibility_catalog_seeds/opensearch/opensearch_2_beta2_full_seed_manifest.yaml#keyword:shard,own_compatibility_surface_only,FPR-P2,not_cluster_query
opensearch,reference_surface:placement_policy,cluster.security.validate_policy_version,required_new:sblr.cluster.security.v1:cluster.security.validate_policy_version,compile_flag_disabled_returns_functionality_unsupported;public_stub_enabled_returns_functionality_unlicensed;private_provider_required_for_execution,docs/reference/compatibility_catalog_seeds/opensearch/opensearch_2_beta2_full_seed_manifest.yaml#keyword:placement,own_compatibility_surface_only,FPR-P2,not_cluster_query
opensearch,reference_surface:replica_control,cluster.tx.begin_distributed,required_new:sblr.cluster.transaction.v1:cluster.tx.begin_distributed,compile_flag_disabled_returns_functionality_unsupported;public_stub_enabled_returns_functionality_unlicensed;private_provider_required_for_execution,docs/reference/compatibility_catalog_seeds/opensearch/opensearch_2_beta2_full_seed_manifest.yaml#keyword:replica,own_compatibility_surface_only,FPR-P2,not_cluster_query
opensearch,reference_surface:distributed_execution_or_control,cluster.query.fanout_search,required_new:sblr.cluster.query.v1:cluster.query.fanout_search,compile_flag_disabled_returns_functionality_unsupported;public_stub_enabled_returns_functionality_unlicensed;private_provider_required_for_execution,docs/reference/compatibility_release_acquisition/opensearch/3.6.0/license/LICENSE.txt#keyword:distributed,own_compatibility_surface_only,FPR-P2,cross_node_distributed_cluster_authority_not_local_query
opensearch,reference_surface:range_placement,cluster.placement.assign_tablet_range,required_new:sblr.cluster.placement.v1:cluster.placement.assign_tablet_range,compile_flag_disabled_returns_functionality_unsupported;public_stub_enabled_returns_functionality_unlicensed;private_provider_required_for_execution,docs/reference/compatibility_release_acquisition/opensearch/3.6.0/source/.github/benchmark-configs.json#keyword:range,own_compatibility_surface_only,FPR-P2,not_cluster_query
opensearch,reference_surface:partition_distribution,cluster.placement.validate_partition_distribution,required_new:sblr.cluster.placement.v1:cluster.placement.validate_partition_distribution,compile_flag_disabled_returns_functionality_unsupported;public_stub_enabled_returns_functionality_unlicensed;private_provider_required_for_execution,docs/reference/compatibility_release_acquisition/opensearch/3.6.0/source/.github/benchmark-configs.json#keyword:partition,own_compatibility_surface_only,FPR-P2,not_cluster_query
opensearch,reference_surface:raft_consensus,cluster.tx.validate_finality_proof,required_new:sblr.cluster.transaction.v1:cluster.tx.validate_finality_proof,compile_flag_disabled_returns_functionality_unsupported;public_stub_enabled_returns_functionality_unlicensed;private_provider_required_for_execution,docs/reference/compatibility_release_acquisition/opensearch/3.6.0/source/AGENTS.md#keyword:raft,own_compatibility_surface_only,FPR-P2,not_cluster_query
opensearch,reference_surface:tablet_placement,cluster.placement.assign_tablet_range,required_new:sblr.cluster.placement.v1:cluster.placement.assign_tablet_range,compile_flag_disabled_returns_functionality_unsupported;public_stub_enabled_returns_functionality_unlicensed;private_provider_required_for_execution,docs/reference/compatibility_release_acquisition/opensearch/3.6.0/source/CHANGELOG.md#keyword:tablet,own_compatibility_surface_only,FPR-P2,not_cluster_query
opensearch,reference_surface:leader_election,cluster.node.set_role,sblr.cluster.control.v3:cluster.node.set_role,compile_flag_disabled_returns_functionality_unsupported;public_stub_enabled_returns_functionality_unlicensed;private_provider_required_for_execution,docs/reference/compatibility_release_acquisition/opensearch/3.6.0/source/modules/analysis-common/src/yamlRestTest/resources/rest-api-spec/test/search.suggest/20_phrase.yml#keyword:leader,own_compatibility_surface_only,FPR-P2,not_cluster_query
opensearch,reference_surface:failover_control,cluster.node.admit_member,sblr.cluster.control.v3:cluster.node.admit_member,compile_flag_disabled_returns_functionality_unsupported;public_stub_enabled_returns_functionality_unlicensed;private_provider_required_for_execution,docs/reference/compatibility_release_acquisition/opensearch/3.6.0/source/release-notes/opensearch.release-notes-1.2.0.md#keyword:failover,own_compatibility_surface_only,FPR-P2,not_cluster_query
opensearch,reference_surface:raft_consensus,cluster.tx.validate_finality_proof,required_new:sblr.cluster.transaction.v1:cluster.tx.validate_finality_proof,compile_flag_disabled_returns_functionality_unsupported;public_stub_enabled_returns_functionality_unlicensed;private_provider_required_for_execution,docs/reference/compatibility_release_acquisition/opensearch_sql_ppl/source/.claude/harness/ppl-bugfix-harness.md#keyword:raft,own_compatibility_surface_only,FPR-P2,not_cluster_query
opensearch,reference_surface:shard_placement,cluster.placement.assign_tablet_range,required_new:sblr.cluster.placement.v1:cluster.placement.assign_tablet_range,compile_flag_disabled_returns_functionality_unsupported;public_stub_enabled_returns_functionality_unlicensed;private_provider_required_for_execution,docs/reference/compatibility_release_acquisition/opensearch_sql_ppl/source/.claude/harness/ppl-bugfix-reference.md#keyword:shard,own_compatibility_surface_only,FPR-P2,not_cluster_query
opensearch,reference_surface:replica_control,cluster.tx.begin_distributed,required_new:sblr.cluster.transaction.v1:cluster.tx.begin_distributed,compile_flag_disabled_returns_functionality_unsupported;public_stub_enabled_returns_functionality_unlicensed;private_provider_required_for_execution,docs/reference/compatibility_release_acquisition/opensearch_sql_ppl/source/.claude/harness/ppl-bugfix-reference.md#keyword:replica,own_compatibility_surface_only,FPR-P2,not_cluster_query
opensearch,reference_surface:cluster_topology_or_control,cluster.job.start_controlled,sblr.cluster.control.v3:cluster.job.start_controlled,compile_flag_disabled_returns_functionality_unsupported;public_stub_enabled_returns_functionality_unlicensed;private_provider_required_for_execution,docs/reference/compatibility_release_acquisition/opensearch_sql_ppl/source/.github/workflows/integ-tests-with-security.yml#keyword:cluster,own_compatibility_surface_only,FPR-P2,not_cluster_query
opensearch,reference_surface:distributed_execution_or_control,cluster.query.fanout_search,required_new:sblr.cluster.query.v1:cluster.query.fanout_search,compile_flag_disabled_returns_functionality_unsupported;public_stub_enabled_returns_functionality_unlicensed;private_provider_required_for_execution,docs/reference/compatibility_release_acquisition/opensearch_sql_ppl/source/CONTRIBUTING.md#keyword:distributed,own_compatibility_surface_only,FPR-P2,cross_node_distributed_cluster_authority_not_local_query
opensearch,reference_surface:range_placement,cluster.placement.assign_tablet_range,required_new:sblr.cluster.placement.v1:cluster.placement.assign_tablet_range,compile_flag_disabled_returns_functionality_unsupported;public_stub_enabled_returns_functionality_unlicensed;private_provider_required_for_execution,docs/reference/compatibility_release_acquisition/opensearch_sql_ppl/source/docs/dev/datasource-prometheus.md#keyword:range,own_compatibility_surface_only,FPR-P2,not_cluster_query
opensearch,reference_surface:partition_distribution,cluster.placement.validate_partition_distribution,required_new:sblr.cluster.placement.v1:cluster.placement.validate_partition_distribution,compile_flag_disabled_returns_functionality_unsupported;public_stub_enabled_returns_functionality_unlicensed;private_provider_required_for_execution,docs/reference/compatibility_release_acquisition/opensearch_sql_ppl/source/docs/dev/datasource-query-s3.md#keyword:partition,own_compatibility_surface_only,FPR-P2,not_cluster_query
opensearch,reference_surface:placement_policy,cluster.security.validate_policy_version,required_new:sblr.cluster.security.v1:cluster.security.validate_policy_version,compile_flag_disabled_returns_functionality_unsupported;public_stub_enabled_returns_functionality_unlicensed;private_provider_required_for_execution,docs/reference/compatibility_release_acquisition/opensearch_sql_ppl/source/docs/user/ppl/cmd/fillnull.md#keyword:placement,own_compatibility_surface_only,FPR-P2,not_cluster_query
opensearch,reference_surface:tablet_placement,cluster.placement.assign_tablet_range,required_new:sblr.cluster.placement.v1:cluster.placement.assign_tablet_range,compile_flag_disabled_returns_functionality_unsupported;public_stub_enabled_returns_functionality_unlicensed;private_provider_required_for_execution,docs/reference/compatibility_release_acquisition/opensearch_sql_ppl/source/docs/user/ppl/functions/condition.md#keyword:tablet,own_compatibility_surface_only,FPR-P2,not_cluster_query
opensearch,reference_surface:replication_control,cluster.replication.consume_cluster_event,sblr.replication.consumer.v3:cluster.replication.consume_cluster_event,compile_flag_disabled_returns_functionality_unsupported;public_stub_enabled_returns_functionality_unlicensed;private_provider_required_for_execution,docs/reference/compatibility_release_acquisition/opensearch_sql_ppl/source/release-notes/opensearch-sql.release-notes-2.10.0.0.md#keyword:replication,own_compatibility_surface_only,FPR-P2,not_cluster_query
postgresql,reference_surface:cluster_topology_or_control,cluster.job.start_controlled,sblr.cluster.control.v3:cluster.job.start_controlled,compile_flag_disabled_returns_functionality_unsupported;public_stub_enabled_returns_functionality_unlicensed;private_provider_required_for_execution,docs/reference/compatibility_catalog_seeds/postgresql/postgresql_18_1_beta2_full_seed_manifest.yaml#keyword:cluster,own_compatibility_surface_only,FPR-P2,not_cluster_query
postgresql,reference_surface:replication_control,cluster.replication.consume_cluster_event,sblr.replication.consumer.v3:cluster.replication.consume_cluster_event,compile_flag_disabled_returns_functionality_unsupported;public_stub_enabled_returns_functionality_unlicensed;private_provider_required_for_execution,docs/reference/compatibility_catalog_seeds/postgresql/postgresql_18_1_beta2_full_seed_manifest.yaml#keyword:replication,own_compatibility_surface_only,FPR-P2,not_cluster_query
postgresql,reference_surface:cdc_stream,cluster.metrics.emit_event,sblr.cluster.report.v3:cluster.metrics.emit_event,compile_flag_disabled_returns_functionality_unsupported;public_stub_enabled_returns_functionality_unlicensed;private_provider_required_for_execution,docs/reference/compatibility_catalog_seeds/postgresql/postgresql_18_1_beta2_full_seed_manifest.yaml#keyword:cdc,own_compatibility_surface_only,FPR-P2,not_cluster_query
postgresql,reference_surface:placement_policy,cluster.security.validate_policy_version,required_new:sblr.cluster.security.v1:cluster.security.validate_policy_version,compile_flag_disabled_returns_functionality_unsupported;public_stub_enabled_returns_functionality_unlicensed;private_provider_required_for_execution,docs/reference/compatibility_catalog_seeds/postgresql/postgresql_18_1_beta2_full_seed_manifest.yaml#keyword:placement,own_compatibility_surface_only,FPR-P2,not_cluster_query
postgresql,reference_surface:replica_control,cluster.tx.begin_distributed,required_new:sblr.cluster.transaction.v1:cluster.tx.begin_distributed,compile_flag_disabled_returns_functionality_unsupported;public_stub_enabled_returns_functionality_unlicensed;private_provider_required_for_execution,docs/reference/compatibility_catalog_seeds/postgresql/postgresql_18_1_beta2_full_seed_manifest.yaml#keyword:replica,own_compatibility_surface_only,FPR-P2,not_cluster_query
postgresql,reference_surface:range_placement,cluster.placement.assign_tablet_range,required_new:sblr.cluster.placement.v1:cluster.placement.assign_tablet_range,compile_flag_disabled_returns_functionality_unsupported;public_stub_enabled_returns_functionality_unlicensed;private_provider_required_for_execution,docs/reference/compatibility_catalog_seeds/postgresql/postgresql_18_1_catalog_inventory.csv#keyword:range,own_compatibility_surface_only,FPR-P2,not_cluster_query
postgresql,reference_surface:partition_distribution,cluster.placement.validate_partition_distribution,required_new:sblr.cluster.placement.v1:cluster.placement.validate_partition_distribution,compile_flag_disabled_returns_functionality_unsupported;public_stub_enabled_returns_functionality_unlicensed;private_provider_required_for_execution,docs/reference/compatibility_catalog_seeds/postgresql/postgresql_18_1_catalog_inventory.csv#keyword:partition,own_compatibility_surface_only,FPR-P2,not_cluster_query
postgresql,reference_surface:raft_consensus,cluster.tx.validate_finality_proof,required_new:sblr.cluster.transaction.v1:cluster.tx.validate_finality_proof,compile_flag_disabled_returns_functionality_unsupported;public_stub_enabled_returns_functionality_unlicensed;private_provider_required_for_execution,docs/reference/compatibility_catalog_seeds/postgresql/postgresql_18_1_seed_manifest.yaml#keyword:raft,own_compatibility_surface_only,FPR-P2,not_cluster_query
postgresql,reference_surface:leader_election,cluster.node.set_role,sblr.cluster.control.v3:cluster.node.set_role,compile_flag_disabled_returns_functionality_unsupported;public_stub_enabled_returns_functionality_unlicensed;private_provider_required_for_execution,docs/reference/compatibility_release_acquisition/postgresql/18.3/source/src/backend/utils/activity/wait_event_names.txt#keyword:leader,own_compatibility_surface_only,FPR-P2,not_cluster_query
postgresql,reference_surface:failover_control,cluster.node.admit_member,sblr.cluster.control.v3:cluster.node.admit_member,compile_flag_disabled_returns_functionality_unsupported;public_stub_enabled_returns_functionality_unlicensed;private_provider_required_for_execution,docs/specifications/chapters/compatibilitys/postgresql/README.md#keyword:failover,own_compatibility_surface_only,FPR-P2,not_cluster_query
postgresql,reference_surface:distributed_execution_or_control,cluster.query.plan_distributed,required_new:sblr.cluster.query.v1:cluster.query.plan_distributed,compile_flag_disabled_returns_functionality_unsupported;public_stub_enabled_returns_functionality_unlicensed;private_provider_required_for_execution,docs/specifications/chapters/compatibilitys/postgresql/appendix-compatibility-postgresql-go-readiness-exact-extraction-closure.md#keyword:distributed,own_compatibility_surface_only,FPR-P2,cross_node_distributed_cluster_authority_not_local_query
redis,reference_surface:cluster_topology_or_control,cluster.job.start_controlled,sblr.cluster.control.v3:cluster.job.start_controlled,compile_flag_disabled_returns_functionality_unsupported;public_stub_enabled_returns_functionality_unlicensed;private_provider_required_for_execution,docs/reference/compatibility_catalog_seeds/redis/redis_8_beta2_full_seed_manifest.yaml#keyword:cluster,own_compatibility_surface_only,FPR-P2,not_cluster_query
redis,reference_surface:replication_control,cluster.replication.consume_cluster_event,sblr.replication.consumer.v3:cluster.replication.consume_cluster_event,compile_flag_disabled_returns_functionality_unsupported;public_stub_enabled_returns_functionality_unlicensed;private_provider_required_for_execution,docs/reference/compatibility_catalog_seeds/redis/redis_8_beta2_full_seed_manifest.yaml#keyword:replication,own_compatibility_surface_only,FPR-P2,not_cluster_query
redis,reference_surface:range_placement,cluster.placement.assign_tablet_range,required_new:sblr.cluster.placement.v1:cluster.placement.assign_tablet_range,compile_flag_disabled_returns_functionality_unsupported;public_stub_enabled_returns_functionality_unlicensed;private_provider_required_for_execution,docs/reference/compatibility_catalog_seeds/redis/redis_8_beta2_full_seed_manifest.yaml#keyword:range,own_compatibility_surface_only,FPR-P2,not_cluster_query
redis,reference_surface:placement_policy,cluster.security.validate_policy_version,required_new:sblr.cluster.security.v1:cluster.security.validate_policy_version,compile_flag_disabled_returns_functionality_unsupported;public_stub_enabled_returns_functionality_unlicensed;private_provider_required_for_execution,docs/reference/compatibility_catalog_seeds/redis/redis_8_beta2_full_seed_manifest.yaml#keyword:placement,own_compatibility_surface_only,FPR-P2,not_cluster_query
redis,reference_surface:replica_control,cluster.tx.begin_distributed,required_new:sblr.cluster.transaction.v1:cluster.tx.begin_distributed,compile_flag_disabled_returns_functionality_unsupported;public_stub_enabled_returns_functionality_unlicensed;private_provider_required_for_execution,docs/reference/compatibility_catalog_seeds/redis/redis_8_beta2_full_seed_manifest.yaml#keyword:replica,own_compatibility_surface_only,FPR-P2,not_cluster_query
redis,reference_surface:cdc_stream,cluster.metrics.emit_event,sblr.cluster.report.v3:cluster.metrics.emit_event,compile_flag_disabled_returns_functionality_unsupported;public_stub_enabled_returns_functionality_unlicensed;private_provider_required_for_execution,docs/reference/compatibility_release_acquisition/redis/8.6.2/RELEASE_EVIDENCE_MANIFEST.yaml#keyword:cdc,own_compatibility_surface_only,FPR-P2,not_cluster_query
redis,reference_surface:distributed_execution_or_control,cluster.query.plan_distributed,required_new:sblr.cluster.query.v1:cluster.query.plan_distributed,compile_flag_disabled_returns_functionality_unsupported;public_stub_enabled_returns_functionality_unlicensed;private_provider_required_for_execution,docs/reference/compatibility_release_acquisition/redis/8.6.2/license/LICENSE.txt#keyword:distributed,own_compatibility_surface_only,FPR-P2,cross_node_distributed_cluster_authority_not_local_query
redis,reference_surface:failover_control,cluster.node.admit_member,sblr.cluster.control.v3:cluster.node.admit_member,compile_flag_disabled_returns_functionality_unsupported;public_stub_enabled_returns_functionality_unlicensed;private_provider_required_for_execution,docs/reference/compatibility_release_acquisition/redis/8.6.2/source/.github/workflows/daily.yml#keyword:failover,own_compatibility_surface_only,FPR-P2,not_cluster_query
redis,reference_surface:leader_election,cluster.node.set_role,sblr.cluster.control.v3:cluster.node.set_role,compile_flag_disabled_returns_functionality_unsupported;public_stub_enabled_returns_functionality_unlicensed;private_provider_required_for_execution,docs/reference/compatibility_release_acquisition/redis/8.6.2/source/CODE_OF_CONDUCT.md#keyword:leader,own_compatibility_surface_only,FPR-P2,not_cluster_query
redis,reference_surface:raft_consensus,cluster.tx.validate_finality_proof,required_new:sblr.cluster.transaction.v1:cluster.tx.validate_finality_proof,compile_flag_disabled_returns_functionality_unsupported;public_stub_enabled_returns_functionality_unlicensed;private_provider_required_for_execution,docs/reference/compatibility_release_acquisition/redis/8.6.2/source/deps/hiredis/.github/workflows/release-drafter.yml#keyword:raft,own_compatibility_surface_only,FPR-P2,not_cluster_query
redis,reference_surface:partition_distribution,cluster.placement.validate_partition_distribution,required_new:sblr.cluster.placement.v1:cluster.placement.validate_partition_distribution,compile_flag_disabled_returns_functionality_unsupported;public_stub_enabled_returns_functionality_unlicensed;private_provider_required_for_execution,docs/reference/compatibility_release_acquisition/redis/8.6.2/source/modules/vector-sets/README.md#keyword:partition,own_compatibility_surface_only,FPR-P2,not_cluster_query
redis,reference_surface:shard_placement,cluster.placement.assign_tablet_range,required_new:sblr.cluster.placement.v1:cluster.placement.assign_tablet_range,compile_flag_disabled_returns_functionality_unsupported;public_stub_enabled_returns_functionality_unlicensed;private_provider_required_for_execution,docs/reference/compatibility_release_acquisition/redis/8.6.2/source/src/commands/cluster-myshardid.json#keyword:shard,own_compatibility_surface_only,FPR-P2,not_cluster_query
sqlite,reference_surface:cluster_topology_or_control,cluster.job.start_controlled,sblr.cluster.control.v3:cluster.job.start_controlled,compile_flag_disabled_returns_functionality_unsupported;public_stub_enabled_returns_functionality_unlicensed;private_provider_required_for_execution,docs/reference/compatibility_catalog_seeds/sqlite/sqlite_3_beta2_full_seed_manifest.yaml#keyword:cluster,own_compatibility_surface_only,FPR-P2,not_cluster_query
sqlite,reference_surface:replication_control,cluster.replication.consume_cluster_event,sblr.replication.consumer.v3:cluster.replication.consume_cluster_event,compile_flag_disabled_returns_functionality_unsupported;public_stub_enabled_returns_functionality_unlicensed;private_provider_required_for_execution,docs/reference/compatibility_catalog_seeds/sqlite/sqlite_3_beta2_full_seed_manifest.yaml#keyword:replication,own_compatibility_surface_only,FPR-P2,not_cluster_query
sqlite,reference_surface:placement_policy,cluster.security.validate_policy_version,required_new:sblr.cluster.security.v1:cluster.security.validate_policy_version,compile_flag_disabled_returns_functionality_unsupported;public_stub_enabled_returns_functionality_unlicensed;private_provider_required_for_execution,docs/reference/compatibility_catalog_seeds/sqlite/sqlite_3_beta2_full_seed_manifest.yaml#keyword:placement,own_compatibility_surface_only,FPR-P2,not_cluster_query
sqlite,reference_surface:replica_control,cluster.tx.begin_distributed,required_new:sblr.cluster.transaction.v1:cluster.tx.begin_distributed,compile_flag_disabled_returns_functionality_unsupported;public_stub_enabled_returns_functionality_unlicensed;private_provider_required_for_execution,docs/reference/compatibility_catalog_seeds/sqlite/sqlite_3_beta2_full_seed_manifest.yaml#keyword:replica,own_compatibility_surface_only,FPR-P2,not_cluster_query
sqlite,reference_surface:distributed_execution_or_control,cluster.query.plan_distributed,required_new:sblr.cluster.query.v1:cluster.query.plan_distributed,compile_flag_disabled_returns_functionality_unsupported;public_stub_enabled_returns_functionality_unlicensed;private_provider_required_for_execution,docs/reference/compatibility_release_acquisition/sqlite/3.53.0/release-notes/RELEASE_NOTES_SOURCE.md#keyword:distributed,own_compatibility_surface_only,FPR-P2,cross_node_distributed_cluster_authority_not_local_query
sqlite,reference_surface:range_placement,cluster.placement.assign_tablet_range,required_new:sblr.cluster.placement.v1:cluster.placement.assign_tablet_range,compile_flag_disabled_returns_functionality_unsupported;public_stub_enabled_returns_functionality_unlicensed;private_provider_required_for_execution,docs/reference/compatibility_release_acquisition/sqlite/3.53.0/source/doc/jsonb.md#keyword:range,own_compatibility_surface_only,FPR-P2,not_cluster_query
sqlite,reference_surface:cdc_stream,cluster.metrics.emit_event,sblr.cluster.report.v3:cluster.metrics.emit_event,compile_flag_disabled_returns_functionality_unsupported;public_stub_enabled_returns_functionality_unlicensed;private_provider_required_for_execution,docs/reference/compatibility_release_acquisition/sqlite/3.53.0/source/ext/fts3/unicode/CaseFolding.txt#keyword:cdc,own_compatibility_surface_only,FPR-P2,not_cluster_query
sqlite,reference_surface:raft_consensus,cluster.tx.validate_finality_proof,required_new:sblr.cluster.transaction.v1:cluster.tx.validate_finality_proof,compile_flag_disabled_returns_functionality_unsupported;public_stub_enabled_returns_functionality_unlicensed;private_provider_required_for_execution,docs/reference/compatibility_release_acquisition/sqlite/3.53.0/source/ext/fts3/unicode/UnicodeData.txt#keyword:raft,own_compatibility_surface_only,FPR-P2,not_cluster_query
sqlite,reference_surface:leader_election,cluster.node.set_role,sblr.cluster.control.v3:cluster.node.set_role,compile_flag_disabled_returns_functionality_unsupported;public_stub_enabled_returns_functionality_unlicensed;private_provider_required_for_execution,docs/reference/compatibility_release_acquisition/sqlite/3.53.0/source/ext/fts3/unicode/UnicodeData.txt#keyword:leader,own_compatibility_surface_only,FPR-P2,not_cluster_query
sqlite,reference_surface:tablet_placement,cluster.placement.assign_tablet_range,required_new:sblr.cluster.placement.v1:cluster.placement.assign_tablet_range,compile_flag_disabled_returns_functionality_unsupported;public_stub_enabled_returns_functionality_unlicensed;private_provider_required_for_execution,docs/reference/compatibility_release_acquisition/sqlite/3.53.0/source/tool/dbtotxt.md#keyword:tablet,own_compatibility_surface_only,FPR-P2,not_cluster_query
sqlite,reference_surface:partition_distribution,cluster.placement.validate_partition_distribution,required_new:sblr.cluster.placement.v1:cluster.placement.validate_partition_distribution,compile_flag_disabled_returns_functionality_unsupported;public_stub_enabled_returns_functionality_unlicensed;private_provider_required_for_execution,docs/specifications/chapters/compatibilitys/sqlite/appendix-compatibility-sqlite-exact-extraction-slice-12-aggregate-window-and-select-expression-runtime-profile.md#keyword:partition,own_compatibility_surface_only,FPR-P2,not_cluster_query
tidb,reference_surface:cluster_topology_or_control,cluster.job.start_controlled,sblr.cluster.control.v3:cluster.job.start_controlled,compile_flag_disabled_returns_functionality_unsupported;public_stub_enabled_returns_functionality_unlicensed;private_provider_required_for_execution,docs/reference/compatibility-engines/tidb/capability-summary.md#keyword:cluster,own_compatibility_surface_only,FPR-P2,not_cluster_query
tidb,reference_surface:distributed_execution_or_control,cluster.query.plan_distributed,required_new:sblr.cluster.query.v1:cluster.query.plan_distributed,compile_flag_disabled_returns_functionality_unsupported;public_stub_enabled_returns_functionality_unlicensed;private_provider_required_for_execution,docs/reference/compatibility-engines/tidb/capability-summary.md#keyword:distributed,own_compatibility_surface_only,FPR-P2,cross_node_distributed_cluster_authority_not_local_query
tidb,reference_surface:changefeed_stream,cluster.metrics.emit_event,sblr.cluster.report.v3:cluster.metrics.emit_event,compile_flag_disabled_returns_functionality_unsupported;public_stub_enabled_returns_functionality_unlicensed;private_provider_required_for_execution,docs/reference/compatibility-engines/tidb/capability-summary.md#keyword:changefeed,own_compatibility_surface_only,FPR-P2,not_cluster_query
tidb,reference_surface:cdc_stream,cluster.metrics.emit_event,sblr.cluster.report.v3:cluster.metrics.emit_event,compile_flag_disabled_returns_functionality_unsupported;public_stub_enabled_returns_functionality_unlicensed;private_provider_required_for_execution,docs/reference/compatibility-engines/tidb/capability-summary.md#keyword:cdc,own_compatibility_surface_only,FPR-P2,not_cluster_query
tidb,reference_surface:placement_policy,cluster.security.validate_policy_version,required_new:sblr.cluster.security.v1:cluster.security.validate_policy_version,compile_flag_disabled_returns_functionality_unsupported;public_stub_enabled_returns_functionality_unlicensed;private_provider_required_for_execution,docs/reference/compatibility-engines/tidb/capability-summary.md#keyword:placement,own_compatibility_surface_only,FPR-P2,not_cluster_query
tidb,reference_surface:replica_control,cluster.tx.begin_distributed,required_new:sblr.cluster.transaction.v1:cluster.tx.begin_distributed,compile_flag_disabled_returns_functionality_unsupported;public_stub_enabled_returns_functionality_unlicensed;private_provider_required_for_execution,docs/reference/compatibility-engines/tidb/capability-summary.md#keyword:replica,own_compatibility_surface_only,FPR-P2,not_cluster_query
tidb,reference_surface:partition_distribution,cluster.placement.validate_partition_distribution,required_new:sblr.cluster.placement.v1:cluster.placement.validate_partition_distribution,compile_flag_disabled_returns_functionality_unsupported;public_stub_enabled_returns_functionality_unlicensed;private_provider_required_for_execution,docs/reference/compatibility-engines/tidb/datatype-summary.md#keyword:partition,own_compatibility_surface_only,FPR-P2,not_cluster_query
tidb,reference_surface:leader_election,cluster.node.set_role,sblr.cluster.control.v3:cluster.node.set_role,compile_flag_disabled_returns_functionality_unsupported;public_stub_enabled_returns_functionality_unlicensed;private_provider_required_for_execution,docs/reference/compatibility_release_acquisition/tidb/8.5.6/regression/SOURCE_POINTERS.md#keyword:leader,own_compatibility_surface_only,FPR-P2,not_cluster_query
tidb,reference_surface:raft_consensus,cluster.tx.validate_finality_proof,required_new:sblr.cluster.transaction.v1:cluster.tx.validate_finality_proof,compile_flag_disabled_returns_functionality_unsupported;public_stub_enabled_returns_functionality_unlicensed;private_provider_required_for_execution,docs/reference/compatibility_release_acquisition/tidb/8.5.6/release-notes/RELEASE_NOTES_SOURCE.md#keyword:raft,own_compatibility_surface_only,FPR-P2,not_cluster_query
tidb,reference_surface:failover_control,cluster.node.admit_member,sblr.cluster.control.v3:cluster.node.admit_member,compile_flag_disabled_returns_functionality_unsupported;public_stub_enabled_returns_functionality_unlicensed;private_provider_required_for_execution,docs/reference/compatibility_release_acquisition/tidb/8.5.6/release-notes/RELEASE_NOTES_SOURCE.md#keyword:failover,own_compatibility_surface_only,FPR-P2,not_cluster_query
tidb,reference_surface:range_placement,cluster.placement.assign_tablet_range,required_new:sblr.cluster.placement.v1:cluster.placement.assign_tablet_range,compile_flag_disabled_returns_functionality_unsupported;public_stub_enabled_returns_functionality_unlicensed;private_provider_required_for_execution,docs/reference/compatibility_release_acquisition/tidb/8.5.6/source/.codecov.yml#keyword:range,own_compatibility_surface_only,FPR-P2,not_cluster_query
tidb,reference_surface:tablet_placement,cluster.placement.assign_tablet_range,required_new:sblr.cluster.placement.v1:cluster.placement.assign_tablet_range,compile_flag_disabled_returns_functionality_unsupported;public_stub_enabled_returns_functionality_unlicensed;private_provider_required_for_execution,docs/reference/compatibility_release_acquisition/tidb/8.5.6/source/build/nogo_config.json#keyword:tablet,own_compatibility_surface_only,FPR-P2,not_cluster_query
tidb,reference_surface:shard_placement,cluster.placement.assign_tablet_range,required_new:sblr.cluster.placement.v1:cluster.placement.assign_tablet_range,compile_flag_disabled_returns_functionality_unsupported;public_stub_enabled_returns_functionality_unlicensed;private_provider_required_for_execution,docs/reference/compatibility_release_acquisition/tidb/8.5.6/source/docs/design/2018-10-22-the-column-pool.md#keyword:shard,own_compatibility_surface_only,FPR-P2,not_cluster_query
tidb,reference_surface:replication_control,cluster.replication.consume_cluster_event,sblr.replication.consumer.v3:cluster.replication.consume_cluster_event,compile_flag_disabled_returns_functionality_unsupported;public_stub_enabled_returns_functionality_unlicensed;private_provider_required_for_execution,docs/reference/compatibility_release_acquisition/tidb/8.5.6/source/docs/design/2020-01-24-collations.md#keyword:replication,own_compatibility_surface_only,FPR-P2,not_cluster_query
tikv,reference_surface:cluster_topology_or_control,cluster.job.start_controlled,sblr.cluster.control.v3:cluster.job.start_controlled,compile_flag_disabled_returns_functionality_unsupported;public_stub_enabled_returns_functionality_unlicensed;private_provider_required_for_execution,docs/reference/compatibility-engines/tikv/capability-summary.md#keyword:cluster,own_compatibility_surface_only,FPR-P2,not_cluster_query
tikv,reference_surface:raft_consensus,cluster.tx.validate_finality_proof,required_new:sblr.cluster.transaction.v1:cluster.tx.validate_finality_proof,compile_flag_disabled_returns_functionality_unsupported;public_stub_enabled_returns_functionality_unlicensed;private_provider_required_for_execution,docs/reference/compatibility-engines/tikv/capability-summary.md#keyword:raft,own_compatibility_surface_only,FPR-P2,not_cluster_query
tikv,reference_surface:placement_policy,cluster.security.validate_policy_version,required_new:sblr.cluster.security.v1:cluster.security.validate_policy_version,compile_flag_disabled_returns_functionality_unsupported;public_stub_enabled_returns_functionality_unlicensed;private_provider_required_for_execution,docs/reference/compatibility-engines/tikv/capability-summary.md#keyword:placement,own_compatibility_surface_only,FPR-P2,not_cluster_query
tikv,reference_surface:range_placement,cluster.placement.assign_tablet_range,required_new:sblr.cluster.placement.v1:cluster.placement.assign_tablet_range,compile_flag_disabled_returns_functionality_unsupported;public_stub_enabled_returns_functionality_unlicensed;private_provider_required_for_execution,docs/reference/compatibility-engines/tikv/index-and-optimizer-summary.md#keyword:range,own_compatibility_surface_only,FPR-P2,not_cluster_query
tikv,reference_surface:distributed_execution_or_control,cluster.query.plan_distributed,required_new:sblr.cluster.query.v1:cluster.query.plan_distributed,compile_flag_disabled_returns_functionality_unsupported;public_stub_enabled_returns_functionality_unlicensed;private_provider_required_for_execution,docs/reference/compatibility_release_acquisition/tikv/8.1.2/clean-room/NOTES.md#keyword:distributed,own_compatibility_surface_only,FPR-P2,cross_node_distributed_cluster_authority_not_local_query
tikv,reference_surface:changefeed_stream,cluster.metrics.emit_event,sblr.cluster.report.v3:cluster.metrics.emit_event,compile_flag_disabled_returns_functionality_unsupported;public_stub_enabled_returns_functionality_unlicensed;private_provider_required_for_execution,docs/reference/compatibility_release_acquisition/tikv/8.1.2/release-notes/RELEASE_NOTES_SOURCE.md#keyword:changefeed,own_compatibility_surface_only,FPR-P2,not_cluster_query
tikv,reference_surface:cdc_stream,cluster.metrics.emit_event,sblr.cluster.report.v3:cluster.metrics.emit_event,compile_flag_disabled_returns_functionality_unsupported;public_stub_enabled_returns_functionality_unlicensed;private_provider_required_for_execution,docs/reference/compatibility_release_acquisition/tikv/8.1.2/release-notes/RELEASE_NOTES_SOURCE.md#keyword:cdc,own_compatibility_surface_only,FPR-P2,not_cluster_query
tikv,reference_surface:leader_election,cluster.node.set_role,sblr.cluster.control.v3:cluster.node.set_role,compile_flag_disabled_returns_functionality_unsupported;public_stub_enabled_returns_functionality_unlicensed;private_provider_required_for_execution,docs/reference/compatibility_release_acquisition/tikv/8.1.2/release-notes/RELEASE_NOTES_SOURCE.md#keyword:leader,own_compatibility_surface_only,FPR-P2,not_cluster_query
tikv,reference_surface:replica_control,cluster.tx.begin_distributed,required_new:sblr.cluster.transaction.v1:cluster.tx.begin_distributed,compile_flag_disabled_returns_functionality_unsupported;public_stub_enabled_returns_functionality_unlicensed;private_provider_required_for_execution,docs/reference/compatibility_release_acquisition/tikv/8.1.2/release-notes/RELEASE_NOTES_SOURCE.md#keyword:replica,own_compatibility_surface_only,FPR-P2,not_cluster_query
tikv,reference_surface:partition_distribution,cluster.placement.validate_partition_distribution,required_new:sblr.cluster.placement.v1:cluster.placement.validate_partition_distribution,compile_flag_disabled_returns_functionality_unsupported;public_stub_enabled_returns_functionality_unlicensed;private_provider_required_for_execution,docs/reference/compatibility_release_acquisition/tikv/8.1.2/release-notes/RELEASE_NOTES_SOURCE.md#keyword:partition,own_compatibility_surface_only,FPR-P2,not_cluster_query
tikv,reference_surface:replication_control,cluster.replication.consume_cluster_event,sblr.replication.consumer.v3:cluster.replication.consume_cluster_event,compile_flag_disabled_returns_functionality_unsupported;public_stub_enabled_returns_functionality_unlicensed;private_provider_required_for_execution,docs/reference/compatibility_release_acquisition/tikv/8.1.2/source/README.md#keyword:replication,own_compatibility_surface_only,FPR-P2,not_cluster_query
tikv,reference_surface:shard_placement,cluster.placement.assign_tablet_range,required_new:sblr.cluster.placement.v1:cluster.placement.assign_tablet_range,compile_flag_disabled_returns_functionality_unsupported;public_stub_enabled_returns_functionality_unlicensed;private_provider_required_for_execution,docs/reference/compatibility_release_acquisition/tikv/8.1.2/source/README.md#keyword:shard,own_compatibility_surface_only,FPR-P2,not_cluster_query
vitess,reference_surface:cluster_topology_or_control,cluster.job.start_controlled,sblr.cluster.control.v3:cluster.job.start_controlled,compile_flag_disabled_returns_functionality_unsupported;public_stub_enabled_returns_functionality_unlicensed;private_provider_required_for_execution,docs/reference/compatibility-engines/vitess/capability-summary.md#keyword:cluster,own_compatibility_surface_only,FPR-P2,not_cluster_query
vitess,reference_surface:replication_control,cluster.replication.consume_cluster_event,sblr.replication.consumer.v3:cluster.replication.consume_cluster_event,compile_flag_disabled_returns_functionality_unsupported;public_stub_enabled_returns_functionality_unlicensed;private_provider_required_for_execution,docs/reference/compatibility-engines/vitess/capability-summary.md#keyword:replication,own_compatibility_surface_only,FPR-P2,not_cluster_query
vitess,reference_surface:shard_placement,cluster.placement.assign_tablet_range,required_new:sblr.cluster.placement.v1:cluster.placement.assign_tablet_range,compile_flag_disabled_returns_functionality_unsupported;public_stub_enabled_returns_functionality_unlicensed;private_provider_required_for_execution,docs/reference/compatibility-engines/vitess/capability-summary.md#keyword:shard,own_compatibility_surface_only,FPR-P2,not_cluster_query
vitess,reference_surface:tablet_placement,cluster.placement.assign_tablet_range,required_new:sblr.cluster.placement.v1:cluster.placement.assign_tablet_range,compile_flag_disabled_returns_functionality_unsupported;public_stub_enabled_returns_functionality_unlicensed;private_provider_required_for_execution,docs/reference/compatibility-engines/vitess/capability-summary.md#keyword:tablet,own_compatibility_surface_only,FPR-P2,not_cluster_query
vitess,reference_surface:vtgate_route,cluster.query.route_shard_read,required_new:sblr.cluster.query.v1:cluster.query.route_shard_read,compile_flag_disabled_returns_functionality_unsupported;public_stub_enabled_returns_functionality_unlicensed;private_provider_required_for_execution,docs/reference/compatibility-engines/vitess/capability-summary.md#keyword:vtgate,own_compatibility_surface_only,FPR-P2,cross_node_distributed_cluster_authority_not_local_query
vitess,reference_surface:replica_control,cluster.tx.begin_distributed,required_new:sblr.cluster.transaction.v1:cluster.tx.begin_distributed,compile_flag_disabled_returns_functionality_unsupported;public_stub_enabled_returns_functionality_unlicensed;private_provider_required_for_execution,docs/reference/compatibility-engines/vitess/capability-summary.md#keyword:replica,own_compatibility_surface_only,FPR-P2,not_cluster_query
vitess,reference_surface:placement_policy,cluster.security.validate_policy_version,required_new:sblr.cluster.security.v1:cluster.security.validate_policy_version,compile_flag_disabled_returns_functionality_unsupported;public_stub_enabled_returns_functionality_unlicensed;private_provider_required_for_execution,docs/reference/compatibility-engines/vitess/transaction-and-cluster-summary.md#keyword:placement,own_compatibility_surface_only,FPR-P2,not_cluster_query
vitess,reference_surface:cdc_stream,cluster.metrics.emit_event,sblr.cluster.report.v3:cluster.metrics.emit_event,compile_flag_disabled_returns_functionality_unsupported;public_stub_enabled_returns_functionality_unlicensed;private_provider_required_for_execution,docs/reference/compatibility_catalog_seeds/vitess/vitess_beta2_full_seed_manifest.yaml#keyword:cdc,own_compatibility_surface_only,FPR-P2,not_cluster_query
vitess,reference_surface:distributed_execution_or_control,cluster.query.plan_distributed,required_new:sblr.cluster.query.v1:cluster.query.plan_distributed,compile_flag_disabled_returns_functionality_unsupported;public_stub_enabled_returns_functionality_unlicensed;private_provider_required_for_execution,docs/reference/compatibility_release_acquisition/vitess/23.0.3/release-notes/README.md#keyword:distributed,own_compatibility_surface_only,FPR-P2,cross_node_distributed_cluster_authority_not_local_query
vitess,reference_surface:range_placement,cluster.placement.assign_tablet_range,required_new:sblr.cluster.placement.v1:cluster.placement.assign_tablet_range,compile_flag_disabled_returns_functionality_unsupported;public_stub_enabled_returns_functionality_unlicensed;private_provider_required_for_execution,docs/reference/compatibility_release_acquisition/vitess/23.0.3/source/.github/actions/tune-os/action.yml#keyword:range,own_compatibility_surface_only,FPR-P2,not_cluster_query
vitess,reference_surface:raft_consensus,cluster.tx.validate_finality_proof,required_new:sblr.cluster.transaction.v1:cluster.tx.validate_finality_proof,compile_flag_disabled_returns_functionality_unsupported;public_stub_enabled_returns_functionality_unlicensed;private_provider_required_for_execution,docs/reference/compatibility_release_acquisition/vitess/23.0.3/source/.github/pull_request_template.md#keyword:raft,own_compatibility_surface_only,FPR-P2,not_cluster_query
vitess,reference_surface:vttablet_route,cluster.query.route_shard_read,required_new:sblr.cluster.query.v1:cluster.query.route_shard_read,compile_flag_disabled_returns_functionality_unsupported;public_stub_enabled_returns_functionality_unlicensed;private_provider_required_for_execution,docs/reference/compatibility_release_acquisition/vitess/23.0.3/source/.github/workflows/docker_build_images.yml#keyword:vttablet,own_compatibility_surface_only,FPR-P2,cross_node_distributed_cluster_authority_not_local_query
vitess,reference_surface:failover_control,cluster.node.admit_member,sblr.cluster.control.v3:cluster.node.admit_member,compile_flag_disabled_returns_functionality_unsupported;public_stub_enabled_returns_functionality_unlicensed;private_provider_required_for_execution,docs/reference/compatibility_release_acquisition/vitess/23.0.3/source/changelog/12.0/12.0.0/release_notes.md#keyword:failover,own_compatibility_surface_only,FPR-P2,not_cluster_query
vitess,reference_surface:partition_distribution,cluster.placement.validate_partition_distribution,required_new:sblr.cluster.placement.v1:cluster.placement.validate_partition_distribution,compile_flag_disabled_returns_functionality_unsupported;public_stub_enabled_returns_functionality_unlicensed;private_provider_required_for_execution,docs/reference/compatibility_release_acquisition/vitess/23.0.3/source/changelog/12.0/12.0.0/release_notes.md#keyword:partition,own_compatibility_surface_only,FPR-P2,not_cluster_query
vitess,reference_surface:leader_election,cluster.node.set_role,sblr.cluster.control.v3:cluster.node.set_role,compile_flag_disabled_returns_functionality_unsupported;public_stub_enabled_returns_functionality_unlicensed;private_provider_required_for_execution,docs/reference/compatibility_release_acquisition/vitess/23.0.3/source/changelog/17.0/17.0.3/changelog.md#keyword:leader,own_compatibility_surface_only,FPR-P2,not_cluster_query
xtdb,reference_surface:cluster_topology_or_control,cluster.job.start_controlled,sblr.cluster.control.v3:cluster.job.start_controlled,compile_flag_disabled_returns_functionality_unsupported;public_stub_enabled_returns_functionality_unlicensed;private_provider_required_for_execution,docs/reference/compatibility-engines/xtdb/capability-summary.md#keyword:cluster,own_compatibility_surface_only,FPR-P2,not_cluster_query
xtdb,reference_surface:cdc_stream,cluster.metrics.emit_event,sblr.cluster.report.v3:cluster.metrics.emit_event,compile_flag_disabled_returns_functionality_unsupported;public_stub_enabled_returns_functionality_unlicensed;private_provider_required_for_execution,docs/reference/compatibility_catalog_seeds/xtdb/xtdb_beta2_full_seed_manifest.yaml#keyword:cdc,own_compatibility_surface_only,FPR-P2,not_cluster_query
xtdb,reference_surface:range_placement,cluster.placement.assign_tablet_range,required_new:sblr.cluster.placement.v1:cluster.placement.assign_tablet_range,compile_flag_disabled_returns_functionality_unsupported;public_stub_enabled_returns_functionality_unlicensed;private_provider_required_for_execution,docs/reference/compatibility_catalog_seeds/xtdb/xtdb_beta2_full_seed_manifest.yaml#keyword:range,own_compatibility_surface_only,FPR-P2,not_cluster_query
xtdb,reference_surface:raft_consensus,cluster.tx.validate_finality_proof,required_new:sblr.cluster.transaction.v1:cluster.tx.validate_finality_proof,compile_flag_disabled_returns_functionality_unsupported;public_stub_enabled_returns_functionality_unlicensed;private_provider_required_for_execution,docs/reference/compatibility_release_acquisition/xtdb/2.1.0/source/.github/workflows/build.yml#keyword:raft,own_compatibility_surface_only,FPR-P2,not_cluster_query
xtdb,reference_surface:replica_control,cluster.tx.begin_distributed,required_new:sblr.cluster.transaction.v1:cluster.tx.begin_distributed,compile_flag_disabled_returns_functionality_unsupported;public_stub_enabled_returns_functionality_unlicensed;private_provider_required_for_execution,docs/reference/compatibility_release_acquisition/xtdb/2.1.0/source/aws/helm/templates/statefulset.yaml#keyword:replica,own_compatibility_surface_only,FPR-P2,not_cluster_query
xtdb,reference_surface:placement_policy,cluster.security.validate_policy_version,required_new:sblr.cluster.security.v1:cluster.security.validate_policy_version,compile_flag_disabled_returns_functionality_unsupported;public_stub_enabled_returns_functionality_unlicensed;private_provider_required_for_execution,docs/reference/compatibility_release_acquisition/xtdb/2.1.0/source/cloudformation/xtdb_ecs.yml#keyword:placement,own_compatibility_surface_only,FPR-P2,not_cluster_query
xtdb,reference_surface:replication_control,cluster.replication.consume_cluster_event,sblr.replication.consumer.v3:cluster.replication.consume_cluster_event,compile_flag_disabled_returns_functionality_unsupported;public_stub_enabled_returns_functionality_unlicensed;private_provider_required_for_execution,docs/reference/compatibility_release_acquisition/xtdb/2.1.0/source/docker/docker-compose/docker-compose.yaml#keyword:replication,own_compatibility_surface_only,FPR-P2,not_cluster_query
xtdb,reference_surface:partition_distribution,cluster.placement.validate_partition_distribution,required_new:sblr.cluster.placement.v1:cluster.placement.validate_partition_distribution,compile_flag_disabled_returns_functionality_unsupported;public_stub_enabled_returns_functionality_unlicensed;private_provider_required_for_execution,docs/reference/compatibility_release_acquisition/xtdb/2.1.0/source/docs/src/content/docs/about/dbs-in-xtdb.md#keyword:partition,own_compatibility_surface_only,FPR-P2,not_cluster_query
xtdb,reference_surface:shard_placement,cluster.placement.assign_tablet_range,required_new:sblr.cluster.placement.v1:cluster.placement.assign_tablet_range,compile_flag_disabled_returns_functionality_unsupported;public_stub_enabled_returns_functionality_unlicensed;private_provider_required_for_execution,docs/reference/compatibility_release_acquisition/xtdb/2.1.0/source/docs/src/content/docs/concepts/key-concepts.md#keyword:shard,own_compatibility_surface_only,FPR-P2,not_cluster_query
xtdb,reference_surface:distributed_execution_or_control,cluster.query.plan_distributed,required_new:sblr.cluster.query.v1:cluster.query.plan_distributed,compile_flag_disabled_returns_functionality_unsupported;public_stub_enabled_returns_functionality_unlicensed;private_provider_required_for_execution,docs/reference/compatibility_release_acquisition/xtdb/2.1.0/source/docs/src/content/docs/intro/installation-via-docker.md#keyword:distributed,own_compatibility_surface_only,FPR-P2,cross_node_distributed_cluster_authority_not_local_query
xtdb,reference_surface:changefeed_stream,cluster.metrics.emit_event,sblr.cluster.report.v3:cluster.metrics.emit_event,compile_flag_disabled_returns_functionality_unsupported;public_stub_enabled_returns_functionality_unlicensed;private_provider_required_for_execution,docs/specifications/chapters/compatibilitys/xtdb/appendix-compatibility-xtdb-exact-extraction-slice-3-catalog-datatype-index-storage-migration-and-optimizer-profile.md#keyword:changefeed,own_compatibility_surface_only,FPR-P2,not_cluster_query
yugabytedb,reference_surface:cluster_topology_or_control,cluster.job.start_controlled,sblr.cluster.control.v3:cluster.job.start_controlled,compile_flag_disabled_returns_functionality_unsupported;public_stub_enabled_returns_functionality_unlicensed;private_provider_required_for_execution,docs/reference/compatibility-engines/yugabytedb/capability-summary.md#keyword:cluster,own_compatibility_surface_only,FPR-P2,not_cluster_query
yugabytedb,reference_surface:distributed_execution_or_control,cluster.query.plan_distributed,required_new:sblr.cluster.query.v1:cluster.query.plan_distributed,compile_flag_disabled_returns_functionality_unsupported;public_stub_enabled_returns_functionality_unlicensed;private_provider_required_for_execution,docs/reference/compatibility-engines/yugabytedb/capability-summary.md#keyword:distributed,own_compatibility_surface_only,FPR-P2,cross_node_distributed_cluster_authority_not_local_query
yugabytedb,reference_surface:replication_control,cluster.replication.consume_cluster_event,sblr.replication.consumer.v3:cluster.replication.consume_cluster_event,compile_flag_disabled_returns_functionality_unsupported;public_stub_enabled_returns_functionality_unlicensed;private_provider_required_for_execution,docs/reference/compatibility-engines/yugabytedb/capability-summary.md#keyword:replication,own_compatibility_surface_only,FPR-P2,not_cluster_query
yugabytedb,reference_surface:cdc_stream,cluster.metrics.emit_event,sblr.cluster.report.v3:cluster.metrics.emit_event,compile_flag_disabled_returns_functionality_unsupported;public_stub_enabled_returns_functionality_unlicensed;private_provider_required_for_execution,docs/reference/compatibility-engines/yugabytedb/capability-summary.md#keyword:cdc,own_compatibility_surface_only,FPR-P2,not_cluster_query
yugabytedb,reference_surface:tablet_placement,cluster.placement.assign_tablet_range,required_new:sblr.cluster.placement.v1:cluster.placement.assign_tablet_range,compile_flag_disabled_returns_functionality_unsupported;public_stub_enabled_returns_functionality_unlicensed;private_provider_required_for_execution,docs/reference/compatibility-engines/yugabytedb/capability-summary.md#keyword:tablet,own_compatibility_surface_only,FPR-P2,not_cluster_query
yugabytedb,reference_surface:replica_control,cluster.tx.begin_distributed,required_new:sblr.cluster.transaction.v1:cluster.tx.begin_distributed,compile_flag_disabled_returns_functionality_unsupported;public_stub_enabled_returns_functionality_unlicensed;private_provider_required_for_execution,docs/reference/compatibility-engines/yugabytedb/capability-summary.md#keyword:replica,own_compatibility_surface_only,FPR-P2,not_cluster_query
yugabytedb,reference_surface:range_placement,cluster.placement.assign_tablet_range,required_new:sblr.cluster.placement.v1:cluster.placement.assign_tablet_range,compile_flag_disabled_returns_functionality_unsupported;public_stub_enabled_returns_functionality_unlicensed;private_provider_required_for_execution,docs/reference/compatibility-engines/yugabytedb/index-and-optimizer-summary.md#keyword:range,own_compatibility_surface_only,FPR-P2,not_cluster_query
yugabytedb,reference_surface:partition_distribution,cluster.placement.validate_partition_distribution,required_new:sblr.cluster.placement.v1:cluster.placement.validate_partition_distribution,compile_flag_disabled_returns_functionality_unsupported;public_stub_enabled_returns_functionality_unlicensed;private_provider_required_for_execution,docs/reference/compatibility-engines/yugabytedb/index-and-optimizer-summary.md#keyword:partition,own_compatibility_surface_only,FPR-P2,not_cluster_query
yugabytedb,reference_surface:placement_policy,cluster.security.validate_policy_version,required_new:sblr.cluster.security.v1:cluster.security.validate_policy_version,compile_flag_disabled_returns_functionality_unsupported;public_stub_enabled_returns_functionality_unlicensed;private_provider_required_for_execution,docs/reference/compatibility-engines/yugabytedb/transaction-and-cluster-summary.md#keyword:placement,own_compatibility_surface_only,FPR-P2,not_cluster_query
yugabytedb,reference_surface:raft_consensus,cluster.tx.validate_finality_proof,required_new:sblr.cluster.transaction.v1:cluster.tx.validate_finality_proof,compile_flag_disabled_returns_functionality_unsupported;public_stub_enabled_returns_functionality_unlicensed;private_provider_required_for_execution,docs/reference/compatibility_release_acquisition/yugabytedb/2025.2.2.2/release-notes/RELEASE_NOTES_SOURCE.md#keyword:raft,own_compatibility_surface_only,FPR-P2,not_cluster_query
yugabytedb,reference_surface:failover_control,cluster.node.admit_member,sblr.cluster.control.v3:cluster.node.admit_member,compile_flag_disabled_returns_functionality_unsupported;public_stub_enabled_returns_functionality_unlicensed;private_provider_required_for_execution,docs/reference/compatibility_release_acquisition/yugabytedb/2025.2.2.2/release-notes/RELEASE_NOTES_SOURCE.md#keyword:failover,own_compatibility_surface_only,FPR-P2,not_cluster_query
yugabytedb,reference_surface:shard_placement,cluster.placement.assign_tablet_range,required_new:sblr.cluster.placement.v1:cluster.placement.assign_tablet_range,compile_flag_disabled_returns_functionality_unsupported;public_stub_enabled_returns_functionality_unlicensed;private_provider_required_for_execution,docs/reference/compatibility_release_acquisition/yugabytedb/2025.2.2.2/source/.github/vale-styles/Yugabyte/spelling-exceptions.txt#keyword:shard,own_compatibility_surface_only,FPR-P2,not_cluster_query
yugabytedb,reference_surface:leader_election,cluster.node.set_role,sblr.cluster.control.v3:cluster.node.set_role,compile_flag_disabled_returns_functionality_unsupported;public_stub_enabled_returns_functionality_unlicensed;private_provider_required_for_execution,docs/reference/compatibility_release_acquisition/yugabytedb/2025.2.2.2/source/architecture/design/distributed-backup-and-restore.md#keyword:leader,own_compatibility_surface_only,FPR-P2,not_cluster_query
yugabytedb,reference_surface:galera_cluster,cluster.reconcile.apply_merge_policy,required_new:sblr.cluster.reconciliation.v1:cluster.reconcile.apply_merge_policy,compile_flag_disabled_returns_functionality_unsupported;public_stub_enabled_returns_functionality_unlicensed;private_provider_required_for_execution,docs/reference/compatibility_release_acquisition/yugabytedb/2025.2.2.2/source/src/postgres/src/test/regress/data/all-airport-codes.csv#keyword:galera,own_compatibility_surface_only,FPR-P2,not_cluster_query
mongodb,catalog_overlay_surface:sharding,cluster.placement.assign_tablet_range,required_new:sblr.cluster.placement.v1:cluster.placement.assign_tablet_range,compile_flag_disabled_returns_functionality_unsupported;public_stub_enabled_returns_functionality_unlicensed;private_provider_required_for_execution,project/src/parsers/compatibility/mongodb/mongodb_dialect.cpp#kCatalogSurfaces:sharding,own_compatibility_surface_only,FPR-P2,not_cluster_query
vitess,catalog_overlay_surface:shard,cluster.placement.assign_tablet_range,required_new:sblr.cluster.placement.v1:cluster.placement.assign_tablet_range,compile_flag_disabled_returns_functionality_unsupported;public_stub_enabled_returns_functionality_unlicensed;private_provider_required_for_execution,project/src/parsers/compatibility/vitess/vitess_dialect.cpp#kCatalogSurfaces:shard,own_compatibility_surface_only,FPR-P2,not_cluster_query
vitess,datatype_surface:sharding,cluster.placement.assign_tablet_range,required_new:sblr.cluster.placement.v1:cluster.placement.assign_tablet_range,compile_flag_disabled_returns_functionality_unsupported;public_stub_enabled_returns_functionality_unlicensed;private_provider_required_for_execution,project/src/parsers/compatibility/vitess/vitess_dialect.cpp#kDatatypeSurfaces:sharding,own_compatibility_surface_only,FPR-P2,not_cluster_query
yugabytedb,diagnostic_surface:cdc,cluster.metrics.emit_event,sblr.cluster.report.v3:cluster.metrics.emit_event,compile_flag_disabled_returns_functionality_unsupported;public_stub_enabled_returns_functionality_unlicensed;private_provider_required_for_execution,project/src/parsers/compatibility/yugabytedb/yugabytedb_dialect.cpp#kDiagnosticSurfaces:cdc,own_compatibility_surface_only,FPR-P2,not_cluster_query
yugabytedb,yugabytedb.cdc.create_stream,cluster.metrics.emit_event,sblr.cluster.report.v3:cluster.metrics.emit_event,compile_flag_disabled_returns_functionality_unsupported;public_stub_enabled_returns_functionality_unlicensed;private_provider_required_for_execution,project/src/parsers/compatibility/yugabytedb/yugabytedb_dialect.cpp#kPatterns:yugabytedb.cdc.create_stream,own_compatibility_surface_only,FPR-P2,not_cluster_query
