compatibility,surface,refusal_reason,message_vector,test_destination,reviewer,source_search_key
apache_ignite,catalog_overlay_surface:baseline,ScratchBird authority boundary refusal: parser cannot own engine storage transaction finality recovery file effects external process or unsupported compatibility behavior,exact_refusal_message_vector_required,project/tests/sblr_surface/,SBLR architecture reviewer,project/src/parsers/compatibility/apache_ignite/apache_ignite_dialect.cpp#kCatalogSurfaces:baseline
apache_ignite,catalog_overlay_surface:snapshots,MGA authority refusal: compatibility transaction finality visibility rollback or recovery cannot substitute for ScratchBird engine-owned MGA authority,exact_refusal_message_vector_required,project/tests/sblr_surface/,SBLR architecture reviewer,project/src/parsers/compatibility/apache_ignite/apache_ignite_dialect.cpp#kCatalogSurfaces:snapshots
apache_ignite,diagnostic_surface:policy,ScratchBird authority boundary refusal: parser cannot own engine storage transaction finality recovery file effects external process or unsupported compatibility behavior,exact_refusal_message_vector_required,project/tests/sblr_surface/,SBLR architecture reviewer,project/src/parsers/compatibility/apache_ignite/apache_ignite_dialect.cpp#kDiagnosticSurfaces:policy
apache_ignite,source_marker:unsupported,ScratchBird authority boundary refusal: parser cannot own engine storage transaction finality recovery file effects external process or unsupported compatibility behavior,exact_refusal_message_vector_required,project/tests/sblr_surface/,SBLR architecture reviewer,project/src/parsers/compatibility/apache_ignite/apache_ignite_dialect.cpp#marker:unsupported
cassandra,cassandra.admin.nodetool,ScratchBird authority boundary refusal: parser cannot own engine storage transaction finality recovery file effects external process or unsupported compatibility behavior,CASSANDRA.AUTHORITY.NODETOOL_DENIED,project/tests/sblr_surface/,SBLR architecture reviewer,project/src/parsers/compatibility/cassandra/cassandra_dialect.cpp#kPatterns:cassandra.admin.nodetool
cassandra,cassandra.admin.repair,ScratchBird authority boundary refusal: parser cannot own engine storage transaction finality recovery file effects external process or unsupported compatibility behavior,CASSANDRA.AUTHORITY.REPAIR_DENIED,project/tests/sblr_surface/,SBLR architecture reviewer,project/src/parsers/compatibility/cassandra/cassandra_dialect.cpp#kPatterns:cassandra.admin.repair
cassandra,diagnostic_surface:policy,ScratchBird authority boundary refusal: parser cannot own engine storage transaction finality recovery file effects external process or unsupported compatibility behavior,exact_refusal_message_vector_required,project/tests/sblr_surface/,SBLR architecture reviewer,project/src/parsers/compatibility/cassandra/cassandra_dialect.cpp#kDiagnosticSurfaces:policy
cassandra,source_marker:unsupported,ScratchBird authority boundary refusal: parser cannot own engine storage transaction finality recovery file effects external process or unsupported compatibility behavior,exact_refusal_message_vector_required,project/tests/sblr_surface/,SBLR architecture reviewer,project/src/parsers/compatibility/cassandra/cassandra_dialect.cpp#marker:unsupported
clickhouse,clickhouse.system.command,ScratchBird authority boundary refusal: parser cannot own engine storage transaction finality recovery file effects external process or unsupported compatibility behavior,CLICKHOUSE.AUTHORITY.SYSTEM_DENIED,project/tests/sblr_surface/,SBLR architecture reviewer,project/src/parsers/compatibility/clickhouse/clickhouse_dialect.cpp#kPatterns:clickhouse.system.command
clickhouse,clickhouse.system.kill,ScratchBird authority boundary refusal: parser cannot own engine storage transaction finality recovery file effects external process or unsupported compatibility behavior,CLICKHOUSE.AUTHORITY.SYSTEM_DENIED,project/tests/sblr_surface/,SBLR architecture reviewer,project/src/parsers/compatibility/clickhouse/clickhouse_dialect.cpp#kPatterns:clickhouse.system.kill
clickhouse,clickhouse.bulk_io.backup,ScratchBird authority boundary refusal: parser cannot own engine storage transaction finality recovery file effects external process or unsupported compatibility behavior,CLICKHOUSE.AUTHORITY.BACKUP_DENIED,project/tests/sblr_surface/,SBLR architecture reviewer,project/src/parsers/compatibility/clickhouse/clickhouse_dialect.cpp#kPatterns:clickhouse.bulk_io.backup
clickhouse,clickhouse.bulk_io.restore,ScratchBird authority boundary refusal: parser cannot own engine storage transaction finality recovery file effects external process or unsupported compatibility behavior,CLICKHOUSE.AUTHORITY.BACKUP_DENIED,project/tests/sblr_surface/,SBLR architecture reviewer,project/src/parsers/compatibility/clickhouse/clickhouse_dialect.cpp#kPatterns:clickhouse.bulk_io.restore
clickhouse,clickhouse.storage.attach,ScratchBird authority boundary refusal: parser cannot own engine storage transaction finality recovery file effects external process or unsupported compatibility behavior,CLICKHOUSE.AUTHORITY.STORAGE_ADMIN_DENIED,project/tests/sblr_surface/,SBLR architecture reviewer,project/src/parsers/compatibility/clickhouse/clickhouse_dialect.cpp#kPatterns:clickhouse.storage.attach
clickhouse,clickhouse.storage.detach,ScratchBird authority boundary refusal: parser cannot own engine storage transaction finality recovery file effects external process or unsupported compatibility behavior,CLICKHOUSE.AUTHORITY.STORAGE_ADMIN_DENIED,project/tests/sblr_surface/,SBLR architecture reviewer,project/src/parsers/compatibility/clickhouse/clickhouse_dialect.cpp#kPatterns:clickhouse.storage.detach
clickhouse,clickhouse.distributed.remote_function,ScratchBird authority boundary refusal: parser cannot own engine storage transaction finality recovery file effects external process or unsupported compatibility behavior,CLICKHOUSE.AUTHORITY.DISTRIBUTED_DENIED,project/tests/sblr_surface/,SBLR architecture reviewer,project/src/parsers/compatibility/clickhouse/clickhouse_dialect.cpp#kPatterns:clickhouse.distributed.remote_function
clickhouse,builtin_function_surface:system,ScratchBird authority boundary refusal: parser cannot own engine storage transaction finality recovery file effects external process or unsupported compatibility behavior,exact_refusal_message_vector_required,project/tests/sblr_surface/,SBLR architecture reviewer,project/src/parsers/compatibility/clickhouse/clickhouse_dialect.cpp#kBuiltinSurfaces:system
clickhouse,diagnostic_surface:system,ScratchBird authority boundary refusal: parser cannot own engine storage transaction finality recovery file effects external process or unsupported compatibility behavior,exact_refusal_message_vector_required,project/tests/sblr_surface/,SBLR architecture reviewer,project/src/parsers/compatibility/clickhouse/clickhouse_dialect.cpp#kDiagnosticSurfaces:system
clickhouse,diagnostic_surface:backup,ScratchBird authority boundary refusal: parser cannot own engine storage transaction finality recovery file effects external process or unsupported compatibility behavior,exact_refusal_message_vector_required,project/tests/sblr_surface/,SBLR architecture reviewer,project/src/parsers/compatibility/clickhouse/clickhouse_dialect.cpp#kDiagnosticSurfaces:backup
clickhouse,diagnostic_surface:storage_admin,ScratchBird authority boundary refusal: parser cannot own engine storage transaction finality recovery file effects external process or unsupported compatibility behavior,exact_refusal_message_vector_required,project/tests/sblr_surface/,SBLR architecture reviewer,project/src/parsers/compatibility/clickhouse/clickhouse_dialect.cpp#kDiagnosticSurfaces:storage_admin
clickhouse,diagnostic_surface:distributed,ScratchBird authority boundary refusal: parser cannot own engine storage transaction finality recovery file effects external process or unsupported compatibility behavior,exact_refusal_message_vector_required,project/tests/sblr_surface/,SBLR architecture reviewer,project/src/parsers/compatibility/clickhouse/clickhouse_dialect.cpp#kDiagnosticSurfaces:distributed
clickhouse,diagnostic_surface:catalog,ScratchBird authority boundary refusal: parser cannot own engine storage transaction finality recovery file effects external process or unsupported compatibility behavior,exact_refusal_message_vector_required,project/tests/sblr_surface/,SBLR architecture reviewer,project/src/parsers/compatibility/clickhouse/clickhouse_dialect.cpp#kDiagnosticSurfaces:catalog
clickhouse,source_marker:unsupported,ScratchBird authority boundary refusal: parser cannot own engine storage transaction finality recovery file effects external process or unsupported compatibility behavior,exact_refusal_message_vector_required,project/tests/sblr_surface/,SBLR architecture reviewer,project/src/parsers/compatibility/clickhouse/clickhouse_dialect.cpp#marker:unsupported
cockroachdb,cockroachdb.backup.backup,ScratchBird authority boundary refusal: parser cannot own engine storage transaction finality recovery file effects external process or unsupported compatibility behavior,COCKROACHDB.AUTHORITY.BACKUP_DENIED,project/tests/sblr_surface/,SBLR architecture reviewer,project/src/parsers/compatibility/cockroachdb/cockroachdb_dialect.cpp#kPatterns:cockroachdb.backup.backup
cockroachdb,cockroachdb.restore.restore,ScratchBird authority boundary refusal: parser cannot own engine storage transaction finality recovery file effects external process or unsupported compatibility behavior,COCKROACHDB.AUTHORITY.RESTORE_DENIED,project/tests/sblr_surface/,SBLR architecture reviewer,project/src/parsers/compatibility/cockroachdb/cockroachdb_dialect.cpp#kPatterns:cockroachdb.restore.restore
cockroachdb,cockroachdb.transaction.prepare_transaction,MGA authority refusal: compatibility transaction finality visibility rollback or recovery cannot substitute for ScratchBird engine-owned MGA authority,COCKROACHDB.AUTHORITY.PREPARE_TRANSACTION_DENIED,project/tests/sblr_surface/,SBLR architecture reviewer,project/src/parsers/compatibility/cockroachdb/cockroachdb_dialect.cpp#kPatterns:cockroachdb.transaction.prepare_transaction
cockroachdb,diagnostic_surface:file,ScratchBird authority boundary refusal: parser cannot own engine storage transaction finality recovery file effects external process or unsupported compatibility behavior,exact_refusal_message_vector_required,project/tests/sblr_surface/,SBLR architecture reviewer,project/src/parsers/compatibility/cockroachdb/cockroachdb_dialect.cpp#kDiagnosticSurfaces:file
cockroachdb,diagnostic_surface:program,ScratchBird authority boundary refusal: parser cannot own engine storage transaction finality recovery file effects external process or unsupported compatibility behavior,exact_refusal_message_vector_required,project/tests/sblr_surface/,SBLR architecture reviewer,project/src/parsers/compatibility/cockroachdb/cockroachdb_dialect.cpp#kDiagnosticSurfaces:program
cockroachdb,diagnostic_surface:backup,ScratchBird authority boundary refusal: parser cannot own engine storage transaction finality recovery file effects external process or unsupported compatibility behavior,exact_refusal_message_vector_required,project/tests/sblr_surface/,SBLR architecture reviewer,project/src/parsers/compatibility/cockroachdb/cockroachdb_dialect.cpp#kDiagnosticSurfaces:backup
cockroachdb,diagnostic_surface:restore,ScratchBird authority boundary refusal: parser cannot own engine storage transaction finality recovery file effects external process or unsupported compatibility behavior,exact_refusal_message_vector_required,project/tests/sblr_surface/,SBLR architecture reviewer,project/src/parsers/compatibility/cockroachdb/cockroachdb_dialect.cpp#kDiagnosticSurfaces:restore
cockroachdb,diagnostic_surface:transaction,MGA authority refusal: compatibility transaction finality visibility rollback or recovery cannot substitute for ScratchBird engine-owned MGA authority,exact_refusal_message_vector_required,project/tests/sblr_surface/,SBLR architecture reviewer,project/src/parsers/compatibility/cockroachdb/cockroachdb_dialect.cpp#kDiagnosticSurfaces:transaction
cockroachdb,source_marker:unsupported,ScratchBird authority boundary refusal: parser cannot own engine storage transaction finality recovery file effects external process or unsupported compatibility behavior,exact_refusal_message_vector_required,project/tests/sblr_surface/,SBLR architecture reviewer,project/src/parsers/compatibility/cockroachdb/cockroachdb_dialect.cpp#marker:unsupported
dolt,dolt.remote.push,ScratchBird authority boundary refusal: parser cannot own engine storage transaction finality recovery file effects external process or unsupported compatibility behavior,DOLT.AUTHORITY.REMOTE_DENIED,project/tests/sblr_surface/,SBLR architecture reviewer,project/src/parsers/compatibility/dolt/dolt_dialect.cpp#kPatterns:dolt.remote.push
dolt,dolt.remote.pull,ScratchBird authority boundary refusal: parser cannot own engine storage transaction finality recovery file effects external process or unsupported compatibility behavior,DOLT.AUTHORITY.REMOTE_DENIED,project/tests/sblr_surface/,SBLR architecture reviewer,project/src/parsers/compatibility/dolt/dolt_dialect.cpp#kPatterns:dolt.remote.pull
dolt,dolt.remote.fetch,ScratchBird authority boundary refusal: parser cannot own engine storage transaction finality recovery file effects external process or unsupported compatibility behavior,DOLT.AUTHORITY.REMOTE_DENIED,project/tests/sblr_surface/,SBLR architecture reviewer,project/src/parsers/compatibility/dolt/dolt_dialect.cpp#kPatterns:dolt.remote.fetch
dolt,dolt.remote.clone,ScratchBird authority boundary refusal: parser cannot own engine storage transaction finality recovery file effects external process or unsupported compatibility behavior,DOLT.AUTHORITY.REMOTE_DENIED,project/tests/sblr_surface/,SBLR architecture reviewer,project/src/parsers/compatibility/dolt/dolt_dialect.cpp#kPatterns:dolt.remote.clone
dolt,dolt.remote.fetch_sql,ScratchBird authority boundary refusal: parser cannot own engine storage transaction finality recovery file effects external process or unsupported compatibility behavior,DOLT.AUTHORITY.REMOTE_DENIED,project/tests/sblr_surface/,SBLR architecture reviewer,project/src/parsers/compatibility/dolt/dolt_dialect.cpp#kPatterns:dolt.remote.fetch_sql
dolt,dolt.remote.push_sql,ScratchBird authority boundary refusal: parser cannot own engine storage transaction finality recovery file effects external process or unsupported compatibility behavior,DOLT.AUTHORITY.REMOTE_DENIED,project/tests/sblr_surface/,SBLR architecture reviewer,project/src/parsers/compatibility/dolt/dolt_dialect.cpp#kPatterns:dolt.remote.push_sql
dolt,dolt.remote.pull_sql,ScratchBird authority boundary refusal: parser cannot own engine storage transaction finality recovery file effects external process or unsupported compatibility behavior,DOLT.AUTHORITY.REMOTE_DENIED,project/tests/sblr_surface/,SBLR architecture reviewer,project/src/parsers/compatibility/dolt/dolt_dialect.cpp#kPatterns:dolt.remote.pull_sql
dolt,builtin_function_surface:remote,ScratchBird authority boundary refusal: parser cannot own engine storage transaction finality recovery file effects external process or unsupported compatibility behavior,exact_refusal_message_vector_required,project/tests/sblr_surface/,SBLR architecture reviewer,project/src/parsers/compatibility/dolt/dolt_dialect.cpp#kBuiltinSurfaces:remote
dolt,diagnostic_surface:policy,ScratchBird authority boundary refusal: parser cannot own engine storage transaction finality recovery file effects external process or unsupported compatibility behavior,exact_refusal_message_vector_required,project/tests/sblr_surface/,SBLR architecture reviewer,project/src/parsers/compatibility/dolt/dolt_dialect.cpp#kDiagnosticSurfaces:policy
dolt,source_marker:unsupported,ScratchBird authority boundary refusal: parser cannot own engine storage transaction finality recovery file effects external process or unsupported compatibility behavior,exact_refusal_message_vector_required,project/tests/sblr_surface/,SBLR architecture reviewer,project/src/parsers/compatibility/dolt/dolt_dialect.cpp#marker:unsupported
duckdb,duckdb.extension.install,ScratchBird authority boundary refusal: parser cannot own engine storage transaction finality recovery file effects external process or unsupported compatibility behavior,DUCKDB.AUTHORITY.EXTENSION_DENIED,project/tests/sblr_surface/,SBLR architecture reviewer,project/src/parsers/compatibility/duckdb/duckdb_dialect.cpp#kPatterns:duckdb.extension.install
duckdb,duckdb.extension.load,ScratchBird authority boundary refusal: parser cannot own engine storage transaction finality recovery file effects external process or unsupported compatibility behavior,DUCKDB.AUTHORITY.EXTENSION_DENIED,project/tests/sblr_surface/,SBLR architecture reviewer,project/src/parsers/compatibility/duckdb/duckdb_dialect.cpp#kPatterns:duckdb.extension.load
duckdb,duckdb.storage.checkpoint,MGA authority refusal: compatibility transaction finality visibility rollback or recovery cannot substitute for ScratchBird engine-owned MGA authority,DUCKDB.AUTHORITY.CHECKPOINT_DENIED,project/tests/sblr_surface/,SBLR architecture reviewer,project/src/parsers/compatibility/duckdb/duckdb_dialect.cpp#kPatterns:duckdb.storage.checkpoint
duckdb,builtin_function_surface:extension,ScratchBird authority boundary refusal: parser cannot own engine storage transaction finality recovery file effects external process or unsupported compatibility behavior,exact_refusal_message_vector_required,project/tests/sblr_surface/,SBLR architecture reviewer,project/src/parsers/compatibility/duckdb/duckdb_dialect.cpp#kBuiltinSurfaces:extension
duckdb,diagnostic_surface:file,ScratchBird authority boundary refusal: parser cannot own engine storage transaction finality recovery file effects external process or unsupported compatibility behavior,exact_refusal_message_vector_required,project/tests/sblr_surface/,SBLR architecture reviewer,project/src/parsers/compatibility/duckdb/duckdb_dialect.cpp#kDiagnosticSurfaces:file
duckdb,diagnostic_surface:extension,ScratchBird authority boundary refusal: parser cannot own engine storage transaction finality recovery file effects external process or unsupported compatibility behavior,exact_refusal_message_vector_required,project/tests/sblr_surface/,SBLR architecture reviewer,project/src/parsers/compatibility/duckdb/duckdb_dialect.cpp#kDiagnosticSurfaces:extension
duckdb,diagnostic_surface:checkpoint,MGA authority refusal: compatibility transaction finality visibility rollback or recovery cannot substitute for ScratchBird engine-owned MGA authority,exact_refusal_message_vector_required,project/tests/sblr_surface/,SBLR architecture reviewer,project/src/parsers/compatibility/duckdb/duckdb_dialect.cpp#kDiagnosticSurfaces:checkpoint
duckdb,diagnostic_surface:catalog,ScratchBird authority boundary refusal: parser cannot own engine storage transaction finality recovery file effects external process or unsupported compatibility behavior,exact_refusal_message_vector_required,project/tests/sblr_surface/,SBLR architecture reviewer,project/src/parsers/compatibility/duckdb/duckdb_dialect.cpp#kDiagnosticSurfaces:catalog
duckdb,source_marker:unsupported,ScratchBird authority boundary refusal: parser cannot own engine storage transaction finality recovery file effects external process or unsupported compatibility behavior,exact_refusal_message_vector_required,project/tests/sblr_surface/,SBLR architecture reviewer,project/src/parsers/compatibility/duckdb/duckdb_dialect.cpp#marker:unsupported
firebird,firebird.catalog_overlay.read_only_violation,ScratchBird authority boundary refusal: parser cannot own engine storage transaction finality recovery file effects external process or unsupported compatibility behavior,exact_refusal_message_vector_required,project/tests/sblr_surface/,SBLR architecture reviewer,project/src/parsers/compatibility/firebird/firebird_dialect.cpp#ParseStatement:firebird.catalog_overlay.read_only_violation
firebird,firebird.invalid_input,ScratchBird authority boundary refusal: parser cannot own engine storage transaction finality recovery file effects external process or unsupported compatibility behavior,exact_refusal_message_vector_required,project/tests/sblr_surface/,SBLR architecture reviewer,project/src/parsers/compatibility/firebird/firebird_dialect.cpp#ParseStatement:firebird.invalid_input
firebird,source_marker:unsupported,ScratchBird authority boundary refusal: parser cannot own engine storage transaction finality recovery file effects external process or unsupported compatibility behavior,exact_refusal_message_vector_required,project/tests/sblr_surface/,SBLR architecture reviewer,project/src/parsers/compatibility/firebird/firebird_dialect.cpp#marker:unsupported
foundationdb,diagnostic_surface:policy,ScratchBird authority boundary refusal: parser cannot own engine storage transaction finality recovery file effects external process or unsupported compatibility behavior,exact_refusal_message_vector_required,project/tests/sblr_surface/,SBLR architecture reviewer,project/src/parsers/compatibility/foundationdb/foundationdb_dialect.cpp#kDiagnosticSurfaces:policy
foundationdb,source_marker:unsupported,ScratchBird authority boundary refusal: parser cannot own engine storage transaction finality recovery file effects external process or unsupported compatibility behavior,exact_refusal_message_vector_required,project/tests/sblr_surface/,SBLR architecture reviewer,project/src/parsers/compatibility/foundationdb/foundationdb_dialect.cpp#marker:unsupported
immudb,builtin_function_surface:backup,ScratchBird authority boundary refusal: parser cannot own engine storage transaction finality recovery file effects external process or unsupported compatibility behavior,exact_refusal_message_vector_required,project/tests/sblr_surface/,SBLR architecture reviewer,project/src/parsers/compatibility/immudb/immudb_dialect.cpp#kBuiltinSurfaces:backup
immudb,diagnostic_surface:policy,ScratchBird authority boundary refusal: parser cannot own engine storage transaction finality recovery file effects external process or unsupported compatibility behavior,exact_refusal_message_vector_required,project/tests/sblr_surface/,SBLR architecture reviewer,project/src/parsers/compatibility/immudb/immudb_dialect.cpp#kDiagnosticSurfaces:policy
immudb,source_marker:unsupported,ScratchBird authority boundary refusal: parser cannot own engine storage transaction finality recovery file effects external process or unsupported compatibility behavior,exact_refusal_message_vector_required,project/tests/sblr_surface/,SBLR architecture reviewer,project/src/parsers/compatibility/immudb/immudb_dialect.cpp#marker:unsupported
influxdb,diagnostic_surface:policy,ScratchBird authority boundary refusal: parser cannot own engine storage transaction finality recovery file effects external process or unsupported compatibility behavior,exact_refusal_message_vector_required,project/tests/sblr_surface/,SBLR architecture reviewer,project/src/parsers/compatibility/influxdb/influxdb_dialect.cpp#kDiagnosticSurfaces:policy
influxdb,source_marker:unsupported,ScratchBird authority boundary refusal: parser cannot own engine storage transaction finality recovery file effects external process or unsupported compatibility behavior,exact_refusal_message_vector_required,project/tests/sblr_surface/,SBLR architecture reviewer,project/src/parsers/compatibility/influxdb/influxdb_dialect.cpp#marker:unsupported
mariadb,mariadb.plugin.install_soname,ScratchBird authority boundary refusal: parser cannot own engine storage transaction finality recovery file effects external process or unsupported compatibility behavior,MARIADB.AUTHORITY.PLUGIN_DENIED,project/tests/sblr_surface/,SBLR architecture reviewer,project/src/parsers/compatibility/mariadb/mariadb_dialect.cpp#kPatterns:mariadb.plugin.install_soname
mariadb,mariadb.plugin.uninstall_soname,ScratchBird authority boundary refusal: parser cannot own engine storage transaction finality recovery file effects external process or unsupported compatibility behavior,MARIADB.AUTHORITY.PLUGIN_DENIED,project/tests/sblr_surface/,SBLR architecture reviewer,project/src/parsers/compatibility/mariadb/mariadb_dialect.cpp#kPatterns:mariadb.plugin.uninstall_soname
mariadb,mariadb.session_admin.kill,ScratchBird authority boundary refusal: parser cannot own engine storage transaction finality recovery file effects external process or unsupported compatibility behavior,MARIADB.AUTHORITY.SESSION_ADMIN_DENIED,project/tests/sblr_surface/,SBLR architecture reviewer,project/src/parsers/compatibility/mariadb/mariadb_dialect.cpp#kPatterns:mariadb.session_admin.kill
mariadb,mariadb.plugin.install,ScratchBird authority boundary refusal: parser cannot own engine storage transaction finality recovery file effects external process or unsupported compatibility behavior,MARIADB.AUTHORITY.PLUGIN_DENIED,project/tests/sblr_surface/,SBLR architecture reviewer,project/src/parsers/compatibility/mariadb/mariadb_dialect.cpp#kPatterns:mariadb.plugin.install
mariadb,mariadb.plugin.uninstall,ScratchBird authority boundary refusal: parser cannot own engine storage transaction finality recovery file effects external process or unsupported compatibility behavior,MARIADB.AUTHORITY.PLUGIN_DENIED,project/tests/sblr_surface/,SBLR architecture reviewer,project/src/parsers/compatibility/mariadb/mariadb_dialect.cpp#kPatterns:mariadb.plugin.uninstall
mariadb,mariadb.storage.tablespace.create,ScratchBird authority boundary refusal: parser cannot own engine storage transaction finality recovery file effects external process or unsupported compatibility behavior,MARIADB.AUTHORITY.TABLESPACE_DENIED,project/tests/sblr_surface/,SBLR architecture reviewer,project/src/parsers/compatibility/mariadb/mariadb_dialect.cpp#kPatterns:mariadb.storage.tablespace.create
mariadb,mariadb.storage.tablespace.alter,ScratchBird authority boundary refusal: parser cannot own engine storage transaction finality recovery file effects external process or unsupported compatibility behavior,MARIADB.AUTHORITY.TABLESPACE_DENIED,project/tests/sblr_surface/,SBLR architecture reviewer,project/src/parsers/compatibility/mariadb/mariadb_dialect.cpp#kPatterns:mariadb.storage.tablespace.alter
mariadb,mariadb.storage.tablespace.drop,ScratchBird authority boundary refusal: parser cannot own engine storage transaction finality recovery file effects external process or unsupported compatibility behavior,MARIADB.AUTHORITY.TABLESPACE_DENIED,project/tests/sblr_surface/,SBLR architecture reviewer,project/src/parsers/compatibility/mariadb/mariadb_dialect.cpp#kPatterns:mariadb.storage.tablespace.drop
mariadb,mariadb.transaction.xa,MGA authority refusal: compatibility transaction finality visibility rollback or recovery cannot substitute for ScratchBird engine-owned MGA authority,MARIADB.AUTHORITY.XA_DENIED,project/tests/sblr_surface/,SBLR architecture reviewer,project/src/parsers/compatibility/mariadb/mariadb_dialect.cpp#kPatterns:mariadb.transaction.xa
mariadb,diagnostic_surface:file,ScratchBird authority boundary refusal: parser cannot own engine storage transaction finality recovery file effects external process or unsupported compatibility behavior,exact_refusal_message_vector_required,project/tests/sblr_surface/,SBLR architecture reviewer,project/src/parsers/compatibility/mariadb/mariadb_dialect.cpp#kDiagnosticSurfaces:file
mariadb,diagnostic_surface:plugin,ScratchBird authority boundary refusal: parser cannot own engine storage transaction finality recovery file effects external process or unsupported compatibility behavior,exact_refusal_message_vector_required,project/tests/sblr_surface/,SBLR architecture reviewer,project/src/parsers/compatibility/mariadb/mariadb_dialect.cpp#kDiagnosticSurfaces:plugin
mariadb,diagnostic_surface:tablespace,ScratchBird authority boundary refusal: parser cannot own engine storage transaction finality recovery file effects external process or unsupported compatibility behavior,exact_refusal_message_vector_required,project/tests/sblr_surface/,SBLR architecture reviewer,project/src/parsers/compatibility/mariadb/mariadb_dialect.cpp#kDiagnosticSurfaces:tablespace
mariadb,diagnostic_surface:session_admin,ScratchBird authority boundary refusal: parser cannot own engine storage transaction finality recovery file effects external process or unsupported compatibility behavior,exact_refusal_message_vector_required,project/tests/sblr_surface/,SBLR architecture reviewer,project/src/parsers/compatibility/mariadb/mariadb_dialect.cpp#kDiagnosticSurfaces:session_admin
mariadb,diagnostic_surface:binlog,ScratchBird authority boundary refusal: parser cannot own engine storage transaction finality recovery file effects external process or unsupported compatibility behavior,exact_refusal_message_vector_required,project/tests/sblr_surface/,SBLR architecture reviewer,project/src/parsers/compatibility/mariadb/mariadb_dialect.cpp#kDiagnosticSurfaces:binlog
mariadb,diagnostic_surface:xa,ScratchBird authority boundary refusal: parser cannot own engine storage transaction finality recovery file effects external process or unsupported compatibility behavior,exact_refusal_message_vector_required,project/tests/sblr_surface/,SBLR architecture reviewer,project/src/parsers/compatibility/mariadb/mariadb_dialect.cpp#kDiagnosticSurfaces:xa
mariadb,source_marker:unsupported,ScratchBird authority boundary refusal: parser cannot own engine storage transaction finality recovery file effects external process or unsupported compatibility behavior,exact_refusal_message_vector_required,project/tests/sblr_surface/,SBLR architecture reviewer,project/src/parsers/compatibility/mariadb/mariadb_dialect.cpp#marker:unsupported
milvus,diagnostic_surface:policy,ScratchBird authority boundary refusal: parser cannot own engine storage transaction finality recovery file effects external process or unsupported compatibility behavior,exact_refusal_message_vector_required,project/tests/sblr_surface/,SBLR architecture reviewer,project/src/parsers/compatibility/milvus/milvus_dialect.cpp#kDiagnosticSurfaces:policy
milvus,source_marker:unsupported,ScratchBird authority boundary refusal: parser cannot own engine storage transaction finality recovery file effects external process or unsupported compatibility behavior,exact_refusal_message_vector_required,project/tests/sblr_surface/,SBLR architecture reviewer,project/src/parsers/compatibility/milvus/milvus_dialect.cpp#marker:unsupported
mongodb,mongodb.replica_set.command,ScratchBird authority boundary refusal: parser cannot own engine storage transaction finality recovery file effects external process or unsupported compatibility behavior,MONGODB.AUTHORITY.REPLICA_ADMIN_DENIED,project/tests/sblr_surface/,SBLR architecture reviewer,project/src/parsers/compatibility/mongodb/mongodb_dialect.cpp#kPatterns:mongodb.replica_set.command
mongodb,diagnostic_surface:policy,ScratchBird authority boundary refusal: parser cannot own engine storage transaction finality recovery file effects external process or unsupported compatibility behavior,exact_refusal_message_vector_required,project/tests/sblr_surface/,SBLR architecture reviewer,project/src/parsers/compatibility/mongodb/mongodb_dialect.cpp#kDiagnosticSurfaces:policy
mongodb,source_marker:unsupported,ScratchBird authority boundary refusal: parser cannot own engine storage transaction finality recovery file effects external process or unsupported compatibility behavior,exact_refusal_message_vector_required,project/tests/sblr_surface/,SBLR architecture reviewer,project/src/parsers/compatibility/mongodb/mongodb_dialect.cpp#marker:unsupported
mysql,mysql.plugin.install,ScratchBird authority boundary refusal: parser cannot own engine storage transaction finality recovery file effects external process or unsupported compatibility behavior,MYSQL.AUTHORITY.PLUGIN_DENIED,project/tests/sblr_surface/,SBLR architecture reviewer,project/src/parsers/compatibility/mysql/mysql_dialect.cpp#kPatterns:mysql.plugin.install
mysql,mysql.plugin.uninstall,ScratchBird authority boundary refusal: parser cannot own engine storage transaction finality recovery file effects external process or unsupported compatibility behavior,MYSQL.AUTHORITY.PLUGIN_DENIED,project/tests/sblr_surface/,SBLR architecture reviewer,project/src/parsers/compatibility/mysql/mysql_dialect.cpp#kPatterns:mysql.plugin.uninstall
mysql,mysql.storage.tablespace.create,ScratchBird authority boundary refusal: parser cannot own engine storage transaction finality recovery file effects external process or unsupported compatibility behavior,MYSQL.AUTHORITY.TABLESPACE_DENIED,project/tests/sblr_surface/,SBLR architecture reviewer,project/src/parsers/compatibility/mysql/mysql_dialect.cpp#kPatterns:mysql.storage.tablespace.create
mysql,mysql.storage.tablespace.alter,ScratchBird authority boundary refusal: parser cannot own engine storage transaction finality recovery file effects external process or unsupported compatibility behavior,MYSQL.AUTHORITY.TABLESPACE_DENIED,project/tests/sblr_surface/,SBLR architecture reviewer,project/src/parsers/compatibility/mysql/mysql_dialect.cpp#kPatterns:mysql.storage.tablespace.alter
mysql,mysql.storage.tablespace.drop,ScratchBird authority boundary refusal: parser cannot own engine storage transaction finality recovery file effects external process or unsupported compatibility behavior,MYSQL.AUTHORITY.TABLESPACE_DENIED,project/tests/sblr_surface/,SBLR architecture reviewer,project/src/parsers/compatibility/mysql/mysql_dialect.cpp#kPatterns:mysql.storage.tablespace.drop
mysql,mysql.transaction.xa,MGA authority refusal: compatibility transaction finality visibility rollback or recovery cannot substitute for ScratchBird engine-owned MGA authority,MYSQL.AUTHORITY.XA_DENIED,project/tests/sblr_surface/,SBLR architecture reviewer,project/src/parsers/compatibility/mysql/mysql_dialect.cpp#kPatterns:mysql.transaction.xa
mysql,diagnostic_surface:file,ScratchBird authority boundary refusal: parser cannot own engine storage transaction finality recovery file effects external process or unsupported compatibility behavior,exact_refusal_message_vector_required,project/tests/sblr_surface/,SBLR architecture reviewer,project/src/parsers/compatibility/mysql/mysql_dialect.cpp#kDiagnosticSurfaces:file
mysql,diagnostic_surface:plugin,ScratchBird authority boundary refusal: parser cannot own engine storage transaction finality recovery file effects external process or unsupported compatibility behavior,exact_refusal_message_vector_required,project/tests/sblr_surface/,SBLR architecture reviewer,project/src/parsers/compatibility/mysql/mysql_dialect.cpp#kDiagnosticSurfaces:plugin
mysql,diagnostic_surface:tablespace,ScratchBird authority boundary refusal: parser cannot own engine storage transaction finality recovery file effects external process or unsupported compatibility behavior,exact_refusal_message_vector_required,project/tests/sblr_surface/,SBLR architecture reviewer,project/src/parsers/compatibility/mysql/mysql_dialect.cpp#kDiagnosticSurfaces:tablespace
mysql,diagnostic_surface:binlog,ScratchBird authority boundary refusal: parser cannot own engine storage transaction finality recovery file effects external process or unsupported compatibility behavior,exact_refusal_message_vector_required,project/tests/sblr_surface/,SBLR architecture reviewer,project/src/parsers/compatibility/mysql/mysql_dialect.cpp#kDiagnosticSurfaces:binlog
mysql,diagnostic_surface:xa,ScratchBird authority boundary refusal: parser cannot own engine storage transaction finality recovery file effects external process or unsupported compatibility behavior,exact_refusal_message_vector_required,project/tests/sblr_surface/,SBLR architecture reviewer,project/src/parsers/compatibility/mysql/mysql_dialect.cpp#kDiagnosticSurfaces:xa
mysql,source_marker:unsupported,ScratchBird authority boundary refusal: parser cannot own engine storage transaction finality recovery file effects external process or unsupported compatibility behavior,exact_refusal_message_vector_required,project/tests/sblr_surface/,SBLR architecture reviewer,project/src/parsers/compatibility/mysql/mysql_dialect.cpp#marker:unsupported
neo4j,diagnostic_surface:policy,ScratchBird authority boundary refusal: parser cannot own engine storage transaction finality recovery file effects external process or unsupported compatibility behavior,exact_refusal_message_vector_required,project/tests/sblr_surface/,SBLR architecture reviewer,project/src/parsers/compatibility/neo4j/neo4j_dialect.cpp#kDiagnosticSurfaces:policy
neo4j,source_marker:unsupported,ScratchBird authority boundary refusal: parser cannot own engine storage transaction finality recovery file effects external process or unsupported compatibility behavior,exact_refusal_message_vector_required,project/tests/sblr_surface/,SBLR architecture reviewer,project/src/parsers/compatibility/neo4j/neo4j_dialect.cpp#marker:unsupported
opensearch,diagnostic_surface:policy,ScratchBird authority boundary refusal: parser cannot own engine storage transaction finality recovery file effects external process or unsupported compatibility behavior,exact_refusal_message_vector_required,project/tests/sblr_surface/,SBLR architecture reviewer,project/src/parsers/compatibility/opensearch/opensearch_dialect.cpp#kDiagnosticSurfaces:policy
opensearch,source_marker:unsupported,ScratchBird authority boundary refusal: parser cannot own engine storage transaction finality recovery file effects external process or unsupported compatibility behavior,exact_refusal_message_vector_required,project/tests/sblr_surface/,SBLR architecture reviewer,project/src/parsers/compatibility/opensearch/opensearch_dialect.cpp#marker:unsupported
opensearch,diagnostic_surface:policy,ScratchBird authority boundary refusal: parser cannot own engine storage transaction finality recovery file effects external process or unsupported compatibility behavior,exact_refusal_message_vector_required,project/tests/sblr_surface/,SBLR architecture reviewer,project/src/parsers/compatibility/opensearch_sql_ppl/opensearch_sql_ppl_dialect.cpp#kDiagnosticSurfaces:policy
opensearch,source_marker:unsupported,ScratchBird authority boundary refusal: parser cannot own engine storage transaction finality recovery file effects external process or unsupported compatibility behavior,exact_refusal_message_vector_required,project/tests/sblr_surface/,SBLR architecture reviewer,project/src/parsers/compatibility/opensearch_sql_ppl/opensearch_sql_ppl_dialect.cpp#marker:unsupported
postgresql,postgresql.storage.tablespace.create,ScratchBird authority boundary refusal: parser cannot own engine storage transaction finality recovery file effects external process or unsupported compatibility behavior,POSTGRESQL.AUTHORITY.TABLESPACE_DENIED,project/tests/sblr_surface/,SBLR architecture reviewer,project/src/parsers/compatibility/postgresql/postgresql_dialect.cpp#kPatterns:postgresql.storage.tablespace.create
postgresql,postgresql.storage.tablespace.alter,ScratchBird authority boundary refusal: parser cannot own engine storage transaction finality recovery file effects external process or unsupported compatibility behavior,POSTGRESQL.AUTHORITY.TABLESPACE_DENIED,project/tests/sblr_surface/,SBLR architecture reviewer,project/src/parsers/compatibility/postgresql/postgresql_dialect.cpp#kPatterns:postgresql.storage.tablespace.alter
postgresql,postgresql.storage.tablespace.drop,ScratchBird authority boundary refusal: parser cannot own engine storage transaction finality recovery file effects external process or unsupported compatibility behavior,POSTGRESQL.AUTHORITY.TABLESPACE_DENIED,project/tests/sblr_surface/,SBLR architecture reviewer,project/src/parsers/compatibility/postgresql/postgresql_dialect.cpp#kPatterns:postgresql.storage.tablespace.drop
postgresql,postgresql.system.alter_system,ScratchBird authority boundary refusal: parser cannot own engine storage transaction finality recovery file effects external process or unsupported compatibility behavior,POSTGRESQL.AUTHORITY.SYSTEM_DENIED,project/tests/sblr_surface/,SBLR architecture reviewer,project/src/parsers/compatibility/postgresql/postgresql_dialect.cpp#kPatterns:postgresql.system.alter_system
postgresql,postgresql.system.checkpoint,MGA authority refusal: compatibility transaction finality visibility rollback or recovery cannot substitute for ScratchBird engine-owned MGA authority,POSTGRESQL.AUTHORITY.SYSTEM_DENIED,project/tests/sblr_surface/,SBLR architecture reviewer,project/src/parsers/compatibility/postgresql/postgresql_dialect.cpp#kPatterns:postgresql.system.checkpoint
postgresql,postgresql.transaction.prepare_transaction,MGA authority refusal: compatibility transaction finality visibility rollback or recovery cannot substitute for ScratchBird engine-owned MGA authority,POSTGRESQL.AUTHORITY.PREPARE_TRANSACTION_DENIED,project/tests/sblr_surface/,SBLR architecture reviewer,project/src/parsers/compatibility/postgresql/postgresql_dialect.cpp#kPatterns:postgresql.transaction.prepare_transaction
postgresql,diagnostic_surface:file,ScratchBird authority boundary refusal: parser cannot own engine storage transaction finality recovery file effects external process or unsupported compatibility behavior,exact_refusal_message_vector_required,project/tests/sblr_surface/,SBLR architecture reviewer,project/src/parsers/compatibility/postgresql/postgresql_dialect.cpp#kDiagnosticSurfaces:file
postgresql,diagnostic_surface:program,ScratchBird authority boundary refusal: parser cannot own engine storage transaction finality recovery file effects external process or unsupported compatibility behavior,exact_refusal_message_vector_required,project/tests/sblr_surface/,SBLR architecture reviewer,project/src/parsers/compatibility/postgresql/postgresql_dialect.cpp#kDiagnosticSurfaces:program
postgresql,diagnostic_surface:tablespace,ScratchBird authority boundary refusal: parser cannot own engine storage transaction finality recovery file effects external process or unsupported compatibility behavior,exact_refusal_message_vector_required,project/tests/sblr_surface/,SBLR architecture reviewer,project/src/parsers/compatibility/postgresql/postgresql_dialect.cpp#kDiagnosticSurfaces:tablespace
postgresql,diagnostic_surface:system,ScratchBird authority boundary refusal: parser cannot own engine storage transaction finality recovery file effects external process or unsupported compatibility behavior,exact_refusal_message_vector_required,project/tests/sblr_surface/,SBLR architecture reviewer,project/src/parsers/compatibility/postgresql/postgresql_dialect.cpp#kDiagnosticSurfaces:system
postgresql,diagnostic_surface:transaction,MGA authority refusal: compatibility transaction finality visibility rollback or recovery cannot substitute for ScratchBird engine-owned MGA authority,exact_refusal_message_vector_required,project/tests/sblr_surface/,SBLR architecture reviewer,project/src/parsers/compatibility/postgresql/postgresql_dialect.cpp#kDiagnosticSurfaces:transaction
postgresql,source_marker:unsupported,ScratchBird authority boundary refusal: parser cannot own engine storage transaction finality recovery file effects external process or unsupported compatibility behavior,exact_refusal_message_vector_required,project/tests/sblr_surface/,SBLR architecture reviewer,project/src/parsers/compatibility/postgresql/postgresql_dialect.cpp#marker:unsupported
redis,diagnostic_surface:policy,ScratchBird authority boundary refusal: parser cannot own engine storage transaction finality recovery file effects external process or unsupported compatibility behavior,exact_refusal_message_vector_required,project/tests/sblr_surface/,SBLR architecture reviewer,project/src/parsers/compatibility/redis/redis_dialect.cpp#kDiagnosticSurfaces:policy
redis,source_marker:unsupported,ScratchBird authority boundary refusal: parser cannot own engine storage transaction finality recovery file effects external process or unsupported compatibility behavior,exact_refusal_message_vector_required,project/tests/sblr_surface/,SBLR architecture reviewer,project/src/parsers/compatibility/redis/redis_dialect.cpp#marker:unsupported
sqlite,sqlite.extension.load_extension,ScratchBird authority boundary refusal: parser cannot own engine storage transaction finality recovery file effects external process or unsupported compatibility behavior,SQLITE.AUTHORITY.EXTENSION_DENIED,project/tests/sblr_surface/,SBLR architecture reviewer,project/src/parsers/compatibility/sqlite/sqlite_dialect.cpp#kPatterns:sqlite.extension.load_extension
sqlite,builtin_function_surface:extension,ScratchBird authority boundary refusal: parser cannot own engine storage transaction finality recovery file effects external process or unsupported compatibility behavior,exact_refusal_message_vector_required,project/tests/sblr_surface/,SBLR architecture reviewer,project/src/parsers/compatibility/sqlite/sqlite_dialect.cpp#kBuiltinSurfaces:extension
sqlite,diagnostic_surface:file,ScratchBird authority boundary refusal: parser cannot own engine storage transaction finality recovery file effects external process or unsupported compatibility behavior,exact_refusal_message_vector_required,project/tests/sblr_surface/,SBLR architecture reviewer,project/src/parsers/compatibility/sqlite/sqlite_dialect.cpp#kDiagnosticSurfaces:file
sqlite,diagnostic_surface:extension,ScratchBird authority boundary refusal: parser cannot own engine storage transaction finality recovery file effects external process or unsupported compatibility behavior,exact_refusal_message_vector_required,project/tests/sblr_surface/,SBLR architecture reviewer,project/src/parsers/compatibility/sqlite/sqlite_dialect.cpp#kDiagnosticSurfaces:extension
sqlite,diagnostic_surface:catalog,ScratchBird authority boundary refusal: parser cannot own engine storage transaction finality recovery file effects external process or unsupported compatibility behavior,exact_refusal_message_vector_required,project/tests/sblr_surface/,SBLR architecture reviewer,project/src/parsers/compatibility/sqlite/sqlite_dialect.cpp#kDiagnosticSurfaces:catalog
sqlite,source_marker:unsupported,ScratchBird authority boundary refusal: parser cannot own engine storage transaction finality recovery file effects external process or unsupported compatibility behavior,exact_refusal_message_vector_required,project/tests/sblr_surface/,SBLR architecture reviewer,project/src/parsers/compatibility/sqlite/sqlite_dialect.cpp#marker:unsupported
tidb,tidb.admin.checksum_table,ScratchBird authority boundary refusal: parser cannot own engine storage transaction finality recovery file effects external process or unsupported compatibility behavior,TIDB.AUTHORITY.ADMIN_DENIED,project/tests/sblr_surface/,SBLR architecture reviewer,project/src/parsers/compatibility/tidb/tidb_dialect.cpp#kPatterns:tidb.admin.checksum_table
tidb,tidb.backup.backup,ScratchBird authority boundary refusal: parser cannot own engine storage transaction finality recovery file effects external process or unsupported compatibility behavior,TIDB.AUTHORITY.BACKUP_DENIED,project/tests/sblr_surface/,SBLR architecture reviewer,project/src/parsers/compatibility/tidb/tidb_dialect.cpp#kPatterns:tidb.backup.backup
tidb,tidb.restore.restore,ScratchBird authority boundary refusal: parser cannot own engine storage transaction finality recovery file effects external process or unsupported compatibility behavior,TIDB.AUTHORITY.RESTORE_DENIED,project/tests/sblr_surface/,SBLR architecture reviewer,project/src/parsers/compatibility/tidb/tidb_dialect.cpp#kPatterns:tidb.restore.restore
tidb,tidb.plugin.install,ScratchBird authority boundary refusal: parser cannot own engine storage transaction finality recovery file effects external process or unsupported compatibility behavior,TIDB.AUTHORITY.PLUGIN_DENIED,project/tests/sblr_surface/,SBLR architecture reviewer,project/src/parsers/compatibility/tidb/tidb_dialect.cpp#kPatterns:tidb.plugin.install
tidb,tidb.plugin.uninstall,ScratchBird authority boundary refusal: parser cannot own engine storage transaction finality recovery file effects external process or unsupported compatibility behavior,TIDB.AUTHORITY.PLUGIN_DENIED,project/tests/sblr_surface/,SBLR architecture reviewer,project/src/parsers/compatibility/tidb/tidb_dialect.cpp#kPatterns:tidb.plugin.uninstall
tidb,diagnostic_surface:file,ScratchBird authority boundary refusal: parser cannot own engine storage transaction finality recovery file effects external process or unsupported compatibility behavior,exact_refusal_message_vector_required,project/tests/sblr_surface/,SBLR architecture reviewer,project/src/parsers/compatibility/tidb/tidb_dialect.cpp#kDiagnosticSurfaces:file
tidb,diagnostic_surface:plugin,ScratchBird authority boundary refusal: parser cannot own engine storage transaction finality recovery file effects external process or unsupported compatibility behavior,exact_refusal_message_vector_required,project/tests/sblr_surface/,SBLR architecture reviewer,project/src/parsers/compatibility/tidb/tidb_dialect.cpp#kDiagnosticSurfaces:plugin
tidb,diagnostic_surface:admin,ScratchBird authority boundary refusal: parser cannot own engine storage transaction finality recovery file effects external process or unsupported compatibility behavior,exact_refusal_message_vector_required,project/tests/sblr_surface/,SBLR architecture reviewer,project/src/parsers/compatibility/tidb/tidb_dialect.cpp#kDiagnosticSurfaces:admin
tidb,diagnostic_surface:backup,ScratchBird authority boundary refusal: parser cannot own engine storage transaction finality recovery file effects external process or unsupported compatibility behavior,exact_refusal_message_vector_required,project/tests/sblr_surface/,SBLR architecture reviewer,project/src/parsers/compatibility/tidb/tidb_dialect.cpp#kDiagnosticSurfaces:backup
tidb,diagnostic_surface:restore,ScratchBird authority boundary refusal: parser cannot own engine storage transaction finality recovery file effects external process or unsupported compatibility behavior,exact_refusal_message_vector_required,project/tests/sblr_surface/,SBLR architecture reviewer,project/src/parsers/compatibility/tidb/tidb_dialect.cpp#kDiagnosticSurfaces:restore
tidb,source_marker:unsupported,ScratchBird authority boundary refusal: parser cannot own engine storage transaction finality recovery file effects external process or unsupported compatibility behavior,exact_refusal_message_vector_required,project/tests/sblr_surface/,SBLR architecture reviewer,project/src/parsers/compatibility/tidb/tidb_dialect.cpp#marker:unsupported
tikv,diagnostic_surface:policy,ScratchBird authority boundary refusal: parser cannot own engine storage transaction finality recovery file effects external process or unsupported compatibility behavior,exact_refusal_message_vector_required,project/tests/sblr_surface/,SBLR architecture reviewer,project/src/parsers/compatibility/tikv/tikv_dialect.cpp#kDiagnosticSurfaces:policy
tikv,source_marker:unsupported,ScratchBird authority boundary refusal: parser cannot own engine storage transaction finality recovery file effects external process or unsupported compatibility behavior,exact_refusal_message_vector_required,project/tests/sblr_surface/,SBLR architecture reviewer,project/src/parsers/compatibility/tikv/tikv_dialect.cpp#marker:unsupported
vitess,vitess.plugin.install,ScratchBird authority boundary refusal: parser cannot own engine storage transaction finality recovery file effects external process or unsupported compatibility behavior,VITESS.AUTHORITY.PLUGIN_DENIED,project/tests/sblr_surface/,SBLR architecture reviewer,project/src/parsers/compatibility/vitess/vitess_dialect.cpp#kPatterns:vitess.plugin.install
vitess,vitess.plugin.uninstall,ScratchBird authority boundary refusal: parser cannot own engine storage transaction finality recovery file effects external process or unsupported compatibility behavior,VITESS.AUTHORITY.PLUGIN_DENIED,project/tests/sblr_surface/,SBLR architecture reviewer,project/src/parsers/compatibility/vitess/vitess_dialect.cpp#kPatterns:vitess.plugin.uninstall
vitess,diagnostic_surface:file,ScratchBird authority boundary refusal: parser cannot own engine storage transaction finality recovery file effects external process or unsupported compatibility behavior,exact_refusal_message_vector_required,project/tests/sblr_surface/,SBLR architecture reviewer,project/src/parsers/compatibility/vitess/vitess_dialect.cpp#kDiagnosticSurfaces:file
vitess,diagnostic_surface:plugin,ScratchBird authority boundary refusal: parser cannot own engine storage transaction finality recovery file effects external process or unsupported compatibility behavior,exact_refusal_message_vector_required,project/tests/sblr_surface/,SBLR architecture reviewer,project/src/parsers/compatibility/vitess/vitess_dialect.cpp#kDiagnosticSurfaces:plugin
vitess,source_marker:unsupported,ScratchBird authority boundary refusal: parser cannot own engine storage transaction finality recovery file effects external process or unsupported compatibility behavior,exact_refusal_message_vector_required,project/tests/sblr_surface/,SBLR architecture reviewer,project/src/parsers/compatibility/vitess/vitess_dialect.cpp#marker:unsupported
xtdb,builtin_function_surface:modules,ScratchBird authority boundary refusal: parser cannot own engine storage transaction finality recovery file effects external process or unsupported compatibility behavior,exact_refusal_message_vector_required,project/tests/sblr_surface/,SBLR architecture reviewer,project/src/parsers/compatibility/xtdb/xtdb_dialect.cpp#kBuiltinSurfaces:modules
xtdb,diagnostic_surface:policy,ScratchBird authority boundary refusal: parser cannot own engine storage transaction finality recovery file effects external process or unsupported compatibility behavior,exact_refusal_message_vector_required,project/tests/sblr_surface/,SBLR architecture reviewer,project/src/parsers/compatibility/xtdb/xtdb_dialect.cpp#kDiagnosticSurfaces:policy
xtdb,source_marker:unsupported,ScratchBird authority boundary refusal: parser cannot own engine storage transaction finality recovery file effects external process or unsupported compatibility behavior,exact_refusal_message_vector_required,project/tests/sblr_surface/,SBLR architecture reviewer,project/src/parsers/compatibility/xtdb/xtdb_dialect.cpp#marker:unsupported
yugabytedb,yugabytedb.backup.backup,ScratchBird authority boundary refusal: parser cannot own engine storage transaction finality recovery file effects external process or unsupported compatibility behavior,YUGABYTEDB.AUTHORITY.BACKUP_DENIED,project/tests/sblr_surface/,SBLR architecture reviewer,project/src/parsers/compatibility/yugabytedb/yugabytedb_dialect.cpp#kPatterns:yugabytedb.backup.backup
yugabytedb,yugabytedb.restore.restore,ScratchBird authority boundary refusal: parser cannot own engine storage transaction finality recovery file effects external process or unsupported compatibility behavior,YUGABYTEDB.AUTHORITY.RESTORE_DENIED,project/tests/sblr_surface/,SBLR architecture reviewer,project/src/parsers/compatibility/yugabytedb/yugabytedb_dialect.cpp#kPatterns:yugabytedb.restore.restore
yugabytedb,yugabytedb.transaction.prepare_transaction,MGA authority refusal: compatibility transaction finality visibility rollback or recovery cannot substitute for ScratchBird engine-owned MGA authority,YUGABYTEDB.AUTHORITY.PREPARE_TRANSACTION_DENIED,project/tests/sblr_surface/,SBLR architecture reviewer,project/src/parsers/compatibility/yugabytedb/yugabytedb_dialect.cpp#kPatterns:yugabytedb.transaction.prepare_transaction
yugabytedb,diagnostic_surface:file,ScratchBird authority boundary refusal: parser cannot own engine storage transaction finality recovery file effects external process or unsupported compatibility behavior,exact_refusal_message_vector_required,project/tests/sblr_surface/,SBLR architecture reviewer,project/src/parsers/compatibility/yugabytedb/yugabytedb_dialect.cpp#kDiagnosticSurfaces:file
yugabytedb,diagnostic_surface:program,ScratchBird authority boundary refusal: parser cannot own engine storage transaction finality recovery file effects external process or unsupported compatibility behavior,exact_refusal_message_vector_required,project/tests/sblr_surface/,SBLR architecture reviewer,project/src/parsers/compatibility/yugabytedb/yugabytedb_dialect.cpp#kDiagnosticSurfaces:program
yugabytedb,diagnostic_surface:backup,ScratchBird authority boundary refusal: parser cannot own engine storage transaction finality recovery file effects external process or unsupported compatibility behavior,exact_refusal_message_vector_required,project/tests/sblr_surface/,SBLR architecture reviewer,project/src/parsers/compatibility/yugabytedb/yugabytedb_dialect.cpp#kDiagnosticSurfaces:backup
yugabytedb,diagnostic_surface:restore,ScratchBird authority boundary refusal: parser cannot own engine storage transaction finality recovery file effects external process or unsupported compatibility behavior,exact_refusal_message_vector_required,project/tests/sblr_surface/,SBLR architecture reviewer,project/src/parsers/compatibility/yugabytedb/yugabytedb_dialect.cpp#kDiagnosticSurfaces:restore
yugabytedb,diagnostic_surface:transaction,MGA authority refusal: compatibility transaction finality visibility rollback or recovery cannot substitute for ScratchBird engine-owned MGA authority,exact_refusal_message_vector_required,project/tests/sblr_surface/,SBLR architecture reviewer,project/src/parsers/compatibility/yugabytedb/yugabytedb_dialect.cpp#kDiagnosticSurfaces:transaction
yugabytedb,source_marker:unsupported,ScratchBird authority boundary refusal: parser cannot own engine storage transaction finality recovery file effects external process or unsupported compatibility behavior,exact_refusal_message_vector_required,project/tests/sblr_surface/,SBLR architecture reviewer,project/src/parsers/compatibility/yugabytedb/yugabytedb_dialect.cpp#marker:unsupported
apache_ignite,udr_diagnostic_vector_set,ScratchBird authority boundary refusal: parser cannot own engine storage transaction finality recovery file effects external process or unsupported compatibility behavior,exact_refusal_message_vector_required,project/tests/sblr_surface/,SBLR architecture reviewer,project/src/udr/sbu_apache_ignite_parser_support/sbu_apache_ignite_parser_support.cpp#diagnostic_vectors
cassandra,udr_diagnostic_vector_set,ScratchBird authority boundary refusal: parser cannot own engine storage transaction finality recovery file effects external process or unsupported compatibility behavior,exact_refusal_message_vector_required,project/tests/sblr_surface/,SBLR architecture reviewer,project/src/udr/sbu_cassandra_parser_support/sbu_cassandra_parser_support.cpp#diagnostic_vectors
clickhouse,udr_diagnostic_vector_set,ScratchBird authority boundary refusal: parser cannot own engine storage transaction finality recovery file effects external process or unsupported compatibility behavior,exact_refusal_message_vector_required,project/tests/sblr_surface/,SBLR architecture reviewer,project/src/udr/sbu_clickhouse_parser_support/sbu_clickhouse_parser_support.cpp#diagnostic_vectors
cockroachdb,udr_diagnostic_vector_set,ScratchBird authority boundary refusal: parser cannot own engine storage transaction finality recovery file effects external process or unsupported compatibility behavior,exact_refusal_message_vector_required,project/tests/sblr_surface/,SBLR architecture reviewer,project/src/udr/sbu_cockroachdb_parser_support/sbu_cockroachdb_parser_support.cpp#diagnostic_vectors
dolt,udr_diagnostic_vector_set,ScratchBird authority boundary refusal: parser cannot own engine storage transaction finality recovery file effects external process or unsupported compatibility behavior,exact_refusal_message_vector_required,project/tests/sblr_surface/,SBLR architecture reviewer,project/src/udr/sbu_dolt_parser_support/sbu_dolt_parser_support.cpp#diagnostic_vectors
duckdb,udr_diagnostic_vector_set,ScratchBird authority boundary refusal: parser cannot own engine storage transaction finality recovery file effects external process or unsupported compatibility behavior,exact_refusal_message_vector_required,project/tests/sblr_surface/,SBLR architecture reviewer,project/src/udr/sbu_duckdb_parser_support/sbu_duckdb_parser_support.cpp#diagnostic_vectors
firebird,udr_diagnostic_vector_set,ScratchBird authority boundary refusal: parser cannot own engine storage transaction finality recovery file effects external process or unsupported compatibility behavior,exact_refusal_message_vector_required,project/tests/sblr_surface/,SBLR architecture reviewer,project/src/udr/sbu_firebird_parser_support/sbu_firebird_parser_support.cpp#diagnostic_vectors
foundationdb,udr_diagnostic_vector_set,ScratchBird authority boundary refusal: parser cannot own engine storage transaction finality recovery file effects external process or unsupported compatibility behavior,exact_refusal_message_vector_required,project/tests/sblr_surface/,SBLR architecture reviewer,project/src/udr/sbu_foundationdb_parser_support/sbu_foundationdb_parser_support.cpp#diagnostic_vectors
immudb,udr_diagnostic_vector_set,ScratchBird authority boundary refusal: parser cannot own engine storage transaction finality recovery file effects external process or unsupported compatibility behavior,exact_refusal_message_vector_required,project/tests/sblr_surface/,SBLR architecture reviewer,project/src/udr/sbu_immudb_parser_support/sbu_immudb_parser_support.cpp#diagnostic_vectors
influxdb,udr_diagnostic_vector_set,ScratchBird authority boundary refusal: parser cannot own engine storage transaction finality recovery file effects external process or unsupported compatibility behavior,exact_refusal_message_vector_required,project/tests/sblr_surface/,SBLR architecture reviewer,project/src/udr/sbu_influxdb_parser_support/sbu_influxdb_parser_support.cpp#diagnostic_vectors
mariadb,udr_diagnostic_vector_set,ScratchBird authority boundary refusal: parser cannot own engine storage transaction finality recovery file effects external process or unsupported compatibility behavior,exact_refusal_message_vector_required,project/tests/sblr_surface/,SBLR architecture reviewer,project/src/udr/sbu_mariadb_parser_support/sbu_mariadb_parser_support.cpp#diagnostic_vectors
milvus,udr_diagnostic_vector_set,ScratchBird authority boundary refusal: parser cannot own engine storage transaction finality recovery file effects external process or unsupported compatibility behavior,exact_refusal_message_vector_required,project/tests/sblr_surface/,SBLR architecture reviewer,project/src/udr/sbu_milvus_parser_support/sbu_milvus_parser_support.cpp#diagnostic_vectors
mongodb,udr_diagnostic_vector_set,ScratchBird authority boundary refusal: parser cannot own engine storage transaction finality recovery file effects external process or unsupported compatibility behavior,exact_refusal_message_vector_required,project/tests/sblr_surface/,SBLR architecture reviewer,project/src/udr/sbu_mongodb_parser_support/sbu_mongodb_parser_support.cpp#diagnostic_vectors
mysql,udr_diagnostic_vector_set,ScratchBird authority boundary refusal: parser cannot own engine storage transaction finality recovery file effects external process or unsupported compatibility behavior,exact_refusal_message_vector_required,project/tests/sblr_surface/,SBLR architecture reviewer,project/src/udr/sbu_mysql_parser_support/sbu_mysql_parser_support.cpp#diagnostic_vectors
neo4j,udr_diagnostic_vector_set,ScratchBird authority boundary refusal: parser cannot own engine storage transaction finality recovery file effects external process or unsupported compatibility behavior,exact_refusal_message_vector_required,project/tests/sblr_surface/,SBLR architecture reviewer,project/src/udr/sbu_neo4j_parser_support/sbu_neo4j_parser_support.cpp#diagnostic_vectors
opensearch,udr_diagnostic_vector_set,ScratchBird authority boundary refusal: parser cannot own engine storage transaction finality recovery file effects external process or unsupported compatibility behavior,exact_refusal_message_vector_required,project/tests/sblr_surface/,SBLR architecture reviewer,project/src/udr/sbu_opensearch_parser_support/sbu_opensearch_parser_support.cpp#diagnostic_vectors
opensearch,udr_diagnostic_vector_set,ScratchBird authority boundary refusal: parser cannot own engine storage transaction finality recovery file effects external process or unsupported compatibility behavior,exact_refusal_message_vector_required,project/tests/sblr_surface/,SBLR architecture reviewer,project/src/udr/sbu_opensearch_sql_ppl_parser_support/sbu_opensearch_sql_ppl_parser_support.cpp#diagnostic_vectors
postgresql,udr_diagnostic_vector_set,ScratchBird authority boundary refusal: parser cannot own engine storage transaction finality recovery file effects external process or unsupported compatibility behavior,exact_refusal_message_vector_required,project/tests/sblr_surface/,SBLR architecture reviewer,project/src/udr/sbu_postgresql_parser_support/sbu_postgresql_parser_support.cpp#diagnostic_vectors
redis,udr_diagnostic_vector_set,ScratchBird authority boundary refusal: parser cannot own engine storage transaction finality recovery file effects external process or unsupported compatibility behavior,exact_refusal_message_vector_required,project/tests/sblr_surface/,SBLR architecture reviewer,project/src/udr/sbu_redis_parser_support/sbu_redis_parser_support.cpp#diagnostic_vectors
sqlite,udr_diagnostic_vector_set,ScratchBird authority boundary refusal: parser cannot own engine storage transaction finality recovery file effects external process or unsupported compatibility behavior,exact_refusal_message_vector_required,project/tests/sblr_surface/,SBLR architecture reviewer,project/src/udr/sbu_sqlite_parser_support/sbu_sqlite_parser_support.cpp#diagnostic_vectors
tidb,udr_diagnostic_vector_set,ScratchBird authority boundary refusal: parser cannot own engine storage transaction finality recovery file effects external process or unsupported compatibility behavior,exact_refusal_message_vector_required,project/tests/sblr_surface/,SBLR architecture reviewer,project/src/udr/sbu_tidb_parser_support/sbu_tidb_parser_support.cpp#diagnostic_vectors
tikv,udr_diagnostic_vector_set,ScratchBird authority boundary refusal: parser cannot own engine storage transaction finality recovery file effects external process or unsupported compatibility behavior,exact_refusal_message_vector_required,project/tests/sblr_surface/,SBLR architecture reviewer,project/src/udr/sbu_tikv_parser_support/sbu_tikv_parser_support.cpp#diagnostic_vectors
vitess,udr_diagnostic_vector_set,ScratchBird authority boundary refusal: parser cannot own engine storage transaction finality recovery file effects external process or unsupported compatibility behavior,exact_refusal_message_vector_required,project/tests/sblr_surface/,SBLR architecture reviewer,project/src/udr/sbu_vitess_parser_support/sbu_vitess_parser_support.cpp#diagnostic_vectors
xtdb,udr_diagnostic_vector_set,ScratchBird authority boundary refusal: parser cannot own engine storage transaction finality recovery file effects external process or unsupported compatibility behavior,exact_refusal_message_vector_required,project/tests/sblr_surface/,SBLR architecture reviewer,project/src/udr/sbu_xtdb_parser_support/sbu_xtdb_parser_support.cpp#diagnostic_vectors
yugabytedb,udr_diagnostic_vector_set,ScratchBird authority boundary refusal: parser cannot own engine storage transaction finality recovery file effects external process or unsupported compatibility behavior,exact_refusal_message_vector_required,project/tests/sblr_surface/,SBLR architecture reviewer,project/src/udr/sbu_yugabytedb_parser_support/sbu_yugabytedb_parser_support.cpp#diagnostic_vectors
apache_ignite,reference_authority_surface:transaction,MGA authority review: compatibility transaction behavior must map to engine-owned MGA or exact refusal,exact_refusal_or_engine_owned_mapping_required,project/tests/sblr_surface/,SBLR architecture reviewer,docs/reference/compatibility-engines/apache_ignite/transaction-and-cluster-summary.md#keyword:transaction
apache_ignite,reference_authority_surface:snapshot,MGA authority review: compatibility snapshot semantics must map to ScratchBird visibility rules,exact_refusal_or_engine_owned_mapping_required,project/tests/sblr_surface/,SBLR architecture reviewer,docs/reference/compatibility-engines/apache_ignite/wire-and-migration-summary.md#keyword:snapshot
apache_ignite,reference_authority_surface:commit,MGA authority review: compatibility commit/finality must be engine-owned,exact_refusal_or_engine_owned_mapping_required,project/tests/sblr_surface/,SBLR architecture reviewer,docs/reference/compatibility_release_acquisition/apache_ignite/2.17.0/release-notes/RELEASE_NOTES_SOURCE.md#keyword:commit
apache_ignite,reference_authority_surface:wal,MGA authority conflict: compatibility WAL/recovery finality cannot substitute for ScratchBird MGA authority,exact_refusal_or_engine_owned_mapping_required,project/tests/sblr_surface/,SBLR architecture reviewer,docs/reference/compatibility_release_acquisition/apache_ignite/2.17.0/source/RELEASE_NOTES.txt#keyword:wal
apache_ignite,reference_authority_surface:recovery,MGA authority conflict: recovery remains ScratchBird MGA/engine-owned,exact_refusal_or_engine_owned_mapping_required,project/tests/sblr_surface/,SBLR architecture reviewer,docs/reference/compatibility_release_acquisition/apache_ignite/2.17.0/source/RELEASE_NOTES.txt#keyword:recovery
apache_ignite,reference_authority_surface:mvcc,MGA authority review: compatibility MVCC semantics cannot replace ScratchBird MGA authority,exact_refusal_or_engine_owned_mapping_required,project/tests/sblr_surface/,SBLR architecture reviewer,docs/reference/compatibility_release_acquisition/apache_ignite/2.17.0/source/RELEASE_NOTES.txt#keyword:mvcc
apache_ignite,reference_authority_surface:rollback,MGA authority review: compatibility rollback/finality must be engine-owned,exact_refusal_or_engine_owned_mapping_required,project/tests/sblr_surface/,SBLR architecture reviewer,docs/reference/compatibility_release_acquisition/apache_ignite/2.17.0/source/RELEASE_NOTES.txt#keyword:rollback
apache_ignite,reference_authority_surface:checkpoint,MGA/recovery authority review: compatibility checkpoint cannot replace ScratchBird recovery authority,exact_refusal_or_engine_owned_mapping_required,project/tests/sblr_surface/,SBLR architecture reviewer,docs/reference/compatibility_release_acquisition/apache_ignite/2.17.0/source/RELEASE_NOTES.txt#keyword:checkpoint
apache_ignite,reference_authority_surface:fsync,durability authority review: compatibility durability primitive must map to ScratchBird storage authority,exact_refusal_or_engine_owned_mapping_required,project/tests/sblr_surface/,SBLR architecture reviewer,docs/reference/compatibility_release_acquisition/apache_ignite/2.17.0/source/RELEASE_NOTES.txt#keyword:fsync
apache_ignite,reference_authority_surface:finality,MGA authority conflict: compatibility finality cannot be parser-owned,exact_refusal_or_engine_owned_mapping_required,project/tests/sblr_surface/,SBLR architecture reviewer,docs/specifications/chapters/compatibilitys/apache_ignite/appendix-compatibility-apache-ignite-capability-map.md#keyword:finality
cassandra,reference_authority_surface:transaction,MGA authority review: compatibility transaction behavior must map to engine-owned MGA or exact refusal,exact_refusal_or_engine_owned_mapping_required,project/tests/sblr_surface/,SBLR architecture reviewer,docs/reference/compatibility_catalog_seeds/cassandra/cassandra_5_beta2_full_seed_manifest.yaml#keyword:transaction
cassandra,reference_authority_surface:rollback,MGA authority review: compatibility rollback/finality must be engine-owned,exact_refusal_or_engine_owned_mapping_required,project/tests/sblr_surface/,SBLR architecture reviewer,docs/reference/compatibility_catalog_seeds/cassandra/cassandra_5_beta2_full_seed_manifest.yaml#keyword:rollback
cassandra,reference_authority_surface:wal,MGA authority conflict: compatibility WAL/recovery finality cannot substitute for ScratchBird MGA authority,exact_refusal_or_engine_owned_mapping_required,project/tests/sblr_surface/,SBLR architecture reviewer,docs/reference/compatibility_release_acquisition/cassandra/5.0.8/release-notes/RELEASE_NOTES_SOURCE.txt#keyword:wal
cassandra,reference_authority_surface:recovery,MGA authority conflict: recovery remains ScratchBird MGA/engine-owned,exact_refusal_or_engine_owned_mapping_required,project/tests/sblr_surface/,SBLR architecture reviewer,docs/reference/compatibility_release_acquisition/cassandra/5.0.8/release-notes/RELEASE_NOTES_SOURCE.txt#keyword:recovery
cassandra,reference_authority_surface:snapshot,MGA authority review: compatibility snapshot semantics must map to ScratchBird visibility rules,exact_refusal_or_engine_owned_mapping_required,project/tests/sblr_surface/,SBLR architecture reviewer,docs/reference/compatibility_release_acquisition/cassandra/5.0.8/release-notes/RELEASE_NOTES_SOURCE.txt#keyword:snapshot
cassandra,reference_authority_surface:commit,MGA authority review: compatibility commit/finality must be engine-owned,exact_refusal_or_engine_owned_mapping_required,project/tests/sblr_surface/,SBLR architecture reviewer,docs/reference/compatibility_release_acquisition/cassandra/5.0.8/release-notes/RELEASE_NOTES_SOURCE.txt#keyword:commit
cassandra,reference_authority_surface:fsync,durability authority review: compatibility durability primitive must map to ScratchBird storage authority,exact_refusal_or_engine_owned_mapping_required,project/tests/sblr_surface/,SBLR architecture reviewer,docs/reference/compatibility_release_acquisition/cassandra/5.0.8/release-notes/RELEASE_NOTES_SOURCE.txt#keyword:fsync
cassandra,reference_authority_surface:checkpoint,MGA/recovery authority review: compatibility checkpoint cannot replace ScratchBird recovery authority,exact_refusal_or_engine_owned_mapping_required,project/tests/sblr_surface/,SBLR architecture reviewer,docs/reference/compatibility_release_acquisition/cassandra/5.0.8/source/doc/SASI.md#keyword:checkpoint
cassandra,reference_authority_surface:finality,MGA authority conflict: compatibility finality cannot be parser-owned,exact_refusal_or_engine_owned_mapping_required,project/tests/sblr_surface/,SBLR architecture reviewer,docs/specifications/chapters/compatibilitys/cassandra/appendix-compatibility-cassandra-capability-map.md#keyword:finality
clickhouse,reference_authority_surface:transaction,MGA authority review: compatibility transaction behavior must map to engine-owned MGA or exact refusal,exact_refusal_or_engine_owned_mapping_required,project/tests/sblr_surface/,SBLR architecture reviewer,docs/reference/compatibility_catalog_seeds/clickhouse/clickhouse_25_beta2_full_seed_manifest.yaml#keyword:transaction
clickhouse,reference_authority_surface:rollback,MGA authority review: compatibility rollback/finality must be engine-owned,exact_refusal_or_engine_owned_mapping_required,project/tests/sblr_surface/,SBLR architecture reviewer,docs/reference/compatibility_catalog_seeds/clickhouse/clickhouse_25_beta2_full_seed_manifest.yaml#keyword:rollback
clickhouse,reference_authority_surface:commit,MGA authority review: compatibility commit/finality must be engine-owned,exact_refusal_or_engine_owned_mapping_required,project/tests/sblr_surface/,SBLR architecture reviewer,docs/reference/compatibility_release_acquisition/clickhouse/25.12.10.7-stable/source/.github/copilot-instructions.md#keyword:commit
clickhouse,reference_authority_surface:fsync,durability authority review: compatibility durability primitive must map to ScratchBird storage authority,exact_refusal_or_engine_owned_mapping_required,project/tests/sblr_surface/,SBLR architecture reviewer,docs/reference/compatibility_release_acquisition/clickhouse/25.12.10.7-stable/source/.github/copilot-instructions.md#keyword:fsync
clickhouse,reference_authority_surface:recovery,MGA authority conflict: recovery remains ScratchBird MGA/engine-owned,exact_refusal_or_engine_owned_mapping_required,project/tests/sblr_surface/,SBLR architecture reviewer,docs/reference/compatibility_release_acquisition/clickhouse/25.12.10.7-stable/source/.github/workflows/create_release.yml#keyword:recovery
clickhouse,reference_authority_surface:snapshot,MGA authority review: compatibility snapshot semantics must map to ScratchBird visibility rules,exact_refusal_or_engine_owned_mapping_required,project/tests/sblr_surface/,SBLR architecture reviewer,docs/reference/compatibility_release_acquisition/clickhouse/25.12.10.7-stable/source/CHANGELOG.md#keyword:snapshot
clickhouse,reference_authority_surface:wal,MGA authority conflict: compatibility WAL/recovery finality cannot substitute for ScratchBird MGA authority,exact_refusal_or_engine_owned_mapping_required,project/tests/sblr_surface/,SBLR architecture reviewer,docs/reference/compatibility_release_acquisition/clickhouse/25.12.10.7-stable/source/ci/jobs/scripts/check_style/aspell-ignore/en/aspell-dict.txt#keyword:wal
clickhouse,reference_authority_surface:mvcc,MGA authority review: compatibility MVCC semantics cannot replace ScratchBird MGA authority,exact_refusal_or_engine_owned_mapping_required,project/tests/sblr_surface/,SBLR architecture reviewer,docs/reference/compatibility_release_acquisition/clickhouse/25.12.10.7-stable/source/ci/jobs/scripts/check_style/aspell-ignore/en/aspell-dict.txt#keyword:mvcc
clickhouse,reference_authority_surface:checkpoint,MGA/recovery authority review: compatibility checkpoint cannot replace ScratchBird recovery authority,exact_refusal_or_engine_owned_mapping_required,project/tests/sblr_surface/,SBLR architecture reviewer,docs/reference/compatibility_release_acquisition/clickhouse/25.12.10.7-stable/source/contrib/rocksdb-cmake/CMakeLists.txt#keyword:checkpoint
clickhouse,reference_authority_surface:finality,MGA authority conflict: compatibility finality cannot be parser-owned,exact_refusal_or_engine_owned_mapping_required,project/tests/sblr_surface/,SBLR architecture reviewer,docs/specifications/chapters/compatibilitys/clickhouse/appendix-compatibility-clickhouse-exact-extraction-slice-1-release-surface-catalog-api-and-conformance-inventory-profile.md#keyword:finality
cockroachdb,reference_authority_surface:finality,MGA authority conflict: compatibility finality cannot be parser-owned,exact_refusal_or_engine_owned_mapping_required,project/tests/sblr_surface/,SBLR architecture reviewer,docs/reference/compatibility-engines/cockroachdb/transaction-and-cluster-summary.md#keyword:finality
cockroachdb,reference_authority_surface:transaction,MGA authority review: compatibility transaction behavior must map to engine-owned MGA or exact refusal,exact_refusal_or_engine_owned_mapping_required,project/tests/sblr_surface/,SBLR architecture reviewer,docs/reference/compatibility-engines/cockroachdb/transaction-and-cluster-summary.md#keyword:transaction
cockroachdb,reference_authority_surface:commit,MGA authority review: compatibility commit/finality must be engine-owned,exact_refusal_or_engine_owned_mapping_required,project/tests/sblr_surface/,SBLR architecture reviewer,docs/reference/compatibility-engines/cockroachdb/transaction-and-cluster-summary.md#keyword:commit
cockroachdb,reference_authority_surface:snapshot,MGA authority review: compatibility snapshot semantics must map to ScratchBird visibility rules,exact_refusal_or_engine_owned_mapping_required,project/tests/sblr_surface/,SBLR architecture reviewer,docs/reference/compatibility-engines/cockroachdb/wire-and-migration-summary.md#keyword:snapshot
cockroachdb,reference_authority_surface:recovery,MGA authority conflict: recovery remains ScratchBird MGA/engine-owned,exact_refusal_or_engine_owned_mapping_required,project/tests/sblr_surface/,SBLR architecture reviewer,docs/reference/compatibility_release_acquisition/cockroachdb/26.1.3/release-notes/RELEASE_NOTES_SOURCE.md#keyword:recovery
cockroachdb,reference_authority_surface:mvcc,MGA authority review: compatibility MVCC semantics cannot replace ScratchBird MGA authority,exact_refusal_or_engine_owned_mapping_required,project/tests/sblr_surface/,SBLR architecture reviewer,docs/reference/compatibility_release_acquisition/cockroachdb/26.1.3/source/CLAUDE.md#keyword:mvcc
cockroachdb,reference_authority_surface:wal,MGA authority conflict: compatibility WAL/recovery finality cannot substitute for ScratchBird MGA authority,exact_refusal_or_engine_owned_mapping_required,project/tests/sblr_surface/,SBLR architecture reviewer,docs/reference/compatibility_release_acquisition/cockroachdb/26.1.3/source/EXTERNAL-CONTRIBUTORS-HALL-OF-FAME.md#keyword:wal
cockroachdb,reference_authority_surface:checkpoint,MGA/recovery authority review: compatibility checkpoint cannot replace ScratchBird recovery authority,exact_refusal_or_engine_owned_mapping_required,project/tests/sblr_surface/,SBLR architecture reviewer,docs/reference/compatibility_release_acquisition/cockroachdb/26.1.3/source/docs/RFCS/20151014_online_schema_change.md#keyword:checkpoint
cockroachdb,reference_authority_surface:rollback,MGA authority review: compatibility rollback/finality must be engine-owned,exact_refusal_or_engine_owned_mapping_required,project/tests/sblr_surface/,SBLR architecture reviewer,docs/reference/compatibility_release_acquisition/cockroachdb/26.1.3/source/docs/RFCS/20160720_backup_restore.md#keyword:rollback
cockroachdb,reference_authority_surface:fsync,durability authority review: compatibility durability primitive must map to ScratchBird storage authority,exact_refusal_or_engine_owned_mapping_required,project/tests/sblr_surface/,SBLR architecture reviewer,docs/reference/compatibility_release_acquisition/cockroachdb/26.1.3/source/docs/generated/metrics/metrics.yaml#keyword:fsync
dolt,reference_authority_surface:commit,MGA authority review: compatibility commit/finality must be engine-owned,exact_refusal_or_engine_owned_mapping_required,project/tests/sblr_surface/,SBLR architecture reviewer,docs/reference/compatibility-engines/dolt/capability-summary.md#keyword:commit
dolt,reference_authority_surface:finality,MGA authority conflict: compatibility finality cannot be parser-owned,exact_refusal_or_engine_owned_mapping_required,project/tests/sblr_surface/,SBLR architecture reviewer,docs/reference/compatibility-engines/dolt/transaction-and-cluster-summary.md#keyword:finality
dolt,reference_authority_surface:transaction,MGA authority review: compatibility transaction behavior must map to engine-owned MGA or exact refusal,exact_refusal_or_engine_owned_mapping_required,project/tests/sblr_surface/,SBLR architecture reviewer,docs/reference/compatibility-engines/dolt/transaction-and-cluster-summary.md#keyword:transaction
dolt,reference_authority_surface:snapshot,MGA authority review: compatibility snapshot semantics must map to ScratchBird visibility rules,exact_refusal_or_engine_owned_mapping_required,project/tests/sblr_surface/,SBLR architecture reviewer,docs/reference/compatibility-engines/dolt/wire-and-migration-summary.md#keyword:snapshot
dolt,reference_authority_surface:rollback,MGA authority review: compatibility rollback/finality must be engine-owned,exact_refusal_or_engine_owned_mapping_required,project/tests/sblr_surface/,SBLR architecture reviewer,docs/reference/compatibility_release_acquisition/dolt/1.86.6/release-notes/RELEASE_NOTES_SOURCE.md#keyword:rollback
dolt,reference_authority_surface:wal,MGA authority conflict: compatibility WAL/recovery finality cannot substitute for ScratchBird MGA authority,exact_refusal_or_engine_owned_mapping_required,project/tests/sblr_surface/,SBLR architecture reviewer,docs/reference/compatibility_release_acquisition/dolt/1.86.6/source/go/store/datas/pull/pulling.md#keyword:wal
dolt,reference_authority_surface:recovery,MGA authority conflict: recovery remains ScratchBird MGA/engine-owned,exact_refusal_or_engine_owned_mapping_required,project/tests/sblr_surface/,SBLR architecture reviewer,docs/specifications/chapters/compatibilitys/dolt/appendix-compatibility-dolt-capability-map.md#keyword:recovery
duckdb,reference_authority_surface:transaction,MGA authority review: compatibility transaction behavior must map to engine-owned MGA or exact refusal,exact_refusal_or_engine_owned_mapping_required,project/tests/sblr_surface/,SBLR architecture reviewer,docs/reference/compatibility_catalog_seeds/duckdb/duckdb_1_beta2_full_seed_manifest.yaml#keyword:transaction
duckdb,reference_authority_surface:rollback,MGA authority review: compatibility rollback/finality must be engine-owned,exact_refusal_or_engine_owned_mapping_required,project/tests/sblr_surface/,SBLR architecture reviewer,docs/reference/compatibility_catalog_seeds/duckdb/duckdb_1_beta2_full_seed_manifest.yaml#keyword:rollback
duckdb,reference_authority_surface:commit,MGA authority review: compatibility commit/finality must be engine-owned,exact_refusal_or_engine_owned_mapping_required,project/tests/sblr_surface/,SBLR architecture reviewer,docs/reference/compatibility_release_acquisition/duckdb/1.5.2/source/.github/patches/extensions/README.md#keyword:commit
duckdb,reference_authority_surface:wal,MGA authority conflict: compatibility WAL/recovery finality cannot substitute for ScratchBird MGA authority,exact_refusal_or_engine_owned_mapping_required,project/tests/sblr_surface/,SBLR architecture reviewer,docs/reference/compatibility_release_acquisition/duckdb/1.5.2/source/.github/workflows/CrossVersion.yml#keyword:wal
duckdb,reference_authority_surface:recovery,MGA authority conflict: recovery remains ScratchBird MGA/engine-owned,exact_refusal_or_engine_owned_mapping_required,project/tests/sblr_surface/,SBLR architecture reviewer,docs/reference/compatibility_release_acquisition/duckdb/1.5.2/source/data/csv/CrashStatistics.csv#keyword:recovery
duckdb,reference_authority_surface:checkpoint,MGA/recovery authority review: compatibility checkpoint cannot replace ScratchBird recovery authority,exact_refusal_or_engine_owned_mapping_required,project/tests/sblr_surface/,SBLR architecture reviewer,docs/reference/compatibility_release_acquisition/duckdb/1.5.2/source/extension/autocomplete/transformer/CMakeLists.txt#keyword:checkpoint
duckdb,reference_authority_surface:snapshot,MGA authority review: compatibility snapshot semantics must map to ScratchBird visibility rules,exact_refusal_or_engine_owned_mapping_required,project/tests/sblr_surface/,SBLR architecture reviewer,docs/specifications/chapters/compatibilitys/duckdb/appendix-compatibility-duckdb-capability-map.md#keyword:snapshot
duckdb,reference_authority_surface:finality,MGA authority conflict: compatibility finality cannot be parser-owned,exact_refusal_or_engine_owned_mapping_required,project/tests/sblr_surface/,SBLR architecture reviewer,docs/specifications/chapters/compatibilitys/duckdb/appendix-compatibility-duckdb-exact-extraction-slice-02-table-definition-column-constraint-and-default-semantics-profile.md#keyword:finality
firebird,reference_authority_surface:transaction,MGA authority review: compatibility transaction behavior must map to engine-owned MGA or exact refusal,exact_refusal_or_engine_owned_mapping_required,project/tests/sblr_surface/,SBLR architecture reviewer,docs/reference/compatibility_catalog_seeds/firebird/firebird_5_beta2_full_seed_manifest.yaml#keyword:transaction
firebird,reference_authority_surface:rollback,MGA authority review: compatibility rollback/finality must be engine-owned,exact_refusal_or_engine_owned_mapping_required,project/tests/sblr_surface/,SBLR architecture reviewer,docs/reference/compatibility_catalog_seeds/firebird/firebird_5_beta2_full_seed_manifest.yaml#keyword:rollback
firebird,reference_authority_surface:commit,MGA authority review: compatibility commit/finality must be engine-owned,exact_refusal_or_engine_owned_mapping_required,project/tests/sblr_surface/,SBLR architecture reviewer,docs/reference/compatibility_release_acquisition/firebird/5.0.4/regression/FIREBIRD_QA_CANDIDATE_ASSET_HASH_MANIFEST.csv#keyword:commit
firebird,reference_authority_surface:snapshot,MGA authority review: compatibility snapshot semantics must map to ScratchBird visibility rules,exact_refusal_or_engine_owned_mapping_required,project/tests/sblr_surface/,SBLR architecture reviewer,docs/reference/compatibility_release_acquisition/firebird/5.0.4/source/.github/actions/adjust-snapshot-buildno/action.yml#keyword:snapshot
firebird,reference_authority_surface:wal,MGA authority conflict: compatibility WAL/recovery finality cannot substitute for ScratchBird MGA authority,exact_refusal_or_engine_owned_mapping_required,project/tests/sblr_surface/,SBLR architecture reviewer,docs/reference/compatibility_release_acquisition/firebird/5.0.4/source/doc/README.read_consistency.md#keyword:wal
firebird,reference_authority_surface:recovery,MGA authority conflict: recovery remains ScratchBird MGA/engine-owned,exact_refusal_or_engine_owned_mapping_required,project/tests/sblr_surface/,SBLR architecture reviewer,docs/reference/compatibility_release_acquisition/firebird/5.0.4/source/doc/README.replication.md#keyword:recovery
firebird,reference_authority_surface:finality,MGA authority conflict: compatibility finality cannot be parser-owned,exact_refusal_or_engine_owned_mapping_required,project/tests/sblr_surface/,SBLR architecture reviewer,docs/specifications/chapters/compatibilitys/firebird/appendix-compatibility-firebird-exact-extraction-slice-12-trigger-equal-position-ordering-and-vector-load.md#keyword:finality
firebird,reference_authority_surface:checkpoint,MGA/recovery authority review: compatibility checkpoint cannot replace ScratchBird recovery authority,exact_refusal_or_engine_owned_mapping_required,project/tests/sblr_surface/,SBLR architecture reviewer,docs/specifications/chapters/compatibilitys/firebird/appendix-compatibility-firebird-exact-extraction-slice-60-replication-configuration-and-journal-archive-profile.md#keyword:checkpoint
foundationdb,reference_authority_surface:transaction,MGA authority review: compatibility transaction behavior must map to engine-owned MGA or exact refusal,exact_refusal_or_engine_owned_mapping_required,project/tests/sblr_surface/,SBLR architecture reviewer,docs/reference/compatibility-engines/foundationdb/capability-summary.md#keyword:transaction
foundationdb,reference_authority_surface:recovery,MGA authority conflict: recovery remains ScratchBird MGA/engine-owned,exact_refusal_or_engine_owned_mapping_required,project/tests/sblr_surface/,SBLR architecture reviewer,docs/reference/compatibility-engines/foundationdb/transaction-and-cluster-summary.md#keyword:recovery
foundationdb,reference_authority_surface:commit,MGA authority review: compatibility commit/finality must be engine-owned,exact_refusal_or_engine_owned_mapping_required,project/tests/sblr_surface/,SBLR architecture reviewer,docs/reference/compatibility-engines/foundationdb/transaction-and-cluster-summary.md#keyword:commit
foundationdb,reference_authority_surface:snapshot,MGA authority review: compatibility snapshot semantics must map to ScratchBird visibility rules,exact_refusal_or_engine_owned_mapping_required,project/tests/sblr_surface/,SBLR architecture reviewer,docs/reference/compatibility-engines/foundationdb/wire-and-migration-summary.md#keyword:snapshot
foundationdb,reference_authority_surface:wal,MGA authority conflict: compatibility WAL/recovery finality cannot substitute for ScratchBird MGA authority,exact_refusal_or_engine_owned_mapping_required,project/tests/sblr_surface/,SBLR architecture reviewer,docs/reference/compatibility_release_acquisition/foundationdb/7.3.77/source/bindings/c/CMakeLists.txt#keyword:wal
foundationdb,reference_authority_surface:mvcc,MGA authority review: compatibility MVCC semantics cannot replace ScratchBird MGA authority,exact_refusal_or_engine_owned_mapping_required,project/tests/sblr_surface/,SBLR architecture reviewer,docs/reference/compatibility_release_acquisition/foundationdb/7.3.77/source/design/Commit/How a commit is done in FDB.md#keyword:mvcc
foundationdb,reference_authority_surface:checkpoint,MGA/recovery authority review: compatibility checkpoint cannot replace ScratchBird recovery authority,exact_refusal_or_engine_owned_mapping_required,project/tests/sblr_surface/,SBLR architecture reviewer,docs/reference/compatibility_release_acquisition/foundationdb/7.3.77/source/design/backup_v2_partitioned_logs.md#keyword:checkpoint
foundationdb,reference_authority_surface:fsync,durability authority review: compatibility durability primitive must map to ScratchBird storage authority,exact_refusal_or_engine_owned_mapping_required,project/tests/sblr_surface/,SBLR architecture reviewer,docs/reference/compatibility_release_acquisition/foundationdb/7.3.77/source/design/backup_v2_partitioned_logs.md#keyword:fsync
foundationdb,reference_authority_surface:rollback,MGA authority review: compatibility rollback/finality must be engine-owned,exact_refusal_or_engine_owned_mapping_required,project/tests/sblr_surface/,SBLR architecture reviewer,docs/reference/compatibility_release_acquisition/foundationdb/7.3.77/source/design/dynamic-knobs.md#keyword:rollback
foundationdb,reference_authority_surface:finality,MGA authority conflict: compatibility finality cannot be parser-owned,exact_refusal_or_engine_owned_mapping_required,project/tests/sblr_surface/,SBLR architecture reviewer,docs/specifications/chapters/compatibilitys/foundationdb/appendix-compatibility-foundationdb-capability-map.md#keyword:finality
immudb,reference_authority_surface:transaction,MGA authority review: compatibility transaction behavior must map to engine-owned MGA or exact refusal,exact_refusal_or_engine_owned_mapping_required,project/tests/sblr_surface/,SBLR architecture reviewer,docs/reference/compatibility-engines/immudb/capability-summary.md#keyword:transaction
immudb,reference_authority_surface:snapshot,MGA authority review: compatibility snapshot semantics must map to ScratchBird visibility rules,exact_refusal_or_engine_owned_mapping_required,project/tests/sblr_surface/,SBLR architecture reviewer,docs/reference/compatibility-engines/immudb/wire-and-migration-summary.md#keyword:snapshot
immudb,reference_authority_surface:commit,MGA authority review: compatibility commit/finality must be engine-owned,exact_refusal_or_engine_owned_mapping_required,project/tests/sblr_surface/,SBLR architecture reviewer,docs/reference/compatibility_release_acquisition/immudb/1.11.0/release-notes/RELEASE_NOTES_SOURCE.md#keyword:commit
immudb,reference_authority_surface:rollback,MGA authority review: compatibility rollback/finality must be engine-owned,exact_refusal_or_engine_owned_mapping_required,project/tests/sblr_surface/,SBLR architecture reviewer,docs/reference/compatibility_release_acquisition/immudb/1.11.0/release-notes/RELEASE_NOTES_SOURCE.md#keyword:rollback
immudb,reference_authority_surface:wal,MGA authority conflict: compatibility WAL/recovery finality cannot substitute for ScratchBird MGA authority,exact_refusal_or_engine_owned_mapping_required,project/tests/sblr_surface/,SBLR architecture reviewer,docs/reference/compatibility_release_acquisition/immudb/1.11.0/source/ACKNOWLEDGEMENTS.md#keyword:wal
immudb,reference_authority_surface:recovery,MGA authority conflict: recovery remains ScratchBird MGA/engine-owned,exact_refusal_or_engine_owned_mapping_required,project/tests/sblr_surface/,SBLR architecture reviewer,docs/reference/compatibility_release_acquisition/immudb/1.11.0/source/CHANGELOG.md#keyword:recovery
immudb,reference_authority_surface:mvcc,MGA authority review: compatibility MVCC semantics cannot replace ScratchBird MGA authority,exact_refusal_or_engine_owned_mapping_required,project/tests/sblr_surface/,SBLR architecture reviewer,docs/reference/compatibility_release_acquisition/immudb/1.11.0/source/CHANGELOG.md#keyword:mvcc
immudb,reference_authority_surface:fsync,durability authority review: compatibility durability primitive must map to ScratchBird storage authority,exact_refusal_or_engine_owned_mapping_required,project/tests/sblr_surface/,SBLR architecture reviewer,docs/reference/compatibility_release_acquisition/immudb/1.11.0/source/CHANGELOG.md#keyword:fsync
immudb,reference_authority_surface:finality,MGA authority conflict: compatibility finality cannot be parser-owned,exact_refusal_or_engine_owned_mapping_required,project/tests/sblr_surface/,SBLR architecture reviewer,docs/specifications/chapters/compatibilitys/immudb/appendix-compatibility-immudb-capability-map.md#keyword:finality
influxdb,reference_authority_surface:transaction,MGA authority review: compatibility transaction behavior must map to engine-owned MGA or exact refusal,exact_refusal_or_engine_owned_mapping_required,project/tests/sblr_surface/,SBLR architecture reviewer,docs/reference/compatibility_catalog_seeds/influxdb/influxdb_3_beta2_full_seed_manifest.yaml#keyword:transaction
influxdb,reference_authority_surface:rollback,MGA authority review: compatibility rollback/finality must be engine-owned,exact_refusal_or_engine_owned_mapping_required,project/tests/sblr_surface/,SBLR architecture reviewer,docs/reference/compatibility_catalog_seeds/influxdb/influxdb_3_beta2_full_seed_manifest.yaml#keyword:rollback
influxdb,reference_authority_surface:wal,MGA authority conflict: compatibility WAL/recovery finality cannot substitute for ScratchBird MGA authority,exact_refusal_or_engine_owned_mapping_required,project/tests/sblr_surface/,SBLR architecture reviewer,docs/reference/compatibility_release_acquisition/influxdb/3.9.0/evidence/datatypes/SOURCE_POINTERS.md#keyword:wal
influxdb,reference_authority_surface:snapshot,MGA authority review: compatibility snapshot semantics must map to ScratchBird visibility rules,exact_refusal_or_engine_owned_mapping_required,project/tests/sblr_surface/,SBLR architecture reviewer,docs/reference/compatibility_release_acquisition/influxdb/3.9.0/source/.circleci/config.yml#keyword:snapshot
influxdb,reference_authority_surface:commit,MGA authority review: compatibility commit/finality must be engine-owned,exact_refusal_or_engine_owned_mapping_required,project/tests/sblr_surface/,SBLR architecture reviewer,docs/reference/compatibility_release_acquisition/influxdb/3.9.0/source/.circleci/config.yml#keyword:commit
influxdb,reference_authority_surface:recovery,MGA authority conflict: recovery remains ScratchBird MGA/engine-owned,exact_refusal_or_engine_owned_mapping_required,project/tests/sblr_surface/,SBLR architecture reviewer,docs/reference/compatibility_release_acquisition/influxdb/3.9.0/source/influxdb3/src/help/serve_all.txt#keyword:recovery
influxdb,reference_authority_surface:finality,MGA authority conflict: compatibility finality cannot be parser-owned,exact_refusal_or_engine_owned_mapping_required,project/tests/sblr_surface/,SBLR architecture reviewer,docs/specifications/chapters/compatibilitys/influxdb/appendix-compatibility-influxdb-exact-extraction-slice-1-release-surface-catalog-api-and-conformance-inventory-profile.md#keyword:finality
influxdb,reference_authority_surface:checkpoint,MGA/recovery authority review: compatibility checkpoint cannot replace ScratchBird recovery authority,exact_refusal_or_engine_owned_mapping_required,project/tests/sblr_surface/,SBLR architecture reviewer,docs/specifications/chapters/compatibilitys/influxdb/appendix-compatibility-influxdb-exact-extraction-slice-4-migration-changefeed-retention-compaction-and-query-optimization-profile.md#keyword:checkpoint
mariadb,reference_authority_surface:transaction,MGA authority review: compatibility transaction behavior must map to engine-owned MGA or exact refusal,exact_refusal_or_engine_owned_mapping_required,project/tests/sblr_surface/,SBLR architecture reviewer,docs/reference/compatibility_catalog_seeds/mariadb/mariadb_11_4_beta2_full_seed_manifest.yaml#keyword:transaction
mariadb,reference_authority_surface:rollback,MGA authority review: compatibility rollback/finality must be engine-owned,exact_refusal_or_engine_owned_mapping_required,project/tests/sblr_surface/,SBLR architecture reviewer,docs/reference/compatibility_catalog_seeds/mariadb/mariadb_11_4_beta2_full_seed_manifest.yaml#keyword:rollback
mariadb,reference_authority_surface:snapshot,MGA authority review: compatibility snapshot semantics must map to ScratchBird visibility rules,exact_refusal_or_engine_owned_mapping_required,project/tests/sblr_surface/,SBLR architecture reviewer,docs/reference/compatibility_catalog_seeds/mariadb/mariadb_seed_manifest.yaml#keyword:snapshot
mariadb,reference_authority_surface:commit,MGA authority review: compatibility commit/finality must be engine-owned,exact_refusal_or_engine_owned_mapping_required,project/tests/sblr_surface/,SBLR architecture reviewer,docs/reference/compatibility_release_acquisition/mariadb/12.2.2/regression/mysql-test/CMakeLists.txt#keyword:commit
mariadb,reference_authority_surface:wal,MGA authority conflict: compatibility WAL/recovery finality cannot substitute for ScratchBird MGA authority,exact_refusal_or_engine_owned_mapping_required,project/tests/sblr_surface/,SBLR architecture reviewer,docs/reference/compatibility_release_acquisition/mariadb/12.2.2/regression/mysql-test/std_data/unicode/allkeys1400.txt#keyword:wal
mariadb,reference_authority_surface:recovery,MGA authority conflict: recovery remains ScratchBird MGA/engine-owned,exact_refusal_or_engine_owned_mapping_required,project/tests/sblr_surface/,SBLR architecture reviewer,docs/reference/compatibility_release_acquisition/mariadb/12.2.2/regression/mysql-test/suite/atomic/README.txt#keyword:recovery
mariadb,reference_authority_surface:checkpoint,MGA/recovery authority review: compatibility checkpoint cannot replace ScratchBird recovery authority,exact_refusal_or_engine_owned_mapping_required,project/tests/sblr_surface/,SBLR architecture reviewer,docs/reference/compatibility_release_acquisition/mariadb/12.2.2/source/sql/share/errmsg-utf8.txt#keyword:checkpoint
mariadb,reference_authority_surface:fsync,durability authority review: compatibility durability primitive must map to ScratchBird storage authority,exact_refusal_or_engine_owned_mapping_required,project/tests/sblr_surface/,SBLR architecture reviewer,docs/reference/compatibility_release_acquisition/mariadb/12.2.2/source/storage/rocksdb/rocksdb/CMakeLists.txt#keyword:fsync
mariadb,reference_authority_surface:finality,MGA authority conflict: compatibility finality cannot be parser-owned,exact_refusal_or_engine_owned_mapping_required,project/tests/sblr_surface/,SBLR architecture reviewer,docs/specifications/chapters/compatibilitys/mariadb/appendix-compatibility-mariadb-exact-extraction-slice-17-gtid-runtime-lock-graph-and-admin-mutation-side-effect-matrix.md#keyword:finality
milvus,reference_authority_surface:transaction,MGA authority review: compatibility transaction behavior must map to engine-owned MGA or exact refusal,exact_refusal_or_engine_owned_mapping_required,project/tests/sblr_surface/,SBLR architecture reviewer,docs/reference/compatibility_catalog_seeds/milvus/milvus_2_beta2_full_seed_manifest.yaml#keyword:transaction
milvus,reference_authority_surface:rollback,MGA authority review: compatibility rollback/finality must be engine-owned,exact_refusal_or_engine_owned_mapping_required,project/tests/sblr_surface/,SBLR architecture reviewer,docs/reference/compatibility_catalog_seeds/milvus/milvus_2_beta2_full_seed_manifest.yaml#keyword:rollback
milvus,reference_authority_surface:wal,MGA authority conflict: compatibility WAL/recovery finality cannot substitute for ScratchBird MGA authority,exact_refusal_or_engine_owned_mapping_required,project/tests/sblr_surface/,SBLR architecture reviewer,docs/reference/compatibility_release_acquisition/milvus/2.6.5/release-notes/README.md#keyword:wal
milvus,reference_authority_surface:recovery,MGA authority conflict: recovery remains ScratchBird MGA/engine-owned,exact_refusal_or_engine_owned_mapping_required,project/tests/sblr_surface/,SBLR architecture reviewer,docs/reference/compatibility_release_acquisition/milvus/2.6.5/release-notes/README.md#keyword:recovery
milvus,reference_authority_surface:commit,MGA authority review: compatibility commit/finality must be engine-owned,exact_refusal_or_engine_owned_mapping_required,project/tests/sblr_surface/,SBLR architecture reviewer,docs/reference/compatibility_release_acquisition/milvus/2.6.5/release-notes/README.md#keyword:commit
milvus,reference_authority_surface:snapshot,MGA authority review: compatibility snapshot semantics must map to ScratchBird visibility rules,exact_refusal_or_engine_owned_mapping_required,project/tests/sblr_surface/,SBLR architecture reviewer,docs/reference/compatibility_release_acquisition/milvus/2.6.5/source/configs/advanced/etcd.yaml#keyword:snapshot
milvus,reference_authority_surface:checkpoint,MGA/recovery authority review: compatibility checkpoint cannot replace ScratchBird recovery authority,exact_refusal_or_engine_owned_mapping_required,project/tests/sblr_surface/,SBLR architecture reviewer,docs/reference/compatibility_release_acquisition/milvus/2.6.5/source/configs/milvus.yaml#keyword:checkpoint
milvus,reference_authority_surface:mvcc,MGA authority review: compatibility MVCC semantics cannot replace ScratchBird MGA authority,exact_refusal_or_engine_owned_mapping_required,project/tests/sblr_surface/,SBLR architecture reviewer,docs/reference/compatibility_release_acquisition/milvus/2.6.5/source/docs/design_docs/segcore/segment_interface.md#keyword:mvcc
milvus,reference_authority_surface:finality,MGA authority conflict: compatibility finality cannot be parser-owned,exact_refusal_or_engine_owned_mapping_required,project/tests/sblr_surface/,SBLR architecture reviewer,docs/specifications/chapters/compatibilitys/milvus/appendix-compatibility-milvus-capability-map.md#keyword:finality
mongodb,reference_authority_surface:transaction,MGA authority review: compatibility transaction behavior must map to engine-owned MGA or exact refusal,exact_refusal_or_engine_owned_mapping_required,project/tests/sblr_surface/,SBLR architecture reviewer,docs/reference/compatibility_catalog_seeds/mongodb/mongodb_8_beta2_full_seed_manifest.yaml#keyword:transaction
mongodb,reference_authority_surface:rollback,MGA authority review: compatibility rollback/finality must be engine-owned,exact_refusal_or_engine_owned_mapping_required,project/tests/sblr_surface/,SBLR architecture reviewer,docs/reference/compatibility_catalog_seeds/mongodb/mongodb_8_beta2_full_seed_manifest.yaml#keyword:rollback
mongodb,reference_authority_surface:commit,MGA authority review: compatibility commit/finality must be engine-owned,exact_refusal_or_engine_owned_mapping_required,project/tests/sblr_surface/,SBLR architecture reviewer,docs/reference/compatibility_release_acquisition/mongodb/8.2.6/license/LICENSE_SOURCE.txt#keyword:commit
mongodb,reference_authority_surface:snapshot,MGA authority review: compatibility snapshot semantics must map to ScratchBird visibility rules,exact_refusal_or_engine_owned_mapping_required,project/tests/sblr_surface/,SBLR architecture reviewer,docs/reference/compatibility_release_acquisition/mongodb/8.2.6/source/README.third_party.md#keyword:snapshot
mongodb,reference_authority_surface:fsync,durability authority review: compatibility durability primitive must map to ScratchBird storage authority,exact_refusal_or_engine_owned_mapping_required,project/tests/sblr_surface/,SBLR architecture reviewer,docs/reference/compatibility_release_acquisition/mongodb/8.2.6/source/bazel/docs/developer_workflow.md#keyword:fsync
mongodb,reference_authority_surface:recovery,MGA authority conflict: recovery remains ScratchBird MGA/engine-owned,exact_refusal_or_engine_owned_mapping_required,project/tests/sblr_surface/,SBLR architecture reviewer,docs/reference/compatibility_release_acquisition/mongodb/8.2.6/source/buildscripts/resmokeconfig/matrix_suites/generated_suites/bulk_write_replica_sets_kill_stepdown_terminate_jscore_passthrough.yml#keyword:recovery
mongodb,reference_authority_surface:checkpoint,MGA/recovery authority review: compatibility checkpoint cannot replace ScratchBird recovery authority,exact_refusal_or_engine_owned_mapping_required,project/tests/sblr_surface/,SBLR architecture reviewer,docs/reference/compatibility_release_acquisition/mongodb/8.2.6/source/buildscripts/resmokeconfig/suites/slow1.yml#keyword:checkpoint
mongodb,reference_authority_surface:wal,MGA authority conflict: compatibility WAL/recovery finality cannot substitute for ScratchBird MGA authority,exact_refusal_or_engine_owned_mapping_required,project/tests/sblr_surface/,SBLR architecture reviewer,docs/reference/compatibility_release_acquisition/mongodb/8.2.6/source/buildscripts/tests/sbom_linter/bom-1.5.schema.json#keyword:wal
mongodb,reference_authority_surface:mvcc,MGA authority review: compatibility MVCC semantics cannot replace ScratchBird MGA authority,exact_refusal_or_engine_owned_mapping_required,project/tests/sblr_surface/,SBLR architecture reviewer,docs/reference/compatibility_release_acquisition/mongodb/8.2.6/source/cspell.json#keyword:mvcc
mongodb,reference_authority_surface:finality,MGA authority conflict: compatibility finality cannot be parser-owned,exact_refusal_or_engine_owned_mapping_required,project/tests/sblr_surface/,SBLR architecture reviewer,docs/specifications/chapters/compatibilitys/mongodb/appendix-compatibility-mongodb-exact-extraction-slice-2-command-api-ast-sblr-lowering-profile.md#keyword:finality
mysql,reference_authority_surface:transaction,MGA authority review: compatibility transaction behavior must map to engine-owned MGA or exact refusal,exact_refusal_or_engine_owned_mapping_required,project/tests/sblr_surface/,SBLR architecture reviewer,docs/reference/compatibility_catalog_seeds/mysql/mysql_8_4_beta2_full_seed_manifest.yaml#keyword:transaction
mysql,reference_authority_surface:rollback,MGA authority review: compatibility rollback/finality must be engine-owned,exact_refusal_or_engine_owned_mapping_required,project/tests/sblr_surface/,SBLR architecture reviewer,docs/reference/compatibility_catalog_seeds/mysql/mysql_8_4_beta2_full_seed_manifest.yaml#keyword:rollback
mysql,reference_authority_surface:commit,MGA authority review: compatibility commit/finality must be engine-owned,exact_refusal_or_engine_owned_mapping_required,project/tests/sblr_surface/,SBLR architecture reviewer,docs/reference/compatibility_release_acquisition/mysql/8.4.8/source/CONTRIBUTING.md#keyword:commit
mysql,reference_authority_surface:wal,MGA authority conflict: compatibility WAL/recovery finality cannot substitute for ScratchBird MGA authority,exact_refusal_or_engine_owned_mapping_required,project/tests/sblr_surface/,SBLR architecture reviewer,docs/reference/compatibility_release_acquisition/mysql/8.4.8/source/extra/gperftools/gperftools-2.15/CMakeLists.txt#keyword:wal
mysql,reference_authority_surface:snapshot,MGA authority review: compatibility snapshot semantics must map to ScratchBird visibility rules,exact_refusal_or_engine_owned_mapping_required,project/tests/sblr_surface/,SBLR architecture reviewer,docs/reference/compatibility_release_acquisition/mysql/8.4.8/source/extra/protobuf/protobuf-24.4/.github/workflows/test_java.yml#keyword:snapshot
mysql,reference_authority_surface:recovery,MGA authority conflict: recovery remains ScratchBird MGA/engine-owned,exact_refusal_or_engine_owned_mapping_required,project/tests/sblr_surface/,SBLR architecture reviewer,docs/reference/compatibility_release_acquisition/mysql/8.4.8/source/mysql-test/lock_order_dependencies.txt#keyword:recovery
mysql,reference_authority_surface:checkpoint,MGA/recovery authority review: compatibility checkpoint cannot replace ScratchBird recovery authority,exact_refusal_or_engine_owned_mapping_required,project/tests/sblr_surface/,SBLR architecture reviewer,docs/reference/compatibility_release_acquisition/mysql/8.4.8/source/mysql-test/lock_order_dependencies.txt#keyword:checkpoint
mysql,reference_authority_surface:finality,MGA authority conflict: compatibility finality cannot be parser-owned,exact_refusal_or_engine_owned_mapping_required,project/tests/sblr_surface/,SBLR architecture reviewer,docs/specifications/chapters/compatibilitys/mysql/appendix-compatibility-mysql-exact-extraction-slice-12-query-log-event-byte-layout-and-status-variable-packing.md#keyword:finality
neo4j,reference_authority_surface:transaction,MGA authority review: compatibility transaction behavior must map to engine-owned MGA or exact refusal,exact_refusal_or_engine_owned_mapping_required,project/tests/sblr_surface/,SBLR architecture reviewer,docs/reference/compatibility_catalog_seeds/neo4j/neo4j_2025_beta2_full_seed_manifest.yaml#keyword:transaction
neo4j,reference_authority_surface:rollback,MGA authority review: compatibility rollback/finality must be engine-owned,exact_refusal_or_engine_owned_mapping_required,project/tests/sblr_surface/,SBLR architecture reviewer,docs/reference/compatibility_catalog_seeds/neo4j/neo4j_2025_beta2_full_seed_manifest.yaml#keyword:rollback
neo4j,reference_authority_surface:commit,MGA authority review: compatibility commit/finality must be engine-owned,exact_refusal_or_engine_owned_mapping_required,project/tests/sblr_surface/,SBLR architecture reviewer,docs/reference/compatibility_release_acquisition/neo4j/2026.04.0/license/LICENSE_SOURCE.txt#keyword:commit
neo4j,reference_authority_surface:wal,MGA authority conflict: compatibility WAL/recovery finality cannot substitute for ScratchBird MGA authority,exact_refusal_or_engine_owned_mapping_required,project/tests/sblr_surface/,SBLR architecture reviewer,docs/reference/compatibility_release_acquisition/neo4j/2026.04.0/regression/SOURCE_POINTERS.md#keyword:wal
neo4j,reference_authority_surface:checkpoint,MGA/recovery authority review: compatibility checkpoint cannot replace ScratchBird recovery authority,exact_refusal_or_engine_owned_mapping_required,project/tests/sblr_surface/,SBLR architecture reviewer,docs/reference/compatibility_release_acquisition/neo4j/2026.04.0/source/community/community-it/cypher-it/src/test/resources/procedures.json#keyword:checkpoint
neo4j,reference_authority_surface:finality,MGA authority conflict: compatibility finality cannot be parser-owned,exact_refusal_or_engine_owned_mapping_required,project/tests/sblr_surface/,SBLR architecture reviewer,docs/specifications/chapters/compatibilitys/neo4j/appendix-compatibility-neo4j-capability-map.md#keyword:finality
neo4j,reference_authority_surface:recovery,MGA authority conflict: recovery remains ScratchBird MGA/engine-owned,exact_refusal_or_engine_owned_mapping_required,project/tests/sblr_surface/,SBLR architecture reviewer,docs/specifications/chapters/compatibilitys/neo4j/appendix-compatibility-neo4j-capability-map.md#keyword:recovery
neo4j,reference_authority_surface:snapshot,MGA authority review: compatibility snapshot semantics must map to ScratchBird visibility rules,exact_refusal_or_engine_owned_mapping_required,project/tests/sblr_surface/,SBLR architecture reviewer,docs/specifications/chapters/compatibilitys/neo4j/appendix-compatibility-neo4j-capability-map.md#keyword:snapshot
opensearch,reference_authority_surface:transaction,MGA authority review: compatibility transaction behavior must map to engine-owned MGA or exact refusal,exact_refusal_or_engine_owned_mapping_required,project/tests/sblr_surface/,SBLR architecture reviewer,docs/reference/compatibility_catalog_seeds/opensearch/opensearch_2_beta2_full_seed_manifest.yaml#keyword:transaction
opensearch,reference_authority_surface:rollback,MGA authority review: compatibility rollback/finality must be engine-owned,exact_refusal_or_engine_owned_mapping_required,project/tests/sblr_surface/,SBLR architecture reviewer,docs/reference/compatibility_catalog_seeds/opensearch/opensearch_2_beta2_full_seed_manifest.yaml#keyword:rollback
opensearch,reference_authority_surface:snapshot,MGA authority review: compatibility snapshot semantics must map to ScratchBird visibility rules,exact_refusal_or_engine_owned_mapping_required,project/tests/sblr_surface/,SBLR architecture reviewer,docs/reference/compatibility_release_acquisition/opensearch/3.6.0/source/.github/ISSUE_TEMPLATE/bug_template.yml#keyword:snapshot
opensearch,reference_authority_surface:commit,MGA authority review: compatibility commit/finality must be engine-owned,exact_refusal_or_engine_owned_mapping_required,project/tests/sblr_surface/,SBLR architecture reviewer,docs/reference/compatibility_release_acquisition/opensearch/3.6.0/source/.github/pull_request_template.md#keyword:commit
opensearch,reference_authority_surface:checkpoint,MGA/recovery authority review: compatibility checkpoint cannot replace ScratchBird recovery authority,exact_refusal_or_engine_owned_mapping_required,project/tests/sblr_surface/,SBLR architecture reviewer,docs/reference/compatibility_release_acquisition/opensearch/3.6.0/source/CHANGELOG.md#keyword:checkpoint
opensearch,reference_authority_surface:wal,MGA authority conflict: compatibility WAL/recovery finality cannot substitute for ScratchBird MGA authority,exact_refusal_or_engine_owned_mapping_required,project/tests/sblr_surface/,SBLR architecture reviewer,docs/reference/compatibility_release_acquisition/opensearch/3.6.0/source/DEVELOPER_GUIDE.md#keyword:wal
opensearch,reference_authority_surface:recovery,MGA authority conflict: recovery remains ScratchBird MGA/engine-owned,exact_refusal_or_engine_owned_mapping_required,project/tests/sblr_surface/,SBLR architecture reviewer,docs/reference/compatibility_release_acquisition/opensearch/3.6.0/source/TESTING.md#keyword:recovery
opensearch,reference_authority_surface:fsync,durability authority review: compatibility durability primitive must map to ScratchBird storage authority,exact_refusal_or_engine_owned_mapping_required,project/tests/sblr_surface/,SBLR architecture reviewer,docs/reference/compatibility_release_acquisition/opensearch/3.6.0/source/modules/mapper-extras/src/test/resources/org/opensearch/index/mapper/metricbeat-6.0.template.json#keyword:fsync
opensearch,reference_authority_surface:finality,MGA authority conflict: compatibility finality cannot be parser-owned,exact_refusal_or_engine_owned_mapping_required,project/tests/sblr_surface/,SBLR architecture reviewer,docs/specifications/chapters/compatibilitys/opensearch/appendix-compatibility-opensearch-exact-extraction-slice-1-family-baseline-version-api-surface-and-security-profile.md#keyword:finality
opensearch,reference_authority_surface:commit,MGA authority review: compatibility commit/finality must be engine-owned,exact_refusal_or_engine_owned_mapping_required,project/tests/sblr_surface/,SBLR architecture reviewer,docs/reference/compatibility_release_acquisition/opensearch_sql_ppl/source/.claude/commands/ppl-bugfix.md#keyword:commit
opensearch,reference_authority_surface:snapshot,MGA authority review: compatibility snapshot semantics must map to ScratchBird visibility rules,exact_refusal_or_engine_owned_mapping_required,project/tests/sblr_surface/,SBLR architecture reviewer,docs/reference/compatibility_release_acquisition/opensearch_sql_ppl/source/.github/workflows/maven-publish-modules.yml#keyword:snapshot
opensearch,reference_authority_surface:wal,MGA authority conflict: compatibility WAL/recovery finality cannot substitute for ScratchBird MGA authority,exact_refusal_or_engine_owned_mapping_required,project/tests/sblr_surface/,SBLR architecture reviewer,docs/reference/compatibility_release_acquisition/opensearch_sql_ppl/source/api/README.md#keyword:wal
opensearch,reference_authority_surface:checkpoint,MGA/recovery authority review: compatibility checkpoint cannot replace ScratchBird recovery authority,exact_refusal_or_engine_owned_mapping_required,project/tests/sblr_surface/,SBLR architecture reviewer,docs/reference/compatibility_release_acquisition/opensearch_sql_ppl/source/async-query/src/test/resources/flint-index-mappings/0.1.1/flint_mv.json#keyword:checkpoint
opensearch,reference_authority_surface:transaction,MGA authority review: compatibility transaction behavior must map to engine-owned MGA or exact refusal,exact_refusal_or_engine_owned_mapping_required,project/tests/sblr_surface/,SBLR architecture reviewer,docs/reference/compatibility_release_acquisition/opensearch_sql_ppl/source/integ-test/src/test/resources/otellogs.json#keyword:transaction
postgresql,reference_authority_surface:transaction,MGA authority review: compatibility transaction behavior must map to engine-owned MGA or exact refusal,exact_refusal_or_engine_owned_mapping_required,project/tests/sblr_surface/,SBLR architecture reviewer,docs/reference/compatibility_catalog_seeds/postgresql/postgresql_18_1_beta2_full_seed_manifest.yaml#keyword:transaction
postgresql,reference_authority_surface:rollback,MGA authority review: compatibility rollback/finality must be engine-owned,exact_refusal_or_engine_owned_mapping_required,project/tests/sblr_surface/,SBLR architecture reviewer,docs/reference/compatibility_catalog_seeds/postgresql/postgresql_18_1_beta2_full_seed_manifest.yaml#keyword:rollback
postgresql,reference_authority_surface:commit,MGA authority review: compatibility commit/finality must be engine-owned,exact_refusal_or_engine_owned_mapping_required,project/tests/sblr_surface/,SBLR architecture reviewer,docs/reference/compatibility_release_acquisition/postgresql/18.3/source/.cirrus.tasks.yml#keyword:commit
postgresql,reference_authority_surface:fsync,durability authority review: compatibility durability primitive must map to ScratchBird storage authority,exact_refusal_or_engine_owned_mapping_required,project/tests/sblr_surface/,SBLR architecture reviewer,docs/reference/compatibility_release_acquisition/postgresql/18.3/source/.cirrus.tasks.yml#keyword:fsync
postgresql,reference_authority_surface:recovery,MGA authority conflict: recovery remains ScratchBird MGA/engine-owned,exact_refusal_or_engine_owned_mapping_required,project/tests/sblr_surface/,SBLR architecture reviewer,docs/reference/compatibility_release_acquisition/postgresql/18.3/source/doc/src/sgml/keywords/sql2016-09-nonreserved.txt#keyword:recovery
postgresql,reference_authority_surface:wal,MGA authority conflict: compatibility WAL/recovery finality cannot substitute for ScratchBird MGA authority,exact_refusal_or_engine_owned_mapping_required,project/tests/sblr_surface/,SBLR architecture reviewer,docs/reference/compatibility_release_acquisition/postgresql/18.3/source/meson_options.txt#keyword:wal
postgresql,reference_authority_surface:snapshot,MGA authority review: compatibility snapshot semantics must map to ScratchBird visibility rules,exact_refusal_or_engine_owned_mapping_required,project/tests/sblr_surface/,SBLR architecture reviewer,docs/reference/compatibility_release_acquisition/postgresql/18.3/source/src/backend/utils/activity/wait_event_names.txt#keyword:snapshot
postgresql,reference_authority_surface:checkpoint,MGA/recovery authority review: compatibility checkpoint cannot replace ScratchBird recovery authority,exact_refusal_or_engine_owned_mapping_required,project/tests/sblr_surface/,SBLR architecture reviewer,docs/reference/compatibility_release_acquisition/postgresql/18.3/source/src/backend/utils/activity/wait_event_names.txt#keyword:checkpoint
postgresql,reference_authority_surface:finality,MGA authority conflict: compatibility finality cannot be parser-owned,exact_refusal_or_engine_owned_mapping_required,project/tests/sblr_surface/,SBLR architecture reviewer,docs/specifications/chapters/compatibilitys/postgresql/appendix-compatibility-postgresql-exact-extraction-slice-100-extension-control-install-update-and-catalog-profile.md#keyword:finality
redis,reference_authority_surface:transaction,MGA authority review: compatibility transaction behavior must map to engine-owned MGA or exact refusal,exact_refusal_or_engine_owned_mapping_required,project/tests/sblr_surface/,SBLR architecture reviewer,docs/reference/compatibility_catalog_seeds/redis/redis_8_beta2_full_seed_manifest.yaml#keyword:transaction
redis,reference_authority_surface:rollback,MGA authority review: compatibility rollback/finality must be engine-owned,exact_refusal_or_engine_owned_mapping_required,project/tests/sblr_surface/,SBLR architecture reviewer,docs/reference/compatibility_catalog_seeds/redis/redis_8_beta2_full_seed_manifest.yaml#keyword:rollback
redis,reference_authority_surface:wal,MGA authority conflict: compatibility WAL/recovery finality cannot substitute for ScratchBird MGA authority,exact_refusal_or_engine_owned_mapping_required,project/tests/sblr_surface/,SBLR architecture reviewer,docs/reference/compatibility_release_acquisition/redis/8.6.2/license/LICENSE.txt#keyword:wal
redis,reference_authority_surface:commit,MGA authority review: compatibility commit/finality must be engine-owned,exact_refusal_or_engine_owned_mapping_required,project/tests/sblr_surface/,SBLR architecture reviewer,docs/reference/compatibility_release_acquisition/redis/8.6.2/license/LICENSE.txt#keyword:commit
redis,reference_authority_surface:snapshot,MGA authority review: compatibility snapshot semantics must map to ScratchBird visibility rules,exact_refusal_or_engine_owned_mapping_required,project/tests/sblr_surface/,SBLR architecture reviewer,docs/reference/compatibility_release_acquisition/redis/8.6.2/source/src/commands/cluster-syncslots.json#keyword:snapshot
redis,reference_authority_surface:recovery,MGA authority conflict: recovery remains ScratchBird MGA/engine-owned,exact_refusal_or_engine_owned_mapping_required,project/tests/sblr_surface/,SBLR architecture reviewer,docs/specifications/chapters/compatibilitys/redis/appendix-compatibility-redis-capability-map.md#keyword:recovery
redis,reference_authority_surface:finality,MGA authority conflict: compatibility finality cannot be parser-owned,exact_refusal_or_engine_owned_mapping_required,project/tests/sblr_surface/,SBLR architecture reviewer,docs/specifications/chapters/compatibilitys/redis/appendix-compatibility-redis-exact-extraction-slice-1-release-surface-catalog-api-and-conformance-inventory-profile.md#keyword:finality
redis,reference_authority_surface:fsync,durability authority review: compatibility durability primitive must map to ScratchBird storage authority,exact_refusal_or_engine_owned_mapping_required,project/tests/sblr_surface/,SBLR architecture reviewer,docs/specifications/chapters/compatibilitys/redis/appendix-compatibility-redis-exact-extraction-slice-1-release-surface-catalog-api-and-conformance-inventory-profile.md#keyword:fsync
sqlite,reference_authority_surface:transaction,MGA authority review: compatibility transaction behavior must map to engine-owned MGA or exact refusal,exact_refusal_or_engine_owned_mapping_required,project/tests/sblr_surface/,SBLR architecture reviewer,docs/reference/compatibility_catalog_seeds/sqlite/sqlite_3_beta2_full_seed_manifest.yaml#keyword:transaction
sqlite,reference_authority_surface:rollback,MGA authority review: compatibility rollback/finality must be engine-owned,exact_refusal_or_engine_owned_mapping_required,project/tests/sblr_surface/,SBLR architecture reviewer,docs/reference/compatibility_catalog_seeds/sqlite/sqlite_3_beta2_full_seed_manifest.yaml#keyword:rollback
sqlite,reference_authority_surface:wal,MGA authority conflict: compatibility WAL/recovery finality cannot substitute for ScratchBird MGA authority,exact_refusal_or_engine_owned_mapping_required,project/tests/sblr_surface/,SBLR architecture reviewer,docs/reference/compatibility_release_acquisition/sqlite/3.53.0/regression/SOURCE_POINTERS.md#keyword:wal
sqlite,reference_authority_surface:commit,MGA authority review: compatibility commit/finality must be engine-owned,exact_refusal_or_engine_owned_mapping_required,project/tests/sblr_surface/,SBLR architecture reviewer,docs/reference/compatibility_release_acquisition/sqlite/3.53.0/regression/SOURCE_POINTERS.md#keyword:commit
sqlite,reference_authority_surface:snapshot,MGA authority review: compatibility snapshot semantics must map to ScratchBird visibility rules,exact_refusal_or_engine_owned_mapping_required,project/tests/sblr_surface/,SBLR architecture reviewer,docs/reference/compatibility_release_acquisition/sqlite/3.53.0/source/doc/tcl-extension-testing.md#keyword:snapshot
sqlite,reference_authority_surface:recovery,MGA authority conflict: recovery remains ScratchBird MGA/engine-owned,exact_refusal_or_engine_owned_mapping_required,project/tests/sblr_surface/,SBLR architecture reviewer,docs/reference/compatibility_release_acquisition/sqlite/3.53.0/source/doc/vfs-shm.txt#keyword:recovery
sqlite,reference_authority_surface:checkpoint,MGA/recovery authority review: compatibility checkpoint cannot replace ScratchBird recovery authority,exact_refusal_or_engine_owned_mapping_required,project/tests/sblr_surface/,SBLR architecture reviewer,docs/reference/compatibility_release_acquisition/sqlite/3.53.0/source/doc/vfs-shm.txt#keyword:checkpoint
sqlite,reference_authority_surface:fsync,durability authority review: compatibility durability primitive must map to ScratchBird storage authority,exact_refusal_or_engine_owned_mapping_required,project/tests/sblr_surface/,SBLR architecture reviewer,docs/reference/compatibility_release_acquisition/sqlite/3.53.0/source/tool/custom.txt#keyword:fsync
sqlite,reference_authority_surface:finality,MGA authority conflict: compatibility finality cannot be parser-owned,exact_refusal_or_engine_owned_mapping_required,project/tests/sblr_surface/,SBLR architecture reviewer,docs/specifications/chapters/compatibilitys/sqlite/appendix-compatibility-sqlite-exact-extraction-slice-10-dml-trigger-foreign-key-returning-and-virtual-table-runtime-profile.md#keyword:finality
tidb,reference_authority_surface:transaction,MGA authority review: compatibility transaction behavior must map to engine-owned MGA or exact refusal,exact_refusal_or_engine_owned_mapping_required,project/tests/sblr_surface/,SBLR architecture reviewer,docs/reference/compatibility-engines/tidb/capability-summary.md#keyword:transaction
tidb,reference_authority_surface:finality,MGA authority conflict: compatibility finality cannot be parser-owned,exact_refusal_or_engine_owned_mapping_required,project/tests/sblr_surface/,SBLR architecture reviewer,docs/reference/compatibility-engines/tidb/transaction-and-cluster-summary.md#keyword:finality
tidb,reference_authority_surface:snapshot,MGA authority review: compatibility snapshot semantics must map to ScratchBird visibility rules,exact_refusal_or_engine_owned_mapping_required,project/tests/sblr_surface/,SBLR architecture reviewer,docs/reference/compatibility-engines/tidb/transaction-and-cluster-summary.md#keyword:snapshot
tidb,reference_authority_surface:rollback,MGA authority review: compatibility rollback/finality must be engine-owned,exact_refusal_or_engine_owned_mapping_required,project/tests/sblr_surface/,SBLR architecture reviewer,docs/reference/compatibility-engines/tidb/wire-and-migration-summary.md#keyword:rollback
tidb,reference_authority_surface:recovery,MGA authority conflict: recovery remains ScratchBird MGA/engine-owned,exact_refusal_or_engine_owned_mapping_required,project/tests/sblr_surface/,SBLR architecture reviewer,docs/reference/compatibility_release_acquisition/tidb/8.5.6/release-notes/RELEASE_NOTES_SOURCE.md#keyword:recovery
tidb,reference_authority_surface:commit,MGA authority review: compatibility commit/finality must be engine-owned,exact_refusal_or_engine_owned_mapping_required,project/tests/sblr_surface/,SBLR architecture reviewer,docs/reference/compatibility_release_acquisition/tidb/8.5.6/release-notes/RELEASE_NOTES_SOURCE.md#keyword:commit
tidb,reference_authority_surface:checkpoint,MGA/recovery authority review: compatibility checkpoint cannot replace ScratchBird recovery authority,exact_refusal_or_engine_owned_mapping_required,project/tests/sblr_surface/,SBLR architecture reviewer,docs/reference/compatibility_release_acquisition/tidb/8.5.6/source/.github/licenserc.yml#keyword:checkpoint
tidb,reference_authority_surface:wal,MGA authority conflict: compatibility WAL/recovery finality cannot substitute for ScratchBird MGA authority,exact_refusal_or_engine_owned_mapping_required,project/tests/sblr_surface/,SBLR architecture reviewer,docs/reference/compatibility_release_acquisition/tidb/8.5.6/source/docs/design/2018-10-24-view-support.md#keyword:wal
tidb,reference_authority_surface:mvcc,MGA authority review: compatibility MVCC semantics cannot replace ScratchBird MGA authority,exact_refusal_or_engine_owned_mapping_required,project/tests/sblr_surface/,SBLR architecture reviewer,docs/reference/compatibility_release_acquisition/tidb/8.5.6/source/docs/design/2021-04-20-temporary-table.md#keyword:mvcc
tidb,reference_authority_surface:fsync,durability authority review: compatibility durability primitive must map to ScratchBird storage authority,exact_refusal_or_engine_owned_mapping_required,project/tests/sblr_surface/,SBLR architecture reviewer,docs/reference/compatibility_release_acquisition/tidb/8.5.6/source/docs/design/2021-12-09-TiDB-log-based-incremental-backup.md#keyword:fsync
tikv,reference_authority_surface:transaction,MGA authority review: compatibility transaction behavior must map to engine-owned MGA or exact refusal,exact_refusal_or_engine_owned_mapping_required,project/tests/sblr_surface/,SBLR architecture reviewer,docs/reference/compatibility-engines/tikv/capability-summary.md#keyword:transaction
tikv,reference_authority_surface:mvcc,MGA authority review: compatibility MVCC semantics cannot replace ScratchBird MGA authority,exact_refusal_or_engine_owned_mapping_required,project/tests/sblr_surface/,SBLR architecture reviewer,docs/reference/compatibility-engines/tikv/capability-summary.md#keyword:mvcc
tikv,reference_authority_surface:snapshot,MGA authority review: compatibility snapshot semantics must map to ScratchBird visibility rules,exact_refusal_or_engine_owned_mapping_required,project/tests/sblr_surface/,SBLR architecture reviewer,docs/reference/compatibility-engines/tikv/wire-and-migration-summary.md#keyword:snapshot
tikv,reference_authority_surface:recovery,MGA authority conflict: recovery remains ScratchBird MGA/engine-owned,exact_refusal_or_engine_owned_mapping_required,project/tests/sblr_surface/,SBLR architecture reviewer,docs/reference/compatibility_release_acquisition/tikv/8.1.2/release-notes/RELEASE_NOTES_SOURCE.md#keyword:recovery
tikv,reference_authority_surface:commit,MGA authority review: compatibility commit/finality must be engine-owned,exact_refusal_or_engine_owned_mapping_required,project/tests/sblr_surface/,SBLR architecture reviewer,docs/reference/compatibility_release_acquisition/tikv/8.1.2/release-notes/RELEASE_NOTES_SOURCE.md#keyword:commit
tikv,reference_authority_surface:rollback,MGA authority review: compatibility rollback/finality must be engine-owned,exact_refusal_or_engine_owned_mapping_required,project/tests/sblr_surface/,SBLR architecture reviewer,docs/reference/compatibility_release_acquisition/tikv/8.1.2/release-notes/RELEASE_NOTES_SOURCE.md#keyword:rollback
tikv,reference_authority_surface:fsync,durability authority review: compatibility durability primitive must map to ScratchBird storage authority,exact_refusal_or_engine_owned_mapping_required,project/tests/sblr_surface/,SBLR architecture reviewer,docs/reference/compatibility_release_acquisition/tikv/8.1.2/release-notes/RELEASE_NOTES_SOURCE.md#keyword:fsync
tikv,reference_authority_surface:wal,MGA authority conflict: compatibility WAL/recovery finality cannot substitute for ScratchBird MGA authority,exact_refusal_or_engine_owned_mapping_required,project/tests/sblr_surface/,SBLR architecture reviewer,docs/reference/compatibility_release_acquisition/tikv/8.1.2/source/metrics/grafana/tikv_details.json#keyword:wal
tikv,reference_authority_surface:checkpoint,MGA/recovery authority review: compatibility checkpoint cannot replace ScratchBird recovery authority,exact_refusal_or_engine_owned_mapping_required,project/tests/sblr_surface/,SBLR architecture reviewer,docs/reference/compatibility_release_acquisition/tikv/8.1.2/source/metrics/grafana/tikv_details.json#keyword:checkpoint
tikv,reference_authority_surface:finality,MGA authority conflict: compatibility finality cannot be parser-owned,exact_refusal_or_engine_owned_mapping_required,project/tests/sblr_surface/,SBLR architecture reviewer,docs/specifications/chapters/compatibilitys/tikv/appendix-compatibility-tikv-capability-map.md#keyword:finality
vitess,reference_authority_surface:transaction,MGA authority review: compatibility transaction behavior must map to engine-owned MGA or exact refusal,exact_refusal_or_engine_owned_mapping_required,project/tests/sblr_surface/,SBLR architecture reviewer,docs/reference/compatibility-engines/vitess/transaction-and-cluster-summary.md#keyword:transaction
vitess,reference_authority_surface:snapshot,MGA authority review: compatibility snapshot semantics must map to ScratchBird visibility rules,exact_refusal_or_engine_owned_mapping_required,project/tests/sblr_surface/,SBLR architecture reviewer,docs/reference/compatibility-engines/vitess/wire-and-migration-summary.md#keyword:snapshot
vitess,reference_authority_surface:commit,MGA authority review: compatibility commit/finality must be engine-owned,exact_refusal_or_engine_owned_mapping_required,project/tests/sblr_surface/,SBLR architecture reviewer,docs/reference/compatibility_release_acquisition/vitess/23.0.3/source/.github/pull_request_template.md#keyword:commit
vitess,reference_authority_surface:wal,MGA authority conflict: compatibility WAL/recovery finality cannot substitute for ScratchBird MGA authority,exact_refusal_or_engine_owned_mapping_required,project/tests/sblr_surface/,SBLR architecture reviewer,docs/reference/compatibility_release_acquisition/vitess/23.0.3/source/AGENTS.md#keyword:wal
vitess,reference_authority_surface:recovery,MGA authority conflict: recovery remains ScratchBird MGA/engine-owned,exact_refusal_or_engine_owned_mapping_required,project/tests/sblr_surface/,SBLR architecture reviewer,docs/reference/compatibility_release_acquisition/vitess/23.0.3/source/changelog/13.0/13.0.0/release_notes.md#keyword:recovery
vitess,reference_authority_surface:rollback,MGA authority review: compatibility rollback/finality must be engine-owned,exact_refusal_or_engine_owned_mapping_required,project/tests/sblr_surface/,SBLR architecture reviewer,docs/reference/compatibility_release_acquisition/vitess/23.0.3/source/changelog/15.0/15.0.0/release_notes.md#keyword:rollback
vitess,reference_authority_surface:checkpoint,MGA/recovery authority review: compatibility checkpoint cannot replace ScratchBird recovery authority,exact_refusal_or_engine_owned_mapping_required,project/tests/sblr_surface/,SBLR architecture reviewer,docs/reference/compatibility_release_acquisition/vitess/23.0.3/source/changelog/17.0/17.0.0/changelog.md#keyword:checkpoint
vitess,reference_authority_surface:mvcc,MGA authority review: compatibility MVCC semantics cannot replace ScratchBird MGA authority,exact_refusal_or_engine_owned_mapping_required,project/tests/sblr_surface/,SBLR architecture reviewer,docs/reference/compatibility_release_acquisition/vitess/23.0.3/source/doc/design-docs/V3HighLevelDesign.md#keyword:mvcc
vitess,reference_authority_surface:finality,MGA authority conflict: compatibility finality cannot be parser-owned,exact_refusal_or_engine_owned_mapping_required,project/tests/sblr_surface/,SBLR architecture reviewer,docs/specifications/chapters/compatibilitys/vitess/appendix-compatibility-vitess-capability-map.md#keyword:finality
xtdb,reference_authority_surface:transaction,MGA authority review: compatibility transaction behavior must map to engine-owned MGA or exact refusal,exact_refusal_or_engine_owned_mapping_required,project/tests/sblr_surface/,SBLR architecture reviewer,docs/reference/compatibility-engines/xtdb/capability-summary.md#keyword:transaction
xtdb,reference_authority_surface:commit,MGA authority review: compatibility commit/finality must be engine-owned,exact_refusal_or_engine_owned_mapping_required,project/tests/sblr_surface/,SBLR architecture reviewer,docs/reference/compatibility-engines/xtdb/transaction-and-cluster-summary.md#keyword:commit
xtdb,reference_authority_surface:snapshot,MGA authority review: compatibility snapshot semantics must map to ScratchBird visibility rules,exact_refusal_or_engine_owned_mapping_required,project/tests/sblr_surface/,SBLR architecture reviewer,docs/reference/compatibility-engines/xtdb/wire-and-migration-summary.md#keyword:snapshot
xtdb,reference_authority_surface:wal,MGA authority conflict: compatibility WAL/recovery finality cannot substitute for ScratchBird MGA authority,exact_refusal_or_engine_owned_mapping_required,project/tests/sblr_surface/,SBLR architecture reviewer,docs/reference/compatibility_release_acquisition/xtdb/2.1.0/source/SECURITY.md#keyword:wal
xtdb,reference_authority_surface:rollback,MGA authority review: compatibility rollback/finality must be engine-owned,exact_refusal_or_engine_owned_mapping_required,project/tests/sblr_surface/,SBLR architecture reviewer,docs/reference/compatibility_release_acquisition/xtdb/2.1.0/source/docs/src/content/docs/about/txs-in-xtdb.md#keyword:rollback
xtdb,reference_authority_surface:recovery,MGA authority conflict: recovery remains ScratchBird MGA/engine-owned,exact_refusal_or_engine_owned_mapping_required,project/tests/sblr_surface/,SBLR architecture reviewer,docs/reference/compatibility_release_acquisition/xtdb/2.1.0/source/docs/src/content/docs/ops/aws.md#keyword:recovery
xtdb,reference_authority_surface:finality,MGA authority conflict: compatibility finality cannot be parser-owned,exact_refusal_or_engine_owned_mapping_required,project/tests/sblr_surface/,SBLR architecture reviewer,docs/specifications/chapters/compatibilitys/xtdb/appendix-compatibility-xtdb-capability-map.md#keyword:finality
yugabytedb,reference_authority_surface:transaction,MGA authority review: compatibility transaction behavior must map to engine-owned MGA or exact refusal,exact_refusal_or_engine_owned_mapping_required,project/tests/sblr_surface/,SBLR architecture reviewer,docs/reference/compatibility-engines/yugabytedb/index-and-optimizer-summary.md#keyword:transaction
yugabytedb,reference_authority_surface:finality,MGA authority conflict: compatibility finality cannot be parser-owned,exact_refusal_or_engine_owned_mapping_required,project/tests/sblr_surface/,SBLR architecture reviewer,docs/reference/compatibility-engines/yugabytedb/transaction-and-cluster-summary.md#keyword:finality
yugabytedb,reference_authority_surface:rollback,MGA authority review: compatibility rollback/finality must be engine-owned,exact_refusal_or_engine_owned_mapping_required,project/tests/sblr_surface/,SBLR architecture reviewer,docs/reference/compatibility-engines/yugabytedb/wire-and-migration-summary.md#keyword:rollback
yugabytedb,reference_authority_surface:snapshot,MGA authority review: compatibility snapshot semantics must map to ScratchBird visibility rules,exact_refusal_or_engine_owned_mapping_required,project/tests/sblr_surface/,SBLR architecture reviewer,docs/reference/compatibility_release_acquisition/yugabytedb/2025.2.2.2/release-notes/RELEASE_NOTES_SOURCE.md#keyword:snapshot
yugabytedb,reference_authority_surface:commit,MGA authority review: compatibility commit/finality must be engine-owned,exact_refusal_or_engine_owned_mapping_required,project/tests/sblr_surface/,SBLR architecture reviewer,docs/reference/compatibility_release_acquisition/yugabytedb/2025.2.2.2/release-notes/RELEASE_NOTES_SOURCE.md#keyword:commit
yugabytedb,reference_authority_surface:fsync,durability authority review: compatibility durability primitive must map to ScratchBird storage authority,exact_refusal_or_engine_owned_mapping_required,project/tests/sblr_surface/,SBLR architecture reviewer,docs/reference/compatibility_release_acquisition/yugabytedb/2025.2.2.2/source/.fossa-local.yml#keyword:fsync
yugabytedb,reference_authority_surface:wal,MGA authority conflict: compatibility WAL/recovery finality cannot substitute for ScratchBird MGA authority,exact_refusal_or_engine_owned_mapping_required,project/tests/sblr_surface/,SBLR architecture reviewer,docs/reference/compatibility_release_acquisition/yugabytedb/2025.2.2.2/source/.github/vale-styles/Yugabyte/spelling-exceptions.txt#keyword:wal
yugabytedb,reference_authority_surface:recovery,MGA authority conflict: recovery remains ScratchBird MGA/engine-owned,exact_refusal_or_engine_owned_mapping_required,project/tests/sblr_surface/,SBLR architecture reviewer,docs/reference/compatibility_release_acquisition/yugabytedb/2025.2.2.2/source/architecture/design/README.md#keyword:recovery
yugabytedb,reference_authority_surface:checkpoint,MGA/recovery authority review: compatibility checkpoint cannot replace ScratchBird recovery authority,exact_refusal_or_engine_owned_mapping_required,project/tests/sblr_surface/,SBLR architecture reviewer,docs/reference/compatibility_release_acquisition/yugabytedb/2025.2.2.2/source/architecture/design/distributed-backup-and-restore.md#keyword:checkpoint
yugabytedb,reference_authority_surface:mvcc,MGA authority review: compatibility MVCC semantics cannot replace ScratchBird MGA authority,exact_refusal_or_engine_owned_mapping_required,project/tests/sblr_surface/,SBLR architecture reviewer,docs/reference/compatibility_release_acquisition/yugabytedb/2025.2.2.2/source/architecture/design/docdb-raft-enhancements.md#keyword:mvcc
