compatibility,compatibility_surface,normalized_command,parser_route,sblr_route,refusal_policy
apache_ignite,apache_ignite.admin.control_script,cluster.admin.refuse_reference_shell_control,source_search_key=project/src/parsers/compatibility/apache_ignite/apache_ignite_dialect.cpp#kPatterns:apache_ignite.admin.control_script;intake_id=FSC-INTAKE-COMPATIBILITY-0001;source_family=cluster_topology_or_control;compatibility_parser_isolation=own_surface_only,sblr.cluster.control.v3:cluster.admin.refuse_reference_shell_control,exact_pre_provider_refusal_no_provider_call
apache_ignite,apache_ignite.admin.baseline,cluster.job.start_controlled,source_search_key=project/src/parsers/compatibility/apache_ignite/apache_ignite_dialect.cpp#kPatterns:apache_ignite.admin.baseline;intake_id=FSC-INTAKE-COMPATIBILITY-0002;source_family=cluster_topology_or_control;compatibility_parser_isolation=own_surface_only,sblr.cluster.control.v3:cluster.job.start_controlled,compile_flag_disabled_returns_functionality_unsupported;public_stub_enabled_returns_functionality_unlicensed;private_provider_required_for_execution
apache_ignite,apache_ignite.admin.set_state,cluster.job.start_controlled,source_search_key=project/src/parsers/compatibility/apache_ignite/apache_ignite_dialect.cpp#kPatterns:apache_ignite.admin.set_state;intake_id=FSC-INTAKE-COMPATIBILITY-0003;source_family=cluster_topology_or_control;compatibility_parser_isolation=own_surface_only,sblr.cluster.control.v3:cluster.job.start_controlled,compile_flag_disabled_returns_functionality_unsupported;public_stub_enabled_returns_functionality_unlicensed;private_provider_required_for_execution
apache_ignite,apache_ignite.admin.activate,cluster.job.start_controlled,source_search_key=project/src/parsers/compatibility/apache_ignite/apache_ignite_dialect.cpp#kPatterns:apache_ignite.admin.activate;intake_id=FSC-INTAKE-COMPATIBILITY-0004;source_family=cluster_topology_or_control;compatibility_parser_isolation=own_surface_only,sblr.cluster.control.v3:cluster.job.start_controlled,compile_flag_disabled_returns_functionality_unsupported;public_stub_enabled_returns_functionality_unlicensed;private_provider_required_for_execution
apache_ignite,apache_ignite.admin.deactivate,cluster.job.start_controlled,source_search_key=project/src/parsers/compatibility/apache_ignite/apache_ignite_dialect.cpp#kPatterns:apache_ignite.admin.deactivate;intake_id=FSC-INTAKE-COMPATIBILITY-0005;source_family=cluster_topology_or_control;compatibility_parser_isolation=own_surface_only,sblr.cluster.control.v3:cluster.job.start_controlled,compile_flag_disabled_returns_functionality_unsupported;public_stub_enabled_returns_functionality_unlicensed;private_provider_required_for_execution
apache_ignite,apache_ignite.admin.snapshot,cluster.job.start_controlled,source_search_key=project/src/parsers/compatibility/apache_ignite/apache_ignite_dialect.cpp#kPatterns:apache_ignite.admin.snapshot;intake_id=FSC-INTAKE-COMPATIBILITY-0006;source_family=cluster_topology_or_control;compatibility_parser_isolation=own_surface_only,sblr.cluster.control.v3:cluster.job.start_controlled,compile_flag_disabled_returns_functionality_unsupported;public_stub_enabled_returns_functionality_unlicensed;private_provider_required_for_execution
apache_ignite,builtin_function_surface:cluster,cluster.job.start_controlled,source_search_key=project/src/parsers/compatibility/apache_ignite/apache_ignite_dialect.cpp#kBuiltinSurfaces:cluster;intake_id=FSC-INTAKE-COMPATIBILITY-0007;source_family=cluster_topology_or_control;compatibility_parser_isolation=own_surface_only,sblr.cluster.control.v3:cluster.job.start_controlled,compile_flag_disabled_returns_functionality_unsupported;public_stub_enabled_returns_functionality_unlicensed;private_provider_required_for_execution
clickhouse,clickhouse.distributed.cluster_clause,cluster.query.plan_distributed,source_search_key=project/src/parsers/compatibility/clickhouse/clickhouse_dialect.cpp#kPatterns:clickhouse.distributed.cluster_clause;intake_id=FSC-INTAKE-COMPATIBILITY-0008;source_family=cluster_topology_or_control;compatibility_parser_isolation=own_surface_only,required_new:sblr.cluster.query.v1:cluster.query.plan_distributed,compile_flag_disabled_returns_functionality_unsupported;public_stub_enabled_returns_functionality_unlicensed;private_provider_required_for_execution
clickhouse,builtin_function_surface:cluster,cluster.job.start_controlled,source_search_key=project/src/parsers/compatibility/clickhouse/clickhouse_dialect.cpp#kBuiltinSurfaces:cluster;intake_id=FSC-INTAKE-COMPATIBILITY-0009;source_family=cluster_topology_or_control;compatibility_parser_isolation=own_surface_only,sblr.cluster.control.v3:cluster.job.start_controlled,compile_flag_disabled_returns_functionality_unsupported;public_stub_enabled_returns_functionality_unlicensed;private_provider_required_for_execution
clickhouse,catalog_overlay_surface:clusters,cluster.job.start_controlled,source_search_key=project/src/parsers/compatibility/clickhouse/clickhouse_dialect.cpp#kCatalogSurfaces:clusters;intake_id=FSC-INTAKE-COMPATIBILITY-0010;source_family=cluster_topology_or_control;compatibility_parser_isolation=own_surface_only,sblr.cluster.control.v3:cluster.job.start_controlled,compile_flag_disabled_returns_functionality_unsupported;public_stub_enabled_returns_functionality_unlicensed;private_provider_required_for_execution
clickhouse,diagnostic_surface:cluster_stub,cluster.metrics.snapshot,source_search_key=project/src/parsers/compatibility/clickhouse/clickhouse_dialect.cpp#kDiagnosticSurfaces:cluster_stub;intake_id=FSC-INTAKE-COMPATIBILITY-0011;source_family=cluster_topology_or_control;compatibility_parser_isolation=own_surface_only,sblr.cluster.report.v3:cluster.metrics.snapshot,compile_flag_disabled_returns_functionality_unsupported;public_stub_enabled_returns_functionality_unlicensed;private_provider_required_for_execution
cockroachdb,cockroachdb.changefeed.create,cluster.metrics.emit_event,source_search_key=project/src/parsers/compatibility/cockroachdb/cockroachdb_dialect.cpp#kPatterns:cockroachdb.changefeed.create;intake_id=FSC-INTAKE-COMPATIBILITY-0012;source_family=changefeed_stream;compatibility_parser_isolation=own_surface_only,sblr.cluster.report.v3:cluster.metrics.emit_event,compile_flag_disabled_returns_functionality_unsupported;public_stub_enabled_returns_functionality_unlicensed;private_provider_required_for_execution
cockroachdb,cockroachdb.cluster.setting.set,cluster.job.start_controlled,source_search_key=project/src/parsers/compatibility/cockroachdb/cockroachdb_dialect.cpp#kPatterns:cockroachdb.cluster.setting.set;intake_id=FSC-INTAKE-COMPATIBILITY-0013;source_family=cluster_topology_or_control;compatibility_parser_isolation=own_surface_only,sblr.cluster.control.v3:cluster.job.start_controlled,compile_flag_disabled_returns_functionality_unsupported;public_stub_enabled_returns_functionality_unlicensed;private_provider_required_for_execution
cockroachdb,cockroachdb.cluster.experimental_relocate,cluster.job.start_controlled,source_search_key=project/src/parsers/compatibility/cockroachdb/cockroachdb_dialect.cpp#kPatterns:cockroachdb.cluster.experimental_relocate;intake_id=FSC-INTAKE-COMPATIBILITY-0014;source_family=cluster_topology_or_control;compatibility_parser_isolation=own_surface_only,sblr.cluster.control.v3:cluster.job.start_controlled,compile_flag_disabled_returns_functionality_unsupported;public_stub_enabled_returns_functionality_unlicensed;private_provider_required_for_execution
cockroachdb,catalog_overlay_surface:cluster_settings,cluster.job.start_controlled,source_search_key=project/src/parsers/compatibility/cockroachdb/cockroachdb_dialect.cpp#kCatalogSurfaces:cluster_settings;intake_id=FSC-INTAKE-COMPATIBILITY-0015;source_family=cluster_topology_or_control;compatibility_parser_isolation=own_surface_only,sblr.cluster.control.v3:cluster.job.start_controlled,compile_flag_disabled_returns_functionality_unsupported;public_stub_enabled_returns_functionality_unlicensed;private_provider_required_for_execution
cockroachdb,diagnostic_surface:changefeed,cluster.metrics.emit_event,source_search_key=project/src/parsers/compatibility/cockroachdb/cockroachdb_dialect.cpp#kDiagnosticSurfaces:changefeed;intake_id=FSC-INTAKE-COMPATIBILITY-0016;source_family=changefeed_stream;compatibility_parser_isolation=own_surface_only,sblr.cluster.report.v3:cluster.metrics.emit_event,compile_flag_disabled_returns_functionality_unsupported;public_stub_enabled_returns_functionality_unlicensed;private_provider_required_for_execution
cockroachdb,diagnostic_surface:cluster,cluster.metrics.snapshot,source_search_key=project/src/parsers/compatibility/cockroachdb/cockroachdb_dialect.cpp#kDiagnosticSurfaces:cluster;intake_id=FSC-INTAKE-COMPATIBILITY-0017;source_family=cluster_topology_or_control;compatibility_parser_isolation=own_surface_only,sblr.cluster.report.v3:cluster.metrics.snapshot,compile_flag_disabled_returns_functionality_unsupported;public_stub_enabled_returns_functionality_unlicensed;private_provider_required_for_execution
cockroachdb,diagnostic_surface:unsupported,cluster.metrics.collect_support_bundle,source_search_key=project/src/parsers/compatibility/cockroachdb/cockroachdb_dialect.cpp#kDiagnosticSurfaces:unsupported;intake_id=FSC-INTAKE-COMPATIBILITY-0018;source_family=cluster_topology_or_control;compatibility_parser_isolation=own_surface_only,sblr.cluster.report.v3:cluster.metrics.collect_support_bundle,compile_flag_disabled_returns_functionality_unsupported;public_stub_enabled_returns_functionality_unlicensed;private_provider_required_for_execution
firebird,firebird.emulated.replication_journal,cluster.replication.consume_cluster_event,source_search_key=project/src/parsers/compatibility/firebird/firebird_dialect.cpp#FirebirdMappingStorage:firebird.emulated.replication_journal;intake_id=FSC-INTAKE-COMPATIBILITY-0019;source_family=replication_control;compatibility_parser_isolation=own_surface_only,sblr.replication.consumer.v3:cluster.replication.consume_cluster_event,compile_flag_disabled_returns_functionality_unsupported;public_stub_enabled_returns_functionality_unlicensed;private_provider_required_for_execution
firebird,firebird.emulated.replication_journal,cluster.replication.consume_cluster_event,source_search_key=project/src/parsers/compatibility/firebird/firebird_dialect.cpp#ClassifyNonFileOperation:firebird.emulated.replication_journal;intake_id=FSC-INTAKE-COMPATIBILITY-0020;source_family=replication_control;compatibility_parser_isolation=own_surface_only,sblr.replication.consumer.v3:cluster.replication.consume_cluster_event,compile_flag_disabled_returns_functionality_unsupported;public_stub_enabled_returns_functionality_unlicensed;private_provider_required_for_execution
foundationdb,foundationdb.admin.configure,cluster.job.start_controlled,source_search_key=project/src/parsers/compatibility/foundationdb/foundationdb_dialect.cpp#kPatterns:foundationdb.admin.configure;intake_id=FSC-INTAKE-COMPATIBILITY-0021;source_family=cluster_topology_or_control;compatibility_parser_isolation=own_surface_only,sblr.cluster.control.v3:cluster.job.start_controlled,compile_flag_disabled_returns_functionality_unsupported;public_stub_enabled_returns_functionality_unlicensed;private_provider_required_for_execution
foundationdb,foundationdb.admin.coordinators,cluster.job.start_controlled,source_search_key=project/src/parsers/compatibility/foundationdb/foundationdb_dialect.cpp#kPatterns:foundationdb.admin.coordinators;intake_id=FSC-INTAKE-COMPATIBILITY-0022;source_family=cluster_topology_or_control;compatibility_parser_isolation=own_surface_only,sblr.cluster.control.v3:cluster.job.start_controlled,compile_flag_disabled_returns_functionality_unsupported;public_stub_enabled_returns_functionality_unlicensed;private_provider_required_for_execution
foundationdb,foundationdb.admin.exclude,cluster.job.start_controlled,source_search_key=project/src/parsers/compatibility/foundationdb/foundationdb_dialect.cpp#kPatterns:foundationdb.admin.exclude;intake_id=FSC-INTAKE-COMPATIBILITY-0023;source_family=cluster_topology_or_control;compatibility_parser_isolation=own_surface_only,sblr.cluster.control.v3:cluster.job.start_controlled,compile_flag_disabled_returns_functionality_unsupported;public_stub_enabled_returns_functionality_unlicensed;private_provider_required_for_execution
foundationdb,foundationdb.admin.include,cluster.job.start_controlled,source_search_key=project/src/parsers/compatibility/foundationdb/foundationdb_dialect.cpp#kPatterns:foundationdb.admin.include;intake_id=FSC-INTAKE-COMPATIBILITY-0024;source_family=cluster_topology_or_control;compatibility_parser_isolation=own_surface_only,sblr.cluster.control.v3:cluster.job.start_controlled,compile_flag_disabled_returns_functionality_unsupported;public_stub_enabled_returns_functionality_unlicensed;private_provider_required_for_execution
foundationdb,foundationdb.admin.kill,cluster.job.start_controlled,source_search_key=project/src/parsers/compatibility/foundationdb/foundationdb_dialect.cpp#kPatterns:foundationdb.admin.kill;intake_id=FSC-INTAKE-COMPATIBILITY-0025;source_family=cluster_topology_or_control;compatibility_parser_isolation=own_surface_only,sblr.cluster.control.v3:cluster.job.start_controlled,compile_flag_disabled_returns_functionality_unsupported;public_stub_enabled_returns_functionality_unlicensed;private_provider_required_for_execution
foundationdb,foundationdb.admin.force_recovery,cluster.tx.recover_limbo_participant,source_search_key=project/src/parsers/compatibility/foundationdb/foundationdb_dialect.cpp#kPatterns:foundationdb.admin.force_recovery;intake_id=FSC-INTAKE-COMPATIBILITY-0026;source_family=cluster_topology_or_control;compatibility_parser_isolation=own_surface_only,required_new:sblr.cluster.transaction.v1:cluster.tx.recover_limbo_participant,compile_flag_disabled_returns_functionality_unsupported;public_stub_enabled_returns_functionality_unlicensed;private_provider_required_for_execution
foundationdb,builtin_function_surface:cluster,cluster.job.start_controlled,source_search_key=project/src/parsers/compatibility/foundationdb/foundationdb_dialect.cpp#kBuiltinSurfaces:cluster;intake_id=FSC-INTAKE-COMPATIBILITY-0027;source_family=cluster_topology_or_control;compatibility_parser_isolation=own_surface_only,sblr.cluster.control.v3:cluster.job.start_controlled,compile_flag_disabled_returns_functionality_unsupported;public_stub_enabled_returns_functionality_unlicensed;private_provider_required_for_execution
foundationdb,catalog_overlay_surface:cluster,cluster.job.start_controlled,source_search_key=project/src/parsers/compatibility/foundationdb/foundationdb_dialect.cpp#kCatalogSurfaces:cluster;intake_id=FSC-INTAKE-COMPATIBILITY-0028;source_family=cluster_topology_or_control;compatibility_parser_isolation=own_surface_only,sblr.cluster.control.v3:cluster.job.start_controlled,compile_flag_disabled_returns_functionality_unsupported;public_stub_enabled_returns_functionality_unlicensed;private_provider_required_for_execution
immudb,immudb.replication.admin,cluster.replication.consume_cluster_event,source_search_key=project/src/parsers/compatibility/immudb/immudb_dialect.cpp#kPatterns:immudb.replication.admin;intake_id=FSC-INTAKE-COMPATIBILITY-0029;source_family=replication_control;compatibility_parser_isolation=own_surface_only,sblr.replication.consumer.v3:cluster.replication.consume_cluster_event,compile_flag_disabled_returns_functionality_unsupported;public_stub_enabled_returns_functionality_unlicensed;private_provider_required_for_execution
immudb,immudb.replication.apply,cluster.replication.consume_cluster_event,source_search_key=project/src/parsers/compatibility/immudb/immudb_dialect.cpp#kPatterns:immudb.replication.apply;intake_id=FSC-INTAKE-COMPATIBILITY-0030;source_family=replication_control;compatibility_parser_isolation=own_surface_only,sblr.replication.consumer.v3:cluster.replication.consume_cluster_event,compile_flag_disabled_returns_functionality_unsupported;public_stub_enabled_returns_functionality_unlicensed;private_provider_required_for_execution
immudb,builtin_function_surface:replication,cluster.replication.consume_cluster_event,source_search_key=project/src/parsers/compatibility/immudb/immudb_dialect.cpp#kBuiltinSurfaces:replication;intake_id=FSC-INTAKE-COMPATIBILITY-0031;source_family=replication_control;compatibility_parser_isolation=own_surface_only,sblr.replication.consumer.v3:cluster.replication.consume_cluster_event,compile_flag_disabled_returns_functionality_unsupported;public_stub_enabled_returns_functionality_unlicensed;private_provider_required_for_execution
influxdb,influxdb.admin.show_servers,cluster.admin.inspect_status,source_search_key=project/src/parsers/compatibility/influxdb/influxdb_dialect.cpp#kPatterns:influxdb.admin.show_servers;intake_id=FSC-INTAKE-COMPATIBILITY-0032;source_family=cluster_topology_or_control;compatibility_parser_isolation=own_surface_only,sblr.cluster.report.v3:cluster.admin.inspect_status,compile_flag_disabled_returns_functionality_unsupported;public_stub_enabled_returns_functionality_unlicensed;private_provider_required_for_execution
influxdb,influxdb.admin.show_cluster,cluster.admin.inspect_status,source_search_key=project/src/parsers/compatibility/influxdb/influxdb_dialect.cpp#kPatterns:influxdb.admin.show_cluster;intake_id=FSC-INTAKE-COMPATIBILITY-0033;source_family=cluster_topology_or_control;compatibility_parser_isolation=own_surface_only,sblr.cluster.report.v3:cluster.admin.inspect_status,compile_flag_disabled_returns_functionality_unsupported;public_stub_enabled_returns_functionality_unlicensed;private_provider_required_for_execution
mariadb,mariadb.replication.reset_master,cluster.replication.consume_cluster_event,source_search_key=project/src/parsers/compatibility/mariadb/mariadb_dialect.cpp#kPatterns:mariadb.replication.reset_master;intake_id=FSC-INTAKE-COMPATIBILITY-0034;source_family=replication_control;compatibility_parser_isolation=own_surface_only,sblr.replication.consumer.v3:cluster.replication.consume_cluster_event,compile_flag_disabled_returns_functionality_unsupported;public_stub_enabled_returns_functionality_unlicensed;private_provider_required_for_execution
mariadb,mariadb.replication.change_source,cluster.replication.consume_cluster_event,source_search_key=project/src/parsers/compatibility/mariadb/mariadb_dialect.cpp#kPatterns:mariadb.replication.change_source;intake_id=FSC-INTAKE-COMPATIBILITY-0035;source_family=replication_control;compatibility_parser_isolation=own_surface_only,sblr.replication.consumer.v3:cluster.replication.consume_cluster_event,compile_flag_disabled_returns_functionality_unsupported;public_stub_enabled_returns_functionality_unlicensed;private_provider_required_for_execution
mariadb,mariadb.replication.change_master_legacy,cluster.replication.consume_cluster_event,source_search_key=project/src/parsers/compatibility/mariadb/mariadb_dialect.cpp#kPatterns:mariadb.replication.change_master_legacy;intake_id=FSC-INTAKE-COMPATIBILITY-0036;source_family=replication_control;compatibility_parser_isolation=own_surface_only,sblr.replication.consumer.v3:cluster.replication.consume_cluster_event,compile_flag_disabled_returns_functionality_unsupported;public_stub_enabled_returns_functionality_unlicensed;private_provider_required_for_execution
mariadb,mariadb.replication.start_replica,cluster.replication.consume_cluster_event,source_search_key=project/src/parsers/compatibility/mariadb/mariadb_dialect.cpp#kPatterns:mariadb.replication.start_replica;intake_id=FSC-INTAKE-COMPATIBILITY-0037;source_family=replication_control;compatibility_parser_isolation=own_surface_only,sblr.replication.consumer.v3:cluster.replication.consume_cluster_event,compile_flag_disabled_returns_functionality_unsupported;public_stub_enabled_returns_functionality_unlicensed;private_provider_required_for_execution
mariadb,mariadb.replication.stop_replica,cluster.replication.consume_cluster_event,source_search_key=project/src/parsers/compatibility/mariadb/mariadb_dialect.cpp#kPatterns:mariadb.replication.stop_replica;intake_id=FSC-INTAKE-COMPATIBILITY-0038;source_family=replication_control;compatibility_parser_isolation=own_surface_only,sblr.replication.consumer.v3:cluster.replication.consume_cluster_event,compile_flag_disabled_returns_functionality_unsupported;public_stub_enabled_returns_functionality_unlicensed;private_provider_required_for_execution
mariadb,mariadb.replication.reset_replica,cluster.replication.consume_cluster_event,source_search_key=project/src/parsers/compatibility/mariadb/mariadb_dialect.cpp#kPatterns:mariadb.replication.reset_replica;intake_id=FSC-INTAKE-COMPATIBILITY-0039;source_family=replication_control;compatibility_parser_isolation=own_surface_only,sblr.replication.consumer.v3:cluster.replication.consume_cluster_event,compile_flag_disabled_returns_functionality_unsupported;public_stub_enabled_returns_functionality_unlicensed;private_provider_required_for_execution
mariadb,mariadb.replication.show_replica_status,cluster.replication.consume_cluster_event,source_search_key=project/src/parsers/compatibility/mariadb/mariadb_dialect.cpp#kPatterns:mariadb.replication.show_replica_status;intake_id=FSC-INTAKE-COMPATIBILITY-0040;source_family=replication_control;compatibility_parser_isolation=own_surface_only,sblr.replication.consumer.v3:cluster.replication.consume_cluster_event,compile_flag_disabled_returns_functionality_unsupported;public_stub_enabled_returns_functionality_unlicensed;private_provider_required_for_execution
mariadb,mariadb.replication.show_slave_status_legacy,cluster.replication.consume_cluster_event,source_search_key=project/src/parsers/compatibility/mariadb/mariadb_dialect.cpp#kPatterns:mariadb.replication.show_slave_status_legacy;intake_id=FSC-INTAKE-COMPATIBILITY-0041;source_family=replication_control;compatibility_parser_isolation=own_surface_only,sblr.replication.consumer.v3:cluster.replication.consume_cluster_event,compile_flag_disabled_returns_functionality_unsupported;public_stub_enabled_returns_functionality_unlicensed;private_provider_required_for_execution
mariadb,mariadb.replication.purge_binary_logs,cluster.replication.consume_cluster_event,source_search_key=project/src/parsers/compatibility/mariadb/mariadb_dialect.cpp#kPatterns:mariadb.replication.purge_binary_logs;intake_id=FSC-INTAKE-COMPATIBILITY-0042;source_family=replication_control;compatibility_parser_isolation=own_surface_only,sblr.replication.consumer.v3:cluster.replication.consume_cluster_event,compile_flag_disabled_returns_functionality_unsupported;public_stub_enabled_returns_functionality_unlicensed;private_provider_required_for_execution
mariadb,mariadb.replication.reset_binary_logs,cluster.replication.consume_cluster_event,source_search_key=project/src/parsers/compatibility/mariadb/mariadb_dialect.cpp#kPatterns:mariadb.replication.reset_binary_logs;intake_id=FSC-INTAKE-COMPATIBILITY-0043;source_family=replication_control;compatibility_parser_isolation=own_surface_only,sblr.replication.consumer.v3:cluster.replication.consume_cluster_event,compile_flag_disabled_returns_functionality_unsupported;public_stub_enabled_returns_functionality_unlicensed;private_provider_required_for_execution
mariadb,catalog_overlay_surface:replication_status,cluster.replication.consume_cluster_event,source_search_key=project/src/parsers/compatibility/mariadb/mariadb_dialect.cpp#kCatalogSurfaces:replication_status;intake_id=FSC-INTAKE-COMPATIBILITY-0044;source_family=replication_control;compatibility_parser_isolation=own_surface_only,sblr.replication.consumer.v3:cluster.replication.consume_cluster_event,compile_flag_disabled_returns_functionality_unsupported;public_stub_enabled_returns_functionality_unlicensed;private_provider_required_for_execution
mariadb,diagnostic_surface:replication,cluster.metrics.snapshot,source_search_key=project/src/parsers/compatibility/mariadb/mariadb_dialect.cpp#kDiagnosticSurfaces:replication;intake_id=FSC-INTAKE-COMPATIBILITY-0045;source_family=replication_control;compatibility_parser_isolation=own_surface_only,sblr.cluster.report.v3:cluster.metrics.snapshot,compile_flag_disabled_returns_functionality_unsupported;public_stub_enabled_returns_functionality_unlicensed;private_provider_required_for_execution
milvus,milvus.admin.transfer_replica,cluster.tx.begin_distributed,source_search_key=project/src/parsers/compatibility/milvus/milvus_dialect.cpp#kPatterns:milvus.admin.transfer_replica;intake_id=FSC-INTAKE-COMPATIBILITY-0046;source_family=cluster_topology_or_control;compatibility_parser_isolation=own_surface_only,required_new:sblr.cluster.transaction.v1:cluster.tx.begin_distributed,compile_flag_disabled_returns_functionality_unsupported;public_stub_enabled_returns_functionality_unlicensed;private_provider_required_for_execution
milvus,milvus.admin.load_balance,cluster.job.start_controlled,source_search_key=project/src/parsers/compatibility/milvus/milvus_dialect.cpp#kPatterns:milvus.admin.load_balance;intake_id=FSC-INTAKE-COMPATIBILITY-0047;source_family=cluster_topology_or_control;compatibility_parser_isolation=own_surface_only,sblr.cluster.control.v3:cluster.job.start_controlled,compile_flag_disabled_returns_functionality_unsupported;public_stub_enabled_returns_functionality_unlicensed;private_provider_required_for_execution
milvus,milvus.admin.show_replicas,cluster.tx.begin_distributed,source_search_key=project/src/parsers/compatibility/milvus/milvus_dialect.cpp#kPatterns:milvus.admin.show_replicas;intake_id=FSC-INTAKE-COMPATIBILITY-0048;source_family=cluster_topology_or_control;compatibility_parser_isolation=own_surface_only,required_new:sblr.cluster.transaction.v1:cluster.tx.begin_distributed,compile_flag_disabled_returns_functionality_unsupported;public_stub_enabled_returns_functionality_unlicensed;private_provider_required_for_execution
mongodb,mongodb.sharding.shard_collection,cluster.placement.assign_tablet_range,source_search_key=project/src/parsers/compatibility/mongodb/mongodb_dialect.cpp#kPatterns:mongodb.sharding.shard_collection;intake_id=FSC-INTAKE-COMPATIBILITY-0049;source_family=shard_placement;compatibility_parser_isolation=own_surface_only,required_new:sblr.cluster.placement.v1:cluster.placement.assign_tablet_range,compile_flag_disabled_returns_functionality_unsupported;public_stub_enabled_returns_functionality_unlicensed;private_provider_required_for_execution
mongodb,mongodb.sharding.reshard_collection,cluster.placement.assign_tablet_range,source_search_key=project/src/parsers/compatibility/mongodb/mongodb_dialect.cpp#kPatterns:mongodb.sharding.reshard_collection;intake_id=FSC-INTAKE-COMPATIBILITY-0050;source_family=shard_placement;compatibility_parser_isolation=own_surface_only,required_new:sblr.cluster.placement.v1:cluster.placement.assign_tablet_range,compile_flag_disabled_returns_functionality_unsupported;public_stub_enabled_returns_functionality_unlicensed;private_provider_required_for_execution
mysql,mysql.replication.change_source,cluster.replication.consume_cluster_event,source_search_key=project/src/parsers/compatibility/mysql/mysql_dialect.cpp#kPatterns:mysql.replication.change_source;intake_id=FSC-INTAKE-COMPATIBILITY-0051;source_family=replication_control;compatibility_parser_isolation=own_surface_only,sblr.replication.consumer.v3:cluster.replication.consume_cluster_event,compile_flag_disabled_returns_functionality_unsupported;public_stub_enabled_returns_functionality_unlicensed;private_provider_required_for_execution
mysql,mysql.replication.change_master_legacy,cluster.replication.consume_cluster_event,source_search_key=project/src/parsers/compatibility/mysql/mysql_dialect.cpp#kPatterns:mysql.replication.change_master_legacy;intake_id=FSC-INTAKE-COMPATIBILITY-0052;source_family=replication_control;compatibility_parser_isolation=own_surface_only,sblr.replication.consumer.v3:cluster.replication.consume_cluster_event,compile_flag_disabled_returns_functionality_unsupported;public_stub_enabled_returns_functionality_unlicensed;private_provider_required_for_execution
mysql,mysql.replication.start_replica,cluster.replication.consume_cluster_event,source_search_key=project/src/parsers/compatibility/mysql/mysql_dialect.cpp#kPatterns:mysql.replication.start_replica;intake_id=FSC-INTAKE-COMPATIBILITY-0053;source_family=replication_control;compatibility_parser_isolation=own_surface_only,sblr.replication.consumer.v3:cluster.replication.consume_cluster_event,compile_flag_disabled_returns_functionality_unsupported;public_stub_enabled_returns_functionality_unlicensed;private_provider_required_for_execution
mysql,mysql.replication.stop_replica,cluster.replication.consume_cluster_event,source_search_key=project/src/parsers/compatibility/mysql/mysql_dialect.cpp#kPatterns:mysql.replication.stop_replica;intake_id=FSC-INTAKE-COMPATIBILITY-0054;source_family=replication_control;compatibility_parser_isolation=own_surface_only,sblr.replication.consumer.v3:cluster.replication.consume_cluster_event,compile_flag_disabled_returns_functionality_unsupported;public_stub_enabled_returns_functionality_unlicensed;private_provider_required_for_execution
mysql,mysql.replication.reset_replica,cluster.replication.consume_cluster_event,source_search_key=project/src/parsers/compatibility/mysql/mysql_dialect.cpp#kPatterns:mysql.replication.reset_replica;intake_id=FSC-INTAKE-COMPATIBILITY-0055;source_family=replication_control;compatibility_parser_isolation=own_surface_only,sblr.replication.consumer.v3:cluster.replication.consume_cluster_event,compile_flag_disabled_returns_functionality_unsupported;public_stub_enabled_returns_functionality_unlicensed;private_provider_required_for_execution
mysql,mysql.replication.show_replica_status,cluster.replication.consume_cluster_event,source_search_key=project/src/parsers/compatibility/mysql/mysql_dialect.cpp#kPatterns:mysql.replication.show_replica_status;intake_id=FSC-INTAKE-COMPATIBILITY-0056;source_family=replication_control;compatibility_parser_isolation=own_surface_only,sblr.replication.consumer.v3:cluster.replication.consume_cluster_event,compile_flag_disabled_returns_functionality_unsupported;public_stub_enabled_returns_functionality_unlicensed;private_provider_required_for_execution
mysql,mysql.replication.show_slave_status_legacy,cluster.replication.consume_cluster_event,source_search_key=project/src/parsers/compatibility/mysql/mysql_dialect.cpp#kPatterns:mysql.replication.show_slave_status_legacy;intake_id=FSC-INTAKE-COMPATIBILITY-0057;source_family=replication_control;compatibility_parser_isolation=own_surface_only,sblr.replication.consumer.v3:cluster.replication.consume_cluster_event,compile_flag_disabled_returns_functionality_unsupported;public_stub_enabled_returns_functionality_unlicensed;private_provider_required_for_execution
mysql,mysql.replication.purge_binary_logs,cluster.replication.consume_cluster_event,source_search_key=project/src/parsers/compatibility/mysql/mysql_dialect.cpp#kPatterns:mysql.replication.purge_binary_logs;intake_id=FSC-INTAKE-COMPATIBILITY-0058;source_family=replication_control;compatibility_parser_isolation=own_surface_only,sblr.replication.consumer.v3:cluster.replication.consume_cluster_event,compile_flag_disabled_returns_functionality_unsupported;public_stub_enabled_returns_functionality_unlicensed;private_provider_required_for_execution
mysql,mysql.replication.reset_binary_logs,cluster.replication.consume_cluster_event,source_search_key=project/src/parsers/compatibility/mysql/mysql_dialect.cpp#kPatterns:mysql.replication.reset_binary_logs;intake_id=FSC-INTAKE-COMPATIBILITY-0059;source_family=replication_control;compatibility_parser_isolation=own_surface_only,sblr.replication.consumer.v3:cluster.replication.consume_cluster_event,compile_flag_disabled_returns_functionality_unsupported;public_stub_enabled_returns_functionality_unlicensed;private_provider_required_for_execution
mysql,catalog_overlay_surface:replication_status,cluster.replication.consume_cluster_event,source_search_key=project/src/parsers/compatibility/mysql/mysql_dialect.cpp#kCatalogSurfaces:replication_status;intake_id=FSC-INTAKE-COMPATIBILITY-0060;source_family=replication_control;compatibility_parser_isolation=own_surface_only,sblr.replication.consumer.v3:cluster.replication.consume_cluster_event,compile_flag_disabled_returns_functionality_unsupported;public_stub_enabled_returns_functionality_unlicensed;private_provider_required_for_execution
mysql,diagnostic_surface:replication,cluster.metrics.snapshot,source_search_key=project/src/parsers/compatibility/mysql/mysql_dialect.cpp#kDiagnosticSurfaces:replication;intake_id=FSC-INTAKE-COMPATIBILITY-0061;source_family=replication_control;compatibility_parser_isolation=own_surface_only,sblr.cluster.report.v3:cluster.metrics.snapshot,compile_flag_disabled_returns_functionality_unsupported;public_stub_enabled_returns_functionality_unlicensed;private_provider_required_for_execution
neo4j,neo4j.admin.show_servers,cluster.admin.inspect_status,source_search_key=project/src/parsers/compatibility/neo4j/neo4j_dialect.cpp#kPatterns:neo4j.admin.show_servers;intake_id=FSC-INTAKE-COMPATIBILITY-0062;source_family=cluster_topology_or_control;compatibility_parser_isolation=own_surface_only,sblr.cluster.report.v3:cluster.admin.inspect_status,compile_flag_disabled_returns_functionality_unsupported;public_stub_enabled_returns_functionality_unlicensed;private_provider_required_for_execution
neo4j,neo4j.admin.enable_server,cluster.job.start_controlled,source_search_key=project/src/parsers/compatibility/neo4j/neo4j_dialect.cpp#kPatterns:neo4j.admin.enable_server;intake_id=FSC-INTAKE-COMPATIBILITY-0063;source_family=cluster_topology_or_control;compatibility_parser_isolation=own_surface_only,sblr.cluster.control.v3:cluster.job.start_controlled,compile_flag_disabled_returns_functionality_unsupported;public_stub_enabled_returns_functionality_unlicensed;private_provider_required_for_execution
neo4j,neo4j.admin.reallocate_databases,cluster.job.start_controlled,source_search_key=project/src/parsers/compatibility/neo4j/neo4j_dialect.cpp#kPatterns:neo4j.admin.reallocate_databases;intake_id=FSC-INTAKE-COMPATIBILITY-0064;source_family=cluster_topology_or_control;compatibility_parser_isolation=own_surface_only,sblr.cluster.control.v3:cluster.job.start_controlled,compile_flag_disabled_returns_functionality_unsupported;public_stub_enabled_returns_functionality_unlicensed;private_provider_required_for_execution
opensearch,opensearch.admin.cluster_health,cluster.admin.inspect_status,source_search_key=project/src/parsers/compatibility/opensearch/opensearch_dialect.cpp#kPatterns:opensearch.admin.cluster_health;intake_id=FSC-INTAKE-COMPATIBILITY-0065;source_family=cluster_topology_or_control;compatibility_parser_isolation=own_surface_only,sblr.cluster.report.v3:cluster.admin.inspect_status,compile_flag_disabled_returns_functionality_unsupported;public_stub_enabled_returns_functionality_unlicensed;private_provider_required_for_execution
opensearch,opensearch.admin.cluster_update,cluster.job.start_controlled,source_search_key=project/src/parsers/compatibility/opensearch/opensearch_dialect.cpp#kPatterns:opensearch.admin.cluster_update;intake_id=FSC-INTAKE-COMPATIBILITY-0066;source_family=cluster_topology_or_control;compatibility_parser_isolation=own_surface_only,sblr.cluster.control.v3:cluster.job.start_controlled,compile_flag_disabled_returns_functionality_unsupported;public_stub_enabled_returns_functionality_unlicensed;private_provider_required_for_execution
opensearch,opensearch.admin.nodes,cluster.node.admit_member,source_search_key=project/src/parsers/compatibility/opensearch/opensearch_dialect.cpp#kPatterns:opensearch.admin.nodes;intake_id=FSC-INTAKE-COMPATIBILITY-0067;source_family=cluster_topology_or_control;compatibility_parser_isolation=own_surface_only,sblr.cluster.control.v3:cluster.node.admit_member,compile_flag_disabled_returns_functionality_unsupported;public_stub_enabled_returns_functionality_unlicensed;private_provider_required_for_execution
opensearch,opensearch_sql_ppl.cluster.get,cluster.admin.inspect_status,source_search_key=project/src/parsers/compatibility/opensearch_sql_ppl/opensearch_sql_ppl_dialect.cpp#kPatterns:opensearch_sql_ppl.cluster.get;intake_id=FSC-INTAKE-COMPATIBILITY-0068;source_family=cluster_topology_or_control;compatibility_parser_isolation=own_surface_only,sblr.cluster.report.v3:cluster.admin.inspect_status,compile_flag_disabled_returns_functionality_unsupported;public_stub_enabled_returns_functionality_unlicensed;private_provider_required_for_execution
opensearch,opensearch_sql_ppl.cluster.post,cluster.job.start_controlled,source_search_key=project/src/parsers/compatibility/opensearch_sql_ppl/opensearch_sql_ppl_dialect.cpp#kPatterns:opensearch_sql_ppl.cluster.post;intake_id=FSC-INTAKE-COMPATIBILITY-0069;source_family=cluster_topology_or_control;compatibility_parser_isolation=own_surface_only,sblr.cluster.control.v3:cluster.job.start_controlled,compile_flag_disabled_returns_functionality_unsupported;public_stub_enabled_returns_functionality_unlicensed;private_provider_required_for_execution
opensearch,builtin_function_surface:rest_dsl,cluster.job.start_controlled,source_search_key=project/src/parsers/compatibility/opensearch_sql_ppl/opensearch_sql_ppl_dialect.cpp#kBuiltinSurfaces:rest_dsl;intake_id=FSC-INTAKE-COMPATIBILITY-0070;source_family=cluster_topology_or_control;compatibility_parser_isolation=own_surface_only,sblr.cluster.control.v3:cluster.job.start_controlled,compile_flag_disabled_returns_functionality_unsupported;public_stub_enabled_returns_functionality_unlicensed;private_provider_required_for_execution
opensearch,catalog_overlay_surface:stats,cluster.admin.inspect_status,source_search_key=project/src/parsers/compatibility/opensearch_sql_ppl/opensearch_sql_ppl_dialect.cpp#kCatalogSurfaces:stats;intake_id=FSC-INTAKE-COMPATIBILITY-0071;source_family=cluster_topology_or_control;compatibility_parser_isolation=own_surface_only,sblr.cluster.report.v3:cluster.admin.inspect_status,compile_flag_disabled_returns_functionality_unsupported;public_stub_enabled_returns_functionality_unlicensed;private_provider_required_for_execution
postgresql,postgresql.replication.publication.create,cluster.replication.consume_cluster_event,source_search_key=project/src/parsers/compatibility/postgresql/postgresql_dialect.cpp#kPatterns:postgresql.replication.publication.create;intake_id=FSC-INTAKE-COMPATIBILITY-0072;source_family=replication_control;compatibility_parser_isolation=own_surface_only,sblr.replication.consumer.v3:cluster.replication.consume_cluster_event,compile_flag_disabled_returns_functionality_unsupported;public_stub_enabled_returns_functionality_unlicensed;private_provider_required_for_execution
postgresql,postgresql.replication.subscription.create,cluster.replication.consume_cluster_event,source_search_key=project/src/parsers/compatibility/postgresql/postgresql_dialect.cpp#kPatterns:postgresql.replication.subscription.create;intake_id=FSC-INTAKE-COMPATIBILITY-0073;source_family=replication_control;compatibility_parser_isolation=own_surface_only,sblr.replication.consumer.v3:cluster.replication.consume_cluster_event,compile_flag_disabled_returns_functionality_unsupported;public_stub_enabled_returns_functionality_unlicensed;private_provider_required_for_execution
postgresql,postgresql.replication.subscription.alter,cluster.replication.consume_cluster_event,source_search_key=project/src/parsers/compatibility/postgresql/postgresql_dialect.cpp#kPatterns:postgresql.replication.subscription.alter;intake_id=FSC-INTAKE-COMPATIBILITY-0074;source_family=replication_control;compatibility_parser_isolation=own_surface_only,sblr.replication.consumer.v3:cluster.replication.consume_cluster_event,compile_flag_disabled_returns_functionality_unsupported;public_stub_enabled_returns_functionality_unlicensed;private_provider_required_for_execution
postgresql,postgresql.replication.subscription.drop,cluster.replication.consume_cluster_event,source_search_key=project/src/parsers/compatibility/postgresql/postgresql_dialect.cpp#kPatterns:postgresql.replication.subscription.drop;intake_id=FSC-INTAKE-COMPATIBILITY-0075;source_family=replication_control;compatibility_parser_isolation=own_surface_only,sblr.replication.consumer.v3:cluster.replication.consume_cluster_event,compile_flag_disabled_returns_functionality_unsupported;public_stub_enabled_returns_functionality_unlicensed;private_provider_required_for_execution
postgresql,postgresql.maintenance.cluster,cluster.admin.run_maintenance,source_search_key=project/src/parsers/compatibility/postgresql/postgresql_dialect.cpp#kPatterns:postgresql.maintenance.cluster;intake_id=FSC-INTAKE-COMPATIBILITY-0076;source_family=cluster_topology_or_control;compatibility_parser_isolation=own_surface_only,sblr.cluster.control.v3:cluster.admin.run_maintenance,compile_flag_disabled_returns_functionality_unsupported;public_stub_enabled_returns_functionality_unlicensed;private_provider_required_for_execution
postgresql,catalog_overlay_surface:replication,cluster.replication.consume_cluster_event,source_search_key=project/src/parsers/compatibility/postgresql/postgresql_dialect.cpp#kCatalogSurfaces:replication;intake_id=FSC-INTAKE-COMPATIBILITY-0077;source_family=replication_control;compatibility_parser_isolation=own_surface_only,sblr.replication.consumer.v3:cluster.replication.consume_cluster_event,compile_flag_disabled_returns_functionality_unsupported;public_stub_enabled_returns_functionality_unlicensed;private_provider_required_for_execution
postgresql,diagnostic_surface:replication,cluster.metrics.snapshot,source_search_key=project/src/parsers/compatibility/postgresql/postgresql_dialect.cpp#kDiagnosticSurfaces:replication;intake_id=FSC-INTAKE-COMPATIBILITY-0078;source_family=replication_control;compatibility_parser_isolation=own_surface_only,sblr.cluster.report.v3:cluster.metrics.snapshot,compile_flag_disabled_returns_functionality_unsupported;public_stub_enabled_returns_functionality_unlicensed;private_provider_required_for_execution
redis,redis.cluster.command,cluster.job.start_controlled,source_search_key=project/src/parsers/compatibility/redis/redis_dialect.cpp#kPatterns:redis.cluster.command;intake_id=FSC-INTAKE-COMPATIBILITY-0079;source_family=cluster_topology_or_control;compatibility_parser_isolation=own_surface_only,sblr.cluster.control.v3:cluster.job.start_controlled,compile_flag_disabled_returns_functionality_unsupported;public_stub_enabled_returns_functionality_unlicensed;private_provider_required_for_execution
redis,redis.replication.replicaof,cluster.replication.consume_cluster_event,source_search_key=project/src/parsers/compatibility/redis/redis_dialect.cpp#kPatterns:redis.replication.replicaof;intake_id=FSC-INTAKE-COMPATIBILITY-0080;source_family=replication_control;compatibility_parser_isolation=own_surface_only,sblr.replication.consumer.v3:cluster.replication.consume_cluster_event,compile_flag_disabled_returns_functionality_unsupported;public_stub_enabled_returns_functionality_unlicensed;private_provider_required_for_execution
redis,redis.replication.slaveof,cluster.replication.consume_cluster_event,source_search_key=project/src/parsers/compatibility/redis/redis_dialect.cpp#kPatterns:redis.replication.slaveof;intake_id=FSC-INTAKE-COMPATIBILITY-0081;source_family=replication_control;compatibility_parser_isolation=own_surface_only,sblr.replication.consumer.v3:cluster.replication.consume_cluster_event,compile_flag_disabled_returns_functionality_unsupported;public_stub_enabled_returns_functionality_unlicensed;private_provider_required_for_execution
redis,catalog_overlay_surface:cluster,cluster.job.start_controlled,source_search_key=project/src/parsers/compatibility/redis/redis_dialect.cpp#kCatalogSurfaces:cluster;intake_id=FSC-INTAKE-COMPATIBILITY-0082;source_family=cluster_topology_or_control;compatibility_parser_isolation=own_surface_only,sblr.cluster.control.v3:cluster.job.start_controlled,compile_flag_disabled_returns_functionality_unsupported;public_stub_enabled_returns_functionality_unlicensed;private_provider_required_for_execution
tidb,tidb.placement.split_table,cluster.security.validate_policy_version,source_search_key=project/src/parsers/compatibility/tidb/tidb_dialect.cpp#kPatterns:tidb.placement.split_table;intake_id=FSC-INTAKE-COMPATIBILITY-0083;source_family=placement_policy;compatibility_parser_isolation=own_surface_only,required_new:sblr.cluster.security.v1:cluster.security.validate_policy_version,compile_flag_disabled_returns_functionality_unsupported;public_stub_enabled_returns_functionality_unlicensed;private_provider_required_for_execution
tidb,tidb.placement.policy.create,cluster.security.validate_policy_version,source_search_key=project/src/parsers/compatibility/tidb/tidb_dialect.cpp#kPatterns:tidb.placement.policy.create;intake_id=FSC-INTAKE-COMPATIBILITY-0084;source_family=placement_policy;compatibility_parser_isolation=own_surface_only,required_new:sblr.cluster.security.v1:cluster.security.validate_policy_version,compile_flag_disabled_returns_functionality_unsupported;public_stub_enabled_returns_functionality_unlicensed;private_provider_required_for_execution
tidb,tidb.placement.policy.alter,cluster.security.validate_policy_version,source_search_key=project/src/parsers/compatibility/tidb/tidb_dialect.cpp#kPatterns:tidb.placement.policy.alter;intake_id=FSC-INTAKE-COMPATIBILITY-0085;source_family=placement_policy;compatibility_parser_isolation=own_surface_only,required_new:sblr.cluster.security.v1:cluster.security.validate_policy_version,compile_flag_disabled_returns_functionality_unsupported;public_stub_enabled_returns_functionality_unlicensed;private_provider_required_for_execution
tidb,tidb.placement.policy.drop,cluster.security.validate_policy_version,source_search_key=project/src/parsers/compatibility/tidb/tidb_dialect.cpp#kPatterns:tidb.placement.policy.drop;intake_id=FSC-INTAKE-COMPATIBILITY-0086;source_family=placement_policy;compatibility_parser_isolation=own_surface_only,required_new:sblr.cluster.security.v1:cluster.security.validate_policy_version,compile_flag_disabled_returns_functionality_unsupported;public_stub_enabled_returns_functionality_unlicensed;private_provider_required_for_execution
tidb,catalog_overlay_surface:cluster_info,cluster.job.start_controlled,source_search_key=project/src/parsers/compatibility/tidb/tidb_dialect.cpp#kCatalogSurfaces:cluster_info;intake_id=FSC-INTAKE-COMPATIBILITY-0087;source_family=cluster_topology_or_control;compatibility_parser_isolation=own_surface_only,sblr.cluster.control.v3:cluster.job.start_controlled,compile_flag_disabled_returns_functionality_unsupported;public_stub_enabled_returns_functionality_unlicensed;private_provider_required_for_execution
tikv,tikv.admin.split_region,cluster.placement.place_object,source_search_key=project/src/parsers/compatibility/tikv/tikv_dialect.cpp#kPatterns:tikv.admin.split_region;intake_id=FSC-INTAKE-COMPATIBILITY-0088;source_family=cluster_topology_or_control;compatibility_parser_isolation=own_surface_only,sblr.cluster.control.v3:cluster.placement.place_object,compile_flag_disabled_returns_functionality_unsupported;public_stub_enabled_returns_functionality_unlicensed;private_provider_required_for_execution
tikv,tikv.admin.merge_region,cluster.reconcile.apply_merge_policy,source_search_key=project/src/parsers/compatibility/tikv/tikv_dialect.cpp#kPatterns:tikv.admin.merge_region;intake_id=FSC-INTAKE-COMPATIBILITY-0089;source_family=cluster_topology_or_control;compatibility_parser_isolation=own_surface_only,required_new:sblr.cluster.reconciliation.v1:cluster.reconcile.apply_merge_policy,compile_flag_disabled_returns_functionality_unsupported;public_stub_enabled_returns_functionality_unlicensed;private_provider_required_for_execution
tikv,tikv.admin.transfer_leader,cluster.node.set_role,source_search_key=project/src/parsers/compatibility/tikv/tikv_dialect.cpp#kPatterns:tikv.admin.transfer_leader;intake_id=FSC-INTAKE-COMPATIBILITY-0090;source_family=cluster_topology_or_control;compatibility_parser_isolation=own_surface_only,sblr.cluster.control.v3:cluster.node.set_role,compile_flag_disabled_returns_functionality_unsupported;public_stub_enabled_returns_functionality_unlicensed;private_provider_required_for_execution
tikv,tikv.admin.change_peer,cluster.job.start_controlled,source_search_key=project/src/parsers/compatibility/tikv/tikv_dialect.cpp#kPatterns:tikv.admin.change_peer;intake_id=FSC-INTAKE-COMPATIBILITY-0091;source_family=cluster_topology_or_control;compatibility_parser_isolation=own_surface_only,sblr.cluster.control.v3:cluster.job.start_controlled,compile_flag_disabled_returns_functionality_unsupported;public_stub_enabled_returns_functionality_unlicensed;private_provider_required_for_execution
tikv,tikv.admin.pd_request,cluster.job.start_controlled,source_search_key=project/src/parsers/compatibility/tikv/tikv_dialect.cpp#kPatterns:tikv.admin.pd_request;intake_id=FSC-INTAKE-COMPATIBILITY-0092;source_family=cluster_topology_or_control;compatibility_parser_isolation=own_surface_only,sblr.cluster.control.v3:cluster.job.start_controlled,compile_flag_disabled_returns_functionality_unsupported;public_stub_enabled_returns_functionality_unlicensed;private_provider_required_for_execution
tikv,builtin_function_surface:cluster,cluster.job.start_controlled,source_search_key=project/src/parsers/compatibility/tikv/tikv_dialect.cpp#kBuiltinSurfaces:cluster;intake_id=FSC-INTAKE-COMPATIBILITY-0093;source_family=cluster_topology_or_control;compatibility_parser_isolation=own_surface_only,sblr.cluster.control.v3:cluster.job.start_controlled,compile_flag_disabled_returns_functionality_unsupported;public_stub_enabled_returns_functionality_unlicensed;private_provider_required_for_execution
vitess,vitess.topology.reparent,cluster.job.start_controlled,source_search_key=project/src/parsers/compatibility/vitess/vitess_dialect.cpp#kPatterns:vitess.topology.reparent;intake_id=FSC-INTAKE-COMPATIBILITY-0094;source_family=cluster_control;compatibility_parser_isolation=own_surface_only,sblr.cluster.control.v3:cluster.job.start_controlled,compile_flag_disabled_returns_functionality_unsupported;public_stub_enabled_returns_functionality_unlicensed;private_provider_required_for_execution
vitess,vitess.topology.command,cluster.job.start_controlled,source_search_key=project/src/parsers/compatibility/vitess/vitess_dialect.cpp#kPatterns:vitess.topology.command;intake_id=FSC-INTAKE-COMPATIBILITY-0095;source_family=cluster_control;compatibility_parser_isolation=own_surface_only,sblr.cluster.control.v3:cluster.job.start_controlled,compile_flag_disabled_returns_functionality_unsupported;public_stub_enabled_returns_functionality_unlicensed;private_provider_required_for_execution
vitess,vitess.vreplication.move_tables,cluster.replication.consume_cluster_event,source_search_key=project/src/parsers/compatibility/vitess/vitess_dialect.cpp#kPatterns:vitess.vreplication.move_tables;intake_id=FSC-INTAKE-COMPATIBILITY-0096;source_family=replication_control;compatibility_parser_isolation=own_surface_only,sblr.replication.consumer.v3:cluster.replication.consume_cluster_event,compile_flag_disabled_returns_functionality_unsupported;public_stub_enabled_returns_functionality_unlicensed;private_provider_required_for_execution
vitess,vitess.vreplication.reshard,cluster.replication.consume_cluster_event,source_search_key=project/src/parsers/compatibility/vitess/vitess_dialect.cpp#kPatterns:vitess.vreplication.reshard;intake_id=FSC-INTAKE-COMPATIBILITY-0097;source_family=replication_control;compatibility_parser_isolation=own_surface_only,sblr.replication.consumer.v3:cluster.replication.consume_cluster_event,compile_flag_disabled_returns_functionality_unsupported;public_stub_enabled_returns_functionality_unlicensed;private_provider_required_for_execution
vitess,vitess.vreplication.vdiff,cluster.replication.consume_cluster_event,source_search_key=project/src/parsers/compatibility/vitess/vitess_dialect.cpp#kPatterns:vitess.vreplication.vdiff;intake_id=FSC-INTAKE-COMPATIBILITY-0098;source_family=replication_control;compatibility_parser_isolation=own_surface_only,sblr.replication.consumer.v3:cluster.replication.consume_cluster_event,compile_flag_disabled_returns_functionality_unsupported;public_stub_enabled_returns_functionality_unlicensed;private_provider_required_for_execution
vitess,catalog_overlay_surface:vreplication,cluster.replication.consume_cluster_event,source_search_key=project/src/parsers/compatibility/vitess/vitess_dialect.cpp#kCatalogSurfaces:vreplication;intake_id=FSC-INTAKE-COMPATIBILITY-0099;source_family=replication_control;compatibility_parser_isolation=own_surface_only,sblr.replication.consumer.v3:cluster.replication.consume_cluster_event,compile_flag_disabled_returns_functionality_unsupported;public_stub_enabled_returns_functionality_unlicensed;private_provider_required_for_execution
vitess,diagnostic_surface:topology,cluster.metrics.snapshot,source_search_key=project/src/parsers/compatibility/vitess/vitess_dialect.cpp#kDiagnosticSurfaces:topology;intake_id=FSC-INTAKE-COMPATIBILITY-0100;source_family=cluster_control;compatibility_parser_isolation=own_surface_only,sblr.cluster.report.v3:cluster.metrics.snapshot,compile_flag_disabled_returns_functionality_unsupported;public_stub_enabled_returns_functionality_unlicensed;private_provider_required_for_execution
vitess,diagnostic_surface:vreplication,cluster.metrics.snapshot,source_search_key=project/src/parsers/compatibility/vitess/vitess_dialect.cpp#kDiagnosticSurfaces:vreplication;intake_id=FSC-INTAKE-COMPATIBILITY-0101;source_family=replication_control;compatibility_parser_isolation=own_surface_only,sblr.cluster.report.v3:cluster.metrics.snapshot,compile_flag_disabled_returns_functionality_unsupported;public_stub_enabled_returns_functionality_unlicensed;private_provider_required_for_execution
xtdb,xtdb.cluster.control,cluster.job.start_controlled,source_search_key=project/src/parsers/compatibility/xtdb/xtdb_dialect.cpp#kPatterns:xtdb.cluster.control;intake_id=FSC-INTAKE-COMPATIBILITY-0102;source_family=cluster_topology_or_control;compatibility_parser_isolation=own_surface_only,sblr.cluster.control.v3:cluster.job.start_controlled,compile_flag_disabled_returns_functionality_unsupported;public_stub_enabled_returns_functionality_unlicensed;private_provider_required_for_execution
xtdb,xtdb.node.control,cluster.node.admit_member,source_search_key=project/src/parsers/compatibility/xtdb/xtdb_dialect.cpp#kPatterns:xtdb.node.control;intake_id=FSC-INTAKE-COMPATIBILITY-0103;source_family=cluster_topology_or_control;compatibility_parser_isolation=own_surface_only,sblr.cluster.control.v3:cluster.node.admit_member,compile_flag_disabled_returns_functionality_unsupported;public_stub_enabled_returns_functionality_unlicensed;private_provider_required_for_execution
xtdb,builtin_function_surface:cluster,cluster.job.start_controlled,source_search_key=project/src/parsers/compatibility/xtdb/xtdb_dialect.cpp#kBuiltinSurfaces:cluster;intake_id=FSC-INTAKE-COMPATIBILITY-0104;source_family=cluster_topology_or_control;compatibility_parser_isolation=own_surface_only,sblr.cluster.control.v3:cluster.job.start_controlled,compile_flag_disabled_returns_functionality_unsupported;public_stub_enabled_returns_functionality_unlicensed;private_provider_required_for_execution
yugabytedb,builtin_function_surface:cdc,cluster.metrics.emit_event,source_search_key=project/src/parsers/compatibility/yugabytedb/yugabytedb_dialect.cpp#kBuiltinSurfaces:cdc;intake_id=FSC-INTAKE-COMPATIBILITY-0105;source_family=cluster_topology_or_control;compatibility_parser_isolation=own_surface_only,sblr.cluster.report.v3:cluster.metrics.emit_event,compile_flag_disabled_returns_functionality_unsupported;public_stub_enabled_returns_functionality_unlicensed;private_provider_required_for_execution
yugabytedb,catalog_overlay_surface:xcluster,cluster.job.start_controlled,source_search_key=project/src/parsers/compatibility/yugabytedb/yugabytedb_dialect.cpp#kCatalogSurfaces:xcluster;intake_id=FSC-INTAKE-COMPATIBILITY-0106;source_family=cluster_topology_or_control;compatibility_parser_isolation=own_surface_only,sblr.cluster.control.v3:cluster.job.start_controlled,compile_flag_disabled_returns_functionality_unsupported;public_stub_enabled_returns_functionality_unlicensed;private_provider_required_for_execution
apache_ignite,udr_management_operation_set,cluster.replication.consume_cluster_event,source_search_key=project/src/udr/sbu_apache_ignite_parser_support/sbu_apache_ignite_parser_support.cpp#kManagementOperations;intake_id=FSC-INTAKE-COMPATIBILITY-0107;source_family=replication_control;compatibility_parser_isolation=own_surface_only,sblr.replication.consumer.v3:cluster.replication.consume_cluster_event,compile_flag_disabled_returns_functionality_unsupported;public_stub_enabled_returns_functionality_unlicensed;private_provider_required_for_execution
cassandra,udr_management_operation_set,cluster.replication.consume_cluster_event,source_search_key=project/src/udr/sbu_cassandra_parser_support/sbu_cassandra_parser_support.cpp#kManagementOperations;intake_id=FSC-INTAKE-COMPATIBILITY-0108;source_family=replication_control;compatibility_parser_isolation=own_surface_only,sblr.replication.consumer.v3:cluster.replication.consume_cluster_event,compile_flag_disabled_returns_functionality_unsupported;public_stub_enabled_returns_functionality_unlicensed;private_provider_required_for_execution
clickhouse,udr_management_operation_set,cluster.replication.consume_cluster_event,source_search_key=project/src/udr/sbu_clickhouse_parser_support/sbu_clickhouse_parser_support.cpp#kManagementOperations;intake_id=FSC-INTAKE-COMPATIBILITY-0109;source_family=replication_control;compatibility_parser_isolation=own_surface_only,sblr.replication.consumer.v3:cluster.replication.consume_cluster_event,compile_flag_disabled_returns_functionality_unsupported;public_stub_enabled_returns_functionality_unlicensed;private_provider_required_for_execution
cockroachdb,udr_management_operation_set,cluster.replication.consume_cluster_event,source_search_key=project/src/udr/sbu_cockroachdb_parser_support/sbu_cockroachdb_parser_support.cpp#kManagementOperations;intake_id=FSC-INTAKE-COMPATIBILITY-0110;source_family=replication_control;compatibility_parser_isolation=own_surface_only,sblr.replication.consumer.v3:cluster.replication.consume_cluster_event,compile_flag_disabled_returns_functionality_unsupported;public_stub_enabled_returns_functionality_unlicensed;private_provider_required_for_execution
dolt,udr_management_operation_set,cluster.replication.consume_cluster_event,source_search_key=project/src/udr/sbu_dolt_parser_support/sbu_dolt_parser_support.cpp#kManagementOperations;intake_id=FSC-INTAKE-COMPATIBILITY-0111;source_family=replication_control;compatibility_parser_isolation=own_surface_only,sblr.replication.consumer.v3:cluster.replication.consume_cluster_event,compile_flag_disabled_returns_functionality_unsupported;public_stub_enabled_returns_functionality_unlicensed;private_provider_required_for_execution
duckdb,udr_management_operation_set,cluster.replication.consume_cluster_event,source_search_key=project/src/udr/sbu_duckdb_parser_support/sbu_duckdb_parser_support.cpp#kManagementOperations;intake_id=FSC-INTAKE-COMPATIBILITY-0112;source_family=replication_control;compatibility_parser_isolation=own_surface_only,sblr.replication.consumer.v3:cluster.replication.consume_cluster_event,compile_flag_disabled_returns_functionality_unsupported;public_stub_enabled_returns_functionality_unlicensed;private_provider_required_for_execution
firebird,udr_management_operation_set,cluster.replication.consume_cluster_event,source_search_key=project/src/udr/sbu_firebird_parser_support/sbu_firebird_parser_support.cpp#kManagementOperations;intake_id=FSC-INTAKE-COMPATIBILITY-0113;source_family=replication_control;compatibility_parser_isolation=own_surface_only,sblr.replication.consumer.v3:cluster.replication.consume_cluster_event,compile_flag_disabled_returns_functionality_unsupported;public_stub_enabled_returns_functionality_unlicensed;private_provider_required_for_execution
foundationdb,udr_management_operation_set,cluster.replication.consume_cluster_event,source_search_key=project/src/udr/sbu_foundationdb_parser_support/sbu_foundationdb_parser_support.cpp#kManagementOperations;intake_id=FSC-INTAKE-COMPATIBILITY-0114;source_family=replication_control;compatibility_parser_isolation=own_surface_only,sblr.replication.consumer.v3:cluster.replication.consume_cluster_event,compile_flag_disabled_returns_functionality_unsupported;public_stub_enabled_returns_functionality_unlicensed;private_provider_required_for_execution
immudb,udr_management_operation_set,cluster.replication.consume_cluster_event,source_search_key=project/src/udr/sbu_immudb_parser_support/sbu_immudb_parser_support.cpp#kManagementOperations;intake_id=FSC-INTAKE-COMPATIBILITY-0115;source_family=replication_control;compatibility_parser_isolation=own_surface_only,sblr.replication.consumer.v3:cluster.replication.consume_cluster_event,compile_flag_disabled_returns_functionality_unsupported;public_stub_enabled_returns_functionality_unlicensed;private_provider_required_for_execution
influxdb,udr_management_operation_set,cluster.replication.consume_cluster_event,source_search_key=project/src/udr/sbu_influxdb_parser_support/sbu_influxdb_parser_support.cpp#kManagementOperations;intake_id=FSC-INTAKE-COMPATIBILITY-0116;source_family=replication_control;compatibility_parser_isolation=own_surface_only,sblr.replication.consumer.v3:cluster.replication.consume_cluster_event,compile_flag_disabled_returns_functionality_unsupported;public_stub_enabled_returns_functionality_unlicensed;private_provider_required_for_execution
mariadb,udr_management_operation_set,cluster.replication.consume_cluster_event,source_search_key=project/src/udr/sbu_mariadb_parser_support/sbu_mariadb_parser_support.cpp#kManagementOperations;intake_id=FSC-INTAKE-COMPATIBILITY-0117;source_family=replication_control;compatibility_parser_isolation=own_surface_only,sblr.replication.consumer.v3:cluster.replication.consume_cluster_event,compile_flag_disabled_returns_functionality_unsupported;public_stub_enabled_returns_functionality_unlicensed;private_provider_required_for_execution
milvus,udr_management_operation_set,cluster.replication.consume_cluster_event,source_search_key=project/src/udr/sbu_milvus_parser_support/sbu_milvus_parser_support.cpp#kManagementOperations;intake_id=FSC-INTAKE-COMPATIBILITY-0118;source_family=replication_control;compatibility_parser_isolation=own_surface_only,sblr.replication.consumer.v3:cluster.replication.consume_cluster_event,compile_flag_disabled_returns_functionality_unsupported;public_stub_enabled_returns_functionality_unlicensed;private_provider_required_for_execution
mongodb,udr_management_operation_set,cluster.replication.consume_cluster_event,source_search_key=project/src/udr/sbu_mongodb_parser_support/sbu_mongodb_parser_support.cpp#kManagementOperations;intake_id=FSC-INTAKE-COMPATIBILITY-0119;source_family=replication_control;compatibility_parser_isolation=own_surface_only,sblr.replication.consumer.v3:cluster.replication.consume_cluster_event,compile_flag_disabled_returns_functionality_unsupported;public_stub_enabled_returns_functionality_unlicensed;private_provider_required_for_execution
mysql,udr_management_operation_set,cluster.replication.consume_cluster_event,source_search_key=project/src/udr/sbu_mysql_parser_support/sbu_mysql_parser_support.cpp#kManagementOperations;intake_id=FSC-INTAKE-COMPATIBILITY-0120;source_family=replication_control;compatibility_parser_isolation=own_surface_only,sblr.replication.consumer.v3:cluster.replication.consume_cluster_event,compile_flag_disabled_returns_functionality_unsupported;public_stub_enabled_returns_functionality_unlicensed;private_provider_required_for_execution
neo4j,udr_management_operation_set,cluster.replication.consume_cluster_event,source_search_key=project/src/udr/sbu_neo4j_parser_support/sbu_neo4j_parser_support.cpp#kManagementOperations;intake_id=FSC-INTAKE-COMPATIBILITY-0121;source_family=replication_control;compatibility_parser_isolation=own_surface_only,sblr.replication.consumer.v3:cluster.replication.consume_cluster_event,compile_flag_disabled_returns_functionality_unsupported;public_stub_enabled_returns_functionality_unlicensed;private_provider_required_for_execution
opensearch,udr_management_operation_set,cluster.replication.consume_cluster_event,source_search_key=project/src/udr/sbu_opensearch_parser_support/sbu_opensearch_parser_support.cpp#kManagementOperations;intake_id=FSC-INTAKE-COMPATIBILITY-0122;source_family=replication_control;compatibility_parser_isolation=own_surface_only,sblr.replication.consumer.v3:cluster.replication.consume_cluster_event,compile_flag_disabled_returns_functionality_unsupported;public_stub_enabled_returns_functionality_unlicensed;private_provider_required_for_execution
opensearch,udr_management_operation_set,cluster.replication.consume_cluster_event,source_search_key=project/src/udr/sbu_opensearch_sql_ppl_parser_support/sbu_opensearch_sql_ppl_parser_support.cpp#kManagementOperations;intake_id=FSC-INTAKE-COMPATIBILITY-0123;source_family=replication_control;compatibility_parser_isolation=own_surface_only,sblr.replication.consumer.v3:cluster.replication.consume_cluster_event,compile_flag_disabled_returns_functionality_unsupported;public_stub_enabled_returns_functionality_unlicensed;private_provider_required_for_execution
postgresql,udr_management_operation_set,cluster.replication.consume_cluster_event,source_search_key=project/src/udr/sbu_postgresql_parser_support/sbu_postgresql_parser_support.cpp#kManagementOperations;intake_id=FSC-INTAKE-COMPATIBILITY-0124;source_family=replication_control;compatibility_parser_isolation=own_surface_only,sblr.replication.consumer.v3:cluster.replication.consume_cluster_event,compile_flag_disabled_returns_functionality_unsupported;public_stub_enabled_returns_functionality_unlicensed;private_provider_required_for_execution
redis,udr_management_operation_set,cluster.replication.consume_cluster_event,source_search_key=project/src/udr/sbu_redis_parser_support/sbu_redis_parser_support.cpp#kManagementOperations;intake_id=FSC-INTAKE-COMPATIBILITY-0125;source_family=replication_control;compatibility_parser_isolation=own_surface_only,sblr.replication.consumer.v3:cluster.replication.consume_cluster_event,compile_flag_disabled_returns_functionality_unsupported;public_stub_enabled_returns_functionality_unlicensed;private_provider_required_for_execution
sqlite,udr_management_operation_set,cluster.replication.consume_cluster_event,source_search_key=project/src/udr/sbu_sqlite_parser_support/sbu_sqlite_parser_support.cpp#kManagementOperations;intake_id=FSC-INTAKE-COMPATIBILITY-0126;source_family=replication_control;compatibility_parser_isolation=own_surface_only,sblr.replication.consumer.v3:cluster.replication.consume_cluster_event,compile_flag_disabled_returns_functionality_unsupported;public_stub_enabled_returns_functionality_unlicensed;private_provider_required_for_execution
tidb,udr_management_operation_set,cluster.replication.consume_cluster_event,source_search_key=project/src/udr/sbu_tidb_parser_support/sbu_tidb_parser_support.cpp#kManagementOperations;intake_id=FSC-INTAKE-COMPATIBILITY-0127;source_family=replication_control;compatibility_parser_isolation=own_surface_only,sblr.replication.consumer.v3:cluster.replication.consume_cluster_event,compile_flag_disabled_returns_functionality_unsupported;public_stub_enabled_returns_functionality_unlicensed;private_provider_required_for_execution
tikv,udr_management_operation_set,cluster.replication.consume_cluster_event,source_search_key=project/src/udr/sbu_tikv_parser_support/sbu_tikv_parser_support.cpp#kManagementOperations;intake_id=FSC-INTAKE-COMPATIBILITY-0128;source_family=replication_control;compatibility_parser_isolation=own_surface_only,sblr.replication.consumer.v3:cluster.replication.consume_cluster_event,compile_flag_disabled_returns_functionality_unsupported;public_stub_enabled_returns_functionality_unlicensed;private_provider_required_for_execution
vitess,udr_management_operation_set,cluster.replication.consume_cluster_event,source_search_key=project/src/udr/sbu_vitess_parser_support/sbu_vitess_parser_support.cpp#kManagementOperations;intake_id=FSC-INTAKE-COMPATIBILITY-0129;source_family=replication_control;compatibility_parser_isolation=own_surface_only,sblr.replication.consumer.v3:cluster.replication.consume_cluster_event,compile_flag_disabled_returns_functionality_unsupported;public_stub_enabled_returns_functionality_unlicensed;private_provider_required_for_execution
xtdb,udr_management_operation_set,cluster.replication.consume_cluster_event,source_search_key=project/src/udr/sbu_xtdb_parser_support/sbu_xtdb_parser_support.cpp#kManagementOperations;intake_id=FSC-INTAKE-COMPATIBILITY-0130;source_family=replication_control;compatibility_parser_isolation=own_surface_only,sblr.replication.consumer.v3:cluster.replication.consume_cluster_event,compile_flag_disabled_returns_functionality_unsupported;public_stub_enabled_returns_functionality_unlicensed;private_provider_required_for_execution
yugabytedb,udr_management_operation_set,cluster.replication.consume_cluster_event,source_search_key=project/src/udr/sbu_yugabytedb_parser_support/sbu_yugabytedb_parser_support.cpp#kManagementOperations;intake_id=FSC-INTAKE-COMPATIBILITY-0131;source_family=replication_control;compatibility_parser_isolation=own_surface_only,sblr.replication.consumer.v3:cluster.replication.consume_cluster_event,compile_flag_disabled_returns_functionality_unsupported;public_stub_enabled_returns_functionality_unlicensed;private_provider_required_for_execution
apache_ignite,reference_surface:cluster_topology_or_control,cluster.job.start_controlled,source_search_key=docs/reference/compatibility-engines/apache_ignite/capability-summary.md#keyword:cluster;intake_id=FSC-INTAKE-COMPATIBILITY-0132;source_family=cluster_topology_or_control;compatibility_parser_isolation=own_surface_only,sblr.cluster.control.v3:cluster.job.start_controlled,compile_flag_disabled_returns_functionality_unsupported;public_stub_enabled_returns_functionality_unlicensed;private_provider_required_for_execution
apache_ignite,reference_surface:partition_distribution,cluster.placement.validate_partition_distribution,source_search_key=docs/reference/compatibility-engines/apache_ignite/capability-summary.md#keyword:partition;intake_id=FSC-INTAKE-COMPATIBILITY-0133;source_family=partition_distribution;compatibility_parser_isolation=own_surface_only,required_new:sblr.cluster.placement.v1:cluster.placement.validate_partition_distribution,compile_flag_disabled_returns_functionality_unsupported;public_stub_enabled_returns_functionality_unlicensed;private_provider_required_for_execution
apache_ignite,reference_surface:cdc_stream,cluster.metrics.emit_event,source_search_key=docs/reference/compatibility_catalog_seeds/apache_ignite/apache_ignite_beta2_full_seed_manifest.yaml#keyword:cdc;intake_id=FSC-INTAKE-COMPATIBILITY-0134;source_family=cdc_stream;compatibility_parser_isolation=own_surface_only,sblr.cluster.report.v3:cluster.metrics.emit_event,compile_flag_disabled_returns_functionality_unsupported;public_stub_enabled_returns_functionality_unlicensed;private_provider_required_for_execution
apache_ignite,reference_surface:distributed_execution_or_control,cluster.query.plan_distributed,source_search_key=docs/reference/compatibility_release_acquisition/apache_ignite/2.17.0/release-notes/RELEASE_NOTES_SOURCE.md#keyword:distributed;intake_id=FSC-INTAKE-COMPATIBILITY-0135;source_family=distributed_execution_or_control;compatibility_parser_isolation=own_surface_only,required_new:sblr.cluster.query.v1:cluster.query.plan_distributed,compile_flag_disabled_returns_functionality_unsupported;public_stub_enabled_returns_functionality_unlicensed;private_provider_required_for_execution
apache_ignite,reference_surface:raft_consensus,cluster.tx.validate_finality_proof,source_search_key=docs/reference/compatibility_release_acquisition/apache_ignite/2.17.0/source/README.txt#keyword:raft;intake_id=FSC-INTAKE-COMPATIBILITY-0136;source_family=raft_consensus;compatibility_parser_isolation=own_surface_only,required_new:sblr.cluster.transaction.v1:cluster.tx.validate_finality_proof,compile_flag_disabled_returns_functionality_unsupported;public_stub_enabled_returns_functionality_unlicensed;private_provider_required_for_execution
apache_ignite,reference_surface:replication_control,cluster.replication.consume_cluster_event,source_search_key=docs/reference/compatibility_release_acquisition/apache_ignite/2.17.0/source/RELEASE_NOTES.txt#keyword:replication;intake_id=FSC-INTAKE-COMPATIBILITY-0137;source_family=replication_control;compatibility_parser_isolation=own_surface_only,sblr.replication.consumer.v3:cluster.replication.consume_cluster_event,compile_flag_disabled_returns_functionality_unsupported;public_stub_enabled_returns_functionality_unlicensed;private_provider_required_for_execution
apache_ignite,reference_surface:range_placement,cluster.placement.assign_tablet_range,source_search_key=docs/reference/compatibility_release_acquisition/apache_ignite/2.17.0/source/RELEASE_NOTES.txt#keyword:range;intake_id=FSC-INTAKE-COMPATIBILITY-0138;source_family=range_placement;compatibility_parser_isolation=own_surface_only,required_new:sblr.cluster.placement.v1:cluster.placement.assign_tablet_range,compile_flag_disabled_returns_functionality_unsupported;public_stub_enabled_returns_functionality_unlicensed;private_provider_required_for_execution
apache_ignite,reference_surface:placement_policy,cluster.security.validate_policy_version,source_search_key=docs/reference/compatibility_release_acquisition/apache_ignite/2.17.0/source/RELEASE_NOTES.txt#keyword:placement;intake_id=FSC-INTAKE-COMPATIBILITY-0139;source_family=placement_policy;compatibility_parser_isolation=own_surface_only,required_new:sblr.cluster.security.v1:cluster.security.validate_policy_version,compile_flag_disabled_returns_functionality_unsupported;public_stub_enabled_returns_functionality_unlicensed;private_provider_required_for_execution
apache_ignite,reference_surface:failover_control,cluster.node.admit_member,source_search_key=docs/reference/compatibility_release_acquisition/apache_ignite/2.17.0/source/RELEASE_NOTES.txt#keyword:failover;intake_id=FSC-INTAKE-COMPATIBILITY-0140;source_family=failover_control;compatibility_parser_isolation=own_surface_only,sblr.cluster.control.v3:cluster.node.admit_member,compile_flag_disabled_returns_functionality_unsupported;public_stub_enabled_returns_functionality_unlicensed;private_provider_required_for_execution
apache_ignite,reference_surface:replica_control,cluster.tx.begin_distributed,source_search_key=docs/reference/compatibility_release_acquisition/apache_ignite/2.17.0/source/RELEASE_NOTES.txt#keyword:replica;intake_id=FSC-INTAKE-COMPATIBILITY-0141;source_family=replica_control;compatibility_parser_isolation=own_surface_only,required_new:sblr.cluster.transaction.v1:cluster.tx.begin_distributed,compile_flag_disabled_returns_functionality_unsupported;public_stub_enabled_returns_functionality_unlicensed;private_provider_required_for_execution
apache_ignite,reference_surface:leader_election,cluster.node.set_role,source_search_key=docs/reference/compatibility_release_acquisition/apache_ignite/2.17.0/source/examples/src/main/java/org/apache/ignite/examples/streaming/wordcount/alice-in-wonderland.txt#keyword:leader;intake_id=FSC-INTAKE-COMPATIBILITY-0142;source_family=leader_election;compatibility_parser_isolation=own_surface_only,sblr.cluster.control.v3:cluster.node.set_role,compile_flag_disabled_returns_functionality_unsupported;public_stub_enabled_returns_functionality_unlicensed;private_provider_required_for_execution
cassandra,reference_surface:cluster_topology_or_control,cluster.job.start_controlled,source_search_key=docs/reference/compatibility_catalog_seeds/cassandra/cassandra_5_beta2_full_seed_manifest.yaml#keyword:cluster;intake_id=FSC-INTAKE-COMPATIBILITY-0143;source_family=cluster_topology_or_control;compatibility_parser_isolation=own_surface_only,sblr.cluster.control.v3:cluster.job.start_controlled,compile_flag_disabled_returns_functionality_unsupported;public_stub_enabled_returns_functionality_unlicensed;private_provider_required_for_execution
cassandra,reference_surface:replication_control,cluster.replication.consume_cluster_event,source_search_key=docs/reference/compatibility_catalog_seeds/cassandra/cassandra_5_beta2_full_seed_manifest.yaml#keyword:replication;intake_id=FSC-INTAKE-COMPATIBILITY-0144;source_family=replication_control;compatibility_parser_isolation=own_surface_only,sblr.replication.consumer.v3:cluster.replication.consume_cluster_event,compile_flag_disabled_returns_functionality_unsupported;public_stub_enabled_returns_functionality_unlicensed;private_provider_required_for_execution
cassandra,reference_surface:cdc_stream,cluster.metrics.emit_event,source_search_key=docs/reference/compatibility_catalog_seeds/cassandra/cassandra_5_beta2_full_seed_manifest.yaml#keyword:cdc;intake_id=FSC-INTAKE-COMPATIBILITY-0145;source_family=cdc_stream;compatibility_parser_isolation=own_surface_only,sblr.cluster.report.v3:cluster.metrics.emit_event,compile_flag_disabled_returns_functionality_unsupported;public_stub_enabled_returns_functionality_unlicensed;private_provider_required_for_execution
cassandra,reference_surface:placement_policy,cluster.security.validate_policy_version,source_search_key=docs/reference/compatibility_catalog_seeds/cassandra/cassandra_5_beta2_full_seed_manifest.yaml#keyword:placement;intake_id=FSC-INTAKE-COMPATIBILITY-0146;source_family=placement_policy;compatibility_parser_isolation=own_surface_only,required_new:sblr.cluster.security.v1:cluster.security.validate_policy_version,compile_flag_disabled_returns_functionality_unsupported;public_stub_enabled_returns_functionality_unlicensed;private_provider_required_for_execution
cassandra,reference_surface:replica_control,cluster.tx.begin_distributed,source_search_key=docs/reference/compatibility_catalog_seeds/cassandra/cassandra_5_beta2_full_seed_manifest.yaml#keyword:replica;intake_id=FSC-INTAKE-COMPATIBILITY-0147;source_family=replica_control;compatibility_parser_isolation=own_surface_only,required_new:sblr.cluster.transaction.v1:cluster.tx.begin_distributed,compile_flag_disabled_returns_functionality_unsupported;public_stub_enabled_returns_functionality_unlicensed;private_provider_required_for_execution
cassandra,reference_surface:distributed_execution_or_control,cluster.query.plan_distributed,source_search_key=docs/reference/compatibility_release_acquisition/cassandra/5.0.8/license/LICENSE_SOURCE.txt#keyword:distributed;intake_id=FSC-INTAKE-COMPATIBILITY-0148;source_family=distributed_execution_or_control;compatibility_parser_isolation=own_surface_only,required_new:sblr.cluster.query.v1:cluster.query.plan_distributed,compile_flag_disabled_returns_functionality_unsupported;public_stub_enabled_returns_functionality_unlicensed;private_provider_required_for_execution
cassandra,reference_surface:shard_placement,cluster.placement.assign_tablet_range,source_search_key=docs/reference/compatibility_release_acquisition/cassandra/5.0.8/release-notes/RELEASE_NOTES_SOURCE.txt#keyword:shard;intake_id=FSC-INTAKE-COMPATIBILITY-0149;source_family=shard_placement;compatibility_parser_isolation=own_surface_only,required_new:sblr.cluster.placement.v1:cluster.placement.assign_tablet_range,compile_flag_disabled_returns_functionality_unsupported;public_stub_enabled_returns_functionality_unlicensed;private_provider_required_for_execution
cassandra,reference_surface:range_placement,cluster.placement.assign_tablet_range,source_search_key=docs/reference/compatibility_release_acquisition/cassandra/5.0.8/release-notes/RELEASE_NOTES_SOURCE.txt#keyword:range;intake_id=FSC-INTAKE-COMPATIBILITY-0150;source_family=range_placement;compatibility_parser_isolation=own_surface_only,required_new:sblr.cluster.placement.v1:cluster.placement.assign_tablet_range,compile_flag_disabled_returns_functionality_unsupported;public_stub_enabled_returns_functionality_unlicensed;private_provider_required_for_execution
cassandra,reference_surface:tablet_placement,cluster.placement.assign_tablet_range,source_search_key=docs/reference/compatibility_release_acquisition/cassandra/5.0.8/release-notes/RELEASE_NOTES_SOURCE.txt#keyword:tablet;intake_id=FSC-INTAKE-COMPATIBILITY-0151;source_family=tablet_placement;compatibility_parser_isolation=own_surface_only,required_new:sblr.cluster.placement.v1:cluster.placement.assign_tablet_range,compile_flag_disabled_returns_functionality_unsupported;public_stub_enabled_returns_functionality_unlicensed;private_provider_required_for_execution
cassandra,reference_surface:partition_distribution,cluster.placement.validate_partition_distribution,source_search_key=docs/reference/compatibility_release_acquisition/cassandra/5.0.8/release-notes/RELEASE_NOTES_SOURCE.txt#keyword:partition;intake_id=FSC-INTAKE-COMPATIBILITY-0152;source_family=partition_distribution;compatibility_parser_isolation=own_surface_only,required_new:sblr.cluster.placement.v1:cluster.placement.validate_partition_distribution,compile_flag_disabled_returns_functionality_unsupported;public_stub_enabled_returns_functionality_unlicensed;private_provider_required_for_execution
cassandra,reference_surface:leader_election,cluster.node.set_role,source_search_key=docs/reference/compatibility_release_acquisition/cassandra/5.0.8/source/CHANGES.txt#keyword:leader;intake_id=FSC-INTAKE-COMPATIBILITY-0153;source_family=leader_election;compatibility_parser_isolation=own_surface_only,sblr.cluster.control.v3:cluster.node.set_role,compile_flag_disabled_returns_functionality_unsupported;public_stub_enabled_returns_functionality_unlicensed;private_provider_required_for_execution
cassandra,reference_surface:raft_consensus,cluster.tx.validate_finality_proof,source_search_key=docs/reference/compatibility_release_acquisition/cassandra/5.0.8/source/test/resources/glove.3K.50d.txt#keyword:raft;intake_id=FSC-INTAKE-COMPATIBILITY-0154;source_family=raft_consensus;compatibility_parser_isolation=own_surface_only,required_new:sblr.cluster.transaction.v1:cluster.tx.validate_finality_proof,compile_flag_disabled_returns_functionality_unsupported;public_stub_enabled_returns_functionality_unlicensed;private_provider_required_for_execution
cassandra,reference_surface:changefeed_stream,cluster.metrics.emit_event,source_search_key=docs/specifications/chapters/compatibilitys/cassandra/appendix-compatibility-cassandra-exact-extraction-slice-1-release-surface-catalog-api-and-conformance-inventory-profile.md#keyword:changefeed;intake_id=FSC-INTAKE-COMPATIBILITY-0155;source_family=changefeed_stream;compatibility_parser_isolation=own_surface_only,sblr.cluster.report.v3:cluster.metrics.emit_event,compile_flag_disabled_returns_functionality_unsupported;public_stub_enabled_returns_functionality_unlicensed;private_provider_required_for_execution
cassandra,reference_surface:failover_control,cluster.node.admit_member,source_search_key=docs/specifications/chapters/compatibilitys/cassandra/appendix-compatibility-cassandra-exact-extraction-slice-6-consistency-replication-migration-compaction-and-optimizer-profile.md#keyword:failover;intake_id=FSC-INTAKE-COMPATIBILITY-0156;source_family=failover_control;compatibility_parser_isolation=own_surface_only,sblr.cluster.control.v3:cluster.node.admit_member,compile_flag_disabled_returns_functionality_unsupported;public_stub_enabled_returns_functionality_unlicensed;private_provider_required_for_execution
clickhouse,reference_surface:cluster_topology_or_control,cluster.job.start_controlled,source_search_key=docs/reference/compatibility_catalog_seeds/clickhouse/clickhouse_25_beta2_full_seed_manifest.yaml#keyword:cluster;intake_id=FSC-INTAKE-COMPATIBILITY-0157;source_family=cluster_topology_or_control;compatibility_parser_isolation=own_surface_only,sblr.cluster.control.v3:cluster.job.start_controlled,compile_flag_disabled_returns_functionality_unsupported;public_stub_enabled_returns_functionality_unlicensed;private_provider_required_for_execution
clickhouse,reference_surface:replication_control,cluster.replication.consume_cluster_event,source_search_key=docs/reference/compatibility_catalog_seeds/clickhouse/clickhouse_25_beta2_full_seed_manifest.yaml#keyword:replication;intake_id=FSC-INTAKE-COMPATIBILITY-0158;source_family=replication_control;compatibility_parser_isolation=own_surface_only,sblr.replication.consumer.v3:cluster.replication.consume_cluster_event,compile_flag_disabled_returns_functionality_unsupported;public_stub_enabled_returns_functionality_unlicensed;private_provider_required_for_execution
clickhouse,reference_surface:cdc_stream,cluster.metrics.emit_event,source_search_key=docs/reference/compatibility_catalog_seeds/clickhouse/clickhouse_25_beta2_full_seed_manifest.yaml#keyword:cdc;intake_id=FSC-INTAKE-COMPATIBILITY-0159;source_family=cdc_stream;compatibility_parser_isolation=own_surface_only,sblr.cluster.report.v3:cluster.metrics.emit_event,compile_flag_disabled_returns_functionality_unsupported;public_stub_enabled_returns_functionality_unlicensed;private_provider_required_for_execution
clickhouse,reference_surface:placement_policy,cluster.security.validate_policy_version,source_search_key=docs/reference/compatibility_catalog_seeds/clickhouse/clickhouse_25_beta2_full_seed_manifest.yaml#keyword:placement;intake_id=FSC-INTAKE-COMPATIBILITY-0160;source_family=placement_policy;compatibility_parser_isolation=own_surface_only,required_new:sblr.cluster.security.v1:cluster.security.validate_policy_version,compile_flag_disabled_returns_functionality_unsupported;public_stub_enabled_returns_functionality_unlicensed;private_provider_required_for_execution
clickhouse,reference_surface:replica_control,cluster.tx.begin_distributed,source_search_key=docs/reference/compatibility_catalog_seeds/clickhouse/clickhouse_25_beta2_full_seed_manifest.yaml#keyword:replica;intake_id=FSC-INTAKE-COMPATIBILITY-0161;source_family=replica_control;compatibility_parser_isolation=own_surface_only,required_new:sblr.cluster.transaction.v1:cluster.tx.begin_distributed,compile_flag_disabled_returns_functionality_unsupported;public_stub_enabled_returns_functionality_unlicensed;private_provider_required_for_execution
clickhouse,reference_surface:distributed_execution_or_control,cluster.query.plan_distributed,source_search_key=docs/reference/compatibility_release_acquisition/clickhouse/25.12.10.7-stable/release-notes/RELEASE_NOTES_SOURCE.md#keyword:distributed;intake_id=FSC-INTAKE-COMPATIBILITY-0162;source_family=distributed_execution_or_control;compatibility_parser_isolation=own_surface_only,required_new:sblr.cluster.query.v1:cluster.query.plan_distributed,compile_flag_disabled_returns_functionality_unsupported;public_stub_enabled_returns_functionality_unlicensed;private_provider_required_for_execution
clickhouse,reference_surface:raft_consensus,cluster.tx.validate_finality_proof,source_search_key=docs/reference/compatibility_release_acquisition/clickhouse/25.12.10.7-stable/source/.github/copilot-instructions.md#keyword:raft;intake_id=FSC-INTAKE-COMPATIBILITY-0163;source_family=raft_consensus;compatibility_parser_isolation=own_surface_only,required_new:sblr.cluster.transaction.v1:cluster.tx.validate_finality_proof,compile_flag_disabled_returns_functionality_unsupported;public_stub_enabled_returns_functionality_unlicensed;private_provider_required_for_execution
clickhouse,reference_surface:shard_placement,cluster.placement.assign_tablet_range,source_search_key=docs/reference/compatibility_release_acquisition/clickhouse/25.12.10.7-stable/source/CHANGELOG.md#keyword:shard;intake_id=FSC-INTAKE-COMPATIBILITY-0164;source_family=shard_placement;compatibility_parser_isolation=own_surface_only,required_new:sblr.cluster.placement.v1:cluster.placement.assign_tablet_range,compile_flag_disabled_returns_functionality_unsupported;public_stub_enabled_returns_functionality_unlicensed;private_provider_required_for_execution
clickhouse,reference_surface:range_placement,cluster.placement.assign_tablet_range,source_search_key=docs/reference/compatibility_release_acquisition/clickhouse/25.12.10.7-stable/source/CHANGELOG.md#keyword:range;intake_id=FSC-INTAKE-COMPATIBILITY-0165;source_family=range_placement;compatibility_parser_isolation=own_surface_only,required_new:sblr.cluster.placement.v1:cluster.placement.assign_tablet_range,compile_flag_disabled_returns_functionality_unsupported;public_stub_enabled_returns_functionality_unlicensed;private_provider_required_for_execution
clickhouse,reference_surface:failover_control,cluster.node.admit_member,source_search_key=docs/reference/compatibility_release_acquisition/clickhouse/25.12.10.7-stable/source/CHANGELOG.md#keyword:failover;intake_id=FSC-INTAKE-COMPATIBILITY-0166;source_family=failover_control;compatibility_parser_isolation=own_surface_only,sblr.cluster.control.v3:cluster.node.admit_member,compile_flag_disabled_returns_functionality_unsupported;public_stub_enabled_returns_functionality_unlicensed;private_provider_required_for_execution
clickhouse,reference_surface:leader_election,cluster.node.set_role,source_search_key=docs/reference/compatibility_release_acquisition/clickhouse/25.12.10.7-stable/source/CHANGELOG.md#keyword:leader;intake_id=FSC-INTAKE-COMPATIBILITY-0167;source_family=leader_election;compatibility_parser_isolation=own_surface_only,sblr.cluster.control.v3:cluster.node.set_role,compile_flag_disabled_returns_functionality_unsupported;public_stub_enabled_returns_functionality_unlicensed;private_provider_required_for_execution
clickhouse,reference_surface:partition_distribution,cluster.placement.validate_partition_distribution,source_search_key=docs/reference/compatibility_release_acquisition/clickhouse/25.12.10.7-stable/source/CHANGELOG.md#keyword:partition;intake_id=FSC-INTAKE-COMPATIBILITY-0168;source_family=partition_distribution;compatibility_parser_isolation=own_surface_only,required_new:sblr.cluster.placement.v1:cluster.placement.validate_partition_distribution,compile_flag_disabled_returns_functionality_unsupported;public_stub_enabled_returns_functionality_unlicensed;private_provider_required_for_execution
clickhouse,reference_surface:tablet_placement,cluster.placement.assign_tablet_range,source_search_key=docs/reference/compatibility_release_acquisition/clickhouse/25.12.10.7-stable/source/docs/changelogs/archive/v23.6.1.1524-stable.md#keyword:tablet;intake_id=FSC-INTAKE-COMPATIBILITY-0169;source_family=tablet_placement;compatibility_parser_isolation=own_surface_only,required_new:sblr.cluster.placement.v1:cluster.placement.assign_tablet_range,compile_flag_disabled_returns_functionality_unsupported;public_stub_enabled_returns_functionality_unlicensed;private_provider_required_for_execution
clickhouse,reference_surface:galera_cluster,cluster.reconcile.apply_merge_policy,source_search_key=docs/reference/compatibility_release_acquisition/clickhouse/25.12.10.7-stable/source/tests/queries/0_stateless/data_json/ghdata_sample.json#keyword:galera;intake_id=FSC-INTAKE-COMPATIBILITY-0170;source_family=galera_cluster;compatibility_parser_isolation=own_surface_only,required_new:sblr.cluster.reconciliation.v1:cluster.reconcile.apply_merge_policy,compile_flag_disabled_returns_functionality_unsupported;public_stub_enabled_returns_functionality_unlicensed;private_provider_required_for_execution
cockroachdb,reference_surface:cluster_topology_or_control,cluster.job.start_controlled,source_search_key=docs/reference/compatibility-engines/cockroachdb/capability-summary.md#keyword:cluster;intake_id=FSC-INTAKE-COMPATIBILITY-0171;source_family=cluster_topology_or_control;compatibility_parser_isolation=own_surface_only,sblr.cluster.control.v3:cluster.job.start_controlled,compile_flag_disabled_returns_functionality_unsupported;public_stub_enabled_returns_functionality_unlicensed;private_provider_required_for_execution
cockroachdb,reference_surface:distributed_execution_or_control,cluster.query.plan_distributed,source_search_key=docs/reference/compatibility-engines/cockroachdb/capability-summary.md#keyword:distributed;intake_id=FSC-INTAKE-COMPATIBILITY-0172;source_family=distributed_execution_or_control;compatibility_parser_isolation=own_surface_only,required_new:sblr.cluster.query.v1:cluster.query.plan_distributed,compile_flag_disabled_returns_functionality_unsupported;public_stub_enabled_returns_functionality_unlicensed;private_provider_required_for_execution
cockroachdb,reference_surface:changefeed_stream,cluster.metrics.emit_event,source_search_key=docs/reference/compatibility-engines/cockroachdb/capability-summary.md#keyword:changefeed;intake_id=FSC-INTAKE-COMPATIBILITY-0173;source_family=changefeed_stream;compatibility_parser_isolation=own_surface_only,sblr.cluster.report.v3:cluster.metrics.emit_event,compile_flag_disabled_returns_functionality_unsupported;public_stub_enabled_returns_functionality_unlicensed;private_provider_required_for_execution
cockroachdb,reference_surface:range_placement,cluster.placement.assign_tablet_range,source_search_key=docs/reference/compatibility-engines/cockroachdb/capability-summary.md#keyword:range;intake_id=FSC-INTAKE-COMPATIBILITY-0174;source_family=range_placement;compatibility_parser_isolation=own_surface_only,required_new:sblr.cluster.placement.v1:cluster.placement.assign_tablet_range,compile_flag_disabled_returns_functionality_unsupported;public_stub_enabled_returns_functionality_unlicensed;private_provider_required_for_execution
cockroachdb,reference_surface:shard_placement,cluster.placement.assign_tablet_range,source_search_key=docs/reference/compatibility-engines/cockroachdb/index-and-optimizer-summary.md#keyword:shard;intake_id=FSC-INTAKE-COMPATIBILITY-0175;source_family=shard_placement;compatibility_parser_isolation=own_surface_only,required_new:sblr.cluster.placement.v1:cluster.placement.assign_tablet_range,compile_flag_disabled_returns_functionality_unsupported;public_stub_enabled_returns_functionality_unlicensed;private_provider_required_for_execution
cockroachdb,reference_surface:placement_policy,cluster.security.validate_policy_version,source_search_key=docs/reference/compatibility-engines/cockroachdb/transaction-and-cluster-summary.md#keyword:placement;intake_id=FSC-INTAKE-COMPATIBILITY-0176;source_family=placement_policy;compatibility_parser_isolation=own_surface_only,required_new:sblr.cluster.security.v1:cluster.security.validate_policy_version,compile_flag_disabled_returns_functionality_unsupported;public_stub_enabled_returns_functionality_unlicensed;private_provider_required_for_execution
cockroachdb,reference_surface:replica_control,cluster.tx.begin_distributed,source_search_key=docs/reference/compatibility-engines/cockroachdb/transaction-and-cluster-summary.md#keyword:replica;intake_id=FSC-INTAKE-COMPATIBILITY-0177;source_family=replica_control;compatibility_parser_isolation=own_surface_only,required_new:sblr.cluster.transaction.v1:cluster.tx.begin_distributed,compile_flag_disabled_returns_functionality_unsupported;public_stub_enabled_returns_functionality_unlicensed;private_provider_required_for_execution
cockroachdb,reference_surface:replication_control,cluster.replication.consume_cluster_event,source_search_key=docs/reference/compatibility_catalog_seeds/cockroachdb/cockroachdb_beta2_full_seed_manifest.yaml#keyword:replication;intake_id=FSC-INTAKE-COMPATIBILITY-0178;source_family=replication_control;compatibility_parser_isolation=own_surface_only,sblr.replication.consumer.v3:cluster.replication.consume_cluster_event,compile_flag_disabled_returns_functionality_unsupported;public_stub_enabled_returns_functionality_unlicensed;private_provider_required_for_execution
cockroachdb,reference_surface:cdc_stream,cluster.metrics.emit_event,source_search_key=docs/reference/compatibility_catalog_seeds/cockroachdb/cockroachdb_beta2_full_seed_manifest.yaml#keyword:cdc;intake_id=FSC-INTAKE-COMPATIBILITY-0179;source_family=cdc_stream;compatibility_parser_isolation=own_surface_only,sblr.cluster.report.v3:cluster.metrics.emit_event,compile_flag_disabled_returns_functionality_unsupported;public_stub_enabled_returns_functionality_unlicensed;private_provider_required_for_execution
cockroachdb,reference_surface:raft_consensus,cluster.tx.validate_finality_proof,source_search_key=docs/reference/compatibility_release_acquisition/cockroachdb/26.1.3/source/.claude/agents/crdb-issue-finder.md#keyword:raft;intake_id=FSC-INTAKE-COMPATIBILITY-0180;source_family=raft_consensus;compatibility_parser_isolation=own_surface_only,required_new:sblr.cluster.transaction.v1:cluster.tx.validate_finality_proof,compile_flag_disabled_returns_functionality_unsupported;public_stub_enabled_returns_functionality_unlicensed;private_provider_required_for_execution
cockroachdb,reference_surface:partition_distribution,cluster.placement.validate_partition_distribution,source_search_key=docs/reference/compatibility_release_acquisition/cockroachdb/26.1.3/source/CLAUDE.md#keyword:partition;intake_id=FSC-INTAKE-COMPATIBILITY-0181;source_family=partition_distribution;compatibility_parser_isolation=own_surface_only,required_new:sblr.cluster.placement.v1:cluster.placement.validate_partition_distribution,compile_flag_disabled_returns_functionality_unsupported;public_stub_enabled_returns_functionality_unlicensed;private_provider_required_for_execution
cockroachdb,reference_surface:leader_election,cluster.node.set_role,source_search_key=docs/reference/compatibility_release_acquisition/cockroachdb/26.1.3/source/cloud/kubernetes/prometheus/alert-rules.yaml#keyword:leader;intake_id=FSC-INTAKE-COMPATIBILITY-0182;source_family=leader_election;compatibility_parser_isolation=own_surface_only,sblr.cluster.control.v3:cluster.node.set_role,compile_flag_disabled_returns_functionality_unsupported;public_stub_enabled_returns_functionality_unlicensed;private_provider_required_for_execution
cockroachdb,reference_surface:failover_control,cluster.node.admit_member,source_search_key=docs/reference/compatibility_release_acquisition/cockroachdb/26.1.3/source/docs/RFCS/20150731_local_intent_resolution.md#keyword:failover;intake_id=FSC-INTAKE-COMPATIBILITY-0183;source_family=failover_control;compatibility_parser_isolation=own_surface_only,sblr.cluster.control.v3:cluster.node.admit_member,compile_flag_disabled_returns_functionality_unsupported;public_stub_enabled_returns_functionality_unlicensed;private_provider_required_for_execution
cockroachdb,reference_surface:tablet_placement,cluster.placement.assign_tablet_range,source_search_key=docs/reference/compatibility_release_acquisition/cockroachdb/26.1.3/source/docs/RFCS/20191009_temp_tables.md#keyword:tablet;intake_id=FSC-INTAKE-COMPATIBILITY-0184;source_family=tablet_placement;compatibility_parser_isolation=own_surface_only,required_new:sblr.cluster.placement.v1:cluster.placement.assign_tablet_range,compile_flag_disabled_returns_functionality_unsupported;public_stub_enabled_returns_functionality_unlicensed;private_provider_required_for_execution
dolt,reference_surface:cluster_topology_or_control,cluster.job.start_controlled,source_search_key=docs/reference/compatibility-engines/dolt/capability-summary.md#keyword:cluster;intake_id=FSC-INTAKE-COMPATIBILITY-0185;source_family=cluster_topology_or_control;compatibility_parser_isolation=own_surface_only,sblr.cluster.control.v3:cluster.job.start_controlled,compile_flag_disabled_returns_functionality_unsupported;public_stub_enabled_returns_functionality_unlicensed;private_provider_required_for_execution
dolt,reference_surface:cdc_stream,cluster.metrics.emit_event,source_search_key=docs/reference/compatibility_catalog_seeds/dolt/dolt_beta2_full_seed_manifest.yaml#keyword:cdc;intake_id=FSC-INTAKE-COMPATIBILITY-0186;source_family=cdc_stream;compatibility_parser_isolation=own_surface_only,sblr.cluster.report.v3:cluster.metrics.emit_event,compile_flag_disabled_returns_functionality_unsupported;public_stub_enabled_returns_functionality_unlicensed;private_provider_required_for_execution
dolt,reference_surface:distributed_execution_or_control,cluster.query.plan_distributed,source_search_key=docs/reference/compatibility_release_acquisition/dolt/1.86.6/regression/SOURCE_POINTERS.md#keyword:distributed;intake_id=FSC-INTAKE-COMPATIBILITY-0187;source_family=distributed_execution_or_control;compatibility_parser_isolation=own_surface_only,required_new:sblr.cluster.query.v1:cluster.query.plan_distributed,compile_flag_disabled_returns_functionality_unsupported;public_stub_enabled_returns_functionality_unlicensed;private_provider_required_for_execution
dolt,reference_surface:range_placement,cluster.placement.assign_tablet_range,source_search_key=docs/reference/compatibility_release_acquisition/dolt/1.86.6/regression/SOURCE_POINTERS.md#keyword:range;intake_id=FSC-INTAKE-COMPATIBILITY-0188;source_family=range_placement;compatibility_parser_isolation=own_surface_only,required_new:sblr.cluster.placement.v1:cluster.placement.assign_tablet_range,compile_flag_disabled_returns_functionality_unsupported;public_stub_enabled_returns_functionality_unlicensed;private_provider_required_for_execution
dolt,reference_surface:raft_consensus,cluster.tx.validate_finality_proof,source_search_key=docs/reference/compatibility_release_acquisition/dolt/1.86.6/source/.github/workflows/cd-push-docker-image.yaml#keyword:raft;intake_id=FSC-INTAKE-COMPATIBILITY-0189;source_family=raft_consensus;compatibility_parser_isolation=own_surface_only,required_new:sblr.cluster.transaction.v1:cluster.tx.validate_finality_proof,compile_flag_disabled_returns_functionality_unsupported;public_stub_enabled_returns_functionality_unlicensed;private_provider_required_for_execution
dolt,reference_surface:replication_control,cluster.replication.consume_cluster_event,source_search_key=docs/reference/compatibility_release_acquisition/dolt/1.86.6/source/.github/workflows/ci-binlog-tests.yaml#keyword:replication;intake_id=FSC-INTAKE-COMPATIBILITY-0190;source_family=replication_control;compatibility_parser_isolation=own_surface_only,sblr.replication.consumer.v3:cluster.replication.consume_cluster_event,compile_flag_disabled_returns_functionality_unsupported;public_stub_enabled_returns_functionality_unlicensed;private_provider_required_for_execution
dolt,reference_surface:replica_control,cluster.tx.begin_distributed,source_search_key=docs/reference/compatibility_release_acquisition/dolt/1.86.6/source/.github/workflows/ci-binlog-tests.yaml#keyword:replica;intake_id=FSC-INTAKE-COMPATIBILITY-0191;source_family=replica_control;compatibility_parser_isolation=own_surface_only,required_new:sblr.cluster.transaction.v1:cluster.tx.begin_distributed,compile_flag_disabled_returns_functionality_unsupported;public_stub_enabled_returns_functionality_unlicensed;private_provider_required_for_execution
dolt,reference_surface:partition_distribution,cluster.placement.validate_partition_distribution,source_search_key=docs/reference/compatibility_release_acquisition/dolt/1.86.6/source/go/store/nbs/NBS-on-AWS.md#keyword:partition;intake_id=FSC-INTAKE-COMPATIBILITY-0192;source_family=partition_distribution;compatibility_parser_isolation=own_surface_only,required_new:sblr.cluster.placement.v1:cluster.placement.validate_partition_distribution,compile_flag_disabled_returns_functionality_unsupported;public_stub_enabled_returns_functionality_unlicensed;private_provider_required_for_execution
dolt,reference_surface:failover_control,cluster.node.admit_member,source_search_key=docs/reference/compatibility_release_acquisition/dolt/1.86.6/source/integration-tests/go-sql-server-driver/tests/sql-server-cluster-tls.yaml#keyword:failover;intake_id=FSC-INTAKE-COMPATIBILITY-0193;source_family=failover_control;compatibility_parser_isolation=own_surface_only,sblr.cluster.control.v3:cluster.node.admit_member,compile_flag_disabled_returns_functionality_unsupported;public_stub_enabled_returns_functionality_unlicensed;private_provider_required_for_execution
dolt,reference_surface:placement_policy,cluster.security.validate_policy_version,source_search_key=docs/reference/compatibility_release_acquisition/dolt/1.86.6/source/integration-tests/orm-tests/README.md#keyword:placement;intake_id=FSC-INTAKE-COMPATIBILITY-0194;source_family=placement_policy;compatibility_parser_isolation=own_surface_only,required_new:sblr.cluster.security.v1:cluster.security.validate_policy_version,compile_flag_disabled_returns_functionality_unsupported;public_stub_enabled_returns_functionality_unlicensed;private_provider_required_for_execution
duckdb,reference_surface:cluster_topology_or_control,cluster.job.start_controlled,source_search_key=docs/reference/compatibility_catalog_seeds/duckdb/duckdb_1_beta2_full_seed_manifest.yaml#keyword:cluster;intake_id=FSC-INTAKE-COMPATIBILITY-0195;source_family=cluster_topology_or_control;compatibility_parser_isolation=own_surface_only,sblr.cluster.control.v3:cluster.job.start_controlled,compile_flag_disabled_returns_functionality_unsupported;public_stub_enabled_returns_functionality_unlicensed;private_provider_required_for_execution
duckdb,reference_surface:replication_control,cluster.replication.consume_cluster_event,source_search_key=docs/reference/compatibility_catalog_seeds/duckdb/duckdb_1_beta2_full_seed_manifest.yaml#keyword:replication;intake_id=FSC-INTAKE-COMPATIBILITY-0196;source_family=replication_control;compatibility_parser_isolation=own_surface_only,sblr.replication.consumer.v3:cluster.replication.consume_cluster_event,compile_flag_disabled_returns_functionality_unsupported;public_stub_enabled_returns_functionality_unlicensed;private_provider_required_for_execution
duckdb,reference_surface:cdc_stream,cluster.metrics.emit_event,source_search_key=docs/reference/compatibility_catalog_seeds/duckdb/duckdb_1_beta2_full_seed_manifest.yaml#keyword:cdc;intake_id=FSC-INTAKE-COMPATIBILITY-0197;source_family=cdc_stream;compatibility_parser_isolation=own_surface_only,sblr.cluster.report.v3:cluster.metrics.emit_event,compile_flag_disabled_returns_functionality_unsupported;public_stub_enabled_returns_functionality_unlicensed;private_provider_required_for_execution
duckdb,reference_surface:placement_policy,cluster.security.validate_policy_version,source_search_key=docs/reference/compatibility_catalog_seeds/duckdb/duckdb_1_beta2_full_seed_manifest.yaml#keyword:placement;intake_id=FSC-INTAKE-COMPATIBILITY-0198;source_family=placement_policy;compatibility_parser_isolation=own_surface_only,required_new:sblr.cluster.security.v1:cluster.security.validate_policy_version,compile_flag_disabled_returns_functionality_unsupported;public_stub_enabled_returns_functionality_unlicensed;private_provider_required_for_execution
duckdb,reference_surface:replica_control,cluster.tx.begin_distributed,source_search_key=docs/reference/compatibility_catalog_seeds/duckdb/duckdb_1_beta2_full_seed_manifest.yaml#keyword:replica;intake_id=FSC-INTAKE-COMPATIBILITY-0199;source_family=replica_control;compatibility_parser_isolation=own_surface_only,required_new:sblr.cluster.transaction.v1:cluster.tx.begin_distributed,compile_flag_disabled_returns_functionality_unsupported;public_stub_enabled_returns_functionality_unlicensed;private_provider_required_for_execution
duckdb,reference_surface:range_placement,cluster.placement.assign_tablet_range,source_search_key=docs/reference/compatibility_release_acquisition/duckdb/1.5.2/source/.codecov.yml#keyword:range;intake_id=FSC-INTAKE-COMPATIBILITY-0200;source_family=range_placement;compatibility_parser_isolation=own_surface_only,required_new:sblr.cluster.placement.v1:cluster.placement.assign_tablet_range,compile_flag_disabled_returns_functionality_unsupported;public_stub_enabled_returns_functionality_unlicensed;private_provider_required_for_execution
duckdb,reference_surface:partition_distribution,cluster.placement.validate_partition_distribution,source_search_key=docs/reference/compatibility_release_acquisition/duckdb/1.5.2/source/.github/regression/micro.csv#keyword:partition;intake_id=FSC-INTAKE-COMPATIBILITY-0201;source_family=partition_distribution;compatibility_parser_isolation=own_surface_only,required_new:sblr.cluster.placement.v1:cluster.placement.validate_partition_distribution,compile_flag_disabled_returns_functionality_unsupported;public_stub_enabled_returns_functionality_unlicensed;private_provider_required_for_execution
duckdb,reference_surface:raft_consensus,cluster.tx.validate_finality_proof,source_search_key=docs/reference/compatibility_release_acquisition/duckdb/1.5.2/source/.github/workflows/CodeQuality.yml#keyword:raft;intake_id=FSC-INTAKE-COMPATIBILITY-0202;source_family=raft_consensus;compatibility_parser_isolation=own_surface_only,required_new:sblr.cluster.transaction.v1:cluster.tx.validate_finality_proof,compile_flag_disabled_returns_functionality_unsupported;public_stub_enabled_returns_functionality_unlicensed;private_provider_required_for_execution
duckdb,reference_surface:leader_election,cluster.node.set_role,source_search_key=docs/reference/compatibility_release_acquisition/duckdb/1.5.2/source/benchmark/imdb/answers/08c.csv#keyword:leader;intake_id=FSC-INTAKE-COMPATIBILITY-0203;source_family=leader_election;compatibility_parser_isolation=own_surface_only,sblr.cluster.control.v3:cluster.node.set_role,compile_flag_disabled_returns_functionality_unsupported;public_stub_enabled_returns_functionality_unlicensed;private_provider_required_for_execution
duckdb,reference_surface:tablet_placement,cluster.placement.assign_tablet_range,source_search_key=docs/reference/compatibility_release_acquisition/duckdb/1.5.2/source/data/csv/drug_exposure.csv#keyword:tablet;intake_id=FSC-INTAKE-COMPATIBILITY-0204;source_family=tablet_placement;compatibility_parser_isolation=own_surface_only,required_new:sblr.cluster.placement.v1:cluster.placement.assign_tablet_range,compile_flag_disabled_returns_functionality_unsupported;public_stub_enabled_returns_functionality_unlicensed;private_provider_required_for_execution
duckdb,reference_surface:shard_placement,cluster.placement.assign_tablet_range,source_search_key=docs/reference/compatibility_release_acquisition/duckdb/1.5.2/source/data/csv/real/imdb_movie_info_escaped.csv#keyword:shard;intake_id=FSC-INTAKE-COMPATIBILITY-0205;source_family=shard_placement;compatibility_parser_isolation=own_surface_only,required_new:sblr.cluster.placement.v1:cluster.placement.assign_tablet_range,compile_flag_disabled_returns_functionality_unsupported;public_stub_enabled_returns_functionality_unlicensed;private_provider_required_for_execution
duckdb,reference_surface:distributed_execution_or_control,cluster.query.plan_distributed,source_search_key=docs/reference/compatibility_release_acquisition/duckdb/1.5.2/source/data/parquet-testing/LICENSE.txt#keyword:distributed;intake_id=FSC-INTAKE-COMPATIBILITY-0206;source_family=distributed_execution_or_control;compatibility_parser_isolation=own_surface_only,required_new:sblr.cluster.query.v1:cluster.query.plan_distributed,compile_flag_disabled_returns_functionality_unsupported;public_stub_enabled_returns_functionality_unlicensed;private_provider_required_for_execution
firebird,reference_surface:cluster_topology_or_control,cluster.job.start_controlled,source_search_key=docs/reference/compatibility_catalog_seeds/firebird/firebird_5_beta2_full_seed_manifest.yaml#keyword:cluster;intake_id=FSC-INTAKE-COMPATIBILITY-0207;source_family=cluster_topology_or_control;compatibility_parser_isolation=own_surface_only,sblr.cluster.control.v3:cluster.job.start_controlled,compile_flag_disabled_returns_functionality_unsupported;public_stub_enabled_returns_functionality_unlicensed;private_provider_required_for_execution
firebird,reference_surface:replication_control,cluster.replication.consume_cluster_event,source_search_key=docs/reference/compatibility_catalog_seeds/firebird/firebird_5_beta2_full_seed_manifest.yaml#keyword:replication;intake_id=FSC-INTAKE-COMPATIBILITY-0208;source_family=replication_control;compatibility_parser_isolation=own_surface_only,sblr.replication.consumer.v3:cluster.replication.consume_cluster_event,compile_flag_disabled_returns_functionality_unsupported;public_stub_enabled_returns_functionality_unlicensed;private_provider_required_for_execution
firebird,reference_surface:placement_policy,cluster.security.validate_policy_version,source_search_key=docs/reference/compatibility_catalog_seeds/firebird/firebird_5_beta2_full_seed_manifest.yaml#keyword:placement;intake_id=FSC-INTAKE-COMPATIBILITY-0209;source_family=placement_policy;compatibility_parser_isolation=own_surface_only,required_new:sblr.cluster.security.v1:cluster.security.validate_policy_version,compile_flag_disabled_returns_functionality_unsupported;public_stub_enabled_returns_functionality_unlicensed;private_provider_required_for_execution
firebird,reference_surface:replica_control,cluster.tx.begin_distributed,source_search_key=docs/reference/compatibility_catalog_seeds/firebird/firebird_5_beta2_full_seed_manifest.yaml#keyword:replica;intake_id=FSC-INTAKE-COMPATIBILITY-0210;source_family=replica_control;compatibility_parser_isolation=own_surface_only,required_new:sblr.cluster.transaction.v1:cluster.tx.begin_distributed,compile_flag_disabled_returns_functionality_unsupported;public_stub_enabled_returns_functionality_unlicensed;private_provider_required_for_execution
firebird,reference_surface:raft_consensus,cluster.tx.validate_finality_proof,source_search_key=docs/reference/compatibility_catalog_seeds/firebird/firebird_5_seed_manifest.yaml#keyword:raft;intake_id=FSC-INTAKE-COMPATIBILITY-0211;source_family=raft_consensus;compatibility_parser_isolation=own_surface_only,required_new:sblr.cluster.transaction.v1:cluster.tx.validate_finality_proof,compile_flag_disabled_returns_functionality_unsupported;public_stub_enabled_returns_functionality_unlicensed;private_provider_required_for_execution
firebird,reference_surface:cdc_stream,cluster.metrics.emit_event,source_search_key=docs/reference/compatibility_release_acquisition/firebird/5.0.4/regression/FIREBIRD_QA_CANDIDATE_ASSET_HASH_MANIFEST.csv#keyword:cdc;intake_id=FSC-INTAKE-COMPATIBILITY-0212;source_family=cdc_stream;compatibility_parser_isolation=own_surface_only,sblr.cluster.report.v3:cluster.metrics.emit_event,compile_flag_disabled_returns_functionality_unsupported;public_stub_enabled_returns_functionality_unlicensed;private_provider_required_for_execution
firebird,reference_surface:range_placement,cluster.placement.assign_tablet_range,source_search_key=docs/reference/compatibility_release_acquisition/firebird/5.0.4/source/CHANGELOG.md#keyword:range;intake_id=FSC-INTAKE-COMPATIBILITY-0213;source_family=range_placement;compatibility_parser_isolation=own_surface_only,required_new:sblr.cluster.placement.v1:cluster.placement.assign_tablet_range,compile_flag_disabled_returns_functionality_unsupported;public_stub_enabled_returns_functionality_unlicensed;private_provider_required_for_execution
firebird,reference_surface:partition_distribution,cluster.placement.validate_partition_distribution,source_search_key=docs/reference/compatibility_release_acquisition/firebird/5.0.4/source/CHANGELOG.md#keyword:partition;intake_id=FSC-INTAKE-COMPATIBILITY-0214;source_family=partition_distribution;compatibility_parser_isolation=own_surface_only,required_new:sblr.cluster.placement.v1:cluster.placement.validate_partition_distribution,compile_flag_disabled_returns_functionality_unsupported;public_stub_enabled_returns_functionality_unlicensed;private_provider_required_for_execution
firebird,reference_surface:distributed_execution_or_control,cluster.query.plan_distributed,source_search_key=docs/reference/compatibility_release_acquisition/firebird/5.0.4/source/builds/install/arch-specific/darwin/License.txt#keyword:distributed;intake_id=FSC-INTAKE-COMPATIBILITY-0215;source_family=distributed_execution_or_control;compatibility_parser_isolation=own_surface_only,required_new:sblr.cluster.query.v1:cluster.query.plan_distributed,compile_flag_disabled_returns_functionality_unsupported;public_stub_enabled_returns_functionality_unlicensed;private_provider_required_for_execution
firebird,reference_surface:shard_placement,cluster.placement.assign_tablet_range,source_search_key=docs/reference/compatibility_release_acquisition/firebird/5.0.4/source/extern/libcds/test/stress/data/text.txt#keyword:shard;intake_id=FSC-INTAKE-COMPATIBILITY-0216;source_family=shard_placement;compatibility_parser_isolation=own_surface_only,required_new:sblr.cluster.placement.v1:cluster.placement.assign_tablet_range,compile_flag_disabled_returns_functionality_unsupported;public_stub_enabled_returns_functionality_unlicensed;private_provider_required_for_execution
firebird,reference_surface:tablet_placement,cluster.placement.assign_tablet_range,source_search_key=docs/reference/compatibility_release_acquisition/firebird/5.0.4/source/extern/libcds/test/stress/data/text.txt#keyword:tablet;intake_id=FSC-INTAKE-COMPATIBILITY-0217;source_family=tablet_placement;compatibility_parser_isolation=own_surface_only,required_new:sblr.cluster.placement.v1:cluster.placement.assign_tablet_range,compile_flag_disabled_returns_functionality_unsupported;public_stub_enabled_returns_functionality_unlicensed;private_provider_required_for_execution
foundationdb,reference_surface:cluster_topology_or_control,cluster.job.start_controlled,source_search_key=docs/reference/compatibility-engines/foundationdb/capability-summary.md#keyword:cluster;intake_id=FSC-INTAKE-COMPATIBILITY-0218;source_family=cluster_topology_or_control;compatibility_parser_isolation=own_surface_only,sblr.cluster.control.v3:cluster.job.start_controlled,compile_flag_disabled_returns_functionality_unsupported;public_stub_enabled_returns_functionality_unlicensed;private_provider_required_for_execution
foundationdb,reference_surface:range_placement,cluster.placement.assign_tablet_range,source_search_key=docs/reference/compatibility-engines/foundationdb/capability-summary.md#keyword:range;intake_id=FSC-INTAKE-COMPATIBILITY-0219;source_family=range_placement;compatibility_parser_isolation=own_surface_only,required_new:sblr.cluster.placement.v1:cluster.placement.assign_tablet_range,compile_flag_disabled_returns_functionality_unsupported;public_stub_enabled_returns_functionality_unlicensed;private_provider_required_for_execution
foundationdb,reference_surface:placement_policy,cluster.security.validate_policy_version,source_search_key=docs/reference/compatibility-engines/foundationdb/transaction-and-cluster-summary.md#keyword:placement;intake_id=FSC-INTAKE-COMPATIBILITY-0220;source_family=placement_policy;compatibility_parser_isolation=own_surface_only,required_new:sblr.cluster.security.v1:cluster.security.validate_policy_version,compile_flag_disabled_returns_functionality_unsupported;public_stub_enabled_returns_functionality_unlicensed;private_provider_required_for_execution
foundationdb,reference_surface:cdc_stream,cluster.metrics.emit_event,source_search_key=docs/reference/compatibility_catalog_seeds/foundationdb/foundationdb_beta2_full_seed_manifest.yaml#keyword:cdc;intake_id=FSC-INTAKE-COMPATIBILITY-0221;source_family=cdc_stream;compatibility_parser_isolation=own_surface_only,sblr.cluster.report.v3:cluster.metrics.emit_event,compile_flag_disabled_returns_functionality_unsupported;public_stub_enabled_returns_functionality_unlicensed;private_provider_required_for_execution
foundationdb,reference_surface:replica_control,cluster.tx.begin_distributed,source_search_key=docs/reference/compatibility_catalog_seeds/foundationdb/foundationdb_beta2_full_seed_manifest.yaml#keyword:replica;intake_id=FSC-INTAKE-COMPATIBILITY-0222;source_family=replica_control;compatibility_parser_isolation=own_surface_only,required_new:sblr.cluster.transaction.v1:cluster.tx.begin_distributed,compile_flag_disabled_returns_functionality_unsupported;public_stub_enabled_returns_functionality_unlicensed;private_provider_required_for_execution
foundationdb,reference_surface:distributed_execution_or_control,cluster.query.plan_distributed,source_search_key=docs/reference/compatibility_release_acquisition/foundationdb/7.3.77/clean-room/NOTES.md#keyword:distributed;intake_id=FSC-INTAKE-COMPATIBILITY-0223;source_family=distributed_execution_or_control;compatibility_parser_isolation=own_surface_only,required_new:sblr.cluster.query.v1:cluster.query.plan_distributed,compile_flag_disabled_returns_functionality_unsupported;public_stub_enabled_returns_functionality_unlicensed;private_provider_required_for_execution
foundationdb,reference_surface:leader_election,cluster.node.set_role,source_search_key=docs/reference/compatibility_release_acquisition/foundationdb/7.3.77/source/CODE_OF_CONDUCT.md#keyword:leader;intake_id=FSC-INTAKE-COMPATIBILITY-0224;source_family=leader_election;compatibility_parser_isolation=own_surface_only,sblr.cluster.control.v3:cluster.node.set_role,compile_flag_disabled_returns_functionality_unsupported;public_stub_enabled_returns_functionality_unlicensed;private_provider_required_for_execution
foundationdb,reference_surface:partition_distribution,cluster.placement.validate_partition_distribution,source_search_key=docs/reference/compatibility_release_acquisition/foundationdb/7.3.77/source/bindings/flow/CMakeLists.txt#keyword:partition;intake_id=FSC-INTAKE-COMPATIBILITY-0225;source_family=partition_distribution;compatibility_parser_isolation=own_surface_only,required_new:sblr.cluster.placement.v1:cluster.placement.validate_partition_distribution,compile_flag_disabled_returns_functionality_unsupported;public_stub_enabled_returns_functionality_unlicensed;private_provider_required_for_execution
foundationdb,reference_surface:replication_control,cluster.replication.consume_cluster_event,source_search_key=docs/reference/compatibility_release_acquisition/foundationdb/7.3.77/source/design/data-distributor-internals.md#keyword:replication;intake_id=FSC-INTAKE-COMPATIBILITY-0226;source_family=replication_control;compatibility_parser_isolation=own_surface_only,sblr.replication.consumer.v3:cluster.replication.consume_cluster_event,compile_flag_disabled_returns_functionality_unsupported;public_stub_enabled_returns_functionality_unlicensed;private_provider_required_for_execution
foundationdb,reference_surface:shard_placement,cluster.placement.assign_tablet_range,source_search_key=docs/reference/compatibility_release_acquisition/foundationdb/7.3.77/source/design/data-distributor-internals.md#keyword:shard;intake_id=FSC-INTAKE-COMPATIBILITY-0227;source_family=shard_placement;compatibility_parser_isolation=own_surface_only,required_new:sblr.cluster.placement.v1:cluster.placement.assign_tablet_range,compile_flag_disabled_returns_functionality_unsupported;public_stub_enabled_returns_functionality_unlicensed;private_provider_required_for_execution
foundationdb,reference_surface:raft_consensus,cluster.tx.validate_finality_proof,source_search_key=docs/reference/compatibility_release_acquisition/foundationdb/7.3.77/source/tests/AsyncFileCorrectness.txt#keyword:raft;intake_id=FSC-INTAKE-COMPATIBILITY-0228;source_family=raft_consensus;compatibility_parser_isolation=own_surface_only,required_new:sblr.cluster.transaction.v1:cluster.tx.validate_finality_proof,compile_flag_disabled_returns_functionality_unsupported;public_stub_enabled_returns_functionality_unlicensed;private_provider_required_for_execution
foundationdb,reference_surface:changefeed_stream,cluster.metrics.emit_event,source_search_key=docs/reference/compatibility_release_acquisition/foundationdb/7.3.77/source/tests/CMakeLists.txt#keyword:changefeed;intake_id=FSC-INTAKE-COMPATIBILITY-0229;source_family=changefeed_stream;compatibility_parser_isolation=own_surface_only,sblr.cluster.report.v3:cluster.metrics.emit_event,compile_flag_disabled_returns_functionality_unsupported;public_stub_enabled_returns_functionality_unlicensed;private_provider_required_for_execution
immudb,reference_surface:cluster_topology_or_control,cluster.job.start_controlled,source_search_key=docs/reference/compatibility-engines/immudb/capability-summary.md#keyword:cluster;intake_id=FSC-INTAKE-COMPATIBILITY-0230;source_family=cluster_topology_or_control;compatibility_parser_isolation=own_surface_only,sblr.cluster.control.v3:cluster.job.start_controlled,compile_flag_disabled_returns_functionality_unsupported;public_stub_enabled_returns_functionality_unlicensed;private_provider_required_for_execution
immudb,reference_surface:cdc_stream,cluster.metrics.emit_event,source_search_key=docs/reference/compatibility_release_acquisition/immudb/1.11.0/RELEASE_EVIDENCE_MANIFEST.yaml#keyword:cdc;intake_id=FSC-INTAKE-COMPATIBILITY-0231;source_family=cdc_stream;compatibility_parser_isolation=own_surface_only,sblr.cluster.report.v3:cluster.metrics.emit_event,compile_flag_disabled_returns_functionality_unsupported;public_stub_enabled_returns_functionality_unlicensed;private_provider_required_for_execution
immudb,reference_surface:distributed_execution_or_control,cluster.query.plan_distributed,source_search_key=docs/reference/compatibility_release_acquisition/immudb/1.11.0/regression/SOURCE_POINTERS.md#keyword:distributed;intake_id=FSC-INTAKE-COMPATIBILITY-0232;source_family=distributed_execution_or_control;compatibility_parser_isolation=own_surface_only,required_new:sblr.cluster.query.v1:cluster.query.plan_distributed,compile_flag_disabled_returns_functionality_unsupported;public_stub_enabled_returns_functionality_unlicensed;private_provider_required_for_execution
immudb,reference_surface:shard_placement,cluster.placement.assign_tablet_range,source_search_key=docs/reference/compatibility_release_acquisition/immudb/1.11.0/release-notes/RELEASE_NOTES_SOURCE.md#keyword:shard;intake_id=FSC-INTAKE-COMPATIBILITY-0233;source_family=shard_placement;compatibility_parser_isolation=own_surface_only,required_new:sblr.cluster.placement.v1:cluster.placement.assign_tablet_range,compile_flag_disabled_returns_functionality_unsupported;public_stub_enabled_returns_functionality_unlicensed;private_provider_required_for_execution
immudb,reference_surface:range_placement,cluster.placement.assign_tablet_range,source_search_key=docs/reference/compatibility_release_acquisition/immudb/1.11.0/release-notes/RELEASE_NOTES_SOURCE.md#keyword:range;intake_id=FSC-INTAKE-COMPATIBILITY-0234;source_family=range_placement;compatibility_parser_isolation=own_surface_only,required_new:sblr.cluster.placement.v1:cluster.placement.assign_tablet_range,compile_flag_disabled_returns_functionality_unsupported;public_stub_enabled_returns_functionality_unlicensed;private_provider_required_for_execution
immudb,reference_surface:partition_distribution,cluster.placement.validate_partition_distribution,source_search_key=docs/reference/compatibility_release_acquisition/immudb/1.11.0/release-notes/RELEASE_NOTES_SOURCE.md#keyword:partition;intake_id=FSC-INTAKE-COMPATIBILITY-0235;source_family=partition_distribution;compatibility_parser_isolation=own_surface_only,required_new:sblr.cluster.placement.v1:cluster.placement.validate_partition_distribution,compile_flag_disabled_returns_functionality_unsupported;public_stub_enabled_returns_functionality_unlicensed;private_provider_required_for_execution
immudb,reference_surface:replication_control,cluster.replication.consume_cluster_event,source_search_key=docs/reference/compatibility_release_acquisition/immudb/1.11.0/source/CHANGELOG.md#keyword:replication;intake_id=FSC-INTAKE-COMPATIBILITY-0236;source_family=replication_control;compatibility_parser_isolation=own_surface_only,sblr.replication.consumer.v3:cluster.replication.consume_cluster_event,compile_flag_disabled_returns_functionality_unsupported;public_stub_enabled_returns_functionality_unlicensed;private_provider_required_for_execution
immudb,reference_surface:raft_consensus,cluster.tx.validate_finality_proof,source_search_key=docs/reference/compatibility_release_acquisition/immudb/1.11.0/source/CHANGELOG.md#keyword:raft;intake_id=FSC-INTAKE-COMPATIBILITY-0237;source_family=raft_consensus;compatibility_parser_isolation=own_surface_only,required_new:sblr.cluster.transaction.v1:cluster.tx.validate_finality_proof,compile_flag_disabled_returns_functionality_unsupported;public_stub_enabled_returns_functionality_unlicensed;private_provider_required_for_execution
immudb,reference_surface:placement_policy,cluster.security.validate_policy_version,source_search_key=docs/reference/compatibility_release_acquisition/immudb/1.11.0/source/CHANGELOG.md#keyword:placement;intake_id=FSC-INTAKE-COMPATIBILITY-0238;source_family=placement_policy;compatibility_parser_isolation=own_surface_only,required_new:sblr.cluster.security.v1:cluster.security.validate_policy_version,compile_flag_disabled_returns_functionality_unsupported;public_stub_enabled_returns_functionality_unlicensed;private_provider_required_for_execution
immudb,reference_surface:replica_control,cluster.tx.begin_distributed,source_search_key=docs/reference/compatibility_release_acquisition/immudb/1.11.0/source/CHANGELOG.md#keyword:replica;intake_id=FSC-INTAKE-COMPATIBILITY-0239;source_family=replica_control;compatibility_parser_isolation=own_surface_only,required_new:sblr.cluster.transaction.v1:cluster.tx.begin_distributed,compile_flag_disabled_returns_functionality_unsupported;public_stub_enabled_returns_functionality_unlicensed;private_provider_required_for_execution
immudb,reference_surface:leader_election,cluster.node.set_role,source_search_key=docs/reference/compatibility_release_acquisition/immudb/1.11.0/source/CODE_OF_CONDUCT.md#keyword:leader;intake_id=FSC-INTAKE-COMPATIBILITY-0240;source_family=leader_election;compatibility_parser_isolation=own_surface_only,sblr.cluster.control.v3:cluster.node.set_role,compile_flag_disabled_returns_functionality_unsupported;public_stub_enabled_returns_functionality_unlicensed;private_provider_required_for_execution
influxdb,reference_surface:cluster_topology_or_control,cluster.job.start_controlled,source_search_key=docs/reference/compatibility_catalog_seeds/influxdb/influxdb_3_beta2_full_seed_manifest.yaml#keyword:cluster;intake_id=FSC-INTAKE-COMPATIBILITY-0241;source_family=cluster_topology_or_control;compatibility_parser_isolation=own_surface_only,sblr.cluster.control.v3:cluster.job.start_controlled,compile_flag_disabled_returns_functionality_unsupported;public_stub_enabled_returns_functionality_unlicensed;private_provider_required_for_execution
influxdb,reference_surface:replication_control,cluster.replication.consume_cluster_event,source_search_key=docs/reference/compatibility_catalog_seeds/influxdb/influxdb_3_beta2_full_seed_manifest.yaml#keyword:replication;intake_id=FSC-INTAKE-COMPATIBILITY-0242;source_family=replication_control;compatibility_parser_isolation=own_surface_only,sblr.replication.consumer.v3:cluster.replication.consume_cluster_event,compile_flag_disabled_returns_functionality_unsupported;public_stub_enabled_returns_functionality_unlicensed;private_provider_required_for_execution
influxdb,reference_surface:cdc_stream,cluster.metrics.emit_event,source_search_key=docs/reference/compatibility_catalog_seeds/influxdb/influxdb_3_beta2_full_seed_manifest.yaml#keyword:cdc;intake_id=FSC-INTAKE-COMPATIBILITY-0243;source_family=cdc_stream;compatibility_parser_isolation=own_surface_only,sblr.cluster.report.v3:cluster.metrics.emit_event,compile_flag_disabled_returns_functionality_unsupported;public_stub_enabled_returns_functionality_unlicensed;private_provider_required_for_execution
influxdb,reference_surface:shard_placement,cluster.placement.assign_tablet_range,source_search_key=docs/reference/compatibility_catalog_seeds/influxdb/influxdb_3_beta2_full_seed_manifest.yaml#keyword:shard;intake_id=FSC-INTAKE-COMPATIBILITY-0244;source_family=shard_placement;compatibility_parser_isolation=own_surface_only,required_new:sblr.cluster.placement.v1:cluster.placement.assign_tablet_range,compile_flag_disabled_returns_functionality_unsupported;public_stub_enabled_returns_functionality_unlicensed;private_provider_required_for_execution
influxdb,reference_surface:placement_policy,cluster.security.validate_policy_version,source_search_key=docs/reference/compatibility_catalog_seeds/influxdb/influxdb_3_beta2_full_seed_manifest.yaml#keyword:placement;intake_id=FSC-INTAKE-COMPATIBILITY-0245;source_family=placement_policy;compatibility_parser_isolation=own_surface_only,required_new:sblr.cluster.security.v1:cluster.security.validate_policy_version,compile_flag_disabled_returns_functionality_unsupported;public_stub_enabled_returns_functionality_unlicensed;private_provider_required_for_execution
influxdb,reference_surface:replica_control,cluster.tx.begin_distributed,source_search_key=docs/reference/compatibility_catalog_seeds/influxdb/influxdb_3_beta2_full_seed_manifest.yaml#keyword:replica;intake_id=FSC-INTAKE-COMPATIBILITY-0246;source_family=replica_control;compatibility_parser_isolation=own_surface_only,required_new:sblr.cluster.transaction.v1:cluster.tx.begin_distributed,compile_flag_disabled_returns_functionality_unsupported;public_stub_enabled_returns_functionality_unlicensed;private_provider_required_for_execution
influxdb,reference_surface:range_placement,cluster.placement.assign_tablet_range,source_search_key=docs/reference/compatibility_release_acquisition/influxdb/3.9.0/source/.circleci/config.yml#keyword:range;intake_id=FSC-INTAKE-COMPATIBILITY-0247;source_family=range_placement;compatibility_parser_isolation=own_surface_only,required_new:sblr.cluster.placement.v1:cluster.placement.assign_tablet_range,compile_flag_disabled_returns_functionality_unsupported;public_stub_enabled_returns_functionality_unlicensed;private_provider_required_for_execution
influxdb,reference_surface:distributed_execution_or_control,cluster.query.plan_distributed,source_search_key=docs/reference/compatibility_release_acquisition/influxdb/3.9.0/source/README_processing_engine.md#keyword:distributed;intake_id=FSC-INTAKE-COMPATIBILITY-0248;source_family=distributed_execution_or_control;compatibility_parser_isolation=own_surface_only,required_new:sblr.cluster.query.v1:cluster.query.plan_distributed,compile_flag_disabled_returns_functionality_unsupported;public_stub_enabled_returns_functionality_unlicensed;private_provider_required_for_execution
influxdb,reference_surface:changefeed_stream,cluster.metrics.emit_event,source_search_key=docs/specifications/chapters/compatibilitys/influxdb/README.md#keyword:changefeed;intake_id=FSC-INTAKE-COMPATIBILITY-0249;source_family=changefeed_stream;compatibility_parser_isolation=own_surface_only,sblr.cluster.report.v3:cluster.metrics.emit_event,compile_flag_disabled_returns_functionality_unsupported;public_stub_enabled_returns_functionality_unlicensed;private_provider_required_for_execution
influxdb,reference_surface:partition_distribution,cluster.placement.validate_partition_distribution,source_search_key=docs/specifications/chapters/compatibilitys/influxdb/appendix-compatibility-influxdb-exact-extraction-slice-4-migration-changefeed-retention-compaction-and-query-optimization-profile.md#keyword:partition;intake_id=FSC-INTAKE-COMPATIBILITY-0250;source_family=partition_distribution;compatibility_parser_isolation=own_surface_only,required_new:sblr.cluster.placement.v1:cluster.placement.validate_partition_distribution,compile_flag_disabled_returns_functionality_unsupported;public_stub_enabled_returns_functionality_unlicensed;private_provider_required_for_execution
mariadb,reference_surface:cluster_topology_or_control,cluster.job.start_controlled,source_search_key=docs/reference/compatibility_catalog_seeds/mariadb/mariadb_11_4_beta2_full_seed_manifest.yaml#keyword:cluster;intake_id=FSC-INTAKE-COMPATIBILITY-0251;source_family=cluster_topology_or_control;compatibility_parser_isolation=own_surface_only,sblr.cluster.control.v3:cluster.job.start_controlled,compile_flag_disabled_returns_functionality_unsupported;public_stub_enabled_returns_functionality_unlicensed;private_provider_required_for_execution
mariadb,reference_surface:replication_control,cluster.replication.consume_cluster_event,source_search_key=docs/reference/compatibility_catalog_seeds/mariadb/mariadb_11_4_beta2_full_seed_manifest.yaml#keyword:replication;intake_id=FSC-INTAKE-COMPATIBILITY-0252;source_family=replication_control;compatibility_parser_isolation=own_surface_only,sblr.replication.consumer.v3:cluster.replication.consume_cluster_event,compile_flag_disabled_returns_functionality_unsupported;public_stub_enabled_returns_functionality_unlicensed;private_provider_required_for_execution
mariadb,reference_surface:cdc_stream,cluster.metrics.emit_event,source_search_key=docs/reference/compatibility_catalog_seeds/mariadb/mariadb_11_4_beta2_full_seed_manifest.yaml#keyword:cdc;intake_id=FSC-INTAKE-COMPATIBILITY-0253;source_family=cdc_stream;compatibility_parser_isolation=own_surface_only,sblr.cluster.report.v3:cluster.metrics.emit_event,compile_flag_disabled_returns_functionality_unsupported;public_stub_enabled_returns_functionality_unlicensed;private_provider_required_for_execution
mariadb,reference_surface:galera_cluster,cluster.reconcile.apply_merge_policy,source_search_key=docs/reference/compatibility_catalog_seeds/mariadb/mariadb_11_4_beta2_full_seed_manifest.yaml#keyword:galera;intake_id=FSC-INTAKE-COMPATIBILITY-0254;source_family=galera_cluster;compatibility_parser_isolation=own_surface_only,required_new:sblr.cluster.reconciliation.v1:cluster.reconcile.apply_merge_policy,compile_flag_disabled_returns_functionality_unsupported;public_stub_enabled_returns_functionality_unlicensed;private_provider_required_for_execution
mariadb,reference_surface:placement_policy,cluster.security.validate_policy_version,source_search_key=docs/reference/compatibility_catalog_seeds/mariadb/mariadb_11_4_beta2_full_seed_manifest.yaml#keyword:placement;intake_id=FSC-INTAKE-COMPATIBILITY-0255;source_family=placement_policy;compatibility_parser_isolation=own_surface_only,required_new:sblr.cluster.security.v1:cluster.security.validate_policy_version,compile_flag_disabled_returns_functionality_unsupported;public_stub_enabled_returns_functionality_unlicensed;private_provider_required_for_execution
mariadb,reference_surface:replica_control,cluster.tx.begin_distributed,source_search_key=docs/reference/compatibility_catalog_seeds/mariadb/mariadb_11_4_beta2_full_seed_manifest.yaml#keyword:replica;intake_id=FSC-INTAKE-COMPATIBILITY-0256;source_family=replica_control;compatibility_parser_isolation=own_surface_only,required_new:sblr.cluster.transaction.v1:cluster.tx.begin_distributed,compile_flag_disabled_returns_functionality_unsupported;public_stub_enabled_returns_functionality_unlicensed;private_provider_required_for_execution
mariadb,reference_surface:raft_consensus,cluster.tx.validate_finality_proof,source_search_key=docs/reference/compatibility_catalog_seeds/mariadb/mariadb_catalog_object_mapping.csv#keyword:raft;intake_id=FSC-INTAKE-COMPATIBILITY-0257;source_family=raft_consensus;compatibility_parser_isolation=own_surface_only,required_new:sblr.cluster.transaction.v1:cluster.tx.validate_finality_proof,compile_flag_disabled_returns_functionality_unsupported;public_stub_enabled_returns_functionality_unlicensed;private_provider_required_for_execution
mariadb,reference_surface:distributed_execution_or_control,cluster.query.plan_distributed,source_search_key=docs/reference/compatibility_release_acquisition/mariadb/12.2.2/regression/mysql-test/CMakeLists.txt#keyword:distributed;intake_id=FSC-INTAKE-COMPATIBILITY-0258;source_family=distributed_execution_or_control;compatibility_parser_isolation=own_surface_only,required_new:sblr.cluster.query.v1:cluster.query.plan_distributed,compile_flag_disabled_returns_functionality_unsupported;public_stub_enabled_returns_functionality_unlicensed;private_provider_required_for_execution
mariadb,reference_surface:partition_distribution,cluster.placement.validate_partition_distribution,source_search_key=docs/reference/compatibility_release_acquisition/mariadb/12.2.2/regression/mysql-test/CMakeLists.txt#keyword:partition;intake_id=FSC-INTAKE-COMPATIBILITY-0259;source_family=partition_distribution;compatibility_parser_isolation=own_surface_only,required_new:sblr.cluster.placement.v1:cluster.placement.validate_partition_distribution,compile_flag_disabled_returns_functionality_unsupported;public_stub_enabled_returns_functionality_unlicensed;private_provider_required_for_execution
mariadb,reference_surface:range_placement,cluster.placement.assign_tablet_range,source_search_key=docs/reference/compatibility_release_acquisition/mariadb/12.2.2/regression/mysql-test/std_data/unicode/allkeys1400.txt#keyword:range;intake_id=FSC-INTAKE-COMPATIBILITY-0260;source_family=range_placement;compatibility_parser_isolation=own_surface_only,required_new:sblr.cluster.placement.v1:cluster.placement.assign_tablet_range,compile_flag_disabled_returns_functionality_unsupported;public_stub_enabled_returns_functionality_unlicensed;private_provider_required_for_execution
mariadb,reference_surface:leader_election,cluster.node.set_role,source_search_key=docs/reference/compatibility_release_acquisition/mariadb/12.2.2/regression/mysql-test/std_data/unicode/allkeys1400.txt#keyword:leader;intake_id=FSC-INTAKE-COMPATIBILITY-0261;source_family=leader_election;compatibility_parser_isolation=own_surface_only,sblr.cluster.control.v3:cluster.node.set_role,compile_flag_disabled_returns_functionality_unsupported;public_stub_enabled_returns_functionality_unlicensed;private_provider_required_for_execution
mariadb,reference_surface:failover_control,cluster.node.admit_member,source_search_key=docs/reference/compatibility_release_acquisition/mariadb/12.2.2/source/storage/columnstore/columnstore/cmapi/CMakeLists.txt#keyword:failover;intake_id=FSC-INTAKE-COMPATIBILITY-0262;source_family=failover_control;compatibility_parser_isolation=own_surface_only,sblr.cluster.control.v3:cluster.node.admit_member,compile_flag_disabled_returns_functionality_unsupported;public_stub_enabled_returns_functionality_unlicensed;private_provider_required_for_execution
mariadb,reference_surface:shard_placement,cluster.placement.assign_tablet_range,source_search_key=docs/reference/compatibility_release_acquisition/mariadb/12.2.2/source/storage/mroonga/vendor/groonga/plugins/CMakeLists.txt#keyword:shard;intake_id=FSC-INTAKE-COMPATIBILITY-0263;source_family=shard_placement;compatibility_parser_isolation=own_surface_only,required_new:sblr.cluster.placement.v1:cluster.placement.assign_tablet_range,compile_flag_disabled_returns_functionality_unsupported;public_stub_enabled_returns_functionality_unlicensed;private_provider_required_for_execution
mariadb,reference_surface:tablet_placement,cluster.placement.assign_tablet_range,source_search_key=docs/reference/compatibility_release_acquisition/mariadb/12.2.2/source/storage/rocksdb/rocksdb/USERS.md#keyword:tablet;intake_id=FSC-INTAKE-COMPATIBILITY-0264;source_family=tablet_placement;compatibility_parser_isolation=own_surface_only,required_new:sblr.cluster.placement.v1:cluster.placement.assign_tablet_range,compile_flag_disabled_returns_functionality_unsupported;public_stub_enabled_returns_functionality_unlicensed;private_provider_required_for_execution
milvus,reference_surface:cluster_topology_or_control,cluster.job.start_controlled,source_search_key=docs/reference/compatibility_catalog_seeds/milvus/milvus_2_beta2_full_seed_manifest.yaml#keyword:cluster;intake_id=FSC-INTAKE-COMPATIBILITY-0265;source_family=cluster_topology_or_control;compatibility_parser_isolation=own_surface_only,sblr.cluster.control.v3:cluster.job.start_controlled,compile_flag_disabled_returns_functionality_unsupported;public_stub_enabled_returns_functionality_unlicensed;private_provider_required_for_execution
milvus,reference_surface:replication_control,cluster.replication.consume_cluster_event,source_search_key=docs/reference/compatibility_catalog_seeds/milvus/milvus_2_beta2_full_seed_manifest.yaml#keyword:replication;intake_id=FSC-INTAKE-COMPATIBILITY-0266;source_family=replication_control;compatibility_parser_isolation=own_surface_only,sblr.replication.consumer.v3:cluster.replication.consume_cluster_event,compile_flag_disabled_returns_functionality_unsupported;public_stub_enabled_returns_functionality_unlicensed;private_provider_required_for_execution
milvus,reference_surface:placement_policy,cluster.security.validate_policy_version,source_search_key=docs/reference/compatibility_catalog_seeds/milvus/milvus_2_beta2_full_seed_manifest.yaml#keyword:placement;intake_id=FSC-INTAKE-COMPATIBILITY-0267;source_family=placement_policy;compatibility_parser_isolation=own_surface_only,required_new:sblr.cluster.security.v1:cluster.security.validate_policy_version,compile_flag_disabled_returns_functionality_unsupported;public_stub_enabled_returns_functionality_unlicensed;private_provider_required_for_execution
milvus,reference_surface:replica_control,cluster.tx.begin_distributed,source_search_key=docs/reference/compatibility_catalog_seeds/milvus/milvus_2_beta2_full_seed_manifest.yaml#keyword:replica;intake_id=FSC-INTAKE-COMPATIBILITY-0268;source_family=replica_control;compatibility_parser_isolation=own_surface_only,required_new:sblr.cluster.transaction.v1:cluster.tx.begin_distributed,compile_flag_disabled_returns_functionality_unsupported;public_stub_enabled_returns_functionality_unlicensed;private_provider_required_for_execution
milvus,reference_surface:partition_distribution,cluster.placement.validate_partition_distribution,source_search_key=docs/reference/compatibility_catalog_seeds/milvus/milvus_2_beta2_full_seed_manifest.yaml#keyword:partition;intake_id=FSC-INTAKE-COMPATIBILITY-0269;source_family=partition_distribution;compatibility_parser_isolation=own_surface_only,required_new:sblr.cluster.placement.v1:cluster.placement.validate_partition_distribution,compile_flag_disabled_returns_functionality_unsupported;public_stub_enabled_returns_functionality_unlicensed;private_provider_required_for_execution
milvus,reference_surface:distributed_execution_or_control,cluster.query.plan_distributed,source_search_key=docs/reference/compatibility_release_acquisition/milvus/2.6.5/release-notes/README.md#keyword:distributed;intake_id=FSC-INTAKE-COMPATIBILITY-0270;source_family=distributed_execution_or_control;compatibility_parser_isolation=own_surface_only,required_new:sblr.cluster.query.v1:cluster.query.plan_distributed,compile_flag_disabled_returns_functionality_unsupported;public_stub_enabled_returns_functionality_unlicensed;private_provider_required_for_execution
milvus,reference_surface:cdc_stream,cluster.metrics.emit_event,source_search_key=docs/reference/compatibility_release_acquisition/milvus/2.6.5/release-notes/README.md#keyword:cdc;intake_id=FSC-INTAKE-COMPATIBILITY-0271;source_family=cdc_stream;compatibility_parser_isolation=own_surface_only,sblr.cluster.report.v3:cluster.metrics.emit_event,compile_flag_disabled_returns_functionality_unsupported;public_stub_enabled_returns_functionality_unlicensed;private_provider_required_for_execution
milvus,reference_surface:range_placement,cluster.placement.assign_tablet_range,source_search_key=docs/reference/compatibility_release_acquisition/milvus/2.6.5/release-notes/README.md#keyword:range;intake_id=FSC-INTAKE-COMPATIBILITY-0272;source_family=range_placement;compatibility_parser_isolation=own_surface_only,required_new:sblr.cluster.placement.v1:cluster.placement.assign_tablet_range,compile_flag_disabled_returns_functionality_unsupported;public_stub_enabled_returns_functionality_unlicensed;private_provider_required_for_execution
milvus,reference_surface:leader_election,cluster.node.set_role,source_search_key=docs/reference/compatibility_release_acquisition/milvus/2.6.5/source/CODE_OF_CONDUCT.md#keyword:leader;intake_id=FSC-INTAKE-COMPATIBILITY-0273;source_family=leader_election;compatibility_parser_isolation=own_surface_only,sblr.cluster.control.v3:cluster.node.set_role,compile_flag_disabled_returns_functionality_unsupported;public_stub_enabled_returns_functionality_unlicensed;private_provider_required_for_execution
milvus,reference_surface:shard_placement,cluster.placement.assign_tablet_range,source_search_key=docs/reference/compatibility_release_acquisition/milvus/2.6.5/source/configs/milvus.yaml#keyword:shard;intake_id=FSC-INTAKE-COMPATIBILITY-0274;source_family=shard_placement;compatibility_parser_isolation=own_surface_only,required_new:sblr.cluster.placement.v1:cluster.placement.assign_tablet_range,compile_flag_disabled_returns_functionality_unsupported;public_stub_enabled_returns_functionality_unlicensed;private_provider_required_for_execution
milvus,reference_surface:raft_consensus,cluster.tx.validate_finality_proof,source_search_key=docs/reference/compatibility_release_acquisition/milvus/2.6.5/source/docs/developer_guides/how_to_develop_with_local_milvus_proto.md#keyword:raft;intake_id=FSC-INTAKE-COMPATIBILITY-0275;source_family=raft_consensus;compatibility_parser_isolation=own_surface_only,required_new:sblr.cluster.transaction.v1:cluster.tx.validate_finality_proof,compile_flag_disabled_returns_functionality_unsupported;public_stub_enabled_returns_functionality_unlicensed;private_provider_required_for_execution
milvus,reference_surface:tablet_placement,cluster.placement.assign_tablet_range,source_search_key=docs/reference/compatibility_release_acquisition/milvus/2.6.5/source/pkg/.mockery_pkg.yaml#keyword:tablet;intake_id=FSC-INTAKE-COMPATIBILITY-0276;source_family=tablet_placement;compatibility_parser_isolation=own_surface_only,required_new:sblr.cluster.placement.v1:cluster.placement.assign_tablet_range,compile_flag_disabled_returns_functionality_unsupported;public_stub_enabled_returns_functionality_unlicensed;private_provider_required_for_execution
mongodb,reference_surface:cluster_topology_or_control,cluster.job.start_controlled,source_search_key=docs/reference/compatibility_catalog_seeds/mongodb/mongodb_8_beta2_full_seed_manifest.yaml#keyword:cluster;intake_id=FSC-INTAKE-COMPATIBILITY-0277;source_family=cluster_topology_or_control;compatibility_parser_isolation=own_surface_only,sblr.cluster.control.v3:cluster.job.start_controlled,compile_flag_disabled_returns_functionality_unsupported;public_stub_enabled_returns_functionality_unlicensed;private_provider_required_for_execution
mongodb,reference_surface:replication_control,cluster.replication.consume_cluster_event,source_search_key=docs/reference/compatibility_catalog_seeds/mongodb/mongodb_8_beta2_full_seed_manifest.yaml#keyword:replication;intake_id=FSC-INTAKE-COMPATIBILITY-0278;source_family=replication_control;compatibility_parser_isolation=own_surface_only,sblr.replication.consumer.v3:cluster.replication.consume_cluster_event,compile_flag_disabled_returns_functionality_unsupported;public_stub_enabled_returns_functionality_unlicensed;private_provider_required_for_execution
mongodb,reference_surface:shard_placement,cluster.placement.assign_tablet_range,source_search_key=docs/reference/compatibility_catalog_seeds/mongodb/mongodb_8_beta2_full_seed_manifest.yaml#keyword:shard;intake_id=FSC-INTAKE-COMPATIBILITY-0279;source_family=shard_placement;compatibility_parser_isolation=own_surface_only,required_new:sblr.cluster.placement.v1:cluster.placement.assign_tablet_range,compile_flag_disabled_returns_functionality_unsupported;public_stub_enabled_returns_functionality_unlicensed;private_provider_required_for_execution
mongodb,reference_surface:placement_policy,cluster.security.validate_policy_version,source_search_key=docs/reference/compatibility_catalog_seeds/mongodb/mongodb_8_beta2_full_seed_manifest.yaml#keyword:placement;intake_id=FSC-INTAKE-COMPATIBILITY-0280;source_family=placement_policy;compatibility_parser_isolation=own_surface_only,required_new:sblr.cluster.security.v1:cluster.security.validate_policy_version,compile_flag_disabled_returns_functionality_unsupported;public_stub_enabled_returns_functionality_unlicensed;private_provider_required_for_execution
mongodb,reference_surface:replica_control,cluster.tx.begin_distributed,source_search_key=docs/reference/compatibility_catalog_seeds/mongodb/mongodb_8_beta2_full_seed_manifest.yaml#keyword:replica;intake_id=FSC-INTAKE-COMPATIBILITY-0281;source_family=replica_control;compatibility_parser_isolation=own_surface_only,required_new:sblr.cluster.transaction.v1:cluster.tx.begin_distributed,compile_flag_disabled_returns_functionality_unsupported;public_stub_enabled_returns_functionality_unlicensed;private_provider_required_for_execution
mongodb,reference_surface:range_placement,cluster.placement.assign_tablet_range,source_search_key=docs/reference/compatibility_release_acquisition/mongodb/8.2.6/license/LICENSE_SOURCE.txt#keyword:range;intake_id=FSC-INTAKE-COMPATIBILITY-0282;source_family=range_placement;compatibility_parser_isolation=own_surface_only,required_new:sblr.cluster.placement.v1:cluster.placement.assign_tablet_range,compile_flag_disabled_returns_functionality_unsupported;public_stub_enabled_returns_functionality_unlicensed;private_provider_required_for_execution
mongodb,reference_surface:distributed_execution_or_control,cluster.query.plan_distributed,source_search_key=docs/reference/compatibility_release_acquisition/mongodb/8.2.6/regression/SOURCE_POINTERS.md#keyword:distributed;intake_id=FSC-INTAKE-COMPATIBILITY-0283;source_family=distributed_execution_or_control;compatibility_parser_isolation=own_surface_only,required_new:sblr.cluster.query.v1:cluster.query.plan_distributed,compile_flag_disabled_returns_functionality_unsupported;public_stub_enabled_returns_functionality_unlicensed;private_provider_required_for_execution
mongodb,reference_surface:cdc_stream,cluster.metrics.emit_event,source_search_key=docs/reference/compatibility_release_acquisition/mongodb/8.2.6/source/README.third_party.md#keyword:cdc;intake_id=FSC-INTAKE-COMPATIBILITY-0284;source_family=cdc_stream;compatibility_parser_isolation=own_surface_only,sblr.cluster.report.v3:cluster.metrics.emit_event,compile_flag_disabled_returns_functionality_unsupported;public_stub_enabled_returns_functionality_unlicensed;private_provider_required_for_execution
mongodb,reference_surface:tablet_placement,cluster.placement.assign_tablet_range,source_search_key=docs/reference/compatibility_release_acquisition/mongodb/8.2.6/source/buildscripts/idl/compatibility_rules.yml#keyword:tablet;intake_id=FSC-INTAKE-COMPATIBILITY-0285;source_family=tablet_placement;compatibility_parser_isolation=own_surface_only,required_new:sblr.cluster.placement.v1:cluster.placement.assign_tablet_range,compile_flag_disabled_returns_functionality_unsupported;public_stub_enabled_returns_functionality_unlicensed;private_provider_required_for_execution
mongodb,reference_surface:raft_consensus,cluster.tx.validate_finality_proof,source_search_key=docs/reference/compatibility_release_acquisition/mongodb/8.2.6/source/buildscripts/idl/idl_schema.yml#keyword:raft;intake_id=FSC-INTAKE-COMPATIBILITY-0286;source_family=raft_consensus;compatibility_parser_isolation=own_surface_only,required_new:sblr.cluster.transaction.v1:cluster.tx.validate_finality_proof,compile_flag_disabled_returns_functionality_unsupported;public_stub_enabled_returns_functionality_unlicensed;private_provider_required_for_execution
mongodb,reference_surface:failover_control,cluster.node.admit_member,source_search_key=docs/reference/compatibility_release_acquisition/mongodb/8.2.6/source/buildscripts/resmokeconfig/matrix_suites/mappings/no_causal_consistency_replica_sets_kill_stepdown_terminate_jscore_passthrough.yml#keyword:failover;intake_id=FSC-INTAKE-COMPATIBILITY-0287;source_family=failover_control;compatibility_parser_isolation=own_surface_only,sblr.cluster.control.v3:cluster.node.admit_member,compile_flag_disabled_returns_functionality_unsupported;public_stub_enabled_returns_functionality_unlicensed;private_provider_required_for_execution
mongodb,reference_surface:partition_distribution,cluster.placement.assign_tablet_range,source_search_key=docs/reference/compatibility_release_acquisition/mongodb/8.2.6/source/buildscripts/resmokeconfig/suites/concurrency_sharded_multi_stmt_txn_stepdown_terminate_kill_primary.yml#keyword:partition;intake_id=FSC-INTAKE-COMPATIBILITY-0288;source_family=partition_distribution;compatibility_parser_isolation=own_surface_only,required_new:sblr.cluster.placement.v1:cluster.placement.assign_tablet_range,compile_flag_disabled_returns_functionality_unsupported;public_stub_enabled_returns_functionality_unlicensed;private_provider_required_for_execution
mongodb,reference_surface:leader_election,cluster.node.set_role,source_search_key=docs/reference/compatibility_release_acquisition/mongodb/8.2.6/source/src/mongo/db/repl/README.md#keyword:leader;intake_id=FSC-INTAKE-COMPATIBILITY-0289;source_family=leader_election;compatibility_parser_isolation=own_surface_only,sblr.cluster.control.v3:cluster.node.set_role,compile_flag_disabled_returns_functionality_unsupported;public_stub_enabled_returns_functionality_unlicensed;private_provider_required_for_execution
mongodb,reference_surface:changefeed_stream,cluster.metrics.emit_event,source_search_key=docs/specifications/chapters/compatibilitys/mongodb/appendix-compatibility-mongodb-exact-extraction-slice-5-sharding-index-migration-cdc-and-optimizer-profile.md#keyword:changefeed;intake_id=FSC-INTAKE-COMPATIBILITY-0290;source_family=changefeed_stream;compatibility_parser_isolation=own_surface_only,sblr.cluster.report.v3:cluster.metrics.emit_event,compile_flag_disabled_returns_functionality_unsupported;public_stub_enabled_returns_functionality_unlicensed;private_provider_required_for_execution
mysql,reference_surface:cluster_topology_or_control,cluster.job.start_controlled,source_search_key=docs/reference/compatibility_catalog_seeds/mysql/mysql_8_4_beta2_full_seed_manifest.yaml#keyword:cluster;intake_id=FSC-INTAKE-COMPATIBILITY-0291;source_family=cluster_topology_or_control;compatibility_parser_isolation=own_surface_only,sblr.cluster.control.v3:cluster.job.start_controlled,compile_flag_disabled_returns_functionality_unsupported;public_stub_enabled_returns_functionality_unlicensed;private_provider_required_for_execution
mysql,reference_surface:replication_control,cluster.replication.consume_cluster_event,source_search_key=docs/reference/compatibility_catalog_seeds/mysql/mysql_8_4_beta2_full_seed_manifest.yaml#keyword:replication;intake_id=FSC-INTAKE-COMPATIBILITY-0292;source_family=replication_control;compatibility_parser_isolation=own_surface_only,sblr.replication.consumer.v3:cluster.replication.consume_cluster_event,compile_flag_disabled_returns_functionality_unsupported;public_stub_enabled_returns_functionality_unlicensed;private_provider_required_for_execution
mysql,reference_surface:cdc_stream,cluster.metrics.emit_event,source_search_key=docs/reference/compatibility_catalog_seeds/mysql/mysql_8_4_beta2_full_seed_manifest.yaml#keyword:cdc;intake_id=FSC-INTAKE-COMPATIBILITY-0293;source_family=cdc_stream;compatibility_parser_isolation=own_surface_only,sblr.cluster.report.v3:cluster.metrics.emit_event,compile_flag_disabled_returns_functionality_unsupported;public_stub_enabled_returns_functionality_unlicensed;private_provider_required_for_execution
mysql,reference_surface:placement_policy,cluster.security.validate_policy_version,source_search_key=docs/reference/compatibility_catalog_seeds/mysql/mysql_8_4_beta2_full_seed_manifest.yaml#keyword:placement;intake_id=FSC-INTAKE-COMPATIBILITY-0294;source_family=placement_policy;compatibility_parser_isolation=own_surface_only,required_new:sblr.cluster.security.v1:cluster.security.validate_policy_version,compile_flag_disabled_returns_functionality_unsupported;public_stub_enabled_returns_functionality_unlicensed;private_provider_required_for_execution
mysql,reference_surface:replica_control,cluster.tx.begin_distributed,source_search_key=docs/reference/compatibility_catalog_seeds/mysql/mysql_8_4_beta2_full_seed_manifest.yaml#keyword:replica;intake_id=FSC-INTAKE-COMPATIBILITY-0295;source_family=replica_control;compatibility_parser_isolation=own_surface_only,required_new:sblr.cluster.transaction.v1:cluster.tx.begin_distributed,compile_flag_disabled_returns_functionality_unsupported;public_stub_enabled_returns_functionality_unlicensed;private_provider_required_for_execution
mysql,reference_surface:distributed_execution_or_control,cluster.query.plan_distributed,source_search_key=docs/reference/compatibility_release_acquisition/mysql/8.4.8/source/CMakeLists.txt#keyword:distributed;intake_id=FSC-INTAKE-COMPATIBILITY-0296;source_family=distributed_execution_or_control;compatibility_parser_isolation=own_surface_only,required_new:sblr.cluster.query.v1:cluster.query.plan_distributed,compile_flag_disabled_returns_functionality_unsupported;public_stub_enabled_returns_functionality_unlicensed;private_provider_required_for_execution
mysql,reference_surface:range_placement,cluster.placement.assign_tablet_range,source_search_key=docs/reference/compatibility_release_acquisition/mysql/8.4.8/source/Docs/sp-imp-spec.txt#keyword:range;intake_id=FSC-INTAKE-COMPATIBILITY-0297;source_family=range_placement;compatibility_parser_isolation=own_surface_only,required_new:sblr.cluster.placement.v1:cluster.placement.assign_tablet_range,compile_flag_disabled_returns_functionality_unsupported;public_stub_enabled_returns_functionality_unlicensed;private_provider_required_for_execution
mysql,reference_surface:raft_consensus,cluster.tx.validate_finality_proof,source_search_key=docs/reference/compatibility_release_acquisition/mysql/8.4.8/source/extra/libedit/libedit-20240808-3.1/src/CMakeLists.txt#keyword:raft;intake_id=FSC-INTAKE-COMPATIBILITY-0298;source_family=raft_consensus;compatibility_parser_isolation=own_surface_only,required_new:sblr.cluster.transaction.v1:cluster.tx.validate_finality_proof,compile_flag_disabled_returns_functionality_unsupported;public_stub_enabled_returns_functionality_unlicensed;private_provider_required_for_execution
mysql,reference_surface:shard_placement,cluster.placement.assign_tablet_range,source_search_key=docs/reference/compatibility_release_acquisition/mysql/8.4.8/source/mysql-test/lock_order_dependencies.txt#keyword:shard;intake_id=FSC-INTAKE-COMPATIBILITY-0299;source_family=shard_placement;compatibility_parser_isolation=own_surface_only,required_new:sblr.cluster.placement.v1:cluster.placement.assign_tablet_range,compile_flag_disabled_returns_functionality_unsupported;public_stub_enabled_returns_functionality_unlicensed;private_provider_required_for_execution
mysql,reference_surface:partition_distribution,cluster.placement.validate_partition_distribution,source_search_key=docs/reference/compatibility_release_acquisition/mysql/8.4.8/source/mysql-test/lock_order_dependencies.txt#keyword:partition;intake_id=FSC-INTAKE-COMPATIBILITY-0300;source_family=partition_distribution;compatibility_parser_isolation=own_surface_only,required_new:sblr.cluster.placement.v1:cluster.placement.validate_partition_distribution,compile_flag_disabled_returns_functionality_unsupported;public_stub_enabled_returns_functionality_unlicensed;private_provider_required_for_execution
mysql,reference_surface:failover_control,cluster.node.admit_member,source_search_key=docs/reference/compatibility_release_acquisition/mysql/8.4.8/source/mysql-test/std_data/dd/sdi/innodb_sdi/mysql.json#keyword:failover;intake_id=FSC-INTAKE-COMPATIBILITY-0301;source_family=failover_control;compatibility_parser_isolation=own_surface_only,sblr.cluster.control.v3:cluster.node.admit_member,compile_flag_disabled_returns_functionality_unsupported;public_stub_enabled_returns_functionality_unlicensed;private_provider_required_for_execution
mysql,reference_surface:leader_election,cluster.node.set_role,source_search_key=docs/reference/compatibility_release_acquisition/mysql/8.4.8/source/mysql-test/std_data/lob/frankenstein.txt#keyword:leader;intake_id=FSC-INTAKE-COMPATIBILITY-0302;source_family=leader_election;compatibility_parser_isolation=own_surface_only,sblr.cluster.control.v3:cluster.node.set_role,compile_flag_disabled_returns_functionality_unsupported;public_stub_enabled_returns_functionality_unlicensed;private_provider_required_for_execution
neo4j,reference_surface:cluster_topology_or_control,cluster.job.start_controlled,source_search_key=docs/reference/compatibility_catalog_seeds/neo4j/neo4j_2025_beta2_full_seed_manifest.yaml#keyword:cluster;intake_id=FSC-INTAKE-COMPATIBILITY-0303;source_family=cluster_topology_or_control;compatibility_parser_isolation=own_surface_only,sblr.cluster.control.v3:cluster.job.start_controlled,compile_flag_disabled_returns_functionality_unsupported;public_stub_enabled_returns_functionality_unlicensed;private_provider_required_for_execution
neo4j,reference_surface:replication_control,cluster.replication.consume_cluster_event,source_search_key=docs/reference/compatibility_catalog_seeds/neo4j/neo4j_2025_beta2_full_seed_manifest.yaml#keyword:replication;intake_id=FSC-INTAKE-COMPATIBILITY-0304;source_family=replication_control;compatibility_parser_isolation=own_surface_only,sblr.replication.consumer.v3:cluster.replication.consume_cluster_event,compile_flag_disabled_returns_functionality_unsupported;public_stub_enabled_returns_functionality_unlicensed;private_provider_required_for_execution
neo4j,reference_surface:cdc_stream,cluster.metrics.emit_event,source_search_key=docs/reference/compatibility_catalog_seeds/neo4j/neo4j_2025_beta2_full_seed_manifest.yaml#keyword:cdc;intake_id=FSC-INTAKE-COMPATIBILITY-0305;source_family=cdc_stream;compatibility_parser_isolation=own_surface_only,sblr.cluster.report.v3:cluster.metrics.emit_event,compile_flag_disabled_returns_functionality_unsupported;public_stub_enabled_returns_functionality_unlicensed;private_provider_required_for_execution
neo4j,reference_surface:placement_policy,cluster.security.validate_policy_version,source_search_key=docs/reference/compatibility_catalog_seeds/neo4j/neo4j_2025_beta2_full_seed_manifest.yaml#keyword:placement;intake_id=FSC-INTAKE-COMPATIBILITY-0306;source_family=placement_policy;compatibility_parser_isolation=own_surface_only,required_new:sblr.cluster.security.v1:cluster.security.validate_policy_version,compile_flag_disabled_returns_functionality_unsupported;public_stub_enabled_returns_functionality_unlicensed;private_provider_required_for_execution
neo4j,reference_surface:replica_control,cluster.tx.begin_distributed,source_search_key=docs/reference/compatibility_catalog_seeds/neo4j/neo4j_2025_beta2_full_seed_manifest.yaml#keyword:replica;intake_id=FSC-INTAKE-COMPATIBILITY-0307;source_family=replica_control;compatibility_parser_isolation=own_surface_only,required_new:sblr.cluster.transaction.v1:cluster.tx.begin_distributed,compile_flag_disabled_returns_functionality_unsupported;public_stub_enabled_returns_functionality_unlicensed;private_provider_required_for_execution
neo4j,reference_surface:distributed_execution_or_control,cluster.query.plan_distributed,source_search_key=docs/reference/compatibility_release_acquisition/neo4j/2026.04.0/license/LICENSE_SOURCE.txt#keyword:distributed;intake_id=FSC-INTAKE-COMPATIBILITY-0308;source_family=distributed_execution_or_control;compatibility_parser_isolation=own_surface_only,required_new:sblr.cluster.query.v1:cluster.query.plan_distributed,compile_flag_disabled_returns_functionality_unsupported;public_stub_enabled_returns_functionality_unlicensed;private_provider_required_for_execution
neo4j,reference_surface:range_placement,cluster.placement.assign_tablet_range,source_search_key=docs/reference/compatibility_release_acquisition/neo4j/2026.04.0/license/LICENSE_SOURCE.txt#keyword:range;intake_id=FSC-INTAKE-COMPATIBILITY-0309;source_family=range_placement;compatibility_parser_isolation=own_surface_only,required_new:sblr.cluster.placement.v1:cluster.placement.assign_tablet_range,compile_flag_disabled_returns_functionality_unsupported;public_stub_enabled_returns_functionality_unlicensed;private_provider_required_for_execution
neo4j,reference_surface:raft_consensus,cluster.tx.validate_finality_proof,source_search_key=docs/reference/compatibility_release_acquisition/neo4j/2026.04.0/source/community/bolt/ThirdPartyLicenses.txt#keyword:raft;intake_id=FSC-INTAKE-COMPATIBILITY-0310;source_family=raft_consensus;compatibility_parser_isolation=own_surface_only,required_new:sblr.cluster.transaction.v1:cluster.tx.validate_finality_proof,compile_flag_disabled_returns_functionality_unsupported;public_stub_enabled_returns_functionality_unlicensed;private_provider_required_for_execution
neo4j,reference_surface:shard_placement,cluster.placement.assign_tablet_range,source_search_key=docs/reference/compatibility_release_acquisition/neo4j/2026.04.0/source/community/common/PublicApi.txt#keyword:shard;intake_id=FSC-INTAKE-COMPATIBILITY-0311;source_family=shard_placement;compatibility_parser_isolation=own_surface_only,required_new:sblr.cluster.placement.v1:cluster.placement.assign_tablet_range,compile_flag_disabled_returns_functionality_unsupported;public_stub_enabled_returns_functionality_unlicensed;private_provider_required_for_execution
neo4j,reference_surface:leader_election,cluster.node.set_role,source_search_key=docs/reference/compatibility_release_acquisition/neo4j/2026.04.0/source/community/common/PublicApi.txt#keyword:leader;intake_id=FSC-INTAKE-COMPATIBILITY-0312;source_family=leader_election;compatibility_parser_isolation=own_surface_only,sblr.cluster.control.v3:cluster.node.set_role,compile_flag_disabled_returns_functionality_unsupported;public_stub_enabled_returns_functionality_unlicensed;private_provider_required_for_execution
opensearch,reference_surface:cluster_topology_or_control,cluster.job.start_controlled,source_search_key=docs/reference/compatibility_catalog_seeds/opensearch/opensearch_2_beta2_full_seed_manifest.yaml#keyword:cluster;intake_id=FSC-INTAKE-COMPATIBILITY-0313;source_family=cluster_topology_or_control;compatibility_parser_isolation=own_surface_only,sblr.cluster.control.v3:cluster.job.start_controlled,compile_flag_disabled_returns_functionality_unsupported;public_stub_enabled_returns_functionality_unlicensed;private_provider_required_for_execution
opensearch,reference_surface:replication_control,cluster.replication.consume_cluster_event,source_search_key=docs/reference/compatibility_catalog_seeds/opensearch/opensearch_2_beta2_full_seed_manifest.yaml#keyword:replication;intake_id=FSC-INTAKE-COMPATIBILITY-0314;source_family=replication_control;compatibility_parser_isolation=own_surface_only,sblr.replication.consumer.v3:cluster.replication.consume_cluster_event,compile_flag_disabled_returns_functionality_unsupported;public_stub_enabled_returns_functionality_unlicensed;private_provider_required_for_execution
opensearch,reference_surface:cdc_stream,cluster.metrics.emit_event,source_search_key=docs/reference/compatibility_catalog_seeds/opensearch/opensearch_2_beta2_full_seed_manifest.yaml#keyword:cdc;intake_id=FSC-INTAKE-COMPATIBILITY-0315;source_family=cdc_stream;compatibility_parser_isolation=own_surface_only,sblr.cluster.report.v3:cluster.metrics.emit_event,compile_flag_disabled_returns_functionality_unsupported;public_stub_enabled_returns_functionality_unlicensed;private_provider_required_for_execution
opensearch,reference_surface:shard_placement,cluster.placement.assign_tablet_range,source_search_key=docs/reference/compatibility_catalog_seeds/opensearch/opensearch_2_beta2_full_seed_manifest.yaml#keyword:shard;intake_id=FSC-INTAKE-COMPATIBILITY-0316;source_family=shard_placement;compatibility_parser_isolation=own_surface_only,required_new:sblr.cluster.placement.v1:cluster.placement.assign_tablet_range,compile_flag_disabled_returns_functionality_unsupported;public_stub_enabled_returns_functionality_unlicensed;private_provider_required_for_execution
opensearch,reference_surface:placement_policy,cluster.security.validate_policy_version,source_search_key=docs/reference/compatibility_catalog_seeds/opensearch/opensearch_2_beta2_full_seed_manifest.yaml#keyword:placement;intake_id=FSC-INTAKE-COMPATIBILITY-0317;source_family=placement_policy;compatibility_parser_isolation=own_surface_only,required_new:sblr.cluster.security.v1:cluster.security.validate_policy_version,compile_flag_disabled_returns_functionality_unsupported;public_stub_enabled_returns_functionality_unlicensed;private_provider_required_for_execution
opensearch,reference_surface:replica_control,cluster.tx.begin_distributed,source_search_key=docs/reference/compatibility_catalog_seeds/opensearch/opensearch_2_beta2_full_seed_manifest.yaml#keyword:replica;intake_id=FSC-INTAKE-COMPATIBILITY-0318;source_family=replica_control;compatibility_parser_isolation=own_surface_only,required_new:sblr.cluster.transaction.v1:cluster.tx.begin_distributed,compile_flag_disabled_returns_functionality_unsupported;public_stub_enabled_returns_functionality_unlicensed;private_provider_required_for_execution
opensearch,reference_surface:distributed_execution_or_control,cluster.query.fanout_search,source_search_key=docs/reference/compatibility_release_acquisition/opensearch/3.6.0/license/LICENSE.txt#keyword:distributed;intake_id=FSC-INTAKE-COMPATIBILITY-0319;source_family=distributed_execution_or_control;compatibility_parser_isolation=own_surface_only,required_new:sblr.cluster.query.v1:cluster.query.fanout_search,compile_flag_disabled_returns_functionality_unsupported;public_stub_enabled_returns_functionality_unlicensed;private_provider_required_for_execution
opensearch,reference_surface:range_placement,cluster.placement.assign_tablet_range,source_search_key=docs/reference/compatibility_release_acquisition/opensearch/3.6.0/source/.github/benchmark-configs.json#keyword:range;intake_id=FSC-INTAKE-COMPATIBILITY-0320;source_family=range_placement;compatibility_parser_isolation=own_surface_only,required_new:sblr.cluster.placement.v1:cluster.placement.assign_tablet_range,compile_flag_disabled_returns_functionality_unsupported;public_stub_enabled_returns_functionality_unlicensed;private_provider_required_for_execution
opensearch,reference_surface:partition_distribution,cluster.placement.validate_partition_distribution,source_search_key=docs/reference/compatibility_release_acquisition/opensearch/3.6.0/source/.github/benchmark-configs.json#keyword:partition;intake_id=FSC-INTAKE-COMPATIBILITY-0321;source_family=partition_distribution;compatibility_parser_isolation=own_surface_only,required_new:sblr.cluster.placement.v1:cluster.placement.validate_partition_distribution,compile_flag_disabled_returns_functionality_unsupported;public_stub_enabled_returns_functionality_unlicensed;private_provider_required_for_execution
opensearch,reference_surface:raft_consensus,cluster.tx.validate_finality_proof,source_search_key=docs/reference/compatibility_release_acquisition/opensearch/3.6.0/source/AGENTS.md#keyword:raft;intake_id=FSC-INTAKE-COMPATIBILITY-0322;source_family=raft_consensus;compatibility_parser_isolation=own_surface_only,required_new:sblr.cluster.transaction.v1:cluster.tx.validate_finality_proof,compile_flag_disabled_returns_functionality_unsupported;public_stub_enabled_returns_functionality_unlicensed;private_provider_required_for_execution
opensearch,reference_surface:tablet_placement,cluster.placement.assign_tablet_range,source_search_key=docs/reference/compatibility_release_acquisition/opensearch/3.6.0/source/CHANGELOG.md#keyword:tablet;intake_id=FSC-INTAKE-COMPATIBILITY-0323;source_family=tablet_placement;compatibility_parser_isolation=own_surface_only,required_new:sblr.cluster.placement.v1:cluster.placement.assign_tablet_range,compile_flag_disabled_returns_functionality_unsupported;public_stub_enabled_returns_functionality_unlicensed;private_provider_required_for_execution
opensearch,reference_surface:leader_election,cluster.node.set_role,source_search_key=docs/reference/compatibility_release_acquisition/opensearch/3.6.0/source/modules/analysis-common/src/yamlRestTest/resources/rest-api-spec/test/search.suggest/20_phrase.yml#keyword:leader;intake_id=FSC-INTAKE-COMPATIBILITY-0324;source_family=leader_election;compatibility_parser_isolation=own_surface_only,sblr.cluster.control.v3:cluster.node.set_role,compile_flag_disabled_returns_functionality_unsupported;public_stub_enabled_returns_functionality_unlicensed;private_provider_required_for_execution
opensearch,reference_surface:failover_control,cluster.node.admit_member,source_search_key=docs/reference/compatibility_release_acquisition/opensearch/3.6.0/source/release-notes/opensearch.release-notes-1.2.0.md#keyword:failover;intake_id=FSC-INTAKE-COMPATIBILITY-0325;source_family=failover_control;compatibility_parser_isolation=own_surface_only,sblr.cluster.control.v3:cluster.node.admit_member,compile_flag_disabled_returns_functionality_unsupported;public_stub_enabled_returns_functionality_unlicensed;private_provider_required_for_execution
opensearch,reference_surface:raft_consensus,cluster.tx.validate_finality_proof,source_search_key=docs/reference/compatibility_release_acquisition/opensearch_sql_ppl/source/.claude/harness/ppl-bugfix-harness.md#keyword:raft;intake_id=FSC-INTAKE-COMPATIBILITY-0326;source_family=raft_consensus;compatibility_parser_isolation=own_surface_only,required_new:sblr.cluster.transaction.v1:cluster.tx.validate_finality_proof,compile_flag_disabled_returns_functionality_unsupported;public_stub_enabled_returns_functionality_unlicensed;private_provider_required_for_execution
opensearch,reference_surface:shard_placement,cluster.placement.assign_tablet_range,source_search_key=docs/reference/compatibility_release_acquisition/opensearch_sql_ppl/source/.claude/harness/ppl-bugfix-reference.md#keyword:shard;intake_id=FSC-INTAKE-COMPATIBILITY-0327;source_family=shard_placement;compatibility_parser_isolation=own_surface_only,required_new:sblr.cluster.placement.v1:cluster.placement.assign_tablet_range,compile_flag_disabled_returns_functionality_unsupported;public_stub_enabled_returns_functionality_unlicensed;private_provider_required_for_execution
opensearch,reference_surface:replica_control,cluster.tx.begin_distributed,source_search_key=docs/reference/compatibility_release_acquisition/opensearch_sql_ppl/source/.claude/harness/ppl-bugfix-reference.md#keyword:replica;intake_id=FSC-INTAKE-COMPATIBILITY-0328;source_family=replica_control;compatibility_parser_isolation=own_surface_only,required_new:sblr.cluster.transaction.v1:cluster.tx.begin_distributed,compile_flag_disabled_returns_functionality_unsupported;public_stub_enabled_returns_functionality_unlicensed;private_provider_required_for_execution
opensearch,reference_surface:cluster_topology_or_control,cluster.job.start_controlled,source_search_key=docs/reference/compatibility_release_acquisition/opensearch_sql_ppl/source/.github/workflows/integ-tests-with-security.yml#keyword:cluster;intake_id=FSC-INTAKE-COMPATIBILITY-0329;source_family=cluster_topology_or_control;compatibility_parser_isolation=own_surface_only,sblr.cluster.control.v3:cluster.job.start_controlled,compile_flag_disabled_returns_functionality_unsupported;public_stub_enabled_returns_functionality_unlicensed;private_provider_required_for_execution
opensearch,reference_surface:distributed_execution_or_control,cluster.query.fanout_search,source_search_key=docs/reference/compatibility_release_acquisition/opensearch_sql_ppl/source/CONTRIBUTING.md#keyword:distributed;intake_id=FSC-INTAKE-COMPATIBILITY-0330;source_family=distributed_execution_or_control;compatibility_parser_isolation=own_surface_only,required_new:sblr.cluster.query.v1:cluster.query.fanout_search,compile_flag_disabled_returns_functionality_unsupported;public_stub_enabled_returns_functionality_unlicensed;private_provider_required_for_execution
opensearch,reference_surface:range_placement,cluster.placement.assign_tablet_range,source_search_key=docs/reference/compatibility_release_acquisition/opensearch_sql_ppl/source/docs/dev/datasource-prometheus.md#keyword:range;intake_id=FSC-INTAKE-COMPATIBILITY-0331;source_family=range_placement;compatibility_parser_isolation=own_surface_only,required_new:sblr.cluster.placement.v1:cluster.placement.assign_tablet_range,compile_flag_disabled_returns_functionality_unsupported;public_stub_enabled_returns_functionality_unlicensed;private_provider_required_for_execution
opensearch,reference_surface:partition_distribution,cluster.placement.validate_partition_distribution,source_search_key=docs/reference/compatibility_release_acquisition/opensearch_sql_ppl/source/docs/dev/datasource-query-s3.md#keyword:partition;intake_id=FSC-INTAKE-COMPATIBILITY-0332;source_family=partition_distribution;compatibility_parser_isolation=own_surface_only,required_new:sblr.cluster.placement.v1:cluster.placement.validate_partition_distribution,compile_flag_disabled_returns_functionality_unsupported;public_stub_enabled_returns_functionality_unlicensed;private_provider_required_for_execution
opensearch,reference_surface:placement_policy,cluster.security.validate_policy_version,source_search_key=docs/reference/compatibility_release_acquisition/opensearch_sql_ppl/source/docs/user/ppl/cmd/fillnull.md#keyword:placement;intake_id=FSC-INTAKE-COMPATIBILITY-0333;source_family=placement_policy;compatibility_parser_isolation=own_surface_only,required_new:sblr.cluster.security.v1:cluster.security.validate_policy_version,compile_flag_disabled_returns_functionality_unsupported;public_stub_enabled_returns_functionality_unlicensed;private_provider_required_for_execution
opensearch,reference_surface:tablet_placement,cluster.placement.assign_tablet_range,source_search_key=docs/reference/compatibility_release_acquisition/opensearch_sql_ppl/source/docs/user/ppl/functions/condition.md#keyword:tablet;intake_id=FSC-INTAKE-COMPATIBILITY-0334;source_family=tablet_placement;compatibility_parser_isolation=own_surface_only,required_new:sblr.cluster.placement.v1:cluster.placement.assign_tablet_range,compile_flag_disabled_returns_functionality_unsupported;public_stub_enabled_returns_functionality_unlicensed;private_provider_required_for_execution
opensearch,reference_surface:replication_control,cluster.replication.consume_cluster_event,source_search_key=docs/reference/compatibility_release_acquisition/opensearch_sql_ppl/source/release-notes/opensearch-sql.release-notes-2.10.0.0.md#keyword:replication;intake_id=FSC-INTAKE-COMPATIBILITY-0335;source_family=replication_control;compatibility_parser_isolation=own_surface_only,sblr.replication.consumer.v3:cluster.replication.consume_cluster_event,compile_flag_disabled_returns_functionality_unsupported;public_stub_enabled_returns_functionality_unlicensed;private_provider_required_for_execution
postgresql,reference_surface:cluster_topology_or_control,cluster.job.start_controlled,source_search_key=docs/reference/compatibility_catalog_seeds/postgresql/postgresql_18_1_beta2_full_seed_manifest.yaml#keyword:cluster;intake_id=FSC-INTAKE-COMPATIBILITY-0336;source_family=cluster_topology_or_control;compatibility_parser_isolation=own_surface_only,sblr.cluster.control.v3:cluster.job.start_controlled,compile_flag_disabled_returns_functionality_unsupported;public_stub_enabled_returns_functionality_unlicensed;private_provider_required_for_execution
postgresql,reference_surface:replication_control,cluster.replication.consume_cluster_event,source_search_key=docs/reference/compatibility_catalog_seeds/postgresql/postgresql_18_1_beta2_full_seed_manifest.yaml#keyword:replication;intake_id=FSC-INTAKE-COMPATIBILITY-0337;source_family=replication_control;compatibility_parser_isolation=own_surface_only,sblr.replication.consumer.v3:cluster.replication.consume_cluster_event,compile_flag_disabled_returns_functionality_unsupported;public_stub_enabled_returns_functionality_unlicensed;private_provider_required_for_execution
postgresql,reference_surface:cdc_stream,cluster.metrics.emit_event,source_search_key=docs/reference/compatibility_catalog_seeds/postgresql/postgresql_18_1_beta2_full_seed_manifest.yaml#keyword:cdc;intake_id=FSC-INTAKE-COMPATIBILITY-0338;source_family=cdc_stream;compatibility_parser_isolation=own_surface_only,sblr.cluster.report.v3:cluster.metrics.emit_event,compile_flag_disabled_returns_functionality_unsupported;public_stub_enabled_returns_functionality_unlicensed;private_provider_required_for_execution
postgresql,reference_surface:placement_policy,cluster.security.validate_policy_version,source_search_key=docs/reference/compatibility_catalog_seeds/postgresql/postgresql_18_1_beta2_full_seed_manifest.yaml#keyword:placement;intake_id=FSC-INTAKE-COMPATIBILITY-0339;source_family=placement_policy;compatibility_parser_isolation=own_surface_only,required_new:sblr.cluster.security.v1:cluster.security.validate_policy_version,compile_flag_disabled_returns_functionality_unsupported;public_stub_enabled_returns_functionality_unlicensed;private_provider_required_for_execution
postgresql,reference_surface:replica_control,cluster.tx.begin_distributed,source_search_key=docs/reference/compatibility_catalog_seeds/postgresql/postgresql_18_1_beta2_full_seed_manifest.yaml#keyword:replica;intake_id=FSC-INTAKE-COMPATIBILITY-0340;source_family=replica_control;compatibility_parser_isolation=own_surface_only,required_new:sblr.cluster.transaction.v1:cluster.tx.begin_distributed,compile_flag_disabled_returns_functionality_unsupported;public_stub_enabled_returns_functionality_unlicensed;private_provider_required_for_execution
postgresql,reference_surface:range_placement,cluster.placement.assign_tablet_range,source_search_key=docs/reference/compatibility_catalog_seeds/postgresql/postgresql_18_1_catalog_inventory.csv#keyword:range;intake_id=FSC-INTAKE-COMPATIBILITY-0341;source_family=range_placement;compatibility_parser_isolation=own_surface_only,required_new:sblr.cluster.placement.v1:cluster.placement.assign_tablet_range,compile_flag_disabled_returns_functionality_unsupported;public_stub_enabled_returns_functionality_unlicensed;private_provider_required_for_execution
postgresql,reference_surface:partition_distribution,cluster.placement.validate_partition_distribution,source_search_key=docs/reference/compatibility_catalog_seeds/postgresql/postgresql_18_1_catalog_inventory.csv#keyword:partition;intake_id=FSC-INTAKE-COMPATIBILITY-0342;source_family=partition_distribution;compatibility_parser_isolation=own_surface_only,required_new:sblr.cluster.placement.v1:cluster.placement.validate_partition_distribution,compile_flag_disabled_returns_functionality_unsupported;public_stub_enabled_returns_functionality_unlicensed;private_provider_required_for_execution
postgresql,reference_surface:raft_consensus,cluster.tx.validate_finality_proof,source_search_key=docs/reference/compatibility_catalog_seeds/postgresql/postgresql_18_1_seed_manifest.yaml#keyword:raft;intake_id=FSC-INTAKE-COMPATIBILITY-0343;source_family=raft_consensus;compatibility_parser_isolation=own_surface_only,required_new:sblr.cluster.transaction.v1:cluster.tx.validate_finality_proof,compile_flag_disabled_returns_functionality_unsupported;public_stub_enabled_returns_functionality_unlicensed;private_provider_required_for_execution
postgresql,reference_surface:leader_election,cluster.node.set_role,source_search_key=docs/reference/compatibility_release_acquisition/postgresql/18.3/source/src/backend/utils/activity/wait_event_names.txt#keyword:leader;intake_id=FSC-INTAKE-COMPATIBILITY-0344;source_family=leader_election;compatibility_parser_isolation=own_surface_only,sblr.cluster.control.v3:cluster.node.set_role,compile_flag_disabled_returns_functionality_unsupported;public_stub_enabled_returns_functionality_unlicensed;private_provider_required_for_execution
postgresql,reference_surface:failover_control,cluster.node.admit_member,source_search_key=docs/specifications/chapters/compatibilitys/postgresql/README.md#keyword:failover;intake_id=FSC-INTAKE-COMPATIBILITY-0345;source_family=failover_control;compatibility_parser_isolation=own_surface_only,sblr.cluster.control.v3:cluster.node.admit_member,compile_flag_disabled_returns_functionality_unsupported;public_stub_enabled_returns_functionality_unlicensed;private_provider_required_for_execution
postgresql,reference_surface:distributed_execution_or_control,cluster.query.plan_distributed,source_search_key=docs/specifications/chapters/compatibilitys/postgresql/appendix-compatibility-postgresql-go-readiness-exact-extraction-closure.md#keyword:distributed;intake_id=FSC-INTAKE-COMPATIBILITY-0346;source_family=distributed_execution_or_control;compatibility_parser_isolation=own_surface_only,required_new:sblr.cluster.query.v1:cluster.query.plan_distributed,compile_flag_disabled_returns_functionality_unsupported;public_stub_enabled_returns_functionality_unlicensed;private_provider_required_for_execution
redis,reference_surface:cluster_topology_or_control,cluster.job.start_controlled,source_search_key=docs/reference/compatibility_catalog_seeds/redis/redis_8_beta2_full_seed_manifest.yaml#keyword:cluster;intake_id=FSC-INTAKE-COMPATIBILITY-0347;source_family=cluster_topology_or_control;compatibility_parser_isolation=own_surface_only,sblr.cluster.control.v3:cluster.job.start_controlled,compile_flag_disabled_returns_functionality_unsupported;public_stub_enabled_returns_functionality_unlicensed;private_provider_required_for_execution
redis,reference_surface:replication_control,cluster.replication.consume_cluster_event,source_search_key=docs/reference/compatibility_catalog_seeds/redis/redis_8_beta2_full_seed_manifest.yaml#keyword:replication;intake_id=FSC-INTAKE-COMPATIBILITY-0348;source_family=replication_control;compatibility_parser_isolation=own_surface_only,sblr.replication.consumer.v3:cluster.replication.consume_cluster_event,compile_flag_disabled_returns_functionality_unsupported;public_stub_enabled_returns_functionality_unlicensed;private_provider_required_for_execution
redis,reference_surface:range_placement,cluster.placement.assign_tablet_range,source_search_key=docs/reference/compatibility_catalog_seeds/redis/redis_8_beta2_full_seed_manifest.yaml#keyword:range;intake_id=FSC-INTAKE-COMPATIBILITY-0349;source_family=range_placement;compatibility_parser_isolation=own_surface_only,required_new:sblr.cluster.placement.v1:cluster.placement.assign_tablet_range,compile_flag_disabled_returns_functionality_unsupported;public_stub_enabled_returns_functionality_unlicensed;private_provider_required_for_execution
redis,reference_surface:placement_policy,cluster.security.validate_policy_version,source_search_key=docs/reference/compatibility_catalog_seeds/redis/redis_8_beta2_full_seed_manifest.yaml#keyword:placement;intake_id=FSC-INTAKE-COMPATIBILITY-0350;source_family=placement_policy;compatibility_parser_isolation=own_surface_only,required_new:sblr.cluster.security.v1:cluster.security.validate_policy_version,compile_flag_disabled_returns_functionality_unsupported;public_stub_enabled_returns_functionality_unlicensed;private_provider_required_for_execution
redis,reference_surface:replica_control,cluster.tx.begin_distributed,source_search_key=docs/reference/compatibility_catalog_seeds/redis/redis_8_beta2_full_seed_manifest.yaml#keyword:replica;intake_id=FSC-INTAKE-COMPATIBILITY-0351;source_family=replica_control;compatibility_parser_isolation=own_surface_only,required_new:sblr.cluster.transaction.v1:cluster.tx.begin_distributed,compile_flag_disabled_returns_functionality_unsupported;public_stub_enabled_returns_functionality_unlicensed;private_provider_required_for_execution
redis,reference_surface:cdc_stream,cluster.metrics.emit_event,source_search_key=docs/reference/compatibility_release_acquisition/redis/8.6.2/RELEASE_EVIDENCE_MANIFEST.yaml#keyword:cdc;intake_id=FSC-INTAKE-COMPATIBILITY-0352;source_family=cdc_stream;compatibility_parser_isolation=own_surface_only,sblr.cluster.report.v3:cluster.metrics.emit_event,compile_flag_disabled_returns_functionality_unsupported;public_stub_enabled_returns_functionality_unlicensed;private_provider_required_for_execution
redis,reference_surface:distributed_execution_or_control,cluster.query.plan_distributed,source_search_key=docs/reference/compatibility_release_acquisition/redis/8.6.2/license/LICENSE.txt#keyword:distributed;intake_id=FSC-INTAKE-COMPATIBILITY-0353;source_family=distributed_execution_or_control;compatibility_parser_isolation=own_surface_only,required_new:sblr.cluster.query.v1:cluster.query.plan_distributed,compile_flag_disabled_returns_functionality_unsupported;public_stub_enabled_returns_functionality_unlicensed;private_provider_required_for_execution
redis,reference_surface:failover_control,cluster.node.admit_member,source_search_key=docs/reference/compatibility_release_acquisition/redis/8.6.2/source/.github/workflows/daily.yml#keyword:failover;intake_id=FSC-INTAKE-COMPATIBILITY-0354;source_family=failover_control;compatibility_parser_isolation=own_surface_only,sblr.cluster.control.v3:cluster.node.admit_member,compile_flag_disabled_returns_functionality_unsupported;public_stub_enabled_returns_functionality_unlicensed;private_provider_required_for_execution
redis,reference_surface:leader_election,cluster.node.set_role,source_search_key=docs/reference/compatibility_release_acquisition/redis/8.6.2/source/CODE_OF_CONDUCT.md#keyword:leader;intake_id=FSC-INTAKE-COMPATIBILITY-0355;source_family=leader_election;compatibility_parser_isolation=own_surface_only,sblr.cluster.control.v3:cluster.node.set_role,compile_flag_disabled_returns_functionality_unsupported;public_stub_enabled_returns_functionality_unlicensed;private_provider_required_for_execution
redis,reference_surface:raft_consensus,cluster.tx.validate_finality_proof,source_search_key=docs/reference/compatibility_release_acquisition/redis/8.6.2/source/deps/hiredis/.github/workflows/release-drafter.yml#keyword:raft;intake_id=FSC-INTAKE-COMPATIBILITY-0356;source_family=raft_consensus;compatibility_parser_isolation=own_surface_only,required_new:sblr.cluster.transaction.v1:cluster.tx.validate_finality_proof,compile_flag_disabled_returns_functionality_unsupported;public_stub_enabled_returns_functionality_unlicensed;private_provider_required_for_execution
redis,reference_surface:partition_distribution,cluster.placement.validate_partition_distribution,source_search_key=docs/reference/compatibility_release_acquisition/redis/8.6.2/source/modules/vector-sets/README.md#keyword:partition;intake_id=FSC-INTAKE-COMPATIBILITY-0357;source_family=partition_distribution;compatibility_parser_isolation=own_surface_only,required_new:sblr.cluster.placement.v1:cluster.placement.validate_partition_distribution,compile_flag_disabled_returns_functionality_unsupported;public_stub_enabled_returns_functionality_unlicensed;private_provider_required_for_execution
redis,reference_surface:shard_placement,cluster.placement.assign_tablet_range,source_search_key=docs/reference/compatibility_release_acquisition/redis/8.6.2/source/src/commands/cluster-myshardid.json#keyword:shard;intake_id=FSC-INTAKE-COMPATIBILITY-0358;source_family=shard_placement;compatibility_parser_isolation=own_surface_only,required_new:sblr.cluster.placement.v1:cluster.placement.assign_tablet_range,compile_flag_disabled_returns_functionality_unsupported;public_stub_enabled_returns_functionality_unlicensed;private_provider_required_for_execution
sqlite,reference_surface:cluster_topology_or_control,cluster.job.start_controlled,source_search_key=docs/reference/compatibility_catalog_seeds/sqlite/sqlite_3_beta2_full_seed_manifest.yaml#keyword:cluster;intake_id=FSC-INTAKE-COMPATIBILITY-0359;source_family=cluster_topology_or_control;compatibility_parser_isolation=own_surface_only,sblr.cluster.control.v3:cluster.job.start_controlled,compile_flag_disabled_returns_functionality_unsupported;public_stub_enabled_returns_functionality_unlicensed;private_provider_required_for_execution
sqlite,reference_surface:replication_control,cluster.replication.consume_cluster_event,source_search_key=docs/reference/compatibility_catalog_seeds/sqlite/sqlite_3_beta2_full_seed_manifest.yaml#keyword:replication;intake_id=FSC-INTAKE-COMPATIBILITY-0360;source_family=replication_control;compatibility_parser_isolation=own_surface_only,sblr.replication.consumer.v3:cluster.replication.consume_cluster_event,compile_flag_disabled_returns_functionality_unsupported;public_stub_enabled_returns_functionality_unlicensed;private_provider_required_for_execution
sqlite,reference_surface:placement_policy,cluster.security.validate_policy_version,source_search_key=docs/reference/compatibility_catalog_seeds/sqlite/sqlite_3_beta2_full_seed_manifest.yaml#keyword:placement;intake_id=FSC-INTAKE-COMPATIBILITY-0361;source_family=placement_policy;compatibility_parser_isolation=own_surface_only,required_new:sblr.cluster.security.v1:cluster.security.validate_policy_version,compile_flag_disabled_returns_functionality_unsupported;public_stub_enabled_returns_functionality_unlicensed;private_provider_required_for_execution
sqlite,reference_surface:replica_control,cluster.tx.begin_distributed,source_search_key=docs/reference/compatibility_catalog_seeds/sqlite/sqlite_3_beta2_full_seed_manifest.yaml#keyword:replica;intake_id=FSC-INTAKE-COMPATIBILITY-0362;source_family=replica_control;compatibility_parser_isolation=own_surface_only,required_new:sblr.cluster.transaction.v1:cluster.tx.begin_distributed,compile_flag_disabled_returns_functionality_unsupported;public_stub_enabled_returns_functionality_unlicensed;private_provider_required_for_execution
sqlite,reference_surface:distributed_execution_or_control,cluster.query.plan_distributed,source_search_key=docs/reference/compatibility_release_acquisition/sqlite/3.53.0/release-notes/RELEASE_NOTES_SOURCE.md#keyword:distributed;intake_id=FSC-INTAKE-COMPATIBILITY-0363;source_family=distributed_execution_or_control;compatibility_parser_isolation=own_surface_only,required_new:sblr.cluster.query.v1:cluster.query.plan_distributed,compile_flag_disabled_returns_functionality_unsupported;public_stub_enabled_returns_functionality_unlicensed;private_provider_required_for_execution
sqlite,reference_surface:range_placement,cluster.placement.assign_tablet_range,source_search_key=docs/reference/compatibility_release_acquisition/sqlite/3.53.0/source/doc/jsonb.md#keyword:range;intake_id=FSC-INTAKE-COMPATIBILITY-0364;source_family=range_placement;compatibility_parser_isolation=own_surface_only,required_new:sblr.cluster.placement.v1:cluster.placement.assign_tablet_range,compile_flag_disabled_returns_functionality_unsupported;public_stub_enabled_returns_functionality_unlicensed;private_provider_required_for_execution
sqlite,reference_surface:cdc_stream,cluster.metrics.emit_event,source_search_key=docs/reference/compatibility_release_acquisition/sqlite/3.53.0/source/ext/fts3/unicode/CaseFolding.txt#keyword:cdc;intake_id=FSC-INTAKE-COMPATIBILITY-0365;source_family=cdc_stream;compatibility_parser_isolation=own_surface_only,sblr.cluster.report.v3:cluster.metrics.emit_event,compile_flag_disabled_returns_functionality_unsupported;public_stub_enabled_returns_functionality_unlicensed;private_provider_required_for_execution
sqlite,reference_surface:raft_consensus,cluster.tx.validate_finality_proof,source_search_key=docs/reference/compatibility_release_acquisition/sqlite/3.53.0/source/ext/fts3/unicode/UnicodeData.txt#keyword:raft;intake_id=FSC-INTAKE-COMPATIBILITY-0366;source_family=raft_consensus;compatibility_parser_isolation=own_surface_only,required_new:sblr.cluster.transaction.v1:cluster.tx.validate_finality_proof,compile_flag_disabled_returns_functionality_unsupported;public_stub_enabled_returns_functionality_unlicensed;private_provider_required_for_execution
sqlite,reference_surface:leader_election,cluster.node.set_role,source_search_key=docs/reference/compatibility_release_acquisition/sqlite/3.53.0/source/ext/fts3/unicode/UnicodeData.txt#keyword:leader;intake_id=FSC-INTAKE-COMPATIBILITY-0367;source_family=leader_election;compatibility_parser_isolation=own_surface_only,sblr.cluster.control.v3:cluster.node.set_role,compile_flag_disabled_returns_functionality_unsupported;public_stub_enabled_returns_functionality_unlicensed;private_provider_required_for_execution
sqlite,reference_surface:tablet_placement,cluster.placement.assign_tablet_range,source_search_key=docs/reference/compatibility_release_acquisition/sqlite/3.53.0/source/tool/dbtotxt.md#keyword:tablet;intake_id=FSC-INTAKE-COMPATIBILITY-0368;source_family=tablet_placement;compatibility_parser_isolation=own_surface_only,required_new:sblr.cluster.placement.v1:cluster.placement.assign_tablet_range,compile_flag_disabled_returns_functionality_unsupported;public_stub_enabled_returns_functionality_unlicensed;private_provider_required_for_execution
sqlite,reference_surface:partition_distribution,cluster.placement.validate_partition_distribution,source_search_key=docs/specifications/chapters/compatibilitys/sqlite/appendix-compatibility-sqlite-exact-extraction-slice-12-aggregate-window-and-select-expression-runtime-profile.md#keyword:partition;intake_id=FSC-INTAKE-COMPATIBILITY-0369;source_family=partition_distribution;compatibility_parser_isolation=own_surface_only,required_new:sblr.cluster.placement.v1:cluster.placement.validate_partition_distribution,compile_flag_disabled_returns_functionality_unsupported;public_stub_enabled_returns_functionality_unlicensed;private_provider_required_for_execution
tidb,reference_surface:cluster_topology_or_control,cluster.job.start_controlled,source_search_key=docs/reference/compatibility-engines/tidb/capability-summary.md#keyword:cluster;intake_id=FSC-INTAKE-COMPATIBILITY-0370;source_family=cluster_topology_or_control;compatibility_parser_isolation=own_surface_only,sblr.cluster.control.v3:cluster.job.start_controlled,compile_flag_disabled_returns_functionality_unsupported;public_stub_enabled_returns_functionality_unlicensed;private_provider_required_for_execution
tidb,reference_surface:distributed_execution_or_control,cluster.query.plan_distributed,source_search_key=docs/reference/compatibility-engines/tidb/capability-summary.md#keyword:distributed;intake_id=FSC-INTAKE-COMPATIBILITY-0371;source_family=distributed_execution_or_control;compatibility_parser_isolation=own_surface_only,required_new:sblr.cluster.query.v1:cluster.query.plan_distributed,compile_flag_disabled_returns_functionality_unsupported;public_stub_enabled_returns_functionality_unlicensed;private_provider_required_for_execution
tidb,reference_surface:changefeed_stream,cluster.metrics.emit_event,source_search_key=docs/reference/compatibility-engines/tidb/capability-summary.md#keyword:changefeed;intake_id=FSC-INTAKE-COMPATIBILITY-0372;source_family=changefeed_stream;compatibility_parser_isolation=own_surface_only,sblr.cluster.report.v3:cluster.metrics.emit_event,compile_flag_disabled_returns_functionality_unsupported;public_stub_enabled_returns_functionality_unlicensed;private_provider_required_for_execution
tidb,reference_surface:cdc_stream,cluster.metrics.emit_event,source_search_key=docs/reference/compatibility-engines/tidb/capability-summary.md#keyword:cdc;intake_id=FSC-INTAKE-COMPATIBILITY-0373;source_family=cdc_stream;compatibility_parser_isolation=own_surface_only,sblr.cluster.report.v3:cluster.metrics.emit_event,compile_flag_disabled_returns_functionality_unsupported;public_stub_enabled_returns_functionality_unlicensed;private_provider_required_for_execution
tidb,reference_surface:placement_policy,cluster.security.validate_policy_version,source_search_key=docs/reference/compatibility-engines/tidb/capability-summary.md#keyword:placement;intake_id=FSC-INTAKE-COMPATIBILITY-0374;source_family=placement_policy;compatibility_parser_isolation=own_surface_only,required_new:sblr.cluster.security.v1:cluster.security.validate_policy_version,compile_flag_disabled_returns_functionality_unsupported;public_stub_enabled_returns_functionality_unlicensed;private_provider_required_for_execution
tidb,reference_surface:replica_control,cluster.tx.begin_distributed,source_search_key=docs/reference/compatibility-engines/tidb/capability-summary.md#keyword:replica;intake_id=FSC-INTAKE-COMPATIBILITY-0375;source_family=replica_control;compatibility_parser_isolation=own_surface_only,required_new:sblr.cluster.transaction.v1:cluster.tx.begin_distributed,compile_flag_disabled_returns_functionality_unsupported;public_stub_enabled_returns_functionality_unlicensed;private_provider_required_for_execution
tidb,reference_surface:partition_distribution,cluster.placement.validate_partition_distribution,source_search_key=docs/reference/compatibility-engines/tidb/datatype-summary.md#keyword:partition;intake_id=FSC-INTAKE-COMPATIBILITY-0376;source_family=partition_distribution;compatibility_parser_isolation=own_surface_only,required_new:sblr.cluster.placement.v1:cluster.placement.validate_partition_distribution,compile_flag_disabled_returns_functionality_unsupported;public_stub_enabled_returns_functionality_unlicensed;private_provider_required_for_execution
tidb,reference_surface:leader_election,cluster.node.set_role,source_search_key=docs/reference/compatibility_release_acquisition/tidb/8.5.6/regression/SOURCE_POINTERS.md#keyword:leader;intake_id=FSC-INTAKE-COMPATIBILITY-0377;source_family=leader_election;compatibility_parser_isolation=own_surface_only,sblr.cluster.control.v3:cluster.node.set_role,compile_flag_disabled_returns_functionality_unsupported;public_stub_enabled_returns_functionality_unlicensed;private_provider_required_for_execution
tidb,reference_surface:raft_consensus,cluster.tx.validate_finality_proof,source_search_key=docs/reference/compatibility_release_acquisition/tidb/8.5.6/release-notes/RELEASE_NOTES_SOURCE.md#keyword:raft;intake_id=FSC-INTAKE-COMPATIBILITY-0378;source_family=raft_consensus;compatibility_parser_isolation=own_surface_only,required_new:sblr.cluster.transaction.v1:cluster.tx.validate_finality_proof,compile_flag_disabled_returns_functionality_unsupported;public_stub_enabled_returns_functionality_unlicensed;private_provider_required_for_execution
tidb,reference_surface:failover_control,cluster.node.admit_member,source_search_key=docs/reference/compatibility_release_acquisition/tidb/8.5.6/release-notes/RELEASE_NOTES_SOURCE.md#keyword:failover;intake_id=FSC-INTAKE-COMPATIBILITY-0379;source_family=failover_control;compatibility_parser_isolation=own_surface_only,sblr.cluster.control.v3:cluster.node.admit_member,compile_flag_disabled_returns_functionality_unsupported;public_stub_enabled_returns_functionality_unlicensed;private_provider_required_for_execution
tidb,reference_surface:range_placement,cluster.placement.assign_tablet_range,source_search_key=docs/reference/compatibility_release_acquisition/tidb/8.5.6/source/.codecov.yml#keyword:range;intake_id=FSC-INTAKE-COMPATIBILITY-0380;source_family=range_placement;compatibility_parser_isolation=own_surface_only,required_new:sblr.cluster.placement.v1:cluster.placement.assign_tablet_range,compile_flag_disabled_returns_functionality_unsupported;public_stub_enabled_returns_functionality_unlicensed;private_provider_required_for_execution
tidb,reference_surface:tablet_placement,cluster.placement.assign_tablet_range,source_search_key=docs/reference/compatibility_release_acquisition/tidb/8.5.6/source/build/nogo_config.json#keyword:tablet;intake_id=FSC-INTAKE-COMPATIBILITY-0381;source_family=tablet_placement;compatibility_parser_isolation=own_surface_only,required_new:sblr.cluster.placement.v1:cluster.placement.assign_tablet_range,compile_flag_disabled_returns_functionality_unsupported;public_stub_enabled_returns_functionality_unlicensed;private_provider_required_for_execution
tidb,reference_surface:shard_placement,cluster.placement.assign_tablet_range,source_search_key=docs/reference/compatibility_release_acquisition/tidb/8.5.6/source/docs/design/2018-10-22-the-column-pool.md#keyword:shard;intake_id=FSC-INTAKE-COMPATIBILITY-0382;source_family=shard_placement;compatibility_parser_isolation=own_surface_only,required_new:sblr.cluster.placement.v1:cluster.placement.assign_tablet_range,compile_flag_disabled_returns_functionality_unsupported;public_stub_enabled_returns_functionality_unlicensed;private_provider_required_for_execution
tidb,reference_surface:replication_control,cluster.replication.consume_cluster_event,source_search_key=docs/reference/compatibility_release_acquisition/tidb/8.5.6/source/docs/design/2020-01-24-collations.md#keyword:replication;intake_id=FSC-INTAKE-COMPATIBILITY-0383;source_family=replication_control;compatibility_parser_isolation=own_surface_only,sblr.replication.consumer.v3:cluster.replication.consume_cluster_event,compile_flag_disabled_returns_functionality_unsupported;public_stub_enabled_returns_functionality_unlicensed;private_provider_required_for_execution
tikv,reference_surface:cluster_topology_or_control,cluster.job.start_controlled,source_search_key=docs/reference/compatibility-engines/tikv/capability-summary.md#keyword:cluster;intake_id=FSC-INTAKE-COMPATIBILITY-0384;source_family=cluster_topology_or_control;compatibility_parser_isolation=own_surface_only,sblr.cluster.control.v3:cluster.job.start_controlled,compile_flag_disabled_returns_functionality_unsupported;public_stub_enabled_returns_functionality_unlicensed;private_provider_required_for_execution
tikv,reference_surface:raft_consensus,cluster.tx.validate_finality_proof,source_search_key=docs/reference/compatibility-engines/tikv/capability-summary.md#keyword:raft;intake_id=FSC-INTAKE-COMPATIBILITY-0385;source_family=raft_consensus;compatibility_parser_isolation=own_surface_only,required_new:sblr.cluster.transaction.v1:cluster.tx.validate_finality_proof,compile_flag_disabled_returns_functionality_unsupported;public_stub_enabled_returns_functionality_unlicensed;private_provider_required_for_execution
tikv,reference_surface:placement_policy,cluster.security.validate_policy_version,source_search_key=docs/reference/compatibility-engines/tikv/capability-summary.md#keyword:placement;intake_id=FSC-INTAKE-COMPATIBILITY-0386;source_family=placement_policy;compatibility_parser_isolation=own_surface_only,required_new:sblr.cluster.security.v1:cluster.security.validate_policy_version,compile_flag_disabled_returns_functionality_unsupported;public_stub_enabled_returns_functionality_unlicensed;private_provider_required_for_execution
tikv,reference_surface:range_placement,cluster.placement.assign_tablet_range,source_search_key=docs/reference/compatibility-engines/tikv/index-and-optimizer-summary.md#keyword:range;intake_id=FSC-INTAKE-COMPATIBILITY-0387;source_family=range_placement;compatibility_parser_isolation=own_surface_only,required_new:sblr.cluster.placement.v1:cluster.placement.assign_tablet_range,compile_flag_disabled_returns_functionality_unsupported;public_stub_enabled_returns_functionality_unlicensed;private_provider_required_for_execution
tikv,reference_surface:distributed_execution_or_control,cluster.query.plan_distributed,source_search_key=docs/reference/compatibility_release_acquisition/tikv/8.1.2/clean-room/NOTES.md#keyword:distributed;intake_id=FSC-INTAKE-COMPATIBILITY-0388;source_family=distributed_execution_or_control;compatibility_parser_isolation=own_surface_only,required_new:sblr.cluster.query.v1:cluster.query.plan_distributed,compile_flag_disabled_returns_functionality_unsupported;public_stub_enabled_returns_functionality_unlicensed;private_provider_required_for_execution
tikv,reference_surface:changefeed_stream,cluster.metrics.emit_event,source_search_key=docs/reference/compatibility_release_acquisition/tikv/8.1.2/release-notes/RELEASE_NOTES_SOURCE.md#keyword:changefeed;intake_id=FSC-INTAKE-COMPATIBILITY-0389;source_family=changefeed_stream;compatibility_parser_isolation=own_surface_only,sblr.cluster.report.v3:cluster.metrics.emit_event,compile_flag_disabled_returns_functionality_unsupported;public_stub_enabled_returns_functionality_unlicensed;private_provider_required_for_execution
tikv,reference_surface:cdc_stream,cluster.metrics.emit_event,source_search_key=docs/reference/compatibility_release_acquisition/tikv/8.1.2/release-notes/RELEASE_NOTES_SOURCE.md#keyword:cdc;intake_id=FSC-INTAKE-COMPATIBILITY-0390;source_family=cdc_stream;compatibility_parser_isolation=own_surface_only,sblr.cluster.report.v3:cluster.metrics.emit_event,compile_flag_disabled_returns_functionality_unsupported;public_stub_enabled_returns_functionality_unlicensed;private_provider_required_for_execution
tikv,reference_surface:leader_election,cluster.node.set_role,source_search_key=docs/reference/compatibility_release_acquisition/tikv/8.1.2/release-notes/RELEASE_NOTES_SOURCE.md#keyword:leader;intake_id=FSC-INTAKE-COMPATIBILITY-0391;source_family=leader_election;compatibility_parser_isolation=own_surface_only,sblr.cluster.control.v3:cluster.node.set_role,compile_flag_disabled_returns_functionality_unsupported;public_stub_enabled_returns_functionality_unlicensed;private_provider_required_for_execution
tikv,reference_surface:replica_control,cluster.tx.begin_distributed,source_search_key=docs/reference/compatibility_release_acquisition/tikv/8.1.2/release-notes/RELEASE_NOTES_SOURCE.md#keyword:replica;intake_id=FSC-INTAKE-COMPATIBILITY-0392;source_family=replica_control;compatibility_parser_isolation=own_surface_only,required_new:sblr.cluster.transaction.v1:cluster.tx.begin_distributed,compile_flag_disabled_returns_functionality_unsupported;public_stub_enabled_returns_functionality_unlicensed;private_provider_required_for_execution
tikv,reference_surface:partition_distribution,cluster.placement.validate_partition_distribution,source_search_key=docs/reference/compatibility_release_acquisition/tikv/8.1.2/release-notes/RELEASE_NOTES_SOURCE.md#keyword:partition;intake_id=FSC-INTAKE-COMPATIBILITY-0393;source_family=partition_distribution;compatibility_parser_isolation=own_surface_only,required_new:sblr.cluster.placement.v1:cluster.placement.validate_partition_distribution,compile_flag_disabled_returns_functionality_unsupported;public_stub_enabled_returns_functionality_unlicensed;private_provider_required_for_execution
tikv,reference_surface:replication_control,cluster.replication.consume_cluster_event,source_search_key=docs/reference/compatibility_release_acquisition/tikv/8.1.2/source/README.md#keyword:replication;intake_id=FSC-INTAKE-COMPATIBILITY-0394;source_family=replication_control;compatibility_parser_isolation=own_surface_only,sblr.replication.consumer.v3:cluster.replication.consume_cluster_event,compile_flag_disabled_returns_functionality_unsupported;public_stub_enabled_returns_functionality_unlicensed;private_provider_required_for_execution
tikv,reference_surface:shard_placement,cluster.placement.assign_tablet_range,source_search_key=docs/reference/compatibility_release_acquisition/tikv/8.1.2/source/README.md#keyword:shard;intake_id=FSC-INTAKE-COMPATIBILITY-0395;source_family=shard_placement;compatibility_parser_isolation=own_surface_only,required_new:sblr.cluster.placement.v1:cluster.placement.assign_tablet_range,compile_flag_disabled_returns_functionality_unsupported;public_stub_enabled_returns_functionality_unlicensed;private_provider_required_for_execution
vitess,reference_surface:cluster_topology_or_control,cluster.job.start_controlled,source_search_key=docs/reference/compatibility-engines/vitess/capability-summary.md#keyword:cluster;intake_id=FSC-INTAKE-COMPATIBILITY-0396;source_family=cluster_topology_or_control;compatibility_parser_isolation=own_surface_only,sblr.cluster.control.v3:cluster.job.start_controlled,compile_flag_disabled_returns_functionality_unsupported;public_stub_enabled_returns_functionality_unlicensed;private_provider_required_for_execution
vitess,reference_surface:replication_control,cluster.replication.consume_cluster_event,source_search_key=docs/reference/compatibility-engines/vitess/capability-summary.md#keyword:replication;intake_id=FSC-INTAKE-COMPATIBILITY-0397;source_family=replication_control;compatibility_parser_isolation=own_surface_only,sblr.replication.consumer.v3:cluster.replication.consume_cluster_event,compile_flag_disabled_returns_functionality_unsupported;public_stub_enabled_returns_functionality_unlicensed;private_provider_required_for_execution
vitess,reference_surface:shard_placement,cluster.placement.assign_tablet_range,source_search_key=docs/reference/compatibility-engines/vitess/capability-summary.md#keyword:shard;intake_id=FSC-INTAKE-COMPATIBILITY-0398;source_family=shard_placement;compatibility_parser_isolation=own_surface_only,required_new:sblr.cluster.placement.v1:cluster.placement.assign_tablet_range,compile_flag_disabled_returns_functionality_unsupported;public_stub_enabled_returns_functionality_unlicensed;private_provider_required_for_execution
vitess,reference_surface:tablet_placement,cluster.placement.assign_tablet_range,source_search_key=docs/reference/compatibility-engines/vitess/capability-summary.md#keyword:tablet;intake_id=FSC-INTAKE-COMPATIBILITY-0399;source_family=tablet_placement;compatibility_parser_isolation=own_surface_only,required_new:sblr.cluster.placement.v1:cluster.placement.assign_tablet_range,compile_flag_disabled_returns_functionality_unsupported;public_stub_enabled_returns_functionality_unlicensed;private_provider_required_for_execution
vitess,reference_surface:vtgate_route,cluster.query.route_shard_read,source_search_key=docs/reference/compatibility-engines/vitess/capability-summary.md#keyword:vtgate;intake_id=FSC-INTAKE-COMPATIBILITY-0400;source_family=vtgate_route;compatibility_parser_isolation=own_surface_only,required_new:sblr.cluster.query.v1:cluster.query.route_shard_read,compile_flag_disabled_returns_functionality_unsupported;public_stub_enabled_returns_functionality_unlicensed;private_provider_required_for_execution
vitess,reference_surface:replica_control,cluster.tx.begin_distributed,source_search_key=docs/reference/compatibility-engines/vitess/capability-summary.md#keyword:replica;intake_id=FSC-INTAKE-COMPATIBILITY-0401;source_family=replica_control;compatibility_parser_isolation=own_surface_only,required_new:sblr.cluster.transaction.v1:cluster.tx.begin_distributed,compile_flag_disabled_returns_functionality_unsupported;public_stub_enabled_returns_functionality_unlicensed;private_provider_required_for_execution
vitess,reference_surface:placement_policy,cluster.security.validate_policy_version,source_search_key=docs/reference/compatibility-engines/vitess/transaction-and-cluster-summary.md#keyword:placement;intake_id=FSC-INTAKE-COMPATIBILITY-0402;source_family=placement_policy;compatibility_parser_isolation=own_surface_only,required_new:sblr.cluster.security.v1:cluster.security.validate_policy_version,compile_flag_disabled_returns_functionality_unsupported;public_stub_enabled_returns_functionality_unlicensed;private_provider_required_for_execution
vitess,reference_surface:cdc_stream,cluster.metrics.emit_event,source_search_key=docs/reference/compatibility_catalog_seeds/vitess/vitess_beta2_full_seed_manifest.yaml#keyword:cdc;intake_id=FSC-INTAKE-COMPATIBILITY-0403;source_family=cdc_stream;compatibility_parser_isolation=own_surface_only,sblr.cluster.report.v3:cluster.metrics.emit_event,compile_flag_disabled_returns_functionality_unsupported;public_stub_enabled_returns_functionality_unlicensed;private_provider_required_for_execution
vitess,reference_surface:distributed_execution_or_control,cluster.query.plan_distributed,source_search_key=docs/reference/compatibility_release_acquisition/vitess/23.0.3/release-notes/README.md#keyword:distributed;intake_id=FSC-INTAKE-COMPATIBILITY-0404;source_family=distributed_execution_or_control;compatibility_parser_isolation=own_surface_only,required_new:sblr.cluster.query.v1:cluster.query.plan_distributed,compile_flag_disabled_returns_functionality_unsupported;public_stub_enabled_returns_functionality_unlicensed;private_provider_required_for_execution
vitess,reference_surface:range_placement,cluster.placement.assign_tablet_range,source_search_key=docs/reference/compatibility_release_acquisition/vitess/23.0.3/source/.github/actions/tune-os/action.yml#keyword:range;intake_id=FSC-INTAKE-COMPATIBILITY-0405;source_family=range_placement;compatibility_parser_isolation=own_surface_only,required_new:sblr.cluster.placement.v1:cluster.placement.assign_tablet_range,compile_flag_disabled_returns_functionality_unsupported;public_stub_enabled_returns_functionality_unlicensed;private_provider_required_for_execution
vitess,reference_surface:raft_consensus,cluster.tx.validate_finality_proof,source_search_key=docs/reference/compatibility_release_acquisition/vitess/23.0.3/source/.github/pull_request_template.md#keyword:raft;intake_id=FSC-INTAKE-COMPATIBILITY-0406;source_family=raft_consensus;compatibility_parser_isolation=own_surface_only,required_new:sblr.cluster.transaction.v1:cluster.tx.validate_finality_proof,compile_flag_disabled_returns_functionality_unsupported;public_stub_enabled_returns_functionality_unlicensed;private_provider_required_for_execution
vitess,reference_surface:vttablet_route,cluster.query.route_shard_read,source_search_key=docs/reference/compatibility_release_acquisition/vitess/23.0.3/source/.github/workflows/docker_build_images.yml#keyword:vttablet;intake_id=FSC-INTAKE-COMPATIBILITY-0407;source_family=vttablet_route;compatibility_parser_isolation=own_surface_only,required_new:sblr.cluster.query.v1:cluster.query.route_shard_read,compile_flag_disabled_returns_functionality_unsupported;public_stub_enabled_returns_functionality_unlicensed;private_provider_required_for_execution
vitess,reference_surface:failover_control,cluster.node.admit_member,source_search_key=docs/reference/compatibility_release_acquisition/vitess/23.0.3/source/changelog/12.0/12.0.0/release_notes.md#keyword:failover;intake_id=FSC-INTAKE-COMPATIBILITY-0408;source_family=failover_control;compatibility_parser_isolation=own_surface_only,sblr.cluster.control.v3:cluster.node.admit_member,compile_flag_disabled_returns_functionality_unsupported;public_stub_enabled_returns_functionality_unlicensed;private_provider_required_for_execution
vitess,reference_surface:partition_distribution,cluster.placement.validate_partition_distribution,source_search_key=docs/reference/compatibility_release_acquisition/vitess/23.0.3/source/changelog/12.0/12.0.0/release_notes.md#keyword:partition;intake_id=FSC-INTAKE-COMPATIBILITY-0409;source_family=partition_distribution;compatibility_parser_isolation=own_surface_only,required_new:sblr.cluster.placement.v1:cluster.placement.validate_partition_distribution,compile_flag_disabled_returns_functionality_unsupported;public_stub_enabled_returns_functionality_unlicensed;private_provider_required_for_execution
vitess,reference_surface:leader_election,cluster.node.set_role,source_search_key=docs/reference/compatibility_release_acquisition/vitess/23.0.3/source/changelog/17.0/17.0.3/changelog.md#keyword:leader;intake_id=FSC-INTAKE-COMPATIBILITY-0410;source_family=leader_election;compatibility_parser_isolation=own_surface_only,sblr.cluster.control.v3:cluster.node.set_role,compile_flag_disabled_returns_functionality_unsupported;public_stub_enabled_returns_functionality_unlicensed;private_provider_required_for_execution
xtdb,reference_surface:cluster_topology_or_control,cluster.job.start_controlled,source_search_key=docs/reference/compatibility-engines/xtdb/capability-summary.md#keyword:cluster;intake_id=FSC-INTAKE-COMPATIBILITY-0411;source_family=cluster_topology_or_control;compatibility_parser_isolation=own_surface_only,sblr.cluster.control.v3:cluster.job.start_controlled,compile_flag_disabled_returns_functionality_unsupported;public_stub_enabled_returns_functionality_unlicensed;private_provider_required_for_execution
xtdb,reference_surface:cdc_stream,cluster.metrics.emit_event,source_search_key=docs/reference/compatibility_catalog_seeds/xtdb/xtdb_beta2_full_seed_manifest.yaml#keyword:cdc;intake_id=FSC-INTAKE-COMPATIBILITY-0412;source_family=cdc_stream;compatibility_parser_isolation=own_surface_only,sblr.cluster.report.v3:cluster.metrics.emit_event,compile_flag_disabled_returns_functionality_unsupported;public_stub_enabled_returns_functionality_unlicensed;private_provider_required_for_execution
xtdb,reference_surface:range_placement,cluster.placement.assign_tablet_range,source_search_key=docs/reference/compatibility_catalog_seeds/xtdb/xtdb_beta2_full_seed_manifest.yaml#keyword:range;intake_id=FSC-INTAKE-COMPATIBILITY-0413;source_family=range_placement;compatibility_parser_isolation=own_surface_only,required_new:sblr.cluster.placement.v1:cluster.placement.assign_tablet_range,compile_flag_disabled_returns_functionality_unsupported;public_stub_enabled_returns_functionality_unlicensed;private_provider_required_for_execution
xtdb,reference_surface:raft_consensus,cluster.tx.validate_finality_proof,source_search_key=docs/reference/compatibility_release_acquisition/xtdb/2.1.0/source/.github/workflows/build.yml#keyword:raft;intake_id=FSC-INTAKE-COMPATIBILITY-0414;source_family=raft_consensus;compatibility_parser_isolation=own_surface_only,required_new:sblr.cluster.transaction.v1:cluster.tx.validate_finality_proof,compile_flag_disabled_returns_functionality_unsupported;public_stub_enabled_returns_functionality_unlicensed;private_provider_required_for_execution
xtdb,reference_surface:replica_control,cluster.tx.begin_distributed,source_search_key=docs/reference/compatibility_release_acquisition/xtdb/2.1.0/source/aws/helm/templates/statefulset.yaml#keyword:replica;intake_id=FSC-INTAKE-COMPATIBILITY-0415;source_family=replica_control;compatibility_parser_isolation=own_surface_only,required_new:sblr.cluster.transaction.v1:cluster.tx.begin_distributed,compile_flag_disabled_returns_functionality_unsupported;public_stub_enabled_returns_functionality_unlicensed;private_provider_required_for_execution
xtdb,reference_surface:placement_policy,cluster.security.validate_policy_version,source_search_key=docs/reference/compatibility_release_acquisition/xtdb/2.1.0/source/cloudformation/xtdb_ecs.yml#keyword:placement;intake_id=FSC-INTAKE-COMPATIBILITY-0416;source_family=placement_policy;compatibility_parser_isolation=own_surface_only,required_new:sblr.cluster.security.v1:cluster.security.validate_policy_version,compile_flag_disabled_returns_functionality_unsupported;public_stub_enabled_returns_functionality_unlicensed;private_provider_required_for_execution
xtdb,reference_surface:replication_control,cluster.replication.consume_cluster_event,source_search_key=docs/reference/compatibility_release_acquisition/xtdb/2.1.0/source/docker/docker-compose/docker-compose.yaml#keyword:replication;intake_id=FSC-INTAKE-COMPATIBILITY-0417;source_family=replication_control;compatibility_parser_isolation=own_surface_only,sblr.replication.consumer.v3:cluster.replication.consume_cluster_event,compile_flag_disabled_returns_functionality_unsupported;public_stub_enabled_returns_functionality_unlicensed;private_provider_required_for_execution
xtdb,reference_surface:partition_distribution,cluster.placement.validate_partition_distribution,source_search_key=docs/reference/compatibility_release_acquisition/xtdb/2.1.0/source/docs/src/content/docs/about/dbs-in-xtdb.md#keyword:partition;intake_id=FSC-INTAKE-COMPATIBILITY-0418;source_family=partition_distribution;compatibility_parser_isolation=own_surface_only,required_new:sblr.cluster.placement.v1:cluster.placement.validate_partition_distribution,compile_flag_disabled_returns_functionality_unsupported;public_stub_enabled_returns_functionality_unlicensed;private_provider_required_for_execution
xtdb,reference_surface:shard_placement,cluster.placement.assign_tablet_range,source_search_key=docs/reference/compatibility_release_acquisition/xtdb/2.1.0/source/docs/src/content/docs/concepts/key-concepts.md#keyword:shard;intake_id=FSC-INTAKE-COMPATIBILITY-0419;source_family=shard_placement;compatibility_parser_isolation=own_surface_only,required_new:sblr.cluster.placement.v1:cluster.placement.assign_tablet_range,compile_flag_disabled_returns_functionality_unsupported;public_stub_enabled_returns_functionality_unlicensed;private_provider_required_for_execution
xtdb,reference_surface:distributed_execution_or_control,cluster.query.plan_distributed,source_search_key=docs/reference/compatibility_release_acquisition/xtdb/2.1.0/source/docs/src/content/docs/intro/installation-via-docker.md#keyword:distributed;intake_id=FSC-INTAKE-COMPATIBILITY-0420;source_family=distributed_execution_or_control;compatibility_parser_isolation=own_surface_only,required_new:sblr.cluster.query.v1:cluster.query.plan_distributed,compile_flag_disabled_returns_functionality_unsupported;public_stub_enabled_returns_functionality_unlicensed;private_provider_required_for_execution
xtdb,reference_surface:changefeed_stream,cluster.metrics.emit_event,source_search_key=docs/specifications/chapters/compatibilitys/xtdb/appendix-compatibility-xtdb-exact-extraction-slice-3-catalog-datatype-index-storage-migration-and-optimizer-profile.md#keyword:changefeed;intake_id=FSC-INTAKE-COMPATIBILITY-0421;source_family=changefeed_stream;compatibility_parser_isolation=own_surface_only,sblr.cluster.report.v3:cluster.metrics.emit_event,compile_flag_disabled_returns_functionality_unsupported;public_stub_enabled_returns_functionality_unlicensed;private_provider_required_for_execution
yugabytedb,reference_surface:cluster_topology_or_control,cluster.job.start_controlled,source_search_key=docs/reference/compatibility-engines/yugabytedb/capability-summary.md#keyword:cluster;intake_id=FSC-INTAKE-COMPATIBILITY-0422;source_family=cluster_topology_or_control;compatibility_parser_isolation=own_surface_only,sblr.cluster.control.v3:cluster.job.start_controlled,compile_flag_disabled_returns_functionality_unsupported;public_stub_enabled_returns_functionality_unlicensed;private_provider_required_for_execution
yugabytedb,reference_surface:distributed_execution_or_control,cluster.query.plan_distributed,source_search_key=docs/reference/compatibility-engines/yugabytedb/capability-summary.md#keyword:distributed;intake_id=FSC-INTAKE-COMPATIBILITY-0423;source_family=distributed_execution_or_control;compatibility_parser_isolation=own_surface_only,required_new:sblr.cluster.query.v1:cluster.query.plan_distributed,compile_flag_disabled_returns_functionality_unsupported;public_stub_enabled_returns_functionality_unlicensed;private_provider_required_for_execution
yugabytedb,reference_surface:replication_control,cluster.replication.consume_cluster_event,source_search_key=docs/reference/compatibility-engines/yugabytedb/capability-summary.md#keyword:replication;intake_id=FSC-INTAKE-COMPATIBILITY-0424;source_family=replication_control;compatibility_parser_isolation=own_surface_only,sblr.replication.consumer.v3:cluster.replication.consume_cluster_event,compile_flag_disabled_returns_functionality_unsupported;public_stub_enabled_returns_functionality_unlicensed;private_provider_required_for_execution
yugabytedb,reference_surface:cdc_stream,cluster.metrics.emit_event,source_search_key=docs/reference/compatibility-engines/yugabytedb/capability-summary.md#keyword:cdc;intake_id=FSC-INTAKE-COMPATIBILITY-0425;source_family=cdc_stream;compatibility_parser_isolation=own_surface_only,sblr.cluster.report.v3:cluster.metrics.emit_event,compile_flag_disabled_returns_functionality_unsupported;public_stub_enabled_returns_functionality_unlicensed;private_provider_required_for_execution
yugabytedb,reference_surface:tablet_placement,cluster.placement.assign_tablet_range,source_search_key=docs/reference/compatibility-engines/yugabytedb/capability-summary.md#keyword:tablet;intake_id=FSC-INTAKE-COMPATIBILITY-0426;source_family=tablet_placement;compatibility_parser_isolation=own_surface_only,required_new:sblr.cluster.placement.v1:cluster.placement.assign_tablet_range,compile_flag_disabled_returns_functionality_unsupported;public_stub_enabled_returns_functionality_unlicensed;private_provider_required_for_execution
yugabytedb,reference_surface:replica_control,cluster.tx.begin_distributed,source_search_key=docs/reference/compatibility-engines/yugabytedb/capability-summary.md#keyword:replica;intake_id=FSC-INTAKE-COMPATIBILITY-0427;source_family=replica_control;compatibility_parser_isolation=own_surface_only,required_new:sblr.cluster.transaction.v1:cluster.tx.begin_distributed,compile_flag_disabled_returns_functionality_unsupported;public_stub_enabled_returns_functionality_unlicensed;private_provider_required_for_execution
yugabytedb,reference_surface:range_placement,cluster.placement.assign_tablet_range,source_search_key=docs/reference/compatibility-engines/yugabytedb/index-and-optimizer-summary.md#keyword:range;intake_id=FSC-INTAKE-COMPATIBILITY-0428;source_family=range_placement;compatibility_parser_isolation=own_surface_only,required_new:sblr.cluster.placement.v1:cluster.placement.assign_tablet_range,compile_flag_disabled_returns_functionality_unsupported;public_stub_enabled_returns_functionality_unlicensed;private_provider_required_for_execution
yugabytedb,reference_surface:partition_distribution,cluster.placement.validate_partition_distribution,source_search_key=docs/reference/compatibility-engines/yugabytedb/index-and-optimizer-summary.md#keyword:partition;intake_id=FSC-INTAKE-COMPATIBILITY-0429;source_family=partition_distribution;compatibility_parser_isolation=own_surface_only,required_new:sblr.cluster.placement.v1:cluster.placement.validate_partition_distribution,compile_flag_disabled_returns_functionality_unsupported;public_stub_enabled_returns_functionality_unlicensed;private_provider_required_for_execution
yugabytedb,reference_surface:placement_policy,cluster.security.validate_policy_version,source_search_key=docs/reference/compatibility-engines/yugabytedb/transaction-and-cluster-summary.md#keyword:placement;intake_id=FSC-INTAKE-COMPATIBILITY-0430;source_family=placement_policy;compatibility_parser_isolation=own_surface_only,required_new:sblr.cluster.security.v1:cluster.security.validate_policy_version,compile_flag_disabled_returns_functionality_unsupported;public_stub_enabled_returns_functionality_unlicensed;private_provider_required_for_execution
yugabytedb,reference_surface:raft_consensus,cluster.tx.validate_finality_proof,source_search_key=docs/reference/compatibility_release_acquisition/yugabytedb/2025.2.2.2/release-notes/RELEASE_NOTES_SOURCE.md#keyword:raft;intake_id=FSC-INTAKE-COMPATIBILITY-0431;source_family=raft_consensus;compatibility_parser_isolation=own_surface_only,required_new:sblr.cluster.transaction.v1:cluster.tx.validate_finality_proof,compile_flag_disabled_returns_functionality_unsupported;public_stub_enabled_returns_functionality_unlicensed;private_provider_required_for_execution
yugabytedb,reference_surface:failover_control,cluster.node.admit_member,source_search_key=docs/reference/compatibility_release_acquisition/yugabytedb/2025.2.2.2/release-notes/RELEASE_NOTES_SOURCE.md#keyword:failover;intake_id=FSC-INTAKE-COMPATIBILITY-0432;source_family=failover_control;compatibility_parser_isolation=own_surface_only,sblr.cluster.control.v3:cluster.node.admit_member,compile_flag_disabled_returns_functionality_unsupported;public_stub_enabled_returns_functionality_unlicensed;private_provider_required_for_execution
yugabytedb,reference_surface:shard_placement,cluster.placement.assign_tablet_range,source_search_key=docs/reference/compatibility_release_acquisition/yugabytedb/2025.2.2.2/source/.github/vale-styles/Yugabyte/spelling-exceptions.txt#keyword:shard;intake_id=FSC-INTAKE-COMPATIBILITY-0433;source_family=shard_placement;compatibility_parser_isolation=own_surface_only,required_new:sblr.cluster.placement.v1:cluster.placement.assign_tablet_range,compile_flag_disabled_returns_functionality_unsupported;public_stub_enabled_returns_functionality_unlicensed;private_provider_required_for_execution
yugabytedb,reference_surface:leader_election,cluster.node.set_role,source_search_key=docs/reference/compatibility_release_acquisition/yugabytedb/2025.2.2.2/source/architecture/design/distributed-backup-and-restore.md#keyword:leader;intake_id=FSC-INTAKE-COMPATIBILITY-0434;source_family=leader_election;compatibility_parser_isolation=own_surface_only,sblr.cluster.control.v3:cluster.node.set_role,compile_flag_disabled_returns_functionality_unsupported;public_stub_enabled_returns_functionality_unlicensed;private_provider_required_for_execution
yugabytedb,reference_surface:galera_cluster,cluster.reconcile.apply_merge_policy,source_search_key=docs/reference/compatibility_release_acquisition/yugabytedb/2025.2.2.2/source/src/postgres/src/test/regress/data/all-airport-codes.csv#keyword:galera;intake_id=FSC-INTAKE-COMPATIBILITY-0435;source_family=galera_cluster;compatibility_parser_isolation=own_surface_only,required_new:sblr.cluster.reconciliation.v1:cluster.reconcile.apply_merge_policy,compile_flag_disabled_returns_functionality_unsupported;public_stub_enabled_returns_functionality_unlicensed;private_provider_required_for_execution
mongodb,catalog_overlay_surface:sharding,cluster.placement.assign_tablet_range,source_search_key=project/src/parsers/compatibility/mongodb/mongodb_dialect.cpp#kCatalogSurfaces:sharding;intake_id=FSC-INTAKE-COMPATIBILITY-0436;source_family=shard_placement;compatibility_parser_isolation=own_surface_only,required_new:sblr.cluster.placement.v1:cluster.placement.assign_tablet_range,compile_flag_disabled_returns_functionality_unsupported;public_stub_enabled_returns_functionality_unlicensed;private_provider_required_for_execution
vitess,catalog_overlay_surface:shard,cluster.placement.assign_tablet_range,source_search_key=project/src/parsers/compatibility/vitess/vitess_dialect.cpp#kCatalogSurfaces:shard;intake_id=FSC-INTAKE-COMPATIBILITY-0437;source_family=shard_placement;compatibility_parser_isolation=own_surface_only,required_new:sblr.cluster.placement.v1:cluster.placement.assign_tablet_range,compile_flag_disabled_returns_functionality_unsupported;public_stub_enabled_returns_functionality_unlicensed;private_provider_required_for_execution
vitess,datatype_surface:sharding,cluster.placement.assign_tablet_range,source_search_key=project/src/parsers/compatibility/vitess/vitess_dialect.cpp#kDatatypeSurfaces:sharding;intake_id=FSC-INTAKE-COMPATIBILITY-0438;source_family=shard_placement;compatibility_parser_isolation=own_surface_only,required_new:sblr.cluster.placement.v1:cluster.placement.assign_tablet_range,compile_flag_disabled_returns_functionality_unsupported;public_stub_enabled_returns_functionality_unlicensed;private_provider_required_for_execution
yugabytedb,diagnostic_surface:cdc,cluster.metrics.emit_event,source_search_key=project/src/parsers/compatibility/yugabytedb/yugabytedb_dialect.cpp#kDiagnosticSurfaces:cdc;intake_id=FSC-INTAKE-COMPATIBILITY-0439;source_family=cdc_stream;compatibility_parser_isolation=own_surface_only,sblr.cluster.report.v3:cluster.metrics.emit_event,compile_flag_disabled_returns_functionality_unsupported;public_stub_enabled_returns_functionality_unlicensed;private_provider_required_for_execution
yugabytedb,yugabytedb.cdc.create_stream,cluster.metrics.emit_event,source_search_key=project/src/parsers/compatibility/yugabytedb/yugabytedb_dialect.cpp#kPatterns:yugabytedb.cdc.create_stream;intake_id=FSC-INTAKE-COMPATIBILITY-0440;source_family=cdc_stream;compatibility_parser_isolation=own_surface_only,sblr.cluster.report.v3:cluster.metrics.emit_event,compile_flag_disabled_returns_functionality_unsupported;public_stub_enabled_returns_functionality_unlicensed;private_provider_required_for_execution
