compatibility,external_authority_surface,provider_boundary,admission_policy,fail_closed_behavior,test_destination,source_search_key
clickhouse,clickhouse.external_io.insert_function,external_provider_boundary,engine_admission_required_parser_cannot_execute_external_authority,fail_closed_without_provider_or_engine_authorization,project/tests/sblr_surface/,project/src/parsers/compatibility/clickhouse/clickhouse_dialect.cpp#kPatterns:clickhouse.external_io.insert_function
clickhouse,clickhouse.external_io.file_function,file_io_boundary,engine_admission_required_parser_cannot_execute_external_authority,fail_closed_without_provider_or_engine_authorization,project/tests/sblr_surface/,project/src/parsers/compatibility/clickhouse/clickhouse_dialect.cpp#kPatterns:clickhouse.external_io.file_function
clickhouse,clickhouse.external_io.url_function,external_provider_boundary,engine_admission_required_parser_cannot_execute_external_authority,fail_closed_without_provider_or_engine_authorization,project/tests/sblr_surface/,project/src/parsers/compatibility/clickhouse/clickhouse_dialect.cpp#kPatterns:clickhouse.external_io.url_function
clickhouse,clickhouse.external_io.s3_function,external_provider_boundary,engine_admission_required_parser_cannot_execute_external_authority,fail_closed_without_provider_or_engine_authorization,project/tests/sblr_surface/,project/src/parsers/compatibility/clickhouse/clickhouse_dialect.cpp#kPatterns:clickhouse.external_io.s3_function
clickhouse,clickhouse.external_io.hdfs_function,external_provider_boundary,engine_admission_required_parser_cannot_execute_external_authority,fail_closed_without_provider_or_engine_authorization,project/tests/sblr_surface/,project/src/parsers/compatibility/clickhouse/clickhouse_dialect.cpp#kPatterns:clickhouse.external_io.hdfs_function
clickhouse,clickhouse.connector.dictionary.create,external_connector_boundary,engine_admission_required_parser_cannot_execute_external_authority,fail_closed_without_provider_or_engine_authorization,project/tests/sblr_surface/,project/src/parsers/compatibility/clickhouse/clickhouse_dialect.cpp#kPatterns:clickhouse.connector.dictionary.create
clickhouse,clickhouse.connector.dictionary.drop,external_connector_boundary,engine_admission_required_parser_cannot_execute_external_authority,fail_closed_without_provider_or_engine_authorization,project/tests/sblr_surface/,project/src/parsers/compatibility/clickhouse/clickhouse_dialect.cpp#kPatterns:clickhouse.connector.dictionary.drop
clickhouse,builtin_function_surface:external,file_io_boundary,engine_admission_required_parser_cannot_execute_external_authority,fail_closed_without_provider_or_engine_authorization,project/tests/sblr_surface/,project/src/parsers/compatibility/clickhouse/clickhouse_dialect.cpp#kBuiltinSurfaces:external
clickhouse,diagnostic_surface:external_io,external_provider_boundary,engine_admission_required_parser_cannot_execute_external_authority,fail_closed_without_provider_or_engine_authorization,project/tests/sblr_surface/,project/src/parsers/compatibility/clickhouse/clickhouse_dialect.cpp#kDiagnosticSurfaces:external_io
clickhouse,diagnostic_surface:connector,external_connector_boundary,engine_admission_required_parser_cannot_execute_external_authority,fail_closed_without_provider_or_engine_authorization,project/tests/sblr_surface/,project/src/parsers/compatibility/clickhouse/clickhouse_dialect.cpp#kDiagnosticSurfaces:connector
cockroachdb,cockroachdb.bulk_io.import,import_export_file_io,engine_admission_required_parser_cannot_execute_external_authority,fail_closed_without_provider_or_engine_authorization,project/tests/sblr_surface/,project/src/parsers/compatibility/cockroachdb/cockroachdb_dialect.cpp#kPatterns:cockroachdb.bulk_io.import
cockroachdb,cockroachdb.bulk_io.copy_program,copy_file_boundary,engine_admission_required_parser_cannot_execute_external_authority,fail_closed_without_provider_or_engine_authorization,project/tests/sblr_surface/,project/src/parsers/compatibility/cockroachdb/cockroachdb_dialect.cpp#kPatterns:cockroachdb.bulk_io.copy_program
cockroachdb,cockroachdb.bulk_io.copy_to_file,file_io_boundary,engine_admission_required_parser_cannot_execute_external_authority,fail_closed_without_provider_or_engine_authorization,project/tests/sblr_surface/,project/src/parsers/compatibility/cockroachdb/cockroachdb_dialect.cpp#kPatterns:cockroachdb.bulk_io.copy_to_file
cockroachdb,cockroachdb.bulk_io.copy_from_file,file_io_boundary,engine_admission_required_parser_cannot_execute_external_authority,fail_closed_without_provider_or_engine_authorization,project/tests/sblr_surface/,project/src/parsers/compatibility/cockroachdb/cockroachdb_dialect.cpp#kPatterns:cockroachdb.bulk_io.copy_from_file
cockroachdb,cockroachdb.connector.fdw.create,external_connector_boundary,engine_admission_required_parser_cannot_execute_external_authority,fail_closed_without_provider_or_engine_authorization,project/tests/sblr_surface/,project/src/parsers/compatibility/cockroachdb/cockroachdb_dialect.cpp#kPatterns:cockroachdb.connector.fdw.create
cockroachdb,cockroachdb.connector.server.create,external_connector_boundary,engine_admission_required_parser_cannot_execute_external_authority,fail_closed_without_provider_or_engine_authorization,project/tests/sblr_surface/,project/src/parsers/compatibility/cockroachdb/cockroachdb_dialect.cpp#kPatterns:cockroachdb.connector.server.create
cockroachdb,cockroachdb.connector.user_mapping.create,external_connector_boundary,engine_admission_required_parser_cannot_execute_external_authority,fail_closed_without_provider_or_engine_authorization,project/tests/sblr_surface/,project/src/parsers/compatibility/cockroachdb/cockroachdb_dialect.cpp#kPatterns:cockroachdb.connector.user_mapping.create
cockroachdb,cockroachdb.connector.foreign_table.create,external_connector_boundary,engine_admission_required_parser_cannot_execute_external_authority,fail_closed_without_provider_or_engine_authorization,project/tests/sblr_surface/,project/src/parsers/compatibility/cockroachdb/cockroachdb_dialect.cpp#kPatterns:cockroachdb.connector.foreign_table.create
cockroachdb,diagnostic_surface:connector,external_connector_boundary,engine_admission_required_parser_cannot_execute_external_authority,fail_closed_without_provider_or_engine_authorization,project/tests/sblr_surface/,project/src/parsers/compatibility/cockroachdb/cockroachdb_dialect.cpp#kDiagnosticSurfaces:connector
duckdb,duckdb.bulk_io.file_from,file_io_boundary,engine_admission_required_parser_cannot_execute_external_authority,fail_closed_without_provider_or_engine_authorization,project/tests/sblr_surface/,project/src/parsers/compatibility/duckdb/duckdb_dialect.cpp#kPatterns:duckdb.bulk_io.file_from
duckdb,duckdb.bulk_io.file_to,file_io_boundary,engine_admission_required_parser_cannot_execute_external_authority,fail_closed_without_provider_or_engine_authorization,project/tests/sblr_surface/,project/src/parsers/compatibility/duckdb/duckdb_dialect.cpp#kPatterns:duckdb.bulk_io.file_to
duckdb,duckdb.external_scan.read_csv,file_io_boundary,engine_admission_required_parser_cannot_execute_external_authority,fail_closed_without_provider_or_engine_authorization,project/tests/sblr_surface/,project/src/parsers/compatibility/duckdb/duckdb_dialect.cpp#kPatterns:duckdb.external_scan.read_csv
duckdb,duckdb.external_scan.read_parquet,file_io_boundary,engine_admission_required_parser_cannot_execute_external_authority,fail_closed_without_provider_or_engine_authorization,project/tests/sblr_surface/,project/src/parsers/compatibility/duckdb/duckdb_dialect.cpp#kPatterns:duckdb.external_scan.read_parquet
duckdb,duckdb.external_scan.read_json,file_io_boundary,engine_admission_required_parser_cannot_execute_external_authority,fail_closed_without_provider_or_engine_authorization,project/tests/sblr_surface/,project/src/parsers/compatibility/duckdb/duckdb_dialect.cpp#kPatterns:duckdb.external_scan.read_json
duckdb,duckdb.external_scan.http,external_provider_boundary,engine_admission_required_parser_cannot_execute_external_authority,fail_closed_without_provider_or_engine_authorization,project/tests/sblr_surface/,project/src/parsers/compatibility/duckdb/duckdb_dialect.cpp#kPatterns:duckdb.external_scan.http
duckdb,duckdb.external_scan.s3,external_provider_boundary,engine_admission_required_parser_cannot_execute_external_authority,fail_closed_without_provider_or_engine_authorization,project/tests/sblr_surface/,project/src/parsers/compatibility/duckdb/duckdb_dialect.cpp#kPatterns:duckdb.external_scan.s3
duckdb,duckdb.bulk_io.export_database,import_export_file_io,engine_admission_required_parser_cannot_execute_external_authority,fail_closed_without_provider_or_engine_authorization,project/tests/sblr_surface/,project/src/parsers/compatibility/duckdb/duckdb_dialect.cpp#kPatterns:duckdb.bulk_io.export_database
duckdb,duckdb.bulk_io.import_database,import_export_file_io,engine_admission_required_parser_cannot_execute_external_authority,fail_closed_without_provider_or_engine_authorization,project/tests/sblr_surface/,project/src/parsers/compatibility/duckdb/duckdb_dialect.cpp#kPatterns:duckdb.bulk_io.import_database
duckdb,duckdb.lifecycle.attach,file_io_boundary,engine_admission_required_parser_cannot_execute_external_authority,fail_closed_without_provider_or_engine_authorization,project/tests/sblr_surface/,project/src/parsers/compatibility/duckdb/duckdb_dialect.cpp#kPatterns:duckdb.lifecycle.attach
duckdb,duckdb.lifecycle.detach,file_io_boundary,engine_admission_required_parser_cannot_execute_external_authority,fail_closed_without_provider_or_engine_authorization,project/tests/sblr_surface/,project/src/parsers/compatibility/duckdb/duckdb_dialect.cpp#kPatterns:duckdb.lifecycle.detach
duckdb,builtin_function_surface:external_scan,external_provider_boundary,engine_admission_required_parser_cannot_execute_external_authority,fail_closed_without_provider_or_engine_authorization,project/tests/sblr_surface/,project/src/parsers/compatibility/duckdb/duckdb_dialect.cpp#kBuiltinSurfaces:external_scan
duckdb,catalog_overlay_surface:external_files,file_io_boundary,engine_admission_required_parser_cannot_execute_external_authority,fail_closed_without_provider_or_engine_authorization,project/tests/sblr_surface/,project/src/parsers/compatibility/duckdb/duckdb_dialect.cpp#kCatalogSurfaces:external_files
duckdb,diagnostic_surface:external_io,external_provider_boundary,engine_admission_required_parser_cannot_execute_external_authority,fail_closed_without_provider_or_engine_authorization,project/tests/sblr_surface/,project/src/parsers/compatibility/duckdb/duckdb_dialect.cpp#kDiagnosticSurfaces:external_io
firebird,firebird.emulated.database_file_management,file_io_boundary,engine_admission_required_parser_cannot_execute_external_authority,fail_closed_without_provider_or_engine_authorization,project/tests/sblr_surface/,project/src/parsers/compatibility/firebird/firebird_dialect.cpp#FirebirdMappingStorage:firebird.emulated.database_file_management
firebird,firebird.emulated.shadow_storage,file_io_boundary,engine_admission_required_parser_cannot_execute_external_authority,fail_closed_without_provider_or_engine_authorization,project/tests/sblr_surface/,project/src/parsers/compatibility/firebird/firebird_dialect.cpp#FirebirdMappingStorage:firebird.emulated.shadow_storage
firebird,firebird.emulated.backup_restore,backup_restore_or_snapshot,engine_admission_required_parser_cannot_execute_external_authority,fail_closed_without_provider_or_engine_authorization,project/tests/sblr_surface/,project/src/parsers/compatibility/firebird/firebird_dialect.cpp#FirebirdMappingStorage:firebird.emulated.backup_restore
firebird,firebird.emulated.external_plugin,file_io_boundary,engine_admission_required_parser_cannot_execute_external_authority,fail_closed_without_provider_or_engine_authorization,project/tests/sblr_surface/,project/src/parsers/compatibility/firebird/firebird_dialect.cpp#FirebirdMappingStorage:firebird.emulated.external_plugin
firebird,firebird.emulated.service_api,file_io_boundary,engine_admission_required_parser_cannot_execute_external_authority,fail_closed_without_provider_or_engine_authorization,project/tests/sblr_surface/,project/src/parsers/compatibility/firebird/firebird_dialect.cpp#FirebirdMappingStorage:firebird.emulated.service_api
firebird,firebird.emulated.shadow_raw_storage,file_io_boundary,engine_admission_required_parser_cannot_execute_external_authority,fail_closed_without_provider_or_engine_authorization,project/tests/sblr_surface/,project/src/parsers/compatibility/firebird/firebird_dialect.cpp#ClassifyNonFileOperation:firebird.emulated.shadow_raw_storage
firebird,firebird.emulated.database_lifecycle,file_io_boundary,engine_admission_required_parser_cannot_execute_external_authority,fail_closed_without_provider_or_engine_authorization,project/tests/sblr_surface/,project/src/parsers/compatibility/firebird/firebird_dialect.cpp#ClassifyNonFileOperation:firebird.emulated.database_lifecycle
firebird,firebird.emulated.shadow_storage,file_io_boundary,engine_admission_required_parser_cannot_execute_external_authority,fail_closed_without_provider_or_engine_authorization,project/tests/sblr_surface/,project/src/parsers/compatibility/firebird/firebird_dialect.cpp#ClassifyNonFileOperation:firebird.emulated.shadow_storage
firebird,firebird.emulated.external_table_authority,file_io_boundary,engine_admission_required_parser_cannot_execute_external_authority,fail_closed_without_provider_or_engine_authorization,project/tests/sblr_surface/,project/src/parsers/compatibility/firebird/firebird_dialect.cpp#ClassifyNonFileOperation:firebird.emulated.external_table_authority
firebird,firebird.emulated.plugin_external_engine,file_io_boundary,engine_admission_required_parser_cannot_execute_external_authority,fail_closed_without_provider_or_engine_authorization,project/tests/sblr_surface/,project/src/parsers/compatibility/firebird/firebird_dialect.cpp#ClassifyNonFileOperation:firebird.emulated.plugin_external_engine
firebird,firebird.emulated.security_projection,file_io_boundary,engine_admission_required_parser_cannot_execute_external_authority,fail_closed_without_provider_or_engine_authorization,project/tests/sblr_surface/,project/src/parsers/compatibility/firebird/firebird_dialect.cpp#ClassifyNonFileOperation:firebird.emulated.security_projection
firebird,firebird.emulated.backup_restore,backup_restore_or_snapshot,engine_admission_required_parser_cannot_execute_external_authority,fail_closed_without_provider_or_engine_authorization,project/tests/sblr_surface/,project/src/parsers/compatibility/firebird/firebird_dialect.cpp#ClassifyNonFileOperation:firebird.emulated.backup_restore
firebird,firebird.emulated.incremental_backup,backup_restore_or_snapshot,engine_admission_required_parser_cannot_execute_external_authority,fail_closed_without_provider_or_engine_authorization,project/tests/sblr_surface/,project/src/parsers/compatibility/firebird/firebird_dialect.cpp#ClassifyNonFileOperation:firebird.emulated.incremental_backup
firebird,firebird.emulated.validation_repair_sweep,file_io_boundary,engine_admission_required_parser_cannot_execute_external_authority,fail_closed_without_provider_or_engine_authorization,project/tests/sblr_surface/,project/src/parsers/compatibility/firebird/firebird_dialect.cpp#ClassifyNonFileOperation:firebird.emulated.validation_repair_sweep
firebird,firebird.emulated.trace_monitoring,file_io_boundary,engine_admission_required_parser_cannot_execute_external_authority,fail_closed_without_provider_or_engine_authorization,project/tests/sblr_surface/,project/src/parsers/compatibility/firebird/firebird_dialect.cpp#ClassifyNonFileOperation:firebird.emulated.trace_monitoring
firebird,firebird.emulated.service_api,file_io_boundary,engine_admission_required_parser_cannot_execute_external_authority,fail_closed_without_provider_or_engine_authorization,project/tests/sblr_surface/,project/src/parsers/compatibility/firebird/firebird_dialect.cpp#ClassifyNonFileOperation:firebird.emulated.service_api
firebird,firebird.emulated.reference_native_tool,file_io_boundary,engine_admission_required_parser_cannot_execute_external_authority,fail_closed_without_provider_or_engine_authorization,project/tests/sblr_surface/,project/src/parsers/compatibility/firebird/firebird_dialect.cpp#ClassifyNonFileOperation:firebird.emulated.reference_native_tool
firebird,firebird.isql.noop,external_provider_boundary,engine_admission_required_parser_cannot_execute_external_authority,fail_closed_without_provider_or_engine_authorization,project/tests/sblr_surface/,project/src/parsers/compatibility/firebird/firebird_dialect.cpp#ClassifyIsqlOperation:firebird.isql.noop
firebird,firebird.isql.input_data_block,external_provider_boundary,engine_admission_required_parser_cannot_execute_external_authority,fail_closed_without_provider_or_engine_authorization,project/tests/sblr_surface/,project/src/parsers/compatibility/firebird/firebird_dialect.cpp#ClassifyIsqlOperation:firebird.isql.input_data_block
firebird,firebird.isql.connect,external_provider_boundary,engine_admission_required_parser_cannot_execute_external_authority,fail_closed_without_provider_or_engine_authorization,project/tests/sblr_surface/,project/src/parsers/compatibility/firebird/firebird_dialect.cpp#ClassifyIsqlOperation:firebird.isql.connect
firebird,firebird.isql.disconnect,external_provider_boundary,engine_admission_required_parser_cannot_execute_external_authority,fail_closed_without_provider_or_engine_authorization,project/tests/sblr_surface/,project/src/parsers/compatibility/firebird/firebird_dialect.cpp#ClassifyIsqlOperation:firebird.isql.disconnect
firebird,firebird.isql.set,external_provider_boundary,engine_admission_required_parser_cannot_execute_external_authority,fail_closed_without_provider_or_engine_authorization,project/tests/sblr_surface/,project/src/parsers/compatibility/firebird/firebird_dialect.cpp#ClassifyIsqlOperation:firebird.isql.set
firebird,firebird.isql.show,external_provider_boundary,engine_admission_required_parser_cannot_execute_external_authority,fail_closed_without_provider_or_engine_authorization,project/tests/sblr_surface/,project/src/parsers/compatibility/firebird/firebird_dialect.cpp#ClassifyIsqlOperation:firebird.isql.show
firebird,firebird.isql.extract,external_provider_boundary,engine_admission_required_parser_cannot_execute_external_authority,fail_closed_without_provider_or_engine_authorization,project/tests/sblr_surface/,project/src/parsers/compatibility/firebird/firebird_dialect.cpp#ClassifyIsqlOperation:firebird.isql.extract
firebird,firebird.isql.input,external_provider_boundary,engine_admission_required_parser_cannot_execute_external_authority,fail_closed_without_provider_or_engine_authorization,project/tests/sblr_surface/,project/src/parsers/compatibility/firebird/firebird_dialect.cpp#ClassifyIsqlOperation:firebird.isql.input
firebird,firebird.isql.output,external_provider_boundary,engine_admission_required_parser_cannot_execute_external_authority,fail_closed_without_provider_or_engine_authorization,project/tests/sblr_surface/,project/src/parsers/compatibility/firebird/firebird_dialect.cpp#ClassifyIsqlOperation:firebird.isql.output
firebird,firebird.isql.help,external_provider_boundary,engine_admission_required_parser_cannot_execute_external_authority,fail_closed_without_provider_or_engine_authorization,project/tests/sblr_surface/,project/src/parsers/compatibility/firebird/firebird_dialect.cpp#ClassifyIsqlOperation:firebird.isql.help
firebird,firebird.isql.exit,external_provider_boundary,engine_admission_required_parser_cannot_execute_external_authority,fail_closed_without_provider_or_engine_authorization,project/tests/sblr_surface/,project/src/parsers/compatibility/firebird/firebird_dialect.cpp#ClassifyIsqlOperation:firebird.isql.exit
firebird,firebird.isql.frontend_utility,external_provider_boundary,engine_admission_required_parser_cannot_execute_external_authority,fail_closed_without_provider_or_engine_authorization,project/tests/sblr_surface/,project/src/parsers/compatibility/firebird/firebird_dialect.cpp#ClassifyIsqlOperation:firebird.isql.frontend_utility
immudb,immudb.backup.dump,backup_restore_or_snapshot,engine_admission_required_parser_cannot_execute_external_authority,fail_closed_without_provider_or_engine_authorization,project/tests/sblr_surface/,project/src/parsers/compatibility/immudb/immudb_dialect.cpp#kPatterns:immudb.backup.dump
immudb,immudb.backup.restore,backup_restore_or_snapshot,engine_admission_required_parser_cannot_execute_external_authority,fail_closed_without_provider_or_engine_authorization,project/tests/sblr_surface/,project/src/parsers/compatibility/immudb/immudb_dialect.cpp#kPatterns:immudb.backup.restore
mariadb,mariadb.bulk_io.backup_stage,backup_restore_or_snapshot,engine_admission_required_parser_cannot_execute_external_authority,fail_closed_without_provider_or_engine_authorization,project/tests/sblr_surface/,project/src/parsers/compatibility/mariadb/mariadb_dialect.cpp#kPatterns:mariadb.bulk_io.backup_stage
mariadb,mariadb.bulk_io.load_data_infile,file_io_boundary,engine_admission_required_parser_cannot_execute_external_authority,fail_closed_without_provider_or_engine_authorization,project/tests/sblr_surface/,project/src/parsers/compatibility/mariadb/mariadb_dialect.cpp#kPatterns:mariadb.bulk_io.load_data_infile
mariadb,mariadb.bulk_io.load_file,file_io_boundary,engine_admission_required_parser_cannot_execute_external_authority,fail_closed_without_provider_or_engine_authorization,project/tests/sblr_surface/,project/src/parsers/compatibility/mariadb/mariadb_dialect.cpp#kPatterns:mariadb.bulk_io.load_file
mariadb,mariadb.bulk_io.select_into_outfile,file_io_boundary,engine_admission_required_parser_cannot_execute_external_authority,fail_closed_without_provider_or_engine_authorization,project/tests/sblr_surface/,project/src/parsers/compatibility/mariadb/mariadb_dialect.cpp#kPatterns:mariadb.bulk_io.select_into_outfile
mariadb,mariadb.bulk_io.select_into_dumpfile,file_io_boundary,engine_admission_required_parser_cannot_execute_external_authority,fail_closed_without_provider_or_engine_authorization,project/tests/sblr_surface/,project/src/parsers/compatibility/mariadb/mariadb_dialect.cpp#kPatterns:mariadb.bulk_io.select_into_dumpfile
mysql,mysql.bulk_io.load_data_infile,file_io_boundary,engine_admission_required_parser_cannot_execute_external_authority,fail_closed_without_provider_or_engine_authorization,project/tests/sblr_surface/,project/src/parsers/compatibility/mysql/mysql_dialect.cpp#kPatterns:mysql.bulk_io.load_data_infile
mysql,mysql.bulk_io.load_file,file_io_boundary,engine_admission_required_parser_cannot_execute_external_authority,fail_closed_without_provider_or_engine_authorization,project/tests/sblr_surface/,project/src/parsers/compatibility/mysql/mysql_dialect.cpp#kPatterns:mysql.bulk_io.load_file
mysql,mysql.bulk_io.select_into_outfile,file_io_boundary,engine_admission_required_parser_cannot_execute_external_authority,fail_closed_without_provider_or_engine_authorization,project/tests/sblr_surface/,project/src/parsers/compatibility/mysql/mysql_dialect.cpp#kPatterns:mysql.bulk_io.select_into_outfile
mysql,mysql.bulk_io.select_into_dumpfile,file_io_boundary,engine_admission_required_parser_cannot_execute_external_authority,fail_closed_without_provider_or_engine_authorization,project/tests/sblr_surface/,project/src/parsers/compatibility/mysql/mysql_dialect.cpp#kPatterns:mysql.bulk_io.select_into_dumpfile
opensearch,builtin_function_surface:security,external_connector_boundary,engine_admission_required_parser_cannot_execute_external_authority,fail_closed_without_provider_or_engine_authorization,project/tests/sblr_surface/,project/src/parsers/compatibility/opensearch_sql_ppl/opensearch_sql_ppl_dialect.cpp#kBuiltinSurfaces:security
postgresql,postgresql.bulk_io.copy_program,copy_file_boundary,engine_admission_required_parser_cannot_execute_external_authority,fail_closed_without_provider_or_engine_authorization,project/tests/sblr_surface/,project/src/parsers/compatibility/postgresql/postgresql_dialect.cpp#kPatterns:postgresql.bulk_io.copy_program
postgresql,postgresql.bulk_io.copy_to_file,file_io_boundary,engine_admission_required_parser_cannot_execute_external_authority,fail_closed_without_provider_or_engine_authorization,project/tests/sblr_surface/,project/src/parsers/compatibility/postgresql/postgresql_dialect.cpp#kPatterns:postgresql.bulk_io.copy_to_file
postgresql,postgresql.bulk_io.copy_from_file,file_io_boundary,engine_admission_required_parser_cannot_execute_external_authority,fail_closed_without_provider_or_engine_authorization,project/tests/sblr_surface/,project/src/parsers/compatibility/postgresql/postgresql_dialect.cpp#kPatterns:postgresql.bulk_io.copy_from_file
postgresql,postgresql.large_object.lo_import,import_export_file_io,engine_admission_required_parser_cannot_execute_external_authority,fail_closed_without_provider_or_engine_authorization,project/tests/sblr_surface/,project/src/parsers/compatibility/postgresql/postgresql_dialect.cpp#kPatterns:postgresql.large_object.lo_import
postgresql,postgresql.large_object.lo_export,import_export_file_io,engine_admission_required_parser_cannot_execute_external_authority,fail_closed_without_provider_or_engine_authorization,project/tests/sblr_surface/,project/src/parsers/compatibility/postgresql/postgresql_dialect.cpp#kPatterns:postgresql.large_object.lo_export
postgresql,postgresql.connector.fdw.create,external_connector_boundary,engine_admission_required_parser_cannot_execute_external_authority,fail_closed_without_provider_or_engine_authorization,project/tests/sblr_surface/,project/src/parsers/compatibility/postgresql/postgresql_dialect.cpp#kPatterns:postgresql.connector.fdw.create
postgresql,postgresql.connector.server.create,external_connector_boundary,engine_admission_required_parser_cannot_execute_external_authority,fail_closed_without_provider_or_engine_authorization,project/tests/sblr_surface/,project/src/parsers/compatibility/postgresql/postgresql_dialect.cpp#kPatterns:postgresql.connector.server.create
postgresql,postgresql.connector.user_mapping.create,external_connector_boundary,engine_admission_required_parser_cannot_execute_external_authority,fail_closed_without_provider_or_engine_authorization,project/tests/sblr_surface/,project/src/parsers/compatibility/postgresql/postgresql_dialect.cpp#kPatterns:postgresql.connector.user_mapping.create
postgresql,postgresql.connector.import_foreign_schema,import_export_file_io,engine_admission_required_parser_cannot_execute_external_authority,fail_closed_without_provider_or_engine_authorization,project/tests/sblr_surface/,project/src/parsers/compatibility/postgresql/postgresql_dialect.cpp#kPatterns:postgresql.connector.import_foreign_schema
postgresql,postgresql.connector.foreign_table.create,external_connector_boundary,engine_admission_required_parser_cannot_execute_external_authority,fail_closed_without_provider_or_engine_authorization,project/tests/sblr_surface/,project/src/parsers/compatibility/postgresql/postgresql_dialect.cpp#kPatterns:postgresql.connector.foreign_table.create
postgresql,diagnostic_surface:connector,external_connector_boundary,engine_admission_required_parser_cannot_execute_external_authority,fail_closed_without_provider_or_engine_authorization,project/tests/sblr_surface/,project/src/parsers/compatibility/postgresql/postgresql_dialect.cpp#kDiagnosticSurfaces:connector
sqlite,sqlite.lifecycle.attach_database,file_io_boundary,engine_admission_required_parser_cannot_execute_external_authority,fail_closed_without_provider_or_engine_authorization,project/tests/sblr_surface/,project/src/parsers/compatibility/sqlite/sqlite_dialect.cpp#kPatterns:sqlite.lifecycle.attach_database
sqlite,sqlite.lifecycle.detach_database,file_io_boundary,engine_admission_required_parser_cannot_execute_external_authority,fail_closed_without_provider_or_engine_authorization,project/tests/sblr_surface/,project/src/parsers/compatibility/sqlite/sqlite_dialect.cpp#kPatterns:sqlite.lifecycle.detach_database
sqlite,sqlite.bulk_io.vacuum_into,file_io_boundary,engine_admission_required_parser_cannot_execute_external_authority,fail_closed_without_provider_or_engine_authorization,project/tests/sblr_surface/,project/src/parsers/compatibility/sqlite/sqlite_dialect.cpp#kPatterns:sqlite.bulk_io.vacuum_into
sqlite,sqlite.bulk_io.backup,backup_restore_or_snapshot,engine_admission_required_parser_cannot_execute_external_authority,fail_closed_without_provider_or_engine_authorization,project/tests/sblr_surface/,project/src/parsers/compatibility/sqlite/sqlite_dialect.cpp#kPatterns:sqlite.bulk_io.backup
sqlite,sqlite.bulk_io.restore,backup_restore_or_snapshot,engine_admission_required_parser_cannot_execute_external_authority,fail_closed_without_provider_or_engine_authorization,project/tests/sblr_surface/,project/src/parsers/compatibility/sqlite/sqlite_dialect.cpp#kPatterns:sqlite.bulk_io.restore
tidb,tidb.bulk_io.load_data_infile,file_io_boundary,engine_admission_required_parser_cannot_execute_external_authority,fail_closed_without_provider_or_engine_authorization,project/tests/sblr_surface/,project/src/parsers/compatibility/tidb/tidb_dialect.cpp#kPatterns:tidb.bulk_io.load_data_infile
tidb,tidb.bulk_io.load_file,file_io_boundary,engine_admission_required_parser_cannot_execute_external_authority,fail_closed_without_provider_or_engine_authorization,project/tests/sblr_surface/,project/src/parsers/compatibility/tidb/tidb_dialect.cpp#kPatterns:tidb.bulk_io.load_file
tidb,tidb.bulk_io.select_into_outfile,file_io_boundary,engine_admission_required_parser_cannot_execute_external_authority,fail_closed_without_provider_or_engine_authorization,project/tests/sblr_surface/,project/src/parsers/compatibility/tidb/tidb_dialect.cpp#kPatterns:tidb.bulk_io.select_into_outfile
vitess,vitess.bulk_io.load_data_infile,file_io_boundary,engine_admission_required_parser_cannot_execute_external_authority,fail_closed_without_provider_or_engine_authorization,project/tests/sblr_surface/,project/src/parsers/compatibility/vitess/vitess_dialect.cpp#kPatterns:vitess.bulk_io.load_data_infile
vitess,vitess.bulk_io.load_file,file_io_boundary,engine_admission_required_parser_cannot_execute_external_authority,fail_closed_without_provider_or_engine_authorization,project/tests/sblr_surface/,project/src/parsers/compatibility/vitess/vitess_dialect.cpp#kPatterns:vitess.bulk_io.load_file
vitess,vitess.bulk_io.select_into_outfile,file_io_boundary,engine_admission_required_parser_cannot_execute_external_authority,fail_closed_without_provider_or_engine_authorization,project/tests/sblr_surface/,project/src/parsers/compatibility/vitess/vitess_dialect.cpp#kPatterns:vitess.bulk_io.select_into_outfile
xtdb,xtdb.modules.configuration,external_provider_boundary,engine_admission_required_parser_cannot_execute_external_authority,fail_closed_without_provider_or_engine_authorization,project/tests/sblr_surface/,project/src/parsers/compatibility/xtdb/xtdb_dialect.cpp#kPatterns:xtdb.modules.configuration
xtdb,xtdb.modules.index_store,external_provider_boundary,engine_admission_required_parser_cannot_execute_external_authority,fail_closed_without_provider_or_engine_authorization,project/tests/sblr_surface/,project/src/parsers/compatibility/xtdb/xtdb_dialect.cpp#kPatterns:xtdb.modules.index_store
xtdb,xtdb.modules.document_store,external_provider_boundary,engine_admission_required_parser_cannot_execute_external_authority,fail_closed_without_provider_or_engine_authorization,project/tests/sblr_surface/,project/src/parsers/compatibility/xtdb/xtdb_dialect.cpp#kPatterns:xtdb.modules.document_store
xtdb,datatype_surface:external,external_provider_boundary,engine_admission_required_parser_cannot_execute_external_authority,fail_closed_without_provider_or_engine_authorization,project/tests/sblr_surface/,project/src/parsers/compatibility/xtdb/xtdb_dialect.cpp#kDatatypeSurfaces:external
yugabytedb,yugabytedb.bulk_io.copy_program,copy_file_boundary,engine_admission_required_parser_cannot_execute_external_authority,fail_closed_without_provider_or_engine_authorization,project/tests/sblr_surface/,project/src/parsers/compatibility/yugabytedb/yugabytedb_dialect.cpp#kPatterns:yugabytedb.bulk_io.copy_program
yugabytedb,yugabytedb.bulk_io.copy_to_file,file_io_boundary,engine_admission_required_parser_cannot_execute_external_authority,fail_closed_without_provider_or_engine_authorization,project/tests/sblr_surface/,project/src/parsers/compatibility/yugabytedb/yugabytedb_dialect.cpp#kPatterns:yugabytedb.bulk_io.copy_to_file
yugabytedb,yugabytedb.bulk_io.copy_from_file,file_io_boundary,engine_admission_required_parser_cannot_execute_external_authority,fail_closed_without_provider_or_engine_authorization,project/tests/sblr_surface/,project/src/parsers/compatibility/yugabytedb/yugabytedb_dialect.cpp#kPatterns:yugabytedb.bulk_io.copy_from_file
yugabytedb,yugabytedb.connector.fdw.create,external_connector_boundary,engine_admission_required_parser_cannot_execute_external_authority,fail_closed_without_provider_or_engine_authorization,project/tests/sblr_surface/,project/src/parsers/compatibility/yugabytedb/yugabytedb_dialect.cpp#kPatterns:yugabytedb.connector.fdw.create
yugabytedb,yugabytedb.connector.server.create,external_connector_boundary,engine_admission_required_parser_cannot_execute_external_authority,fail_closed_without_provider_or_engine_authorization,project/tests/sblr_surface/,project/src/parsers/compatibility/yugabytedb/yugabytedb_dialect.cpp#kPatterns:yugabytedb.connector.server.create
yugabytedb,yugabytedb.connector.user_mapping.create,external_connector_boundary,engine_admission_required_parser_cannot_execute_external_authority,fail_closed_without_provider_or_engine_authorization,project/tests/sblr_surface/,project/src/parsers/compatibility/yugabytedb/yugabytedb_dialect.cpp#kPatterns:yugabytedb.connector.user_mapping.create
yugabytedb,yugabytedb.connector.foreign_table.create,external_connector_boundary,engine_admission_required_parser_cannot_execute_external_authority,fail_closed_without_provider_or_engine_authorization,project/tests/sblr_surface/,project/src/parsers/compatibility/yugabytedb/yugabytedb_dialect.cpp#kPatterns:yugabytedb.connector.foreign_table.create
yugabytedb,diagnostic_surface:connector,external_connector_boundary,engine_admission_required_parser_cannot_execute_external_authority,fail_closed_without_provider_or_engine_authorization,project/tests/sblr_surface/,project/src/parsers/compatibility/yugabytedb/yugabytedb_dialect.cpp#kDiagnosticSurfaces:connector
apache_ignite,reference_surface:file_io_boundary,file_io_boundary,engine_admission_required_parser_cannot_execute_external_authority,fail_closed_without_provider_or_engine_authorization,project/tests/sblr_surface/,docs/reference/compatibility-engines/apache_ignite/datatype-summary.md#keyword:file
apache_ignite,reference_surface:copy_file_boundary,copy_file_boundary,engine_admission_required_parser_cannot_execute_external_authority,fail_closed_without_provider_or_engine_authorization,project/tests/sblr_surface/,docs/reference/compatibility-engines/apache_ignite/license-and-use-summary.md#keyword:copy
apache_ignite,reference_surface:import_export_file_io,import_export_file_io,engine_admission_required_parser_cannot_execute_external_authority,fail_closed_without_provider_or_engine_authorization,project/tests/sblr_surface/,docs/reference/compatibility-engines/apache_ignite/wire-and-migration-summary.md#keyword:import
apache_ignite,reference_surface:migration_provider_boundary,migration_provider_boundary,engine_admission_required_parser_cannot_execute_external_authority,fail_closed_without_provider_or_engine_authorization,project/tests/sblr_surface/,docs/reference/compatibility-engines/apache_ignite/wire-and-migration-summary.md#keyword:migration
apache_ignite,reference_surface:live_ingest_boundary,live_ingest_boundary,engine_admission_required_parser_cannot_execute_external_authority,fail_closed_without_provider_or_engine_authorization,project/tests/sblr_surface/,docs/reference/compatibility-engines/apache_ignite/wire-and-migration-summary.md#keyword:ingest
apache_ignite,reference_surface:external_provider_boundary,external_provider_boundary,engine_admission_required_parser_cannot_execute_external_authority,fail_closed_without_provider_or_engine_authorization,project/tests/sblr_surface/,docs/reference/compatibility_catalog_seeds/apache_ignite/apache_ignite_beta2_full_seed_manifest.yaml#keyword:external
apache_ignite,reference_surface:service_tool_boundary,service_tool_boundary,engine_admission_required_parser_cannot_execute_external_authority,fail_closed_without_provider_or_engine_authorization,project/tests/sblr_surface/,docs/reference/compatibility_catalog_seeds/apache_ignite/apache_ignite_beta2_full_seed_manifest.yaml#keyword:tool
apache_ignite,reference_surface:external_process_boundary,external_process_boundary,engine_admission_required_parser_cannot_execute_external_authority,fail_closed_without_provider_or_engine_authorization,project/tests/sblr_surface/,docs/reference/compatibility_catalog_seeds/apache_ignite/apache_ignite_beta2_full_seed_manifest.yaml#keyword:process
apache_ignite,reference_surface:plugin_extension_boundary,plugin_extension_boundary,engine_admission_required_parser_cannot_execute_external_authority,fail_closed_without_provider_or_engine_authorization,project/tests/sblr_surface/,docs/reference/compatibility_release_acquisition/apache_ignite/2.17.0/source/.github/workflows/publish-website-on-branch-update.yml#keyword:plugin
apache_ignite,reference_surface:backup_restore_or_snapshot,backup_restore_or_snapshot,engine_admission_required_parser_cannot_execute_external_authority,fail_closed_without_provider_or_engine_authorization,project/tests/sblr_surface/,docs/reference/compatibility_release_acquisition/apache_ignite/2.17.0/source/.github/workflows/sonar-branch.yml#keyword:restore
apache_ignite,reference_surface:external_connector_boundary,external_connector_boundary,engine_admission_required_parser_cannot_execute_external_authority,fail_closed_without_provider_or_engine_authorization,project/tests/sblr_surface/,docs/reference/compatibility_release_acquisition/apache_ignite/2.17.0/source/RELEASE_NOTES.txt#keyword:connector
cassandra,reference_surface:file_io_boundary,file_io_boundary,engine_admission_required_parser_cannot_execute_external_authority,fail_closed_without_provider_or_engine_authorization,project/tests/sblr_surface/,docs/reference/compatibility_catalog_seeds/cassandra/README.md#keyword:file
cassandra,reference_surface:external_provider_boundary,external_provider_boundary,engine_admission_required_parser_cannot_execute_external_authority,fail_closed_without_provider_or_engine_authorization,project/tests/sblr_surface/,docs/reference/compatibility_catalog_seeds/cassandra/cassandra_5_beta2_full_seed_manifest.yaml#keyword:external
cassandra,reference_surface:service_tool_boundary,service_tool_boundary,engine_admission_required_parser_cannot_execute_external_authority,fail_closed_without_provider_or_engine_authorization,project/tests/sblr_surface/,docs/reference/compatibility_catalog_seeds/cassandra/cassandra_5_beta2_full_seed_manifest.yaml#keyword:tool
cassandra,reference_surface:migration_provider_boundary,migration_provider_boundary,engine_admission_required_parser_cannot_execute_external_authority,fail_closed_without_provider_or_engine_authorization,project/tests/sblr_surface/,docs/reference/compatibility_catalog_seeds/cassandra/cassandra_5_beta2_full_seed_manifest.yaml#keyword:migration
cassandra,reference_surface:copy_file_boundary,copy_file_boundary,engine_admission_required_parser_cannot_execute_external_authority,fail_closed_without_provider_or_engine_authorization,project/tests/sblr_surface/,docs/reference/compatibility_release_acquisition/cassandra/5.0.8/clean-room/NOTES.md#keyword:copy
cassandra,reference_surface:import_export_file_io,import_export_file_io,engine_admission_required_parser_cannot_execute_external_authority,fail_closed_without_provider_or_engine_authorization,project/tests/sblr_surface/,docs/reference/compatibility_release_acquisition/cassandra/5.0.8/license/LICENSE_SOURCE.txt#keyword:import
cassandra,reference_surface:backup_restore_or_snapshot,backup_restore_or_snapshot,engine_admission_required_parser_cannot_execute_external_authority,fail_closed_without_provider_or_engine_authorization,project/tests/sblr_surface/,docs/reference/compatibility_release_acquisition/cassandra/5.0.8/release-notes/RELEASE_NOTES_SOURCE.txt#keyword:backup
cassandra,reference_surface:external_process_boundary,external_process_boundary,engine_admission_required_parser_cannot_execute_external_authority,fail_closed_without_provider_or_engine_authorization,project/tests/sblr_surface/,docs/reference/compatibility_release_acquisition/cassandra/5.0.8/release-notes/RELEASE_NOTES_SOURCE.txt#keyword:process
cassandra,reference_surface:external_connector_boundary,external_connector_boundary,engine_admission_required_parser_cannot_execute_external_authority,fail_closed_without_provider_or_engine_authorization,project/tests/sblr_surface/,docs/reference/compatibility_release_acquisition/cassandra/5.0.8/release-notes/RELEASE_NOTES_SOURCE.txt#keyword:connector
cassandra,reference_surface:plugin_extension_boundary,plugin_extension_boundary,engine_admission_required_parser_cannot_execute_external_authority,fail_closed_without_provider_or_engine_authorization,project/tests/sblr_surface/,docs/reference/compatibility_release_acquisition/cassandra/5.0.8/source/.circleci/config.yml#keyword:extension
cassandra,reference_surface:live_ingest_boundary,live_ingest_boundary,engine_admission_required_parser_cannot_execute_external_authority,fail_closed_without_provider_or_engine_authorization,project/tests/sblr_surface/,docs/reference/compatibility_release_acquisition/cassandra/5.0.8/source/CHANGES.txt#keyword:ingest
clickhouse,reference_surface:file_io_boundary,file_io_boundary,engine_admission_required_parser_cannot_execute_external_authority,fail_closed_without_provider_or_engine_authorization,project/tests/sblr_surface/,docs/reference/compatibility_catalog_seeds/clickhouse/README.md#keyword:file
clickhouse,reference_surface:external_provider_boundary,external_provider_boundary,engine_admission_required_parser_cannot_execute_external_authority,fail_closed_without_provider_or_engine_authorization,project/tests/sblr_surface/,docs/reference/compatibility_catalog_seeds/clickhouse/clickhouse_25_beta2_full_seed_manifest.yaml#keyword:external
clickhouse,reference_surface:service_tool_boundary,service_tool_boundary,engine_admission_required_parser_cannot_execute_external_authority,fail_closed_without_provider_or_engine_authorization,project/tests/sblr_surface/,docs/reference/compatibility_catalog_seeds/clickhouse/clickhouse_25_beta2_full_seed_manifest.yaml#keyword:tool
clickhouse,reference_surface:migration_provider_boundary,migration_provider_boundary,engine_admission_required_parser_cannot_execute_external_authority,fail_closed_without_provider_or_engine_authorization,project/tests/sblr_surface/,docs/reference/compatibility_catalog_seeds/clickhouse/clickhouse_25_beta2_full_seed_manifest.yaml#keyword:migration
clickhouse,reference_surface:copy_file_boundary,copy_file_boundary,engine_admission_required_parser_cannot_execute_external_authority,fail_closed_without_provider_or_engine_authorization,project/tests/sblr_surface/,docs/reference/compatibility_release_acquisition/clickhouse/25.12.10.7-stable/clean-room/NOTES.md#keyword:copy
clickhouse,reference_surface:import_export_file_io,import_export_file_io,engine_admission_required_parser_cannot_execute_external_authority,fail_closed_without_provider_or_engine_authorization,project/tests/sblr_surface/,docs/reference/compatibility_release_acquisition/clickhouse/25.12.10.7-stable/source/.github/copilot-instructions.md#keyword:import
clickhouse,reference_surface:external_process_boundary,external_process_boundary,engine_admission_required_parser_cannot_execute_external_authority,fail_closed_without_provider_or_engine_authorization,project/tests/sblr_surface/,docs/reference/compatibility_release_acquisition/clickhouse/25.12.10.7-stable/source/.github/copilot-instructions.md#keyword:process
clickhouse,reference_surface:backup_restore_or_snapshot,backup_restore_or_snapshot,engine_admission_required_parser_cannot_execute_external_authority,fail_closed_without_provider_or_engine_authorization,project/tests/sblr_surface/,docs/reference/compatibility_release_acquisition/clickhouse/25.12.10.7-stable/source/.github/workflows/create_release.yml#keyword:restore
clickhouse,reference_surface:plugin_extension_boundary,plugin_extension_boundary,engine_admission_required_parser_cannot_execute_external_authority,fail_closed_without_provider_or_engine_authorization,project/tests/sblr_surface/,docs/reference/compatibility_release_acquisition/clickhouse/25.12.10.7-stable/source/CHANGELOG.md#keyword:extension
clickhouse,reference_surface:external_connector_boundary,external_connector_boundary,engine_admission_required_parser_cannot_execute_external_authority,fail_closed_without_provider_or_engine_authorization,project/tests/sblr_surface/,docs/reference/compatibility_release_acquisition/clickhouse/25.12.10.7-stable/source/contrib/CMakeLists.txt#keyword:connector
clickhouse,reference_surface:live_ingest_boundary,live_ingest_boundary,engine_admission_required_parser_cannot_execute_external_authority,fail_closed_without_provider_or_engine_authorization,project/tests/sblr_surface/,docs/reference/compatibility_release_acquisition/clickhouse/25.12.10.7-stable/source/contrib/rocksdb-cmake/CMakeLists.txt#keyword:ingest
cockroachdb,reference_surface:backup_restore_or_snapshot,backup_restore_or_snapshot,engine_admission_required_parser_cannot_execute_external_authority,fail_closed_without_provider_or_engine_authorization,project/tests/sblr_surface/,docs/reference/compatibility-engines/cockroachdb/capability-summary.md#keyword:backup
cockroachdb,reference_surface:import_export_file_io,import_export_file_io,engine_admission_required_parser_cannot_execute_external_authority,fail_closed_without_provider_or_engine_authorization,project/tests/sblr_surface/,docs/reference/compatibility-engines/cockroachdb/capability-summary.md#keyword:import
cockroachdb,reference_surface:file_io_boundary,file_io_boundary,engine_admission_required_parser_cannot_execute_external_authority,fail_closed_without_provider_or_engine_authorization,project/tests/sblr_surface/,docs/reference/compatibility-engines/cockroachdb/datatype-summary.md#keyword:file
cockroachdb,reference_surface:copy_file_boundary,copy_file_boundary,engine_admission_required_parser_cannot_execute_external_authority,fail_closed_without_provider_or_engine_authorization,project/tests/sblr_surface/,docs/reference/compatibility-engines/cockroachdb/license-and-use-summary.md#keyword:copy
cockroachdb,reference_surface:migration_provider_boundary,migration_provider_boundary,engine_admission_required_parser_cannot_execute_external_authority,fail_closed_without_provider_or_engine_authorization,project/tests/sblr_surface/,docs/reference/compatibility-engines/cockroachdb/wire-and-migration-summary.md#keyword:migration
cockroachdb,reference_surface:live_ingest_boundary,live_ingest_boundary,engine_admission_required_parser_cannot_execute_external_authority,fail_closed_without_provider_or_engine_authorization,project/tests/sblr_surface/,docs/reference/compatibility-engines/cockroachdb/wire-and-migration-summary.md#keyword:ingest
cockroachdb,reference_surface:external_provider_boundary,external_provider_boundary,engine_admission_required_parser_cannot_execute_external_authority,fail_closed_without_provider_or_engine_authorization,project/tests/sblr_surface/,docs/reference/compatibility_catalog_seeds/cockroachdb/cockroachdb_beta2_full_seed_manifest.yaml#keyword:external
cockroachdb,reference_surface:service_tool_boundary,service_tool_boundary,engine_admission_required_parser_cannot_execute_external_authority,fail_closed_without_provider_or_engine_authorization,project/tests/sblr_surface/,docs/reference/compatibility_catalog_seeds/cockroachdb/cockroachdb_beta2_full_seed_manifest.yaml#keyword:tool
cockroachdb,reference_surface:external_connector_boundary,external_connector_boundary,engine_admission_required_parser_cannot_execute_external_authority,fail_closed_without_provider_or_engine_authorization,project/tests/sblr_surface/,docs/reference/compatibility_release_acquisition/cockroachdb/26.1.3/source/.claude/agents/crdb-issue-finder.md#keyword:foreign
cockroachdb,reference_surface:external_process_boundary,external_process_boundary,engine_admission_required_parser_cannot_execute_external_authority,fail_closed_without_provider_or_engine_authorization,project/tests/sblr_surface/,docs/reference/compatibility_release_acquisition/cockroachdb/26.1.3/source/.github/workflows/code-cover-publish.yaml#keyword:process
cockroachdb,reference_surface:plugin_extension_boundary,plugin_extension_boundary,engine_admission_required_parser_cannot_execute_external_authority,fail_closed_without_provider_or_engine_authorization,project/tests/sblr_surface/,docs/reference/compatibility_release_acquisition/cockroachdb/26.1.3/source/.trunk/trunk.yaml#keyword:plugin
dolt,reference_surface:import_export_file_io,import_export_file_io,engine_admission_required_parser_cannot_execute_external_authority,fail_closed_without_provider_or_engine_authorization,project/tests/sblr_surface/,docs/reference/compatibility-engines/dolt/capability-summary.md#keyword:import
dolt,reference_surface:file_io_boundary,file_io_boundary,engine_admission_required_parser_cannot_execute_external_authority,fail_closed_without_provider_or_engine_authorization,project/tests/sblr_surface/,docs/reference/compatibility-engines/dolt/datatype-summary.md#keyword:file
dolt,reference_surface:copy_file_boundary,copy_file_boundary,engine_admission_required_parser_cannot_execute_external_authority,fail_closed_without_provider_or_engine_authorization,project/tests/sblr_surface/,docs/reference/compatibility-engines/dolt/license-and-use-summary.md#keyword:copy
dolt,reference_surface:migration_provider_boundary,migration_provider_boundary,engine_admission_required_parser_cannot_execute_external_authority,fail_closed_without_provider_or_engine_authorization,project/tests/sblr_surface/,docs/reference/compatibility-engines/dolt/wire-and-migration-summary.md#keyword:migration
dolt,reference_surface:live_ingest_boundary,live_ingest_boundary,engine_admission_required_parser_cannot_execute_external_authority,fail_closed_without_provider_or_engine_authorization,project/tests/sblr_surface/,docs/reference/compatibility-engines/dolt/wire-and-migration-summary.md#keyword:ingest
dolt,reference_surface:backup_restore_or_snapshot,backup_restore_or_snapshot,engine_admission_required_parser_cannot_execute_external_authority,fail_closed_without_provider_or_engine_authorization,project/tests/sblr_surface/,docs/reference/compatibility_catalog_seeds/dolt/dolt_beta2_full_seed_manifest.yaml#keyword:backup
dolt,reference_surface:external_provider_boundary,external_provider_boundary,engine_admission_required_parser_cannot_execute_external_authority,fail_closed_without_provider_or_engine_authorization,project/tests/sblr_surface/,docs/reference/compatibility_catalog_seeds/dolt/dolt_beta2_full_seed_manifest.yaml#keyword:external
dolt,reference_surface:service_tool_boundary,service_tool_boundary,engine_admission_required_parser_cannot_execute_external_authority,fail_closed_without_provider_or_engine_authorization,project/tests/sblr_surface/,docs/reference/compatibility_catalog_seeds/dolt/dolt_beta2_full_seed_manifest.yaml#keyword:tool
dolt,reference_surface:external_connector_boundary,external_connector_boundary,engine_admission_required_parser_cannot_execute_external_authority,fail_closed_without_provider_or_engine_authorization,project/tests/sblr_surface/,docs/reference/compatibility_release_acquisition/dolt/1.86.6/release-notes/RELEASE_NOTES_SOURCE.md#keyword:foreign
dolt,reference_surface:external_process_boundary,external_process_boundary,engine_admission_required_parser_cannot_execute_external_authority,fail_closed_without_provider_or_engine_authorization,project/tests/sblr_surface/,docs/reference/compatibility_release_acquisition/dolt/1.86.6/source/.github/actions/ses-email-action/package-lock.json#keyword:process
dolt,reference_surface:plugin_extension_boundary,plugin_extension_boundary,engine_admission_required_parser_cannot_execute_external_authority,fail_closed_without_provider_or_engine_authorization,project/tests/sblr_surface/,docs/reference/compatibility_release_acquisition/dolt/1.86.6/source/integration-tests/bats/privs.json#keyword:plugin
duckdb,reference_surface:file_io_boundary,file_io_boundary,engine_admission_required_parser_cannot_execute_external_authority,fail_closed_without_provider_or_engine_authorization,project/tests/sblr_surface/,docs/reference/compatibility_catalog_seeds/duckdb/README.md#keyword:file
duckdb,reference_surface:plugin_extension_boundary,plugin_extension_boundary,engine_admission_required_parser_cannot_execute_external_authority,fail_closed_without_provider_or_engine_authorization,project/tests/sblr_surface/,docs/reference/compatibility_catalog_seeds/duckdb/duckdb_1_beta2_full_seed_manifest.yaml#keyword:extension
duckdb,reference_surface:external_provider_boundary,external_provider_boundary,engine_admission_required_parser_cannot_execute_external_authority,fail_closed_without_provider_or_engine_authorization,project/tests/sblr_surface/,docs/reference/compatibility_catalog_seeds/duckdb/duckdb_1_beta2_full_seed_manifest.yaml#keyword:external
duckdb,reference_surface:service_tool_boundary,service_tool_boundary,engine_admission_required_parser_cannot_execute_external_authority,fail_closed_without_provider_or_engine_authorization,project/tests/sblr_surface/,docs/reference/compatibility_catalog_seeds/duckdb/duckdb_1_beta2_full_seed_manifest.yaml#keyword:tool
duckdb,reference_surface:migration_provider_boundary,migration_provider_boundary,engine_admission_required_parser_cannot_execute_external_authority,fail_closed_without_provider_or_engine_authorization,project/tests/sblr_surface/,docs/reference/compatibility_catalog_seeds/duckdb/duckdb_1_beta2_full_seed_manifest.yaml#keyword:migration
duckdb,reference_surface:copy_file_boundary,copy_file_boundary,engine_admission_required_parser_cannot_execute_external_authority,fail_closed_without_provider_or_engine_authorization,project/tests/sblr_surface/,docs/reference/compatibility_release_acquisition/duckdb/1.5.2/clean-room/NOTES.md#keyword:copy
duckdb,reference_surface:import_export_file_io,import_export_file_io,engine_admission_required_parser_cannot_execute_external_authority,fail_closed_without_provider_or_engine_authorization,project/tests/sblr_surface/,docs/reference/compatibility_release_acquisition/duckdb/1.5.2/release-notes/README.md#keyword:import
duckdb,reference_surface:external_process_boundary,external_process_boundary,engine_admission_required_parser_cannot_execute_external_authority,fail_closed_without_provider_or_engine_authorization,project/tests/sblr_surface/,docs/reference/compatibility_release_acquisition/duckdb/1.5.2/source/.github/patches/extensions/README.md#keyword:process
duckdb,reference_surface:live_ingest_boundary,live_ingest_boundary,engine_admission_required_parser_cannot_execute_external_authority,fail_closed_without_provider_or_engine_authorization,project/tests/sblr_surface/,docs/reference/compatibility_release_acquisition/duckdb/1.5.2/source/.github/regression/ingestion.csv#keyword:ingest
duckdb,reference_surface:external_connector_boundary,external_connector_boundary,engine_admission_required_parser_cannot_execute_external_authority,fail_closed_without_provider_or_engine_authorization,project/tests/sblr_surface/,docs/reference/compatibility_release_acquisition/duckdb/1.5.2/source/data/csv/bug_10283.csv#keyword:connector
duckdb,reference_surface:backup_restore_or_snapshot,backup_restore_or_snapshot,engine_admission_required_parser_cannot_execute_external_authority,fail_closed_without_provider_or_engine_authorization,project/tests/sblr_surface/,docs/reference/compatibility_release_acquisition/duckdb/1.5.2/source/extension/core_functions/aggregate/README.md#keyword:restore
firebird,reference_surface:file_io_boundary,file_io_boundary,engine_admission_required_parser_cannot_execute_external_authority,fail_closed_without_provider_or_engine_authorization,project/tests/sblr_surface/,docs/reference/compatibility_catalog_seeds/firebird/README.md#keyword:file
firebird,reference_surface:external_provider_boundary,external_provider_boundary,engine_admission_required_parser_cannot_execute_external_authority,fail_closed_without_provider_or_engine_authorization,project/tests/sblr_surface/,docs/reference/compatibility_catalog_seeds/firebird/firebird_5_beta2_full_seed_manifest.yaml#keyword:external
firebird,reference_surface:service_tool_boundary,service_tool_boundary,engine_admission_required_parser_cannot_execute_external_authority,fail_closed_without_provider_or_engine_authorization,project/tests/sblr_surface/,docs/reference/compatibility_catalog_seeds/firebird/firebird_5_beta2_full_seed_manifest.yaml#keyword:tool
firebird,reference_surface:migration_provider_boundary,migration_provider_boundary,engine_admission_required_parser_cannot_execute_external_authority,fail_closed_without_provider_or_engine_authorization,project/tests/sblr_surface/,docs/reference/compatibility_catalog_seeds/firebird/firebird_5_beta2_full_seed_manifest.yaml#keyword:migration
firebird,reference_surface:backup_restore_or_snapshot,backup_restore_or_snapshot,engine_admission_required_parser_cannot_execute_external_authority,fail_closed_without_provider_or_engine_authorization,project/tests/sblr_surface/,docs/reference/compatibility_catalog_seeds/firebird/firebird_5_catalog_inventory.csv#keyword:backup
firebird,reference_surface:copy_file_boundary,copy_file_boundary,engine_admission_required_parser_cannot_execute_external_authority,fail_closed_without_provider_or_engine_authorization,project/tests/sblr_surface/,docs/reference/compatibility_release_acquisition/firebird/5.0.4/clean-room/NOTES.md#keyword:copy
firebird,reference_surface:plugin_extension_boundary,plugin_extension_boundary,engine_admission_required_parser_cannot_execute_external_authority,fail_closed_without_provider_or_engine_authorization,project/tests/sblr_surface/,docs/reference/compatibility_release_acquisition/firebird/5.0.4/regression/FIREBIRD_QA_CANDIDATE.md#keyword:plugin
firebird,reference_surface:import_export_file_io,import_export_file_io,engine_admission_required_parser_cannot_execute_external_authority,fail_closed_without_provider_or_engine_authorization,project/tests/sblr_surface/,docs/reference/compatibility_release_acquisition/firebird/5.0.4/source/.github/workflows/main.yml#keyword:export
firebird,reference_surface:external_process_boundary,external_process_boundary,engine_admission_required_parser_cannot_execute_external_authority,fail_closed_without_provider_or_engine_authorization,project/tests/sblr_surface/,docs/reference/compatibility_release_acquisition/firebird/5.0.4/source/.github/workflows/main.yml#keyword:process
firebird,reference_surface:external_connector_boundary,external_connector_boundary,engine_admission_required_parser_cannot_execute_external_authority,fail_closed_without_provider_or_engine_authorization,project/tests/sblr_surface/,docs/reference/compatibility_release_acquisition/firebird/5.0.4/source/doc/README.Optimizer.txt#keyword:foreign
firebird,reference_surface:live_ingest_boundary,live_ingest_boundary,engine_admission_required_parser_cannot_execute_external_authority,fail_closed_without_provider_or_engine_authorization,project/tests/sblr_surface/,docs/specifications/chapters/compatibilitys/firebird/appendix-compatibility-firebird-exact-extraction-slice-47-psql-post-event-syntax-and-event-publication-profile.md#keyword:ingest
foundationdb,reference_surface:backup_restore_or_snapshot,backup_restore_or_snapshot,engine_admission_required_parser_cannot_execute_external_authority,fail_closed_without_provider_or_engine_authorization,project/tests/sblr_surface/,docs/reference/compatibility-engines/foundationdb/capability-summary.md#keyword:backup
foundationdb,reference_surface:live_ingest_boundary,live_ingest_boundary,engine_admission_required_parser_cannot_execute_external_authority,fail_closed_without_provider_or_engine_authorization,project/tests/sblr_surface/,docs/reference/compatibility-engines/foundationdb/capability-summary.md#keyword:ingest
foundationdb,reference_surface:file_io_boundary,file_io_boundary,engine_admission_required_parser_cannot_execute_external_authority,fail_closed_without_provider_or_engine_authorization,project/tests/sblr_surface/,docs/reference/compatibility-engines/foundationdb/datatype-summary.md#keyword:file
foundationdb,reference_surface:copy_file_boundary,copy_file_boundary,engine_admission_required_parser_cannot_execute_external_authority,fail_closed_without_provider_or_engine_authorization,project/tests/sblr_surface/,docs/reference/compatibility-engines/foundationdb/license-and-use-summary.md#keyword:copy
foundationdb,reference_surface:import_export_file_io,import_export_file_io,engine_admission_required_parser_cannot_execute_external_authority,fail_closed_without_provider_or_engine_authorization,project/tests/sblr_surface/,docs/reference/compatibility-engines/foundationdb/wire-and-migration-summary.md#keyword:import
foundationdb,reference_surface:migration_provider_boundary,migration_provider_boundary,engine_admission_required_parser_cannot_execute_external_authority,fail_closed_without_provider_or_engine_authorization,project/tests/sblr_surface/,docs/reference/compatibility-engines/foundationdb/wire-and-migration-summary.md#keyword:migration
foundationdb,reference_surface:external_provider_boundary,external_provider_boundary,engine_admission_required_parser_cannot_execute_external_authority,fail_closed_without_provider_or_engine_authorization,project/tests/sblr_surface/,docs/reference/compatibility_catalog_seeds/foundationdb/foundationdb_beta2_full_seed_manifest.yaml#keyword:external
foundationdb,reference_surface:service_tool_boundary,service_tool_boundary,engine_admission_required_parser_cannot_execute_external_authority,fail_closed_without_provider_or_engine_authorization,project/tests/sblr_surface/,docs/reference/compatibility_catalog_seeds/foundationdb/foundationdb_beta2_full_seed_manifest.yaml#keyword:tool
foundationdb,reference_surface:external_process_boundary,external_process_boundary,engine_admission_required_parser_cannot_execute_external_authority,fail_closed_without_provider_or_engine_authorization,project/tests/sblr_surface/,docs/reference/compatibility_catalog_seeds/foundationdb/foundationdb_beta2_full_seed_manifest.yaml#keyword:process
foundationdb,reference_surface:plugin_extension_boundary,plugin_extension_boundary,engine_admission_required_parser_cannot_execute_external_authority,fail_closed_without_provider_or_engine_authorization,project/tests/sblr_surface/,docs/reference/compatibility_release_acquisition/foundationdb/7.3.77/source/.pre-commit-config.yaml#keyword:extension
foundationdb,reference_surface:external_connector_boundary,external_connector_boundary,engine_admission_required_parser_cannot_execute_external_authority,fail_closed_without_provider_or_engine_authorization,project/tests/sblr_surface/,docs/reference/compatibility_release_acquisition/foundationdb/7.3.77/source/design/encryption-data-at-rest.md#keyword:connector
immudb,reference_surface:file_io_boundary,file_io_boundary,engine_admission_required_parser_cannot_execute_external_authority,fail_closed_without_provider_or_engine_authorization,project/tests/sblr_surface/,docs/reference/compatibility-engines/immudb/datatype-summary.md#keyword:file
immudb,reference_surface:copy_file_boundary,copy_file_boundary,engine_admission_required_parser_cannot_execute_external_authority,fail_closed_without_provider_or_engine_authorization,project/tests/sblr_surface/,docs/reference/compatibility-engines/immudb/license-and-use-summary.md#keyword:copy
immudb,reference_surface:import_export_file_io,import_export_file_io,engine_admission_required_parser_cannot_execute_external_authority,fail_closed_without_provider_or_engine_authorization,project/tests/sblr_surface/,docs/reference/compatibility-engines/immudb/wire-and-migration-summary.md#keyword:import
immudb,reference_surface:migration_provider_boundary,migration_provider_boundary,engine_admission_required_parser_cannot_execute_external_authority,fail_closed_without_provider_or_engine_authorization,project/tests/sblr_surface/,docs/reference/compatibility-engines/immudb/wire-and-migration-summary.md#keyword:migration
immudb,reference_surface:live_ingest_boundary,live_ingest_boundary,engine_admission_required_parser_cannot_execute_external_authority,fail_closed_without_provider_or_engine_authorization,project/tests/sblr_surface/,docs/reference/compatibility-engines/immudb/wire-and-migration-summary.md#keyword:ingest
immudb,reference_surface:external_provider_boundary,external_provider_boundary,engine_admission_required_parser_cannot_execute_external_authority,fail_closed_without_provider_or_engine_authorization,project/tests/sblr_surface/,docs/reference/compatibility_catalog_seeds/immudb/immudb_beta2_full_seed_manifest.yaml#keyword:external
immudb,reference_surface:service_tool_boundary,service_tool_boundary,engine_admission_required_parser_cannot_execute_external_authority,fail_closed_without_provider_or_engine_authorization,project/tests/sblr_surface/,docs/reference/compatibility_catalog_seeds/immudb/immudb_beta2_full_seed_manifest.yaml#keyword:tool
immudb,reference_surface:backup_restore_or_snapshot,backup_restore_or_snapshot,engine_admission_required_parser_cannot_execute_external_authority,fail_closed_without_provider_or_engine_authorization,project/tests/sblr_surface/,docs/reference/compatibility_release_acquisition/immudb/1.11.0/release-notes/RELEASE_NOTES_SOURCE.md#keyword:restore
immudb,reference_surface:external_connector_boundary,external_connector_boundary,engine_admission_required_parser_cannot_execute_external_authority,fail_closed_without_provider_or_engine_authorization,project/tests/sblr_surface/,docs/reference/compatibility_release_acquisition/immudb/1.11.0/release-notes/RELEASE_NOTES_SOURCE.md#keyword:foreign
immudb,reference_surface:plugin_extension_boundary,plugin_extension_boundary,engine_admission_required_parser_cannot_execute_external_authority,fail_closed_without_provider_or_engine_authorization,project/tests/sblr_surface/,docs/reference/compatibility_release_acquisition/immudb/1.11.0/source/CHANGELOG.md#keyword:extension
immudb,reference_surface:external_process_boundary,external_process_boundary,engine_admission_required_parser_cannot_execute_external_authority,fail_closed_without_provider_or_engine_authorization,project/tests/sblr_surface/,docs/reference/compatibility_release_acquisition/immudb/1.11.0/source/CHANGELOG.md#keyword:process
influxdb,reference_surface:file_io_boundary,file_io_boundary,engine_admission_required_parser_cannot_execute_external_authority,fail_closed_without_provider_or_engine_authorization,project/tests/sblr_surface/,docs/reference/compatibility_catalog_seeds/influxdb/README.md#keyword:file
influxdb,reference_surface:external_provider_boundary,external_provider_boundary,engine_admission_required_parser_cannot_execute_external_authority,fail_closed_without_provider_or_engine_authorization,project/tests/sblr_surface/,docs/reference/compatibility_catalog_seeds/influxdb/influxdb_3_beta2_full_seed_manifest.yaml#keyword:external
influxdb,reference_surface:service_tool_boundary,service_tool_boundary,engine_admission_required_parser_cannot_execute_external_authority,fail_closed_without_provider_or_engine_authorization,project/tests/sblr_surface/,docs/reference/compatibility_catalog_seeds/influxdb/influxdb_3_beta2_full_seed_manifest.yaml#keyword:tool
influxdb,reference_surface:migration_provider_boundary,migration_provider_boundary,engine_admission_required_parser_cannot_execute_external_authority,fail_closed_without_provider_or_engine_authorization,project/tests/sblr_surface/,docs/reference/compatibility_catalog_seeds/influxdb/influxdb_3_beta2_full_seed_manifest.yaml#keyword:migration
influxdb,reference_surface:copy_file_boundary,copy_file_boundary,engine_admission_required_parser_cannot_execute_external_authority,fail_closed_without_provider_or_engine_authorization,project/tests/sblr_surface/,docs/reference/compatibility_release_acquisition/influxdb/3.9.0/clean-room/NOTES.md#keyword:copy
influxdb,reference_surface:external_process_boundary,external_process_boundary,engine_admission_required_parser_cannot_execute_external_authority,fail_closed_without_provider_or_engine_authorization,project/tests/sblr_surface/,docs/reference/compatibility_release_acquisition/influxdb/3.9.0/evidence/grammar/SOURCE_POINTERS.md#keyword:process
influxdb,reference_surface:plugin_extension_boundary,plugin_extension_boundary,engine_admission_required_parser_cannot_execute_external_authority,fail_closed_without_provider_or_engine_authorization,project/tests/sblr_surface/,docs/reference/compatibility_release_acquisition/influxdb/3.9.0/release-notes/RELEASE_NOTES_SOURCE.md#keyword:plugin
influxdb,reference_surface:live_ingest_boundary,live_ingest_boundary,engine_admission_required_parser_cannot_execute_external_authority,fail_closed_without_provider_or_engine_authorization,project/tests/sblr_surface/,docs/reference/compatibility_release_acquisition/influxdb/3.9.0/release-notes/RELEASE_NOTES_SOURCE.md#keyword:ingest
influxdb,reference_surface:backup_restore_or_snapshot,backup_restore_or_snapshot,engine_admission_required_parser_cannot_execute_external_authority,fail_closed_without_provider_or_engine_authorization,project/tests/sblr_surface/,docs/reference/compatibility_release_acquisition/influxdb/3.9.0/source/.circleci/config.yml#keyword:restore
influxdb,reference_surface:import_export_file_io,import_export_file_io,engine_admission_required_parser_cannot_execute_external_authority,fail_closed_without_provider_or_engine_authorization,project/tests/sblr_surface/,docs/reference/compatibility_release_acquisition/influxdb/3.9.0/source/.circleci/config.yml#keyword:export
mariadb,reference_surface:file_io_boundary,file_io_boundary,engine_admission_required_parser_cannot_execute_external_authority,fail_closed_without_provider_or_engine_authorization,project/tests/sblr_surface/,docs/reference/compatibility_catalog_seeds/mariadb/mariadb_11_4_beta2_full_seed_manifest.yaml#keyword:file
mariadb,reference_surface:plugin_extension_boundary,plugin_extension_boundary,engine_admission_required_parser_cannot_execute_external_authority,fail_closed_without_provider_or_engine_authorization,project/tests/sblr_surface/,docs/reference/compatibility_catalog_seeds/mariadb/mariadb_11_4_beta2_full_seed_manifest.yaml#keyword:plugin
mariadb,reference_surface:external_provider_boundary,external_provider_boundary,engine_admission_required_parser_cannot_execute_external_authority,fail_closed_without_provider_or_engine_authorization,project/tests/sblr_surface/,docs/reference/compatibility_catalog_seeds/mariadb/mariadb_11_4_beta2_full_seed_manifest.yaml#keyword:external
mariadb,reference_surface:service_tool_boundary,service_tool_boundary,engine_admission_required_parser_cannot_execute_external_authority,fail_closed_without_provider_or_engine_authorization,project/tests/sblr_surface/,docs/reference/compatibility_catalog_seeds/mariadb/mariadb_11_4_beta2_full_seed_manifest.yaml#keyword:tool
mariadb,reference_surface:migration_provider_boundary,migration_provider_boundary,engine_admission_required_parser_cannot_execute_external_authority,fail_closed_without_provider_or_engine_authorization,project/tests/sblr_surface/,docs/reference/compatibility_catalog_seeds/mariadb/mariadb_11_4_beta2_full_seed_manifest.yaml#keyword:migration
mariadb,reference_surface:backup_restore_or_snapshot,backup_restore_or_snapshot,engine_admission_required_parser_cannot_execute_external_authority,fail_closed_without_provider_or_engine_authorization,project/tests/sblr_surface/,docs/reference/compatibility_catalog_seeds/mariadb/mariadb_builtin_inventory.csv#keyword:restore
mariadb,reference_surface:external_process_boundary,external_process_boundary,engine_admission_required_parser_cannot_execute_external_authority,fail_closed_without_provider_or_engine_authorization,project/tests/sblr_surface/,docs/reference/compatibility_catalog_seeds/mariadb/mariadb_catalog_inventory.csv#keyword:process
mariadb,reference_surface:copy_file_boundary,copy_file_boundary,engine_admission_required_parser_cannot_execute_external_authority,fail_closed_without_provider_or_engine_authorization,project/tests/sblr_surface/,docs/reference/compatibility_release_acquisition/mariadb/12.2.2/RELEASE_EVIDENCE_MANIFEST.yaml#keyword:copy
mariadb,reference_surface:import_export_file_io,import_export_file_io,engine_admission_required_parser_cannot_execute_external_authority,fail_closed_without_provider_or_engine_authorization,project/tests/sblr_surface/,docs/reference/compatibility_release_acquisition/mariadb/12.2.2/regression/mysql-test/CMakeLists.txt#keyword:export
mariadb,reference_surface:external_connector_boundary,external_connector_boundary,engine_admission_required_parser_cannot_execute_external_authority,fail_closed_without_provider_or_engine_authorization,project/tests/sblr_surface/,docs/reference/compatibility_release_acquisition/mariadb/12.2.2/source/CMakeLists.txt#keyword:connector
mariadb,reference_surface:live_ingest_boundary,live_ingest_boundary,engine_admission_required_parser_cannot_execute_external_authority,fail_closed_without_provider_or_engine_authorization,project/tests/sblr_surface/,docs/reference/compatibility_release_acquisition/mariadb/12.2.2/source/storage/rocksdb/rocksdb/CMakeLists.txt#keyword:ingest
milvus,reference_surface:file_io_boundary,file_io_boundary,engine_admission_required_parser_cannot_execute_external_authority,fail_closed_without_provider_or_engine_authorization,project/tests/sblr_surface/,docs/reference/compatibility_catalog_seeds/milvus/README.md#keyword:file
milvus,reference_surface:import_export_file_io,import_export_file_io,engine_admission_required_parser_cannot_execute_external_authority,fail_closed_without_provider_or_engine_authorization,project/tests/sblr_surface/,docs/reference/compatibility_catalog_seeds/milvus/milvus_2_beta2_full_seed_manifest.yaml#keyword:import
milvus,reference_surface:external_provider_boundary,external_provider_boundary,engine_admission_required_parser_cannot_execute_external_authority,fail_closed_without_provider_or_engine_authorization,project/tests/sblr_surface/,docs/reference/compatibility_catalog_seeds/milvus/milvus_2_beta2_full_seed_manifest.yaml#keyword:external
milvus,reference_surface:service_tool_boundary,service_tool_boundary,engine_admission_required_parser_cannot_execute_external_authority,fail_closed_without_provider_or_engine_authorization,project/tests/sblr_surface/,docs/reference/compatibility_catalog_seeds/milvus/milvus_2_beta2_full_seed_manifest.yaml#keyword:tool
milvus,reference_surface:migration_provider_boundary,migration_provider_boundary,engine_admission_required_parser_cannot_execute_external_authority,fail_closed_without_provider_or_engine_authorization,project/tests/sblr_surface/,docs/reference/compatibility_catalog_seeds/milvus/milvus_2_beta2_full_seed_manifest.yaml#keyword:migration
milvus,reference_surface:copy_file_boundary,copy_file_boundary,engine_admission_required_parser_cannot_execute_external_authority,fail_closed_without_provider_or_engine_authorization,project/tests/sblr_surface/,docs/reference/compatibility_release_acquisition/milvus/2.6.5/clean-room/NOTES.md#keyword:copy
milvus,reference_surface:external_process_boundary,external_process_boundary,engine_admission_required_parser_cannot_execute_external_authority,fail_closed_without_provider_or_engine_authorization,project/tests/sblr_surface/,docs/reference/compatibility_release_acquisition/milvus/2.6.5/release-notes/README.md#keyword:process
milvus,reference_surface:external_connector_boundary,external_connector_boundary,engine_admission_required_parser_cannot_execute_external_authority,fail_closed_without_provider_or_engine_authorization,project/tests/sblr_surface/,docs/reference/compatibility_release_acquisition/milvus/2.6.5/release-notes/README.md#keyword:connector
milvus,reference_surface:live_ingest_boundary,live_ingest_boundary,engine_admission_required_parser_cannot_execute_external_authority,fail_closed_without_provider_or_engine_authorization,project/tests/sblr_surface/,docs/reference/compatibility_release_acquisition/milvus/2.6.5/release-notes/README.md#keyword:ingest
milvus,reference_surface:plugin_extension_boundary,plugin_extension_boundary,engine_admission_required_parser_cannot_execute_external_authority,fail_closed_without_provider_or_engine_authorization,project/tests/sblr_surface/,docs/reference/compatibility_release_acquisition/milvus/2.6.5/source/.devcontainer.json#keyword:extension
milvus,reference_surface:backup_restore_or_snapshot,backup_restore_or_snapshot,engine_admission_required_parser_cannot_execute_external_authority,fail_closed_without_provider_or_engine_authorization,project/tests/sblr_surface/,docs/reference/compatibility_release_acquisition/milvus/2.6.5/source/.github/actions/cache/action.yaml#keyword:restore
mongodb,reference_surface:file_io_boundary,file_io_boundary,engine_admission_required_parser_cannot_execute_external_authority,fail_closed_without_provider_or_engine_authorization,project/tests/sblr_surface/,docs/reference/compatibility_catalog_seeds/mongodb/README.md#keyword:file
mongodb,reference_surface:external_provider_boundary,external_provider_boundary,engine_admission_required_parser_cannot_execute_external_authority,fail_closed_without_provider_or_engine_authorization,project/tests/sblr_surface/,docs/reference/compatibility_catalog_seeds/mongodb/mongodb_8_beta2_full_seed_manifest.yaml#keyword:external
mongodb,reference_surface:service_tool_boundary,service_tool_boundary,engine_admission_required_parser_cannot_execute_external_authority,fail_closed_without_provider_or_engine_authorization,project/tests/sblr_surface/,docs/reference/compatibility_catalog_seeds/mongodb/mongodb_8_beta2_full_seed_manifest.yaml#keyword:tool
mongodb,reference_surface:migration_provider_boundary,migration_provider_boundary,engine_admission_required_parser_cannot_execute_external_authority,fail_closed_without_provider_or_engine_authorization,project/tests/sblr_surface/,docs/reference/compatibility_catalog_seeds/mongodb/mongodb_8_beta2_full_seed_manifest.yaml#keyword:migration
mongodb,reference_surface:copy_file_boundary,copy_file_boundary,engine_admission_required_parser_cannot_execute_external_authority,fail_closed_without_provider_or_engine_authorization,project/tests/sblr_surface/,docs/reference/compatibility_release_acquisition/mongodb/8.2.6/clean-room/NOTES.md#keyword:copy
mongodb,reference_surface:backup_restore_or_snapshot,backup_restore_or_snapshot,engine_admission_required_parser_cannot_execute_external_authority,fail_closed_without_provider_or_engine_authorization,project/tests/sblr_surface/,docs/reference/compatibility_release_acquisition/mongodb/8.2.6/license/LICENSE_SOURCE.txt#keyword:backup
mongodb,reference_surface:import_export_file_io,import_export_file_io,engine_admission_required_parser_cannot_execute_external_authority,fail_closed_without_provider_or_engine_authorization,project/tests/sblr_surface/,docs/reference/compatibility_release_acquisition/mongodb/8.2.6/license/LICENSE_SOURCE.txt#keyword:import
mongodb,reference_surface:plugin_extension_boundary,plugin_extension_boundary,engine_admission_required_parser_cannot_execute_external_authority,fail_closed_without_provider_or_engine_authorization,project/tests/sblr_surface/,docs/reference/compatibility_release_acquisition/mongodb/8.2.6/license/LICENSE_SOURCE.txt#keyword:extension
mongodb,reference_surface:external_process_boundary,external_process_boundary,engine_admission_required_parser_cannot_execute_external_authority,fail_closed_without_provider_or_engine_authorization,project/tests/sblr_surface/,docs/reference/compatibility_release_acquisition/mongodb/8.2.6/source/README.third_party.md#keyword:process
mongodb,reference_surface:live_ingest_boundary,live_ingest_boundary,engine_admission_required_parser_cannot_execute_external_authority,fail_closed_without_provider_or_engine_authorization,project/tests/sblr_surface/,docs/reference/compatibility_release_acquisition/mongodb/8.2.6/source/README.third_party.md#keyword:ingest
mongodb,reference_surface:external_connector_boundary,external_connector_boundary,engine_admission_required_parser_cannot_execute_external_authority,fail_closed_without_provider_or_engine_authorization,project/tests/sblr_surface/,docs/reference/compatibility_release_acquisition/mongodb/8.2.6/source/docs/vpat.md#keyword:connector
mysql,reference_surface:file_io_boundary,file_io_boundary,engine_admission_required_parser_cannot_execute_external_authority,fail_closed_without_provider_or_engine_authorization,project/tests/sblr_surface/,docs/reference/compatibility_catalog_seeds/mysql/mysql_8_4_beta2_full_seed_manifest.yaml#keyword:file
mysql,reference_surface:plugin_extension_boundary,plugin_extension_boundary,engine_admission_required_parser_cannot_execute_external_authority,fail_closed_without_provider_or_engine_authorization,project/tests/sblr_surface/,docs/reference/compatibility_catalog_seeds/mysql/mysql_8_4_beta2_full_seed_manifest.yaml#keyword:plugin
mysql,reference_surface:external_provider_boundary,external_provider_boundary,engine_admission_required_parser_cannot_execute_external_authority,fail_closed_without_provider_or_engine_authorization,project/tests/sblr_surface/,docs/reference/compatibility_catalog_seeds/mysql/mysql_8_4_beta2_full_seed_manifest.yaml#keyword:external
mysql,reference_surface:service_tool_boundary,service_tool_boundary,engine_admission_required_parser_cannot_execute_external_authority,fail_closed_without_provider_or_engine_authorization,project/tests/sblr_surface/,docs/reference/compatibility_catalog_seeds/mysql/mysql_8_4_beta2_full_seed_manifest.yaml#keyword:tool
mysql,reference_surface:migration_provider_boundary,migration_provider_boundary,engine_admission_required_parser_cannot_execute_external_authority,fail_closed_without_provider_or_engine_authorization,project/tests/sblr_surface/,docs/reference/compatibility_catalog_seeds/mysql/mysql_8_4_beta2_full_seed_manifest.yaml#keyword:migration
mysql,reference_surface:copy_file_boundary,copy_file_boundary,engine_admission_required_parser_cannot_execute_external_authority,fail_closed_without_provider_or_engine_authorization,project/tests/sblr_surface/,docs/reference/compatibility_release_acquisition/mysql/8.4.8/clean-room/NOTES.md#keyword:copy
mysql,reference_surface:import_export_file_io,import_export_file_io,engine_admission_required_parser_cannot_execute_external_authority,fail_closed_without_provider_or_engine_authorization,project/tests/sblr_surface/,docs/reference/compatibility_release_acquisition/mysql/8.4.8/source/CMakeLists.txt#keyword:import
mysql,reference_surface:external_process_boundary,external_process_boundary,engine_admission_required_parser_cannot_execute_external_authority,fail_closed_without_provider_or_engine_authorization,project/tests/sblr_surface/,docs/reference/compatibility_release_acquisition/mysql/8.4.8/source/CMakeLists.txt#keyword:process
mysql,reference_surface:backup_restore_or_snapshot,backup_restore_or_snapshot,engine_admission_required_parser_cannot_execute_external_authority,fail_closed_without_provider_or_engine_authorization,project/tests/sblr_surface/,docs/reference/compatibility_release_acquisition/mysql/8.4.8/source/Docs/sp-imp-spec.txt#keyword:restore
mysql,reference_surface:external_connector_boundary,external_connector_boundary,engine_admission_required_parser_cannot_execute_external_authority,fail_closed_without_provider_or_engine_authorization,project/tests/sblr_surface/,docs/reference/compatibility_release_acquisition/mysql/8.4.8/source/extra/protobuf/protobuf-24.4/src/google/protobuf/testdata/map_test_data.txt#keyword:foreign
mysql,reference_surface:live_ingest_boundary,live_ingest_boundary,engine_admission_required_parser_cannot_execute_external_authority,fail_closed_without_provider_or_engine_authorization,project/tests/sblr_surface/,docs/reference/compatibility_release_acquisition/mysql/8.4.8/source/libs/mysql/serialization/readme.md#keyword:ingest
neo4j,reference_surface:file_io_boundary,file_io_boundary,engine_admission_required_parser_cannot_execute_external_authority,fail_closed_without_provider_or_engine_authorization,project/tests/sblr_surface/,docs/reference/compatibility_catalog_seeds/neo4j/README.md#keyword:file
neo4j,reference_surface:external_provider_boundary,external_provider_boundary,engine_admission_required_parser_cannot_execute_external_authority,fail_closed_without_provider_or_engine_authorization,project/tests/sblr_surface/,docs/reference/compatibility_catalog_seeds/neo4j/neo4j_2025_beta2_full_seed_manifest.yaml#keyword:external
neo4j,reference_surface:service_tool_boundary,service_tool_boundary,engine_admission_required_parser_cannot_execute_external_authority,fail_closed_without_provider_or_engine_authorization,project/tests/sblr_surface/,docs/reference/compatibility_catalog_seeds/neo4j/neo4j_2025_beta2_full_seed_manifest.yaml#keyword:tool
neo4j,reference_surface:migration_provider_boundary,migration_provider_boundary,engine_admission_required_parser_cannot_execute_external_authority,fail_closed_without_provider_or_engine_authorization,project/tests/sblr_surface/,docs/reference/compatibility_catalog_seeds/neo4j/neo4j_2025_beta2_full_seed_manifest.yaml#keyword:migration
neo4j,reference_surface:copy_file_boundary,copy_file_boundary,engine_admission_required_parser_cannot_execute_external_authority,fail_closed_without_provider_or_engine_authorization,project/tests/sblr_surface/,docs/reference/compatibility_release_acquisition/neo4j/2026.04.0/clean-room/NOTES.md#keyword:copy
neo4j,reference_surface:import_export_file_io,import_export_file_io,engine_admission_required_parser_cannot_execute_external_authority,fail_closed_without_provider_or_engine_authorization,project/tests/sblr_surface/,docs/reference/compatibility_release_acquisition/neo4j/2026.04.0/license/LICENSE_SOURCE.txt#keyword:import
neo4j,reference_surface:plugin_extension_boundary,plugin_extension_boundary,engine_admission_required_parser_cannot_execute_external_authority,fail_closed_without_provider_or_engine_authorization,project/tests/sblr_surface/,docs/reference/compatibility_release_acquisition/neo4j/2026.04.0/license/LICENSE_SOURCE.txt#keyword:extension
neo4j,reference_surface:external_process_boundary,external_process_boundary,engine_admission_required_parser_cannot_execute_external_authority,fail_closed_without_provider_or_engine_authorization,project/tests/sblr_surface/,docs/reference/compatibility_release_acquisition/neo4j/2026.04.0/source/CONTRIBUTING.md#keyword:process
neo4j,reference_surface:external_connector_boundary,external_connector_boundary,engine_admission_required_parser_cannot_execute_external_authority,fail_closed_without_provider_or_engine_authorization,project/tests/sblr_surface/,docs/reference/compatibility_release_acquisition/neo4j/2026.04.0/source/community/community-it/cypher-it/src/test/resources/procedures.json#keyword:connector
neo4j,reference_surface:backup_restore_or_snapshot,backup_restore_or_snapshot,engine_admission_required_parser_cannot_execute_external_authority,fail_closed_without_provider_or_engine_authorization,project/tests/sblr_surface/,docs/reference/compatibility_release_acquisition/neo4j/2026.04.0/source/community/configuration/PublicApi.txt#keyword:backup
neo4j,reference_surface:live_ingest_boundary,live_ingest_boundary,engine_admission_required_parser_cannot_execute_external_authority,fail_closed_without_provider_or_engine_authorization,project/tests/sblr_surface/,docs/specifications/chapters/compatibilitys/neo4j/appendix-compatibility-neo4j-exact-extraction-slice-1-release-surface-catalog-api-and-conformance-inventory-profile.md#keyword:ingest
opensearch,reference_surface:file_io_boundary,file_io_boundary,engine_admission_required_parser_cannot_execute_external_authority,fail_closed_without_provider_or_engine_authorization,project/tests/sblr_surface/,docs/reference/compatibility_catalog_seeds/opensearch/README.md#keyword:file
opensearch,reference_surface:plugin_extension_boundary,plugin_extension_boundary,engine_admission_required_parser_cannot_execute_external_authority,fail_closed_without_provider_or_engine_authorization,project/tests/sblr_surface/,docs/reference/compatibility_catalog_seeds/opensearch/opensearch_2_beta2_full_seed_manifest.yaml#keyword:plugin
opensearch,reference_surface:external_provider_boundary,external_provider_boundary,engine_admission_required_parser_cannot_execute_external_authority,fail_closed_without_provider_or_engine_authorization,project/tests/sblr_surface/,docs/reference/compatibility_catalog_seeds/opensearch/opensearch_2_beta2_full_seed_manifest.yaml#keyword:external
opensearch,reference_surface:service_tool_boundary,service_tool_boundary,engine_admission_required_parser_cannot_execute_external_authority,fail_closed_without_provider_or_engine_authorization,project/tests/sblr_surface/,docs/reference/compatibility_catalog_seeds/opensearch/opensearch_2_beta2_full_seed_manifest.yaml#keyword:tool
opensearch,reference_surface:migration_provider_boundary,migration_provider_boundary,engine_admission_required_parser_cannot_execute_external_authority,fail_closed_without_provider_or_engine_authorization,project/tests/sblr_surface/,docs/reference/compatibility_catalog_seeds/opensearch/opensearch_2_beta2_full_seed_manifest.yaml#keyword:migration
opensearch,reference_surface:live_ingest_boundary,live_ingest_boundary,engine_admission_required_parser_cannot_execute_external_authority,fail_closed_without_provider_or_engine_authorization,project/tests/sblr_surface/,docs/reference/compatibility_catalog_seeds/opensearch/opensearch_2_beta2_full_seed_manifest.yaml#keyword:ingest
opensearch,reference_surface:copy_file_boundary,copy_file_boundary,engine_admission_required_parser_cannot_execute_external_authority,fail_closed_without_provider_or_engine_authorization,project/tests/sblr_surface/,docs/reference/compatibility_release_acquisition/opensearch/3.6.0/clean-room/NOTES.md#keyword:copy
opensearch,reference_surface:import_export_file_io,import_export_file_io,engine_admission_required_parser_cannot_execute_external_authority,fail_closed_without_provider_or_engine_authorization,project/tests/sblr_surface/,docs/reference/compatibility_release_acquisition/opensearch/3.6.0/license/LICENSE.txt#keyword:import
opensearch,reference_surface:backup_restore_or_snapshot,backup_restore_or_snapshot,engine_admission_required_parser_cannot_execute_external_authority,fail_closed_without_provider_or_engine_authorization,project/tests/sblr_surface/,docs/reference/compatibility_release_acquisition/opensearch/3.6.0/source/.github/benchmark-configs.json#keyword:restore
opensearch,reference_surface:external_process_boundary,external_process_boundary,engine_admission_required_parser_cannot_execute_external_authority,fail_closed_without_provider_or_engine_authorization,project/tests/sblr_surface/,docs/reference/compatibility_release_acquisition/opensearch/3.6.0/source/.github/workflows/benchmark-pull-request.yml#keyword:process
opensearch,reference_surface:external_connector_boundary,external_connector_boundary,engine_admission_required_parser_cannot_execute_external_authority,fail_closed_without_provider_or_engine_authorization,project/tests/sblr_surface/,docs/reference/compatibility_release_acquisition/opensearch/3.6.0/source/modules/lang-painless/src/main/resources/org/opensearch/painless/spi/java.lang.txt#keyword:connector
opensearch,reference_surface:import_export_file_io,import_export_file_io,engine_admission_required_parser_cannot_execute_external_authority,fail_closed_without_provider_or_engine_authorization,project/tests/sblr_surface/,docs/reference/compatibility_release_acquisition/opensearch_sql_ppl/source/.claude/commands/ppl-bugfix.md#keyword:import
opensearch,reference_surface:file_io_boundary,file_io_boundary,engine_admission_required_parser_cannot_execute_external_authority,fail_closed_without_provider_or_engine_authorization,project/tests/sblr_surface/,docs/reference/compatibility_release_acquisition/opensearch_sql_ppl/source/.claude/commands/ppl-bugfix.md#keyword:file
opensearch,reference_surface:service_tool_boundary,service_tool_boundary,engine_admission_required_parser_cannot_execute_external_authority,fail_closed_without_provider_or_engine_authorization,project/tests/sblr_surface/,docs/reference/compatibility_release_acquisition/opensearch_sql_ppl/source/.claude/commands/ppl-bugfix.md#keyword:tool
opensearch,reference_surface:external_process_boundary,external_process_boundary,engine_admission_required_parser_cannot_execute_external_authority,fail_closed_without_provider_or_engine_authorization,project/tests/sblr_surface/,docs/reference/compatibility_release_acquisition/opensearch_sql_ppl/source/.claude/commands/ppl-bugfix.md#keyword:process
opensearch,reference_surface:plugin_extension_boundary,plugin_extension_boundary,engine_admission_required_parser_cannot_execute_external_authority,fail_closed_without_provider_or_engine_authorization,project/tests/sblr_surface/,docs/reference/compatibility_release_acquisition/opensearch_sql_ppl/source/.claude/harness/ppl-bugfix-reference.md#keyword:plugin
opensearch,reference_surface:external_provider_boundary,external_provider_boundary,engine_admission_required_parser_cannot_execute_external_authority,fail_closed_without_provider_or_engine_authorization,project/tests/sblr_surface/,docs/reference/compatibility_release_acquisition/opensearch_sql_ppl/source/CLAUDE.md#keyword:external
opensearch,reference_surface:copy_file_boundary,copy_file_boundary,engine_admission_required_parser_cannot_execute_external_authority,fail_closed_without_provider_or_engine_authorization,project/tests/sblr_surface/,docs/reference/compatibility_release_acquisition/opensearch_sql_ppl/source/LICENSE.txt#keyword:copy
opensearch,reference_surface:external_connector_boundary,external_connector_boundary,engine_admission_required_parser_cannot_execute_external_authority,fail_closed_without_provider_or_engine_authorization,project/tests/sblr_surface/,docs/reference/compatibility_release_acquisition/opensearch_sql_ppl/source/datasources/src/main/resources/datasources-index-mapping.yml#keyword:connector
opensearch,reference_surface:backup_restore_or_snapshot,backup_restore_or_snapshot,engine_admission_required_parser_cannot_execute_external_authority,fail_closed_without_provider_or_engine_authorization,project/tests/sblr_surface/,docs/reference/compatibility_release_acquisition/opensearch_sql_ppl/source/docs/dev/Pagination-v2.md#keyword:restore
opensearch,reference_surface:live_ingest_boundary,live_ingest_boundary,engine_admission_required_parser_cannot_execute_external_authority,fail_closed_without_provider_or_engine_authorization,project/tests/sblr_surface/,docs/reference/compatibility_release_acquisition/opensearch_sql_ppl/source/docs/dev/datasource-query-s3.md#keyword:ingest
opensearch,reference_surface:migration_provider_boundary,migration_provider_boundary,engine_admission_required_parser_cannot_execute_external_authority,fail_closed_without_provider_or_engine_authorization,project/tests/sblr_surface/,docs/reference/compatibility_release_acquisition/opensearch_sql_ppl/source/docs/dev/intro-v3-architecture.md#keyword:migration
postgresql,reference_surface:file_io_boundary,file_io_boundary,engine_admission_required_parser_cannot_execute_external_authority,fail_closed_without_provider_or_engine_authorization,project/tests/sblr_surface/,docs/reference/compatibility_catalog_seeds/postgresql/README.md#keyword:file
postgresql,reference_surface:external_provider_boundary,external_provider_boundary,engine_admission_required_parser_cannot_execute_external_authority,fail_closed_without_provider_or_engine_authorization,project/tests/sblr_surface/,docs/reference/compatibility_catalog_seeds/postgresql/postgresql_18_1_beta2_full_seed_manifest.yaml#keyword:external
postgresql,reference_surface:service_tool_boundary,service_tool_boundary,engine_admission_required_parser_cannot_execute_external_authority,fail_closed_without_provider_or_engine_authorization,project/tests/sblr_surface/,docs/reference/compatibility_catalog_seeds/postgresql/postgresql_18_1_beta2_full_seed_manifest.yaml#keyword:tool
postgresql,reference_surface:migration_provider_boundary,migration_provider_boundary,engine_admission_required_parser_cannot_execute_external_authority,fail_closed_without_provider_or_engine_authorization,project/tests/sblr_surface/,docs/reference/compatibility_catalog_seeds/postgresql/postgresql_18_1_beta2_full_seed_manifest.yaml#keyword:migration
postgresql,reference_surface:plugin_extension_boundary,plugin_extension_boundary,engine_admission_required_parser_cannot_execute_external_authority,fail_closed_without_provider_or_engine_authorization,project/tests/sblr_surface/,docs/reference/compatibility_catalog_seeds/postgresql/postgresql_18_1_catalog_inventory.csv#keyword:extension
postgresql,reference_surface:external_connector_boundary,external_connector_boundary,engine_admission_required_parser_cannot_execute_external_authority,fail_closed_without_provider_or_engine_authorization,project/tests/sblr_surface/,docs/reference/compatibility_catalog_seeds/postgresql/postgresql_18_1_catalog_inventory.csv#keyword:foreign
postgresql,reference_surface:copy_file_boundary,copy_file_boundary,engine_admission_required_parser_cannot_execute_external_authority,fail_closed_without_provider_or_engine_authorization,project/tests/sblr_surface/,docs/reference/compatibility_release_acquisition/postgresql/18.3/RELEASE_EVIDENCE_MANIFEST.yaml#keyword:copy
postgresql,reference_surface:backup_restore_or_snapshot,backup_restore_or_snapshot,engine_admission_required_parser_cannot_execute_external_authority,fail_closed_without_provider_or_engine_authorization,project/tests/sblr_surface/,docs/reference/compatibility_release_acquisition/postgresql/18.3/source/.cirrus.tasks.yml#keyword:backup
postgresql,reference_surface:import_export_file_io,import_export_file_io,engine_admission_required_parser_cannot_execute_external_authority,fail_closed_without_provider_or_engine_authorization,project/tests/sblr_surface/,docs/reference/compatibility_release_acquisition/postgresql/18.3/source/.cirrus.tasks.yml#keyword:import
postgresql,reference_surface:external_process_boundary,external_process_boundary,engine_admission_required_parser_cannot_execute_external_authority,fail_closed_without_provider_or_engine_authorization,project/tests/sblr_surface/,docs/reference/compatibility_release_acquisition/postgresql/18.3/source/.cirrus.tasks.yml#keyword:process
postgresql,reference_surface:live_ingest_boundary,live_ingest_boundary,engine_admission_required_parser_cannot_execute_external_authority,fail_closed_without_provider_or_engine_authorization,project/tests/sblr_surface/,docs/specifications/chapters/compatibilitys/postgresql/appendix-compatibility-postgresql-exact-extraction-slice-103-copy-bulk-io-and-program-file-profile.md#keyword:ingest
redis,reference_surface:file_io_boundary,file_io_boundary,engine_admission_required_parser_cannot_execute_external_authority,fail_closed_without_provider_or_engine_authorization,project/tests/sblr_surface/,docs/reference/compatibility_catalog_seeds/redis/README.md#keyword:file
redis,reference_surface:external_provider_boundary,external_provider_boundary,engine_admission_required_parser_cannot_execute_external_authority,fail_closed_without_provider_or_engine_authorization,project/tests/sblr_surface/,docs/reference/compatibility_catalog_seeds/redis/redis_8_beta2_full_seed_manifest.yaml#keyword:external
redis,reference_surface:service_tool_boundary,service_tool_boundary,engine_admission_required_parser_cannot_execute_external_authority,fail_closed_without_provider_or_engine_authorization,project/tests/sblr_surface/,docs/reference/compatibility_catalog_seeds/redis/redis_8_beta2_full_seed_manifest.yaml#keyword:tool
redis,reference_surface:migration_provider_boundary,migration_provider_boundary,engine_admission_required_parser_cannot_execute_external_authority,fail_closed_without_provider_or_engine_authorization,project/tests/sblr_surface/,docs/reference/compatibility_catalog_seeds/redis/redis_8_beta2_full_seed_manifest.yaml#keyword:migration
redis,reference_surface:copy_file_boundary,copy_file_boundary,engine_admission_required_parser_cannot_execute_external_authority,fail_closed_without_provider_or_engine_authorization,project/tests/sblr_surface/,docs/reference/compatibility_release_acquisition/redis/8.6.2/clean-room/NOTES.md#keyword:copy
redis,reference_surface:backup_restore_or_snapshot,backup_restore_or_snapshot,engine_admission_required_parser_cannot_execute_external_authority,fail_closed_without_provider_or_engine_authorization,project/tests/sblr_surface/,docs/reference/compatibility_release_acquisition/redis/8.6.2/license/LICENSE.txt#keyword:backup
redis,reference_surface:import_export_file_io,import_export_file_io,engine_admission_required_parser_cannot_execute_external_authority,fail_closed_without_provider_or_engine_authorization,project/tests/sblr_surface/,docs/reference/compatibility_release_acquisition/redis/8.6.2/license/LICENSE.txt#keyword:import
redis,reference_surface:plugin_extension_boundary,plugin_extension_boundary,engine_admission_required_parser_cannot_execute_external_authority,fail_closed_without_provider_or_engine_authorization,project/tests/sblr_surface/,docs/reference/compatibility_release_acquisition/redis/8.6.2/license/LICENSE.txt#keyword:extension
redis,reference_surface:external_process_boundary,external_process_boundary,engine_admission_required_parser_cannot_execute_external_authority,fail_closed_without_provider_or_engine_authorization,project/tests/sblr_surface/,docs/reference/compatibility_release_acquisition/redis/8.6.2/regression/tests/README.md#keyword:process
redis,reference_surface:live_ingest_boundary,live_ingest_boundary,engine_admission_required_parser_cannot_execute_external_authority,fail_closed_without_provider_or_engine_authorization,project/tests/sblr_surface/,docs/specifications/chapters/compatibilitys/redis/README.md#keyword:ingest
sqlite,reference_surface:file_io_boundary,file_io_boundary,engine_admission_required_parser_cannot_execute_external_authority,fail_closed_without_provider_or_engine_authorization,project/tests/sblr_surface/,docs/reference/compatibility_catalog_seeds/sqlite/README.md#keyword:file
sqlite,reference_surface:plugin_extension_boundary,plugin_extension_boundary,engine_admission_required_parser_cannot_execute_external_authority,fail_closed_without_provider_or_engine_authorization,project/tests/sblr_surface/,docs/reference/compatibility_catalog_seeds/sqlite/sqlite_3_beta2_full_seed_manifest.yaml#keyword:extension
sqlite,reference_surface:external_provider_boundary,external_provider_boundary,engine_admission_required_parser_cannot_execute_external_authority,fail_closed_without_provider_or_engine_authorization,project/tests/sblr_surface/,docs/reference/compatibility_catalog_seeds/sqlite/sqlite_3_beta2_full_seed_manifest.yaml#keyword:external
sqlite,reference_surface:service_tool_boundary,service_tool_boundary,engine_admission_required_parser_cannot_execute_external_authority,fail_closed_without_provider_or_engine_authorization,project/tests/sblr_surface/,docs/reference/compatibility_catalog_seeds/sqlite/sqlite_3_beta2_full_seed_manifest.yaml#keyword:tool
sqlite,reference_surface:external_connector_boundary,external_connector_boundary,engine_admission_required_parser_cannot_execute_external_authority,fail_closed_without_provider_or_engine_authorization,project/tests/sblr_surface/,docs/reference/compatibility_catalog_seeds/sqlite/sqlite_3_beta2_full_seed_manifest.yaml#keyword:foreign
sqlite,reference_surface:migration_provider_boundary,migration_provider_boundary,engine_admission_required_parser_cannot_execute_external_authority,fail_closed_without_provider_or_engine_authorization,project/tests/sblr_surface/,docs/reference/compatibility_catalog_seeds/sqlite/sqlite_3_beta2_full_seed_manifest.yaml#keyword:migration
sqlite,reference_surface:copy_file_boundary,copy_file_boundary,engine_admission_required_parser_cannot_execute_external_authority,fail_closed_without_provider_or_engine_authorization,project/tests/sblr_surface/,docs/reference/compatibility_release_acquisition/sqlite/3.53.0/clean-room/NOTES.md#keyword:copy
sqlite,reference_surface:backup_restore_or_snapshot,backup_restore_or_snapshot,engine_admission_required_parser_cannot_execute_external_authority,fail_closed_without_provider_or_engine_authorization,project/tests/sblr_surface/,docs/reference/compatibility_release_acquisition/sqlite/3.53.0/release-notes/RELEASE_NOTES_SOURCE.md#keyword:backup
sqlite,reference_surface:import_export_file_io,import_export_file_io,engine_admission_required_parser_cannot_execute_external_authority,fail_closed_without_provider_or_engine_authorization,project/tests/sblr_surface/,docs/reference/compatibility_release_acquisition/sqlite/3.53.0/release-notes/RELEASE_NOTES_SOURCE.md#keyword:import
sqlite,reference_surface:external_process_boundary,external_process_boundary,engine_admission_required_parser_cannot_execute_external_authority,fail_closed_without_provider_or_engine_authorization,project/tests/sblr_surface/,docs/reference/compatibility_release_acquisition/sqlite/3.53.0/release-notes/RELEASE_NOTES_SOURCE.md#keyword:process
sqlite,reference_surface:live_ingest_boundary,live_ingest_boundary,engine_admission_required_parser_cannot_execute_external_authority,fail_closed_without_provider_or_engine_authorization,project/tests/sblr_surface/,docs/specifications/chapters/compatibilitys/sqlite/appendix-compatibility-sqlite-exact-extraction-slice-19-fts3-fts4-legacy-module-profile.md#keyword:ingest
tidb,reference_surface:service_tool_boundary,service_tool_boundary,engine_admission_required_parser_cannot_execute_external_authority,fail_closed_without_provider_or_engine_authorization,project/tests/sblr_surface/,docs/reference/compatibility-engines/tidb/capability-summary.md#keyword:service
tidb,reference_surface:file_io_boundary,file_io_boundary,engine_admission_required_parser_cannot_execute_external_authority,fail_closed_without_provider_or_engine_authorization,project/tests/sblr_surface/,docs/reference/compatibility-engines/tidb/datatype-summary.md#keyword:file
tidb,reference_surface:external_process_boundary,external_process_boundary,engine_admission_required_parser_cannot_execute_external_authority,fail_closed_without_provider_or_engine_authorization,project/tests/sblr_surface/,docs/reference/compatibility-engines/tidb/index-and-optimizer-summary.md#keyword:process
tidb,reference_surface:copy_file_boundary,copy_file_boundary,engine_admission_required_parser_cannot_execute_external_authority,fail_closed_without_provider_or_engine_authorization,project/tests/sblr_surface/,docs/reference/compatibility-engines/tidb/license-and-use-summary.md#keyword:copy
tidb,reference_surface:import_export_file_io,import_export_file_io,engine_admission_required_parser_cannot_execute_external_authority,fail_closed_without_provider_or_engine_authorization,project/tests/sblr_surface/,docs/reference/compatibility-engines/tidb/wire-and-migration-summary.md#keyword:import
tidb,reference_surface:migration_provider_boundary,migration_provider_boundary,engine_admission_required_parser_cannot_execute_external_authority,fail_closed_without_provider_or_engine_authorization,project/tests/sblr_surface/,docs/reference/compatibility-engines/tidb/wire-and-migration-summary.md#keyword:migration
tidb,reference_surface:live_ingest_boundary,live_ingest_boundary,engine_admission_required_parser_cannot_execute_external_authority,fail_closed_without_provider_or_engine_authorization,project/tests/sblr_surface/,docs/reference/compatibility-engines/tidb/wire-and-migration-summary.md#keyword:ingest
tidb,reference_surface:plugin_extension_boundary,plugin_extension_boundary,engine_admission_required_parser_cannot_execute_external_authority,fail_closed_without_provider_or_engine_authorization,project/tests/sblr_surface/,docs/reference/compatibility_catalog_seeds/tidb/tidb_beta2_full_seed_manifest.yaml#keyword:plugin
tidb,reference_surface:external_provider_boundary,external_provider_boundary,engine_admission_required_parser_cannot_execute_external_authority,fail_closed_without_provider_or_engine_authorization,project/tests/sblr_surface/,docs/reference/compatibility_catalog_seeds/tidb/tidb_beta2_full_seed_manifest.yaml#keyword:external
tidb,reference_surface:backup_restore_or_snapshot,backup_restore_or_snapshot,engine_admission_required_parser_cannot_execute_external_authority,fail_closed_without_provider_or_engine_authorization,project/tests/sblr_surface/,docs/reference/compatibility_release_acquisition/tidb/8.5.6/source/.github/workflows/integration-test-dumpling.yml#keyword:restore
tidb,reference_surface:external_connector_boundary,external_connector_boundary,engine_admission_required_parser_cannot_execute_external_authority,fail_closed_without_provider_or_engine_authorization,project/tests/sblr_surface/,docs/reference/compatibility_release_acquisition/tidb/8.5.6/source/docs/design/2020-06-24-placement-rules-in-sql.md#keyword:foreign
tikv,reference_surface:backup_restore_or_snapshot,backup_restore_or_snapshot,engine_admission_required_parser_cannot_execute_external_authority,fail_closed_without_provider_or_engine_authorization,project/tests/sblr_surface/,docs/reference/compatibility-engines/tikv/capability-summary.md#keyword:backup
tikv,reference_surface:import_export_file_io,import_export_file_io,engine_admission_required_parser_cannot_execute_external_authority,fail_closed_without_provider_or_engine_authorization,project/tests/sblr_surface/,docs/reference/compatibility-engines/tikv/capability-summary.md#keyword:import
tikv,reference_surface:file_io_boundary,file_io_boundary,engine_admission_required_parser_cannot_execute_external_authority,fail_closed_without_provider_or_engine_authorization,project/tests/sblr_surface/,docs/reference/compatibility-engines/tikv/capability-summary.md#keyword:file
tikv,reference_surface:external_process_boundary,external_process_boundary,engine_admission_required_parser_cannot_execute_external_authority,fail_closed_without_provider_or_engine_authorization,project/tests/sblr_surface/,docs/reference/compatibility-engines/tikv/index-and-optimizer-summary.md#keyword:process
tikv,reference_surface:copy_file_boundary,copy_file_boundary,engine_admission_required_parser_cannot_execute_external_authority,fail_closed_without_provider_or_engine_authorization,project/tests/sblr_surface/,docs/reference/compatibility-engines/tikv/license-and-use-summary.md#keyword:copy
tikv,reference_surface:migration_provider_boundary,migration_provider_boundary,engine_admission_required_parser_cannot_execute_external_authority,fail_closed_without_provider_or_engine_authorization,project/tests/sblr_surface/,docs/reference/compatibility-engines/tikv/wire-and-migration-summary.md#keyword:migration
tikv,reference_surface:live_ingest_boundary,live_ingest_boundary,engine_admission_required_parser_cannot_execute_external_authority,fail_closed_without_provider_or_engine_authorization,project/tests/sblr_surface/,docs/reference/compatibility-engines/tikv/wire-and-migration-summary.md#keyword:ingest
tikv,reference_surface:external_provider_boundary,external_provider_boundary,engine_admission_required_parser_cannot_execute_external_authority,fail_closed_without_provider_or_engine_authorization,project/tests/sblr_surface/,docs/reference/compatibility_catalog_seeds/tikv/tikv_beta2_full_seed_manifest.yaml#keyword:external
tikv,reference_surface:service_tool_boundary,service_tool_boundary,engine_admission_required_parser_cannot_execute_external_authority,fail_closed_without_provider_or_engine_authorization,project/tests/sblr_surface/,docs/reference/compatibility_catalog_seeds/tikv/tikv_beta2_full_seed_manifest.yaml#keyword:tool
tikv,reference_surface:plugin_extension_boundary,plugin_extension_boundary,engine_admission_required_parser_cannot_execute_external_authority,fail_closed_without_provider_or_engine_authorization,project/tests/sblr_surface/,docs/reference/compatibility_release_acquisition/tikv/8.1.2/release-notes/RELEASE_NOTES_SOURCE.md#keyword:plugin
vitess,reference_surface:migration_provider_boundary,migration_provider_boundary,engine_admission_required_parser_cannot_execute_external_authority,fail_closed_without_provider_or_engine_authorization,project/tests/sblr_surface/,docs/reference/compatibility-engines/vitess/capability-summary.md#keyword:migration
vitess,reference_surface:file_io_boundary,file_io_boundary,engine_admission_required_parser_cannot_execute_external_authority,fail_closed_without_provider_or_engine_authorization,project/tests/sblr_surface/,docs/reference/compatibility-engines/vitess/datatype-summary.md#keyword:file
vitess,reference_surface:copy_file_boundary,copy_file_boundary,engine_admission_required_parser_cannot_execute_external_authority,fail_closed_without_provider_or_engine_authorization,project/tests/sblr_surface/,docs/reference/compatibility-engines/vitess/license-and-use-summary.md#keyword:copy
vitess,reference_surface:import_export_file_io,import_export_file_io,engine_admission_required_parser_cannot_execute_external_authority,fail_closed_without_provider_or_engine_authorization,project/tests/sblr_surface/,docs/reference/compatibility-engines/vitess/wire-and-migration-summary.md#keyword:import
vitess,reference_surface:live_ingest_boundary,live_ingest_boundary,engine_admission_required_parser_cannot_execute_external_authority,fail_closed_without_provider_or_engine_authorization,project/tests/sblr_surface/,docs/reference/compatibility-engines/vitess/wire-and-migration-summary.md#keyword:ingest
vitess,reference_surface:external_provider_boundary,external_provider_boundary,engine_admission_required_parser_cannot_execute_external_authority,fail_closed_without_provider_or_engine_authorization,project/tests/sblr_surface/,docs/reference/compatibility_catalog_seeds/vitess/vitess_beta2_full_seed_manifest.yaml#keyword:external
vitess,reference_surface:service_tool_boundary,service_tool_boundary,engine_admission_required_parser_cannot_execute_external_authority,fail_closed_without_provider_or_engine_authorization,project/tests/sblr_surface/,docs/reference/compatibility_catalog_seeds/vitess/vitess_beta2_full_seed_manifest.yaml#keyword:tool
vitess,reference_surface:external_process_boundary,external_process_boundary,engine_admission_required_parser_cannot_execute_external_authority,fail_closed_without_provider_or_engine_authorization,project/tests/sblr_surface/,docs/reference/compatibility_release_acquisition/vitess/23.0.3/release-notes/README.md#keyword:process
vitess,reference_surface:backup_restore_or_snapshot,backup_restore_or_snapshot,engine_admission_required_parser_cannot_execute_external_authority,fail_closed_without_provider_or_engine_authorization,project/tests/sblr_surface/,docs/reference/compatibility_release_acquisition/vitess/23.0.3/source/.github/workflows/cluster_endtoend.yml#keyword:backup
vitess,reference_surface:plugin_extension_boundary,plugin_extension_boundary,engine_admission_required_parser_cannot_execute_external_authority,fail_closed_without_provider_or_engine_authorization,project/tests/sblr_surface/,docs/reference/compatibility_release_acquisition/vitess/23.0.3/source/.github/workflows/docker_build_images.yml#keyword:extension
vitess,reference_surface:external_connector_boundary,external_connector_boundary,engine_admission_required_parser_cannot_execute_external_authority,fail_closed_without_provider_or_engine_authorization,project/tests/sblr_surface/,docs/reference/compatibility_release_acquisition/vitess/23.0.3/source/changelog/10.0/10.0.0/release_notes.md#keyword:foreign
xtdb,reference_surface:file_io_boundary,file_io_boundary,engine_admission_required_parser_cannot_execute_external_authority,fail_closed_without_provider_or_engine_authorization,project/tests/sblr_surface/,docs/reference/compatibility-engines/xtdb/datatype-summary.md#keyword:file
xtdb,reference_surface:copy_file_boundary,copy_file_boundary,engine_admission_required_parser_cannot_execute_external_authority,fail_closed_without_provider_or_engine_authorization,project/tests/sblr_surface/,docs/reference/compatibility-engines/xtdb/license-and-use-summary.md#keyword:copy
xtdb,reference_surface:import_export_file_io,import_export_file_io,engine_admission_required_parser_cannot_execute_external_authority,fail_closed_without_provider_or_engine_authorization,project/tests/sblr_surface/,docs/reference/compatibility-engines/xtdb/wire-and-migration-summary.md#keyword:import
xtdb,reference_surface:migration_provider_boundary,migration_provider_boundary,engine_admission_required_parser_cannot_execute_external_authority,fail_closed_without_provider_or_engine_authorization,project/tests/sblr_surface/,docs/reference/compatibility-engines/xtdb/wire-and-migration-summary.md#keyword:migration
xtdb,reference_surface:live_ingest_boundary,live_ingest_boundary,engine_admission_required_parser_cannot_execute_external_authority,fail_closed_without_provider_or_engine_authorization,project/tests/sblr_surface/,docs/reference/compatibility-engines/xtdb/wire-and-migration-summary.md#keyword:ingest
xtdb,reference_surface:external_provider_boundary,external_provider_boundary,engine_admission_required_parser_cannot_execute_external_authority,fail_closed_without_provider_or_engine_authorization,project/tests/sblr_surface/,docs/reference/compatibility_catalog_seeds/xtdb/xtdb_beta2_full_seed_manifest.yaml#keyword:external
xtdb,reference_surface:service_tool_boundary,service_tool_boundary,engine_admission_required_parser_cannot_execute_external_authority,fail_closed_without_provider_or_engine_authorization,project/tests/sblr_surface/,docs/reference/compatibility_catalog_seeds/xtdb/xtdb_beta2_full_seed_manifest.yaml#keyword:tool
xtdb,reference_surface:external_process_boundary,external_process_boundary,engine_admission_required_parser_cannot_execute_external_authority,fail_closed_without_provider_or_engine_authorization,project/tests/sblr_surface/,docs/reference/compatibility_release_acquisition/xtdb/2.1.0/source/.claude/skills/jstack/skill.md#keyword:process
xtdb,reference_surface:plugin_extension_boundary,plugin_extension_boundary,engine_admission_required_parser_cannot_execute_external_authority,fail_closed_without_provider_or_engine_authorization,project/tests/sblr_surface/,docs/reference/compatibility_release_acquisition/xtdb/2.1.0/source/.devcontainer/README.md#keyword:extension
xtdb,reference_surface:external_connector_boundary,external_connector_boundary,engine_admission_required_parser_cannot_execute_external_authority,fail_closed_without_provider_or_engine_authorization,project/tests/sblr_surface/,docs/reference/compatibility_release_acquisition/xtdb/2.1.0/source/.github/workflows/build-connect.yml#keyword:connector
xtdb,reference_surface:backup_restore_or_snapshot,backup_restore_or_snapshot,engine_admission_required_parser_cannot_execute_external_authority,fail_closed_without_provider_or_engine_authorization,project/tests/sblr_surface/,docs/reference/compatibility_release_acquisition/xtdb/2.1.0/source/docs/src/content/docs/ops/aws.md#keyword:backup
yugabytedb,reference_surface:import_export_file_io,import_export_file_io,engine_admission_required_parser_cannot_execute_external_authority,fail_closed_without_provider_or_engine_authorization,project/tests/sblr_surface/,docs/reference/compatibility-engines/yugabytedb/capability-summary.md#keyword:import
yugabytedb,reference_surface:file_io_boundary,file_io_boundary,engine_admission_required_parser_cannot_execute_external_authority,fail_closed_without_provider_or_engine_authorization,project/tests/sblr_surface/,docs/reference/compatibility-engines/yugabytedb/datatype-summary.md#keyword:file
yugabytedb,reference_surface:copy_file_boundary,copy_file_boundary,engine_admission_required_parser_cannot_execute_external_authority,fail_closed_without_provider_or_engine_authorization,project/tests/sblr_surface/,docs/reference/compatibility-engines/yugabytedb/license-and-use-summary.md#keyword:copy
yugabytedb,reference_surface:migration_provider_boundary,migration_provider_boundary,engine_admission_required_parser_cannot_execute_external_authority,fail_closed_without_provider_or_engine_authorization,project/tests/sblr_surface/,docs/reference/compatibility-engines/yugabytedb/wire-and-migration-summary.md#keyword:migration
yugabytedb,reference_surface:live_ingest_boundary,live_ingest_boundary,engine_admission_required_parser_cannot_execute_external_authority,fail_closed_without_provider_or_engine_authorization,project/tests/sblr_surface/,docs/reference/compatibility-engines/yugabytedb/wire-and-migration-summary.md#keyword:ingest
yugabytedb,reference_surface:plugin_extension_boundary,plugin_extension_boundary,engine_admission_required_parser_cannot_execute_external_authority,fail_closed_without_provider_or_engine_authorization,project/tests/sblr_surface/,docs/reference/compatibility_catalog_seeds/yugabytedb/yugabytedb_beta2_full_seed_manifest.yaml#keyword:extension
yugabytedb,reference_surface:external_provider_boundary,external_provider_boundary,engine_admission_required_parser_cannot_execute_external_authority,fail_closed_without_provider_or_engine_authorization,project/tests/sblr_surface/,docs/reference/compatibility_catalog_seeds/yugabytedb/yugabytedb_beta2_full_seed_manifest.yaml#keyword:external
yugabytedb,reference_surface:service_tool_boundary,service_tool_boundary,engine_admission_required_parser_cannot_execute_external_authority,fail_closed_without_provider_or_engine_authorization,project/tests/sblr_surface/,docs/reference/compatibility_catalog_seeds/yugabytedb/yugabytedb_beta2_full_seed_manifest.yaml#keyword:tool
yugabytedb,reference_surface:external_connector_boundary,external_connector_boundary,engine_admission_required_parser_cannot_execute_external_authority,fail_closed_without_provider_or_engine_authorization,project/tests/sblr_surface/,docs/reference/compatibility_catalog_seeds/yugabytedb/yugabytedb_beta2_full_seed_manifest.yaml#keyword:foreign
yugabytedb,reference_surface:backup_restore_or_snapshot,backup_restore_or_snapshot,engine_admission_required_parser_cannot_execute_external_authority,fail_closed_without_provider_or_engine_authorization,project/tests/sblr_surface/,docs/reference/compatibility_release_acquisition/yugabytedb/2025.2.2.2/release-notes/RELEASE_NOTES_SOURCE.md#keyword:backup
yugabytedb,reference_surface:external_process_boundary,external_process_boundary,engine_admission_required_parser_cannot_execute_external_authority,fail_closed_without_provider_or_engine_authorization,project/tests/sblr_surface/,docs/reference/compatibility_release_acquisition/yugabytedb/2025.2.2.2/source/.circleci/config.yml#keyword:process
