refusal_id,declared_row_id,declared_row_ordinal,compatibility,parser_package,refusal_surface,classification,source_search_key,anchor_family,old_reason,implementation_route,final_reason,message_vector,diagnostic_code,runtime_disposition,final_sblr,provider_policy,parser_authority_policy,compatibility_authority_policy,mga_authority_policy,sample_input_or_source_anchor,test_destination,proof_kind,status,notes
FPR-P4-REFUSAL-00001,FPR-P3-DECLARED-00001,1,apache_ignite,project/src/parsers/compatibility/apache_ignite,apache_ignite.admin.control_script,NORMALIZE_CLUSTER,project/src/parsers/compatibility/apache_ignite/apache_ignite_dialect.cpp#kPatterns:apache_ignite.admin.control_script,kPatterns,kPolicyRefusal;match=CONTROL.SH;mapping=apache_ignite.policy.cluster.control_script;sblr=none;engine_api=none;diagnostic=APACHE_IGNITE.AUTHORITY.CLUSTER_CONTROL_RESERVED,kPolicyRefusal;match=CONTROL.SH;mapping=apache_ignite.policy.cluster.control_script;sblr=none;engine_api=none;diagnostic=APACHE_IGNITE.AUTHORITY.CLUSTER_CONTROL_RESERVED,cluster_control_shell_surface_reserved_for_normalized_cluster_sblr_exact_pre_provider_refusal,APACHE_IGNITE.AUTHORITY.CLUSTER_CONTROL_RESERVED,APACHE_IGNITE.AUTHORITY.CLUSTER_CONTROL_RESERVED,exact_pre_provider_refusal,sblr.cluster.control.v3:cluster.admin.refuse_reference_shell_control,no_cluster_provider_call_before_refusal,parser_may_emit_SBLRExecutionEnvelope_v3_only;parser_execution_storage_transaction_finality_authority_forbidden,compatibility_sql_not_executed;compatibility_storage_authority_false;compatibility_transaction_finality_authority_forbidden,engine_owned_MGA_transaction_finality_only;parser_compatibility_provider_finality_forbidden,CONTROL.SH --baseline,project/tests/compatibility_sql_parser_first_tranche/parser_refusal_reduction_gate.py,runtime_parser_refusal,p4_refusal_reduction_verified,row_preserves_compatibility_compatible_refusal_or_external_authority_fail_closed_boundary_with_runtime_or_source_anchor_proof
FPR-P4-REFUSAL-00002,FPR-P3-DECLARED-00061,61,apache_ignite,project/src/parsers/compatibility/apache_ignite,catalog_overlay_surface:baseline,ARCHITECTURE_REFUSAL,project/src/parsers/compatibility/apache_ignite/apache_ignite_dialect.cpp#kCatalogSurfaces:baseline,kCatalogSurfaces,fail_closed;surface=IGNITE_BASELINE,fail_closed;surface=IGNITE_BASELINE,compatibility_surface_conflicts_with_parser_or_single_node_engine_authority_exact_fail_closed,IGNITE_BASELINE,IGNITE_BASELINE,exact_fail_closed_refusal,sblr.refusal.apache_ignite.catalog_overlay_surface_baseline.5c87ed7a63,no_provider_or_compatibility_execution_for_exact_refusal,parser_may_emit_SBLRExecutionEnvelope_v3_only;parser_execution_storage_transaction_finality_authority_forbidden,compatibility_sql_not_executed;compatibility_storage_authority_false;compatibility_transaction_finality_authority_forbidden,engine_owned_MGA_transaction_finality_only;parser_compatibility_provider_finality_forbidden,project/src/parsers/compatibility/apache_ignite/apache_ignite_dialect.cpp#kCatalogSurfaces:baseline,project/tests/compatibility_sql_parser_first_tranche/parser_refusal_reduction_gate.py,source_anchor_message_vector,p4_refusal_reduction_verified,row_preserves_compatibility_compatible_refusal_or_external_authority_fail_closed_boundary_with_runtime_or_source_anchor_proof
FPR-P4-REFUSAL-00003,FPR-P3-DECLARED-00062,62,apache_ignite,project/src/parsers/compatibility/apache_ignite,catalog_overlay_surface:snapshots,ARCHITECTURE_REFUSAL,project/src/parsers/compatibility/apache_ignite/apache_ignite_dialect.cpp#kCatalogSurfaces:snapshots,kCatalogSurfaces,fail_closed;surface=IGNITE_SNAPSHOTS,fail_closed;surface=IGNITE_SNAPSHOTS,compatibility_surface_conflicts_with_parser_or_single_node_engine_authority_exact_fail_closed,IGNITE_SNAPSHOTS,IGNITE_SNAPSHOTS,exact_fail_closed_refusal,sblr.refusal.apache_ignite.catalog_overlay_surface_snapshots.44ab599c29,no_provider_or_compatibility_execution_for_exact_refusal,parser_may_emit_SBLRExecutionEnvelope_v3_only;parser_execution_storage_transaction_finality_authority_forbidden,compatibility_sql_not_executed;compatibility_storage_authority_false;compatibility_transaction_finality_authority_forbidden,engine_owned_MGA_transaction_finality_only;parser_compatibility_provider_finality_forbidden,project/src/parsers/compatibility/apache_ignite/apache_ignite_dialect.cpp#kCatalogSurfaces:snapshots,project/tests/compatibility_sql_parser_first_tranche/parser_refusal_reduction_gate.py,source_anchor_message_vector,p4_refusal_reduction_verified,row_preserves_compatibility_compatible_refusal_or_external_authority_fail_closed_boundary_with_runtime_or_source_anchor_proof
FPR-P4-REFUSAL-00004,FPR-P3-DECLARED-00064,64,apache_ignite,project/src/parsers/compatibility/apache_ignite,diagnostic_surface:policy,ARCHITECTURE_REFUSAL,project/src/parsers/compatibility/apache_ignite/apache_ignite_dialect.cpp#kDiagnosticSurfaces:policy,kDiagnosticSurfaces,fail_closed;surface=APACHE_IGNITE.AUTHORITY.*,fail_closed;surface=APACHE_IGNITE.AUTHORITY.*,compatibility_surface_conflicts_with_parser_or_single_node_engine_authority_exact_fail_closed,APACHE_IGNITE.AUTHORITY.*,APACHE_IGNITE.AUTHORITY.*,exact_fail_closed_refusal,sblr.refusal.apache_ignite.diagnostic_surface_policy.b3774e8ccd,no_provider_or_compatibility_execution_for_exact_refusal,parser_may_emit_SBLRExecutionEnvelope_v3_only;parser_execution_storage_transaction_finality_authority_forbidden,compatibility_sql_not_executed;compatibility_storage_authority_false;compatibility_transaction_finality_authority_forbidden,engine_owned_MGA_transaction_finality_only;parser_compatibility_provider_finality_forbidden,project/src/parsers/compatibility/apache_ignite/apache_ignite_dialect.cpp#kDiagnosticSurfaces:policy,project/tests/compatibility_sql_parser_first_tranche/parser_refusal_reduction_gate.py,source_anchor_message_vector,p4_refusal_reduction_verified,row_preserves_compatibility_compatible_refusal_or_external_authority_fail_closed_boundary_with_runtime_or_source_anchor_proof
FPR-P4-REFUSAL-00005,FPR-P3-DECLARED-00073,73,apache_ignite,project/src/parsers/compatibility/apache_ignite,source_marker:unsupported,ARCHITECTURE_REFUSAL,project/src/parsers/compatibility/apache_ignite/apache_ignite_dialect.cpp#marker:unsupported,marker,source_marker_requires_review,source_marker_requires_review,compatibility_surface_conflicts_with_parser_or_single_node_engine_authority_exact_fail_closed,APACHE_IGNITE.PARSE.UNSUPPORTED_SURFACE,APACHE_IGNITE.PARSE.UNSUPPORTED_SURFACE,exact_fail_closed_refusal,sblr.refusal.apache_ignite.source_marker_unsupported.a391795708,no_provider_or_compatibility_execution_for_exact_refusal,parser_may_emit_SBLRExecutionEnvelope_v3_only;parser_execution_storage_transaction_finality_authority_forbidden,compatibility_sql_not_executed;compatibility_storage_authority_false;compatibility_transaction_finality_authority_forbidden,engine_owned_MGA_transaction_finality_only;parser_compatibility_provider_finality_forbidden,project/src/parsers/compatibility/apache_ignite/apache_ignite_dialect.cpp#marker:unsupported,project/tests/compatibility_sql_parser_first_tranche/parser_refusal_reduction_gate.py,source_anchor_message_vector,p4_refusal_reduction_verified,row_preserves_compatibility_compatible_refusal_or_external_authority_fail_closed_boundary_with_runtime_or_source_anchor_proof
FPR-P4-REFUSAL-00006,FPR-P3-DECLARED-00074,74,cassandra,project/src/parsers/compatibility/cassandra,cassandra.admin.nodetool,ARCHITECTURE_REFUSAL,project/src/parsers/compatibility/cassandra/cassandra_dialect.cpp#kPatterns:cassandra.admin.nodetool,kPatterns,kUnsupportedRefusal;match=NODETOOL;mapping=cassandra.policy.unsupported.nodetool;sblr=none;engine_api=none;diagnostic=CASSANDRA.AUTHORITY.UNSUPPORTED_DENIED,kUnsupportedRefusal;match=NODETOOL;mapping=cassandra.policy.unsupported.nodetool;sblr=none;engine_api=none;diagnostic=CASSANDRA.AUTHORITY.UNSUPPORTED_DENIED,compatibility_surface_conflicts_with_parser_or_single_node_engine_authority_exact_fail_closed,CASSANDRA.AUTHORITY.UNSUPPORTED_DENIED,CASSANDRA.AUTHORITY.UNSUPPORTED_DENIED,exact_fail_closed_refusal,sblr.refusal.cassandra.cassandra_admin_nodetool.7f5c245ac3,no_provider_or_compatibility_execution_for_exact_refusal,parser_may_emit_SBLRExecutionEnvelope_v3_only;parser_execution_storage_transaction_finality_authority_forbidden,compatibility_sql_not_executed;compatibility_storage_authority_false;compatibility_transaction_finality_authority_forbidden,engine_owned_MGA_transaction_finality_only;parser_compatibility_provider_finality_forbidden,NODETOOL,project/tests/compatibility_sql_parser_first_tranche/parser_refusal_reduction_gate.py,runtime_parser_refusal,p4_refusal_reduction_verified,row_preserves_compatibility_compatible_refusal_or_external_authority_fail_closed_boundary_with_runtime_or_source_anchor_proof
FPR-P4-REFUSAL-00007,FPR-P3-DECLARED-00075,75,cassandra,project/src/parsers/compatibility/cassandra,cassandra.admin.repair,ARCHITECTURE_REFUSAL,project/src/parsers/compatibility/cassandra/cassandra_dialect.cpp#kPatterns:cassandra.admin.repair,kPatterns,kUnsupportedRefusal;match=REPAIR;mapping=cassandra.policy.unsupported.repair;sblr=none;engine_api=none;diagnostic=CASSANDRA.AUTHORITY.UNSUPPORTED_DENIED,kUnsupportedRefusal;match=REPAIR;mapping=cassandra.policy.unsupported.repair;sblr=none;engine_api=none;diagnostic=CASSANDRA.AUTHORITY.UNSUPPORTED_DENIED,compatibility_surface_conflicts_with_parser_or_single_node_engine_authority_exact_fail_closed,CASSANDRA.AUTHORITY.UNSUPPORTED_DENIED,CASSANDRA.AUTHORITY.UNSUPPORTED_DENIED,exact_fail_closed_refusal,sblr.refusal.cassandra.cassandra_admin_repair.7c41b7de4c,no_provider_or_compatibility_execution_for_exact_refusal,parser_may_emit_SBLRExecutionEnvelope_v3_only;parser_execution_storage_transaction_finality_authority_forbidden,compatibility_sql_not_executed;compatibility_storage_authority_false;compatibility_transaction_finality_authority_forbidden,engine_owned_MGA_transaction_finality_only;parser_compatibility_provider_finality_forbidden,REPAIR,project/tests/compatibility_sql_parser_first_tranche/parser_refusal_reduction_gate.py,runtime_parser_refusal,p4_refusal_reduction_verified,row_preserves_compatibility_compatible_refusal_or_external_authority_fail_closed_boundary_with_runtime_or_source_anchor_proof
FPR-P4-REFUSAL-00008,FPR-P3-DECLARED-00136,136,cassandra,project/src/parsers/compatibility/cassandra,diagnostic_surface:policy,ARCHITECTURE_REFUSAL,project/src/parsers/compatibility/cassandra/cassandra_dialect.cpp#kDiagnosticSurfaces:policy,kDiagnosticSurfaces,fail_closed;surface=CASSANDRA.AUTHORITY.*,fail_closed;surface=CASSANDRA.AUTHORITY.*,compatibility_surface_conflicts_with_parser_or_single_node_engine_authority_exact_fail_closed,CASSANDRA.AUTHORITY.*,CASSANDRA.AUTHORITY.*,exact_fail_closed_refusal,sblr.refusal.cassandra.diagnostic_surface_policy.3a1ef5f586,no_provider_or_compatibility_execution_for_exact_refusal,parser_may_emit_SBLRExecutionEnvelope_v3_only;parser_execution_storage_transaction_finality_authority_forbidden,compatibility_sql_not_executed;compatibility_storage_authority_false;compatibility_transaction_finality_authority_forbidden,engine_owned_MGA_transaction_finality_only;parser_compatibility_provider_finality_forbidden,project/src/parsers/compatibility/cassandra/cassandra_dialect.cpp#kDiagnosticSurfaces:policy,project/tests/compatibility_sql_parser_first_tranche/parser_refusal_reduction_gate.py,source_anchor_message_vector,p4_refusal_reduction_verified,row_preserves_compatibility_compatible_refusal_or_external_authority_fail_closed_boundary_with_runtime_or_source_anchor_proof
FPR-P4-REFUSAL-00009,FPR-P3-DECLARED-00145,145,cassandra,project/src/parsers/compatibility/cassandra,source_marker:unsupported,ARCHITECTURE_REFUSAL,project/src/parsers/compatibility/cassandra/cassandra_dialect.cpp#marker:unsupported,marker,source_marker_requires_review,source_marker_requires_review,compatibility_surface_conflicts_with_parser_or_single_node_engine_authority_exact_fail_closed,CASSANDRA.PARSE.UNSUPPORTED_SURFACE,CASSANDRA.PARSE.UNSUPPORTED_SURFACE,exact_fail_closed_refusal,sblr.refusal.cassandra.source_marker_unsupported.a4d5e83822,no_provider_or_compatibility_execution_for_exact_refusal,parser_may_emit_SBLRExecutionEnvelope_v3_only;parser_execution_storage_transaction_finality_authority_forbidden,compatibility_sql_not_executed;compatibility_storage_authority_false;compatibility_transaction_finality_authority_forbidden,engine_owned_MGA_transaction_finality_only;parser_compatibility_provider_finality_forbidden,project/src/parsers/compatibility/cassandra/cassandra_dialect.cpp#marker:unsupported,project/tests/compatibility_sql_parser_first_tranche/parser_refusal_reduction_gate.py,source_anchor_message_vector,p4_refusal_reduction_verified,row_preserves_compatibility_compatible_refusal_or_external_authority_fail_closed_boundary_with_runtime_or_source_anchor_proof
FPR-P4-REFUSAL-00010,FPR-P3-DECLARED-00146,146,clickhouse,project/src/parsers/compatibility/clickhouse,clickhouse.system.command,ARCHITECTURE_REFUSAL,project/src/parsers/compatibility/clickhouse/clickhouse_dialect.cpp#kPatterns:clickhouse.system.command,kPatterns,kUnsupportedRefusal;match=SYSTEM;mapping=clickhouse.policy.unsupported.system;sblr=none;engine_api=none;diagnostic=CLICKHOUSE.AUTHORITY.UNSUPPORTED_DENIED,kUnsupportedRefusal;match=SYSTEM;mapping=clickhouse.policy.unsupported.system;sblr=none;engine_api=none;diagnostic=CLICKHOUSE.AUTHORITY.UNSUPPORTED_DENIED,compatibility_surface_conflicts_with_parser_or_single_node_engine_authority_exact_fail_closed,CLICKHOUSE.AUTHORITY.UNSUPPORTED_DENIED,CLICKHOUSE.AUTHORITY.UNSUPPORTED_DENIED,exact_fail_closed_refusal,sblr.refusal.clickhouse.clickhouse_system_command.41bc8dd2d1,no_provider_or_compatibility_execution_for_exact_refusal,parser_may_emit_SBLRExecutionEnvelope_v3_only;parser_execution_storage_transaction_finality_authority_forbidden,compatibility_sql_not_executed;compatibility_storage_authority_false;compatibility_transaction_finality_authority_forbidden,engine_owned_MGA_transaction_finality_only;parser_compatibility_provider_finality_forbidden,SYSTEM,project/tests/compatibility_sql_parser_first_tranche/parser_refusal_reduction_gate.py,runtime_parser_refusal,p4_refusal_reduction_verified,row_preserves_compatibility_compatible_refusal_or_external_authority_fail_closed_boundary_with_runtime_or_source_anchor_proof
FPR-P4-REFUSAL-00011,FPR-P3-DECLARED-00147,147,clickhouse,project/src/parsers/compatibility/clickhouse,clickhouse.system.kill,ARCHITECTURE_REFUSAL,project/src/parsers/compatibility/clickhouse/clickhouse_dialect.cpp#kPatterns:clickhouse.system.kill,kPatterns,kUnsupportedRefusal;match=KILL;mapping=clickhouse.policy.unsupported.kill;sblr=none;engine_api=none;diagnostic=CLICKHOUSE.AUTHORITY.UNSUPPORTED_DENIED,kUnsupportedRefusal;match=KILL;mapping=clickhouse.policy.unsupported.kill;sblr=none;engine_api=none;diagnostic=CLICKHOUSE.AUTHORITY.UNSUPPORTED_DENIED,compatibility_surface_conflicts_with_parser_or_single_node_engine_authority_exact_fail_closed,CLICKHOUSE.AUTHORITY.UNSUPPORTED_DENIED,CLICKHOUSE.AUTHORITY.UNSUPPORTED_DENIED,exact_fail_closed_refusal,sblr.refusal.clickhouse.clickhouse_system_kill.0302909cb6,no_provider_or_compatibility_execution_for_exact_refusal,parser_may_emit_SBLRExecutionEnvelope_v3_only;parser_execution_storage_transaction_finality_authority_forbidden,compatibility_sql_not_executed;compatibility_storage_authority_false;compatibility_transaction_finality_authority_forbidden,engine_owned_MGA_transaction_finality_only;parser_compatibility_provider_finality_forbidden,KILL,project/tests/compatibility_sql_parser_first_tranche/parser_refusal_reduction_gate.py,runtime_parser_refusal,p4_refusal_reduction_verified,row_preserves_compatibility_compatible_refusal_or_external_authority_fail_closed_boundary_with_runtime_or_source_anchor_proof
FPR-P4-REFUSAL-00012,FPR-P3-DECLARED-00148,148,clickhouse,project/src/parsers/compatibility/clickhouse,clickhouse.bulk_io.backup,ARCHITECTURE_REFUSAL,project/src/parsers/compatibility/clickhouse/clickhouse_dialect.cpp#kPatterns:clickhouse.bulk_io.backup,kPatterns,kPolicyRefusal;match=BACKUP;mapping=clickhouse.policy.backup;sblr=none;engine_api=none;diagnostic=CLICKHOUSE.AUTHORITY.BACKUP_DENIED,kPolicyRefusal;match=BACKUP;mapping=clickhouse.policy.backup;sblr=none;engine_api=none;diagnostic=CLICKHOUSE.AUTHORITY.BACKUP_DENIED,compatibility_surface_conflicts_with_parser_or_single_node_engine_authority_exact_fail_closed,CLICKHOUSE.AUTHORITY.BACKUP_DENIED,CLICKHOUSE.AUTHORITY.BACKUP_DENIED,exact_fail_closed_refusal,sblr.refusal.clickhouse.clickhouse_bulk_io_backup.ff2fbc2217,no_provider_or_compatibility_execution_for_exact_refusal,parser_may_emit_SBLRExecutionEnvelope_v3_only;parser_execution_storage_transaction_finality_authority_forbidden,compatibility_sql_not_executed;compatibility_storage_authority_false;compatibility_transaction_finality_authority_forbidden,engine_owned_MGA_transaction_finality_only;parser_compatibility_provider_finality_forbidden,BACKUP,project/tests/compatibility_sql_parser_first_tranche/parser_refusal_reduction_gate.py,runtime_parser_refusal,p4_refusal_reduction_verified,row_preserves_compatibility_compatible_refusal_or_external_authority_fail_closed_boundary_with_runtime_or_source_anchor_proof
FPR-P4-REFUSAL-00013,FPR-P3-DECLARED-00149,149,clickhouse,project/src/parsers/compatibility/clickhouse,clickhouse.bulk_io.restore,ARCHITECTURE_REFUSAL,project/src/parsers/compatibility/clickhouse/clickhouse_dialect.cpp#kPatterns:clickhouse.bulk_io.restore,kPatterns,kPolicyRefusal;match=RESTORE;mapping=clickhouse.policy.restore;sblr=none;engine_api=none;diagnostic=CLICKHOUSE.AUTHORITY.BACKUP_DENIED,kPolicyRefusal;match=RESTORE;mapping=clickhouse.policy.restore;sblr=none;engine_api=none;diagnostic=CLICKHOUSE.AUTHORITY.BACKUP_DENIED,compatibility_surface_conflicts_with_parser_or_single_node_engine_authority_exact_fail_closed,CLICKHOUSE.AUTHORITY.BACKUP_DENIED,CLICKHOUSE.AUTHORITY.BACKUP_DENIED,exact_fail_closed_refusal,sblr.refusal.clickhouse.clickhouse_bulk_io_restore.9caec44a9c,no_provider_or_compatibility_execution_for_exact_refusal,parser_may_emit_SBLRExecutionEnvelope_v3_only;parser_execution_storage_transaction_finality_authority_forbidden,compatibility_sql_not_executed;compatibility_storage_authority_false;compatibility_transaction_finality_authority_forbidden,engine_owned_MGA_transaction_finality_only;parser_compatibility_provider_finality_forbidden,RESTORE,project/tests/compatibility_sql_parser_first_tranche/parser_refusal_reduction_gate.py,runtime_parser_refusal,p4_refusal_reduction_verified,row_preserves_compatibility_compatible_refusal_or_external_authority_fail_closed_boundary_with_runtime_or_source_anchor_proof
FPR-P4-REFUSAL-00014,FPR-P3-DECLARED-00150,150,clickhouse,project/src/parsers/compatibility/clickhouse,clickhouse.storage.attach,ARCHITECTURE_REFUSAL,project/src/parsers/compatibility/clickhouse/clickhouse_dialect.cpp#kPatterns:clickhouse.storage.attach,kPatterns,kPolicyRefusal;match=ATTACH;mapping=clickhouse.policy.attach;sblr=none;engine_api=none;diagnostic=CLICKHOUSE.AUTHORITY.STORAGE_ADMIN_DENIED,kPolicyRefusal;match=ATTACH;mapping=clickhouse.policy.attach;sblr=none;engine_api=none;diagnostic=CLICKHOUSE.AUTHORITY.STORAGE_ADMIN_DENIED,compatibility_surface_conflicts_with_parser_or_single_node_engine_authority_exact_fail_closed,CLICKHOUSE.AUTHORITY.STORAGE_ADMIN_DENIED,CLICKHOUSE.AUTHORITY.STORAGE_ADMIN_DENIED,exact_fail_closed_refusal,sblr.refusal.clickhouse.clickhouse_storage_attach.507f95d63c,no_provider_or_compatibility_execution_for_exact_refusal,parser_may_emit_SBLRExecutionEnvelope_v3_only;parser_execution_storage_transaction_finality_authority_forbidden,compatibility_sql_not_executed;compatibility_storage_authority_false;compatibility_transaction_finality_authority_forbidden,engine_owned_MGA_transaction_finality_only;parser_compatibility_provider_finality_forbidden,ATTACH,project/tests/compatibility_sql_parser_first_tranche/parser_refusal_reduction_gate.py,runtime_parser_refusal,p4_refusal_reduction_verified,row_preserves_compatibility_compatible_refusal_or_external_authority_fail_closed_boundary_with_runtime_or_source_anchor_proof
FPR-P4-REFUSAL-00015,FPR-P3-DECLARED-00151,151,clickhouse,project/src/parsers/compatibility/clickhouse,clickhouse.storage.detach,ARCHITECTURE_REFUSAL,project/src/parsers/compatibility/clickhouse/clickhouse_dialect.cpp#kPatterns:clickhouse.storage.detach,kPatterns,kPolicyRefusal;match=DETACH;mapping=clickhouse.policy.detach;sblr=none;engine_api=none;diagnostic=CLICKHOUSE.AUTHORITY.STORAGE_ADMIN_DENIED,kPolicyRefusal;match=DETACH;mapping=clickhouse.policy.detach;sblr=none;engine_api=none;diagnostic=CLICKHOUSE.AUTHORITY.STORAGE_ADMIN_DENIED,compatibility_surface_conflicts_with_parser_or_single_node_engine_authority_exact_fail_closed,CLICKHOUSE.AUTHORITY.STORAGE_ADMIN_DENIED,CLICKHOUSE.AUTHORITY.STORAGE_ADMIN_DENIED,exact_fail_closed_refusal,sblr.refusal.clickhouse.clickhouse_storage_detach.82ce6981b6,no_provider_or_compatibility_execution_for_exact_refusal,parser_may_emit_SBLRExecutionEnvelope_v3_only;parser_execution_storage_transaction_finality_authority_forbidden,compatibility_sql_not_executed;compatibility_storage_authority_false;compatibility_transaction_finality_authority_forbidden,engine_owned_MGA_transaction_finality_only;parser_compatibility_provider_finality_forbidden,DETACH,project/tests/compatibility_sql_parser_first_tranche/parser_refusal_reduction_gate.py,runtime_parser_refusal,p4_refusal_reduction_verified,row_preserves_compatibility_compatible_refusal_or_external_authority_fail_closed_boundary_with_runtime_or_source_anchor_proof
FPR-P4-REFUSAL-00016,FPR-P3-DECLARED-00152,152,clickhouse,project/src/parsers/compatibility/clickhouse,clickhouse.external_io.insert_function,EXTERNAL_AUTHORITY,project/src/parsers/compatibility/clickhouse/clickhouse_dialect.cpp#kPatterns:clickhouse.external_io.insert_function,kPatterns,kPolicyRefusal;match=INSERT INTO FUNCTION;mapping=clickhouse.policy.external.insert_function;sblr=none;engine_api=none;diagnostic=CLICKHOUSE.AUTHORITY.EXTERNAL_IO_DENIED,kParserSupportUdr;match=INSERT INTO FUNCTION;mapping=clickhouse.udr.etl.insert_function;sblr=SBLR_COMPAT_CLICKHOUSE_ETL_ROUTE;engine_api=ParserSupportEtlRoute;diagnostic=CLICKHOUSE.EMULATION.ETL_ROUTE,external_files_connectors_tools_or_provider_authority_require_trusted_engine_operator_boundary_fail_closed,CLICKHOUSE.EMULATION.ETL_ROUTE,CLICKHOUSE.EMULATION.ETL_ROUTE,fail_closed_external_authority,sblr.external.clickhouse.clickhouse_external_io_insert_function.d766d03bb4,no_local_or_provider_execution_without_trusted_engine_admission,parser_may_emit_SBLRExecutionEnvelope_v3_only;parser_execution_storage_transaction_finality_authority_forbidden,compatibility_sql_not_executed;compatibility_storage_authority_false;compatibility_transaction_finality_authority_forbidden,engine_owned_MGA_transaction_finality_only;parser_compatibility_provider_finality_forbidden,INSERT INTO FUNCTION,project/tests/compatibility_sql_parser_first_tranche/parser_refusal_reduction_gate.py,runtime_parser_refusal,p4_refusal_reduction_verified,row_preserves_compatibility_compatible_refusal_or_external_authority_fail_closed_boundary_with_runtime_or_source_anchor_proof
FPR-P4-REFUSAL-00017,FPR-P3-DECLARED-00153,153,clickhouse,project/src/parsers/compatibility/clickhouse,clickhouse.external_io.file_function,EXTERNAL_AUTHORITY,project/src/parsers/compatibility/clickhouse/clickhouse_dialect.cpp#kPatterns:clickhouse.external_io.file_function,kPatterns,kPolicyRefusal;match=FILE;mapping=clickhouse.policy.external.file;sblr=none;engine_api=none;diagnostic=CLICKHOUSE.AUTHORITY.EXTERNAL_IO_DENIED,kPolicyRefusal;match=FILE;mapping=clickhouse.policy.external.file;sblr=none;engine_api=none;diagnostic=CLICKHOUSE.AUTHORITY.EXTERNAL_IO_DENIED,external_files_connectors_tools_or_provider_authority_require_trusted_engine_operator_boundary_fail_closed,CLICKHOUSE.AUTHORITY.EXTERNAL_IO_DENIED,CLICKHOUSE.AUTHORITY.EXTERNAL_IO_DENIED,fail_closed_external_authority,sblr.external.clickhouse.clickhouse_external_io_file_function.7a6e3871f1,no_local_or_provider_execution_without_trusted_engine_admission,parser_may_emit_SBLRExecutionEnvelope_v3_only;parser_execution_storage_transaction_finality_authority_forbidden,compatibility_sql_not_executed;compatibility_storage_authority_false;compatibility_transaction_finality_authority_forbidden,engine_owned_MGA_transaction_finality_only;parser_compatibility_provider_finality_forbidden,SELECT FILE(),project/tests/compatibility_sql_parser_first_tranche/parser_refusal_reduction_gate.py,runtime_parser_refusal,p4_refusal_reduction_verified,row_preserves_compatibility_compatible_refusal_or_external_authority_fail_closed_boundary_with_runtime_or_source_anchor_proof
FPR-P4-REFUSAL-00018,FPR-P3-DECLARED-00154,154,clickhouse,project/src/parsers/compatibility/clickhouse,clickhouse.external_io.url_function,EXTERNAL_AUTHORITY,project/src/parsers/compatibility/clickhouse/clickhouse_dialect.cpp#kPatterns:clickhouse.external_io.url_function,kPatterns,kPolicyRefusal;match=URL;mapping=clickhouse.policy.external.url;sblr=none;engine_api=none;diagnostic=CLICKHOUSE.AUTHORITY.EXTERNAL_IO_DENIED,kParserSupportUdr;match=URL;mapping=clickhouse.udr.etl.url;sblr=SBLR_COMPAT_CLICKHOUSE_ETL_ROUTE;engine_api=ParserSupportEtlRoute;diagnostic=CLICKHOUSE.EMULATION.ETL_ROUTE,external_files_connectors_tools_or_provider_authority_require_trusted_engine_operator_boundary_fail_closed,CLICKHOUSE.EMULATION.ETL_ROUTE,CLICKHOUSE.EMULATION.ETL_ROUTE,fail_closed_external_authority,sblr.external.clickhouse.clickhouse_external_io_url_function.a9fc26a9cf,no_local_or_provider_execution_without_trusted_engine_admission,parser_may_emit_SBLRExecutionEnvelope_v3_only;parser_execution_storage_transaction_finality_authority_forbidden,compatibility_sql_not_executed;compatibility_storage_authority_false;compatibility_transaction_finality_authority_forbidden,engine_owned_MGA_transaction_finality_only;parser_compatibility_provider_finality_forbidden,SELECT URL(),project/tests/compatibility_sql_parser_first_tranche/parser_refusal_reduction_gate.py,runtime_parser_refusal,p4_refusal_reduction_verified,row_preserves_compatibility_compatible_refusal_or_external_authority_fail_closed_boundary_with_runtime_or_source_anchor_proof
FPR-P4-REFUSAL-00019,FPR-P3-DECLARED-00155,155,clickhouse,project/src/parsers/compatibility/clickhouse,clickhouse.external_io.s3_function,EXTERNAL_AUTHORITY,project/src/parsers/compatibility/clickhouse/clickhouse_dialect.cpp#kPatterns:clickhouse.external_io.s3_function,kPatterns,kPolicyRefusal;match=S3;mapping=clickhouse.policy.external.s3;sblr=none;engine_api=none;diagnostic=CLICKHOUSE.AUTHORITY.EXTERNAL_IO_DENIED,kParserSupportUdr;match=S3;mapping=clickhouse.udr.etl.s3;sblr=SBLR_COMPAT_CLICKHOUSE_ETL_ROUTE;engine_api=ParserSupportEtlRoute;diagnostic=CLICKHOUSE.EMULATION.ETL_ROUTE,external_files_connectors_tools_or_provider_authority_require_trusted_engine_operator_boundary_fail_closed,CLICKHOUSE.EMULATION.ETL_ROUTE,CLICKHOUSE.EMULATION.ETL_ROUTE,fail_closed_external_authority,sblr.external.clickhouse.clickhouse_external_io_s3_function.9b48df0bc7,no_local_or_provider_execution_without_trusted_engine_admission,parser_may_emit_SBLRExecutionEnvelope_v3_only;parser_execution_storage_transaction_finality_authority_forbidden,compatibility_sql_not_executed;compatibility_storage_authority_false;compatibility_transaction_finality_authority_forbidden,engine_owned_MGA_transaction_finality_only;parser_compatibility_provider_finality_forbidden,SELECT S3(),project/tests/compatibility_sql_parser_first_tranche/parser_refusal_reduction_gate.py,runtime_parser_refusal,p4_refusal_reduction_verified,row_preserves_compatibility_compatible_refusal_or_external_authority_fail_closed_boundary_with_runtime_or_source_anchor_proof
FPR-P4-REFUSAL-00020,FPR-P3-DECLARED-00156,156,clickhouse,project/src/parsers/compatibility/clickhouse,clickhouse.external_io.hdfs_function,EXTERNAL_AUTHORITY,project/src/parsers/compatibility/clickhouse/clickhouse_dialect.cpp#kPatterns:clickhouse.external_io.hdfs_function,kPatterns,kPolicyRefusal;match=HDFS;mapping=clickhouse.policy.external.hdfs;sblr=none;engine_api=none;diagnostic=CLICKHOUSE.AUTHORITY.EXTERNAL_IO_DENIED,kParserSupportUdr;match=HDFS;mapping=clickhouse.udr.etl.hdfs;sblr=SBLR_COMPAT_CLICKHOUSE_ETL_ROUTE;engine_api=ParserSupportEtlRoute;diagnostic=CLICKHOUSE.EMULATION.ETL_ROUTE,external_files_connectors_tools_or_provider_authority_require_trusted_engine_operator_boundary_fail_closed,CLICKHOUSE.EMULATION.ETL_ROUTE,CLICKHOUSE.EMULATION.ETL_ROUTE,fail_closed_external_authority,sblr.external.clickhouse.clickhouse_external_io_hdfs_function.970dc56086,no_local_or_provider_execution_without_trusted_engine_admission,parser_may_emit_SBLRExecutionEnvelope_v3_only;parser_execution_storage_transaction_finality_authority_forbidden,compatibility_sql_not_executed;compatibility_storage_authority_false;compatibility_transaction_finality_authority_forbidden,engine_owned_MGA_transaction_finality_only;parser_compatibility_provider_finality_forbidden,SELECT HDFS(),project/tests/compatibility_sql_parser_first_tranche/parser_refusal_reduction_gate.py,runtime_parser_refusal,p4_refusal_reduction_verified,row_preserves_compatibility_compatible_refusal_or_external_authority_fail_closed_boundary_with_runtime_or_source_anchor_proof
FPR-P4-REFUSAL-00021,FPR-P3-DECLARED-00157,157,clickhouse,project/src/parsers/compatibility/clickhouse,clickhouse.distributed.remote_function,ARCHITECTURE_REFUSAL,project/src/parsers/compatibility/clickhouse/clickhouse_dialect.cpp#kPatterns:clickhouse.distributed.remote_function,kPatterns,kPolicyRefusal;match=REMOTE;mapping=clickhouse.policy.distributed.remote;sblr=none;engine_api=none;diagnostic=CLICKHOUSE.AUTHORITY.DISTRIBUTED_DENIED,kPolicyRefusal;match=REMOTE;mapping=clickhouse.policy.distributed.remote;sblr=none;engine_api=none;diagnostic=CLICKHOUSE.AUTHORITY.DISTRIBUTED_DENIED,compatibility_surface_conflicts_with_parser_or_single_node_engine_authority_exact_fail_closed,CLICKHOUSE.AUTHORITY.DISTRIBUTED_DENIED,CLICKHOUSE.AUTHORITY.DISTRIBUTED_DENIED,exact_fail_closed_refusal,sblr.refusal.clickhouse.clickhouse_distributed_remote_function.ebdb287f39,no_provider_or_compatibility_execution_for_exact_refusal,parser_may_emit_SBLRExecutionEnvelope_v3_only;parser_execution_storage_transaction_finality_authority_forbidden,compatibility_sql_not_executed;compatibility_storage_authority_false;compatibility_transaction_finality_authority_forbidden,engine_owned_MGA_transaction_finality_only;parser_compatibility_provider_finality_forbidden,SELECT REMOTE(),project/tests/compatibility_sql_parser_first_tranche/parser_refusal_reduction_gate.py,runtime_parser_refusal,p4_refusal_reduction_verified,row_preserves_compatibility_compatible_refusal_or_external_authority_fail_closed_boundary_with_runtime_or_source_anchor_proof
FPR-P4-REFUSAL-00022,FPR-P3-DECLARED-00168,168,clickhouse,project/src/parsers/compatibility/clickhouse,clickhouse.connector.dictionary.create,EXTERNAL_AUTHORITY,project/src/parsers/compatibility/clickhouse/clickhouse_dialect.cpp#kPatterns:clickhouse.connector.dictionary.create,kPatterns,kParserSupportUdr;match=CREATE DICTIONARY;mapping=clickhouse.udr.connector.dictionary.create;sblr=SBLR_COMPAT_CLICKHOUSE_CONNECTOR_ROUTE;engine_api=ParserSupportConnectorRoute;diagnostic=CLICKHOUSE.EMULATION.CONNECTOR_ROUTE,kPolicyRefusal;match=CREATE DICTIONARY;mapping=clickhouse.policy.connector.dictionary.create;sblr=none;engine_api=none;diagnostic=CLICKHOUSE.EMULATION.CONNECTOR_ROUTE,external_files_connectors_tools_or_provider_authority_require_trusted_engine_operator_boundary_fail_closed,CLICKHOUSE.EMULATION.CONNECTOR_ROUTE,CLICKHOUSE.EMULATION.CONNECTOR_ROUTE,fail_closed_external_authority,sblr.external.clickhouse.clickhouse_connector_dictionary_create.fb924f0922,no_local_or_provider_execution_without_trusted_engine_admission,parser_may_emit_SBLRExecutionEnvelope_v3_only;parser_execution_storage_transaction_finality_authority_forbidden,compatibility_sql_not_executed;compatibility_storage_authority_false;compatibility_transaction_finality_authority_forbidden,engine_owned_MGA_transaction_finality_only;parser_compatibility_provider_finality_forbidden,CREATE DICTIONARY,project/tests/compatibility_sql_parser_first_tranche/parser_refusal_reduction_gate.py,runtime_parser_refusal,p4_refusal_reduction_verified,row_preserves_compatibility_compatible_refusal_or_external_authority_fail_closed_boundary_with_runtime_or_source_anchor_proof
FPR-P4-REFUSAL-00023,FPR-P3-DECLARED-00169,169,clickhouse,project/src/parsers/compatibility/clickhouse,clickhouse.connector.dictionary.drop,EXTERNAL_AUTHORITY,project/src/parsers/compatibility/clickhouse/clickhouse_dialect.cpp#kPatterns:clickhouse.connector.dictionary.drop,kPatterns,kParserSupportUdr;match=DROP DICTIONARY;mapping=clickhouse.udr.connector.dictionary.drop;sblr=SBLR_COMPAT_CLICKHOUSE_CONNECTOR_ROUTE;engine_api=ParserSupportConnectorRoute;diagnostic=CLICKHOUSE.EMULATION.CONNECTOR_ROUTE,kPolicyRefusal;match=DROP DICTIONARY;mapping=clickhouse.policy.connector.dictionary.drop;sblr=none;engine_api=none;diagnostic=CLICKHOUSE.EMULATION.CONNECTOR_ROUTE,external_files_connectors_tools_or_provider_authority_require_trusted_engine_operator_boundary_fail_closed,CLICKHOUSE.EMULATION.CONNECTOR_ROUTE,CLICKHOUSE.EMULATION.CONNECTOR_ROUTE,fail_closed_external_authority,sblr.external.clickhouse.clickhouse_connector_dictionary_drop.f30e19f704,no_local_or_provider_execution_without_trusted_engine_admission,parser_may_emit_SBLRExecutionEnvelope_v3_only;parser_execution_storage_transaction_finality_authority_forbidden,compatibility_sql_not_executed;compatibility_storage_authority_false;compatibility_transaction_finality_authority_forbidden,engine_owned_MGA_transaction_finality_only;parser_compatibility_provider_finality_forbidden,DROP DICTIONARY,project/tests/compatibility_sql_parser_first_tranche/parser_refusal_reduction_gate.py,runtime_parser_refusal,p4_refusal_reduction_verified,row_preserves_compatibility_compatible_refusal_or_external_authority_fail_closed_boundary_with_runtime_or_source_anchor_proof
FPR-P4-REFUSAL-00024,FPR-P3-DECLARED-00171,171,clickhouse,project/src/parsers/compatibility/clickhouse,clickhouse.maintenance.optimize,ARCHITECTURE_REFUSAL,project/src/parsers/compatibility/clickhouse/clickhouse_dialect.cpp#kPatterns:clickhouse.maintenance.optimize,kPatterns,kUnsupportedRefusal;match=OPTIMIZE;mapping=clickhouse.policy.unsupported.optimize;sblr=none;engine_api=none;diagnostic=CLICKHOUSE.AUTHORITY.UNSUPPORTED_DENIED,kUnsupportedRefusal;match=OPTIMIZE;mapping=clickhouse.policy.unsupported.optimize;sblr=none;engine_api=none;diagnostic=CLICKHOUSE.AUTHORITY.UNSUPPORTED_DENIED,compatibility_surface_conflicts_with_parser_or_single_node_engine_authority_exact_fail_closed,CLICKHOUSE.AUTHORITY.UNSUPPORTED_DENIED,CLICKHOUSE.AUTHORITY.UNSUPPORTED_DENIED,exact_fail_closed_refusal,sblr.refusal.clickhouse.clickhouse_maintenance_optimize.d672d2aaa7,no_provider_or_compatibility_execution_for_exact_refusal,parser_may_emit_SBLRExecutionEnvelope_v3_only;parser_execution_storage_transaction_finality_authority_forbidden,compatibility_sql_not_executed;compatibility_storage_authority_false;compatibility_transaction_finality_authority_forbidden,engine_owned_MGA_transaction_finality_only;parser_compatibility_provider_finality_forbidden,OPTIMIZE TABLE t,project/tests/compatibility_sql_parser_first_tranche/parser_refusal_reduction_gate.py,runtime_parser_refusal,p4_refusal_reduction_verified,row_preserves_compatibility_compatible_refusal_or_external_authority_fail_closed_boundary_with_runtime_or_source_anchor_proof
FPR-P4-REFUSAL-00025,FPR-P3-DECLARED-00172,172,clickhouse,project/src/parsers/compatibility/clickhouse,clickhouse.maintenance.check_table,ARCHITECTURE_REFUSAL,project/src/parsers/compatibility/clickhouse/clickhouse_dialect.cpp#kPatterns:clickhouse.maintenance.check_table,kPatterns,kUnsupportedRefusal;match=CHECK TABLE;mapping=clickhouse.policy.unsupported.check_table;sblr=none;engine_api=none;diagnostic=CLICKHOUSE.AUTHORITY.UNSUPPORTED_DENIED,kUnsupportedRefusal;match=CHECK TABLE;mapping=clickhouse.policy.unsupported.check_table;sblr=none;engine_api=none;diagnostic=CLICKHOUSE.AUTHORITY.UNSUPPORTED_DENIED,compatibility_surface_conflicts_with_parser_or_single_node_engine_authority_exact_fail_closed,CLICKHOUSE.AUTHORITY.UNSUPPORTED_DENIED,CLICKHOUSE.AUTHORITY.UNSUPPORTED_DENIED,exact_fail_closed_refusal,sblr.refusal.clickhouse.clickhouse_maintenance_check_table.6fb4ebdf35,no_provider_or_compatibility_execution_for_exact_refusal,parser_may_emit_SBLRExecutionEnvelope_v3_only;parser_execution_storage_transaction_finality_authority_forbidden,compatibility_sql_not_executed;compatibility_storage_authority_false;compatibility_transaction_finality_authority_forbidden,engine_owned_MGA_transaction_finality_only;parser_compatibility_provider_finality_forbidden,CHECK TABLE t,project/tests/compatibility_sql_parser_first_tranche/parser_refusal_reduction_gate.py,runtime_parser_refusal,p4_refusal_reduction_verified,row_preserves_compatibility_compatible_refusal_or_external_authority_fail_closed_boundary_with_runtime_or_source_anchor_proof
FPR-P4-REFUSAL-00026,FPR-P3-DECLARED-00214,214,clickhouse,project/src/parsers/compatibility/clickhouse,builtin_function_surface:external,EXTERNAL_AUTHORITY,project/src/parsers/compatibility/clickhouse/clickhouse_dialect.cpp#kBuiltinSurfaces:external,kBuiltinSurfaces,fail_closed;surface=FILE;URL;S3;HDFS;REMOTE,fail_closed;surface=FILE;URL;S3;HDFS;REMOTE,external_files_connectors_tools_or_provider_authority_require_trusted_engine_operator_boundary_fail_closed,FILE;URL;S3;HDFS;REMOTE,FILE,fail_closed_external_authority,sblr.external.clickhouse.builtin_function_surface_external.cb4773533c,no_local_or_provider_execution_without_trusted_engine_admission,parser_may_emit_SBLRExecutionEnvelope_v3_only;parser_execution_storage_transaction_finality_authority_forbidden,compatibility_sql_not_executed;compatibility_storage_authority_false;compatibility_transaction_finality_authority_forbidden,engine_owned_MGA_transaction_finality_only;parser_compatibility_provider_finality_forbidden,project/src/parsers/compatibility/clickhouse/clickhouse_dialect.cpp#kBuiltinSurfaces:external,project/tests/compatibility_sql_parser_first_tranche/parser_refusal_reduction_gate.py,source_anchor_message_vector,p4_refusal_reduction_verified,row_preserves_compatibility_compatible_refusal_or_external_authority_fail_closed_boundary_with_runtime_or_source_anchor_proof
FPR-P4-REFUSAL-00027,FPR-P3-DECLARED-00217,217,clickhouse,project/src/parsers/compatibility/clickhouse,builtin_function_surface:system,ARCHITECTURE_REFUSAL,project/src/parsers/compatibility/clickhouse/clickhouse_dialect.cpp#kBuiltinSurfaces:system,kBuiltinSurfaces,fail_closed;surface=SYSTEM;KILL;BACKUP;RESTORE,fail_closed;surface=SYSTEM;KILL;BACKUP;RESTORE,compatibility_surface_conflicts_with_parser_or_single_node_engine_authority_exact_fail_closed,SYSTEM;KILL;BACKUP;RESTORE,SYSTEM,exact_fail_closed_refusal,sblr.refusal.clickhouse.builtin_function_surface_system.025f50472a,no_provider_or_compatibility_execution_for_exact_refusal,parser_may_emit_SBLRExecutionEnvelope_v3_only;parser_execution_storage_transaction_finality_authority_forbidden,compatibility_sql_not_executed;compatibility_storage_authority_false;compatibility_transaction_finality_authority_forbidden,engine_owned_MGA_transaction_finality_only;parser_compatibility_provider_finality_forbidden,project/src/parsers/compatibility/clickhouse/clickhouse_dialect.cpp#kBuiltinSurfaces:system,project/tests/compatibility_sql_parser_first_tranche/parser_refusal_reduction_gate.py,source_anchor_message_vector,p4_refusal_reduction_verified,row_preserves_compatibility_compatible_refusal_or_external_authority_fail_closed_boundary_with_runtime_or_source_anchor_proof
FPR-P4-REFUSAL-00028,FPR-P3-DECLARED-00229,229,clickhouse,project/src/parsers/compatibility/clickhouse,diagnostic_surface:system,ARCHITECTURE_REFUSAL,project/src/parsers/compatibility/clickhouse/clickhouse_dialect.cpp#kDiagnosticSurfaces:system,kDiagnosticSurfaces,fail_closed;surface=CLICKHOUSE.AUTHORITY.UNSUPPORTED_DENIED,fail_closed;surface=CLICKHOUSE.AUTHORITY.UNSUPPORTED_DENIED,compatibility_surface_conflicts_with_parser_or_single_node_engine_authority_exact_fail_closed,CLICKHOUSE.AUTHORITY.UNSUPPORTED_DENIED,CLICKHOUSE.AUTHORITY.UNSUPPORTED_DENIED,exact_fail_closed_refusal,sblr.refusal.clickhouse.diagnostic_surface_system.5a92c3cd94,no_provider_or_compatibility_execution_for_exact_refusal,parser_may_emit_SBLRExecutionEnvelope_v3_only;parser_execution_storage_transaction_finality_authority_forbidden,compatibility_sql_not_executed;compatibility_storage_authority_false;compatibility_transaction_finality_authority_forbidden,engine_owned_MGA_transaction_finality_only;parser_compatibility_provider_finality_forbidden,project/src/parsers/compatibility/clickhouse/clickhouse_dialect.cpp#kDiagnosticSurfaces:system,project/tests/compatibility_sql_parser_first_tranche/parser_refusal_reduction_gate.py,source_anchor_message_vector,p4_refusal_reduction_verified,row_preserves_compatibility_compatible_refusal_or_external_authority_fail_closed_boundary_with_runtime_or_source_anchor_proof
FPR-P4-REFUSAL-00029,FPR-P3-DECLARED-00230,230,clickhouse,project/src/parsers/compatibility/clickhouse,diagnostic_surface:backup,ARCHITECTURE_REFUSAL,project/src/parsers/compatibility/clickhouse/clickhouse_dialect.cpp#kDiagnosticSurfaces:backup,kDiagnosticSurfaces,fail_closed;surface=CLICKHOUSE.AUTHORITY.BACKUP_DENIED,fail_closed;surface=CLICKHOUSE.AUTHORITY.BACKUP_DENIED,compatibility_surface_conflicts_with_parser_or_single_node_engine_authority_exact_fail_closed,CLICKHOUSE.AUTHORITY.BACKUP_DENIED,CLICKHOUSE.AUTHORITY.BACKUP_DENIED,exact_fail_closed_refusal,sblr.refusal.clickhouse.diagnostic_surface_backup.5cab8daaaa,no_provider_or_compatibility_execution_for_exact_refusal,parser_may_emit_SBLRExecutionEnvelope_v3_only;parser_execution_storage_transaction_finality_authority_forbidden,compatibility_sql_not_executed;compatibility_storage_authority_false;compatibility_transaction_finality_authority_forbidden,engine_owned_MGA_transaction_finality_only;parser_compatibility_provider_finality_forbidden,project/src/parsers/compatibility/clickhouse/clickhouse_dialect.cpp#kDiagnosticSurfaces:backup,project/tests/compatibility_sql_parser_first_tranche/parser_refusal_reduction_gate.py,source_anchor_message_vector,p4_refusal_reduction_verified,row_preserves_compatibility_compatible_refusal_or_external_authority_fail_closed_boundary_with_runtime_or_source_anchor_proof
FPR-P4-REFUSAL-00030,FPR-P3-DECLARED-00231,231,clickhouse,project/src/parsers/compatibility/clickhouse,diagnostic_surface:storage_admin,ARCHITECTURE_REFUSAL,project/src/parsers/compatibility/clickhouse/clickhouse_dialect.cpp#kDiagnosticSurfaces:storage_admin,kDiagnosticSurfaces,fail_closed;surface=CLICKHOUSE.AUTHORITY.STORAGE_ADMIN_DENIED,fail_closed;surface=CLICKHOUSE.AUTHORITY.STORAGE_ADMIN_DENIED,compatibility_surface_conflicts_with_parser_or_single_node_engine_authority_exact_fail_closed,CLICKHOUSE.AUTHORITY.STORAGE_ADMIN_DENIED,CLICKHOUSE.AUTHORITY.STORAGE_ADMIN_DENIED,exact_fail_closed_refusal,sblr.refusal.clickhouse.diagnostic_surface_storage_admin.b596cd1c62,no_provider_or_compatibility_execution_for_exact_refusal,parser_may_emit_SBLRExecutionEnvelope_v3_only;parser_execution_storage_transaction_finality_authority_forbidden,compatibility_sql_not_executed;compatibility_storage_authority_false;compatibility_transaction_finality_authority_forbidden,engine_owned_MGA_transaction_finality_only;parser_compatibility_provider_finality_forbidden,project/src/parsers/compatibility/clickhouse/clickhouse_dialect.cpp#kDiagnosticSurfaces:storage_admin,project/tests/compatibility_sql_parser_first_tranche/parser_refusal_reduction_gate.py,source_anchor_message_vector,p4_refusal_reduction_verified,row_preserves_compatibility_compatible_refusal_or_external_authority_fail_closed_boundary_with_runtime_or_source_anchor_proof
FPR-P4-REFUSAL-00031,FPR-P3-DECLARED-00232,232,clickhouse,project/src/parsers/compatibility/clickhouse,diagnostic_surface:external_io,EXTERNAL_AUTHORITY,project/src/parsers/compatibility/clickhouse/clickhouse_dialect.cpp#kDiagnosticSurfaces:external_io,kDiagnosticSurfaces,fail_closed;surface=CLICKHOUSE.AUTHORITY.EXTERNAL_IO_DENIED,fail_closed;surface=CLICKHOUSE.AUTHORITY.EXTERNAL_IO_DENIED,external_files_connectors_tools_or_provider_authority_require_trusted_engine_operator_boundary_fail_closed,CLICKHOUSE.AUTHORITY.EXTERNAL_IO_DENIED,CLICKHOUSE.AUTHORITY.EXTERNAL_IO_DENIED,fail_closed_external_authority,sblr.external.clickhouse.diagnostic_surface_external_io.3be95f537f,no_local_or_provider_execution_without_trusted_engine_admission,parser_may_emit_SBLRExecutionEnvelope_v3_only;parser_execution_storage_transaction_finality_authority_forbidden,compatibility_sql_not_executed;compatibility_storage_authority_false;compatibility_transaction_finality_authority_forbidden,engine_owned_MGA_transaction_finality_only;parser_compatibility_provider_finality_forbidden,project/src/parsers/compatibility/clickhouse/clickhouse_dialect.cpp#kDiagnosticSurfaces:external_io,project/tests/compatibility_sql_parser_first_tranche/parser_refusal_reduction_gate.py,source_anchor_message_vector,p4_refusal_reduction_verified,row_preserves_compatibility_compatible_refusal_or_external_authority_fail_closed_boundary_with_runtime_or_source_anchor_proof
FPR-P4-REFUSAL-00032,FPR-P3-DECLARED-00233,233,clickhouse,project/src/parsers/compatibility/clickhouse,diagnostic_surface:distributed,ARCHITECTURE_REFUSAL,project/src/parsers/compatibility/clickhouse/clickhouse_dialect.cpp#kDiagnosticSurfaces:distributed,kDiagnosticSurfaces,fail_closed;surface=CLICKHOUSE.AUTHORITY.DISTRIBUTED_DENIED,fail_closed;surface=CLICKHOUSE.AUTHORITY.DISTRIBUTED_DENIED,compatibility_surface_conflicts_with_parser_or_single_node_engine_authority_exact_fail_closed,CLICKHOUSE.AUTHORITY.DISTRIBUTED_DENIED,CLICKHOUSE.AUTHORITY.DISTRIBUTED_DENIED,exact_fail_closed_refusal,sblr.refusal.clickhouse.diagnostic_surface_distributed.9293142ca2,no_provider_or_compatibility_execution_for_exact_refusal,parser_may_emit_SBLRExecutionEnvelope_v3_only;parser_execution_storage_transaction_finality_authority_forbidden,compatibility_sql_not_executed;compatibility_storage_authority_false;compatibility_transaction_finality_authority_forbidden,engine_owned_MGA_transaction_finality_only;parser_compatibility_provider_finality_forbidden,project/src/parsers/compatibility/clickhouse/clickhouse_dialect.cpp#kDiagnosticSurfaces:distributed,project/tests/compatibility_sql_parser_first_tranche/parser_refusal_reduction_gate.py,source_anchor_message_vector,p4_refusal_reduction_verified,row_preserves_compatibility_compatible_refusal_or_external_authority_fail_closed_boundary_with_runtime_or_source_anchor_proof
FPR-P4-REFUSAL-00033,FPR-P3-DECLARED-00235,235,clickhouse,project/src/parsers/compatibility/clickhouse,diagnostic_surface:connector,EXTERNAL_AUTHORITY,project/src/parsers/compatibility/clickhouse/clickhouse_dialect.cpp#kDiagnosticSurfaces:connector,kDiagnosticSurfaces,parser_support_udr;surface=CLICKHOUSE.EMULATION.CONNECTOR_ROUTE,parser_support_udr;surface=CLICKHOUSE.EMULATION.CONNECTOR_ROUTE,external_files_connectors_tools_or_provider_authority_require_trusted_engine_operator_boundary_fail_closed,CLICKHOUSE.EMULATION.CONNECTOR_ROUTE,CLICKHOUSE.EMULATION.CONNECTOR_ROUTE,fail_closed_external_authority,sblr.external.clickhouse.diagnostic_surface_connector.b173fd8de9,no_local_or_provider_execution_without_trusted_engine_admission,parser_may_emit_SBLRExecutionEnvelope_v3_only;parser_execution_storage_transaction_finality_authority_forbidden,compatibility_sql_not_executed;compatibility_storage_authority_false;compatibility_transaction_finality_authority_forbidden,engine_owned_MGA_transaction_finality_only;parser_compatibility_provider_finality_forbidden,project/src/parsers/compatibility/clickhouse/clickhouse_dialect.cpp#kDiagnosticSurfaces:connector,project/tests/compatibility_sql_parser_first_tranche/parser_refusal_reduction_gate.py,source_anchor_message_vector,p4_refusal_reduction_verified,row_preserves_compatibility_compatible_refusal_or_external_authority_fail_closed_boundary_with_runtime_or_source_anchor_proof
FPR-P4-REFUSAL-00034,FPR-P3-DECLARED-00238,238,clickhouse,project/src/parsers/compatibility/clickhouse,diagnostic_surface:catalog,ARCHITECTURE_REFUSAL,project/src/parsers/compatibility/clickhouse/clickhouse_dialect.cpp#kDiagnosticSurfaces:catalog,kDiagnosticSurfaces,fail_closed;surface=CLICKHOUSE.CATALOG_OVERLAY.READ_ONLY,fail_closed;surface=CLICKHOUSE.CATALOG_OVERLAY.READ_ONLY,compatibility_surface_conflicts_with_parser_or_single_node_engine_authority_exact_fail_closed,CLICKHOUSE.CATALOG_OVERLAY.READ_ONLY,CLICKHOUSE.CATALOG_OVERLAY.READ_ONLY,exact_fail_closed_refusal,sblr.refusal.clickhouse.diagnostic_surface_catalog.8fd901e380,no_provider_or_compatibility_execution_for_exact_refusal,parser_may_emit_SBLRExecutionEnvelope_v3_only;parser_execution_storage_transaction_finality_authority_forbidden,compatibility_sql_not_executed;compatibility_storage_authority_false;compatibility_transaction_finality_authority_forbidden,engine_owned_MGA_transaction_finality_only;parser_compatibility_provider_finality_forbidden,project/src/parsers/compatibility/clickhouse/clickhouse_dialect.cpp#kDiagnosticSurfaces:catalog,project/tests/compatibility_sql_parser_first_tranche/parser_refusal_reduction_gate.py,source_anchor_message_vector,p4_refusal_reduction_verified,row_preserves_compatibility_compatible_refusal_or_external_authority_fail_closed_boundary_with_runtime_or_source_anchor_proof
FPR-P4-REFUSAL-00035,FPR-P3-DECLARED-00240,240,clickhouse,project/src/parsers/compatibility/clickhouse,source_marker:unsupported,ARCHITECTURE_REFUSAL,project/src/parsers/compatibility/clickhouse/clickhouse_dialect.cpp#marker:unsupported,marker,source_marker_requires_review,source_marker_requires_review,compatibility_surface_conflicts_with_parser_or_single_node_engine_authority_exact_fail_closed,CLICKHOUSE.PARSE.UNSUPPORTED_SURFACE,CLICKHOUSE.PARSE.UNSUPPORTED_SURFACE,exact_fail_closed_refusal,sblr.refusal.clickhouse.source_marker_unsupported.ae7fdbba90,no_provider_or_compatibility_execution_for_exact_refusal,parser_may_emit_SBLRExecutionEnvelope_v3_only;parser_execution_storage_transaction_finality_authority_forbidden,compatibility_sql_not_executed;compatibility_storage_authority_false;compatibility_transaction_finality_authority_forbidden,engine_owned_MGA_transaction_finality_only;parser_compatibility_provider_finality_forbidden,project/src/parsers/compatibility/clickhouse/clickhouse_dialect.cpp#marker:unsupported,project/tests/compatibility_sql_parser_first_tranche/parser_refusal_reduction_gate.py,source_anchor_message_vector,p4_refusal_reduction_verified,row_preserves_compatibility_compatible_refusal_or_external_authority_fail_closed_boundary_with_runtime_or_source_anchor_proof
FPR-P4-REFUSAL-00036,FPR-P3-DECLARED-00241,241,cockroachdb,project/src/parsers/compatibility/cockroachdb,cockroachdb.backup.backup,ARCHITECTURE_REFUSAL,project/src/parsers/compatibility/cockroachdb/cockroachdb_dialect.cpp#kPatterns:cockroachdb.backup.backup,kPatterns,kPolicyRefusal;match=BACKUP;mapping=cockroachdb.policy.backup;sblr=none;engine_api=none;diagnostic=COCKROACHDB.AUTHORITY.BACKUP_DENIED,kPolicyRefusal;match=BACKUP;mapping=cockroachdb.policy.backup;sblr=none;engine_api=none;diagnostic=COCKROACHDB.AUTHORITY.BACKUP_DENIED,compatibility_surface_conflicts_with_parser_or_single_node_engine_authority_exact_fail_closed,COCKROACHDB.AUTHORITY.BACKUP_DENIED,COCKROACHDB.AUTHORITY.BACKUP_DENIED,exact_fail_closed_refusal,sblr.refusal.cockroachdb.cockroachdb_backup_backup.73ff403549,no_provider_or_compatibility_execution_for_exact_refusal,parser_may_emit_SBLRExecutionEnvelope_v3_only;parser_execution_storage_transaction_finality_authority_forbidden,compatibility_sql_not_executed;compatibility_storage_authority_false;compatibility_transaction_finality_authority_forbidden,engine_owned_MGA_transaction_finality_only;parser_compatibility_provider_finality_forbidden,BACKUP,project/tests/compatibility_sql_parser_first_tranche/parser_refusal_reduction_gate.py,runtime_parser_refusal,p4_refusal_reduction_verified,row_preserves_compatibility_compatible_refusal_or_external_authority_fail_closed_boundary_with_runtime_or_source_anchor_proof
FPR-P4-REFUSAL-00037,FPR-P3-DECLARED-00242,242,cockroachdb,project/src/parsers/compatibility/cockroachdb,cockroachdb.restore.restore,ARCHITECTURE_REFUSAL,project/src/parsers/compatibility/cockroachdb/cockroachdb_dialect.cpp#kPatterns:cockroachdb.restore.restore,kPatterns,kPolicyRefusal;match=RESTORE;mapping=cockroachdb.policy.restore;sblr=none;engine_api=none;diagnostic=COCKROACHDB.AUTHORITY.RESTORE_DENIED,kPolicyRefusal;match=RESTORE;mapping=cockroachdb.policy.restore;sblr=none;engine_api=none;diagnostic=COCKROACHDB.AUTHORITY.RESTORE_DENIED,compatibility_surface_conflicts_with_parser_or_single_node_engine_authority_exact_fail_closed,COCKROACHDB.AUTHORITY.RESTORE_DENIED,COCKROACHDB.AUTHORITY.RESTORE_DENIED,exact_fail_closed_refusal,sblr.refusal.cockroachdb.cockroachdb_restore_restore.4b58c62c6a,no_provider_or_compatibility_execution_for_exact_refusal,parser_may_emit_SBLRExecutionEnvelope_v3_only;parser_execution_storage_transaction_finality_authority_forbidden,compatibility_sql_not_executed;compatibility_storage_authority_false;compatibility_transaction_finality_authority_forbidden,engine_owned_MGA_transaction_finality_only;parser_compatibility_provider_finality_forbidden,RESTORE,project/tests/compatibility_sql_parser_first_tranche/parser_refusal_reduction_gate.py,runtime_parser_refusal,p4_refusal_reduction_verified,row_preserves_compatibility_compatible_refusal_or_external_authority_fail_closed_boundary_with_runtime_or_source_anchor_proof
FPR-P4-REFUSAL-00038,FPR-P3-DECLARED-00243,243,cockroachdb,project/src/parsers/compatibility/cockroachdb,cockroachdb.bulk_io.import,EXTERNAL_AUTHORITY,project/src/parsers/compatibility/cockroachdb/cockroachdb_dialect.cpp#kPatterns:cockroachdb.bulk_io.import,kPatterns,kPolicyRefusal;match=IMPORT;mapping=cockroachdb.policy.import;sblr=none;engine_api=none;diagnostic=COCKROACHDB.AUTHORITY.FILE_IO_DENIED,kPolicyRefusal;match=IMPORT;mapping=cockroachdb.policy.import;sblr=none;engine_api=none;diagnostic=COCKROACHDB.AUTHORITY.FILE_IO_DENIED,external_files_connectors_tools_or_provider_authority_require_trusted_engine_operator_boundary_fail_closed,COCKROACHDB.AUTHORITY.FILE_IO_DENIED,COCKROACHDB.AUTHORITY.FILE_IO_DENIED,fail_closed_external_authority,sblr.external.cockroachdb.cockroachdb_bulk_io_import.ebc50f85e1,no_local_or_provider_execution_without_trusted_engine_admission,parser_may_emit_SBLRExecutionEnvelope_v3_only;parser_execution_storage_transaction_finality_authority_forbidden,compatibility_sql_not_executed;compatibility_storage_authority_false;compatibility_transaction_finality_authority_forbidden,engine_owned_MGA_transaction_finality_only;parser_compatibility_provider_finality_forbidden,IMPORT,project/tests/compatibility_sql_parser_first_tranche/parser_refusal_reduction_gate.py,runtime_parser_refusal,p4_refusal_reduction_verified,row_preserves_compatibility_compatible_refusal_or_external_authority_fail_closed_boundary_with_runtime_or_source_anchor_proof
FPR-P4-REFUSAL-00039,FPR-P3-DECLARED-00252,252,cockroachdb,project/src/parsers/compatibility/cockroachdb,cockroachdb.bulk_io.copy_program,EXTERNAL_AUTHORITY,project/src/parsers/compatibility/cockroachdb/cockroachdb_dialect.cpp#kPatterns:cockroachdb.bulk_io.copy_program,kPatterns,kPolicyRefusal;match=COPY|| PROGRAM ;mapping=cockroachdb.policy.copy_program;sblr=none;engine_api=none;diagnostic=COCKROACHDB.AUTHORITY.PROGRAM_DENIED,kPolicyRefusal;match=COPY|| PROGRAM ;mapping=cockroachdb.policy.copy_program;sblr=none;engine_api=none;diagnostic=COCKROACHDB.AUTHORITY.PROGRAM_DENIED,external_files_connectors_tools_or_provider_authority_require_trusted_engine_operator_boundary_fail_closed,COCKROACHDB.AUTHORITY.PROGRAM_DENIED,COCKROACHDB.AUTHORITY.PROGRAM_DENIED,fail_closed_external_authority,sblr.external.cockroachdb.cockroachdb_bulk_io_copy_program.50df5f06d4,no_local_or_provider_execution_without_trusted_engine_admission,parser_may_emit_SBLRExecutionEnvelope_v3_only;parser_execution_storage_transaction_finality_authority_forbidden,compatibility_sql_not_executed;compatibility_storage_authority_false;compatibility_transaction_finality_authority_forbidden,engine_owned_MGA_transaction_finality_only;parser_compatibility_provider_finality_forbidden,COPY t PROGRAM x,project/tests/compatibility_sql_parser_first_tranche/parser_refusal_reduction_gate.py,runtime_parser_refusal,p4_refusal_reduction_verified,row_preserves_compatibility_compatible_refusal_or_external_authority_fail_closed_boundary_with_runtime_or_source_anchor_proof
FPR-P4-REFUSAL-00040,FPR-P3-DECLARED-00253,253,cockroachdb,project/src/parsers/compatibility/cockroachdb,cockroachdb.bulk_io.copy_to_file,EXTERNAL_AUTHORITY,project/src/parsers/compatibility/cockroachdb/cockroachdb_dialect.cpp#kPatterns:cockroachdb.bulk_io.copy_to_file,kPatterns,kPolicyRefusal;match=COPY|| TO ';mapping=cockroachdb.policy.copy_to_file;sblr=none;engine_api=none;diagnostic=COCKROACHDB.AUTHORITY.FILE_IO_DENIED,kPolicyRefusal;match=COPY|| TO ';mapping=cockroachdb.policy.copy_to_file;sblr=none;engine_api=none;diagnostic=COCKROACHDB.AUTHORITY.FILE_IO_DENIED,external_files_connectors_tools_or_provider_authority_require_trusted_engine_operator_boundary_fail_closed,COCKROACHDB.AUTHORITY.FILE_IO_DENIED,COCKROACHDB.AUTHORITY.FILE_IO_DENIED,fail_closed_external_authority,sblr.external.cockroachdb.cockroachdb_bulk_io_copy_to_file.b6f1ecdd3a,no_local_or_provider_execution_without_trusted_engine_admission,parser_may_emit_SBLRExecutionEnvelope_v3_only;parser_execution_storage_transaction_finality_authority_forbidden,compatibility_sql_not_executed;compatibility_storage_authority_false;compatibility_transaction_finality_authority_forbidden,engine_owned_MGA_transaction_finality_only;parser_compatibility_provider_finality_forbidden,COPY t TO 'x.csv',project/tests/compatibility_sql_parser_first_tranche/parser_refusal_reduction_gate.py,runtime_parser_refusal,p4_refusal_reduction_verified,row_preserves_compatibility_compatible_refusal_or_external_authority_fail_closed_boundary_with_runtime_or_source_anchor_proof
FPR-P4-REFUSAL-00041,FPR-P3-DECLARED-00254,254,cockroachdb,project/src/parsers/compatibility/cockroachdb,cockroachdb.bulk_io.copy_from_file,EXTERNAL_AUTHORITY,project/src/parsers/compatibility/cockroachdb/cockroachdb_dialect.cpp#kPatterns:cockroachdb.bulk_io.copy_from_file,kPatterns,kPolicyRefusal;match=COPY|| FROM ';mapping=cockroachdb.policy.copy_from_file;sblr=none;engine_api=none;diagnostic=COCKROACHDB.AUTHORITY.FILE_IO_DENIED,kPolicyRefusal;match=COPY|| FROM ';mapping=cockroachdb.policy.copy_from_file;sblr=none;engine_api=none;diagnostic=COCKROACHDB.AUTHORITY.FILE_IO_DENIED,external_files_connectors_tools_or_provider_authority_require_trusted_engine_operator_boundary_fail_closed,COCKROACHDB.AUTHORITY.FILE_IO_DENIED,COCKROACHDB.AUTHORITY.FILE_IO_DENIED,fail_closed_external_authority,sblr.external.cockroachdb.cockroachdb_bulk_io_copy_from_file.05dfdf1d82,no_local_or_provider_execution_without_trusted_engine_admission,parser_may_emit_SBLRExecutionEnvelope_v3_only;parser_execution_storage_transaction_finality_authority_forbidden,compatibility_sql_not_executed;compatibility_storage_authority_false;compatibility_transaction_finality_authority_forbidden,engine_owned_MGA_transaction_finality_only;parser_compatibility_provider_finality_forbidden,COPY t FROM 'x.csv',project/tests/compatibility_sql_parser_first_tranche/parser_refusal_reduction_gate.py,runtime_parser_refusal,p4_refusal_reduction_verified,row_preserves_compatibility_compatible_refusal_or_external_authority_fail_closed_boundary_with_runtime_or_source_anchor_proof
FPR-P4-REFUSAL-00042,FPR-P3-DECLARED-00256,256,cockroachdb,project/src/parsers/compatibility/cockroachdb,cockroachdb.connector.fdw.create,EXTERNAL_AUTHORITY,project/src/parsers/compatibility/cockroachdb/cockroachdb_dialect.cpp#kPatterns:cockroachdb.connector.fdw.create,kPatterns,kParserSupportUdr;match=CREATE FOREIGN DATA WRAPPER;mapping=cockroachdb.udr.connector.fdw.create;sblr=SBLR_COMPAT_COCKROACHDB_CONNECTOR_ROUTE;engine_api=ParserSupportConnectorRoute;diagnostic=COCKROACHDB.EMULATION.CONNECTOR_ROUTE,kParserSupportUdr;match=CREATE FOREIGN DATA WRAPPER;mapping=cockroachdb.udr.connector.fdw.create;sblr=SBLR_COMPAT_COCKROACHDB_CONNECTOR_ROUTE;engine_api=ParserSupportConnectorRoute;diagnostic=COCKROACHDB.EMULATION.CONNECTOR_ROUTE,external_files_connectors_tools_or_provider_authority_require_trusted_engine_operator_boundary_fail_closed,COCKROACHDB.EMULATION.CONNECTOR_ROUTE,COCKROACHDB.EMULATION.CONNECTOR_ROUTE,fail_closed_external_authority,sblr.external.cockroachdb.cockroachdb_connector_fdw_create.a36f17bbcc,no_local_or_provider_execution_without_trusted_engine_admission,parser_may_emit_SBLRExecutionEnvelope_v3_only;parser_execution_storage_transaction_finality_authority_forbidden,compatibility_sql_not_executed;compatibility_storage_authority_false;compatibility_transaction_finality_authority_forbidden,engine_owned_MGA_transaction_finality_only;parser_compatibility_provider_finality_forbidden,CREATE FOREIGN DATA WRAPPER,project/tests/compatibility_sql_parser_first_tranche/parser_refusal_reduction_gate.py,runtime_parser_refusal,p4_refusal_reduction_verified,row_preserves_compatibility_compatible_refusal_or_external_authority_fail_closed_boundary_with_runtime_or_source_anchor_proof
FPR-P4-REFUSAL-00043,FPR-P3-DECLARED-00257,257,cockroachdb,project/src/parsers/compatibility/cockroachdb,cockroachdb.connector.server.create,EXTERNAL_AUTHORITY,project/src/parsers/compatibility/cockroachdb/cockroachdb_dialect.cpp#kPatterns:cockroachdb.connector.server.create,kPatterns,kParserSupportUdr;match=CREATE SERVER;mapping=cockroachdb.udr.connector.server.create;sblr=SBLR_COMPAT_COCKROACHDB_CONNECTOR_ROUTE;engine_api=ParserSupportConnectorRoute;diagnostic=COCKROACHDB.EMULATION.CONNECTOR_ROUTE,kParserSupportUdr;match=CREATE SERVER;mapping=cockroachdb.udr.connector.server.create;sblr=SBLR_COMPAT_COCKROACHDB_CONNECTOR_ROUTE;engine_api=ParserSupportConnectorRoute;diagnostic=COCKROACHDB.EMULATION.CONNECTOR_ROUTE,external_files_connectors_tools_or_provider_authority_require_trusted_engine_operator_boundary_fail_closed,COCKROACHDB.EMULATION.CONNECTOR_ROUTE,COCKROACHDB.EMULATION.CONNECTOR_ROUTE,fail_closed_external_authority,sblr.external.cockroachdb.cockroachdb_connector_server_create.e2a1ebb00c,no_local_or_provider_execution_without_trusted_engine_admission,parser_may_emit_SBLRExecutionEnvelope_v3_only;parser_execution_storage_transaction_finality_authority_forbidden,compatibility_sql_not_executed;compatibility_storage_authority_false;compatibility_transaction_finality_authority_forbidden,engine_owned_MGA_transaction_finality_only;parser_compatibility_provider_finality_forbidden,CREATE SERVER,project/tests/compatibility_sql_parser_first_tranche/parser_refusal_reduction_gate.py,runtime_parser_refusal,p4_refusal_reduction_verified,row_preserves_compatibility_compatible_refusal_or_external_authority_fail_closed_boundary_with_runtime_or_source_anchor_proof
FPR-P4-REFUSAL-00044,FPR-P3-DECLARED-00258,258,cockroachdb,project/src/parsers/compatibility/cockroachdb,cockroachdb.connector.user_mapping.create,EXTERNAL_AUTHORITY,project/src/parsers/compatibility/cockroachdb/cockroachdb_dialect.cpp#kPatterns:cockroachdb.connector.user_mapping.create,kPatterns,kParserSupportUdr;match=CREATE USER MAPPING;mapping=cockroachdb.udr.connector.user_mapping.create;sblr=SBLR_COMPAT_COCKROACHDB_CONNECTOR_ROUTE;engine_api=ParserSupportConnectorRoute;diagnostic=COCKROACHDB.EMULATION.CONNECTOR_ROUTE,kParserSupportUdr;match=CREATE USER MAPPING;mapping=cockroachdb.udr.connector.user_mapping.create;sblr=SBLR_COMPAT_COCKROACHDB_CONNECTOR_ROUTE;engine_api=ParserSupportConnectorRoute;diagnostic=COCKROACHDB.EMULATION.CONNECTOR_ROUTE,external_files_connectors_tools_or_provider_authority_require_trusted_engine_operator_boundary_fail_closed,COCKROACHDB.EMULATION.CONNECTOR_ROUTE,COCKROACHDB.EMULATION.CONNECTOR_ROUTE,fail_closed_external_authority,sblr.external.cockroachdb.cockroachdb_connector_user_mapping_create.6db27ab98a,no_local_or_provider_execution_without_trusted_engine_admission,parser_may_emit_SBLRExecutionEnvelope_v3_only;parser_execution_storage_transaction_finality_authority_forbidden,compatibility_sql_not_executed;compatibility_storage_authority_false;compatibility_transaction_finality_authority_forbidden,engine_owned_MGA_transaction_finality_only;parser_compatibility_provider_finality_forbidden,CREATE USER MAPPING,project/tests/compatibility_sql_parser_first_tranche/parser_refusal_reduction_gate.py,runtime_parser_refusal,p4_refusal_reduction_verified,row_preserves_compatibility_compatible_refusal_or_external_authority_fail_closed_boundary_with_runtime_or_source_anchor_proof
FPR-P4-REFUSAL-00045,FPR-P3-DECLARED-00259,259,cockroachdb,project/src/parsers/compatibility/cockroachdb,cockroachdb.connector.foreign_table.create,EXTERNAL_AUTHORITY,project/src/parsers/compatibility/cockroachdb/cockroachdb_dialect.cpp#kPatterns:cockroachdb.connector.foreign_table.create,kPatterns,kParserSupportUdr;match=CREATE FOREIGN TABLE;mapping=cockroachdb.udr.connector.foreign_table.create;sblr=SBLR_COMPAT_COCKROACHDB_CONNECTOR_ROUTE;engine_api=ParserSupportConnectorRoute;diagnostic=COCKROACHDB.EMULATION.CONNECTOR_ROUTE,kParserSupportUdr;match=CREATE FOREIGN TABLE;mapping=cockroachdb.udr.connector.foreign_table.create;sblr=SBLR_COMPAT_COCKROACHDB_CONNECTOR_ROUTE;engine_api=ParserSupportConnectorRoute;diagnostic=COCKROACHDB.EMULATION.CONNECTOR_ROUTE,external_files_connectors_tools_or_provider_authority_require_trusted_engine_operator_boundary_fail_closed,COCKROACHDB.EMULATION.CONNECTOR_ROUTE,COCKROACHDB.EMULATION.CONNECTOR_ROUTE,fail_closed_external_authority,sblr.external.cockroachdb.cockroachdb_connector_foreign_table_create.76157d9bf5,no_local_or_provider_execution_without_trusted_engine_admission,parser_may_emit_SBLRExecutionEnvelope_v3_only;parser_execution_storage_transaction_finality_authority_forbidden,compatibility_sql_not_executed;compatibility_storage_authority_false;compatibility_transaction_finality_authority_forbidden,engine_owned_MGA_transaction_finality_only;parser_compatibility_provider_finality_forbidden,CREATE FOREIGN TABLE,project/tests/compatibility_sql_parser_first_tranche/parser_refusal_reduction_gate.py,runtime_parser_refusal,p4_refusal_reduction_verified,row_preserves_compatibility_compatible_refusal_or_external_authority_fail_closed_boundary_with_runtime_or_source_anchor_proof
FPR-P4-REFUSAL-00046,FPR-P3-DECLARED-00271,271,cockroachdb,project/src/parsers/compatibility/cockroachdb,cockroachdb.transaction.prepare_transaction,ARCHITECTURE_REFUSAL,project/src/parsers/compatibility/cockroachdb/cockroachdb_dialect.cpp#kPatterns:cockroachdb.transaction.prepare_transaction,kPatterns,kUnsupportedRefusal;match=PREPARE TRANSACTION;mapping=cockroachdb.policy.transaction.prepare_transaction;sblr=none;engine_api=none;diagnostic=COCKROACHDB.AUTHORITY.PREPARE_TRANSACTION_DENIED,kUnsupportedRefusal;match=PREPARE TRANSACTION;mapping=cockroachdb.policy.transaction.prepare_transaction;sblr=none;engine_api=none;diagnostic=COCKROACHDB.AUTHORITY.PREPARE_TRANSACTION_DENIED,compatibility_surface_conflicts_with_parser_or_single_node_engine_authority_exact_fail_closed,COCKROACHDB.AUTHORITY.PREPARE_TRANSACTION_DENIED,COCKROACHDB.AUTHORITY.PREPARE_TRANSACTION_DENIED,exact_fail_closed_refusal,sblr.refusal.cockroachdb.cockroachdb_transaction_prepare_transaction.cc2b8684a5,no_provider_or_compatibility_execution_for_exact_refusal,parser_may_emit_SBLRExecutionEnvelope_v3_only;parser_execution_storage_transaction_finality_authority_forbidden,compatibility_sql_not_executed;compatibility_storage_authority_false;compatibility_transaction_finality_authority_forbidden,engine_owned_MGA_transaction_finality_only;parser_compatibility_provider_finality_forbidden,PREPARE TRANSACTION,project/tests/compatibility_sql_parser_first_tranche/parser_refusal_reduction_gate.py,runtime_parser_refusal,p4_refusal_reduction_verified,row_preserves_compatibility_compatible_refusal_or_external_authority_fail_closed_boundary_with_runtime_or_source_anchor_proof
FPR-P4-REFUSAL-00047,FPR-P3-DECLARED-00324,324,cockroachdb,project/src/parsers/compatibility/cockroachdb,diagnostic_surface:file,ARCHITECTURE_REFUSAL,project/src/parsers/compatibility/cockroachdb/cockroachdb_dialect.cpp#kDiagnosticSurfaces:file,kDiagnosticSurfaces,fail_closed;surface=COCKROACHDB.AUTHORITY.FILE_IO_DENIED,fail_closed;surface=COCKROACHDB.AUTHORITY.FILE_IO_DENIED,compatibility_surface_conflicts_with_parser_or_single_node_engine_authority_exact_fail_closed,COCKROACHDB.AUTHORITY.FILE_IO_DENIED,COCKROACHDB.AUTHORITY.FILE_IO_DENIED,exact_fail_closed_refusal,sblr.refusal.cockroachdb.diagnostic_surface_file.d453852d48,no_provider_or_compatibility_execution_for_exact_refusal,parser_may_emit_SBLRExecutionEnvelope_v3_only;parser_execution_storage_transaction_finality_authority_forbidden,compatibility_sql_not_executed;compatibility_storage_authority_false;compatibility_transaction_finality_authority_forbidden,engine_owned_MGA_transaction_finality_only;parser_compatibility_provider_finality_forbidden,project/src/parsers/compatibility/cockroachdb/cockroachdb_dialect.cpp#kDiagnosticSurfaces:file,project/tests/compatibility_sql_parser_first_tranche/parser_refusal_reduction_gate.py,source_anchor_message_vector,p4_refusal_reduction_verified,row_preserves_compatibility_compatible_refusal_or_external_authority_fail_closed_boundary_with_runtime_or_source_anchor_proof
FPR-P4-REFUSAL-00048,FPR-P3-DECLARED-00325,325,cockroachdb,project/src/parsers/compatibility/cockroachdb,diagnostic_surface:program,ARCHITECTURE_REFUSAL,project/src/parsers/compatibility/cockroachdb/cockroachdb_dialect.cpp#kDiagnosticSurfaces:program,kDiagnosticSurfaces,fail_closed;surface=COCKROACHDB.AUTHORITY.PROGRAM_DENIED,fail_closed;surface=COCKROACHDB.AUTHORITY.PROGRAM_DENIED,compatibility_surface_conflicts_with_parser_or_single_node_engine_authority_exact_fail_closed,COCKROACHDB.AUTHORITY.PROGRAM_DENIED,COCKROACHDB.AUTHORITY.PROGRAM_DENIED,exact_fail_closed_refusal,sblr.refusal.cockroachdb.diagnostic_surface_program.2c710dd7d7,no_provider_or_compatibility_execution_for_exact_refusal,parser_may_emit_SBLRExecutionEnvelope_v3_only;parser_execution_storage_transaction_finality_authority_forbidden,compatibility_sql_not_executed;compatibility_storage_authority_false;compatibility_transaction_finality_authority_forbidden,engine_owned_MGA_transaction_finality_only;parser_compatibility_provider_finality_forbidden,project/src/parsers/compatibility/cockroachdb/cockroachdb_dialect.cpp#kDiagnosticSurfaces:program,project/tests/compatibility_sql_parser_first_tranche/parser_refusal_reduction_gate.py,source_anchor_message_vector,p4_refusal_reduction_verified,row_preserves_compatibility_compatible_refusal_or_external_authority_fail_closed_boundary_with_runtime_or_source_anchor_proof
FPR-P4-REFUSAL-00049,FPR-P3-DECLARED-00326,326,cockroachdb,project/src/parsers/compatibility/cockroachdb,diagnostic_surface:backup,ARCHITECTURE_REFUSAL,project/src/parsers/compatibility/cockroachdb/cockroachdb_dialect.cpp#kDiagnosticSurfaces:backup,kDiagnosticSurfaces,fail_closed;surface=COCKROACHDB.AUTHORITY.BACKUP_DENIED,fail_closed;surface=COCKROACHDB.AUTHORITY.BACKUP_DENIED,compatibility_surface_conflicts_with_parser_or_single_node_engine_authority_exact_fail_closed,COCKROACHDB.AUTHORITY.BACKUP_DENIED,COCKROACHDB.AUTHORITY.BACKUP_DENIED,exact_fail_closed_refusal,sblr.refusal.cockroachdb.diagnostic_surface_backup.fd6baa4c42,no_provider_or_compatibility_execution_for_exact_refusal,parser_may_emit_SBLRExecutionEnvelope_v3_only;parser_execution_storage_transaction_finality_authority_forbidden,compatibility_sql_not_executed;compatibility_storage_authority_false;compatibility_transaction_finality_authority_forbidden,engine_owned_MGA_transaction_finality_only;parser_compatibility_provider_finality_forbidden,project/src/parsers/compatibility/cockroachdb/cockroachdb_dialect.cpp#kDiagnosticSurfaces:backup,project/tests/compatibility_sql_parser_first_tranche/parser_refusal_reduction_gate.py,source_anchor_message_vector,p4_refusal_reduction_verified,row_preserves_compatibility_compatible_refusal_or_external_authority_fail_closed_boundary_with_runtime_or_source_anchor_proof
FPR-P4-REFUSAL-00050,FPR-P3-DECLARED-00327,327,cockroachdb,project/src/parsers/compatibility/cockroachdb,diagnostic_surface:restore,ARCHITECTURE_REFUSAL,project/src/parsers/compatibility/cockroachdb/cockroachdb_dialect.cpp#kDiagnosticSurfaces:restore,kDiagnosticSurfaces,fail_closed;surface=COCKROACHDB.AUTHORITY.RESTORE_DENIED,fail_closed;surface=COCKROACHDB.AUTHORITY.RESTORE_DENIED,compatibility_surface_conflicts_with_parser_or_single_node_engine_authority_exact_fail_closed,COCKROACHDB.AUTHORITY.RESTORE_DENIED,COCKROACHDB.AUTHORITY.RESTORE_DENIED,exact_fail_closed_refusal,sblr.refusal.cockroachdb.diagnostic_surface_restore.7ad53cbbc9,no_provider_or_compatibility_execution_for_exact_refusal,parser_may_emit_SBLRExecutionEnvelope_v3_only;parser_execution_storage_transaction_finality_authority_forbidden,compatibility_sql_not_executed;compatibility_storage_authority_false;compatibility_transaction_finality_authority_forbidden,engine_owned_MGA_transaction_finality_only;parser_compatibility_provider_finality_forbidden,project/src/parsers/compatibility/cockroachdb/cockroachdb_dialect.cpp#kDiagnosticSurfaces:restore,project/tests/compatibility_sql_parser_first_tranche/parser_refusal_reduction_gate.py,source_anchor_message_vector,p4_refusal_reduction_verified,row_preserves_compatibility_compatible_refusal_or_external_authority_fail_closed_boundary_with_runtime_or_source_anchor_proof
FPR-P4-REFUSAL-00051,FPR-P3-DECLARED-00331,331,cockroachdb,project/src/parsers/compatibility/cockroachdb,diagnostic_surface:connector,EXTERNAL_AUTHORITY,project/src/parsers/compatibility/cockroachdb/cockroachdb_dialect.cpp#kDiagnosticSurfaces:connector,kDiagnosticSurfaces,parser_support_udr;surface=COCKROACHDB.EMULATION.CONNECTOR_ROUTE,parser_support_udr;surface=COCKROACHDB.EMULATION.CONNECTOR_ROUTE,external_files_connectors_tools_or_provider_authority_require_trusted_engine_operator_boundary_fail_closed,COCKROACHDB.EMULATION.CONNECTOR_ROUTE,COCKROACHDB.EMULATION.CONNECTOR_ROUTE,fail_closed_external_authority,sblr.external.cockroachdb.diagnostic_surface_connector.30952f047e,no_local_or_provider_execution_without_trusted_engine_admission,parser_may_emit_SBLRExecutionEnvelope_v3_only;parser_execution_storage_transaction_finality_authority_forbidden,compatibility_sql_not_executed;compatibility_storage_authority_false;compatibility_transaction_finality_authority_forbidden,engine_owned_MGA_transaction_finality_only;parser_compatibility_provider_finality_forbidden,project/src/parsers/compatibility/cockroachdb/cockroachdb_dialect.cpp#kDiagnosticSurfaces:connector,project/tests/compatibility_sql_parser_first_tranche/parser_refusal_reduction_gate.py,source_anchor_message_vector,p4_refusal_reduction_verified,row_preserves_compatibility_compatible_refusal_or_external_authority_fail_closed_boundary_with_runtime_or_source_anchor_proof
FPR-P4-REFUSAL-00052,FPR-P3-DECLARED-00333,333,cockroachdb,project/src/parsers/compatibility/cockroachdb,diagnostic_surface:transaction,ARCHITECTURE_REFUSAL,project/src/parsers/compatibility/cockroachdb/cockroachdb_dialect.cpp#kDiagnosticSurfaces:transaction,kDiagnosticSurfaces,fail_closed;surface=COCKROACHDB.AUTHORITY.PREPARE_TRANSACTION_DENIED,fail_closed;surface=COCKROACHDB.AUTHORITY.PREPARE_TRANSACTION_DENIED,compatibility_surface_conflicts_with_parser_or_single_node_engine_authority_exact_fail_closed,COCKROACHDB.AUTHORITY.PREPARE_TRANSACTION_DENIED,COCKROACHDB.AUTHORITY.PREPARE_TRANSACTION_DENIED,exact_fail_closed_refusal,sblr.refusal.cockroachdb.diagnostic_surface_transaction.a079013149,no_provider_or_compatibility_execution_for_exact_refusal,parser_may_emit_SBLRExecutionEnvelope_v3_only;parser_execution_storage_transaction_finality_authority_forbidden,compatibility_sql_not_executed;compatibility_storage_authority_false;compatibility_transaction_finality_authority_forbidden,engine_owned_MGA_transaction_finality_only;parser_compatibility_provider_finality_forbidden,project/src/parsers/compatibility/cockroachdb/cockroachdb_dialect.cpp#kDiagnosticSurfaces:transaction,project/tests/compatibility_sql_parser_first_tranche/parser_refusal_reduction_gate.py,source_anchor_message_vector,p4_refusal_reduction_verified,row_preserves_compatibility_compatible_refusal_or_external_authority_fail_closed_boundary_with_runtime_or_source_anchor_proof
FPR-P4-REFUSAL-00053,FPR-P3-DECLARED-00335,335,cockroachdb,project/src/parsers/compatibility/cockroachdb,source_marker:unsupported,ARCHITECTURE_REFUSAL,project/src/parsers/compatibility/cockroachdb/cockroachdb_dialect.cpp#marker:unsupported,marker,source_marker_requires_review,source_marker_requires_review,compatibility_surface_conflicts_with_parser_or_single_node_engine_authority_exact_fail_closed,COCKROACHDB.PARSE.UNSUPPORTED_SURFACE,COCKROACHDB.PARSE.UNSUPPORTED_SURFACE,exact_fail_closed_refusal,sblr.refusal.cockroachdb.source_marker_unsupported.7c2867ca09,no_provider_or_compatibility_execution_for_exact_refusal,parser_may_emit_SBLRExecutionEnvelope_v3_only;parser_execution_storage_transaction_finality_authority_forbidden,compatibility_sql_not_executed;compatibility_storage_authority_false;compatibility_transaction_finality_authority_forbidden,engine_owned_MGA_transaction_finality_only;parser_compatibility_provider_finality_forbidden,project/src/parsers/compatibility/cockroachdb/cockroachdb_dialect.cpp#marker:unsupported,project/tests/compatibility_sql_parser_first_tranche/parser_refusal_reduction_gate.py,source_anchor_message_vector,p4_refusal_reduction_verified,row_preserves_compatibility_compatible_refusal_or_external_authority_fail_closed_boundary_with_runtime_or_source_anchor_proof
FPR-P4-REFUSAL-00054,FPR-P3-DECLARED-00336,336,dolt,project/src/parsers/compatibility/dolt,dolt.remote.push,ARCHITECTURE_REFUSAL,project/src/parsers/compatibility/dolt/dolt_dialect.cpp#kPatterns:dolt.remote.push,kPatterns,kPolicyRefusal;match=PUSH;mapping=dolt.policy.remote.push;sblr=none;engine_api=none;diagnostic=DOLT.AUTHORITY.REMOTE_DENIED,kParserSupportUdr;match=PUSH;mapping=dolt.udr.remote.push;sblr=SBLR_COMPAT_DOLT_REMOTE_ROUTE;engine_api=ParserSupportRemoteRoute;diagnostic=DOLT.EMULATION.REMOTE_ROUTE,compatibility_surface_conflicts_with_parser_or_single_node_engine_authority_exact_fail_closed,DOLT.EMULATION.REMOTE_ROUTE,DOLT.EMULATION.REMOTE_ROUTE,exact_fail_closed_refusal,sblr.refusal.dolt.dolt_remote_push.76b85613e7,no_provider_or_compatibility_execution_for_exact_refusal,parser_may_emit_SBLRExecutionEnvelope_v3_only;parser_execution_storage_transaction_finality_authority_forbidden,compatibility_sql_not_executed;compatibility_storage_authority_false;compatibility_transaction_finality_authority_forbidden,engine_owned_MGA_transaction_finality_only;parser_compatibility_provider_finality_forbidden,PUSH,project/tests/compatibility_sql_parser_first_tranche/parser_refusal_reduction_gate.py,runtime_parser_refusal,p4_refusal_reduction_verified,row_preserves_compatibility_compatible_refusal_or_external_authority_fail_closed_boundary_with_runtime_or_source_anchor_proof
FPR-P4-REFUSAL-00055,FPR-P3-DECLARED-00337,337,dolt,project/src/parsers/compatibility/dolt,dolt.remote.pull,ARCHITECTURE_REFUSAL,project/src/parsers/compatibility/dolt/dolt_dialect.cpp#kPatterns:dolt.remote.pull,kPatterns,kPolicyRefusal;match=PULL;mapping=dolt.policy.remote.pull;sblr=none;engine_api=none;diagnostic=DOLT.AUTHORITY.REMOTE_DENIED,kParserSupportUdr;match=PULL;mapping=dolt.udr.remote.pull;sblr=SBLR_COMPAT_DOLT_REMOTE_ROUTE;engine_api=ParserSupportRemoteRoute;diagnostic=DOLT.EMULATION.REMOTE_ROUTE,compatibility_surface_conflicts_with_parser_or_single_node_engine_authority_exact_fail_closed,DOLT.EMULATION.REMOTE_ROUTE,DOLT.EMULATION.REMOTE_ROUTE,exact_fail_closed_refusal,sblr.refusal.dolt.dolt_remote_pull.a39c537462,no_provider_or_compatibility_execution_for_exact_refusal,parser_may_emit_SBLRExecutionEnvelope_v3_only;parser_execution_storage_transaction_finality_authority_forbidden,compatibility_sql_not_executed;compatibility_storage_authority_false;compatibility_transaction_finality_authority_forbidden,engine_owned_MGA_transaction_finality_only;parser_compatibility_provider_finality_forbidden,PULL,project/tests/compatibility_sql_parser_first_tranche/parser_refusal_reduction_gate.py,runtime_parser_refusal,p4_refusal_reduction_verified,row_preserves_compatibility_compatible_refusal_or_external_authority_fail_closed_boundary_with_runtime_or_source_anchor_proof
FPR-P4-REFUSAL-00056,FPR-P3-DECLARED-00338,338,dolt,project/src/parsers/compatibility/dolt,dolt.remote.fetch,ARCHITECTURE_REFUSAL,project/src/parsers/compatibility/dolt/dolt_dialect.cpp#kPatterns:dolt.remote.fetch,kPatterns,kPolicyRefusal;match=FETCH;mapping=dolt.policy.remote.fetch;sblr=none;engine_api=none;diagnostic=DOLT.AUTHORITY.REMOTE_DENIED,kParserSupportUdr;match=FETCH;mapping=dolt.udr.remote.fetch;sblr=SBLR_COMPAT_DOLT_REMOTE_ROUTE;engine_api=ParserSupportRemoteRoute;diagnostic=DOLT.EMULATION.REMOTE_ROUTE,compatibility_surface_conflicts_with_parser_or_single_node_engine_authority_exact_fail_closed,DOLT.EMULATION.REMOTE_ROUTE,DOLT.EMULATION.REMOTE_ROUTE,exact_fail_closed_refusal,sblr.refusal.dolt.dolt_remote_fetch.1715e9cc09,no_provider_or_compatibility_execution_for_exact_refusal,parser_may_emit_SBLRExecutionEnvelope_v3_only;parser_execution_storage_transaction_finality_authority_forbidden,compatibility_sql_not_executed;compatibility_storage_authority_false;compatibility_transaction_finality_authority_forbidden,engine_owned_MGA_transaction_finality_only;parser_compatibility_provider_finality_forbidden,FETCH,project/tests/compatibility_sql_parser_first_tranche/parser_refusal_reduction_gate.py,runtime_parser_refusal,p4_refusal_reduction_verified,row_preserves_compatibility_compatible_refusal_or_external_authority_fail_closed_boundary_with_runtime_or_source_anchor_proof
FPR-P4-REFUSAL-00057,FPR-P3-DECLARED-00339,339,dolt,project/src/parsers/compatibility/dolt,dolt.remote.clone,ARCHITECTURE_REFUSAL,project/src/parsers/compatibility/dolt/dolt_dialect.cpp#kPatterns:dolt.remote.clone,kPatterns,kPolicyRefusal;match=CLONE;mapping=dolt.policy.remote.clone;sblr=none;engine_api=none;diagnostic=DOLT.AUTHORITY.REMOTE_DENIED,kParserSupportUdr;match=CLONE;mapping=dolt.udr.remote.clone;sblr=SBLR_COMPAT_DOLT_REMOTE_ROUTE;engine_api=ParserSupportRemoteRoute;diagnostic=DOLT.EMULATION.REMOTE_ROUTE,compatibility_surface_conflicts_with_parser_or_single_node_engine_authority_exact_fail_closed,DOLT.EMULATION.REMOTE_ROUTE,DOLT.EMULATION.REMOTE_ROUTE,exact_fail_closed_refusal,sblr.refusal.dolt.dolt_remote_clone.a97ba6bb00,no_provider_or_compatibility_execution_for_exact_refusal,parser_may_emit_SBLRExecutionEnvelope_v3_only;parser_execution_storage_transaction_finality_authority_forbidden,compatibility_sql_not_executed;compatibility_storage_authority_false;compatibility_transaction_finality_authority_forbidden,engine_owned_MGA_transaction_finality_only;parser_compatibility_provider_finality_forbidden,CLONE,project/tests/compatibility_sql_parser_first_tranche/parser_refusal_reduction_gate.py,runtime_parser_refusal,p4_refusal_reduction_verified,row_preserves_compatibility_compatible_refusal_or_external_authority_fail_closed_boundary_with_runtime_or_source_anchor_proof
FPR-P4-REFUSAL-00058,FPR-P3-DECLARED-00340,340,dolt,project/src/parsers/compatibility/dolt,dolt.remote.fetch_sql,ARCHITECTURE_REFUSAL,project/src/parsers/compatibility/dolt/dolt_dialect.cpp#kPatterns:dolt.remote.fetch_sql,kPatterns,kPolicyRefusal;match=DOLT_FETCH;mapping=dolt.policy.remote.fetch_sql;sblr=none;engine_api=none;diagnostic=DOLT.AUTHORITY.REMOTE_DENIED,kParserSupportUdr;match=DOLT_FETCH;mapping=dolt.udr.remote.fetch_sql;sblr=SBLR_COMPAT_DOLT_REMOTE_ROUTE;engine_api=ParserSupportRemoteRoute;diagnostic=DOLT.EMULATION.REMOTE_ROUTE,compatibility_surface_conflicts_with_parser_or_single_node_engine_authority_exact_fail_closed,DOLT.EMULATION.REMOTE_ROUTE,DOLT.EMULATION.REMOTE_ROUTE,exact_fail_closed_refusal,sblr.refusal.dolt.dolt_remote_fetch_sql.a8c671afdd,no_provider_or_compatibility_execution_for_exact_refusal,parser_may_emit_SBLRExecutionEnvelope_v3_only;parser_execution_storage_transaction_finality_authority_forbidden,compatibility_sql_not_executed;compatibility_storage_authority_false;compatibility_transaction_finality_authority_forbidden,engine_owned_MGA_transaction_finality_only;parser_compatibility_provider_finality_forbidden,SELECT DOLT_FETCH(),project/tests/compatibility_sql_parser_first_tranche/parser_refusal_reduction_gate.py,runtime_parser_refusal,p4_refusal_reduction_verified,row_preserves_compatibility_compatible_refusal_or_external_authority_fail_closed_boundary_with_runtime_or_source_anchor_proof
FPR-P4-REFUSAL-00059,FPR-P3-DECLARED-00341,341,dolt,project/src/parsers/compatibility/dolt,dolt.remote.push_sql,ARCHITECTURE_REFUSAL,project/src/parsers/compatibility/dolt/dolt_dialect.cpp#kPatterns:dolt.remote.push_sql,kPatterns,kPolicyRefusal;match=DOLT_PUSH;mapping=dolt.policy.remote.push_sql;sblr=none;engine_api=none;diagnostic=DOLT.AUTHORITY.REMOTE_DENIED,kParserSupportUdr;match=DOLT_PUSH;mapping=dolt.udr.remote.push_sql;sblr=SBLR_COMPAT_DOLT_REMOTE_ROUTE;engine_api=ParserSupportRemoteRoute;diagnostic=DOLT.EMULATION.REMOTE_ROUTE,compatibility_surface_conflicts_with_parser_or_single_node_engine_authority_exact_fail_closed,DOLT.EMULATION.REMOTE_ROUTE,DOLT.EMULATION.REMOTE_ROUTE,exact_fail_closed_refusal,sblr.refusal.dolt.dolt_remote_push_sql.802e8c5b50,no_provider_or_compatibility_execution_for_exact_refusal,parser_may_emit_SBLRExecutionEnvelope_v3_only;parser_execution_storage_transaction_finality_authority_forbidden,compatibility_sql_not_executed;compatibility_storage_authority_false;compatibility_transaction_finality_authority_forbidden,engine_owned_MGA_transaction_finality_only;parser_compatibility_provider_finality_forbidden,SELECT DOLT_PUSH(),project/tests/compatibility_sql_parser_first_tranche/parser_refusal_reduction_gate.py,runtime_parser_refusal,p4_refusal_reduction_verified,row_preserves_compatibility_compatible_refusal_or_external_authority_fail_closed_boundary_with_runtime_or_source_anchor_proof
FPR-P4-REFUSAL-00060,FPR-P3-DECLARED-00342,342,dolt,project/src/parsers/compatibility/dolt,dolt.remote.pull_sql,ARCHITECTURE_REFUSAL,project/src/parsers/compatibility/dolt/dolt_dialect.cpp#kPatterns:dolt.remote.pull_sql,kPatterns,kPolicyRefusal;match=DOLT_PULL;mapping=dolt.policy.remote.pull_sql;sblr=none;engine_api=none;diagnostic=DOLT.AUTHORITY.REMOTE_DENIED,kParserSupportUdr;match=DOLT_PULL;mapping=dolt.udr.remote.pull_sql;sblr=SBLR_COMPAT_DOLT_REMOTE_ROUTE;engine_api=ParserSupportRemoteRoute;diagnostic=DOLT.EMULATION.REMOTE_ROUTE,compatibility_surface_conflicts_with_parser_or_single_node_engine_authority_exact_fail_closed,DOLT.EMULATION.REMOTE_ROUTE,DOLT.EMULATION.REMOTE_ROUTE,exact_fail_closed_refusal,sblr.refusal.dolt.dolt_remote_pull_sql.c89c173027,no_provider_or_compatibility_execution_for_exact_refusal,parser_may_emit_SBLRExecutionEnvelope_v3_only;parser_execution_storage_transaction_finality_authority_forbidden,compatibility_sql_not_executed;compatibility_storage_authority_false;compatibility_transaction_finality_authority_forbidden,engine_owned_MGA_transaction_finality_only;parser_compatibility_provider_finality_forbidden,SELECT DOLT_PULL(),project/tests/compatibility_sql_parser_first_tranche/parser_refusal_reduction_gate.py,runtime_parser_refusal,p4_refusal_reduction_verified,row_preserves_compatibility_compatible_refusal_or_external_authority_fail_closed_boundary_with_runtime_or_source_anchor_proof
FPR-P4-REFUSAL-00061,FPR-P3-DECLARED-00388,388,dolt,project/src/parsers/compatibility/dolt,builtin_function_surface:remote,ARCHITECTURE_REFUSAL,project/src/parsers/compatibility/dolt/dolt_dialect.cpp#kBuiltinSurfaces:remote,kBuiltinSurfaces,fail_closed;surface=DOLT_FETCH;DOLT_PUSH;DOLT_PULL,fail_closed;surface=DOLT_FETCH;DOLT_PUSH;DOLT_PULL,compatibility_surface_conflicts_with_parser_or_single_node_engine_authority_exact_fail_closed,DOLT_FETCH;DOLT_PUSH;DOLT_PULL,DOLT_FETCH,exact_fail_closed_refusal,sblr.refusal.dolt.builtin_function_surface_remote.26efeacba1,no_provider_or_compatibility_execution_for_exact_refusal,parser_may_emit_SBLRExecutionEnvelope_v3_only;parser_execution_storage_transaction_finality_authority_forbidden,compatibility_sql_not_executed;compatibility_storage_authority_false;compatibility_transaction_finality_authority_forbidden,engine_owned_MGA_transaction_finality_only;parser_compatibility_provider_finality_forbidden,project/src/parsers/compatibility/dolt/dolt_dialect.cpp#kBuiltinSurfaces:remote,project/tests/compatibility_sql_parser_first_tranche/parser_refusal_reduction_gate.py,source_anchor_message_vector,p4_refusal_reduction_verified,row_preserves_compatibility_compatible_refusal_or_external_authority_fail_closed_boundary_with_runtime_or_source_anchor_proof
FPR-P4-REFUSAL-00062,FPR-P3-DECLARED-00402,402,dolt,project/src/parsers/compatibility/dolt,diagnostic_surface:policy,ARCHITECTURE_REFUSAL,project/src/parsers/compatibility/dolt/dolt_dialect.cpp#kDiagnosticSurfaces:policy,kDiagnosticSurfaces,fail_closed;surface=DOLT.AUTHORITY.*,fail_closed;surface=DOLT.AUTHORITY.*,compatibility_surface_conflicts_with_parser_or_single_node_engine_authority_exact_fail_closed,DOLT.AUTHORITY.*,DOLT.AUTHORITY.*,exact_fail_closed_refusal,sblr.refusal.dolt.diagnostic_surface_policy.dcb8e1edde,no_provider_or_compatibility_execution_for_exact_refusal,parser_may_emit_SBLRExecutionEnvelope_v3_only;parser_execution_storage_transaction_finality_authority_forbidden,compatibility_sql_not_executed;compatibility_storage_authority_false;compatibility_transaction_finality_authority_forbidden,engine_owned_MGA_transaction_finality_only;parser_compatibility_provider_finality_forbidden,project/src/parsers/compatibility/dolt/dolt_dialect.cpp#kDiagnosticSurfaces:policy,project/tests/compatibility_sql_parser_first_tranche/parser_refusal_reduction_gate.py,source_anchor_message_vector,p4_refusal_reduction_verified,row_preserves_compatibility_compatible_refusal_or_external_authority_fail_closed_boundary_with_runtime_or_source_anchor_proof
FPR-P4-REFUSAL-00063,FPR-P3-DECLARED-00411,411,dolt,project/src/parsers/compatibility/dolt,source_marker:unsupported,ARCHITECTURE_REFUSAL,project/src/parsers/compatibility/dolt/dolt_dialect.cpp#marker:unsupported,marker,source_marker_requires_review,source_marker_requires_review,compatibility_surface_conflicts_with_parser_or_single_node_engine_authority_exact_fail_closed,DOLT.PARSE.UNSUPPORTED_SURFACE,DOLT.PARSE.UNSUPPORTED_SURFACE,exact_fail_closed_refusal,sblr.refusal.dolt.source_marker_unsupported.7d841f2da8,no_provider_or_compatibility_execution_for_exact_refusal,parser_may_emit_SBLRExecutionEnvelope_v3_only;parser_execution_storage_transaction_finality_authority_forbidden,compatibility_sql_not_executed;compatibility_storage_authority_false;compatibility_transaction_finality_authority_forbidden,engine_owned_MGA_transaction_finality_only;parser_compatibility_provider_finality_forbidden,project/src/parsers/compatibility/dolt/dolt_dialect.cpp#marker:unsupported,project/tests/compatibility_sql_parser_first_tranche/parser_refusal_reduction_gate.py,source_anchor_message_vector,p4_refusal_reduction_verified,row_preserves_compatibility_compatible_refusal_or_external_authority_fail_closed_boundary_with_runtime_or_source_anchor_proof
FPR-P4-REFUSAL-00064,FPR-P3-DECLARED-00412,412,duckdb,project/src/parsers/compatibility/duckdb,duckdb.bulk_io.file_from,EXTERNAL_AUTHORITY,project/src/parsers/compatibility/duckdb/duckdb_dialect.cpp#kPatterns:duckdb.bulk_io.file_from,kPatterns,kPolicyRefusal;match= FROM ';mapping=duckdb.policy.file.copy_from;sblr=none;engine_api=none;diagnostic=DUCKDB.AUTHORITY.FILE_IO_DENIED,kPolicyRefusal;match= FROM ';mapping=duckdb.policy.file.copy_from;sblr=none;engine_api=none;diagnostic=DUCKDB.AUTHORITY.FILE_IO_DENIED,external_files_connectors_tools_or_provider_authority_require_trusted_engine_operator_boundary_fail_closed,DUCKDB.AUTHORITY.FILE_IO_DENIED,DUCKDB.AUTHORITY.FILE_IO_DENIED,fail_closed_external_authority,sblr.external.duckdb.duckdb_bulk_io_file_from.b049648206,no_local_or_provider_execution_without_trusted_engine_admission,parser_may_emit_SBLRExecutionEnvelope_v3_only;parser_execution_storage_transaction_finality_authority_forbidden,compatibility_sql_not_executed;compatibility_storage_authority_false;compatibility_transaction_finality_authority_forbidden,engine_owned_MGA_transaction_finality_only;parser_compatibility_provider_finality_forbidden,COPY t FROM 'x.csv',project/tests/compatibility_sql_parser_first_tranche/parser_refusal_reduction_gate.py,runtime_parser_refusal,p4_refusal_reduction_verified,row_preserves_compatibility_compatible_refusal_or_external_authority_fail_closed_boundary_with_runtime_or_source_anchor_proof
FPR-P4-REFUSAL-00065,FPR-P3-DECLARED-00413,413,duckdb,project/src/parsers/compatibility/duckdb,duckdb.bulk_io.file_to,EXTERNAL_AUTHORITY,project/src/parsers/compatibility/duckdb/duckdb_dialect.cpp#kPatterns:duckdb.bulk_io.file_to,kPatterns,kPolicyRefusal;match=COPY|| TO ';mapping=duckdb.policy.file.copy_to;sblr=none;engine_api=none;diagnostic=DUCKDB.AUTHORITY.FILE_IO_DENIED,kPolicyRefusal;match=COPY|| TO ';mapping=duckdb.policy.file.copy_to;sblr=none;engine_api=none;diagnostic=DUCKDB.AUTHORITY.FILE_IO_DENIED,external_files_connectors_tools_or_provider_authority_require_trusted_engine_operator_boundary_fail_closed,DUCKDB.AUTHORITY.FILE_IO_DENIED,DUCKDB.AUTHORITY.FILE_IO_DENIED,fail_closed_external_authority,sblr.external.duckdb.duckdb_bulk_io_file_to.6610ac7171,no_local_or_provider_execution_without_trusted_engine_admission,parser_may_emit_SBLRExecutionEnvelope_v3_only;parser_execution_storage_transaction_finality_authority_forbidden,compatibility_sql_not_executed;compatibility_storage_authority_false;compatibility_transaction_finality_authority_forbidden,engine_owned_MGA_transaction_finality_only;parser_compatibility_provider_finality_forbidden,COPY t TO 'x.csv',project/tests/compatibility_sql_parser_first_tranche/parser_refusal_reduction_gate.py,runtime_parser_refusal,p4_refusal_reduction_verified,row_preserves_compatibility_compatible_refusal_or_external_authority_fail_closed_boundary_with_runtime_or_source_anchor_proof
FPR-P4-REFUSAL-00066,FPR-P3-DECLARED-00414,414,duckdb,project/src/parsers/compatibility/duckdb,duckdb.external_scan.read_csv,EXTERNAL_AUTHORITY,project/src/parsers/compatibility/duckdb/duckdb_dialect.cpp#kPatterns:duckdb.external_scan.read_csv,kPatterns,kPolicyRefusal;match=READ_CSV;mapping=duckdb.policy.file.read_csv;sblr=none;engine_api=none;diagnostic=DUCKDB.AUTHORITY.FILE_IO_DENIED,kParserSupportUdr;match=READ_CSV;mapping=duckdb.udr.etl.read_csv;sblr=SBLR_COMPAT_DUCKDB_ETL_ROUTE;engine_api=ParserSupportEtlRoute;diagnostic=DUCKDB.EMULATION.ETL_ROUTE,external_files_connectors_tools_or_provider_authority_require_trusted_engine_operator_boundary_fail_closed,DUCKDB.EMULATION.ETL_ROUTE,DUCKDB.EMULATION.ETL_ROUTE,fail_closed_external_authority,sblr.external.duckdb.duckdb_external_scan_read_csv.2a8f8771e0,no_local_or_provider_execution_without_trusted_engine_admission,parser_may_emit_SBLRExecutionEnvelope_v3_only;parser_execution_storage_transaction_finality_authority_forbidden,compatibility_sql_not_executed;compatibility_storage_authority_false;compatibility_transaction_finality_authority_forbidden,engine_owned_MGA_transaction_finality_only;parser_compatibility_provider_finality_forbidden,SELECT * FROM READ_CSV('x.csv'),project/tests/compatibility_sql_parser_first_tranche/parser_refusal_reduction_gate.py,runtime_parser_refusal,p4_refusal_reduction_verified,row_preserves_compatibility_compatible_refusal_or_external_authority_fail_closed_boundary_with_runtime_or_source_anchor_proof
FPR-P4-REFUSAL-00067,FPR-P3-DECLARED-00415,415,duckdb,project/src/parsers/compatibility/duckdb,duckdb.external_scan.read_parquet,EXTERNAL_AUTHORITY,project/src/parsers/compatibility/duckdb/duckdb_dialect.cpp#kPatterns:duckdb.external_scan.read_parquet,kPatterns,kPolicyRefusal;match=READ_PARQUET;mapping=duckdb.policy.file.read_parquet;sblr=none;engine_api=none;diagnostic=DUCKDB.AUTHORITY.FILE_IO_DENIED,kParserSupportUdr;match=READ_PARQUET;mapping=duckdb.udr.etl.read_parquet;sblr=SBLR_COMPAT_DUCKDB_ETL_ROUTE;engine_api=ParserSupportEtlRoute;diagnostic=DUCKDB.EMULATION.ETL_ROUTE,external_files_connectors_tools_or_provider_authority_require_trusted_engine_operator_boundary_fail_closed,DUCKDB.EMULATION.ETL_ROUTE,DUCKDB.EMULATION.ETL_ROUTE,fail_closed_external_authority,sblr.external.duckdb.duckdb_external_scan_read_parquet.98e13ae716,no_local_or_provider_execution_without_trusted_engine_admission,parser_may_emit_SBLRExecutionEnvelope_v3_only;parser_execution_storage_transaction_finality_authority_forbidden,compatibility_sql_not_executed;compatibility_storage_authority_false;compatibility_transaction_finality_authority_forbidden,engine_owned_MGA_transaction_finality_only;parser_compatibility_provider_finality_forbidden,SELECT * FROM READ_PARQUET('x.parquet'),project/tests/compatibility_sql_parser_first_tranche/parser_refusal_reduction_gate.py,runtime_parser_refusal,p4_refusal_reduction_verified,row_preserves_compatibility_compatible_refusal_or_external_authority_fail_closed_boundary_with_runtime_or_source_anchor_proof
FPR-P4-REFUSAL-00068,FPR-P3-DECLARED-00416,416,duckdb,project/src/parsers/compatibility/duckdb,duckdb.external_scan.read_json,EXTERNAL_AUTHORITY,project/src/parsers/compatibility/duckdb/duckdb_dialect.cpp#kPatterns:duckdb.external_scan.read_json,kPatterns,kPolicyRefusal;match=READ_JSON;mapping=duckdb.policy.file.read_json;sblr=none;engine_api=none;diagnostic=DUCKDB.AUTHORITY.FILE_IO_DENIED,kParserSupportUdr;match=READ_JSON;mapping=duckdb.udr.etl.read_json;sblr=SBLR_COMPAT_DUCKDB_ETL_ROUTE;engine_api=ParserSupportEtlRoute;diagnostic=DUCKDB.EMULATION.ETL_ROUTE,external_files_connectors_tools_or_provider_authority_require_trusted_engine_operator_boundary_fail_closed,DUCKDB.EMULATION.ETL_ROUTE,DUCKDB.EMULATION.ETL_ROUTE,fail_closed_external_authority,sblr.external.duckdb.duckdb_external_scan_read_json.7e111d85d0,no_local_or_provider_execution_without_trusted_engine_admission,parser_may_emit_SBLRExecutionEnvelope_v3_only;parser_execution_storage_transaction_finality_authority_forbidden,compatibility_sql_not_executed;compatibility_storage_authority_false;compatibility_transaction_finality_authority_forbidden,engine_owned_MGA_transaction_finality_only;parser_compatibility_provider_finality_forbidden,SELECT * FROM READ_JSON('x.json'),project/tests/compatibility_sql_parser_first_tranche/parser_refusal_reduction_gate.py,runtime_parser_refusal,p4_refusal_reduction_verified,row_preserves_compatibility_compatible_refusal_or_external_authority_fail_closed_boundary_with_runtime_or_source_anchor_proof
FPR-P4-REFUSAL-00069,FPR-P3-DECLARED-00417,417,duckdb,project/src/parsers/compatibility/duckdb,duckdb.external_scan.http,EXTERNAL_AUTHORITY,project/src/parsers/compatibility/duckdb/duckdb_dialect.cpp#kPatterns:duckdb.external_scan.http,kPatterns,kParserSupportUdr;match=HTTP://||HTTPS://;mapping=duckdb.udr.etl.http;sblr=SBLR_COMPAT_DUCKDB_ETL_ROUTE;engine_api=ParserSupportEtlRoute;diagnostic=DUCKDB.EMULATION.ETL_ROUTE,kParserSupportUdr;match=HTTP://||HTTPS://;mapping=duckdb.udr.etl.http;sblr=SBLR_COMPAT_DUCKDB_ETL_ROUTE;engine_api=ParserSupportEtlRoute;diagnostic=DUCKDB.EMULATION.ETL_ROUTE,external_files_connectors_tools_or_provider_authority_require_trusted_engine_operator_boundary_fail_closed,DUCKDB.EMULATION.ETL_ROUTE,DUCKDB.EMULATION.ETL_ROUTE,fail_closed_external_authority,sblr.external.duckdb.duckdb_external_scan_http.2f1b697b29,no_local_or_provider_execution_without_trusted_engine_admission,parser_may_emit_SBLRExecutionEnvelope_v3_only;parser_execution_storage_transaction_finality_authority_forbidden,compatibility_sql_not_executed;compatibility_storage_authority_false;compatibility_transaction_finality_authority_forbidden,engine_owned_MGA_transaction_finality_only;parser_compatibility_provider_finality_forbidden,SELECT * FROM 'HTTP://example.test/x.csv',project/tests/compatibility_sql_parser_first_tranche/parser_refusal_reduction_gate.py,runtime_parser_refusal,p4_refusal_reduction_verified,row_preserves_compatibility_compatible_refusal_or_external_authority_fail_closed_boundary_with_runtime_or_source_anchor_proof
FPR-P4-REFUSAL-00070,FPR-P3-DECLARED-00418,418,duckdb,project/src/parsers/compatibility/duckdb,duckdb.external_scan.s3,EXTERNAL_AUTHORITY,project/src/parsers/compatibility/duckdb/duckdb_dialect.cpp#kPatterns:duckdb.external_scan.s3,kPatterns,kParserSupportUdr;match=S3://;mapping=duckdb.udr.etl.s3;sblr=SBLR_COMPAT_DUCKDB_ETL_ROUTE;engine_api=ParserSupportEtlRoute;diagnostic=DUCKDB.EMULATION.ETL_ROUTE,kParserSupportUdr;match=S3://;mapping=duckdb.udr.etl.s3;sblr=SBLR_COMPAT_DUCKDB_ETL_ROUTE;engine_api=ParserSupportEtlRoute;diagnostic=DUCKDB.EMULATION.ETL_ROUTE,external_files_connectors_tools_or_provider_authority_require_trusted_engine_operator_boundary_fail_closed,DUCKDB.EMULATION.ETL_ROUTE,DUCKDB.EMULATION.ETL_ROUTE,fail_closed_external_authority,sblr.external.duckdb.duckdb_external_scan_s3.a600512c6d,no_local_or_provider_execution_without_trusted_engine_admission,parser_may_emit_SBLRExecutionEnvelope_v3_only;parser_execution_storage_transaction_finality_authority_forbidden,compatibility_sql_not_executed;compatibility_storage_authority_false;compatibility_transaction_finality_authority_forbidden,engine_owned_MGA_transaction_finality_only;parser_compatibility_provider_finality_forbidden,SELECT * FROM 's3://bucket/x.parquet',project/tests/compatibility_sql_parser_first_tranche/parser_refusal_reduction_gate.py,runtime_parser_refusal,p4_refusal_reduction_verified,row_preserves_compatibility_compatible_refusal_or_external_authority_fail_closed_boundary_with_runtime_or_source_anchor_proof
FPR-P4-REFUSAL-00071,FPR-P3-DECLARED-00420,420,duckdb,project/src/parsers/compatibility/duckdb,duckdb.extension.install,ARCHITECTURE_REFUSAL,project/src/parsers/compatibility/duckdb/duckdb_dialect.cpp#kPatterns:duckdb.extension.install,kPatterns,kPolicyRefusal;match=INSTALL;mapping=duckdb.policy.extension.install;sblr=none;engine_api=none;diagnostic=DUCKDB.AUTHORITY.EXTENSION_DENIED,kPolicyRefusal;match=INSTALL;mapping=duckdb.policy.extension.install;sblr=none;engine_api=none;diagnostic=DUCKDB.AUTHORITY.EXTENSION_DENIED,compatibility_surface_conflicts_with_parser_or_single_node_engine_authority_exact_fail_closed,DUCKDB.AUTHORITY.EXTENSION_DENIED,DUCKDB.AUTHORITY.EXTENSION_DENIED,exact_fail_closed_refusal,sblr.refusal.duckdb.duckdb_extension_install.b72a9c867d,no_provider_or_compatibility_execution_for_exact_refusal,parser_may_emit_SBLRExecutionEnvelope_v3_only;parser_execution_storage_transaction_finality_authority_forbidden,compatibility_sql_not_executed;compatibility_storage_authority_false;compatibility_transaction_finality_authority_forbidden,engine_owned_MGA_transaction_finality_only;parser_compatibility_provider_finality_forbidden,INSTALL,project/tests/compatibility_sql_parser_first_tranche/parser_refusal_reduction_gate.py,runtime_parser_refusal,p4_refusal_reduction_verified,row_preserves_compatibility_compatible_refusal_or_external_authority_fail_closed_boundary_with_runtime_or_source_anchor_proof
FPR-P4-REFUSAL-00072,FPR-P3-DECLARED-00421,421,duckdb,project/src/parsers/compatibility/duckdb,duckdb.extension.load,ARCHITECTURE_REFUSAL,project/src/parsers/compatibility/duckdb/duckdb_dialect.cpp#kPatterns:duckdb.extension.load,kPatterns,kPolicyRefusal;match=LOAD;mapping=duckdb.policy.extension.load;sblr=none;engine_api=none;diagnostic=DUCKDB.AUTHORITY.EXTENSION_DENIED,kPolicyRefusal;match=LOAD;mapping=duckdb.policy.extension.load;sblr=none;engine_api=none;diagnostic=DUCKDB.AUTHORITY.EXTENSION_DENIED,compatibility_surface_conflicts_with_parser_or_single_node_engine_authority_exact_fail_closed,DUCKDB.AUTHORITY.EXTENSION_DENIED,DUCKDB.AUTHORITY.EXTENSION_DENIED,exact_fail_closed_refusal,sblr.refusal.duckdb.duckdb_extension_load.df7056b598,no_provider_or_compatibility_execution_for_exact_refusal,parser_may_emit_SBLRExecutionEnvelope_v3_only;parser_execution_storage_transaction_finality_authority_forbidden,compatibility_sql_not_executed;compatibility_storage_authority_false;compatibility_transaction_finality_authority_forbidden,engine_owned_MGA_transaction_finality_only;parser_compatibility_provider_finality_forbidden,LOAD,project/tests/compatibility_sql_parser_first_tranche/parser_refusal_reduction_gate.py,runtime_parser_refusal,p4_refusal_reduction_verified,row_preserves_compatibility_compatible_refusal_or_external_authority_fail_closed_boundary_with_runtime_or_source_anchor_proof
FPR-P4-REFUSAL-00073,FPR-P3-DECLARED-00422,422,duckdb,project/src/parsers/compatibility/duckdb,duckdb.bulk_io.export_database,EXTERNAL_AUTHORITY,project/src/parsers/compatibility/duckdb/duckdb_dialect.cpp#kPatterns:duckdb.bulk_io.export_database,kPatterns,kPolicyRefusal;match=EXPORT DATABASE;mapping=duckdb.policy.file.export_database;sblr=none;engine_api=none;diagnostic=DUCKDB.AUTHORITY.FILE_IO_DENIED,kPolicyRefusal;match=EXPORT DATABASE;mapping=duckdb.policy.file.export_database;sblr=none;engine_api=none;diagnostic=DUCKDB.AUTHORITY.FILE_IO_DENIED,external_files_connectors_tools_or_provider_authority_require_trusted_engine_operator_boundary_fail_closed,DUCKDB.AUTHORITY.FILE_IO_DENIED,DUCKDB.AUTHORITY.FILE_IO_DENIED,fail_closed_external_authority,sblr.external.duckdb.duckdb_bulk_io_export_database.bd24eee0a3,no_local_or_provider_execution_without_trusted_engine_admission,parser_may_emit_SBLRExecutionEnvelope_v3_only;parser_execution_storage_transaction_finality_authority_forbidden,compatibility_sql_not_executed;compatibility_storage_authority_false;compatibility_transaction_finality_authority_forbidden,engine_owned_MGA_transaction_finality_only;parser_compatibility_provider_finality_forbidden,EXPORT DATABASE,project/tests/compatibility_sql_parser_first_tranche/parser_refusal_reduction_gate.py,runtime_parser_refusal,p4_refusal_reduction_verified,row_preserves_compatibility_compatible_refusal_or_external_authority_fail_closed_boundary_with_runtime_or_source_anchor_proof
FPR-P4-REFUSAL-00074,FPR-P3-DECLARED-00423,423,duckdb,project/src/parsers/compatibility/duckdb,duckdb.bulk_io.import_database,EXTERNAL_AUTHORITY,project/src/parsers/compatibility/duckdb/duckdb_dialect.cpp#kPatterns:duckdb.bulk_io.import_database,kPatterns,kPolicyRefusal;match=IMPORT DATABASE;mapping=duckdb.policy.file.import_database;sblr=none;engine_api=none;diagnostic=DUCKDB.AUTHORITY.FILE_IO_DENIED,kPolicyRefusal;match=IMPORT DATABASE;mapping=duckdb.policy.file.import_database;sblr=none;engine_api=none;diagnostic=DUCKDB.AUTHORITY.FILE_IO_DENIED,external_files_connectors_tools_or_provider_authority_require_trusted_engine_operator_boundary_fail_closed,DUCKDB.AUTHORITY.FILE_IO_DENIED,DUCKDB.AUTHORITY.FILE_IO_DENIED,fail_closed_external_authority,sblr.external.duckdb.duckdb_bulk_io_import_database.58e7ba57a0,no_local_or_provider_execution_without_trusted_engine_admission,parser_may_emit_SBLRExecutionEnvelope_v3_only;parser_execution_storage_transaction_finality_authority_forbidden,compatibility_sql_not_executed;compatibility_storage_authority_false;compatibility_transaction_finality_authority_forbidden,engine_owned_MGA_transaction_finality_only;parser_compatibility_provider_finality_forbidden,IMPORT DATABASE,project/tests/compatibility_sql_parser_first_tranche/parser_refusal_reduction_gate.py,runtime_parser_refusal,p4_refusal_reduction_verified,row_preserves_compatibility_compatible_refusal_or_external_authority_fail_closed_boundary_with_runtime_or_source_anchor_proof
FPR-P4-REFUSAL-00075,FPR-P3-DECLARED-00424,424,duckdb,project/src/parsers/compatibility/duckdb,duckdb.lifecycle.attach,EXTERNAL_AUTHORITY,project/src/parsers/compatibility/duckdb/duckdb_dialect.cpp#kPatterns:duckdb.lifecycle.attach,kPatterns,kPolicyRefusal;match=ATTACH;mapping=duckdb.policy.file.attach;sblr=none;engine_api=none;diagnostic=DUCKDB.AUTHORITY.FILE_IO_DENIED,kPolicyRefusal;match=ATTACH;mapping=duckdb.policy.file.attach;sblr=none;engine_api=none;diagnostic=DUCKDB.AUTHORITY.FILE_IO_DENIED,external_files_connectors_tools_or_provider_authority_require_trusted_engine_operator_boundary_fail_closed,DUCKDB.AUTHORITY.FILE_IO_DENIED,DUCKDB.AUTHORITY.FILE_IO_DENIED,fail_closed_external_authority,sblr.external.duckdb.duckdb_lifecycle_attach.85e4bd8a6c,no_local_or_provider_execution_without_trusted_engine_admission,parser_may_emit_SBLRExecutionEnvelope_v3_only;parser_execution_storage_transaction_finality_authority_forbidden,compatibility_sql_not_executed;compatibility_storage_authority_false;compatibility_transaction_finality_authority_forbidden,engine_owned_MGA_transaction_finality_only;parser_compatibility_provider_finality_forbidden,ATTACH,project/tests/compatibility_sql_parser_first_tranche/parser_refusal_reduction_gate.py,runtime_parser_refusal,p4_refusal_reduction_verified,row_preserves_compatibility_compatible_refusal_or_external_authority_fail_closed_boundary_with_runtime_or_source_anchor_proof
FPR-P4-REFUSAL-00076,FPR-P3-DECLARED-00425,425,duckdb,project/src/parsers/compatibility/duckdb,duckdb.lifecycle.detach,EXTERNAL_AUTHORITY,project/src/parsers/compatibility/duckdb/duckdb_dialect.cpp#kPatterns:duckdb.lifecycle.detach,kPatterns,kPolicyRefusal;match=DETACH;mapping=duckdb.policy.file.detach;sblr=none;engine_api=none;diagnostic=DUCKDB.AUTHORITY.FILE_IO_DENIED,kPolicyRefusal;match=DETACH;mapping=duckdb.policy.file.detach;sblr=none;engine_api=none;diagnostic=DUCKDB.AUTHORITY.FILE_IO_DENIED,external_files_connectors_tools_or_provider_authority_require_trusted_engine_operator_boundary_fail_closed,DUCKDB.AUTHORITY.FILE_IO_DENIED,DUCKDB.AUTHORITY.FILE_IO_DENIED,fail_closed_external_authority,sblr.external.duckdb.duckdb_lifecycle_detach.c003e2b70e,no_local_or_provider_execution_without_trusted_engine_admission,parser_may_emit_SBLRExecutionEnvelope_v3_only;parser_execution_storage_transaction_finality_authority_forbidden,compatibility_sql_not_executed;compatibility_storage_authority_false;compatibility_transaction_finality_authority_forbidden,engine_owned_MGA_transaction_finality_only;parser_compatibility_provider_finality_forbidden,DETACH,project/tests/compatibility_sql_parser_first_tranche/parser_refusal_reduction_gate.py,runtime_parser_refusal,p4_refusal_reduction_verified,row_preserves_compatibility_compatible_refusal_or_external_authority_fail_closed_boundary_with_runtime_or_source_anchor_proof
FPR-P4-REFUSAL-00077,FPR-P3-DECLARED-00426,426,duckdb,project/src/parsers/compatibility/duckdb,duckdb.storage.checkpoint,ARCHITECTURE_REFUSAL,project/src/parsers/compatibility/duckdb/duckdb_dialect.cpp#kPatterns:duckdb.storage.checkpoint,kPatterns,kPolicyRefusal;match=CHECKPOINT;mapping=duckdb.policy.checkpoint;sblr=none;engine_api=none;diagnostic=DUCKDB.AUTHORITY.CHECKPOINT_DENIED,kUnsupportedRefusal;match=CHECKPOINT;mapping=duckdb.policy.unsupported.checkpoint;sblr=none;engine_api=none;diagnostic=DUCKDB.AUTHORITY.UNSUPPORTED_DENIED,compatibility_surface_conflicts_with_parser_or_single_node_engine_authority_exact_fail_closed,DUCKDB.AUTHORITY.UNSUPPORTED_DENIED,DUCKDB.AUTHORITY.UNSUPPORTED_DENIED,exact_fail_closed_refusal,sblr.refusal.duckdb.duckdb_storage_checkpoint.77a729c0b0,no_provider_or_compatibility_execution_for_exact_refusal,parser_may_emit_SBLRExecutionEnvelope_v3_only;parser_execution_storage_transaction_finality_authority_forbidden,compatibility_sql_not_executed;compatibility_storage_authority_false;compatibility_transaction_finality_authority_forbidden,engine_owned_MGA_transaction_finality_only;parser_compatibility_provider_finality_forbidden,CHECKPOINT,project/tests/compatibility_sql_parser_first_tranche/parser_refusal_reduction_gate.py,runtime_parser_refusal,p4_refusal_reduction_verified,row_preserves_compatibility_compatible_refusal_or_external_authority_fail_closed_boundary_with_runtime_or_source_anchor_proof
FPR-P4-REFUSAL-00078,FPR-P3-DECLARED-00477,477,duckdb,project/src/parsers/compatibility/duckdb,builtin_function_surface:external_scan,EXTERNAL_AUTHORITY,project/src/parsers/compatibility/duckdb/duckdb_dialect.cpp#kBuiltinSurfaces:external_scan,kBuiltinSurfaces,fail_closed;surface=READ_CSV;READ_PARQUET;READ_JSON;READ_TEXT,fail_closed;surface=READ_CSV;READ_PARQUET;READ_JSON;READ_TEXT,external_files_connectors_tools_or_provider_authority_require_trusted_engine_operator_boundary_fail_closed,READ_CSV;READ_PARQUET;READ_JSON;READ_TEXT,READ_CSV,fail_closed_external_authority,sblr.external.duckdb.builtin_function_surface_external_scan.4353468c36,no_local_or_provider_execution_without_trusted_engine_admission,parser_may_emit_SBLRExecutionEnvelope_v3_only;parser_execution_storage_transaction_finality_authority_forbidden,compatibility_sql_not_executed;compatibility_storage_authority_false;compatibility_transaction_finality_authority_forbidden,engine_owned_MGA_transaction_finality_only;parser_compatibility_provider_finality_forbidden,project/src/parsers/compatibility/duckdb/duckdb_dialect.cpp#kBuiltinSurfaces:external_scan,project/tests/compatibility_sql_parser_first_tranche/parser_refusal_reduction_gate.py,source_anchor_message_vector,p4_refusal_reduction_verified,row_preserves_compatibility_compatible_refusal_or_external_authority_fail_closed_boundary_with_runtime_or_source_anchor_proof
FPR-P4-REFUSAL-00079,FPR-P3-DECLARED-00478,478,duckdb,project/src/parsers/compatibility/duckdb,builtin_function_surface:extension,ARCHITECTURE_REFUSAL,project/src/parsers/compatibility/duckdb/duckdb_dialect.cpp#kBuiltinSurfaces:extension,kBuiltinSurfaces,fail_closed;surface=INSTALL;LOAD,fail_closed;surface=INSTALL;LOAD,compatibility_surface_conflicts_with_parser_or_single_node_engine_authority_exact_fail_closed,INSTALL;LOAD,INSTALL,exact_fail_closed_refusal,sblr.refusal.duckdb.builtin_function_surface_extension.2f1892c549,no_provider_or_compatibility_execution_for_exact_refusal,parser_may_emit_SBLRExecutionEnvelope_v3_only;parser_execution_storage_transaction_finality_authority_forbidden,compatibility_sql_not_executed;compatibility_storage_authority_false;compatibility_transaction_finality_authority_forbidden,engine_owned_MGA_transaction_finality_only;parser_compatibility_provider_finality_forbidden,project/src/parsers/compatibility/duckdb/duckdb_dialect.cpp#kBuiltinSurfaces:extension,project/tests/compatibility_sql_parser_first_tranche/parser_refusal_reduction_gate.py,source_anchor_message_vector,p4_refusal_reduction_verified,row_preserves_compatibility_compatible_refusal_or_external_authority_fail_closed_boundary_with_runtime_or_source_anchor_proof
FPR-P4-REFUSAL-00080,FPR-P3-DECLARED-00486,486,duckdb,project/src/parsers/compatibility/duckdb,catalog_overlay_surface:external_files,EXTERNAL_AUTHORITY,project/src/parsers/compatibility/duckdb/duckdb_dialect.cpp#kCatalogSurfaces:external_files,kCatalogSurfaces,policy_overlay;surface=READ_CSV;READ_PARQUET;COPY,policy_overlay;surface=READ_CSV;READ_PARQUET;COPY,external_files_connectors_tools_or_provider_authority_require_trusted_engine_operator_boundary_fail_closed,READ_CSV;READ_PARQUET;COPY,READ_CSV,fail_closed_external_authority,sblr.external.duckdb.catalog_overlay_surface_external_files.d266fcf774,no_local_or_provider_execution_without_trusted_engine_admission,parser_may_emit_SBLRExecutionEnvelope_v3_only;parser_execution_storage_transaction_finality_authority_forbidden,compatibility_sql_not_executed;compatibility_storage_authority_false;compatibility_transaction_finality_authority_forbidden,engine_owned_MGA_transaction_finality_only;parser_compatibility_provider_finality_forbidden,project/src/parsers/compatibility/duckdb/duckdb_dialect.cpp#kCatalogSurfaces:external_files,project/tests/compatibility_sql_parser_first_tranche/parser_refusal_reduction_gate.py,source_anchor_message_vector,p4_refusal_reduction_verified,row_preserves_compatibility_compatible_refusal_or_external_authority_fail_closed_boundary_with_runtime_or_source_anchor_proof
FPR-P4-REFUSAL-00081,FPR-P3-DECLARED-00489,489,duckdb,project/src/parsers/compatibility/duckdb,diagnostic_surface:file,ARCHITECTURE_REFUSAL,project/src/parsers/compatibility/duckdb/duckdb_dialect.cpp#kDiagnosticSurfaces:file,kDiagnosticSurfaces,fail_closed;surface=DUCKDB.AUTHORITY.FILE_IO_DENIED,fail_closed;surface=DUCKDB.AUTHORITY.FILE_IO_DENIED,compatibility_surface_conflicts_with_parser_or_single_node_engine_authority_exact_fail_closed,DUCKDB.AUTHORITY.FILE_IO_DENIED,DUCKDB.AUTHORITY.FILE_IO_DENIED,exact_fail_closed_refusal,sblr.refusal.duckdb.diagnostic_surface_file.4d8cc40c8b,no_provider_or_compatibility_execution_for_exact_refusal,parser_may_emit_SBLRExecutionEnvelope_v3_only;parser_execution_storage_transaction_finality_authority_forbidden,compatibility_sql_not_executed;compatibility_storage_authority_false;compatibility_transaction_finality_authority_forbidden,engine_owned_MGA_transaction_finality_only;parser_compatibility_provider_finality_forbidden,project/src/parsers/compatibility/duckdb/duckdb_dialect.cpp#kDiagnosticSurfaces:file,project/tests/compatibility_sql_parser_first_tranche/parser_refusal_reduction_gate.py,source_anchor_message_vector,p4_refusal_reduction_verified,row_preserves_compatibility_compatible_refusal_or_external_authority_fail_closed_boundary_with_runtime_or_source_anchor_proof
FPR-P4-REFUSAL-00082,FPR-P3-DECLARED-00490,490,duckdb,project/src/parsers/compatibility/duckdb,diagnostic_surface:external_io,EXTERNAL_AUTHORITY,project/src/parsers/compatibility/duckdb/duckdb_dialect.cpp#kDiagnosticSurfaces:external_io,kDiagnosticSurfaces,fail_closed;surface=DUCKDB.AUTHORITY.EXTERNAL_IO_DENIED,fail_closed;surface=DUCKDB.AUTHORITY.EXTERNAL_IO_DENIED,external_files_connectors_tools_or_provider_authority_require_trusted_engine_operator_boundary_fail_closed,DUCKDB.AUTHORITY.EXTERNAL_IO_DENIED,DUCKDB.AUTHORITY.EXTERNAL_IO_DENIED,fail_closed_external_authority,sblr.external.duckdb.diagnostic_surface_external_io.630cbce290,no_local_or_provider_execution_without_trusted_engine_admission,parser_may_emit_SBLRExecutionEnvelope_v3_only;parser_execution_storage_transaction_finality_authority_forbidden,compatibility_sql_not_executed;compatibility_storage_authority_false;compatibility_transaction_finality_authority_forbidden,engine_owned_MGA_transaction_finality_only;parser_compatibility_provider_finality_forbidden,project/src/parsers/compatibility/duckdb/duckdb_dialect.cpp#kDiagnosticSurfaces:external_io,project/tests/compatibility_sql_parser_first_tranche/parser_refusal_reduction_gate.py,source_anchor_message_vector,p4_refusal_reduction_verified,row_preserves_compatibility_compatible_refusal_or_external_authority_fail_closed_boundary_with_runtime_or_source_anchor_proof
FPR-P4-REFUSAL-00083,FPR-P3-DECLARED-00491,491,duckdb,project/src/parsers/compatibility/duckdb,diagnostic_surface:extension,ARCHITECTURE_REFUSAL,project/src/parsers/compatibility/duckdb/duckdb_dialect.cpp#kDiagnosticSurfaces:extension,kDiagnosticSurfaces,fail_closed;surface=DUCKDB.AUTHORITY.EXTENSION_DENIED,fail_closed;surface=DUCKDB.AUTHORITY.EXTENSION_DENIED,compatibility_surface_conflicts_with_parser_or_single_node_engine_authority_exact_fail_closed,DUCKDB.AUTHORITY.EXTENSION_DENIED,DUCKDB.AUTHORITY.EXTENSION_DENIED,exact_fail_closed_refusal,sblr.refusal.duckdb.diagnostic_surface_extension.354cae2557,no_provider_or_compatibility_execution_for_exact_refusal,parser_may_emit_SBLRExecutionEnvelope_v3_only;parser_execution_storage_transaction_finality_authority_forbidden,compatibility_sql_not_executed;compatibility_storage_authority_false;compatibility_transaction_finality_authority_forbidden,engine_owned_MGA_transaction_finality_only;parser_compatibility_provider_finality_forbidden,project/src/parsers/compatibility/duckdb/duckdb_dialect.cpp#kDiagnosticSurfaces:extension,project/tests/compatibility_sql_parser_first_tranche/parser_refusal_reduction_gate.py,source_anchor_message_vector,p4_refusal_reduction_verified,row_preserves_compatibility_compatible_refusal_or_external_authority_fail_closed_boundary_with_runtime_or_source_anchor_proof
FPR-P4-REFUSAL-00084,FPR-P3-DECLARED-00492,492,duckdb,project/src/parsers/compatibility/duckdb,diagnostic_surface:checkpoint,ARCHITECTURE_REFUSAL,project/src/parsers/compatibility/duckdb/duckdb_dialect.cpp#kDiagnosticSurfaces:checkpoint,kDiagnosticSurfaces,fail_closed;surface=DUCKDB.AUTHORITY.CHECKPOINT_DENIED,fail_closed;surface=DUCKDB.AUTHORITY.UNSUPPORTED_DENIED,compatibility_surface_conflicts_with_parser_or_single_node_engine_authority_exact_fail_closed,DUCKDB.AUTHORITY.UNSUPPORTED_DENIED,DUCKDB.AUTHORITY.UNSUPPORTED_DENIED,exact_fail_closed_refusal,sblr.refusal.duckdb.diagnostic_surface_checkpoint.a12ccfe355,no_provider_or_compatibility_execution_for_exact_refusal,parser_may_emit_SBLRExecutionEnvelope_v3_only;parser_execution_storage_transaction_finality_authority_forbidden,compatibility_sql_not_executed;compatibility_storage_authority_false;compatibility_transaction_finality_authority_forbidden,engine_owned_MGA_transaction_finality_only;parser_compatibility_provider_finality_forbidden,project/src/parsers/compatibility/duckdb/duckdb_dialect.cpp#kDiagnosticSurfaces:checkpoint,project/tests/compatibility_sql_parser_first_tranche/parser_refusal_reduction_gate.py,source_anchor_message_vector,p4_refusal_reduction_verified,row_preserves_compatibility_compatible_refusal_or_external_authority_fail_closed_boundary_with_runtime_or_source_anchor_proof
FPR-P4-REFUSAL-00085,FPR-P3-DECLARED-00497,497,duckdb,project/src/parsers/compatibility/duckdb,diagnostic_surface:catalog,ARCHITECTURE_REFUSAL,project/src/parsers/compatibility/duckdb/duckdb_dialect.cpp#kDiagnosticSurfaces:catalog,kDiagnosticSurfaces,fail_closed;surface=DUCKDB.CATALOG_OVERLAY.READ_ONLY,fail_closed;surface=DUCKDB.CATALOG_OVERLAY.READ_ONLY,compatibility_surface_conflicts_with_parser_or_single_node_engine_authority_exact_fail_closed,DUCKDB.CATALOG_OVERLAY.READ_ONLY,DUCKDB.CATALOG_OVERLAY.READ_ONLY,exact_fail_closed_refusal,sblr.refusal.duckdb.diagnostic_surface_catalog.1038daa176,no_provider_or_compatibility_execution_for_exact_refusal,parser_may_emit_SBLRExecutionEnvelope_v3_only;parser_execution_storage_transaction_finality_authority_forbidden,compatibility_sql_not_executed;compatibility_storage_authority_false;compatibility_transaction_finality_authority_forbidden,engine_owned_MGA_transaction_finality_only;parser_compatibility_provider_finality_forbidden,project/src/parsers/compatibility/duckdb/duckdb_dialect.cpp#kDiagnosticSurfaces:catalog,project/tests/compatibility_sql_parser_first_tranche/parser_refusal_reduction_gate.py,source_anchor_message_vector,p4_refusal_reduction_verified,row_preserves_compatibility_compatible_refusal_or_external_authority_fail_closed_boundary_with_runtime_or_source_anchor_proof
FPR-P4-REFUSAL-00086,FPR-P3-DECLARED-00499,499,duckdb,project/src/parsers/compatibility/duckdb,source_marker:unsupported,ARCHITECTURE_REFUSAL,project/src/parsers/compatibility/duckdb/duckdb_dialect.cpp#marker:unsupported,marker,source_marker_requires_review,source_marker_requires_review,compatibility_surface_conflicts_with_parser_or_single_node_engine_authority_exact_fail_closed,DUCKDB.PARSE.UNSUPPORTED_SURFACE,DUCKDB.PARSE.UNSUPPORTED_SURFACE,exact_fail_closed_refusal,sblr.refusal.duckdb.source_marker_unsupported.cad8b7d3aa,no_provider_or_compatibility_execution_for_exact_refusal,parser_may_emit_SBLRExecutionEnvelope_v3_only;parser_execution_storage_transaction_finality_authority_forbidden,compatibility_sql_not_executed;compatibility_storage_authority_false;compatibility_transaction_finality_authority_forbidden,engine_owned_MGA_transaction_finality_only;parser_compatibility_provider_finality_forbidden,project/src/parsers/compatibility/duckdb/duckdb_dialect.cpp#marker:unsupported,project/tests/compatibility_sql_parser_first_tranche/parser_refusal_reduction_gate.py,source_anchor_message_vector,p4_refusal_reduction_verified,row_preserves_compatibility_compatible_refusal_or_external_authority_fail_closed_boundary_with_runtime_or_source_anchor_proof
FPR-P4-REFUSAL-00087,FPR-P3-DECLARED-00516,516,firebird,project/src/parsers/compatibility/firebird,firebird.emulated.database_file_management,EXTERNAL_AUTHORITY,project/src/parsers/compatibility/firebird/firebird_dialect.cpp#FirebirdMappingStorage:firebird.emulated.database_file_management,FirebirdMappingStorage,kEmulatedNonFileDiagnostic;command_family=database_file_emulation;operation_id=none;sblr=none;engine_api=none;diagnostic=FIREBIRD.EMULATION.NON_FILE_SURFACE,kEmulatedNonFileDiagnostic;command_family=database_file_emulation;operation_id=none;sblr=none;engine_api=none;diagnostic=FIREBIRD.EMULATION.NON_FILE_SURFACE,external_files_connectors_tools_or_provider_authority_require_trusted_engine_operator_boundary_fail_closed,FIREBIRD.EMULATION.NON_FILE_SURFACE,FIREBIRD.EMULATION.NON_FILE_SURFACE,fail_closed_external_authority,sblr.external.firebird.firebird_emulated_database_file_management.9489416312,no_local_or_provider_execution_without_trusted_engine_admission,parser_may_emit_SBLRExecutionEnvelope_v3_only;parser_execution_storage_transaction_finality_authority_forbidden,compatibility_sql_not_executed;compatibility_storage_authority_false;compatibility_transaction_finality_authority_forbidden,engine_owned_MGA_transaction_finality_only;parser_compatibility_provider_finality_forbidden,project/src/parsers/compatibility/firebird/firebird_dialect.cpp#FirebirdMappingStorage:firebird.emulated.database_file_management,project/tests/compatibility_sql_parser_first_tranche/parser_refusal_reduction_gate.py,source_anchor_message_vector,p4_refusal_reduction_verified,row_preserves_compatibility_compatible_refusal_or_external_authority_fail_closed_boundary_with_runtime_or_source_anchor_proof
FPR-P4-REFUSAL-00088,FPR-P3-DECLARED-00517,517,firebird,project/src/parsers/compatibility/firebird,firebird.emulated.shadow_storage,EXTERNAL_AUTHORITY,project/src/parsers/compatibility/firebird/firebird_dialect.cpp#FirebirdMappingStorage:firebird.emulated.shadow_storage,FirebirdMappingStorage,kEmulatedNonFileDiagnostic;command_family=shadow_file_emulation;operation_id=none;sblr=none;engine_api=none;diagnostic=FIREBIRD.EMULATION.NON_FILE_SURFACE,kEmulatedNonFileDiagnostic;command_family=shadow_file_emulation;operation_id=none;sblr=none;engine_api=none;diagnostic=FIREBIRD.EMULATION.NON_FILE_SURFACE,external_files_connectors_tools_or_provider_authority_require_trusted_engine_operator_boundary_fail_closed,FIREBIRD.EMULATION.NON_FILE_SURFACE,FIREBIRD.EMULATION.NON_FILE_SURFACE,fail_closed_external_authority,sblr.external.firebird.firebird_emulated_shadow_storage.4dd50b2b00,no_local_or_provider_execution_without_trusted_engine_admission,parser_may_emit_SBLRExecutionEnvelope_v3_only;parser_execution_storage_transaction_finality_authority_forbidden,compatibility_sql_not_executed;compatibility_storage_authority_false;compatibility_transaction_finality_authority_forbidden,engine_owned_MGA_transaction_finality_only;parser_compatibility_provider_finality_forbidden,project/src/parsers/compatibility/firebird/firebird_dialect.cpp#FirebirdMappingStorage:firebird.emulated.shadow_storage,project/tests/compatibility_sql_parser_first_tranche/parser_refusal_reduction_gate.py,source_anchor_message_vector,p4_refusal_reduction_verified,row_preserves_compatibility_compatible_refusal_or_external_authority_fail_closed_boundary_with_runtime_or_source_anchor_proof
FPR-P4-REFUSAL-00089,FPR-P3-DECLARED-00518,518,firebird,project/src/parsers/compatibility/firebird,firebird.emulated.backup_restore,EXTERNAL_AUTHORITY,project/src/parsers/compatibility/firebird/firebird_dialect.cpp#FirebirdMappingStorage:firebird.emulated.backup_restore,FirebirdMappingStorage,kEmulatedNonFileDiagnostic;command_family=backup_restore_file_emulation;operation_id=none;sblr=none;engine_api=none;diagnostic=FIREBIRD.EMULATION.NON_FILE_SURFACE,kEmulatedNonFileDiagnostic;command_family=backup_restore_file_emulation;operation_id=none;sblr=none;engine_api=none;diagnostic=FIREBIRD.EMULATION.NON_FILE_SURFACE,external_files_connectors_tools_or_provider_authority_require_trusted_engine_operator_boundary_fail_closed,FIREBIRD.EMULATION.NON_FILE_SURFACE,FIREBIRD.EMULATION.NON_FILE_SURFACE,fail_closed_external_authority,sblr.external.firebird.firebird_emulated_backup_restore.60fbed1e22,no_local_or_provider_execution_without_trusted_engine_admission,parser_may_emit_SBLRExecutionEnvelope_v3_only;parser_execution_storage_transaction_finality_authority_forbidden,compatibility_sql_not_executed;compatibility_storage_authority_false;compatibility_transaction_finality_authority_forbidden,engine_owned_MGA_transaction_finality_only;parser_compatibility_provider_finality_forbidden,project/src/parsers/compatibility/firebird/firebird_dialect.cpp#FirebirdMappingStorage:firebird.emulated.backup_restore,project/tests/compatibility_sql_parser_first_tranche/parser_refusal_reduction_gate.py,source_anchor_message_vector,p4_refusal_reduction_verified,row_preserves_compatibility_compatible_refusal_or_external_authority_fail_closed_boundary_with_runtime_or_source_anchor_proof
FPR-P4-REFUSAL-00090,FPR-P3-DECLARED-00519,519,firebird,project/src/parsers/compatibility/firebird,firebird.emulated.external_plugin,EXTERNAL_AUTHORITY,project/src/parsers/compatibility/firebird/firebird_dialect.cpp#FirebirdMappingStorage:firebird.emulated.external_plugin,FirebirdMappingStorage,kEmulatedNonFileDiagnostic;command_family=external_plugin_emulation;operation_id=none;sblr=none;engine_api=none;diagnostic=FIREBIRD.EMULATION.NON_FILE_SURFACE,kEmulatedNonFileDiagnostic;command_family=external_plugin_emulation;operation_id=none;sblr=none;engine_api=none;diagnostic=FIREBIRD.EMULATION.NON_FILE_SURFACE,external_files_connectors_tools_or_provider_authority_require_trusted_engine_operator_boundary_fail_closed,FIREBIRD.EMULATION.NON_FILE_SURFACE,FIREBIRD.EMULATION.NON_FILE_SURFACE,fail_closed_external_authority,sblr.external.firebird.firebird_emulated_external_plugin.5b4cb9de22,no_local_or_provider_execution_without_trusted_engine_admission,parser_may_emit_SBLRExecutionEnvelope_v3_only;parser_execution_storage_transaction_finality_authority_forbidden,compatibility_sql_not_executed;compatibility_storage_authority_false;compatibility_transaction_finality_authority_forbidden,engine_owned_MGA_transaction_finality_only;parser_compatibility_provider_finality_forbidden,project/src/parsers/compatibility/firebird/firebird_dialect.cpp#FirebirdMappingStorage:firebird.emulated.external_plugin,project/tests/compatibility_sql_parser_first_tranche/parser_refusal_reduction_gate.py,source_anchor_message_vector,p4_refusal_reduction_verified,row_preserves_compatibility_compatible_refusal_or_external_authority_fail_closed_boundary_with_runtime_or_source_anchor_proof
FPR-P4-REFUSAL-00091,FPR-P3-DECLARED-00520,520,firebird,project/src/parsers/compatibility/firebird,firebird.emulated.service_api,EXTERNAL_AUTHORITY,project/src/parsers/compatibility/firebird/firebird_dialect.cpp#FirebirdMappingStorage:firebird.emulated.service_api,FirebirdMappingStorage,kEmulatedNonFileDiagnostic;command_family=service_tool_emulation;operation_id=none;sblr=none;engine_api=none;diagnostic=FIREBIRD.EMULATION.NON_FILE_SURFACE,kEmulatedNonFileDiagnostic;command_family=service_tool_emulation;operation_id=none;sblr=none;engine_api=none;diagnostic=FIREBIRD.EMULATION.NON_FILE_SURFACE,external_files_connectors_tools_or_provider_authority_require_trusted_engine_operator_boundary_fail_closed,FIREBIRD.EMULATION.NON_FILE_SURFACE,FIREBIRD.EMULATION.NON_FILE_SURFACE,fail_closed_external_authority,sblr.external.firebird.firebird_emulated_service_api.b963379f2a,no_local_or_provider_execution_without_trusted_engine_admission,parser_may_emit_SBLRExecutionEnvelope_v3_only;parser_execution_storage_transaction_finality_authority_forbidden,compatibility_sql_not_executed;compatibility_storage_authority_false;compatibility_transaction_finality_authority_forbidden,engine_owned_MGA_transaction_finality_only;parser_compatibility_provider_finality_forbidden,project/src/parsers/compatibility/firebird/firebird_dialect.cpp#FirebirdMappingStorage:firebird.emulated.service_api,project/tests/compatibility_sql_parser_first_tranche/parser_refusal_reduction_gate.py,source_anchor_message_vector,p4_refusal_reduction_verified,row_preserves_compatibility_compatible_refusal_or_external_authority_fail_closed_boundary_with_runtime_or_source_anchor_proof
FPR-P4-REFUSAL-00092,FPR-P3-DECLARED-00522,522,firebird,project/src/parsers/compatibility/firebird,firebird.emulated.shadow_raw_storage,EXTERNAL_AUTHORITY,project/src/parsers/compatibility/firebird/firebird_dialect.cpp#ClassifyNonFileOperation:firebird.emulated.shadow_raw_storage,ClassifyNonFileOperation,non_file_operation;classifier=ClassifyNonFileOperation,non_file_operation;classifier=ClassifyNonFileOperation,external_files_connectors_tools_or_provider_authority_require_trusted_engine_operator_boundary_fail_closed,FIREBIRD.EMULATION.NON_FILE_SURFACE,FIREBIRD.EMULATION.NON_FILE_SURFACE,fail_closed_external_authority,sblr.external.firebird.firebird_emulated_shadow_raw_storage.bd8eabe539,no_local_or_provider_execution_without_trusted_engine_admission,parser_may_emit_SBLRExecutionEnvelope_v3_only;parser_execution_storage_transaction_finality_authority_forbidden,compatibility_sql_not_executed;compatibility_storage_authority_false;compatibility_transaction_finality_authority_forbidden,engine_owned_MGA_transaction_finality_only;parser_compatibility_provider_finality_forbidden,project/src/parsers/compatibility/firebird/firebird_dialect.cpp#ClassifyNonFileOperation:firebird.emulated.shadow_raw_storage,project/tests/compatibility_sql_parser_first_tranche/parser_refusal_reduction_gate.py,source_anchor_message_vector,p4_refusal_reduction_verified,row_preserves_compatibility_compatible_refusal_or_external_authority_fail_closed_boundary_with_runtime_or_source_anchor_proof
FPR-P4-REFUSAL-00093,FPR-P3-DECLARED-00523,523,firebird,project/src/parsers/compatibility/firebird,firebird.emulated.database_lifecycle,EXTERNAL_AUTHORITY,project/src/parsers/compatibility/firebird/firebird_dialect.cpp#ClassifyNonFileOperation:firebird.emulated.database_lifecycle,ClassifyNonFileOperation,non_file_operation;classifier=ClassifyNonFileOperation,non_file_operation;classifier=ClassifyNonFileOperation,external_files_connectors_tools_or_provider_authority_require_trusted_engine_operator_boundary_fail_closed,FIREBIRD.EMULATION.NON_FILE_SURFACE,FIREBIRD.EMULATION.NON_FILE_SURFACE,fail_closed_external_authority,sblr.external.firebird.firebird_emulated_database_lifecycle.6d8c8e037e,no_local_or_provider_execution_without_trusted_engine_admission,parser_may_emit_SBLRExecutionEnvelope_v3_only;parser_execution_storage_transaction_finality_authority_forbidden,compatibility_sql_not_executed;compatibility_storage_authority_false;compatibility_transaction_finality_authority_forbidden,engine_owned_MGA_transaction_finality_only;parser_compatibility_provider_finality_forbidden,project/src/parsers/compatibility/firebird/firebird_dialect.cpp#ClassifyNonFileOperation:firebird.emulated.database_lifecycle,project/tests/compatibility_sql_parser_first_tranche/parser_refusal_reduction_gate.py,source_anchor_message_vector,p4_refusal_reduction_verified,row_preserves_compatibility_compatible_refusal_or_external_authority_fail_closed_boundary_with_runtime_or_source_anchor_proof
FPR-P4-REFUSAL-00094,FPR-P3-DECLARED-00524,524,firebird,project/src/parsers/compatibility/firebird,firebird.emulated.shadow_storage,EXTERNAL_AUTHORITY,project/src/parsers/compatibility/firebird/firebird_dialect.cpp#ClassifyNonFileOperation:firebird.emulated.shadow_storage,ClassifyNonFileOperation,non_file_operation;classifier=ClassifyNonFileOperation,non_file_operation;classifier=ClassifyNonFileOperation,external_files_connectors_tools_or_provider_authority_require_trusted_engine_operator_boundary_fail_closed,FIREBIRD.EMULATION.NON_FILE_SURFACE,FIREBIRD.EMULATION.NON_FILE_SURFACE,fail_closed_external_authority,sblr.external.firebird.firebird_emulated_shadow_storage.4ee29cb697,no_local_or_provider_execution_without_trusted_engine_admission,parser_may_emit_SBLRExecutionEnvelope_v3_only;parser_execution_storage_transaction_finality_authority_forbidden,compatibility_sql_not_executed;compatibility_storage_authority_false;compatibility_transaction_finality_authority_forbidden,engine_owned_MGA_transaction_finality_only;parser_compatibility_provider_finality_forbidden,project/src/parsers/compatibility/firebird/firebird_dialect.cpp#ClassifyNonFileOperation:firebird.emulated.shadow_storage,project/tests/compatibility_sql_parser_first_tranche/parser_refusal_reduction_gate.py,source_anchor_message_vector,p4_refusal_reduction_verified,row_preserves_compatibility_compatible_refusal_or_external_authority_fail_closed_boundary_with_runtime_or_source_anchor_proof
FPR-P4-REFUSAL-00095,FPR-P3-DECLARED-00525,525,firebird,project/src/parsers/compatibility/firebird,firebird.emulated.external_table_authority,EXTERNAL_AUTHORITY,project/src/parsers/compatibility/firebird/firebird_dialect.cpp#ClassifyNonFileOperation:firebird.emulated.external_table_authority,ClassifyNonFileOperation,non_file_operation;classifier=ClassifyNonFileOperation,non_file_operation;classifier=ClassifyNonFileOperation,external_files_connectors_tools_or_provider_authority_require_trusted_engine_operator_boundary_fail_closed,FIREBIRD.EMULATION.NON_FILE_SURFACE,FIREBIRD.EMULATION.NON_FILE_SURFACE,fail_closed_external_authority,sblr.external.firebird.firebird_emulated_external_table_authority.42a87721be,no_local_or_provider_execution_without_trusted_engine_admission,parser_may_emit_SBLRExecutionEnvelope_v3_only;parser_execution_storage_transaction_finality_authority_forbidden,compatibility_sql_not_executed;compatibility_storage_authority_false;compatibility_transaction_finality_authority_forbidden,engine_owned_MGA_transaction_finality_only;parser_compatibility_provider_finality_forbidden,project/src/parsers/compatibility/firebird/firebird_dialect.cpp#ClassifyNonFileOperation:firebird.emulated.external_table_authority,project/tests/compatibility_sql_parser_first_tranche/parser_refusal_reduction_gate.py,source_anchor_message_vector,p4_refusal_reduction_verified,row_preserves_compatibility_compatible_refusal_or_external_authority_fail_closed_boundary_with_runtime_or_source_anchor_proof
FPR-P4-REFUSAL-00096,FPR-P3-DECLARED-00526,526,firebird,project/src/parsers/compatibility/firebird,firebird.emulated.plugin_external_engine,EXTERNAL_AUTHORITY,project/src/parsers/compatibility/firebird/firebird_dialect.cpp#ClassifyNonFileOperation:firebird.emulated.plugin_external_engine,ClassifyNonFileOperation,non_file_operation;classifier=ClassifyNonFileOperation,non_file_operation;classifier=ClassifyNonFileOperation,external_files_connectors_tools_or_provider_authority_require_trusted_engine_operator_boundary_fail_closed,FIREBIRD.EMULATION.NON_FILE_SURFACE,FIREBIRD.EMULATION.NON_FILE_SURFACE,fail_closed_external_authority,sblr.external.firebird.firebird_emulated_plugin_external_engine.392ac81a37,no_local_or_provider_execution_without_trusted_engine_admission,parser_may_emit_SBLRExecutionEnvelope_v3_only;parser_execution_storage_transaction_finality_authority_forbidden,compatibility_sql_not_executed;compatibility_storage_authority_false;compatibility_transaction_finality_authority_forbidden,engine_owned_MGA_transaction_finality_only;parser_compatibility_provider_finality_forbidden,project/src/parsers/compatibility/firebird/firebird_dialect.cpp#ClassifyNonFileOperation:firebird.emulated.plugin_external_engine,project/tests/compatibility_sql_parser_first_tranche/parser_refusal_reduction_gate.py,source_anchor_message_vector,p4_refusal_reduction_verified,row_preserves_compatibility_compatible_refusal_or_external_authority_fail_closed_boundary_with_runtime_or_source_anchor_proof
FPR-P4-REFUSAL-00097,FPR-P3-DECLARED-00527,527,firebird,project/src/parsers/compatibility/firebird,firebird.emulated.security_projection,EXTERNAL_AUTHORITY,project/src/parsers/compatibility/firebird/firebird_dialect.cpp#ClassifyNonFileOperation:firebird.emulated.security_projection,ClassifyNonFileOperation,non_file_operation;classifier=ClassifyNonFileOperation,non_file_operation;classifier=ClassifyNonFileOperation,external_files_connectors_tools_or_provider_authority_require_trusted_engine_operator_boundary_fail_closed,FIREBIRD.EMULATION.NON_FILE_SURFACE,FIREBIRD.EMULATION.NON_FILE_SURFACE,fail_closed_external_authority,sblr.external.firebird.firebird_emulated_security_projection.e98c549f05,no_local_or_provider_execution_without_trusted_engine_admission,parser_may_emit_SBLRExecutionEnvelope_v3_only;parser_execution_storage_transaction_finality_authority_forbidden,compatibility_sql_not_executed;compatibility_storage_authority_false;compatibility_transaction_finality_authority_forbidden,engine_owned_MGA_transaction_finality_only;parser_compatibility_provider_finality_forbidden,project/src/parsers/compatibility/firebird/firebird_dialect.cpp#ClassifyNonFileOperation:firebird.emulated.security_projection,project/tests/compatibility_sql_parser_first_tranche/parser_refusal_reduction_gate.py,source_anchor_message_vector,p4_refusal_reduction_verified,row_preserves_compatibility_compatible_refusal_or_external_authority_fail_closed_boundary_with_runtime_or_source_anchor_proof
FPR-P4-REFUSAL-00098,FPR-P3-DECLARED-00529,529,firebird,project/src/parsers/compatibility/firebird,firebird.emulated.backup_restore,EXTERNAL_AUTHORITY,project/src/parsers/compatibility/firebird/firebird_dialect.cpp#ClassifyNonFileOperation:firebird.emulated.backup_restore,ClassifyNonFileOperation,non_file_operation;classifier=ClassifyNonFileOperation,non_file_operation;classifier=ClassifyNonFileOperation,external_files_connectors_tools_or_provider_authority_require_trusted_engine_operator_boundary_fail_closed,FIREBIRD.EMULATION.NON_FILE_SURFACE,FIREBIRD.EMULATION.NON_FILE_SURFACE,fail_closed_external_authority,sblr.external.firebird.firebird_emulated_backup_restore.f1e7af32dc,no_local_or_provider_execution_without_trusted_engine_admission,parser_may_emit_SBLRExecutionEnvelope_v3_only;parser_execution_storage_transaction_finality_authority_forbidden,compatibility_sql_not_executed;compatibility_storage_authority_false;compatibility_transaction_finality_authority_forbidden,engine_owned_MGA_transaction_finality_only;parser_compatibility_provider_finality_forbidden,project/src/parsers/compatibility/firebird/firebird_dialect.cpp#ClassifyNonFileOperation:firebird.emulated.backup_restore,project/tests/compatibility_sql_parser_first_tranche/parser_refusal_reduction_gate.py,source_anchor_message_vector,p4_refusal_reduction_verified,row_preserves_compatibility_compatible_refusal_or_external_authority_fail_closed_boundary_with_runtime_or_source_anchor_proof
FPR-P4-REFUSAL-00099,FPR-P3-DECLARED-00530,530,firebird,project/src/parsers/compatibility/firebird,firebird.emulated.incremental_backup,EXTERNAL_AUTHORITY,project/src/parsers/compatibility/firebird/firebird_dialect.cpp#ClassifyNonFileOperation:firebird.emulated.incremental_backup,ClassifyNonFileOperation,non_file_operation;classifier=ClassifyNonFileOperation,non_file_operation;classifier=ClassifyNonFileOperation,external_files_connectors_tools_or_provider_authority_require_trusted_engine_operator_boundary_fail_closed,FIREBIRD.EMULATION.NON_FILE_SURFACE,FIREBIRD.EMULATION.NON_FILE_SURFACE,fail_closed_external_authority,sblr.external.firebird.firebird_emulated_incremental_backup.ea583fdd2e,no_local_or_provider_execution_without_trusted_engine_admission,parser_may_emit_SBLRExecutionEnvelope_v3_only;parser_execution_storage_transaction_finality_authority_forbidden,compatibility_sql_not_executed;compatibility_storage_authority_false;compatibility_transaction_finality_authority_forbidden,engine_owned_MGA_transaction_finality_only;parser_compatibility_provider_finality_forbidden,project/src/parsers/compatibility/firebird/firebird_dialect.cpp#ClassifyNonFileOperation:firebird.emulated.incremental_backup,project/tests/compatibility_sql_parser_first_tranche/parser_refusal_reduction_gate.py,source_anchor_message_vector,p4_refusal_reduction_verified,row_preserves_compatibility_compatible_refusal_or_external_authority_fail_closed_boundary_with_runtime_or_source_anchor_proof
FPR-P4-REFUSAL-00100,FPR-P3-DECLARED-00531,531,firebird,project/src/parsers/compatibility/firebird,firebird.emulated.validation_repair_sweep,EXTERNAL_AUTHORITY,project/src/parsers/compatibility/firebird/firebird_dialect.cpp#ClassifyNonFileOperation:firebird.emulated.validation_repair_sweep,ClassifyNonFileOperation,non_file_operation;classifier=ClassifyNonFileOperation,non_file_operation;classifier=ClassifyNonFileOperation,external_files_connectors_tools_or_provider_authority_require_trusted_engine_operator_boundary_fail_closed,FIREBIRD.EMULATION.NON_FILE_SURFACE,FIREBIRD.EMULATION.NON_FILE_SURFACE,fail_closed_external_authority,sblr.external.firebird.firebird_emulated_validation_repair_sweep.3ffe164986,no_local_or_provider_execution_without_trusted_engine_admission,parser_may_emit_SBLRExecutionEnvelope_v3_only;parser_execution_storage_transaction_finality_authority_forbidden,compatibility_sql_not_executed;compatibility_storage_authority_false;compatibility_transaction_finality_authority_forbidden,engine_owned_MGA_transaction_finality_only;parser_compatibility_provider_finality_forbidden,project/src/parsers/compatibility/firebird/firebird_dialect.cpp#ClassifyNonFileOperation:firebird.emulated.validation_repair_sweep,project/tests/compatibility_sql_parser_first_tranche/parser_refusal_reduction_gate.py,source_anchor_message_vector,p4_refusal_reduction_verified,row_preserves_compatibility_compatible_refusal_or_external_authority_fail_closed_boundary_with_runtime_or_source_anchor_proof
FPR-P4-REFUSAL-00101,FPR-P3-DECLARED-00532,532,firebird,project/src/parsers/compatibility/firebird,firebird.emulated.trace_monitoring,EXTERNAL_AUTHORITY,project/src/parsers/compatibility/firebird/firebird_dialect.cpp#ClassifyNonFileOperation:firebird.emulated.trace_monitoring,ClassifyNonFileOperation,non_file_operation;classifier=ClassifyNonFileOperation,non_file_operation;classifier=ClassifyNonFileOperation,external_files_connectors_tools_or_provider_authority_require_trusted_engine_operator_boundary_fail_closed,FIREBIRD.EMULATION.NON_FILE_SURFACE,FIREBIRD.EMULATION.NON_FILE_SURFACE,fail_closed_external_authority,sblr.external.firebird.firebird_emulated_trace_monitoring.61718e9c18,no_local_or_provider_execution_without_trusted_engine_admission,parser_may_emit_SBLRExecutionEnvelope_v3_only;parser_execution_storage_transaction_finality_authority_forbidden,compatibility_sql_not_executed;compatibility_storage_authority_false;compatibility_transaction_finality_authority_forbidden,engine_owned_MGA_transaction_finality_only;parser_compatibility_provider_finality_forbidden,project/src/parsers/compatibility/firebird/firebird_dialect.cpp#ClassifyNonFileOperation:firebird.emulated.trace_monitoring,project/tests/compatibility_sql_parser_first_tranche/parser_refusal_reduction_gate.py,source_anchor_message_vector,p4_refusal_reduction_verified,row_preserves_compatibility_compatible_refusal_or_external_authority_fail_closed_boundary_with_runtime_or_source_anchor_proof
FPR-P4-REFUSAL-00102,FPR-P3-DECLARED-00533,533,firebird,project/src/parsers/compatibility/firebird,firebird.emulated.service_api,EXTERNAL_AUTHORITY,project/src/parsers/compatibility/firebird/firebird_dialect.cpp#ClassifyNonFileOperation:firebird.emulated.service_api,ClassifyNonFileOperation,non_file_operation;classifier=ClassifyNonFileOperation,non_file_operation;classifier=ClassifyNonFileOperation,external_files_connectors_tools_or_provider_authority_require_trusted_engine_operator_boundary_fail_closed,FIREBIRD.EMULATION.NON_FILE_SURFACE,FIREBIRD.EMULATION.NON_FILE_SURFACE,fail_closed_external_authority,sblr.external.firebird.firebird_emulated_service_api.f38e2d5585,no_local_or_provider_execution_without_trusted_engine_admission,parser_may_emit_SBLRExecutionEnvelope_v3_only;parser_execution_storage_transaction_finality_authority_forbidden,compatibility_sql_not_executed;compatibility_storage_authority_false;compatibility_transaction_finality_authority_forbidden,engine_owned_MGA_transaction_finality_only;parser_compatibility_provider_finality_forbidden,project/src/parsers/compatibility/firebird/firebird_dialect.cpp#ClassifyNonFileOperation:firebird.emulated.service_api,project/tests/compatibility_sql_parser_first_tranche/parser_refusal_reduction_gate.py,source_anchor_message_vector,p4_refusal_reduction_verified,row_preserves_compatibility_compatible_refusal_or_external_authority_fail_closed_boundary_with_runtime_or_source_anchor_proof
FPR-P4-REFUSAL-00103,FPR-P3-DECLARED-00534,534,firebird,project/src/parsers/compatibility/firebird,firebird.emulated.reference_native_tool,EXTERNAL_AUTHORITY,project/src/parsers/compatibility/firebird/firebird_dialect.cpp#ClassifyNonFileOperation:firebird.emulated.reference_native_tool,ClassifyNonFileOperation,non_file_operation;classifier=ClassifyNonFileOperation,non_file_operation;classifier=ClassifyNonFileOperation,external_files_connectors_tools_or_provider_authority_require_trusted_engine_operator_boundary_fail_closed,FIREBIRD.EMULATION.NON_FILE_SURFACE,FIREBIRD.EMULATION.NON_FILE_SURFACE,fail_closed_external_authority,sblr.external.firebird.firebird_emulated_compatibility_native_tool.bd38691836,no_local_or_provider_execution_without_trusted_engine_admission,parser_may_emit_SBLRExecutionEnvelope_v3_only;parser_execution_storage_transaction_finality_authority_forbidden,compatibility_sql_not_executed;compatibility_storage_authority_false;compatibility_transaction_finality_authority_forbidden,engine_owned_MGA_transaction_finality_only;parser_compatibility_provider_finality_forbidden,project/src/parsers/compatibility/firebird/firebird_dialect.cpp#ClassifyNonFileOperation:firebird.emulated.reference_native_tool,project/tests/compatibility_sql_parser_first_tranche/parser_refusal_reduction_gate.py,source_anchor_message_vector,p4_refusal_reduction_verified,row_preserves_compatibility_compatible_refusal_or_external_authority_fail_closed_boundary_with_runtime_or_source_anchor_proof
FPR-P4-REFUSAL-00104,FPR-P3-DECLARED-00582,582,firebird,project/src/parsers/compatibility/firebird,firebird.isql.noop,EXTERNAL_AUTHORITY,project/src/parsers/compatibility/firebird/firebird_dialect.cpp#ClassifyIsqlOperation:firebird.isql.noop,ClassifyIsqlOperation,isql_operation;classifier=ClassifyIsqlOperation,isql_operation;classifier=ClassifyIsqlOperation,external_files_connectors_tools_or_provider_authority_require_trusted_engine_operator_boundary_fail_closed,FIREBIRD.ISQL.EMULATION_ROUTE,FIREBIRD.ISQL.EMULATION_ROUTE,fail_closed_external_authority,sblr.external.firebird.firebird_isql_noop.7970a2c5d1,no_local_or_provider_execution_without_trusted_engine_admission,parser_may_emit_SBLRExecutionEnvelope_v3_only;parser_execution_storage_transaction_finality_authority_forbidden,compatibility_sql_not_executed;compatibility_storage_authority_false;compatibility_transaction_finality_authority_forbidden,engine_owned_MGA_transaction_finality_only;parser_compatibility_provider_finality_forbidden,project/src/parsers/compatibility/firebird/firebird_dialect.cpp#ClassifyIsqlOperation:firebird.isql.noop,project/tests/compatibility_sql_parser_first_tranche/parser_refusal_reduction_gate.py,source_anchor_message_vector,p4_refusal_reduction_verified,row_preserves_compatibility_compatible_refusal_or_external_authority_fail_closed_boundary_with_runtime_or_source_anchor_proof
FPR-P4-REFUSAL-00105,FPR-P3-DECLARED-00583,583,firebird,project/src/parsers/compatibility/firebird,firebird.isql.input_data_block,EXTERNAL_AUTHORITY,project/src/parsers/compatibility/firebird/firebird_dialect.cpp#ClassifyIsqlOperation:firebird.isql.input_data_block,ClassifyIsqlOperation,isql_operation;classifier=ClassifyIsqlOperation,isql_operation;classifier=ClassifyIsqlOperation,external_files_connectors_tools_or_provider_authority_require_trusted_engine_operator_boundary_fail_closed,FIREBIRD.ISQL.EMULATION_ROUTE,FIREBIRD.ISQL.EMULATION_ROUTE,fail_closed_external_authority,sblr.external.firebird.firebird_isql_input_data_block.3fe88f7fd6,no_local_or_provider_execution_without_trusted_engine_admission,parser_may_emit_SBLRExecutionEnvelope_v3_only;parser_execution_storage_transaction_finality_authority_forbidden,compatibility_sql_not_executed;compatibility_storage_authority_false;compatibility_transaction_finality_authority_forbidden,engine_owned_MGA_transaction_finality_only;parser_compatibility_provider_finality_forbidden,project/src/parsers/compatibility/firebird/firebird_dialect.cpp#ClassifyIsqlOperation:firebird.isql.input_data_block,project/tests/compatibility_sql_parser_first_tranche/parser_refusal_reduction_gate.py,source_anchor_message_vector,p4_refusal_reduction_verified,row_preserves_compatibility_compatible_refusal_or_external_authority_fail_closed_boundary_with_runtime_or_source_anchor_proof
FPR-P4-REFUSAL-00106,FPR-P3-DECLARED-00584,584,firebird,project/src/parsers/compatibility/firebird,firebird.isql.connect,EXTERNAL_AUTHORITY,project/src/parsers/compatibility/firebird/firebird_dialect.cpp#ClassifyIsqlOperation:firebird.isql.connect,ClassifyIsqlOperation,isql_operation;classifier=ClassifyIsqlOperation,isql_operation;classifier=ClassifyIsqlOperation,external_files_connectors_tools_or_provider_authority_require_trusted_engine_operator_boundary_fail_closed,FIREBIRD.ISQL.EMULATION_ROUTE,FIREBIRD.ISQL.EMULATION_ROUTE,fail_closed_external_authority,sblr.external.firebird.firebird_isql_connect.8d19f9cb12,no_local_or_provider_execution_without_trusted_engine_admission,parser_may_emit_SBLRExecutionEnvelope_v3_only;parser_execution_storage_transaction_finality_authority_forbidden,compatibility_sql_not_executed;compatibility_storage_authority_false;compatibility_transaction_finality_authority_forbidden,engine_owned_MGA_transaction_finality_only;parser_compatibility_provider_finality_forbidden,project/src/parsers/compatibility/firebird/firebird_dialect.cpp#ClassifyIsqlOperation:firebird.isql.connect,project/tests/compatibility_sql_parser_first_tranche/parser_refusal_reduction_gate.py,source_anchor_message_vector,p4_refusal_reduction_verified,row_preserves_compatibility_compatible_refusal_or_external_authority_fail_closed_boundary_with_runtime_or_source_anchor_proof
FPR-P4-REFUSAL-00107,FPR-P3-DECLARED-00585,585,firebird,project/src/parsers/compatibility/firebird,firebird.isql.disconnect,EXTERNAL_AUTHORITY,project/src/parsers/compatibility/firebird/firebird_dialect.cpp#ClassifyIsqlOperation:firebird.isql.disconnect,ClassifyIsqlOperation,isql_operation;classifier=ClassifyIsqlOperation,isql_operation;classifier=ClassifyIsqlOperation,external_files_connectors_tools_or_provider_authority_require_trusted_engine_operator_boundary_fail_closed,FIREBIRD.ISQL.EMULATION_ROUTE,FIREBIRD.ISQL.EMULATION_ROUTE,fail_closed_external_authority,sblr.external.firebird.firebird_isql_disconnect.3b9dc8a8fe,no_local_or_provider_execution_without_trusted_engine_admission,parser_may_emit_SBLRExecutionEnvelope_v3_only;parser_execution_storage_transaction_finality_authority_forbidden,compatibility_sql_not_executed;compatibility_storage_authority_false;compatibility_transaction_finality_authority_forbidden,engine_owned_MGA_transaction_finality_only;parser_compatibility_provider_finality_forbidden,project/src/parsers/compatibility/firebird/firebird_dialect.cpp#ClassifyIsqlOperation:firebird.isql.disconnect,project/tests/compatibility_sql_parser_first_tranche/parser_refusal_reduction_gate.py,source_anchor_message_vector,p4_refusal_reduction_verified,row_preserves_compatibility_compatible_refusal_or_external_authority_fail_closed_boundary_with_runtime_or_source_anchor_proof
FPR-P4-REFUSAL-00108,FPR-P3-DECLARED-00586,586,firebird,project/src/parsers/compatibility/firebird,firebird.isql.set,EXTERNAL_AUTHORITY,project/src/parsers/compatibility/firebird/firebird_dialect.cpp#ClassifyIsqlOperation:firebird.isql.set,ClassifyIsqlOperation,isql_operation;classifier=ClassifyIsqlOperation,isql_operation;classifier=ClassifyIsqlOperation,external_files_connectors_tools_or_provider_authority_require_trusted_engine_operator_boundary_fail_closed,FIREBIRD.ISQL.EMULATION_ROUTE,FIREBIRD.ISQL.EMULATION_ROUTE,fail_closed_external_authority,sblr.external.firebird.firebird_isql_set.407c624a12,no_local_or_provider_execution_without_trusted_engine_admission,parser_may_emit_SBLRExecutionEnvelope_v3_only;parser_execution_storage_transaction_finality_authority_forbidden,compatibility_sql_not_executed;compatibility_storage_authority_false;compatibility_transaction_finality_authority_forbidden,engine_owned_MGA_transaction_finality_only;parser_compatibility_provider_finality_forbidden,project/src/parsers/compatibility/firebird/firebird_dialect.cpp#ClassifyIsqlOperation:firebird.isql.set,project/tests/compatibility_sql_parser_first_tranche/parser_refusal_reduction_gate.py,source_anchor_message_vector,p4_refusal_reduction_verified,row_preserves_compatibility_compatible_refusal_or_external_authority_fail_closed_boundary_with_runtime_or_source_anchor_proof
FPR-P4-REFUSAL-00109,FPR-P3-DECLARED-00587,587,firebird,project/src/parsers/compatibility/firebird,firebird.isql.show,EXTERNAL_AUTHORITY,project/src/parsers/compatibility/firebird/firebird_dialect.cpp#ClassifyIsqlOperation:firebird.isql.show,ClassifyIsqlOperation,isql_operation;classifier=ClassifyIsqlOperation,isql_operation;classifier=ClassifyIsqlOperation,external_files_connectors_tools_or_provider_authority_require_trusted_engine_operator_boundary_fail_closed,FIREBIRD.ISQL.EMULATION_ROUTE,FIREBIRD.ISQL.EMULATION_ROUTE,fail_closed_external_authority,sblr.external.firebird.firebird_isql_show.7bae1808ed,no_local_or_provider_execution_without_trusted_engine_admission,parser_may_emit_SBLRExecutionEnvelope_v3_only;parser_execution_storage_transaction_finality_authority_forbidden,compatibility_sql_not_executed;compatibility_storage_authority_false;compatibility_transaction_finality_authority_forbidden,engine_owned_MGA_transaction_finality_only;parser_compatibility_provider_finality_forbidden,project/src/parsers/compatibility/firebird/firebird_dialect.cpp#ClassifyIsqlOperation:firebird.isql.show,project/tests/compatibility_sql_parser_first_tranche/parser_refusal_reduction_gate.py,source_anchor_message_vector,p4_refusal_reduction_verified,row_preserves_compatibility_compatible_refusal_or_external_authority_fail_closed_boundary_with_runtime_or_source_anchor_proof
FPR-P4-REFUSAL-00110,FPR-P3-DECLARED-00588,588,firebird,project/src/parsers/compatibility/firebird,firebird.isql.extract,EXTERNAL_AUTHORITY,project/src/parsers/compatibility/firebird/firebird_dialect.cpp#ClassifyIsqlOperation:firebird.isql.extract,ClassifyIsqlOperation,isql_operation;classifier=ClassifyIsqlOperation,isql_operation;classifier=ClassifyIsqlOperation,external_files_connectors_tools_or_provider_authority_require_trusted_engine_operator_boundary_fail_closed,FIREBIRD.ISQL.EMULATION_ROUTE,FIREBIRD.ISQL.EMULATION_ROUTE,fail_closed_external_authority,sblr.external.firebird.firebird_isql_extract.afb4c49f37,no_local_or_provider_execution_without_trusted_engine_admission,parser_may_emit_SBLRExecutionEnvelope_v3_only;parser_execution_storage_transaction_finality_authority_forbidden,compatibility_sql_not_executed;compatibility_storage_authority_false;compatibility_transaction_finality_authority_forbidden,engine_owned_MGA_transaction_finality_only;parser_compatibility_provider_finality_forbidden,project/src/parsers/compatibility/firebird/firebird_dialect.cpp#ClassifyIsqlOperation:firebird.isql.extract,project/tests/compatibility_sql_parser_first_tranche/parser_refusal_reduction_gate.py,source_anchor_message_vector,p4_refusal_reduction_verified,row_preserves_compatibility_compatible_refusal_or_external_authority_fail_closed_boundary_with_runtime_or_source_anchor_proof
FPR-P4-REFUSAL-00111,FPR-P3-DECLARED-00589,589,firebird,project/src/parsers/compatibility/firebird,firebird.isql.input,EXTERNAL_AUTHORITY,project/src/parsers/compatibility/firebird/firebird_dialect.cpp#ClassifyIsqlOperation:firebird.isql.input,ClassifyIsqlOperation,isql_operation;classifier=ClassifyIsqlOperation,isql_operation;classifier=ClassifyIsqlOperation,external_files_connectors_tools_or_provider_authority_require_trusted_engine_operator_boundary_fail_closed,FIREBIRD.ISQL.EMULATION_ROUTE,FIREBIRD.ISQL.EMULATION_ROUTE,fail_closed_external_authority,sblr.external.firebird.firebird_isql_input.831ef4f26b,no_local_or_provider_execution_without_trusted_engine_admission,parser_may_emit_SBLRExecutionEnvelope_v3_only;parser_execution_storage_transaction_finality_authority_forbidden,compatibility_sql_not_executed;compatibility_storage_authority_false;compatibility_transaction_finality_authority_forbidden,engine_owned_MGA_transaction_finality_only;parser_compatibility_provider_finality_forbidden,project/src/parsers/compatibility/firebird/firebird_dialect.cpp#ClassifyIsqlOperation:firebird.isql.input,project/tests/compatibility_sql_parser_first_tranche/parser_refusal_reduction_gate.py,source_anchor_message_vector,p4_refusal_reduction_verified,row_preserves_compatibility_compatible_refusal_or_external_authority_fail_closed_boundary_with_runtime_or_source_anchor_proof
FPR-P4-REFUSAL-00112,FPR-P3-DECLARED-00590,590,firebird,project/src/parsers/compatibility/firebird,firebird.isql.output,EXTERNAL_AUTHORITY,project/src/parsers/compatibility/firebird/firebird_dialect.cpp#ClassifyIsqlOperation:firebird.isql.output,ClassifyIsqlOperation,isql_operation;classifier=ClassifyIsqlOperation,isql_operation;classifier=ClassifyIsqlOperation,external_files_connectors_tools_or_provider_authority_require_trusted_engine_operator_boundary_fail_closed,FIREBIRD.ISQL.EMULATION_ROUTE,FIREBIRD.ISQL.EMULATION_ROUTE,fail_closed_external_authority,sblr.external.firebird.firebird_isql_output.fada38e00c,no_local_or_provider_execution_without_trusted_engine_admission,parser_may_emit_SBLRExecutionEnvelope_v3_only;parser_execution_storage_transaction_finality_authority_forbidden,compatibility_sql_not_executed;compatibility_storage_authority_false;compatibility_transaction_finality_authority_forbidden,engine_owned_MGA_transaction_finality_only;parser_compatibility_provider_finality_forbidden,project/src/parsers/compatibility/firebird/firebird_dialect.cpp#ClassifyIsqlOperation:firebird.isql.output,project/tests/compatibility_sql_parser_first_tranche/parser_refusal_reduction_gate.py,source_anchor_message_vector,p4_refusal_reduction_verified,row_preserves_compatibility_compatible_refusal_or_external_authority_fail_closed_boundary_with_runtime_or_source_anchor_proof
FPR-P4-REFUSAL-00113,FPR-P3-DECLARED-00591,591,firebird,project/src/parsers/compatibility/firebird,firebird.isql.help,EXTERNAL_AUTHORITY,project/src/parsers/compatibility/firebird/firebird_dialect.cpp#ClassifyIsqlOperation:firebird.isql.help,ClassifyIsqlOperation,isql_operation;classifier=ClassifyIsqlOperation,isql_operation;classifier=ClassifyIsqlOperation,external_files_connectors_tools_or_provider_authority_require_trusted_engine_operator_boundary_fail_closed,FIREBIRD.ISQL.EMULATION_ROUTE,FIREBIRD.ISQL.EMULATION_ROUTE,fail_closed_external_authority,sblr.external.firebird.firebird_isql_help.e26c7a4dc4,no_local_or_provider_execution_without_trusted_engine_admission,parser_may_emit_SBLRExecutionEnvelope_v3_only;parser_execution_storage_transaction_finality_authority_forbidden,compatibility_sql_not_executed;compatibility_storage_authority_false;compatibility_transaction_finality_authority_forbidden,engine_owned_MGA_transaction_finality_only;parser_compatibility_provider_finality_forbidden,project/src/parsers/compatibility/firebird/firebird_dialect.cpp#ClassifyIsqlOperation:firebird.isql.help,project/tests/compatibility_sql_parser_first_tranche/parser_refusal_reduction_gate.py,source_anchor_message_vector,p4_refusal_reduction_verified,row_preserves_compatibility_compatible_refusal_or_external_authority_fail_closed_boundary_with_runtime_or_source_anchor_proof
FPR-P4-REFUSAL-00114,FPR-P3-DECLARED-00592,592,firebird,project/src/parsers/compatibility/firebird,firebird.isql.exit,EXTERNAL_AUTHORITY,project/src/parsers/compatibility/firebird/firebird_dialect.cpp#ClassifyIsqlOperation:firebird.isql.exit,ClassifyIsqlOperation,isql_operation;classifier=ClassifyIsqlOperation,isql_operation;classifier=ClassifyIsqlOperation,external_files_connectors_tools_or_provider_authority_require_trusted_engine_operator_boundary_fail_closed,FIREBIRD.ISQL.EMULATION_ROUTE,FIREBIRD.ISQL.EMULATION_ROUTE,fail_closed_external_authority,sblr.external.firebird.firebird_isql_exit.f25d663c96,no_local_or_provider_execution_without_trusted_engine_admission,parser_may_emit_SBLRExecutionEnvelope_v3_only;parser_execution_storage_transaction_finality_authority_forbidden,compatibility_sql_not_executed;compatibility_storage_authority_false;compatibility_transaction_finality_authority_forbidden,engine_owned_MGA_transaction_finality_only;parser_compatibility_provider_finality_forbidden,project/src/parsers/compatibility/firebird/firebird_dialect.cpp#ClassifyIsqlOperation:firebird.isql.exit,project/tests/compatibility_sql_parser_first_tranche/parser_refusal_reduction_gate.py,source_anchor_message_vector,p4_refusal_reduction_verified,row_preserves_compatibility_compatible_refusal_or_external_authority_fail_closed_boundary_with_runtime_or_source_anchor_proof
FPR-P4-REFUSAL-00115,FPR-P3-DECLARED-00593,593,firebird,project/src/parsers/compatibility/firebird,firebird.isql.frontend_utility,EXTERNAL_AUTHORITY,project/src/parsers/compatibility/firebird/firebird_dialect.cpp#ClassifyIsqlOperation:firebird.isql.frontend_utility,ClassifyIsqlOperation,isql_operation;classifier=ClassifyIsqlOperation,isql_operation;classifier=ClassifyIsqlOperation,external_files_connectors_tools_or_provider_authority_require_trusted_engine_operator_boundary_fail_closed,FIREBIRD.ISQL.EMULATION_ROUTE,FIREBIRD.ISQL.EMULATION_ROUTE,fail_closed_external_authority,sblr.external.firebird.firebird_isql_frontend_utility.28452907ec,no_local_or_provider_execution_without_trusted_engine_admission,parser_may_emit_SBLRExecutionEnvelope_v3_only;parser_execution_storage_transaction_finality_authority_forbidden,compatibility_sql_not_executed;compatibility_storage_authority_false;compatibility_transaction_finality_authority_forbidden,engine_owned_MGA_transaction_finality_only;parser_compatibility_provider_finality_forbidden,project/src/parsers/compatibility/firebird/firebird_dialect.cpp#ClassifyIsqlOperation:firebird.isql.frontend_utility,project/tests/compatibility_sql_parser_first_tranche/parser_refusal_reduction_gate.py,source_anchor_message_vector,p4_refusal_reduction_verified,row_preserves_compatibility_compatible_refusal_or_external_authority_fail_closed_boundary_with_runtime_or_source_anchor_proof
FPR-P4-REFUSAL-00116,FPR-P3-DECLARED-00633,633,firebird,project/src/parsers/compatibility/firebird,firebird.catalog_overlay.read_only_violation,ARCHITECTURE_REFUSAL,project/src/parsers/compatibility/firebird/firebird_dialect.cpp#ParseStatement:firebird.catalog_overlay.read_only_violation,ParseStatement,parse_statement_terminal_family,parse_statement_terminal_family,compatibility_surface_conflicts_with_parser_or_single_node_engine_authority_exact_fail_closed,FIREBIRD.CATALOG_OVERLAY.READ_ONLY,FIREBIRD.CATALOG_OVERLAY.READ_ONLY,exact_fail_closed_refusal,sblr.refusal.firebird.firebird_catalog_overlay_read_only_violation.d8229cc4fc,no_provider_or_compatibility_execution_for_exact_refusal,parser_may_emit_SBLRExecutionEnvelope_v3_only;parser_execution_storage_transaction_finality_authority_forbidden,compatibility_sql_not_executed;compatibility_storage_authority_false;compatibility_transaction_finality_authority_forbidden,engine_owned_MGA_transaction_finality_only;parser_compatibility_provider_finality_forbidden,project/src/parsers/compatibility/firebird/firebird_dialect.cpp#ParseStatement:firebird.catalog_overlay.read_only_violation,project/tests/compatibility_sql_parser_first_tranche/parser_refusal_reduction_gate.py,source_anchor_message_vector,p4_refusal_reduction_verified,row_preserves_compatibility_compatible_refusal_or_external_authority_fail_closed_boundary_with_runtime_or_source_anchor_proof
FPR-P4-REFUSAL-00117,FPR-P3-DECLARED-00634,634,firebird,project/src/parsers/compatibility/firebird,firebird.invalid_input,ARCHITECTURE_REFUSAL,project/src/parsers/compatibility/firebird/firebird_dialect.cpp#ParseStatement:firebird.invalid_input,ParseStatement,parse_statement_terminal_family,parse_statement_terminal_family,compatibility_surface_conflicts_with_parser_or_single_node_engine_authority_exact_fail_closed,FIREBIRD.PARSE.INVALID_INPUT,FIREBIRD.PARSE.INVALID_INPUT,exact_fail_closed_refusal,sblr.refusal.firebird.firebird_invalid_input.1ab3bd0644,no_provider_or_compatibility_execution_for_exact_refusal,parser_may_emit_SBLRExecutionEnvelope_v3_only;parser_execution_storage_transaction_finality_authority_forbidden,compatibility_sql_not_executed;compatibility_storage_authority_false;compatibility_transaction_finality_authority_forbidden,engine_owned_MGA_transaction_finality_only;parser_compatibility_provider_finality_forbidden,project/src/parsers/compatibility/firebird/firebird_dialect.cpp#ParseStatement:firebird.invalid_input,project/tests/compatibility_sql_parser_first_tranche/parser_refusal_reduction_gate.py,source_anchor_message_vector,p4_refusal_reduction_verified,row_preserves_compatibility_compatible_refusal_or_external_authority_fail_closed_boundary_with_runtime_or_source_anchor_proof
FPR-P4-REFUSAL-00118,FPR-P3-DECLARED-00635,635,firebird,project/src/parsers/compatibility/firebird,source_marker:unsupported,ARCHITECTURE_REFUSAL,project/src/parsers/compatibility/firebird/firebird_dialect.cpp#marker:unsupported,marker,source_marker_requires_review,source_marker_requires_review,compatibility_surface_conflicts_with_parser_or_single_node_engine_authority_exact_fail_closed,FIREBIRD.PARSE.INVALID_INPUT,FIREBIRD.PARSE.INVALID_INPUT,exact_fail_closed_refusal,sblr.refusal.firebird.source_marker_unsupported.5d4fa1f766,no_provider_or_compatibility_execution_for_exact_refusal,parser_may_emit_SBLRExecutionEnvelope_v3_only;parser_execution_storage_transaction_finality_authority_forbidden,compatibility_sql_not_executed;compatibility_storage_authority_false;compatibility_transaction_finality_authority_forbidden,engine_owned_MGA_transaction_finality_only;parser_compatibility_provider_finality_forbidden,project/src/parsers/compatibility/firebird/firebird_dialect.cpp#marker:unsupported,project/tests/compatibility_sql_parser_first_tranche/parser_refusal_reduction_gate.py,source_anchor_message_vector,p4_refusal_reduction_verified,row_preserves_compatibility_compatible_refusal_or_external_authority_fail_closed_boundary_with_runtime_or_source_anchor_proof
FPR-P4-REFUSAL-00119,FPR-P3-DECLARED-00690,690,foundationdb,project/src/parsers/compatibility/foundationdb,diagnostic_surface:policy,ARCHITECTURE_REFUSAL,project/src/parsers/compatibility/foundationdb/foundationdb_dialect.cpp#kDiagnosticSurfaces:policy,kDiagnosticSurfaces,fail_closed;surface=FOUNDATIONDB.AUTHORITY.*,fail_closed;surface=FOUNDATIONDB.AUTHORITY.*,compatibility_surface_conflicts_with_parser_or_single_node_engine_authority_exact_fail_closed,FOUNDATIONDB.AUTHORITY.*,FOUNDATIONDB.AUTHORITY.*,exact_fail_closed_refusal,sblr.refusal.foundationdb.diagnostic_surface_policy.32ed304b81,no_provider_or_compatibility_execution_for_exact_refusal,parser_may_emit_SBLRExecutionEnvelope_v3_only;parser_execution_storage_transaction_finality_authority_forbidden,compatibility_sql_not_executed;compatibility_storage_authority_false;compatibility_transaction_finality_authority_forbidden,engine_owned_MGA_transaction_finality_only;parser_compatibility_provider_finality_forbidden,project/src/parsers/compatibility/foundationdb/foundationdb_dialect.cpp#kDiagnosticSurfaces:policy,project/tests/compatibility_sql_parser_first_tranche/parser_refusal_reduction_gate.py,source_anchor_message_vector,p4_refusal_reduction_verified,row_preserves_compatibility_compatible_refusal_or_external_authority_fail_closed_boundary_with_runtime_or_source_anchor_proof
FPR-P4-REFUSAL-00120,FPR-P3-DECLARED-00699,699,foundationdb,project/src/parsers/compatibility/foundationdb,source_marker:unsupported,ARCHITECTURE_REFUSAL,project/src/parsers/compatibility/foundationdb/foundationdb_dialect.cpp#marker:unsupported,marker,source_marker_requires_review,source_marker_requires_review,compatibility_surface_conflicts_with_parser_or_single_node_engine_authority_exact_fail_closed,FOUNDATIONDB.PARSE.UNSUPPORTED_SURFACE,FOUNDATIONDB.PARSE.UNSUPPORTED_SURFACE,exact_fail_closed_refusal,sblr.refusal.foundationdb.source_marker_unsupported.9f75b34ce2,no_provider_or_compatibility_execution_for_exact_refusal,parser_may_emit_SBLRExecutionEnvelope_v3_only;parser_execution_storage_transaction_finality_authority_forbidden,compatibility_sql_not_executed;compatibility_storage_authority_false;compatibility_transaction_finality_authority_forbidden,engine_owned_MGA_transaction_finality_only;parser_compatibility_provider_finality_forbidden,project/src/parsers/compatibility/foundationdb/foundationdb_dialect.cpp#marker:unsupported,project/tests/compatibility_sql_parser_first_tranche/parser_refusal_reduction_gate.py,source_anchor_message_vector,p4_refusal_reduction_verified,row_preserves_compatibility_compatible_refusal_or_external_authority_fail_closed_boundary_with_runtime_or_source_anchor_proof
FPR-P4-REFUSAL-00121,FPR-P3-DECLARED-00726,726,immudb,project/src/parsers/compatibility/immudb,immudb.backup.dump,EXTERNAL_AUTHORITY,project/src/parsers/compatibility/immudb/immudb_dialect.cpp#kPatterns:immudb.backup.dump,kPatterns,kPolicyRefusal;match=DUMP;mapping=immudb.policy.backup.dump;sblr=none;engine_api=none;diagnostic=IMMUDB.AUTHORITY.BACKUP_DENIED,kPolicyRefusal;match=DUMP;mapping=immudb.policy.backup.dump;sblr=none;engine_api=none;diagnostic=IMMUDB.AUTHORITY.BACKUP_DENIED,external_files_connectors_tools_or_provider_authority_require_trusted_engine_operator_boundary_fail_closed,IMMUDB.AUTHORITY.BACKUP_DENIED,IMMUDB.AUTHORITY.BACKUP_DENIED,fail_closed_external_authority,sblr.external.immudb.immudb_backup_dump.21a5638b27,no_local_or_provider_execution_without_trusted_engine_admission,parser_may_emit_SBLRExecutionEnvelope_v3_only;parser_execution_storage_transaction_finality_authority_forbidden,compatibility_sql_not_executed;compatibility_storage_authority_false;compatibility_transaction_finality_authority_forbidden,engine_owned_MGA_transaction_finality_only;parser_compatibility_provider_finality_forbidden,DUMP,project/tests/compatibility_sql_parser_first_tranche/parser_refusal_reduction_gate.py,runtime_parser_refusal,p4_refusal_reduction_verified,row_preserves_compatibility_compatible_refusal_or_external_authority_fail_closed_boundary_with_runtime_or_source_anchor_proof
FPR-P4-REFUSAL-00122,FPR-P3-DECLARED-00727,727,immudb,project/src/parsers/compatibility/immudb,immudb.backup.restore,EXTERNAL_AUTHORITY,project/src/parsers/compatibility/immudb/immudb_dialect.cpp#kPatterns:immudb.backup.restore,kPatterns,kPolicyRefusal;match=RESTORE;mapping=immudb.policy.backup.restore;sblr=none;engine_api=none;diagnostic=IMMUDB.AUTHORITY.BACKUP_DENIED,kPolicyRefusal;match=RESTORE;mapping=immudb.policy.backup.restore;sblr=none;engine_api=none;diagnostic=IMMUDB.AUTHORITY.BACKUP_DENIED,external_files_connectors_tools_or_provider_authority_require_trusted_engine_operator_boundary_fail_closed,IMMUDB.AUTHORITY.BACKUP_DENIED,IMMUDB.AUTHORITY.BACKUP_DENIED,fail_closed_external_authority,sblr.external.immudb.immudb_backup_restore.8d7b4e97e4,no_local_or_provider_execution_without_trusted_engine_admission,parser_may_emit_SBLRExecutionEnvelope_v3_only;parser_execution_storage_transaction_finality_authority_forbidden,compatibility_sql_not_executed;compatibility_storage_authority_false;compatibility_transaction_finality_authority_forbidden,engine_owned_MGA_transaction_finality_only;parser_compatibility_provider_finality_forbidden,RESTORE,project/tests/compatibility_sql_parser_first_tranche/parser_refusal_reduction_gate.py,runtime_parser_refusal,p4_refusal_reduction_verified,row_preserves_compatibility_compatible_refusal_or_external_authority_fail_closed_boundary_with_runtime_or_source_anchor_proof
FPR-P4-REFUSAL-00123,FPR-P3-DECLARED-00757,757,immudb,project/src/parsers/compatibility/immudb,builtin_function_surface:backup,ARCHITECTURE_REFUSAL,project/src/parsers/compatibility/immudb/immudb_dialect.cpp#kBuiltinSurfaces:backup,kBuiltinSurfaces,fail_closed;surface=DUMP;RESTORE,fail_closed;surface=DUMP;RESTORE,compatibility_surface_conflicts_with_parser_or_single_node_engine_authority_exact_fail_closed,DUMP;RESTORE,DUMP,exact_fail_closed_refusal,sblr.refusal.immudb.builtin_function_surface_backup.112f2ac2e3,no_provider_or_compatibility_execution_for_exact_refusal,parser_may_emit_SBLRExecutionEnvelope_v3_only;parser_execution_storage_transaction_finality_authority_forbidden,compatibility_sql_not_executed;compatibility_storage_authority_false;compatibility_transaction_finality_authority_forbidden,engine_owned_MGA_transaction_finality_only;parser_compatibility_provider_finality_forbidden,project/src/parsers/compatibility/immudb/immudb_dialect.cpp#kBuiltinSurfaces:backup,project/tests/compatibility_sql_parser_first_tranche/parser_refusal_reduction_gate.py,source_anchor_message_vector,p4_refusal_reduction_verified,row_preserves_compatibility_compatible_refusal_or_external_authority_fail_closed_boundary_with_runtime_or_source_anchor_proof
FPR-P4-REFUSAL-00124,FPR-P3-DECLARED-00767,767,immudb,project/src/parsers/compatibility/immudb,diagnostic_surface:policy,ARCHITECTURE_REFUSAL,project/src/parsers/compatibility/immudb/immudb_dialect.cpp#kDiagnosticSurfaces:policy,kDiagnosticSurfaces,fail_closed;surface=IMMUDB.AUTHORITY.*,fail_closed;surface=IMMUDB.AUTHORITY.*,compatibility_surface_conflicts_with_parser_or_single_node_engine_authority_exact_fail_closed,IMMUDB.AUTHORITY.*,IMMUDB.AUTHORITY.*,exact_fail_closed_refusal,sblr.refusal.immudb.diagnostic_surface_policy.1617f37088,no_provider_or_compatibility_execution_for_exact_refusal,parser_may_emit_SBLRExecutionEnvelope_v3_only;parser_execution_storage_transaction_finality_authority_forbidden,compatibility_sql_not_executed;compatibility_storage_authority_false;compatibility_transaction_finality_authority_forbidden,engine_owned_MGA_transaction_finality_only;parser_compatibility_provider_finality_forbidden,project/src/parsers/compatibility/immudb/immudb_dialect.cpp#kDiagnosticSurfaces:policy,project/tests/compatibility_sql_parser_first_tranche/parser_refusal_reduction_gate.py,source_anchor_message_vector,p4_refusal_reduction_verified,row_preserves_compatibility_compatible_refusal_or_external_authority_fail_closed_boundary_with_runtime_or_source_anchor_proof
FPR-P4-REFUSAL-00125,FPR-P3-DECLARED-00776,776,immudb,project/src/parsers/compatibility/immudb,source_marker:unsupported,ARCHITECTURE_REFUSAL,project/src/parsers/compatibility/immudb/immudb_dialect.cpp#marker:unsupported,marker,source_marker_requires_review,source_marker_requires_review,compatibility_surface_conflicts_with_parser_or_single_node_engine_authority_exact_fail_closed,IMMUDB.PARSE.UNSUPPORTED_SURFACE,IMMUDB.PARSE.UNSUPPORTED_SURFACE,exact_fail_closed_refusal,sblr.refusal.immudb.source_marker_unsupported.3109a4b931,no_provider_or_compatibility_execution_for_exact_refusal,parser_may_emit_SBLRExecutionEnvelope_v3_only;parser_execution_storage_transaction_finality_authority_forbidden,compatibility_sql_not_executed;compatibility_storage_authority_false;compatibility_transaction_finality_authority_forbidden,engine_owned_MGA_transaction_finality_only;parser_compatibility_provider_finality_forbidden,project/src/parsers/compatibility/immudb/immudb_dialect.cpp#marker:unsupported,project/tests/compatibility_sql_parser_first_tranche/parser_refusal_reduction_gate.py,source_anchor_message_vector,p4_refusal_reduction_verified,row_preserves_compatibility_compatible_refusal_or_external_authority_fail_closed_boundary_with_runtime_or_source_anchor_proof
FPR-P4-REFUSAL-00126,FPR-P3-DECLARED-00819,819,influxdb,project/src/parsers/compatibility/influxdb,diagnostic_surface:policy,ARCHITECTURE_REFUSAL,project/src/parsers/compatibility/influxdb/influxdb_dialect.cpp#kDiagnosticSurfaces:policy,kDiagnosticSurfaces,fail_closed;surface=INFLUXDB.AUTHORITY.*,fail_closed;surface=INFLUXDB.AUTHORITY.*,compatibility_surface_conflicts_with_parser_or_single_node_engine_authority_exact_fail_closed,INFLUXDB.AUTHORITY.*,INFLUXDB.AUTHORITY.*,exact_fail_closed_refusal,sblr.refusal.influxdb.diagnostic_surface_policy.59f8e37942,no_provider_or_compatibility_execution_for_exact_refusal,parser_may_emit_SBLRExecutionEnvelope_v3_only;parser_execution_storage_transaction_finality_authority_forbidden,compatibility_sql_not_executed;compatibility_storage_authority_false;compatibility_transaction_finality_authority_forbidden,engine_owned_MGA_transaction_finality_only;parser_compatibility_provider_finality_forbidden,project/src/parsers/compatibility/influxdb/influxdb_dialect.cpp#kDiagnosticSurfaces:policy,project/tests/compatibility_sql_parser_first_tranche/parser_refusal_reduction_gate.py,source_anchor_message_vector,p4_refusal_reduction_verified,row_preserves_compatibility_compatible_refusal_or_external_authority_fail_closed_boundary_with_runtime_or_source_anchor_proof
FPR-P4-REFUSAL-00127,FPR-P3-DECLARED-00828,828,influxdb,project/src/parsers/compatibility/influxdb,source_marker:unsupported,ARCHITECTURE_REFUSAL,project/src/parsers/compatibility/influxdb/influxdb_dialect.cpp#marker:unsupported,marker,source_marker_requires_review,source_marker_requires_review,compatibility_surface_conflicts_with_parser_or_single_node_engine_authority_exact_fail_closed,INFLUXDB.PARSE.UNSUPPORTED_SURFACE,INFLUXDB.PARSE.UNSUPPORTED_SURFACE,exact_fail_closed_refusal,sblr.refusal.influxdb.source_marker_unsupported.2eb6efdc63,no_provider_or_compatibility_execution_for_exact_refusal,parser_may_emit_SBLRExecutionEnvelope_v3_only;parser_execution_storage_transaction_finality_authority_forbidden,compatibility_sql_not_executed;compatibility_storage_authority_false;compatibility_transaction_finality_authority_forbidden,engine_owned_MGA_transaction_finality_only;parser_compatibility_provider_finality_forbidden,project/src/parsers/compatibility/influxdb/influxdb_dialect.cpp#marker:unsupported,project/tests/compatibility_sql_parser_first_tranche/parser_refusal_reduction_gate.py,source_anchor_message_vector,p4_refusal_reduction_verified,row_preserves_compatibility_compatible_refusal_or_external_authority_fail_closed_boundary_with_runtime_or_source_anchor_proof
FPR-P4-REFUSAL-00128,FPR-P3-DECLARED-00829,829,mariadb,project/src/parsers/compatibility/mariadb,mariadb.plugin.install_soname,ARCHITECTURE_REFUSAL,project/src/parsers/compatibility/mariadb/mariadb_dialect.cpp#kPatterns:mariadb.plugin.install_soname,kPatterns,kPolicyRefusal;match=INSTALL SONAME;mapping=mariadb.policy.plugin.install_soname;sblr=none;engine_api=none;diagnostic=MARIADB.AUTHORITY.PLUGIN_DENIED,kPolicyRefusal;match=INSTALL SONAME;mapping=mariadb.policy.plugin.install_soname;sblr=none;engine_api=none;diagnostic=MARIADB.AUTHORITY.PLUGIN_DENIED,compatibility_surface_conflicts_with_parser_or_single_node_engine_authority_exact_fail_closed,MARIADB.AUTHORITY.PLUGIN_DENIED,MARIADB.AUTHORITY.PLUGIN_DENIED,exact_fail_closed_refusal,sblr.refusal.mariadb.mariadb_plugin_install_soname.2f65be3c98,no_provider_or_compatibility_execution_for_exact_refusal,parser_may_emit_SBLRExecutionEnvelope_v3_only;parser_execution_storage_transaction_finality_authority_forbidden,compatibility_sql_not_executed;compatibility_storage_authority_false;compatibility_transaction_finality_authority_forbidden,engine_owned_MGA_transaction_finality_only;parser_compatibility_provider_finality_forbidden,INSTALL SONAME,project/tests/compatibility_sql_parser_first_tranche/parser_refusal_reduction_gate.py,runtime_parser_refusal,p4_refusal_reduction_verified,row_preserves_compatibility_compatible_refusal_or_external_authority_fail_closed_boundary_with_runtime_or_source_anchor_proof
FPR-P4-REFUSAL-00129,FPR-P3-DECLARED-00830,830,mariadb,project/src/parsers/compatibility/mariadb,mariadb.plugin.uninstall_soname,ARCHITECTURE_REFUSAL,project/src/parsers/compatibility/mariadb/mariadb_dialect.cpp#kPatterns:mariadb.plugin.uninstall_soname,kPatterns,kPolicyRefusal;match=UNINSTALL SONAME;mapping=mariadb.policy.plugin.uninstall_soname;sblr=none;engine_api=none;diagnostic=MARIADB.AUTHORITY.PLUGIN_DENIED,kPolicyRefusal;match=UNINSTALL SONAME;mapping=mariadb.policy.plugin.uninstall_soname;sblr=none;engine_api=none;diagnostic=MARIADB.AUTHORITY.PLUGIN_DENIED,compatibility_surface_conflicts_with_parser_or_single_node_engine_authority_exact_fail_closed,MARIADB.AUTHORITY.PLUGIN_DENIED,MARIADB.AUTHORITY.PLUGIN_DENIED,exact_fail_closed_refusal,sblr.refusal.mariadb.mariadb_plugin_uninstall_soname.c6df89c2d0,no_provider_or_compatibility_execution_for_exact_refusal,parser_may_emit_SBLRExecutionEnvelope_v3_only;parser_execution_storage_transaction_finality_authority_forbidden,compatibility_sql_not_executed;compatibility_storage_authority_false;compatibility_transaction_finality_authority_forbidden,engine_owned_MGA_transaction_finality_only;parser_compatibility_provider_finality_forbidden,UNINSTALL SONAME,project/tests/compatibility_sql_parser_first_tranche/parser_refusal_reduction_gate.py,runtime_parser_refusal,p4_refusal_reduction_verified,row_preserves_compatibility_compatible_refusal_or_external_authority_fail_closed_boundary_with_runtime_or_source_anchor_proof
FPR-P4-REFUSAL-00130,FPR-P3-DECLARED-00831,831,mariadb,project/src/parsers/compatibility/mariadb,mariadb.bulk_io.backup_stage,EXTERNAL_AUTHORITY,project/src/parsers/compatibility/mariadb/mariadb_dialect.cpp#kPatterns:mariadb.bulk_io.backup_stage,kPatterns,kPolicyRefusal;match=BACKUP STAGE;mapping=mariadb.policy.backup_stage;sblr=none;engine_api=none;diagnostic=MARIADB.AUTHORITY.FILE_IO_DENIED,kPolicyRefusal;match=BACKUP STAGE;mapping=mariadb.policy.backup_stage;sblr=none;engine_api=none;diagnostic=MARIADB.AUTHORITY.FILE_IO_DENIED,external_files_connectors_tools_or_provider_authority_require_trusted_engine_operator_boundary_fail_closed,MARIADB.AUTHORITY.FILE_IO_DENIED,MARIADB.AUTHORITY.FILE_IO_DENIED,fail_closed_external_authority,sblr.external.mariadb.mariadb_bulk_io_backup_stage.00786c1c9d,no_local_or_provider_execution_without_trusted_engine_admission,parser_may_emit_SBLRExecutionEnvelope_v3_only;parser_execution_storage_transaction_finality_authority_forbidden,compatibility_sql_not_executed;compatibility_storage_authority_false;compatibility_transaction_finality_authority_forbidden,engine_owned_MGA_transaction_finality_only;parser_compatibility_provider_finality_forbidden,BACKUP STAGE,project/tests/compatibility_sql_parser_first_tranche/parser_refusal_reduction_gate.py,runtime_parser_refusal,p4_refusal_reduction_verified,row_preserves_compatibility_compatible_refusal_or_external_authority_fail_closed_boundary_with_runtime_or_source_anchor_proof
FPR-P4-REFUSAL-00131,FPR-P3-DECLARED-00838,838,mariadb,project/src/parsers/compatibility/mariadb,mariadb.session_admin.kill,ARCHITECTURE_REFUSAL,project/src/parsers/compatibility/mariadb/mariadb_dialect.cpp#kPatterns:mariadb.session_admin.kill,kPatterns,kSecurityRefusal;match=KILL;mapping=mariadb.policy.kill;sblr=none;engine_api=none;diagnostic=MARIADB.AUTHORITY.SESSION_ADMIN_DENIED,kSecurityRefusal;match=KILL;mapping=mariadb.policy.kill;sblr=none;engine_api=none;diagnostic=MARIADB.AUTHORITY.SESSION_ADMIN_DENIED,compatibility_surface_conflicts_with_parser_or_single_node_engine_authority_exact_fail_closed,MARIADB.AUTHORITY.SESSION_ADMIN_DENIED,MARIADB.AUTHORITY.SESSION_ADMIN_DENIED,exact_fail_closed_refusal,sblr.refusal.mariadb.mariadb_session_admin_kill.ef757602bc,no_provider_or_compatibility_execution_for_exact_refusal,parser_may_emit_SBLRExecutionEnvelope_v3_only;parser_execution_storage_transaction_finality_authority_forbidden,compatibility_sql_not_executed;compatibility_storage_authority_false;compatibility_transaction_finality_authority_forbidden,engine_owned_MGA_transaction_finality_only;parser_compatibility_provider_finality_forbidden,KILL,project/tests/compatibility_sql_parser_first_tranche/parser_refusal_reduction_gate.py,runtime_parser_refusal,p4_refusal_reduction_verified,row_preserves_compatibility_compatible_refusal_or_external_authority_fail_closed_boundary_with_runtime_or_source_anchor_proof
FPR-P4-REFUSAL-00132,FPR-P3-DECLARED-00841,841,mariadb,project/src/parsers/compatibility/mariadb,mariadb.bulk_io.load_data_infile,EXTERNAL_AUTHORITY,project/src/parsers/compatibility/mariadb/mariadb_dialect.cpp#kPatterns:mariadb.bulk_io.load_data_infile,kPatterns,kPolicyRefusal;match=LOAD DATA INFILE;mapping=mariadb.policy.file.load_data_infile;sblr=none;engine_api=none;diagnostic=MARIADB.AUTHORITY.FILE_IO_DENIED,kPolicyRefusal;match=LOAD DATA INFILE;mapping=mariadb.policy.file.load_data_infile;sblr=none;engine_api=none;diagnostic=MARIADB.AUTHORITY.FILE_IO_DENIED,external_files_connectors_tools_or_provider_authority_require_trusted_engine_operator_boundary_fail_closed,MARIADB.AUTHORITY.FILE_IO_DENIED,MARIADB.AUTHORITY.FILE_IO_DENIED,fail_closed_external_authority,sblr.external.mariadb.mariadb_bulk_io_load_data_infile.d59eb022ea,no_local_or_provider_execution_without_trusted_engine_admission,parser_may_emit_SBLRExecutionEnvelope_v3_only;parser_execution_storage_transaction_finality_authority_forbidden,compatibility_sql_not_executed;compatibility_storage_authority_false;compatibility_transaction_finality_authority_forbidden,engine_owned_MGA_transaction_finality_only;parser_compatibility_provider_finality_forbidden,LOAD DATA INFILE '/tmp/x.csv' INTO TABLE t,project/tests/compatibility_sql_parser_first_tranche/parser_refusal_reduction_gate.py,runtime_parser_refusal,p4_refusal_reduction_verified,row_preserves_compatibility_compatible_refusal_or_external_authority_fail_closed_boundary_with_runtime_or_source_anchor_proof
FPR-P4-REFUSAL-00133,FPR-P3-DECLARED-00842,842,mariadb,project/src/parsers/compatibility/mariadb,mariadb.bulk_io.load_file,EXTERNAL_AUTHORITY,project/src/parsers/compatibility/mariadb/mariadb_dialect.cpp#kPatterns:mariadb.bulk_io.load_file,kPatterns,kPolicyRefusal;match=LOAD_FILE;mapping=mariadb.policy.file.load_file;sblr=none;engine_api=none;diagnostic=MARIADB.AUTHORITY.FILE_IO_DENIED,kPolicyRefusal;match=LOAD_FILE;mapping=mariadb.policy.file.load_file;sblr=none;engine_api=none;diagnostic=MARIADB.AUTHORITY.FILE_IO_DENIED,external_files_connectors_tools_or_provider_authority_require_trusted_engine_operator_boundary_fail_closed,MARIADB.AUTHORITY.FILE_IO_DENIED,MARIADB.AUTHORITY.FILE_IO_DENIED,fail_closed_external_authority,sblr.external.mariadb.mariadb_bulk_io_load_file.0ee7133a48,no_local_or_provider_execution_without_trusted_engine_admission,parser_may_emit_SBLRExecutionEnvelope_v3_only;parser_execution_storage_transaction_finality_authority_forbidden,compatibility_sql_not_executed;compatibility_storage_authority_false;compatibility_transaction_finality_authority_forbidden,engine_owned_MGA_transaction_finality_only;parser_compatibility_provider_finality_forbidden,SELECT LOAD_FILE('/tmp/x'),project/tests/compatibility_sql_parser_first_tranche/parser_refusal_reduction_gate.py,runtime_parser_refusal,p4_refusal_reduction_verified,row_preserves_compatibility_compatible_refusal_or_external_authority_fail_closed_boundary_with_runtime_or_source_anchor_proof
FPR-P4-REFUSAL-00134,FPR-P3-DECLARED-00843,843,mariadb,project/src/parsers/compatibility/mariadb,mariadb.bulk_io.select_into_outfile,EXTERNAL_AUTHORITY,project/src/parsers/compatibility/mariadb/mariadb_dialect.cpp#kPatterns:mariadb.bulk_io.select_into_outfile,kPatterns,kPolicyRefusal;match=SELECT|| INTO OUTFILE;mapping=mariadb.policy.file.select_into_outfile;sblr=none;engine_api=none;diagnostic=MARIADB.AUTHORITY.FILE_IO_DENIED,kPolicyRefusal;match=SELECT|| INTO OUTFILE;mapping=mariadb.policy.file.select_into_outfile;sblr=none;engine_api=none;diagnostic=MARIADB.AUTHORITY.FILE_IO_DENIED,external_files_connectors_tools_or_provider_authority_require_trusted_engine_operator_boundary_fail_closed,MARIADB.AUTHORITY.FILE_IO_DENIED,MARIADB.AUTHORITY.FILE_IO_DENIED,fail_closed_external_authority,sblr.external.mariadb.mariadb_bulk_io_select_into_outfile.3b89407f90,no_local_or_provider_execution_without_trusted_engine_admission,parser_may_emit_SBLRExecutionEnvelope_v3_only;parser_execution_storage_transaction_finality_authority_forbidden,compatibility_sql_not_executed;compatibility_storage_authority_false;compatibility_transaction_finality_authority_forbidden,engine_owned_MGA_transaction_finality_only;parser_compatibility_provider_finality_forbidden,SELECT * FROM t INTO OUTFILE '/tmp/x',project/tests/compatibility_sql_parser_first_tranche/parser_refusal_reduction_gate.py,runtime_parser_refusal,p4_refusal_reduction_verified,row_preserves_compatibility_compatible_refusal_or_external_authority_fail_closed_boundary_with_runtime_or_source_anchor_proof
FPR-P4-REFUSAL-00135,FPR-P3-DECLARED-00844,844,mariadb,project/src/parsers/compatibility/mariadb,mariadb.bulk_io.select_into_dumpfile,EXTERNAL_AUTHORITY,project/src/parsers/compatibility/mariadb/mariadb_dialect.cpp#kPatterns:mariadb.bulk_io.select_into_dumpfile,kPatterns,kPolicyRefusal;match=SELECT|| INTO DUMPFILE;mapping=mariadb.policy.file.select_into_dumpfile;sblr=none;engine_api=none;diagnostic=MARIADB.AUTHORITY.FILE_IO_DENIED,kPolicyRefusal;match=SELECT|| INTO DUMPFILE;mapping=mariadb.policy.file.select_into_dumpfile;sblr=none;engine_api=none;diagnostic=MARIADB.AUTHORITY.FILE_IO_DENIED,external_files_connectors_tools_or_provider_authority_require_trusted_engine_operator_boundary_fail_closed,MARIADB.AUTHORITY.FILE_IO_DENIED,MARIADB.AUTHORITY.FILE_IO_DENIED,fail_closed_external_authority,sblr.external.mariadb.mariadb_bulk_io_select_into_dumpfile.c5e5b499be,no_local_or_provider_execution_without_trusted_engine_admission,parser_may_emit_SBLRExecutionEnvelope_v3_only;parser_execution_storage_transaction_finality_authority_forbidden,compatibility_sql_not_executed;compatibility_storage_authority_false;compatibility_transaction_finality_authority_forbidden,engine_owned_MGA_transaction_finality_only;parser_compatibility_provider_finality_forbidden,SELECT * FROM t INTO DUMPFILE '/tmp/x',project/tests/compatibility_sql_parser_first_tranche/parser_refusal_reduction_gate.py,runtime_parser_refusal,p4_refusal_reduction_verified,row_preserves_compatibility_compatible_refusal_or_external_authority_fail_closed_boundary_with_runtime_or_source_anchor_proof
FPR-P4-REFUSAL-00136,FPR-P3-DECLARED-00845,845,mariadb,project/src/parsers/compatibility/mariadb,mariadb.plugin.install,ARCHITECTURE_REFUSAL,project/src/parsers/compatibility/mariadb/mariadb_dialect.cpp#kPatterns:mariadb.plugin.install,kPatterns,kPolicyRefusal;match=INSTALL PLUGIN;mapping=mariadb.policy.plugin.install;sblr=none;engine_api=none;diagnostic=MARIADB.AUTHORITY.PLUGIN_DENIED,kPolicyRefusal;match=INSTALL PLUGIN;mapping=mariadb.policy.plugin.install;sblr=none;engine_api=none;diagnostic=MARIADB.AUTHORITY.PLUGIN_DENIED,compatibility_surface_conflicts_with_parser_or_single_node_engine_authority_exact_fail_closed,MARIADB.AUTHORITY.PLUGIN_DENIED,MARIADB.AUTHORITY.PLUGIN_DENIED,exact_fail_closed_refusal,sblr.refusal.mariadb.mariadb_plugin_install.f1f8cbcdfd,no_provider_or_compatibility_execution_for_exact_refusal,parser_may_emit_SBLRExecutionEnvelope_v3_only;parser_execution_storage_transaction_finality_authority_forbidden,compatibility_sql_not_executed;compatibility_storage_authority_false;compatibility_transaction_finality_authority_forbidden,engine_owned_MGA_transaction_finality_only;parser_compatibility_provider_finality_forbidden,INSTALL PLUGIN,project/tests/compatibility_sql_parser_first_tranche/parser_refusal_reduction_gate.py,runtime_parser_refusal,p4_refusal_reduction_verified,row_preserves_compatibility_compatible_refusal_or_external_authority_fail_closed_boundary_with_runtime_or_source_anchor_proof
FPR-P4-REFUSAL-00137,FPR-P3-DECLARED-00846,846,mariadb,project/src/parsers/compatibility/mariadb,mariadb.plugin.uninstall,ARCHITECTURE_REFUSAL,project/src/parsers/compatibility/mariadb/mariadb_dialect.cpp#kPatterns:mariadb.plugin.uninstall,kPatterns,kPolicyRefusal;match=UNINSTALL PLUGIN;mapping=mariadb.policy.plugin.uninstall;sblr=none;engine_api=none;diagnostic=MARIADB.AUTHORITY.PLUGIN_DENIED,kPolicyRefusal;match=UNINSTALL PLUGIN;mapping=mariadb.policy.plugin.uninstall;sblr=none;engine_api=none;diagnostic=MARIADB.AUTHORITY.PLUGIN_DENIED,compatibility_surface_conflicts_with_parser_or_single_node_engine_authority_exact_fail_closed,MARIADB.AUTHORITY.PLUGIN_DENIED,MARIADB.AUTHORITY.PLUGIN_DENIED,exact_fail_closed_refusal,sblr.refusal.mariadb.mariadb_plugin_uninstall.d3a9bbc6f9,no_provider_or_compatibility_execution_for_exact_refusal,parser_may_emit_SBLRExecutionEnvelope_v3_only;parser_execution_storage_transaction_finality_authority_forbidden,compatibility_sql_not_executed;compatibility_storage_authority_false;compatibility_transaction_finality_authority_forbidden,engine_owned_MGA_transaction_finality_only;parser_compatibility_provider_finality_forbidden,UNINSTALL PLUGIN,project/tests/compatibility_sql_parser_first_tranche/parser_refusal_reduction_gate.py,runtime_parser_refusal,p4_refusal_reduction_verified,row_preserves_compatibility_compatible_refusal_or_external_authority_fail_closed_boundary_with_runtime_or_source_anchor_proof
FPR-P4-REFUSAL-00138,FPR-P3-DECLARED-00847,847,mariadb,project/src/parsers/compatibility/mariadb,mariadb.storage.tablespace.create,ARCHITECTURE_REFUSAL,project/src/parsers/compatibility/mariadb/mariadb_dialect.cpp#kPatterns:mariadb.storage.tablespace.create,kPatterns,kPolicyRefusal;match=CREATE TABLESPACE;mapping=mariadb.policy.tablespace.create;sblr=none;engine_api=none;diagnostic=MARIADB.AUTHORITY.TABLESPACE_DENIED,kPolicyRefusal;match=CREATE TABLESPACE;mapping=mariadb.policy.tablespace.create;sblr=none;engine_api=none;diagnostic=MARIADB.AUTHORITY.TABLESPACE_DENIED,compatibility_surface_conflicts_with_parser_or_single_node_engine_authority_exact_fail_closed,MARIADB.AUTHORITY.TABLESPACE_DENIED,MARIADB.AUTHORITY.TABLESPACE_DENIED,exact_fail_closed_refusal,sblr.refusal.mariadb.mariadb_storage_tablespace_create.c335e07f8b,no_provider_or_compatibility_execution_for_exact_refusal,parser_may_emit_SBLRExecutionEnvelope_v3_only;parser_execution_storage_transaction_finality_authority_forbidden,compatibility_sql_not_executed;compatibility_storage_authority_false;compatibility_transaction_finality_authority_forbidden,engine_owned_MGA_transaction_finality_only;parser_compatibility_provider_finality_forbidden,CREATE TABLESPACE,project/tests/compatibility_sql_parser_first_tranche/parser_refusal_reduction_gate.py,runtime_parser_refusal,p4_refusal_reduction_verified,row_preserves_compatibility_compatible_refusal_or_external_authority_fail_closed_boundary_with_runtime_or_source_anchor_proof
FPR-P4-REFUSAL-00139,FPR-P3-DECLARED-00848,848,mariadb,project/src/parsers/compatibility/mariadb,mariadb.storage.tablespace.alter,ARCHITECTURE_REFUSAL,project/src/parsers/compatibility/mariadb/mariadb_dialect.cpp#kPatterns:mariadb.storage.tablespace.alter,kPatterns,kPolicyRefusal;match=ALTER TABLESPACE;mapping=mariadb.policy.tablespace.alter;sblr=none;engine_api=none;diagnostic=MARIADB.AUTHORITY.TABLESPACE_DENIED,kPolicyRefusal;match=ALTER TABLESPACE;mapping=mariadb.policy.tablespace.alter;sblr=none;engine_api=none;diagnostic=MARIADB.AUTHORITY.TABLESPACE_DENIED,compatibility_surface_conflicts_with_parser_or_single_node_engine_authority_exact_fail_closed,MARIADB.AUTHORITY.TABLESPACE_DENIED,MARIADB.AUTHORITY.TABLESPACE_DENIED,exact_fail_closed_refusal,sblr.refusal.mariadb.mariadb_storage_tablespace_alter.c2206940cb,no_provider_or_compatibility_execution_for_exact_refusal,parser_may_emit_SBLRExecutionEnvelope_v3_only;parser_execution_storage_transaction_finality_authority_forbidden,compatibility_sql_not_executed;compatibility_storage_authority_false;compatibility_transaction_finality_authority_forbidden,engine_owned_MGA_transaction_finality_only;parser_compatibility_provider_finality_forbidden,ALTER TABLESPACE,project/tests/compatibility_sql_parser_first_tranche/parser_refusal_reduction_gate.py,runtime_parser_refusal,p4_refusal_reduction_verified,row_preserves_compatibility_compatible_refusal_or_external_authority_fail_closed_boundary_with_runtime_or_source_anchor_proof
FPR-P4-REFUSAL-00140,FPR-P3-DECLARED-00849,849,mariadb,project/src/parsers/compatibility/mariadb,mariadb.storage.tablespace.drop,ARCHITECTURE_REFUSAL,project/src/parsers/compatibility/mariadb/mariadb_dialect.cpp#kPatterns:mariadb.storage.tablespace.drop,kPatterns,kPolicyRefusal;match=DROP TABLESPACE;mapping=mariadb.policy.tablespace.drop;sblr=none;engine_api=none;diagnostic=MARIADB.AUTHORITY.TABLESPACE_DENIED,kPolicyRefusal;match=DROP TABLESPACE;mapping=mariadb.policy.tablespace.drop;sblr=none;engine_api=none;diagnostic=MARIADB.AUTHORITY.TABLESPACE_DENIED,compatibility_surface_conflicts_with_parser_or_single_node_engine_authority_exact_fail_closed,MARIADB.AUTHORITY.TABLESPACE_DENIED,MARIADB.AUTHORITY.TABLESPACE_DENIED,exact_fail_closed_refusal,sblr.refusal.mariadb.mariadb_storage_tablespace_drop.f7b9497f09,no_provider_or_compatibility_execution_for_exact_refusal,parser_may_emit_SBLRExecutionEnvelope_v3_only;parser_execution_storage_transaction_finality_authority_forbidden,compatibility_sql_not_executed;compatibility_storage_authority_false;compatibility_transaction_finality_authority_forbidden,engine_owned_MGA_transaction_finality_only;parser_compatibility_provider_finality_forbidden,DROP TABLESPACE,project/tests/compatibility_sql_parser_first_tranche/parser_refusal_reduction_gate.py,runtime_parser_refusal,p4_refusal_reduction_verified,row_preserves_compatibility_compatible_refusal_or_external_authority_fail_closed_boundary_with_runtime_or_source_anchor_proof
FPR-P4-REFUSAL-00141,FPR-P3-DECLARED-00904,904,mariadb,project/src/parsers/compatibility/mariadb,mariadb.transaction.xa,ARCHITECTURE_REFUSAL,project/src/parsers/compatibility/mariadb/mariadb_dialect.cpp#kPatterns:mariadb.transaction.xa,kPatterns,kUnsupportedRefusal;match=XA;mapping=mariadb.policy.transaction.xa;sblr=none;engine_api=none;diagnostic=MARIADB.AUTHORITY.XA_DENIED,kUnsupportedRefusal;match=XA;mapping=mariadb.policy.transaction.xa;sblr=none;engine_api=none;diagnostic=MARIADB.AUTHORITY.XA_DENIED,compatibility_surface_conflicts_with_parser_or_single_node_engine_authority_exact_fail_closed,MARIADB.AUTHORITY.XA_DENIED,MARIADB.AUTHORITY.XA_DENIED,exact_fail_closed_refusal,sblr.refusal.mariadb.mariadb_transaction_xa.32744861af,no_provider_or_compatibility_execution_for_exact_refusal,parser_may_emit_SBLRExecutionEnvelope_v3_only;parser_execution_storage_transaction_finality_authority_forbidden,compatibility_sql_not_executed;compatibility_storage_authority_false;compatibility_transaction_finality_authority_forbidden,engine_owned_MGA_transaction_finality_only;parser_compatibility_provider_finality_forbidden,XA,project/tests/compatibility_sql_parser_first_tranche/parser_refusal_reduction_gate.py,runtime_parser_refusal,p4_refusal_reduction_verified,row_preserves_compatibility_compatible_refusal_or_external_authority_fail_closed_boundary_with_runtime_or_source_anchor_proof
FPR-P4-REFUSAL-00142,FPR-P3-DECLARED-00939,939,mariadb,project/src/parsers/compatibility/mariadb,diagnostic_surface:file,ARCHITECTURE_REFUSAL,project/src/parsers/compatibility/mariadb/mariadb_dialect.cpp#kDiagnosticSurfaces:file,kDiagnosticSurfaces,fail_closed;surface=MARIADB.AUTHORITY.FILE_IO_DENIED,fail_closed;surface=MARIADB.AUTHORITY.FILE_IO_DENIED,compatibility_surface_conflicts_with_parser_or_single_node_engine_authority_exact_fail_closed,MARIADB.AUTHORITY.FILE_IO_DENIED,MARIADB.AUTHORITY.FILE_IO_DENIED,exact_fail_closed_refusal,sblr.refusal.mariadb.diagnostic_surface_file.4e0c3125c5,no_provider_or_compatibility_execution_for_exact_refusal,parser_may_emit_SBLRExecutionEnvelope_v3_only;parser_execution_storage_transaction_finality_authority_forbidden,compatibility_sql_not_executed;compatibility_storage_authority_false;compatibility_transaction_finality_authority_forbidden,engine_owned_MGA_transaction_finality_only;parser_compatibility_provider_finality_forbidden,project/src/parsers/compatibility/mariadb/mariadb_dialect.cpp#kDiagnosticSurfaces:file,project/tests/compatibility_sql_parser_first_tranche/parser_refusal_reduction_gate.py,source_anchor_message_vector,p4_refusal_reduction_verified,row_preserves_compatibility_compatible_refusal_or_external_authority_fail_closed_boundary_with_runtime_or_source_anchor_proof
FPR-P4-REFUSAL-00143,FPR-P3-DECLARED-00940,940,mariadb,project/src/parsers/compatibility/mariadb,diagnostic_surface:plugin,ARCHITECTURE_REFUSAL,project/src/parsers/compatibility/mariadb/mariadb_dialect.cpp#kDiagnosticSurfaces:plugin,kDiagnosticSurfaces,fail_closed;surface=MARIADB.AUTHORITY.PLUGIN_DENIED,fail_closed;surface=MARIADB.AUTHORITY.PLUGIN_DENIED,compatibility_surface_conflicts_with_parser_or_single_node_engine_authority_exact_fail_closed,MARIADB.AUTHORITY.PLUGIN_DENIED,MARIADB.AUTHORITY.PLUGIN_DENIED,exact_fail_closed_refusal,sblr.refusal.mariadb.diagnostic_surface_plugin.eefed9c313,no_provider_or_compatibility_execution_for_exact_refusal,parser_may_emit_SBLRExecutionEnvelope_v3_only;parser_execution_storage_transaction_finality_authority_forbidden,compatibility_sql_not_executed;compatibility_storage_authority_false;compatibility_transaction_finality_authority_forbidden,engine_owned_MGA_transaction_finality_only;parser_compatibility_provider_finality_forbidden,project/src/parsers/compatibility/mariadb/mariadb_dialect.cpp#kDiagnosticSurfaces:plugin,project/tests/compatibility_sql_parser_first_tranche/parser_refusal_reduction_gate.py,source_anchor_message_vector,p4_refusal_reduction_verified,row_preserves_compatibility_compatible_refusal_or_external_authority_fail_closed_boundary_with_runtime_or_source_anchor_proof
FPR-P4-REFUSAL-00144,FPR-P3-DECLARED-00941,941,mariadb,project/src/parsers/compatibility/mariadb,diagnostic_surface:tablespace,ARCHITECTURE_REFUSAL,project/src/parsers/compatibility/mariadb/mariadb_dialect.cpp#kDiagnosticSurfaces:tablespace,kDiagnosticSurfaces,fail_closed;surface=MARIADB.AUTHORITY.TABLESPACE_DENIED,fail_closed;surface=MARIADB.AUTHORITY.TABLESPACE_DENIED,compatibility_surface_conflicts_with_parser_or_single_node_engine_authority_exact_fail_closed,MARIADB.AUTHORITY.TABLESPACE_DENIED,MARIADB.AUTHORITY.TABLESPACE_DENIED,exact_fail_closed_refusal,sblr.refusal.mariadb.diagnostic_surface_tablespace.34769f9e17,no_provider_or_compatibility_execution_for_exact_refusal,parser_may_emit_SBLRExecutionEnvelope_v3_only;parser_execution_storage_transaction_finality_authority_forbidden,compatibility_sql_not_executed;compatibility_storage_authority_false;compatibility_transaction_finality_authority_forbidden,engine_owned_MGA_transaction_finality_only;parser_compatibility_provider_finality_forbidden,project/src/parsers/compatibility/mariadb/mariadb_dialect.cpp#kDiagnosticSurfaces:tablespace,project/tests/compatibility_sql_parser_first_tranche/parser_refusal_reduction_gate.py,source_anchor_message_vector,p4_refusal_reduction_verified,row_preserves_compatibility_compatible_refusal_or_external_authority_fail_closed_boundary_with_runtime_or_source_anchor_proof
FPR-P4-REFUSAL-00145,FPR-P3-DECLARED-00948,948,mariadb,project/src/parsers/compatibility/mariadb,diagnostic_surface:session_admin,ARCHITECTURE_REFUSAL,project/src/parsers/compatibility/mariadb/mariadb_dialect.cpp#kDiagnosticSurfaces:session_admin,kDiagnosticSurfaces,fail_closed;surface=MARIADB.AUTHORITY.SESSION_ADMIN_DENIED,fail_closed;surface=MARIADB.AUTHORITY.SESSION_ADMIN_DENIED,compatibility_surface_conflicts_with_parser_or_single_node_engine_authority_exact_fail_closed,MARIADB.AUTHORITY.SESSION_ADMIN_DENIED,MARIADB.AUTHORITY.SESSION_ADMIN_DENIED,exact_fail_closed_refusal,sblr.refusal.mariadb.diagnostic_surface_session_admin.87556dfbe4,no_provider_or_compatibility_execution_for_exact_refusal,parser_may_emit_SBLRExecutionEnvelope_v3_only;parser_execution_storage_transaction_finality_authority_forbidden,compatibility_sql_not_executed;compatibility_storage_authority_false;compatibility_transaction_finality_authority_forbidden,engine_owned_MGA_transaction_finality_only;parser_compatibility_provider_finality_forbidden,project/src/parsers/compatibility/mariadb/mariadb_dialect.cpp#kDiagnosticSurfaces:session_admin,project/tests/compatibility_sql_parser_first_tranche/parser_refusal_reduction_gate.py,source_anchor_message_vector,p4_refusal_reduction_verified,row_preserves_compatibility_compatible_refusal_or_external_authority_fail_closed_boundary_with_runtime_or_source_anchor_proof
FPR-P4-REFUSAL-00146,FPR-P3-DECLARED-00949,949,mariadb,project/src/parsers/compatibility/mariadb,diagnostic_surface:binlog,ARCHITECTURE_REFUSAL,project/src/parsers/compatibility/mariadb/mariadb_dialect.cpp#kDiagnosticSurfaces:binlog,kDiagnosticSurfaces,fail_closed;surface=MARIADB.AUTHORITY.BINLOG_DENIED,fail_closed;surface=MARIADB.AUTHORITY.BINLOG_DENIED,compatibility_surface_conflicts_with_parser_or_single_node_engine_authority_exact_fail_closed,MARIADB.AUTHORITY.BINLOG_DENIED,MARIADB.AUTHORITY.BINLOG_DENIED,exact_fail_closed_refusal,sblr.refusal.mariadb.diagnostic_surface_binlog.54dedf877b,no_provider_or_compatibility_execution_for_exact_refusal,parser_may_emit_SBLRExecutionEnvelope_v3_only;parser_execution_storage_transaction_finality_authority_forbidden,compatibility_sql_not_executed;compatibility_storage_authority_false;compatibility_transaction_finality_authority_forbidden,engine_owned_MGA_transaction_finality_only;parser_compatibility_provider_finality_forbidden,project/src/parsers/compatibility/mariadb/mariadb_dialect.cpp#kDiagnosticSurfaces:binlog,project/tests/compatibility_sql_parser_first_tranche/parser_refusal_reduction_gate.py,source_anchor_message_vector,p4_refusal_reduction_verified,row_preserves_compatibility_compatible_refusal_or_external_authority_fail_closed_boundary_with_runtime_or_source_anchor_proof
FPR-P4-REFUSAL-00147,FPR-P3-DECLARED-00950,950,mariadb,project/src/parsers/compatibility/mariadb,diagnostic_surface:xa,ARCHITECTURE_REFUSAL,project/src/parsers/compatibility/mariadb/mariadb_dialect.cpp#kDiagnosticSurfaces:xa,kDiagnosticSurfaces,fail_closed;surface=MARIADB.AUTHORITY.XA_DENIED,fail_closed;surface=MARIADB.AUTHORITY.XA_DENIED,compatibility_surface_conflicts_with_parser_or_single_node_engine_authority_exact_fail_closed,MARIADB.AUTHORITY.XA_DENIED,MARIADB.AUTHORITY.XA_DENIED,exact_fail_closed_refusal,sblr.refusal.mariadb.diagnostic_surface_xa.f49f33635e,no_provider_or_compatibility_execution_for_exact_refusal,parser_may_emit_SBLRExecutionEnvelope_v3_only;parser_execution_storage_transaction_finality_authority_forbidden,compatibility_sql_not_executed;compatibility_storage_authority_false;compatibility_transaction_finality_authority_forbidden,engine_owned_MGA_transaction_finality_only;parser_compatibility_provider_finality_forbidden,project/src/parsers/compatibility/mariadb/mariadb_dialect.cpp#kDiagnosticSurfaces:xa,project/tests/compatibility_sql_parser_first_tranche/parser_refusal_reduction_gate.py,source_anchor_message_vector,p4_refusal_reduction_verified,row_preserves_compatibility_compatible_refusal_or_external_authority_fail_closed_boundary_with_runtime_or_source_anchor_proof
FPR-P4-REFUSAL-00148,FPR-P3-DECLARED-00951,951,mariadb,project/src/parsers/compatibility/mariadb,source_marker:unsupported,ARCHITECTURE_REFUSAL,project/src/parsers/compatibility/mariadb/mariadb_dialect.cpp#marker:unsupported,marker,source_marker_requires_review,source_marker_requires_review,compatibility_surface_conflicts_with_parser_or_single_node_engine_authority_exact_fail_closed,MARIADB.PARSE.UNSUPPORTED_SURFACE,MARIADB.PARSE.UNSUPPORTED_SURFACE,exact_fail_closed_refusal,sblr.refusal.mariadb.source_marker_unsupported.aa68a67db6,no_provider_or_compatibility_execution_for_exact_refusal,parser_may_emit_SBLRExecutionEnvelope_v3_only;parser_execution_storage_transaction_finality_authority_forbidden,compatibility_sql_not_executed;compatibility_storage_authority_false;compatibility_transaction_finality_authority_forbidden,engine_owned_MGA_transaction_finality_only;parser_compatibility_provider_finality_forbidden,project/src/parsers/compatibility/mariadb/mariadb_dialect.cpp#marker:unsupported,project/tests/compatibility_sql_parser_first_tranche/parser_refusal_reduction_gate.py,source_anchor_message_vector,p4_refusal_reduction_verified,row_preserves_compatibility_compatible_refusal_or_external_authority_fail_closed_boundary_with_runtime_or_source_anchor_proof
FPR-P4-REFUSAL-00149,FPR-P3-DECLARED-00998,998,milvus,project/src/parsers/compatibility/milvus,diagnostic_surface:policy,ARCHITECTURE_REFUSAL,project/src/parsers/compatibility/milvus/milvus_dialect.cpp#kDiagnosticSurfaces:policy,kDiagnosticSurfaces,fail_closed;surface=MILVUS.AUTHORITY.*,fail_closed;surface=MILVUS.AUTHORITY.*,compatibility_surface_conflicts_with_parser_or_single_node_engine_authority_exact_fail_closed,MILVUS.AUTHORITY.*,MILVUS.AUTHORITY.*,exact_fail_closed_refusal,sblr.refusal.milvus.diagnostic_surface_policy.f2c3200840,no_provider_or_compatibility_execution_for_exact_refusal,parser_may_emit_SBLRExecutionEnvelope_v3_only;parser_execution_storage_transaction_finality_authority_forbidden,compatibility_sql_not_executed;compatibility_storage_authority_false;compatibility_transaction_finality_authority_forbidden,engine_owned_MGA_transaction_finality_only;parser_compatibility_provider_finality_forbidden,project/src/parsers/compatibility/milvus/milvus_dialect.cpp#kDiagnosticSurfaces:policy,project/tests/compatibility_sql_parser_first_tranche/parser_refusal_reduction_gate.py,source_anchor_message_vector,p4_refusal_reduction_verified,row_preserves_compatibility_compatible_refusal_or_external_authority_fail_closed_boundary_with_runtime_or_source_anchor_proof
FPR-P4-REFUSAL-00150,FPR-P3-DECLARED-01007,1007,milvus,project/src/parsers/compatibility/milvus,source_marker:unsupported,ARCHITECTURE_REFUSAL,project/src/parsers/compatibility/milvus/milvus_dialect.cpp#marker:unsupported,marker,source_marker_requires_review,source_marker_requires_review,compatibility_surface_conflicts_with_parser_or_single_node_engine_authority_exact_fail_closed,MILVUS.PARSE.UNSUPPORTED_SURFACE,MILVUS.PARSE.UNSUPPORTED_SURFACE,exact_fail_closed_refusal,sblr.refusal.milvus.source_marker_unsupported.19de41aef8,no_provider_or_compatibility_execution_for_exact_refusal,parser_may_emit_SBLRExecutionEnvelope_v3_only;parser_execution_storage_transaction_finality_authority_forbidden,compatibility_sql_not_executed;compatibility_storage_authority_false;compatibility_transaction_finality_authority_forbidden,engine_owned_MGA_transaction_finality_only;parser_compatibility_provider_finality_forbidden,project/src/parsers/compatibility/milvus/milvus_dialect.cpp#marker:unsupported,project/tests/compatibility_sql_parser_first_tranche/parser_refusal_reduction_gate.py,source_anchor_message_vector,p4_refusal_reduction_verified,row_preserves_compatibility_compatible_refusal_or_external_authority_fail_closed_boundary_with_runtime_or_source_anchor_proof
FPR-P4-REFUSAL-00151,FPR-P3-DECLARED-01013,1013,mongodb,project/src/parsers/compatibility/mongodb,mongodb.replica_set.command,ARCHITECTURE_REFUSAL,project/src/parsers/compatibility/mongodb/mongodb_dialect.cpp#kPatterns:mongodb.replica_set.command,kPatterns,kPolicyRefusal;match=REPLSET;mapping=mongodb.policy.replica_set;sblr=none;engine_api=none;diagnostic=MONGODB.AUTHORITY.REPLICA_ADMIN_DENIED,kPolicyRefusal;match=REPLSET;mapping=mongodb.policy.replica_set;sblr=none;engine_api=none;diagnostic=MONGODB.AUTHORITY.REPLICA_ADMIN_DENIED,compatibility_surface_conflicts_with_parser_or_single_node_engine_authority_exact_fail_closed,MONGODB.AUTHORITY.REPLICA_ADMIN_DENIED,MONGODB.AUTHORITY.REPLICA_ADMIN_DENIED,exact_fail_closed_refusal,sblr.refusal.mongodb.mongodb_replica_set_command.a87233ffc3,no_provider_or_compatibility_execution_for_exact_refusal,parser_may_emit_SBLRExecutionEnvelope_v3_only;parser_execution_storage_transaction_finality_authority_forbidden,compatibility_sql_not_executed;compatibility_storage_authority_false;compatibility_transaction_finality_authority_forbidden,engine_owned_MGA_transaction_finality_only;parser_compatibility_provider_finality_forbidden,REPLSET,project/tests/compatibility_sql_parser_first_tranche/parser_refusal_reduction_gate.py,runtime_parser_refusal,p4_refusal_reduction_verified,row_preserves_compatibility_compatible_refusal_or_external_authority_fail_closed_boundary_with_runtime_or_source_anchor_proof
FPR-P4-REFUSAL-00152,FPR-P3-DECLARED-01065,1065,mongodb,project/src/parsers/compatibility/mongodb,diagnostic_surface:policy,ARCHITECTURE_REFUSAL,project/src/parsers/compatibility/mongodb/mongodb_dialect.cpp#kDiagnosticSurfaces:policy,kDiagnosticSurfaces,fail_closed;surface=MONGODB.AUTHORITY.*,fail_closed;surface=MONGODB.AUTHORITY.*,compatibility_surface_conflicts_with_parser_or_single_node_engine_authority_exact_fail_closed,MONGODB.AUTHORITY.*,MONGODB.AUTHORITY.*,exact_fail_closed_refusal,sblr.refusal.mongodb.diagnostic_surface_policy.594aeaa758,no_provider_or_compatibility_execution_for_exact_refusal,parser_may_emit_SBLRExecutionEnvelope_v3_only;parser_execution_storage_transaction_finality_authority_forbidden,compatibility_sql_not_executed;compatibility_storage_authority_false;compatibility_transaction_finality_authority_forbidden,engine_owned_MGA_transaction_finality_only;parser_compatibility_provider_finality_forbidden,project/src/parsers/compatibility/mongodb/mongodb_dialect.cpp#kDiagnosticSurfaces:policy,project/tests/compatibility_sql_parser_first_tranche/parser_refusal_reduction_gate.py,source_anchor_message_vector,p4_refusal_reduction_verified,row_preserves_compatibility_compatible_refusal_or_external_authority_fail_closed_boundary_with_runtime_or_source_anchor_proof
FPR-P4-REFUSAL-00153,FPR-P3-DECLARED-01074,1074,mongodb,project/src/parsers/compatibility/mongodb,source_marker:unsupported,ARCHITECTURE_REFUSAL,project/src/parsers/compatibility/mongodb/mongodb_dialect.cpp#marker:unsupported,marker,source_marker_requires_review,source_marker_requires_review,compatibility_surface_conflicts_with_parser_or_single_node_engine_authority_exact_fail_closed,MONGODB.PARSE.UNSUPPORTED_SURFACE,MONGODB.PARSE.UNSUPPORTED_SURFACE,exact_fail_closed_refusal,sblr.refusal.mongodb.source_marker_unsupported.465f643e53,no_provider_or_compatibility_execution_for_exact_refusal,parser_may_emit_SBLRExecutionEnvelope_v3_only;parser_execution_storage_transaction_finality_authority_forbidden,compatibility_sql_not_executed;compatibility_storage_authority_false;compatibility_transaction_finality_authority_forbidden,engine_owned_MGA_transaction_finality_only;parser_compatibility_provider_finality_forbidden,project/src/parsers/compatibility/mongodb/mongodb_dialect.cpp#marker:unsupported,project/tests/compatibility_sql_parser_first_tranche/parser_refusal_reduction_gate.py,source_anchor_message_vector,p4_refusal_reduction_verified,row_preserves_compatibility_compatible_refusal_or_external_authority_fail_closed_boundary_with_runtime_or_source_anchor_proof
FPR-P4-REFUSAL-00154,FPR-P3-DECLARED-01075,1075,mysql,project/src/parsers/compatibility/mysql,mysql.bulk_io.load_data_infile,EXTERNAL_AUTHORITY,project/src/parsers/compatibility/mysql/mysql_dialect.cpp#kPatterns:mysql.bulk_io.load_data_infile,kPatterns,kPolicyRefusal;match=LOAD DATA INFILE;mapping=mysql.policy.file.load_data_infile;sblr=none;engine_api=none;diagnostic=MYSQL.AUTHORITY.FILE_IO_DENIED,kPolicyRefusal;match=LOAD DATA INFILE;mapping=mysql.policy.file.load_data_infile;sblr=none;engine_api=none;diagnostic=MYSQL.AUTHORITY.FILE_IO_DENIED,external_files_connectors_tools_or_provider_authority_require_trusted_engine_operator_boundary_fail_closed,MYSQL.AUTHORITY.FILE_IO_DENIED,MYSQL.AUTHORITY.FILE_IO_DENIED,fail_closed_external_authority,sblr.external.mysql.mysql_bulk_io_load_data_infile.36b25cfd2d,no_local_or_provider_execution_without_trusted_engine_admission,parser_may_emit_SBLRExecutionEnvelope_v3_only;parser_execution_storage_transaction_finality_authority_forbidden,compatibility_sql_not_executed;compatibility_storage_authority_false;compatibility_transaction_finality_authority_forbidden,engine_owned_MGA_transaction_finality_only;parser_compatibility_provider_finality_forbidden,LOAD DATA INFILE '/tmp/x.csv' INTO TABLE t,project/tests/compatibility_sql_parser_first_tranche/parser_refusal_reduction_gate.py,runtime_parser_refusal,p4_refusal_reduction_verified,row_preserves_compatibility_compatible_refusal_or_external_authority_fail_closed_boundary_with_runtime_or_source_anchor_proof
FPR-P4-REFUSAL-00155,FPR-P3-DECLARED-01076,1076,mysql,project/src/parsers/compatibility/mysql,mysql.bulk_io.load_file,EXTERNAL_AUTHORITY,project/src/parsers/compatibility/mysql/mysql_dialect.cpp#kPatterns:mysql.bulk_io.load_file,kPatterns,kPolicyRefusal;match=LOAD_FILE;mapping=mysql.policy.file.load_file;sblr=none;engine_api=none;diagnostic=MYSQL.AUTHORITY.FILE_IO_DENIED,kPolicyRefusal;match=LOAD_FILE;mapping=mysql.policy.file.load_file;sblr=none;engine_api=none;diagnostic=MYSQL.AUTHORITY.FILE_IO_DENIED,external_files_connectors_tools_or_provider_authority_require_trusted_engine_operator_boundary_fail_closed,MYSQL.AUTHORITY.FILE_IO_DENIED,MYSQL.AUTHORITY.FILE_IO_DENIED,fail_closed_external_authority,sblr.external.mysql.mysql_bulk_io_load_file.53f7f917a0,no_local_or_provider_execution_without_trusted_engine_admission,parser_may_emit_SBLRExecutionEnvelope_v3_only;parser_execution_storage_transaction_finality_authority_forbidden,compatibility_sql_not_executed;compatibility_storage_authority_false;compatibility_transaction_finality_authority_forbidden,engine_owned_MGA_transaction_finality_only;parser_compatibility_provider_finality_forbidden,SELECT LOAD_FILE('/tmp/x'),project/tests/compatibility_sql_parser_first_tranche/parser_refusal_reduction_gate.py,runtime_parser_refusal,p4_refusal_reduction_verified,row_preserves_compatibility_compatible_refusal_or_external_authority_fail_closed_boundary_with_runtime_or_source_anchor_proof
FPR-P4-REFUSAL-00156,FPR-P3-DECLARED-01077,1077,mysql,project/src/parsers/compatibility/mysql,mysql.bulk_io.select_into_outfile,EXTERNAL_AUTHORITY,project/src/parsers/compatibility/mysql/mysql_dialect.cpp#kPatterns:mysql.bulk_io.select_into_outfile,kPatterns,kPolicyRefusal;match=SELECT|| INTO OUTFILE;mapping=mysql.policy.file.select_into_outfile;sblr=none;engine_api=none;diagnostic=MYSQL.AUTHORITY.FILE_IO_DENIED,kPolicyRefusal;match=SELECT|| INTO OUTFILE;mapping=mysql.policy.file.select_into_outfile;sblr=none;engine_api=none;diagnostic=MYSQL.AUTHORITY.FILE_IO_DENIED,external_files_connectors_tools_or_provider_authority_require_trusted_engine_operator_boundary_fail_closed,MYSQL.AUTHORITY.FILE_IO_DENIED,MYSQL.AUTHORITY.FILE_IO_DENIED,fail_closed_external_authority,sblr.external.mysql.mysql_bulk_io_select_into_outfile.a9bc4f0af2,no_local_or_provider_execution_without_trusted_engine_admission,parser_may_emit_SBLRExecutionEnvelope_v3_only;parser_execution_storage_transaction_finality_authority_forbidden,compatibility_sql_not_executed;compatibility_storage_authority_false;compatibility_transaction_finality_authority_forbidden,engine_owned_MGA_transaction_finality_only;parser_compatibility_provider_finality_forbidden,SELECT * FROM t INTO OUTFILE '/tmp/x',project/tests/compatibility_sql_parser_first_tranche/parser_refusal_reduction_gate.py,runtime_parser_refusal,p4_refusal_reduction_verified,row_preserves_compatibility_compatible_refusal_or_external_authority_fail_closed_boundary_with_runtime_or_source_anchor_proof
FPR-P4-REFUSAL-00157,FPR-P3-DECLARED-01078,1078,mysql,project/src/parsers/compatibility/mysql,mysql.bulk_io.select_into_dumpfile,EXTERNAL_AUTHORITY,project/src/parsers/compatibility/mysql/mysql_dialect.cpp#kPatterns:mysql.bulk_io.select_into_dumpfile,kPatterns,kPolicyRefusal;match=SELECT|| INTO DUMPFILE;mapping=mysql.policy.file.select_into_dumpfile;sblr=none;engine_api=none;diagnostic=MYSQL.AUTHORITY.FILE_IO_DENIED,kPolicyRefusal;match=SELECT|| INTO DUMPFILE;mapping=mysql.policy.file.select_into_dumpfile;sblr=none;engine_api=none;diagnostic=MYSQL.AUTHORITY.FILE_IO_DENIED,external_files_connectors_tools_or_provider_authority_require_trusted_engine_operator_boundary_fail_closed,MYSQL.AUTHORITY.FILE_IO_DENIED,MYSQL.AUTHORITY.FILE_IO_DENIED,fail_closed_external_authority,sblr.external.mysql.mysql_bulk_io_select_into_dumpfile.3d9890d96d,no_local_or_provider_execution_without_trusted_engine_admission,parser_may_emit_SBLRExecutionEnvelope_v3_only;parser_execution_storage_transaction_finality_authority_forbidden,compatibility_sql_not_executed;compatibility_storage_authority_false;compatibility_transaction_finality_authority_forbidden,engine_owned_MGA_transaction_finality_only;parser_compatibility_provider_finality_forbidden,SELECT * FROM t INTO DUMPFILE '/tmp/x',project/tests/compatibility_sql_parser_first_tranche/parser_refusal_reduction_gate.py,runtime_parser_refusal,p4_refusal_reduction_verified,row_preserves_compatibility_compatible_refusal_or_external_authority_fail_closed_boundary_with_runtime_or_source_anchor_proof
FPR-P4-REFUSAL-00158,FPR-P3-DECLARED-01079,1079,mysql,project/src/parsers/compatibility/mysql,mysql.plugin.install,ARCHITECTURE_REFUSAL,project/src/parsers/compatibility/mysql/mysql_dialect.cpp#kPatterns:mysql.plugin.install,kPatterns,kPolicyRefusal;match=INSTALL PLUGIN;mapping=mysql.policy.plugin.install;sblr=none;engine_api=none;diagnostic=MYSQL.AUTHORITY.PLUGIN_DENIED,kPolicyRefusal;match=INSTALL PLUGIN;mapping=mysql.policy.plugin.install;sblr=none;engine_api=none;diagnostic=MYSQL.AUTHORITY.PLUGIN_DENIED,compatibility_surface_conflicts_with_parser_or_single_node_engine_authority_exact_fail_closed,MYSQL.AUTHORITY.PLUGIN_DENIED,MYSQL.AUTHORITY.PLUGIN_DENIED,exact_fail_closed_refusal,sblr.refusal.mysql.mysql_plugin_install.91c3e153c8,no_provider_or_compatibility_execution_for_exact_refusal,parser_may_emit_SBLRExecutionEnvelope_v3_only;parser_execution_storage_transaction_finality_authority_forbidden,compatibility_sql_not_executed;compatibility_storage_authority_false;compatibility_transaction_finality_authority_forbidden,engine_owned_MGA_transaction_finality_only;parser_compatibility_provider_finality_forbidden,INSTALL PLUGIN,project/tests/compatibility_sql_parser_first_tranche/parser_refusal_reduction_gate.py,runtime_parser_refusal,p4_refusal_reduction_verified,row_preserves_compatibility_compatible_refusal_or_external_authority_fail_closed_boundary_with_runtime_or_source_anchor_proof
FPR-P4-REFUSAL-00159,FPR-P3-DECLARED-01080,1080,mysql,project/src/parsers/compatibility/mysql,mysql.plugin.uninstall,ARCHITECTURE_REFUSAL,project/src/parsers/compatibility/mysql/mysql_dialect.cpp#kPatterns:mysql.plugin.uninstall,kPatterns,kPolicyRefusal;match=UNINSTALL PLUGIN;mapping=mysql.policy.plugin.uninstall;sblr=none;engine_api=none;diagnostic=MYSQL.AUTHORITY.PLUGIN_DENIED,kPolicyRefusal;match=UNINSTALL PLUGIN;mapping=mysql.policy.plugin.uninstall;sblr=none;engine_api=none;diagnostic=MYSQL.AUTHORITY.PLUGIN_DENIED,compatibility_surface_conflicts_with_parser_or_single_node_engine_authority_exact_fail_closed,MYSQL.AUTHORITY.PLUGIN_DENIED,MYSQL.AUTHORITY.PLUGIN_DENIED,exact_fail_closed_refusal,sblr.refusal.mysql.mysql_plugin_uninstall.bdf4446edf,no_provider_or_compatibility_execution_for_exact_refusal,parser_may_emit_SBLRExecutionEnvelope_v3_only;parser_execution_storage_transaction_finality_authority_forbidden,compatibility_sql_not_executed;compatibility_storage_authority_false;compatibility_transaction_finality_authority_forbidden,engine_owned_MGA_transaction_finality_only;parser_compatibility_provider_finality_forbidden,UNINSTALL PLUGIN,project/tests/compatibility_sql_parser_first_tranche/parser_refusal_reduction_gate.py,runtime_parser_refusal,p4_refusal_reduction_verified,row_preserves_compatibility_compatible_refusal_or_external_authority_fail_closed_boundary_with_runtime_or_source_anchor_proof
FPR-P4-REFUSAL-00160,FPR-P3-DECLARED-01081,1081,mysql,project/src/parsers/compatibility/mysql,mysql.storage.tablespace.create,ARCHITECTURE_REFUSAL,project/src/parsers/compatibility/mysql/mysql_dialect.cpp#kPatterns:mysql.storage.tablespace.create,kPatterns,kPolicyRefusal;match=CREATE TABLESPACE;mapping=mysql.policy.tablespace.create;sblr=none;engine_api=none;diagnostic=MYSQL.AUTHORITY.TABLESPACE_DENIED,kPolicyRefusal;match=CREATE TABLESPACE;mapping=mysql.policy.tablespace.create;sblr=none;engine_api=none;diagnostic=MYSQL.AUTHORITY.TABLESPACE_DENIED,compatibility_surface_conflicts_with_parser_or_single_node_engine_authority_exact_fail_closed,MYSQL.AUTHORITY.TABLESPACE_DENIED,MYSQL.AUTHORITY.TABLESPACE_DENIED,exact_fail_closed_refusal,sblr.refusal.mysql.mysql_storage_tablespace_create.8931dedaba,no_provider_or_compatibility_execution_for_exact_refusal,parser_may_emit_SBLRExecutionEnvelope_v3_only;parser_execution_storage_transaction_finality_authority_forbidden,compatibility_sql_not_executed;compatibility_storage_authority_false;compatibility_transaction_finality_authority_forbidden,engine_owned_MGA_transaction_finality_only;parser_compatibility_provider_finality_forbidden,CREATE TABLESPACE,project/tests/compatibility_sql_parser_first_tranche/parser_refusal_reduction_gate.py,runtime_parser_refusal,p4_refusal_reduction_verified,row_preserves_compatibility_compatible_refusal_or_external_authority_fail_closed_boundary_with_runtime_or_source_anchor_proof
FPR-P4-REFUSAL-00161,FPR-P3-DECLARED-01082,1082,mysql,project/src/parsers/compatibility/mysql,mysql.storage.tablespace.alter,ARCHITECTURE_REFUSAL,project/src/parsers/compatibility/mysql/mysql_dialect.cpp#kPatterns:mysql.storage.tablespace.alter,kPatterns,kPolicyRefusal;match=ALTER TABLESPACE;mapping=mysql.policy.tablespace.alter;sblr=none;engine_api=none;diagnostic=MYSQL.AUTHORITY.TABLESPACE_DENIED,kPolicyRefusal;match=ALTER TABLESPACE;mapping=mysql.policy.tablespace.alter;sblr=none;engine_api=none;diagnostic=MYSQL.AUTHORITY.TABLESPACE_DENIED,compatibility_surface_conflicts_with_parser_or_single_node_engine_authority_exact_fail_closed,MYSQL.AUTHORITY.TABLESPACE_DENIED,MYSQL.AUTHORITY.TABLESPACE_DENIED,exact_fail_closed_refusal,sblr.refusal.mysql.mysql_storage_tablespace_alter.6c123cd6f9,no_provider_or_compatibility_execution_for_exact_refusal,parser_may_emit_SBLRExecutionEnvelope_v3_only;parser_execution_storage_transaction_finality_authority_forbidden,compatibility_sql_not_executed;compatibility_storage_authority_false;compatibility_transaction_finality_authority_forbidden,engine_owned_MGA_transaction_finality_only;parser_compatibility_provider_finality_forbidden,ALTER TABLESPACE,project/tests/compatibility_sql_parser_first_tranche/parser_refusal_reduction_gate.py,runtime_parser_refusal,p4_refusal_reduction_verified,row_preserves_compatibility_compatible_refusal_or_external_authority_fail_closed_boundary_with_runtime_or_source_anchor_proof
FPR-P4-REFUSAL-00162,FPR-P3-DECLARED-01083,1083,mysql,project/src/parsers/compatibility/mysql,mysql.storage.tablespace.drop,ARCHITECTURE_REFUSAL,project/src/parsers/compatibility/mysql/mysql_dialect.cpp#kPatterns:mysql.storage.tablespace.drop,kPatterns,kPolicyRefusal;match=DROP TABLESPACE;mapping=mysql.policy.tablespace.drop;sblr=none;engine_api=none;diagnostic=MYSQL.AUTHORITY.TABLESPACE_DENIED,kPolicyRefusal;match=DROP TABLESPACE;mapping=mysql.policy.tablespace.drop;sblr=none;engine_api=none;diagnostic=MYSQL.AUTHORITY.TABLESPACE_DENIED,compatibility_surface_conflicts_with_parser_or_single_node_engine_authority_exact_fail_closed,MYSQL.AUTHORITY.TABLESPACE_DENIED,MYSQL.AUTHORITY.TABLESPACE_DENIED,exact_fail_closed_refusal,sblr.refusal.mysql.mysql_storage_tablespace_drop.a48fe37f05,no_provider_or_compatibility_execution_for_exact_refusal,parser_may_emit_SBLRExecutionEnvelope_v3_only;parser_execution_storage_transaction_finality_authority_forbidden,compatibility_sql_not_executed;compatibility_storage_authority_false;compatibility_transaction_finality_authority_forbidden,engine_owned_MGA_transaction_finality_only;parser_compatibility_provider_finality_forbidden,DROP TABLESPACE,project/tests/compatibility_sql_parser_first_tranche/parser_refusal_reduction_gate.py,runtime_parser_refusal,p4_refusal_reduction_verified,row_preserves_compatibility_compatible_refusal_or_external_authority_fail_closed_boundary_with_runtime_or_source_anchor_proof
FPR-P4-REFUSAL-00163,FPR-P3-DECLARED-01138,1138,mysql,project/src/parsers/compatibility/mysql,mysql.transaction.xa,ARCHITECTURE_REFUSAL,project/src/parsers/compatibility/mysql/mysql_dialect.cpp#kPatterns:mysql.transaction.xa,kPatterns,kUnsupportedRefusal;match=XA;mapping=mysql.policy.transaction.xa;sblr=none;engine_api=none;diagnostic=MYSQL.AUTHORITY.XA_DENIED,kUnsupportedRefusal;match=XA;mapping=mysql.policy.transaction.xa;sblr=none;engine_api=none;diagnostic=MYSQL.AUTHORITY.XA_DENIED,compatibility_surface_conflicts_with_parser_or_single_node_engine_authority_exact_fail_closed,MYSQL.AUTHORITY.XA_DENIED,MYSQL.AUTHORITY.XA_DENIED,exact_fail_closed_refusal,sblr.refusal.mysql.mysql_transaction_xa.04668bbdec,no_provider_or_compatibility_execution_for_exact_refusal,parser_may_emit_SBLRExecutionEnvelope_v3_only;parser_execution_storage_transaction_finality_authority_forbidden,compatibility_sql_not_executed;compatibility_storage_authority_false;compatibility_transaction_finality_authority_forbidden,engine_owned_MGA_transaction_finality_only;parser_compatibility_provider_finality_forbidden,XA,project/tests/compatibility_sql_parser_first_tranche/parser_refusal_reduction_gate.py,runtime_parser_refusal,p4_refusal_reduction_verified,row_preserves_compatibility_compatible_refusal_or_external_authority_fail_closed_boundary_with_runtime_or_source_anchor_proof
FPR-P4-REFUSAL-00164,FPR-P3-DECLARED-01168,1168,mysql,project/src/parsers/compatibility/mysql,diagnostic_surface:file,ARCHITECTURE_REFUSAL,project/src/parsers/compatibility/mysql/mysql_dialect.cpp#kDiagnosticSurfaces:file,kDiagnosticSurfaces,fail_closed;surface=MYSQL.AUTHORITY.FILE_IO_DENIED,fail_closed;surface=MYSQL.AUTHORITY.FILE_IO_DENIED,compatibility_surface_conflicts_with_parser_or_single_node_engine_authority_exact_fail_closed,MYSQL.AUTHORITY.FILE_IO_DENIED,MYSQL.AUTHORITY.FILE_IO_DENIED,exact_fail_closed_refusal,sblr.refusal.mysql.diagnostic_surface_file.c1a98953ed,no_provider_or_compatibility_execution_for_exact_refusal,parser_may_emit_SBLRExecutionEnvelope_v3_only;parser_execution_storage_transaction_finality_authority_forbidden,compatibility_sql_not_executed;compatibility_storage_authority_false;compatibility_transaction_finality_authority_forbidden,engine_owned_MGA_transaction_finality_only;parser_compatibility_provider_finality_forbidden,project/src/parsers/compatibility/mysql/mysql_dialect.cpp#kDiagnosticSurfaces:file,project/tests/compatibility_sql_parser_first_tranche/parser_refusal_reduction_gate.py,source_anchor_message_vector,p4_refusal_reduction_verified,row_preserves_compatibility_compatible_refusal_or_external_authority_fail_closed_boundary_with_runtime_or_source_anchor_proof
FPR-P4-REFUSAL-00165,FPR-P3-DECLARED-01169,1169,mysql,project/src/parsers/compatibility/mysql,diagnostic_surface:plugin,ARCHITECTURE_REFUSAL,project/src/parsers/compatibility/mysql/mysql_dialect.cpp#kDiagnosticSurfaces:plugin,kDiagnosticSurfaces,fail_closed;surface=MYSQL.AUTHORITY.PLUGIN_DENIED,fail_closed;surface=MYSQL.AUTHORITY.PLUGIN_DENIED,compatibility_surface_conflicts_with_parser_or_single_node_engine_authority_exact_fail_closed,MYSQL.AUTHORITY.PLUGIN_DENIED,MYSQL.AUTHORITY.PLUGIN_DENIED,exact_fail_closed_refusal,sblr.refusal.mysql.diagnostic_surface_plugin.f0a5b76204,no_provider_or_compatibility_execution_for_exact_refusal,parser_may_emit_SBLRExecutionEnvelope_v3_only;parser_execution_storage_transaction_finality_authority_forbidden,compatibility_sql_not_executed;compatibility_storage_authority_false;compatibility_transaction_finality_authority_forbidden,engine_owned_MGA_transaction_finality_only;parser_compatibility_provider_finality_forbidden,project/src/parsers/compatibility/mysql/mysql_dialect.cpp#kDiagnosticSurfaces:plugin,project/tests/compatibility_sql_parser_first_tranche/parser_refusal_reduction_gate.py,source_anchor_message_vector,p4_refusal_reduction_verified,row_preserves_compatibility_compatible_refusal_or_external_authority_fail_closed_boundary_with_runtime_or_source_anchor_proof
FPR-P4-REFUSAL-00166,FPR-P3-DECLARED-01170,1170,mysql,project/src/parsers/compatibility/mysql,diagnostic_surface:tablespace,ARCHITECTURE_REFUSAL,project/src/parsers/compatibility/mysql/mysql_dialect.cpp#kDiagnosticSurfaces:tablespace,kDiagnosticSurfaces,fail_closed;surface=MYSQL.AUTHORITY.TABLESPACE_DENIED,fail_closed;surface=MYSQL.AUTHORITY.TABLESPACE_DENIED,compatibility_surface_conflicts_with_parser_or_single_node_engine_authority_exact_fail_closed,MYSQL.AUTHORITY.TABLESPACE_DENIED,MYSQL.AUTHORITY.TABLESPACE_DENIED,exact_fail_closed_refusal,sblr.refusal.mysql.diagnostic_surface_tablespace.3877801879,no_provider_or_compatibility_execution_for_exact_refusal,parser_may_emit_SBLRExecutionEnvelope_v3_only;parser_execution_storage_transaction_finality_authority_forbidden,compatibility_sql_not_executed;compatibility_storage_authority_false;compatibility_transaction_finality_authority_forbidden,engine_owned_MGA_transaction_finality_only;parser_compatibility_provider_finality_forbidden,project/src/parsers/compatibility/mysql/mysql_dialect.cpp#kDiagnosticSurfaces:tablespace,project/tests/compatibility_sql_parser_first_tranche/parser_refusal_reduction_gate.py,source_anchor_message_vector,p4_refusal_reduction_verified,row_preserves_compatibility_compatible_refusal_or_external_authority_fail_closed_boundary_with_runtime_or_source_anchor_proof
FPR-P4-REFUSAL-00167,FPR-P3-DECLARED-01175,1175,mysql,project/src/parsers/compatibility/mysql,diagnostic_surface:binlog,ARCHITECTURE_REFUSAL,project/src/parsers/compatibility/mysql/mysql_dialect.cpp#kDiagnosticSurfaces:binlog,kDiagnosticSurfaces,fail_closed;surface=MYSQL.AUTHORITY.BINLOG_DENIED,fail_closed;surface=MYSQL.AUTHORITY.BINLOG_DENIED,compatibility_surface_conflicts_with_parser_or_single_node_engine_authority_exact_fail_closed,MYSQL.AUTHORITY.BINLOG_DENIED,MYSQL.AUTHORITY.BINLOG_DENIED,exact_fail_closed_refusal,sblr.refusal.mysql.diagnostic_surface_binlog.3b94524810,no_provider_or_compatibility_execution_for_exact_refusal,parser_may_emit_SBLRExecutionEnvelope_v3_only;parser_execution_storage_transaction_finality_authority_forbidden,compatibility_sql_not_executed;compatibility_storage_authority_false;compatibility_transaction_finality_authority_forbidden,engine_owned_MGA_transaction_finality_only;parser_compatibility_provider_finality_forbidden,project/src/parsers/compatibility/mysql/mysql_dialect.cpp#kDiagnosticSurfaces:binlog,project/tests/compatibility_sql_parser_first_tranche/parser_refusal_reduction_gate.py,source_anchor_message_vector,p4_refusal_reduction_verified,row_preserves_compatibility_compatible_refusal_or_external_authority_fail_closed_boundary_with_runtime_or_source_anchor_proof
FPR-P4-REFUSAL-00168,FPR-P3-DECLARED-01176,1176,mysql,project/src/parsers/compatibility/mysql,diagnostic_surface:xa,ARCHITECTURE_REFUSAL,project/src/parsers/compatibility/mysql/mysql_dialect.cpp#kDiagnosticSurfaces:xa,kDiagnosticSurfaces,fail_closed;surface=MYSQL.AUTHORITY.XA_DENIED,fail_closed;surface=MYSQL.AUTHORITY.XA_DENIED,compatibility_surface_conflicts_with_parser_or_single_node_engine_authority_exact_fail_closed,MYSQL.AUTHORITY.XA_DENIED,MYSQL.AUTHORITY.XA_DENIED,exact_fail_closed_refusal,sblr.refusal.mysql.diagnostic_surface_xa.8cc526d553,no_provider_or_compatibility_execution_for_exact_refusal,parser_may_emit_SBLRExecutionEnvelope_v3_only;parser_execution_storage_transaction_finality_authority_forbidden,compatibility_sql_not_executed;compatibility_storage_authority_false;compatibility_transaction_finality_authority_forbidden,engine_owned_MGA_transaction_finality_only;parser_compatibility_provider_finality_forbidden,project/src/parsers/compatibility/mysql/mysql_dialect.cpp#kDiagnosticSurfaces:xa,project/tests/compatibility_sql_parser_first_tranche/parser_refusal_reduction_gate.py,source_anchor_message_vector,p4_refusal_reduction_verified,row_preserves_compatibility_compatible_refusal_or_external_authority_fail_closed_boundary_with_runtime_or_source_anchor_proof
FPR-P4-REFUSAL-00169,FPR-P3-DECLARED-01177,1177,mysql,project/src/parsers/compatibility/mysql,source_marker:unsupported,ARCHITECTURE_REFUSAL,project/src/parsers/compatibility/mysql/mysql_dialect.cpp#marker:unsupported,marker,source_marker_requires_review,source_marker_requires_review,compatibility_surface_conflicts_with_parser_or_single_node_engine_authority_exact_fail_closed,MYSQL.PARSE.UNSUPPORTED_SURFACE,MYSQL.PARSE.UNSUPPORTED_SURFACE,exact_fail_closed_refusal,sblr.refusal.mysql.source_marker_unsupported.229016285d,no_provider_or_compatibility_execution_for_exact_refusal,parser_may_emit_SBLRExecutionEnvelope_v3_only;parser_execution_storage_transaction_finality_authority_forbidden,compatibility_sql_not_executed;compatibility_storage_authority_false;compatibility_transaction_finality_authority_forbidden,engine_owned_MGA_transaction_finality_only;parser_compatibility_provider_finality_forbidden,project/src/parsers/compatibility/mysql/mysql_dialect.cpp#marker:unsupported,project/tests/compatibility_sql_parser_first_tranche/parser_refusal_reduction_gate.py,source_anchor_message_vector,p4_refusal_reduction_verified,row_preserves_compatibility_compatible_refusal_or_external_authority_fail_closed_boundary_with_runtime_or_source_anchor_proof
FPR-P4-REFUSAL-00170,FPR-P3-DECLARED-01229,1229,neo4j,project/src/parsers/compatibility/neo4j,diagnostic_surface:policy,ARCHITECTURE_REFUSAL,project/src/parsers/compatibility/neo4j/neo4j_dialect.cpp#kDiagnosticSurfaces:policy,kDiagnosticSurfaces,fail_closed;surface=NEO4J.AUTHORITY.*,fail_closed;surface=NEO4J.AUTHORITY.*,compatibility_surface_conflicts_with_parser_or_single_node_engine_authority_exact_fail_closed,NEO4J.AUTHORITY.*,NEO4J.AUTHORITY.*,exact_fail_closed_refusal,sblr.refusal.neo4j.diagnostic_surface_policy.be0689c21b,no_provider_or_compatibility_execution_for_exact_refusal,parser_may_emit_SBLRExecutionEnvelope_v3_only;parser_execution_storage_transaction_finality_authority_forbidden,compatibility_sql_not_executed;compatibility_storage_authority_false;compatibility_transaction_finality_authority_forbidden,engine_owned_MGA_transaction_finality_only;parser_compatibility_provider_finality_forbidden,project/src/parsers/compatibility/neo4j/neo4j_dialect.cpp#kDiagnosticSurfaces:policy,project/tests/compatibility_sql_parser_first_tranche/parser_refusal_reduction_gate.py,source_anchor_message_vector,p4_refusal_reduction_verified,row_preserves_compatibility_compatible_refusal_or_external_authority_fail_closed_boundary_with_runtime_or_source_anchor_proof
FPR-P4-REFUSAL-00171,FPR-P3-DECLARED-01238,1238,neo4j,project/src/parsers/compatibility/neo4j,source_marker:unsupported,ARCHITECTURE_REFUSAL,project/src/parsers/compatibility/neo4j/neo4j_dialect.cpp#marker:unsupported,marker,source_marker_requires_review,source_marker_requires_review,compatibility_surface_conflicts_with_parser_or_single_node_engine_authority_exact_fail_closed,NEO4J.PARSE.UNSUPPORTED_SURFACE,NEO4J.PARSE.UNSUPPORTED_SURFACE,exact_fail_closed_refusal,sblr.refusal.neo4j.source_marker_unsupported.414275a64e,no_provider_or_compatibility_execution_for_exact_refusal,parser_may_emit_SBLRExecutionEnvelope_v3_only;parser_execution_storage_transaction_finality_authority_forbidden,compatibility_sql_not_executed;compatibility_storage_authority_false;compatibility_transaction_finality_authority_forbidden,engine_owned_MGA_transaction_finality_only;parser_compatibility_provider_finality_forbidden,project/src/parsers/compatibility/neo4j/neo4j_dialect.cpp#marker:unsupported,project/tests/compatibility_sql_parser_first_tranche/parser_refusal_reduction_gate.py,source_anchor_message_vector,p4_refusal_reduction_verified,row_preserves_compatibility_compatible_refusal_or_external_authority_fail_closed_boundary_with_runtime_or_source_anchor_proof
FPR-P4-REFUSAL-00172,FPR-P3-DECLARED-01281,1281,opensearch,project/src/parsers/compatibility/opensearch,diagnostic_surface:policy,ARCHITECTURE_REFUSAL,project/src/parsers/compatibility/opensearch/opensearch_dialect.cpp#kDiagnosticSurfaces:policy,kDiagnosticSurfaces,fail_closed;surface=OPENSEARCH.AUTHORITY.*,fail_closed;surface=OPENSEARCH.AUTHORITY.*,compatibility_surface_conflicts_with_parser_or_single_node_engine_authority_exact_fail_closed,OPENSEARCH.AUTHORITY.*,OPENSEARCH.AUTHORITY.*,exact_fail_closed_refusal,sblr.refusal.opensearch.diagnostic_surface_policy.0c6b1c8d83,no_provider_or_compatibility_execution_for_exact_refusal,parser_may_emit_SBLRExecutionEnvelope_v3_only;parser_execution_storage_transaction_finality_authority_forbidden,compatibility_sql_not_executed;compatibility_storage_authority_false;compatibility_transaction_finality_authority_forbidden,engine_owned_MGA_transaction_finality_only;parser_compatibility_provider_finality_forbidden,project/src/parsers/compatibility/opensearch/opensearch_dialect.cpp#kDiagnosticSurfaces:policy,project/tests/compatibility_sql_parser_first_tranche/parser_refusal_reduction_gate.py,source_anchor_message_vector,p4_refusal_reduction_verified,row_preserves_compatibility_compatible_refusal_or_external_authority_fail_closed_boundary_with_runtime_or_source_anchor_proof
FPR-P4-REFUSAL-00173,FPR-P3-DECLARED-01290,1290,opensearch,project/src/parsers/compatibility/opensearch,source_marker:unsupported,ARCHITECTURE_REFUSAL,project/src/parsers/compatibility/opensearch/opensearch_dialect.cpp#marker:unsupported,marker,source_marker_requires_review,source_marker_requires_review,compatibility_surface_conflicts_with_parser_or_single_node_engine_authority_exact_fail_closed,OPENSEARCH.PARSE.UNSUPPORTED_SURFACE,OPENSEARCH.PARSE.UNSUPPORTED_SURFACE,exact_fail_closed_refusal,sblr.refusal.opensearch.source_marker_unsupported.9812161273,no_provider_or_compatibility_execution_for_exact_refusal,parser_may_emit_SBLRExecutionEnvelope_v3_only;parser_execution_storage_transaction_finality_authority_forbidden,compatibility_sql_not_executed;compatibility_storage_authority_false;compatibility_transaction_finality_authority_forbidden,engine_owned_MGA_transaction_finality_only;parser_compatibility_provider_finality_forbidden,project/src/parsers/compatibility/opensearch/opensearch_dialect.cpp#marker:unsupported,project/tests/compatibility_sql_parser_first_tranche/parser_refusal_reduction_gate.py,source_anchor_message_vector,p4_refusal_reduction_verified,row_preserves_compatibility_compatible_refusal_or_external_authority_fail_closed_boundary_with_runtime_or_source_anchor_proof
FPR-P4-REFUSAL-00174,FPR-P3-DECLARED-01338,1338,opensearch_sql_ppl,project/src/parsers/compatibility/opensearch_sql_ppl,builtin_function_surface:security,EXTERNAL_AUTHORITY,project/src/parsers/compatibility/opensearch_sql_ppl/opensearch_sql_ppl_dialect.cpp#kBuiltinSurfaces:security,kBuiltinSurfaces,catalog_projection;surface=DATASOURCES;CONNECTORS,catalog_projection;surface=DATASOURCES;CONNECTORS,external_files_connectors_tools_or_provider_authority_require_trusted_engine_operator_boundary_fail_closed,DATASOURCES;CONNECTORS,DATASOURCES,fail_closed_external_authority,sblr.external.opensearch.builtin_function_surface_security.fbfe361b4b,no_local_or_provider_execution_without_trusted_engine_admission,parser_may_emit_SBLRExecutionEnvelope_v3_only;parser_execution_storage_transaction_finality_authority_forbidden,compatibility_sql_not_executed;compatibility_storage_authority_false;compatibility_transaction_finality_authority_forbidden,engine_owned_MGA_transaction_finality_only;parser_compatibility_provider_finality_forbidden,project/src/parsers/compatibility/opensearch_sql_ppl/opensearch_sql_ppl_dialect.cpp#kBuiltinSurfaces:security,project/tests/compatibility_sql_parser_first_tranche/parser_refusal_reduction_gate.py,source_anchor_message_vector,p4_refusal_reduction_verified,row_preserves_compatibility_compatible_refusal_or_external_authority_fail_closed_boundary_with_runtime_or_source_anchor_proof
FPR-P4-REFUSAL-00175,FPR-P3-DECLARED-01349,1349,opensearch_sql_ppl,project/src/parsers/compatibility/opensearch_sql_ppl,diagnostic_surface:policy,ARCHITECTURE_REFUSAL,project/src/parsers/compatibility/opensearch_sql_ppl/opensearch_sql_ppl_dialect.cpp#kDiagnosticSurfaces:policy,kDiagnosticSurfaces,fail_closed;surface=OPENSEARCH_SQL_PPL.AUTHORITY.*,fail_closed;surface=OPENSEARCH_SQL_PPL.AUTHORITY.*,compatibility_surface_conflicts_with_parser_or_single_node_engine_authority_exact_fail_closed,OPENSEARCH_SQL_PPL.AUTHORITY.*,OPENSEARCH_SQL_PPL.AUTHORITY.*,exact_fail_closed_refusal,sblr.refusal.opensearch.diagnostic_surface_policy.5c6328d16e,no_provider_or_compatibility_execution_for_exact_refusal,parser_may_emit_SBLRExecutionEnvelope_v3_only;parser_execution_storage_transaction_finality_authority_forbidden,compatibility_sql_not_executed;compatibility_storage_authority_false;compatibility_transaction_finality_authority_forbidden,engine_owned_MGA_transaction_finality_only;parser_compatibility_provider_finality_forbidden,project/src/parsers/compatibility/opensearch_sql_ppl/opensearch_sql_ppl_dialect.cpp#kDiagnosticSurfaces:policy,project/tests/compatibility_sql_parser_first_tranche/parser_refusal_reduction_gate.py,source_anchor_message_vector,p4_refusal_reduction_verified,row_preserves_compatibility_compatible_refusal_or_external_authority_fail_closed_boundary_with_runtime_or_source_anchor_proof
FPR-P4-REFUSAL-00176,FPR-P3-DECLARED-01358,1358,opensearch_sql_ppl,project/src/parsers/compatibility/opensearch_sql_ppl,source_marker:unsupported,ARCHITECTURE_REFUSAL,project/src/parsers/compatibility/opensearch_sql_ppl/opensearch_sql_ppl_dialect.cpp#marker:unsupported,marker,source_marker_requires_review,source_marker_requires_review,compatibility_surface_conflicts_with_parser_or_single_node_engine_authority_exact_fail_closed,OPENSEARCH_SQL_PPL.PARSE.UNSUPPORTED_SURFACE,OPENSEARCH_SQL_PPL.PARSE.UNSUPPORTED_SURFACE,exact_fail_closed_refusal,sblr.refusal.opensearch.source_marker_unsupported.47be275795,no_provider_or_compatibility_execution_for_exact_refusal,parser_may_emit_SBLRExecutionEnvelope_v3_only;parser_execution_storage_transaction_finality_authority_forbidden,compatibility_sql_not_executed;compatibility_storage_authority_false;compatibility_transaction_finality_authority_forbidden,engine_owned_MGA_transaction_finality_only;parser_compatibility_provider_finality_forbidden,project/src/parsers/compatibility/opensearch_sql_ppl/opensearch_sql_ppl_dialect.cpp#marker:unsupported,project/tests/compatibility_sql_parser_first_tranche/parser_refusal_reduction_gate.py,source_anchor_message_vector,p4_refusal_reduction_verified,row_preserves_compatibility_compatible_refusal_or_external_authority_fail_closed_boundary_with_runtime_or_source_anchor_proof
FPR-P4-REFUSAL-00177,FPR-P3-DECLARED-01359,1359,postgresql,project/src/parsers/compatibility/postgresql,postgresql.bulk_io.copy_program,EXTERNAL_AUTHORITY,project/src/parsers/compatibility/postgresql/postgresql_dialect.cpp#kPatterns:postgresql.bulk_io.copy_program,kPatterns,kPolicyRefusal;match=COPY|| PROGRAM ;mapping=postgresql.policy.copy_program;sblr=none;engine_api=none;diagnostic=POSTGRESQL.AUTHORITY.PROGRAM_DENIED,kPolicyRefusal;match=COPY|| PROGRAM ;mapping=postgresql.policy.copy_program;sblr=none;engine_api=none;diagnostic=POSTGRESQL.AUTHORITY.PROGRAM_DENIED,external_files_connectors_tools_or_provider_authority_require_trusted_engine_operator_boundary_fail_closed,POSTGRESQL.AUTHORITY.PROGRAM_DENIED,POSTGRESQL.AUTHORITY.PROGRAM_DENIED,fail_closed_external_authority,sblr.external.postgresql.postgresql_bulk_io_copy_program.26988bd415,no_local_or_provider_execution_without_trusted_engine_admission,parser_may_emit_SBLRExecutionEnvelope_v3_only;parser_execution_storage_transaction_finality_authority_forbidden,compatibility_sql_not_executed;compatibility_storage_authority_false;compatibility_transaction_finality_authority_forbidden,engine_owned_MGA_transaction_finality_only;parser_compatibility_provider_finality_forbidden,COPY t PROGRAM x,project/tests/compatibility_sql_parser_first_tranche/parser_refusal_reduction_gate.py,runtime_parser_refusal,p4_refusal_reduction_verified,row_preserves_compatibility_compatible_refusal_or_external_authority_fail_closed_boundary_with_runtime_or_source_anchor_proof
FPR-P4-REFUSAL-00178,FPR-P3-DECLARED-01360,1360,postgresql,project/src/parsers/compatibility/postgresql,postgresql.bulk_io.copy_to_file,EXTERNAL_AUTHORITY,project/src/parsers/compatibility/postgresql/postgresql_dialect.cpp#kPatterns:postgresql.bulk_io.copy_to_file,kPatterns,kPolicyRefusal;match=COPY|| TO ';mapping=postgresql.policy.copy_to_file;sblr=none;engine_api=none;diagnostic=POSTGRESQL.AUTHORITY.FILE_IO_DENIED,kPolicyRefusal;match=COPY|| TO ';mapping=postgresql.policy.copy_to_file;sblr=none;engine_api=none;diagnostic=POSTGRESQL.AUTHORITY.FILE_IO_DENIED,external_files_connectors_tools_or_provider_authority_require_trusted_engine_operator_boundary_fail_closed,POSTGRESQL.AUTHORITY.FILE_IO_DENIED,POSTGRESQL.AUTHORITY.FILE_IO_DENIED,fail_closed_external_authority,sblr.external.postgresql.postgresql_bulk_io_copy_to_file.83849f8654,no_local_or_provider_execution_without_trusted_engine_admission,parser_may_emit_SBLRExecutionEnvelope_v3_only;parser_execution_storage_transaction_finality_authority_forbidden,compatibility_sql_not_executed;compatibility_storage_authority_false;compatibility_transaction_finality_authority_forbidden,engine_owned_MGA_transaction_finality_only;parser_compatibility_provider_finality_forbidden,COPY t TO 'x.csv',project/tests/compatibility_sql_parser_first_tranche/parser_refusal_reduction_gate.py,runtime_parser_refusal,p4_refusal_reduction_verified,row_preserves_compatibility_compatible_refusal_or_external_authority_fail_closed_boundary_with_runtime_or_source_anchor_proof
FPR-P4-REFUSAL-00179,FPR-P3-DECLARED-01361,1361,postgresql,project/src/parsers/compatibility/postgresql,postgresql.bulk_io.copy_to_file,EXTERNAL_AUTHORITY,project/src/parsers/compatibility/postgresql/postgresql_dialect.cpp#kPatterns:postgresql.bulk_io.copy_to_file,kPatterns,kPolicyRefusal;match=COPY|| TO :';mapping=postgresql.policy.copy_to_file;sblr=none;engine_api=none;diagnostic=POSTGRESQL.AUTHORITY.FILE_IO_DENIED,kPolicyRefusal;match=COPY|| TO :';mapping=postgresql.policy.copy_to_file;sblr=none;engine_api=none;diagnostic=POSTGRESQL.AUTHORITY.FILE_IO_DENIED,external_files_connectors_tools_or_provider_authority_require_trusted_engine_operator_boundary_fail_closed,POSTGRESQL.AUTHORITY.FILE_IO_DENIED,POSTGRESQL.AUTHORITY.FILE_IO_DENIED,fail_closed_external_authority,sblr.external.postgresql.postgresql_bulk_io_copy_to_file.83849f8654,no_local_or_provider_execution_without_trusted_engine_admission,parser_may_emit_SBLRExecutionEnvelope_v3_only;parser_execution_storage_transaction_finality_authority_forbidden,compatibility_sql_not_executed;compatibility_storage_authority_false;compatibility_transaction_finality_authority_forbidden,engine_owned_MGA_transaction_finality_only;parser_compatibility_provider_finality_forbidden,COPY t TO :'x.csv',project/tests/compatibility_sql_parser_first_tranche/parser_refusal_reduction_gate.py,runtime_parser_refusal,p4_refusal_reduction_verified,row_preserves_compatibility_compatible_refusal_or_external_authority_fail_closed_boundary_with_runtime_or_source_anchor_proof
FPR-P4-REFUSAL-00180,FPR-P3-DECLARED-01362,1362,postgresql,project/src/parsers/compatibility/postgresql,postgresql.bulk_io.copy_from_file,EXTERNAL_AUTHORITY,project/src/parsers/compatibility/postgresql/postgresql_dialect.cpp#kPatterns:postgresql.bulk_io.copy_from_file,kPatterns,kPolicyRefusal;match=COPY|| FROM ';mapping=postgresql.policy.copy_from_file;sblr=none;engine_api=none;diagnostic=POSTGRESQL.AUTHORITY.FILE_IO_DENIED,kPolicyRefusal;match=COPY|| FROM ';mapping=postgresql.policy.copy_from_file;sblr=none;engine_api=none;diagnostic=POSTGRESQL.AUTHORITY.FILE_IO_DENIED,external_files_connectors_tools_or_provider_authority_require_trusted_engine_operator_boundary_fail_closed,POSTGRESQL.AUTHORITY.FILE_IO_DENIED,POSTGRESQL.AUTHORITY.FILE_IO_DENIED,fail_closed_external_authority,sblr.external.postgresql.postgresql_bulk_io_copy_from_file.2882becce5,no_local_or_provider_execution_without_trusted_engine_admission,parser_may_emit_SBLRExecutionEnvelope_v3_only;parser_execution_storage_transaction_finality_authority_forbidden,compatibility_sql_not_executed;compatibility_storage_authority_false;compatibility_transaction_finality_authority_forbidden,engine_owned_MGA_transaction_finality_only;parser_compatibility_provider_finality_forbidden,COPY t FROM 'x.csv',project/tests/compatibility_sql_parser_first_tranche/parser_refusal_reduction_gate.py,runtime_parser_refusal,p4_refusal_reduction_verified,row_preserves_compatibility_compatible_refusal_or_external_authority_fail_closed_boundary_with_runtime_or_source_anchor_proof
FPR-P4-REFUSAL-00181,FPR-P3-DECLARED-01363,1363,postgresql,project/src/parsers/compatibility/postgresql,postgresql.bulk_io.copy_from_file,EXTERNAL_AUTHORITY,project/src/parsers/compatibility/postgresql/postgresql_dialect.cpp#kPatterns:postgresql.bulk_io.copy_from_file,kPatterns,kPolicyRefusal;match=COPY|| FROM :';mapping=postgresql.policy.copy_from_file;sblr=none;engine_api=none;diagnostic=POSTGRESQL.AUTHORITY.FILE_IO_DENIED,kPolicyRefusal;match=COPY|| FROM :';mapping=postgresql.policy.copy_from_file;sblr=none;engine_api=none;diagnostic=POSTGRESQL.AUTHORITY.FILE_IO_DENIED,external_files_connectors_tools_or_provider_authority_require_trusted_engine_operator_boundary_fail_closed,POSTGRESQL.AUTHORITY.FILE_IO_DENIED,POSTGRESQL.AUTHORITY.FILE_IO_DENIED,fail_closed_external_authority,sblr.external.postgresql.postgresql_bulk_io_copy_from_file.2882becce5,no_local_or_provider_execution_without_trusted_engine_admission,parser_may_emit_SBLRExecutionEnvelope_v3_only;parser_execution_storage_transaction_finality_authority_forbidden,compatibility_sql_not_executed;compatibility_storage_authority_false;compatibility_transaction_finality_authority_forbidden,engine_owned_MGA_transaction_finality_only;parser_compatibility_provider_finality_forbidden,COPY t FROM :'x.csv',project/tests/compatibility_sql_parser_first_tranche/parser_refusal_reduction_gate.py,runtime_parser_refusal,p4_refusal_reduction_verified,row_preserves_compatibility_compatible_refusal_or_external_authority_fail_closed_boundary_with_runtime_or_source_anchor_proof
FPR-P4-REFUSAL-00182,FPR-P3-DECLARED-01365,1365,postgresql,project/src/parsers/compatibility/postgresql,postgresql.large_object.lo_import,EXTERNAL_AUTHORITY,project/src/parsers/compatibility/postgresql/postgresql_dialect.cpp#kPatterns:postgresql.large_object.lo_import,kPatterns,kPolicyRefusal;match=LO_IMPORT;mapping=postgresql.policy.large_object.import;sblr=none;engine_api=none;diagnostic=POSTGRESQL.AUTHORITY.FILE_IO_DENIED,kPolicyRefusal;match=LO_IMPORT;mapping=postgresql.policy.large_object.import;sblr=none;engine_api=none;diagnostic=POSTGRESQL.AUTHORITY.FILE_IO_DENIED,external_files_connectors_tools_or_provider_authority_require_trusted_engine_operator_boundary_fail_closed,POSTGRESQL.AUTHORITY.FILE_IO_DENIED,POSTGRESQL.AUTHORITY.FILE_IO_DENIED,fail_closed_external_authority,sblr.external.postgresql.postgresql_large_object_lo_import.6fa15f720b,no_local_or_provider_execution_without_trusted_engine_admission,parser_may_emit_SBLRExecutionEnvelope_v3_only;parser_execution_storage_transaction_finality_authority_forbidden,compatibility_sql_not_executed;compatibility_storage_authority_false;compatibility_transaction_finality_authority_forbidden,engine_owned_MGA_transaction_finality_only;parser_compatibility_provider_finality_forbidden,SELECT LO_IMPORT('/tmp/x'),project/tests/compatibility_sql_parser_first_tranche/parser_refusal_reduction_gate.py,runtime_parser_refusal,p4_refusal_reduction_verified,row_preserves_compatibility_compatible_refusal_or_external_authority_fail_closed_boundary_with_runtime_or_source_anchor_proof
FPR-P4-REFUSAL-00183,FPR-P3-DECLARED-01366,1366,postgresql,project/src/parsers/compatibility/postgresql,postgresql.large_object.lo_export,EXTERNAL_AUTHORITY,project/src/parsers/compatibility/postgresql/postgresql_dialect.cpp#kPatterns:postgresql.large_object.lo_export,kPatterns,kPolicyRefusal;match=LO_EXPORT;mapping=postgresql.policy.large_object.export;sblr=none;engine_api=none;diagnostic=POSTGRESQL.AUTHORITY.FILE_IO_DENIED,kPolicyRefusal;match=LO_EXPORT;mapping=postgresql.policy.large_object.export;sblr=none;engine_api=none;diagnostic=POSTGRESQL.AUTHORITY.FILE_IO_DENIED,external_files_connectors_tools_or_provider_authority_require_trusted_engine_operator_boundary_fail_closed,POSTGRESQL.AUTHORITY.FILE_IO_DENIED,POSTGRESQL.AUTHORITY.FILE_IO_DENIED,fail_closed_external_authority,sblr.external.postgresql.postgresql_large_object_lo_export.b76ca5c1c8,no_local_or_provider_execution_without_trusted_engine_admission,parser_may_emit_SBLRExecutionEnvelope_v3_only;parser_execution_storage_transaction_finality_authority_forbidden,compatibility_sql_not_executed;compatibility_storage_authority_false;compatibility_transaction_finality_authority_forbidden,engine_owned_MGA_transaction_finality_only;parser_compatibility_provider_finality_forbidden,"SELECT LO_EXPORT(1, '/tmp/x')",project/tests/compatibility_sql_parser_first_tranche/parser_refusal_reduction_gate.py,runtime_parser_refusal,p4_refusal_reduction_verified,row_preserves_compatibility_compatible_refusal_or_external_authority_fail_closed_boundary_with_runtime_or_source_anchor_proof
FPR-P4-REFUSAL-00184,FPR-P3-DECLARED-01371,1371,postgresql,project/src/parsers/compatibility/postgresql,postgresql.connector.fdw.create,EXTERNAL_AUTHORITY,project/src/parsers/compatibility/postgresql/postgresql_dialect.cpp#kPatterns:postgresql.connector.fdw.create,kPatterns,kParserSupportUdr;match=CREATE FOREIGN DATA WRAPPER;mapping=postgresql.udr.connector.fdw.create;sblr=SBLR_COMPAT_POSTGRESQL_CONNECTOR_ROUTE;engine_api=ParserSupportConnectorRoute;diagnostic=POSTGRESQL.EMULATION.CONNECTOR_ROUTE,kParserSupportUdr;match=CREATE FOREIGN DATA WRAPPER;mapping=postgresql.udr.connector.fdw.create;sblr=SBLR_COMPAT_POSTGRESQL_CONNECTOR_ROUTE;engine_api=ParserSupportConnectorRoute;diagnostic=POSTGRESQL.EMULATION.CONNECTOR_ROUTE,external_files_connectors_tools_or_provider_authority_require_trusted_engine_operator_boundary_fail_closed,POSTGRESQL.EMULATION.CONNECTOR_ROUTE,POSTGRESQL.EMULATION.CONNECTOR_ROUTE,fail_closed_external_authority,sblr.external.postgresql.postgresql_connector_fdw_create.bd47deac52,no_local_or_provider_execution_without_trusted_engine_admission,parser_may_emit_SBLRExecutionEnvelope_v3_only;parser_execution_storage_transaction_finality_authority_forbidden,compatibility_sql_not_executed;compatibility_storage_authority_false;compatibility_transaction_finality_authority_forbidden,engine_owned_MGA_transaction_finality_only;parser_compatibility_provider_finality_forbidden,CREATE FOREIGN DATA WRAPPER,project/tests/compatibility_sql_parser_first_tranche/parser_refusal_reduction_gate.py,runtime_parser_refusal,p4_refusal_reduction_verified,row_preserves_compatibility_compatible_refusal_or_external_authority_fail_closed_boundary_with_runtime_or_source_anchor_proof
FPR-P4-REFUSAL-00185,FPR-P3-DECLARED-01372,1372,postgresql,project/src/parsers/compatibility/postgresql,postgresql.connector.server.create,EXTERNAL_AUTHORITY,project/src/parsers/compatibility/postgresql/postgresql_dialect.cpp#kPatterns:postgresql.connector.server.create,kPatterns,kParserSupportUdr;match=CREATE SERVER;mapping=postgresql.udr.connector.server.create;sblr=SBLR_COMPAT_POSTGRESQL_CONNECTOR_ROUTE;engine_api=ParserSupportConnectorRoute;diagnostic=POSTGRESQL.EMULATION.CONNECTOR_ROUTE,kParserSupportUdr;match=CREATE SERVER;mapping=postgresql.udr.connector.server.create;sblr=SBLR_COMPAT_POSTGRESQL_CONNECTOR_ROUTE;engine_api=ParserSupportConnectorRoute;diagnostic=POSTGRESQL.EMULATION.CONNECTOR_ROUTE,external_files_connectors_tools_or_provider_authority_require_trusted_engine_operator_boundary_fail_closed,POSTGRESQL.EMULATION.CONNECTOR_ROUTE,POSTGRESQL.EMULATION.CONNECTOR_ROUTE,fail_closed_external_authority,sblr.external.postgresql.postgresql_connector_server_create.cbce0112d1,no_local_or_provider_execution_without_trusted_engine_admission,parser_may_emit_SBLRExecutionEnvelope_v3_only;parser_execution_storage_transaction_finality_authority_forbidden,compatibility_sql_not_executed;compatibility_storage_authority_false;compatibility_transaction_finality_authority_forbidden,engine_owned_MGA_transaction_finality_only;parser_compatibility_provider_finality_forbidden,CREATE SERVER,project/tests/compatibility_sql_parser_first_tranche/parser_refusal_reduction_gate.py,runtime_parser_refusal,p4_refusal_reduction_verified,row_preserves_compatibility_compatible_refusal_or_external_authority_fail_closed_boundary_with_runtime_or_source_anchor_proof
FPR-P4-REFUSAL-00186,FPR-P3-DECLARED-01373,1373,postgresql,project/src/parsers/compatibility/postgresql,postgresql.connector.user_mapping.create,EXTERNAL_AUTHORITY,project/src/parsers/compatibility/postgresql/postgresql_dialect.cpp#kPatterns:postgresql.connector.user_mapping.create,kPatterns,kParserSupportUdr;match=CREATE USER MAPPING;mapping=postgresql.udr.connector.user_mapping.create;sblr=SBLR_COMPAT_POSTGRESQL_CONNECTOR_ROUTE;engine_api=ParserSupportConnectorRoute;diagnostic=POSTGRESQL.EMULATION.CONNECTOR_ROUTE,kParserSupportUdr;match=CREATE USER MAPPING;mapping=postgresql.udr.connector.user_mapping.create;sblr=SBLR_COMPAT_POSTGRESQL_CONNECTOR_ROUTE;engine_api=ParserSupportConnectorRoute;diagnostic=POSTGRESQL.EMULATION.CONNECTOR_ROUTE,external_files_connectors_tools_or_provider_authority_require_trusted_engine_operator_boundary_fail_closed,POSTGRESQL.EMULATION.CONNECTOR_ROUTE,POSTGRESQL.EMULATION.CONNECTOR_ROUTE,fail_closed_external_authority,sblr.external.postgresql.postgresql_connector_user_mapping_create.4afa25c785,no_local_or_provider_execution_without_trusted_engine_admission,parser_may_emit_SBLRExecutionEnvelope_v3_only;parser_execution_storage_transaction_finality_authority_forbidden,compatibility_sql_not_executed;compatibility_storage_authority_false;compatibility_transaction_finality_authority_forbidden,engine_owned_MGA_transaction_finality_only;parser_compatibility_provider_finality_forbidden,CREATE USER MAPPING,project/tests/compatibility_sql_parser_first_tranche/parser_refusal_reduction_gate.py,runtime_parser_refusal,p4_refusal_reduction_verified,row_preserves_compatibility_compatible_refusal_or_external_authority_fail_closed_boundary_with_runtime_or_source_anchor_proof
FPR-P4-REFUSAL-00187,FPR-P3-DECLARED-01374,1374,postgresql,project/src/parsers/compatibility/postgresql,postgresql.connector.import_foreign_schema,EXTERNAL_AUTHORITY,project/src/parsers/compatibility/postgresql/postgresql_dialect.cpp#kPatterns:postgresql.connector.import_foreign_schema,kPatterns,kParserSupportUdr;match=IMPORT FOREIGN SCHEMA;mapping=postgresql.udr.connector.import_foreign_schema;sblr=SBLR_COMPAT_POSTGRESQL_CONNECTOR_ROUTE;engine_api=ParserSupportConnectorRoute;diagnostic=POSTGRESQL.EMULATION.CONNECTOR_ROUTE,kParserSupportUdr;match=IMPORT FOREIGN SCHEMA;mapping=postgresql.udr.connector.import_foreign_schema;sblr=SBLR_COMPAT_POSTGRESQL_CONNECTOR_ROUTE;engine_api=ParserSupportConnectorRoute;diagnostic=POSTGRESQL.EMULATION.CONNECTOR_ROUTE,external_files_connectors_tools_or_provider_authority_require_trusted_engine_operator_boundary_fail_closed,POSTGRESQL.EMULATION.CONNECTOR_ROUTE,POSTGRESQL.EMULATION.CONNECTOR_ROUTE,fail_closed_external_authority,sblr.external.postgresql.postgresql_connector_import_foreign_schema.433d4b8998,no_local_or_provider_execution_without_trusted_engine_admission,parser_may_emit_SBLRExecutionEnvelope_v3_only;parser_execution_storage_transaction_finality_authority_forbidden,compatibility_sql_not_executed;compatibility_storage_authority_false;compatibility_transaction_finality_authority_forbidden,engine_owned_MGA_transaction_finality_only;parser_compatibility_provider_finality_forbidden,IMPORT FOREIGN SCHEMA,project/tests/compatibility_sql_parser_first_tranche/parser_refusal_reduction_gate.py,runtime_parser_refusal,p4_refusal_reduction_verified,row_preserves_compatibility_compatible_refusal_or_external_authority_fail_closed_boundary_with_runtime_or_source_anchor_proof
FPR-P4-REFUSAL-00188,FPR-P3-DECLARED-01375,1375,postgresql,project/src/parsers/compatibility/postgresql,postgresql.connector.foreign_table.create,EXTERNAL_AUTHORITY,project/src/parsers/compatibility/postgresql/postgresql_dialect.cpp#kPatterns:postgresql.connector.foreign_table.create,kPatterns,kParserSupportUdr;match=CREATE FOREIGN TABLE;mapping=postgresql.udr.connector.foreign_table.create;sblr=SBLR_COMPAT_POSTGRESQL_CONNECTOR_ROUTE;engine_api=ParserSupportConnectorRoute;diagnostic=POSTGRESQL.EMULATION.CONNECTOR_ROUTE,kParserSupportUdr;match=CREATE FOREIGN TABLE;mapping=postgresql.udr.connector.foreign_table.create;sblr=SBLR_COMPAT_POSTGRESQL_CONNECTOR_ROUTE;engine_api=ParserSupportConnectorRoute;diagnostic=POSTGRESQL.EMULATION.CONNECTOR_ROUTE,external_files_connectors_tools_or_provider_authority_require_trusted_engine_operator_boundary_fail_closed,POSTGRESQL.EMULATION.CONNECTOR_ROUTE,POSTGRESQL.EMULATION.CONNECTOR_ROUTE,fail_closed_external_authority,sblr.external.postgresql.postgresql_connector_foreign_table_create.710712b82d,no_local_or_provider_execution_without_trusted_engine_admission,parser_may_emit_SBLRExecutionEnvelope_v3_only;parser_execution_storage_transaction_finality_authority_forbidden,compatibility_sql_not_executed;compatibility_storage_authority_false;compatibility_transaction_finality_authority_forbidden,engine_owned_MGA_transaction_finality_only;parser_compatibility_provider_finality_forbidden,CREATE FOREIGN TABLE,project/tests/compatibility_sql_parser_first_tranche/parser_refusal_reduction_gate.py,runtime_parser_refusal,p4_refusal_reduction_verified,row_preserves_compatibility_compatible_refusal_or_external_authority_fail_closed_boundary_with_runtime_or_source_anchor_proof
FPR-P4-REFUSAL-00189,FPR-P3-DECLARED-01380,1380,postgresql,project/src/parsers/compatibility/postgresql,postgresql.storage.tablespace.create,ARCHITECTURE_REFUSAL,project/src/parsers/compatibility/postgresql/postgresql_dialect.cpp#kPatterns:postgresql.storage.tablespace.create,kPatterns,kPolicyRefusal;match=CREATE TABLESPACE;mapping=postgresql.policy.tablespace.create;sblr=none;engine_api=none;diagnostic=POSTGRESQL.AUTHORITY.TABLESPACE_DENIED,kPolicyRefusal;match=CREATE TABLESPACE;mapping=postgresql.policy.tablespace.create;sblr=none;engine_api=none;diagnostic=POSTGRESQL.AUTHORITY.TABLESPACE_DENIED,compatibility_surface_conflicts_with_parser_or_single_node_engine_authority_exact_fail_closed,POSTGRESQL.AUTHORITY.TABLESPACE_DENIED,POSTGRESQL.AUTHORITY.TABLESPACE_DENIED,exact_fail_closed_refusal,sblr.refusal.postgresql.postgresql_storage_tablespace_create.adc5411365,no_provider_or_compatibility_execution_for_exact_refusal,parser_may_emit_SBLRExecutionEnvelope_v3_only;parser_execution_storage_transaction_finality_authority_forbidden,compatibility_sql_not_executed;compatibility_storage_authority_false;compatibility_transaction_finality_authority_forbidden,engine_owned_MGA_transaction_finality_only;parser_compatibility_provider_finality_forbidden,CREATE TABLESPACE,project/tests/compatibility_sql_parser_first_tranche/parser_refusal_reduction_gate.py,runtime_parser_refusal,p4_refusal_reduction_verified,row_preserves_compatibility_compatible_refusal_or_external_authority_fail_closed_boundary_with_runtime_or_source_anchor_proof
FPR-P4-REFUSAL-00190,FPR-P3-DECLARED-01381,1381,postgresql,project/src/parsers/compatibility/postgresql,postgresql.storage.tablespace.alter,ARCHITECTURE_REFUSAL,project/src/parsers/compatibility/postgresql/postgresql_dialect.cpp#kPatterns:postgresql.storage.tablespace.alter,kPatterns,kPolicyRefusal;match=ALTER TABLESPACE;mapping=postgresql.policy.tablespace.alter;sblr=none;engine_api=none;diagnostic=POSTGRESQL.AUTHORITY.TABLESPACE_DENIED,kPolicyRefusal;match=ALTER TABLESPACE;mapping=postgresql.policy.tablespace.alter;sblr=none;engine_api=none;diagnostic=POSTGRESQL.AUTHORITY.TABLESPACE_DENIED,compatibility_surface_conflicts_with_parser_or_single_node_engine_authority_exact_fail_closed,POSTGRESQL.AUTHORITY.TABLESPACE_DENIED,POSTGRESQL.AUTHORITY.TABLESPACE_DENIED,exact_fail_closed_refusal,sblr.refusal.postgresql.postgresql_storage_tablespace_alter.cd9f18018a,no_provider_or_compatibility_execution_for_exact_refusal,parser_may_emit_SBLRExecutionEnvelope_v3_only;parser_execution_storage_transaction_finality_authority_forbidden,compatibility_sql_not_executed;compatibility_storage_authority_false;compatibility_transaction_finality_authority_forbidden,engine_owned_MGA_transaction_finality_only;parser_compatibility_provider_finality_forbidden,ALTER TABLESPACE,project/tests/compatibility_sql_parser_first_tranche/parser_refusal_reduction_gate.py,runtime_parser_refusal,p4_refusal_reduction_verified,row_preserves_compatibility_compatible_refusal_or_external_authority_fail_closed_boundary_with_runtime_or_source_anchor_proof
FPR-P4-REFUSAL-00191,FPR-P3-DECLARED-01382,1382,postgresql,project/src/parsers/compatibility/postgresql,postgresql.storage.tablespace.drop,ARCHITECTURE_REFUSAL,project/src/parsers/compatibility/postgresql/postgresql_dialect.cpp#kPatterns:postgresql.storage.tablespace.drop,kPatterns,kPolicyRefusal;match=DROP TABLESPACE;mapping=postgresql.policy.tablespace.drop;sblr=none;engine_api=none;diagnostic=POSTGRESQL.AUTHORITY.TABLESPACE_DENIED,kPolicyRefusal;match=DROP TABLESPACE;mapping=postgresql.policy.tablespace.drop;sblr=none;engine_api=none;diagnostic=POSTGRESQL.AUTHORITY.TABLESPACE_DENIED,compatibility_surface_conflicts_with_parser_or_single_node_engine_authority_exact_fail_closed,POSTGRESQL.AUTHORITY.TABLESPACE_DENIED,POSTGRESQL.AUTHORITY.TABLESPACE_DENIED,exact_fail_closed_refusal,sblr.refusal.postgresql.postgresql_storage_tablespace_drop.cf0899d0fe,no_provider_or_compatibility_execution_for_exact_refusal,parser_may_emit_SBLRExecutionEnvelope_v3_only;parser_execution_storage_transaction_finality_authority_forbidden,compatibility_sql_not_executed;compatibility_storage_authority_false;compatibility_transaction_finality_authority_forbidden,engine_owned_MGA_transaction_finality_only;parser_compatibility_provider_finality_forbidden,DROP TABLESPACE,project/tests/compatibility_sql_parser_first_tranche/parser_refusal_reduction_gate.py,runtime_parser_refusal,p4_refusal_reduction_verified,row_preserves_compatibility_compatible_refusal_or_external_authority_fail_closed_boundary_with_runtime_or_source_anchor_proof
FPR-P4-REFUSAL-00192,FPR-P3-DECLARED-01383,1383,postgresql,project/src/parsers/compatibility/postgresql,postgresql.system.alter_system,ARCHITECTURE_REFUSAL,project/src/parsers/compatibility/postgresql/postgresql_dialect.cpp#kPatterns:postgresql.system.alter_system,kPatterns,kPolicyRefusal;match=ALTER SYSTEM;mapping=postgresql.policy.alter_system;sblr=none;engine_api=none;diagnostic=POSTGRESQL.AUTHORITY.SYSTEM_DENIED,kPolicyRefusal;match=ALTER SYSTEM;mapping=postgresql.policy.alter_system;sblr=none;engine_api=none;diagnostic=POSTGRESQL.AUTHORITY.SYSTEM_DENIED,compatibility_surface_conflicts_with_parser_or_single_node_engine_authority_exact_fail_closed,POSTGRESQL.AUTHORITY.SYSTEM_DENIED,POSTGRESQL.AUTHORITY.SYSTEM_DENIED,exact_fail_closed_refusal,sblr.refusal.postgresql.postgresql_system_alter_system.ee2240aff0,no_provider_or_compatibility_execution_for_exact_refusal,parser_may_emit_SBLRExecutionEnvelope_v3_only;parser_execution_storage_transaction_finality_authority_forbidden,compatibility_sql_not_executed;compatibility_storage_authority_false;compatibility_transaction_finality_authority_forbidden,engine_owned_MGA_transaction_finality_only;parser_compatibility_provider_finality_forbidden,ALTER SYSTEM,project/tests/compatibility_sql_parser_first_tranche/parser_refusal_reduction_gate.py,runtime_parser_refusal,p4_refusal_reduction_verified,row_preserves_compatibility_compatible_refusal_or_external_authority_fail_closed_boundary_with_runtime_or_source_anchor_proof
FPR-P4-REFUSAL-00193,FPR-P3-DECLARED-01384,1384,postgresql,project/src/parsers/compatibility/postgresql,postgresql.system.checkpoint,ARCHITECTURE_REFUSAL,project/src/parsers/compatibility/postgresql/postgresql_dialect.cpp#kPatterns:postgresql.system.checkpoint,kPatterns,kPolicyRefusal;match=CHECKPOINT;mapping=postgresql.policy.checkpoint;sblr=none;engine_api=none;diagnostic=POSTGRESQL.AUTHORITY.SYSTEM_DENIED,kUnsupportedRefusal;match=CHECKPOINT;mapping=postgresql.policy.unsupported.checkpoint;sblr=none;engine_api=none;diagnostic=POSTGRESQL.AUTHORITY.UNSUPPORTED_DENIED,compatibility_surface_conflicts_with_parser_or_single_node_engine_authority_exact_fail_closed,POSTGRESQL.AUTHORITY.UNSUPPORTED_DENIED,POSTGRESQL.AUTHORITY.UNSUPPORTED_DENIED,exact_fail_closed_refusal,sblr.refusal.postgresql.postgresql_system_checkpoint.3dbe7f6977,no_provider_or_compatibility_execution_for_exact_refusal,parser_may_emit_SBLRExecutionEnvelope_v3_only;parser_execution_storage_transaction_finality_authority_forbidden,compatibility_sql_not_executed;compatibility_storage_authority_false;compatibility_transaction_finality_authority_forbidden,engine_owned_MGA_transaction_finality_only;parser_compatibility_provider_finality_forbidden,CHECKPOINT,project/tests/compatibility_sql_parser_first_tranche/parser_refusal_reduction_gate.py,runtime_parser_refusal,p4_refusal_reduction_verified,row_preserves_compatibility_compatible_refusal_or_external_authority_fail_closed_boundary_with_runtime_or_source_anchor_proof
FPR-P4-REFUSAL-00194,FPR-P3-DECLARED-01419,1419,postgresql,project/src/parsers/compatibility/postgresql,postgresql.transaction.prepare_transaction,ARCHITECTURE_REFUSAL,project/src/parsers/compatibility/postgresql/postgresql_dialect.cpp#kPatterns:postgresql.transaction.prepare_transaction,kPatterns,kUnsupportedRefusal;match=PREPARE TRANSACTION;mapping=postgresql.policy.transaction.prepare_transaction;sblr=none;engine_api=none;diagnostic=POSTGRESQL.AUTHORITY.PREPARE_TRANSACTION_DENIED,kUnsupportedRefusal;match=PREPARE TRANSACTION;mapping=postgresql.policy.transaction.prepare_transaction;sblr=none;engine_api=none;diagnostic=POSTGRESQL.AUTHORITY.PREPARE_TRANSACTION_DENIED,compatibility_surface_conflicts_with_parser_or_single_node_engine_authority_exact_fail_closed,POSTGRESQL.AUTHORITY.PREPARE_TRANSACTION_DENIED,POSTGRESQL.AUTHORITY.PREPARE_TRANSACTION_DENIED,exact_fail_closed_refusal,sblr.refusal.postgresql.postgresql_transaction_prepare_transaction.2a21f343c8,no_provider_or_compatibility_execution_for_exact_refusal,parser_may_emit_SBLRExecutionEnvelope_v3_only;parser_execution_storage_transaction_finality_authority_forbidden,compatibility_sql_not_executed;compatibility_storage_authority_false;compatibility_transaction_finality_authority_forbidden,engine_owned_MGA_transaction_finality_only;parser_compatibility_provider_finality_forbidden,PREPARE TRANSACTION,project/tests/compatibility_sql_parser_first_tranche/parser_refusal_reduction_gate.py,runtime_parser_refusal,p4_refusal_reduction_verified,row_preserves_compatibility_compatible_refusal_or_external_authority_fail_closed_boundary_with_runtime_or_source_anchor_proof
FPR-P4-REFUSAL-00195,FPR-P3-DECLARED-01475,1475,postgresql,project/src/parsers/compatibility/postgresql,diagnostic_surface:file,ARCHITECTURE_REFUSAL,project/src/parsers/compatibility/postgresql/postgresql_dialect.cpp#kDiagnosticSurfaces:file,kDiagnosticSurfaces,fail_closed;surface=POSTGRESQL.AUTHORITY.FILE_IO_DENIED,fail_closed;surface=POSTGRESQL.AUTHORITY.FILE_IO_DENIED,compatibility_surface_conflicts_with_parser_or_single_node_engine_authority_exact_fail_closed,POSTGRESQL.AUTHORITY.FILE_IO_DENIED,POSTGRESQL.AUTHORITY.FILE_IO_DENIED,exact_fail_closed_refusal,sblr.refusal.postgresql.diagnostic_surface_file.cc5a0e964e,no_provider_or_compatibility_execution_for_exact_refusal,parser_may_emit_SBLRExecutionEnvelope_v3_only;parser_execution_storage_transaction_finality_authority_forbidden,compatibility_sql_not_executed;compatibility_storage_authority_false;compatibility_transaction_finality_authority_forbidden,engine_owned_MGA_transaction_finality_only;parser_compatibility_provider_finality_forbidden,project/src/parsers/compatibility/postgresql/postgresql_dialect.cpp#kDiagnosticSurfaces:file,project/tests/compatibility_sql_parser_first_tranche/parser_refusal_reduction_gate.py,source_anchor_message_vector,p4_refusal_reduction_verified,row_preserves_compatibility_compatible_refusal_or_external_authority_fail_closed_boundary_with_runtime_or_source_anchor_proof
FPR-P4-REFUSAL-00196,FPR-P3-DECLARED-01476,1476,postgresql,project/src/parsers/compatibility/postgresql,diagnostic_surface:program,ARCHITECTURE_REFUSAL,project/src/parsers/compatibility/postgresql/postgresql_dialect.cpp#kDiagnosticSurfaces:program,kDiagnosticSurfaces,fail_closed;surface=POSTGRESQL.AUTHORITY.PROGRAM_DENIED,fail_closed;surface=POSTGRESQL.AUTHORITY.PROGRAM_DENIED,compatibility_surface_conflicts_with_parser_or_single_node_engine_authority_exact_fail_closed,POSTGRESQL.AUTHORITY.PROGRAM_DENIED,POSTGRESQL.AUTHORITY.PROGRAM_DENIED,exact_fail_closed_refusal,sblr.refusal.postgresql.diagnostic_surface_program.2fba29ecb6,no_provider_or_compatibility_execution_for_exact_refusal,parser_may_emit_SBLRExecutionEnvelope_v3_only;parser_execution_storage_transaction_finality_authority_forbidden,compatibility_sql_not_executed;compatibility_storage_authority_false;compatibility_transaction_finality_authority_forbidden,engine_owned_MGA_transaction_finality_only;parser_compatibility_provider_finality_forbidden,project/src/parsers/compatibility/postgresql/postgresql_dialect.cpp#kDiagnosticSurfaces:program,project/tests/compatibility_sql_parser_first_tranche/parser_refusal_reduction_gate.py,source_anchor_message_vector,p4_refusal_reduction_verified,row_preserves_compatibility_compatible_refusal_or_external_authority_fail_closed_boundary_with_runtime_or_source_anchor_proof
FPR-P4-REFUSAL-00197,FPR-P3-DECLARED-01477,1477,postgresql,project/src/parsers/compatibility/postgresql,diagnostic_surface:tablespace,ARCHITECTURE_REFUSAL,project/src/parsers/compatibility/postgresql/postgresql_dialect.cpp#kDiagnosticSurfaces:tablespace,kDiagnosticSurfaces,fail_closed;surface=POSTGRESQL.AUTHORITY.TABLESPACE_DENIED,fail_closed;surface=POSTGRESQL.AUTHORITY.TABLESPACE_DENIED,compatibility_surface_conflicts_with_parser_or_single_node_engine_authority_exact_fail_closed,POSTGRESQL.AUTHORITY.TABLESPACE_DENIED,POSTGRESQL.AUTHORITY.TABLESPACE_DENIED,exact_fail_closed_refusal,sblr.refusal.postgresql.diagnostic_surface_tablespace.e84be9c8cd,no_provider_or_compatibility_execution_for_exact_refusal,parser_may_emit_SBLRExecutionEnvelope_v3_only;parser_execution_storage_transaction_finality_authority_forbidden,compatibility_sql_not_executed;compatibility_storage_authority_false;compatibility_transaction_finality_authority_forbidden,engine_owned_MGA_transaction_finality_only;parser_compatibility_provider_finality_forbidden,project/src/parsers/compatibility/postgresql/postgresql_dialect.cpp#kDiagnosticSurfaces:tablespace,project/tests/compatibility_sql_parser_first_tranche/parser_refusal_reduction_gate.py,source_anchor_message_vector,p4_refusal_reduction_verified,row_preserves_compatibility_compatible_refusal_or_external_authority_fail_closed_boundary_with_runtime_or_source_anchor_proof
FPR-P4-REFUSAL-00198,FPR-P3-DECLARED-01478,1478,postgresql,project/src/parsers/compatibility/postgresql,diagnostic_surface:system,ARCHITECTURE_REFUSAL,project/src/parsers/compatibility/postgresql/postgresql_dialect.cpp#kDiagnosticSurfaces:system,kDiagnosticSurfaces,fail_closed;surface=POSTGRESQL.AUTHORITY.SYSTEM_DENIED,fail_closed;surface=POSTGRESQL.AUTHORITY.SYSTEM_DENIED;POSTGRESQL.AUTHORITY.UNSUPPORTED_DENIED,compatibility_surface_conflicts_with_parser_or_single_node_engine_authority_exact_fail_closed,POSTGRESQL.AUTHORITY.SYSTEM_DENIED;POSTGRESQL.AUTHORITY.UNSUPPORTED_DENIED,POSTGRESQL.AUTHORITY.SYSTEM_DENIED;POSTGRESQL.AUTHORITY.UNSUPPORTED_DENIED,exact_fail_closed_refusal,sblr.refusal.postgresql.diagnostic_surface_system.e6e98d8ee3,no_provider_or_compatibility_execution_for_exact_refusal,parser_may_emit_SBLRExecutionEnvelope_v3_only;parser_execution_storage_transaction_finality_authority_forbidden,compatibility_sql_not_executed;compatibility_storage_authority_false;compatibility_transaction_finality_authority_forbidden,engine_owned_MGA_transaction_finality_only;parser_compatibility_provider_finality_forbidden,project/src/parsers/compatibility/postgresql/postgresql_dialect.cpp#kDiagnosticSurfaces:system,project/tests/compatibility_sql_parser_first_tranche/parser_refusal_reduction_gate.py,source_anchor_message_vector,p4_refusal_reduction_verified,row_preserves_compatibility_compatible_refusal_or_external_authority_fail_closed_boundary_with_runtime_or_source_anchor_proof
FPR-P4-REFUSAL-00199,FPR-P3-DECLARED-01481,1481,postgresql,project/src/parsers/compatibility/postgresql,diagnostic_surface:connector,EXTERNAL_AUTHORITY,project/src/parsers/compatibility/postgresql/postgresql_dialect.cpp#kDiagnosticSurfaces:connector,kDiagnosticSurfaces,parser_support_udr;surface=POSTGRESQL.EMULATION.CONNECTOR_ROUTE,parser_support_udr;surface=POSTGRESQL.EMULATION.CONNECTOR_ROUTE,external_files_connectors_tools_or_provider_authority_require_trusted_engine_operator_boundary_fail_closed,POSTGRESQL.EMULATION.CONNECTOR_ROUTE,POSTGRESQL.EMULATION.CONNECTOR_ROUTE,fail_closed_external_authority,sblr.external.postgresql.diagnostic_surface_connector.d15edc256d,no_local_or_provider_execution_without_trusted_engine_admission,parser_may_emit_SBLRExecutionEnvelope_v3_only;parser_execution_storage_transaction_finality_authority_forbidden,compatibility_sql_not_executed;compatibility_storage_authority_false;compatibility_transaction_finality_authority_forbidden,engine_owned_MGA_transaction_finality_only;parser_compatibility_provider_finality_forbidden,project/src/parsers/compatibility/postgresql/postgresql_dialect.cpp#kDiagnosticSurfaces:connector,project/tests/compatibility_sql_parser_first_tranche/parser_refusal_reduction_gate.py,source_anchor_message_vector,p4_refusal_reduction_verified,row_preserves_compatibility_compatible_refusal_or_external_authority_fail_closed_boundary_with_runtime_or_source_anchor_proof
FPR-P4-REFUSAL-00200,FPR-P3-DECLARED-01485,1485,postgresql,project/src/parsers/compatibility/postgresql,diagnostic_surface:transaction,ARCHITECTURE_REFUSAL,project/src/parsers/compatibility/postgresql/postgresql_dialect.cpp#kDiagnosticSurfaces:transaction,kDiagnosticSurfaces,fail_closed;surface=POSTGRESQL.AUTHORITY.PREPARE_TRANSACTION_DENIED,fail_closed;surface=POSTGRESQL.AUTHORITY.PREPARE_TRANSACTION_DENIED,compatibility_surface_conflicts_with_parser_or_single_node_engine_authority_exact_fail_closed,POSTGRESQL.AUTHORITY.PREPARE_TRANSACTION_DENIED,POSTGRESQL.AUTHORITY.PREPARE_TRANSACTION_DENIED,exact_fail_closed_refusal,sblr.refusal.postgresql.diagnostic_surface_transaction.4fb242d2a2,no_provider_or_compatibility_execution_for_exact_refusal,parser_may_emit_SBLRExecutionEnvelope_v3_only;parser_execution_storage_transaction_finality_authority_forbidden,compatibility_sql_not_executed;compatibility_storage_authority_false;compatibility_transaction_finality_authority_forbidden,engine_owned_MGA_transaction_finality_only;parser_compatibility_provider_finality_forbidden,project/src/parsers/compatibility/postgresql/postgresql_dialect.cpp#kDiagnosticSurfaces:transaction,project/tests/compatibility_sql_parser_first_tranche/parser_refusal_reduction_gate.py,source_anchor_message_vector,p4_refusal_reduction_verified,row_preserves_compatibility_compatible_refusal_or_external_authority_fail_closed_boundary_with_runtime_or_source_anchor_proof
FPR-P4-REFUSAL-00201,FPR-P3-DECLARED-01486,1486,postgresql,project/src/parsers/compatibility/postgresql,source_marker:unsupported,ARCHITECTURE_REFUSAL,project/src/parsers/compatibility/postgresql/postgresql_dialect.cpp#marker:unsupported,marker,source_marker_requires_review,source_marker_requires_review,compatibility_surface_conflicts_with_parser_or_single_node_engine_authority_exact_fail_closed,POSTGRESQL.PARSE.UNSUPPORTED_SURFACE,POSTGRESQL.PARSE.UNSUPPORTED_SURFACE,exact_fail_closed_refusal,sblr.refusal.postgresql.source_marker_unsupported.645ef37efc,no_provider_or_compatibility_execution_for_exact_refusal,parser_may_emit_SBLRExecutionEnvelope_v3_only;parser_execution_storage_transaction_finality_authority_forbidden,compatibility_sql_not_executed;compatibility_storage_authority_false;compatibility_transaction_finality_authority_forbidden,engine_owned_MGA_transaction_finality_only;parser_compatibility_provider_finality_forbidden,project/src/parsers/compatibility/postgresql/postgresql_dialect.cpp#marker:unsupported,project/tests/compatibility_sql_parser_first_tranche/parser_refusal_reduction_gate.py,source_anchor_message_vector,p4_refusal_reduction_verified,row_preserves_compatibility_compatible_refusal_or_external_authority_fail_closed_boundary_with_runtime_or_source_anchor_proof
FPR-P4-REFUSAL-00202,FPR-P3-DECLARED-01549,1549,redis,project/src/parsers/compatibility/redis,diagnostic_surface:policy,ARCHITECTURE_REFUSAL,project/src/parsers/compatibility/redis/redis_dialect.cpp#kDiagnosticSurfaces:policy,kDiagnosticSurfaces,fail_closed;surface=REDIS.AUTHORITY.*,fail_closed;surface=REDIS.AUTHORITY.*,compatibility_surface_conflicts_with_parser_or_single_node_engine_authority_exact_fail_closed,REDIS.AUTHORITY.*,REDIS.AUTHORITY.*,exact_fail_closed_refusal,sblr.refusal.redis.diagnostic_surface_policy.b7dbdbbb3a,no_provider_or_compatibility_execution_for_exact_refusal,parser_may_emit_SBLRExecutionEnvelope_v3_only;parser_execution_storage_transaction_finality_authority_forbidden,compatibility_sql_not_executed;compatibility_storage_authority_false;compatibility_transaction_finality_authority_forbidden,engine_owned_MGA_transaction_finality_only;parser_compatibility_provider_finality_forbidden,project/src/parsers/compatibility/redis/redis_dialect.cpp#kDiagnosticSurfaces:policy,project/tests/compatibility_sql_parser_first_tranche/parser_refusal_reduction_gate.py,source_anchor_message_vector,p4_refusal_reduction_verified,row_preserves_compatibility_compatible_refusal_or_external_authority_fail_closed_boundary_with_runtime_or_source_anchor_proof
FPR-P4-REFUSAL-00203,FPR-P3-DECLARED-01558,1558,redis,project/src/parsers/compatibility/redis,source_marker:unsupported,ARCHITECTURE_REFUSAL,project/src/parsers/compatibility/redis/redis_dialect.cpp#marker:unsupported,marker,source_marker_requires_review,source_marker_requires_review,compatibility_surface_conflicts_with_parser_or_single_node_engine_authority_exact_fail_closed,REDIS.PARSE.UNSUPPORTED_SURFACE,REDIS.PARSE.UNSUPPORTED_SURFACE,exact_fail_closed_refusal,sblr.refusal.redis.source_marker_unsupported.fc9280c14b,no_provider_or_compatibility_execution_for_exact_refusal,parser_may_emit_SBLRExecutionEnvelope_v3_only;parser_execution_storage_transaction_finality_authority_forbidden,compatibility_sql_not_executed;compatibility_storage_authority_false;compatibility_transaction_finality_authority_forbidden,engine_owned_MGA_transaction_finality_only;parser_compatibility_provider_finality_forbidden,project/src/parsers/compatibility/redis/redis_dialect.cpp#marker:unsupported,project/tests/compatibility_sql_parser_first_tranche/parser_refusal_reduction_gate.py,source_anchor_message_vector,p4_refusal_reduction_verified,row_preserves_compatibility_compatible_refusal_or_external_authority_fail_closed_boundary_with_runtime_or_source_anchor_proof
FPR-P4-REFUSAL-00204,FPR-P3-DECLARED-01559,1559,sqlite,project/src/parsers/compatibility/sqlite,sqlite.extension.load_extension,ARCHITECTURE_REFUSAL,project/src/parsers/compatibility/sqlite/sqlite_dialect.cpp#kPatterns:sqlite.extension.load_extension,kPatterns,kPolicyRefusal;match=SELECT LOAD_EXTENSION;mapping=sqlite.policy.extension.load_extension;sblr=none;engine_api=none;diagnostic=SQLITE.AUTHORITY.EXTENSION_DENIED,kPolicyRefusal;match=SELECT LOAD_EXTENSION;mapping=sqlite.policy.extension.load_extension;sblr=none;engine_api=none;diagnostic=SQLITE.AUTHORITY.EXTENSION_DENIED,compatibility_surface_conflicts_with_parser_or_single_node_engine_authority_exact_fail_closed,SQLITE.AUTHORITY.EXTENSION_DENIED,SQLITE.AUTHORITY.EXTENSION_DENIED,exact_fail_closed_refusal,sblr.refusal.sqlite.sqlite_extension_load_extension.6a34ea116e,no_provider_or_compatibility_execution_for_exact_refusal,parser_may_emit_SBLRExecutionEnvelope_v3_only;parser_execution_storage_transaction_finality_authority_forbidden,compatibility_sql_not_executed;compatibility_storage_authority_false;compatibility_transaction_finality_authority_forbidden,engine_owned_MGA_transaction_finality_only;parser_compatibility_provider_finality_forbidden,SELECT LOAD_EXTENSION('x'),project/tests/compatibility_sql_parser_first_tranche/parser_refusal_reduction_gate.py,runtime_parser_refusal,p4_refusal_reduction_verified,row_preserves_compatibility_compatible_refusal_or_external_authority_fail_closed_boundary_with_runtime_or_source_anchor_proof
FPR-P4-REFUSAL-00205,FPR-P3-DECLARED-01560,1560,sqlite,project/src/parsers/compatibility/sqlite,sqlite.extension.load_extension,ARCHITECTURE_REFUSAL,project/src/parsers/compatibility/sqlite/sqlite_dialect.cpp#kPatterns:sqlite.extension.load_extension,kPatterns,kPolicyRefusal;match=LOAD_EXTENSION;mapping=sqlite.policy.extension.load_extension;sblr=none;engine_api=none;diagnostic=SQLITE.AUTHORITY.EXTENSION_DENIED,kPolicyRefusal;match=LOAD_EXTENSION;mapping=sqlite.policy.extension.load_extension;sblr=none;engine_api=none;diagnostic=SQLITE.AUTHORITY.EXTENSION_DENIED,compatibility_surface_conflicts_with_parser_or_single_node_engine_authority_exact_fail_closed,SQLITE.AUTHORITY.EXTENSION_DENIED,SQLITE.AUTHORITY.EXTENSION_DENIED,exact_fail_closed_refusal,sblr.refusal.sqlite.sqlite_extension_load_extension.6a34ea116e,no_provider_or_compatibility_execution_for_exact_refusal,parser_may_emit_SBLRExecutionEnvelope_v3_only;parser_execution_storage_transaction_finality_authority_forbidden,compatibility_sql_not_executed;compatibility_storage_authority_false;compatibility_transaction_finality_authority_forbidden,engine_owned_MGA_transaction_finality_only;parser_compatibility_provider_finality_forbidden,SELECT LOAD_EXTENSION('x'),project/tests/compatibility_sql_parser_first_tranche/parser_refusal_reduction_gate.py,runtime_parser_refusal,p4_refusal_reduction_verified,row_preserves_compatibility_compatible_refusal_or_external_authority_fail_closed_boundary_with_runtime_or_source_anchor_proof
FPR-P4-REFUSAL-00206,FPR-P3-DECLARED-01561,1561,sqlite,project/src/parsers/compatibility/sqlite,sqlite.lifecycle.attach_database,EXTERNAL_AUTHORITY,project/src/parsers/compatibility/sqlite/sqlite_dialect.cpp#kPatterns:sqlite.lifecycle.attach_database,kPatterns,kPolicyRefusal;match=ATTACH DATABASE;mapping=sqlite.policy.file.attach_database;sblr=none;engine_api=none;diagnostic=SQLITE.AUTHORITY.FILE_IO_DENIED,kPolicyRefusal;match=ATTACH DATABASE;mapping=sqlite.policy.file.attach_database;sblr=none;engine_api=none;diagnostic=SQLITE.AUTHORITY.FILE_IO_DENIED,external_files_connectors_tools_or_provider_authority_require_trusted_engine_operator_boundary_fail_closed,SQLITE.AUTHORITY.FILE_IO_DENIED,SQLITE.AUTHORITY.FILE_IO_DENIED,fail_closed_external_authority,sblr.external.sqlite.sqlite_lifecycle_attach_database.125db22970,no_local_or_provider_execution_without_trusted_engine_admission,parser_may_emit_SBLRExecutionEnvelope_v3_only;parser_execution_storage_transaction_finality_authority_forbidden,compatibility_sql_not_executed;compatibility_storage_authority_false;compatibility_transaction_finality_authority_forbidden,engine_owned_MGA_transaction_finality_only;parser_compatibility_provider_finality_forbidden,ATTACH DATABASE,project/tests/compatibility_sql_parser_first_tranche/parser_refusal_reduction_gate.py,runtime_parser_refusal,p4_refusal_reduction_verified,row_preserves_compatibility_compatible_refusal_or_external_authority_fail_closed_boundary_with_runtime_or_source_anchor_proof
FPR-P4-REFUSAL-00207,FPR-P3-DECLARED-01562,1562,sqlite,project/src/parsers/compatibility/sqlite,sqlite.lifecycle.detach_database,EXTERNAL_AUTHORITY,project/src/parsers/compatibility/sqlite/sqlite_dialect.cpp#kPatterns:sqlite.lifecycle.detach_database,kPatterns,kPolicyRefusal;match=DETACH DATABASE;mapping=sqlite.policy.file.detach_database;sblr=none;engine_api=none;diagnostic=SQLITE.AUTHORITY.FILE_IO_DENIED,kPolicyRefusal;match=DETACH DATABASE;mapping=sqlite.policy.file.detach_database;sblr=none;engine_api=none;diagnostic=SQLITE.AUTHORITY.FILE_IO_DENIED,external_files_connectors_tools_or_provider_authority_require_trusted_engine_operator_boundary_fail_closed,SQLITE.AUTHORITY.FILE_IO_DENIED,SQLITE.AUTHORITY.FILE_IO_DENIED,fail_closed_external_authority,sblr.external.sqlite.sqlite_lifecycle_detach_database.83c57f5b37,no_local_or_provider_execution_without_trusted_engine_admission,parser_may_emit_SBLRExecutionEnvelope_v3_only;parser_execution_storage_transaction_finality_authority_forbidden,compatibility_sql_not_executed;compatibility_storage_authority_false;compatibility_transaction_finality_authority_forbidden,engine_owned_MGA_transaction_finality_only;parser_compatibility_provider_finality_forbidden,DETACH DATABASE,project/tests/compatibility_sql_parser_first_tranche/parser_refusal_reduction_gate.py,runtime_parser_refusal,p4_refusal_reduction_verified,row_preserves_compatibility_compatible_refusal_or_external_authority_fail_closed_boundary_with_runtime_or_source_anchor_proof
FPR-P4-REFUSAL-00208,FPR-P3-DECLARED-01563,1563,sqlite,project/src/parsers/compatibility/sqlite,sqlite.bulk_io.vacuum_into,EXTERNAL_AUTHORITY,project/src/parsers/compatibility/sqlite/sqlite_dialect.cpp#kPatterns:sqlite.bulk_io.vacuum_into,kPatterns,kPolicyRefusal;match=VACUUM INTO;mapping=sqlite.policy.file.vacuum_into;sblr=none;engine_api=none;diagnostic=SQLITE.AUTHORITY.FILE_IO_DENIED,kUnsupportedRefusal;match=VACUUM INTO;mapping=sqlite.policy.unsupported.vacuum_into;sblr=none;engine_api=none;diagnostic=SQLITE.AUTHORITY.UNSUPPORTED_DENIED,external_files_connectors_tools_or_provider_authority_require_trusted_engine_operator_boundary_fail_closed,SQLITE.AUTHORITY.UNSUPPORTED_DENIED,SQLITE.AUTHORITY.UNSUPPORTED_DENIED,fail_closed_external_authority,sblr.external.sqlite.sqlite_bulk_io_vacuum_into.79aee70d28,no_local_or_provider_execution_without_trusted_engine_admission,parser_may_emit_SBLRExecutionEnvelope_v3_only;parser_execution_storage_transaction_finality_authority_forbidden,compatibility_sql_not_executed;compatibility_storage_authority_false;compatibility_transaction_finality_authority_forbidden,engine_owned_MGA_transaction_finality_only;parser_compatibility_provider_finality_forbidden,VACUUM INTO,project/tests/compatibility_sql_parser_first_tranche/parser_refusal_reduction_gate.py,runtime_parser_refusal,p4_refusal_reduction_verified,row_preserves_compatibility_compatible_refusal_or_external_authority_fail_closed_boundary_with_runtime_or_source_anchor_proof
FPR-P4-REFUSAL-00209,FPR-P3-DECLARED-01564,1564,sqlite,project/src/parsers/compatibility/sqlite,sqlite.bulk_io.backup,EXTERNAL_AUTHORITY,project/src/parsers/compatibility/sqlite/sqlite_dialect.cpp#kPatterns:sqlite.bulk_io.backup,kPatterns,kPolicyRefusal;match=BACKUP;mapping=sqlite.policy.file.backup;sblr=none;engine_api=none;diagnostic=SQLITE.AUTHORITY.FILE_IO_DENIED,kPolicyRefusal;match=BACKUP;mapping=sqlite.policy.file.backup;sblr=none;engine_api=none;diagnostic=SQLITE.AUTHORITY.FILE_IO_DENIED,external_files_connectors_tools_or_provider_authority_require_trusted_engine_operator_boundary_fail_closed,SQLITE.AUTHORITY.FILE_IO_DENIED,SQLITE.AUTHORITY.FILE_IO_DENIED,fail_closed_external_authority,sblr.external.sqlite.sqlite_bulk_io_backup.2f6656c2de,no_local_or_provider_execution_without_trusted_engine_admission,parser_may_emit_SBLRExecutionEnvelope_v3_only;parser_execution_storage_transaction_finality_authority_forbidden,compatibility_sql_not_executed;compatibility_storage_authority_false;compatibility_transaction_finality_authority_forbidden,engine_owned_MGA_transaction_finality_only;parser_compatibility_provider_finality_forbidden,BACKUP,project/tests/compatibility_sql_parser_first_tranche/parser_refusal_reduction_gate.py,runtime_parser_refusal,p4_refusal_reduction_verified,row_preserves_compatibility_compatible_refusal_or_external_authority_fail_closed_boundary_with_runtime_or_source_anchor_proof
FPR-P4-REFUSAL-00210,FPR-P3-DECLARED-01565,1565,sqlite,project/src/parsers/compatibility/sqlite,sqlite.bulk_io.restore,EXTERNAL_AUTHORITY,project/src/parsers/compatibility/sqlite/sqlite_dialect.cpp#kPatterns:sqlite.bulk_io.restore,kPatterns,kPolicyRefusal;match=RESTORE;mapping=sqlite.policy.file.restore;sblr=none;engine_api=none;diagnostic=SQLITE.AUTHORITY.FILE_IO_DENIED,kPolicyRefusal;match=RESTORE;mapping=sqlite.policy.file.restore;sblr=none;engine_api=none;diagnostic=SQLITE.AUTHORITY.FILE_IO_DENIED,external_files_connectors_tools_or_provider_authority_require_trusted_engine_operator_boundary_fail_closed,SQLITE.AUTHORITY.FILE_IO_DENIED,SQLITE.AUTHORITY.FILE_IO_DENIED,fail_closed_external_authority,sblr.external.sqlite.sqlite_bulk_io_restore.d8f75273e7,no_local_or_provider_execution_without_trusted_engine_admission,parser_may_emit_SBLRExecutionEnvelope_v3_only;parser_execution_storage_transaction_finality_authority_forbidden,compatibility_sql_not_executed;compatibility_storage_authority_false;compatibility_transaction_finality_authority_forbidden,engine_owned_MGA_transaction_finality_only;parser_compatibility_provider_finality_forbidden,RESTORE,project/tests/compatibility_sql_parser_first_tranche/parser_refusal_reduction_gate.py,runtime_parser_refusal,p4_refusal_reduction_verified,row_preserves_compatibility_compatible_refusal_or_external_authority_fail_closed_boundary_with_runtime_or_source_anchor_proof
FPR-P4-REFUSAL-00211,FPR-P3-DECLARED-01613,1613,sqlite,project/src/parsers/compatibility/sqlite,builtin_function_surface:extension,ARCHITECTURE_REFUSAL,project/src/parsers/compatibility/sqlite/sqlite_dialect.cpp#kBuiltinSurfaces:extension,kBuiltinSurfaces,fail_closed;surface=LOAD_EXTENSION,fail_closed;surface=LOAD_EXTENSION,compatibility_surface_conflicts_with_parser_or_single_node_engine_authority_exact_fail_closed,LOAD_EXTENSION,LOAD_EXTENSION,exact_fail_closed_refusal,sblr.refusal.sqlite.builtin_function_surface_extension.d1ab7855d9,no_provider_or_compatibility_execution_for_exact_refusal,parser_may_emit_SBLRExecutionEnvelope_v3_only;parser_execution_storage_transaction_finality_authority_forbidden,compatibility_sql_not_executed;compatibility_storage_authority_false;compatibility_transaction_finality_authority_forbidden,engine_owned_MGA_transaction_finality_only;parser_compatibility_provider_finality_forbidden,project/src/parsers/compatibility/sqlite/sqlite_dialect.cpp#kBuiltinSurfaces:extension,project/tests/compatibility_sql_parser_first_tranche/parser_refusal_reduction_gate.py,source_anchor_message_vector,p4_refusal_reduction_verified,row_preserves_compatibility_compatible_refusal_or_external_authority_fail_closed_boundary_with_runtime_or_source_anchor_proof
FPR-P4-REFUSAL-00212,FPR-P3-DECLARED-01622,1622,sqlite,project/src/parsers/compatibility/sqlite,diagnostic_surface:file,ARCHITECTURE_REFUSAL,project/src/parsers/compatibility/sqlite/sqlite_dialect.cpp#kDiagnosticSurfaces:file,kDiagnosticSurfaces,fail_closed;surface=SQLITE.AUTHORITY.FILE_IO_DENIED,fail_closed;surface=SQLITE.AUTHORITY.FILE_IO_DENIED,compatibility_surface_conflicts_with_parser_or_single_node_engine_authority_exact_fail_closed,SQLITE.AUTHORITY.FILE_IO_DENIED,SQLITE.AUTHORITY.FILE_IO_DENIED,exact_fail_closed_refusal,sblr.refusal.sqlite.diagnostic_surface_file.a8799a575b,no_provider_or_compatibility_execution_for_exact_refusal,parser_may_emit_SBLRExecutionEnvelope_v3_only;parser_execution_storage_transaction_finality_authority_forbidden,compatibility_sql_not_executed;compatibility_storage_authority_false;compatibility_transaction_finality_authority_forbidden,engine_owned_MGA_transaction_finality_only;parser_compatibility_provider_finality_forbidden,project/src/parsers/compatibility/sqlite/sqlite_dialect.cpp#kDiagnosticSurfaces:file,project/tests/compatibility_sql_parser_first_tranche/parser_refusal_reduction_gate.py,source_anchor_message_vector,p4_refusal_reduction_verified,row_preserves_compatibility_compatible_refusal_or_external_authority_fail_closed_boundary_with_runtime_or_source_anchor_proof
FPR-P4-REFUSAL-00213,FPR-P3-DECLARED-01623,1623,sqlite,project/src/parsers/compatibility/sqlite,diagnostic_surface:extension,ARCHITECTURE_REFUSAL,project/src/parsers/compatibility/sqlite/sqlite_dialect.cpp#kDiagnosticSurfaces:extension,kDiagnosticSurfaces,fail_closed;surface=SQLITE.AUTHORITY.EXTENSION_DENIED,fail_closed;surface=SQLITE.AUTHORITY.EXTENSION_DENIED,compatibility_surface_conflicts_with_parser_or_single_node_engine_authority_exact_fail_closed,SQLITE.AUTHORITY.EXTENSION_DENIED,SQLITE.AUTHORITY.EXTENSION_DENIED,exact_fail_closed_refusal,sblr.refusal.sqlite.diagnostic_surface_extension.dfd2eef7d7,no_provider_or_compatibility_execution_for_exact_refusal,parser_may_emit_SBLRExecutionEnvelope_v3_only;parser_execution_storage_transaction_finality_authority_forbidden,compatibility_sql_not_executed;compatibility_storage_authority_false;compatibility_transaction_finality_authority_forbidden,engine_owned_MGA_transaction_finality_only;parser_compatibility_provider_finality_forbidden,project/src/parsers/compatibility/sqlite/sqlite_dialect.cpp#kDiagnosticSurfaces:extension,project/tests/compatibility_sql_parser_first_tranche/parser_refusal_reduction_gate.py,source_anchor_message_vector,p4_refusal_reduction_verified,row_preserves_compatibility_compatible_refusal_or_external_authority_fail_closed_boundary_with_runtime_or_source_anchor_proof
FPR-P4-REFUSAL-00214,FPR-P3-DECLARED-01628,1628,sqlite,project/src/parsers/compatibility/sqlite,diagnostic_surface:catalog,ARCHITECTURE_REFUSAL,project/src/parsers/compatibility/sqlite/sqlite_dialect.cpp#kDiagnosticSurfaces:catalog,kDiagnosticSurfaces,fail_closed;surface=SQLITE.CATALOG_OVERLAY.READ_ONLY,fail_closed;surface=SQLITE.CATALOG_OVERLAY.READ_ONLY,compatibility_surface_conflicts_with_parser_or_single_node_engine_authority_exact_fail_closed,SQLITE.CATALOG_OVERLAY.READ_ONLY,SQLITE.CATALOG_OVERLAY.READ_ONLY,exact_fail_closed_refusal,sblr.refusal.sqlite.diagnostic_surface_catalog.0c2f8a3606,no_provider_or_compatibility_execution_for_exact_refusal,parser_may_emit_SBLRExecutionEnvelope_v3_only;parser_execution_storage_transaction_finality_authority_forbidden,compatibility_sql_not_executed;compatibility_storage_authority_false;compatibility_transaction_finality_authority_forbidden,engine_owned_MGA_transaction_finality_only;parser_compatibility_provider_finality_forbidden,project/src/parsers/compatibility/sqlite/sqlite_dialect.cpp#kDiagnosticSurfaces:catalog,project/tests/compatibility_sql_parser_first_tranche/parser_refusal_reduction_gate.py,source_anchor_message_vector,p4_refusal_reduction_verified,row_preserves_compatibility_compatible_refusal_or_external_authority_fail_closed_boundary_with_runtime_or_source_anchor_proof
FPR-P4-REFUSAL-00215,FPR-P3-DECLARED-01630,1630,sqlite,project/src/parsers/compatibility/sqlite,source_marker:unsupported,ARCHITECTURE_REFUSAL,project/src/parsers/compatibility/sqlite/sqlite_dialect.cpp#marker:unsupported,marker,source_marker_requires_review,source_marker_requires_review,compatibility_surface_conflicts_with_parser_or_single_node_engine_authority_exact_fail_closed,SQLITE.PARSE.UNSUPPORTED_SURFACE,SQLITE.PARSE.UNSUPPORTED_SURFACE,exact_fail_closed_refusal,sblr.refusal.sqlite.source_marker_unsupported.1d78544f1a,no_provider_or_compatibility_execution_for_exact_refusal,parser_may_emit_SBLRExecutionEnvelope_v3_only;parser_execution_storage_transaction_finality_authority_forbidden,compatibility_sql_not_executed;compatibility_storage_authority_false;compatibility_transaction_finality_authority_forbidden,engine_owned_MGA_transaction_finality_only;parser_compatibility_provider_finality_forbidden,project/src/parsers/compatibility/sqlite/sqlite_dialect.cpp#marker:unsupported,project/tests/compatibility_sql_parser_first_tranche/parser_refusal_reduction_gate.py,source_anchor_message_vector,p4_refusal_reduction_verified,row_preserves_compatibility_compatible_refusal_or_external_authority_fail_closed_boundary_with_runtime_or_source_anchor_proof
FPR-P4-REFUSAL-00216,FPR-P3-DECLARED-01631,1631,tidb,project/src/parsers/compatibility/tidb,tidb.admin.checksum_table,ARCHITECTURE_REFUSAL,project/src/parsers/compatibility/tidb/tidb_dialect.cpp#kPatterns:tidb.admin.checksum_table,kPatterns,kPolicyRefusal;match=ADMIN CHECKSUM;mapping=tidb.policy.admin.checksum;sblr=none;engine_api=none;diagnostic=TIDB.AUTHORITY.ADMIN_DENIED,kPolicyRefusal;match=ADMIN CHECKSUM;mapping=tidb.policy.admin.checksum;sblr=none;engine_api=none;diagnostic=TIDB.AUTHORITY.ADMIN_DENIED,compatibility_surface_conflicts_with_parser_or_single_node_engine_authority_exact_fail_closed,TIDB.AUTHORITY.ADMIN_DENIED,TIDB.AUTHORITY.ADMIN_DENIED,exact_fail_closed_refusal,sblr.refusal.tidb.tidb_admin_checksum_table.df7f0bf7bd,no_provider_or_compatibility_execution_for_exact_refusal,parser_may_emit_SBLRExecutionEnvelope_v3_only;parser_execution_storage_transaction_finality_authority_forbidden,compatibility_sql_not_executed;compatibility_storage_authority_false;compatibility_transaction_finality_authority_forbidden,engine_owned_MGA_transaction_finality_only;parser_compatibility_provider_finality_forbidden,ADMIN CHECKSUM,project/tests/compatibility_sql_parser_first_tranche/parser_refusal_reduction_gate.py,runtime_parser_refusal,p4_refusal_reduction_verified,row_preserves_compatibility_compatible_refusal_or_external_authority_fail_closed_boundary_with_runtime_or_source_anchor_proof
FPR-P4-REFUSAL-00217,FPR-P3-DECLARED-01632,1632,tidb,project/src/parsers/compatibility/tidb,tidb.backup.backup,ARCHITECTURE_REFUSAL,project/src/parsers/compatibility/tidb/tidb_dialect.cpp#kPatterns:tidb.backup.backup,kPatterns,kPolicyRefusal;match=BACKUP;mapping=tidb.policy.backup;sblr=none;engine_api=none;diagnostic=TIDB.AUTHORITY.BACKUP_DENIED,kPolicyRefusal;match=BACKUP;mapping=tidb.policy.backup;sblr=none;engine_api=none;diagnostic=TIDB.AUTHORITY.BACKUP_DENIED,compatibility_surface_conflicts_with_parser_or_single_node_engine_authority_exact_fail_closed,TIDB.AUTHORITY.BACKUP_DENIED,TIDB.AUTHORITY.BACKUP_DENIED,exact_fail_closed_refusal,sblr.refusal.tidb.tidb_backup_backup.b5141d2046,no_provider_or_compatibility_execution_for_exact_refusal,parser_may_emit_SBLRExecutionEnvelope_v3_only;parser_execution_storage_transaction_finality_authority_forbidden,compatibility_sql_not_executed;compatibility_storage_authority_false;compatibility_transaction_finality_authority_forbidden,engine_owned_MGA_transaction_finality_only;parser_compatibility_provider_finality_forbidden,BACKUP,project/tests/compatibility_sql_parser_first_tranche/parser_refusal_reduction_gate.py,runtime_parser_refusal,p4_refusal_reduction_verified,row_preserves_compatibility_compatible_refusal_or_external_authority_fail_closed_boundary_with_runtime_or_source_anchor_proof
FPR-P4-REFUSAL-00218,FPR-P3-DECLARED-01633,1633,tidb,project/src/parsers/compatibility/tidb,tidb.restore.restore,ARCHITECTURE_REFUSAL,project/src/parsers/compatibility/tidb/tidb_dialect.cpp#kPatterns:tidb.restore.restore,kPatterns,kPolicyRefusal;match=RESTORE;mapping=tidb.policy.restore;sblr=none;engine_api=none;diagnostic=TIDB.AUTHORITY.RESTORE_DENIED,kPolicyRefusal;match=RESTORE;mapping=tidb.policy.restore;sblr=none;engine_api=none;diagnostic=TIDB.AUTHORITY.RESTORE_DENIED,compatibility_surface_conflicts_with_parser_or_single_node_engine_authority_exact_fail_closed,TIDB.AUTHORITY.RESTORE_DENIED,TIDB.AUTHORITY.RESTORE_DENIED,exact_fail_closed_refusal,sblr.refusal.tidb.tidb_restore_restore.c931345c77,no_provider_or_compatibility_execution_for_exact_refusal,parser_may_emit_SBLRExecutionEnvelope_v3_only;parser_execution_storage_transaction_finality_authority_forbidden,compatibility_sql_not_executed;compatibility_storage_authority_false;compatibility_transaction_finality_authority_forbidden,engine_owned_MGA_transaction_finality_only;parser_compatibility_provider_finality_forbidden,RESTORE,project/tests/compatibility_sql_parser_first_tranche/parser_refusal_reduction_gate.py,runtime_parser_refusal,p4_refusal_reduction_verified,row_preserves_compatibility_compatible_refusal_or_external_authority_fail_closed_boundary_with_runtime_or_source_anchor_proof
FPR-P4-REFUSAL-00219,FPR-P3-DECLARED-01642,1642,tidb,project/src/parsers/compatibility/tidb,tidb.bulk_io.load_data_infile,EXTERNAL_AUTHORITY,project/src/parsers/compatibility/tidb/tidb_dialect.cpp#kPatterns:tidb.bulk_io.load_data_infile,kPatterns,kPolicyRefusal;match=LOAD DATA INFILE;mapping=tidb.policy.file.load_data_infile;sblr=none;engine_api=none;diagnostic=TIDB.AUTHORITY.FILE_IO_DENIED,kPolicyRefusal;match=LOAD DATA INFILE;mapping=tidb.policy.file.load_data_infile;sblr=none;engine_api=none;diagnostic=TIDB.AUTHORITY.FILE_IO_DENIED,external_files_connectors_tools_or_provider_authority_require_trusted_engine_operator_boundary_fail_closed,TIDB.AUTHORITY.FILE_IO_DENIED,TIDB.AUTHORITY.FILE_IO_DENIED,fail_closed_external_authority,sblr.external.tidb.tidb_bulk_io_load_data_infile.42f875f2e1,no_local_or_provider_execution_without_trusted_engine_admission,parser_may_emit_SBLRExecutionEnvelope_v3_only;parser_execution_storage_transaction_finality_authority_forbidden,compatibility_sql_not_executed;compatibility_storage_authority_false;compatibility_transaction_finality_authority_forbidden,engine_owned_MGA_transaction_finality_only;parser_compatibility_provider_finality_forbidden,LOAD DATA INFILE,project/tests/compatibility_sql_parser_first_tranche/parser_refusal_reduction_gate.py,runtime_parser_refusal,p4_refusal_reduction_verified,row_preserves_compatibility_compatible_refusal_or_external_authority_fail_closed_boundary_with_runtime_or_source_anchor_proof
FPR-P4-REFUSAL-00220,FPR-P3-DECLARED-01643,1643,tidb,project/src/parsers/compatibility/tidb,tidb.bulk_io.load_file,EXTERNAL_AUTHORITY,project/src/parsers/compatibility/tidb/tidb_dialect.cpp#kPatterns:tidb.bulk_io.load_file,kPatterns,kPolicyRefusal;match=LOAD_FILE;mapping=tidb.policy.file.load_file;sblr=none;engine_api=none;diagnostic=TIDB.AUTHORITY.FILE_IO_DENIED,kPolicyRefusal;match=LOAD_FILE;mapping=tidb.policy.file.load_file;sblr=none;engine_api=none;diagnostic=TIDB.AUTHORITY.FILE_IO_DENIED,external_files_connectors_tools_or_provider_authority_require_trusted_engine_operator_boundary_fail_closed,TIDB.AUTHORITY.FILE_IO_DENIED,TIDB.AUTHORITY.FILE_IO_DENIED,fail_closed_external_authority,sblr.external.tidb.tidb_bulk_io_load_file.a418f73acb,no_local_or_provider_execution_without_trusted_engine_admission,parser_may_emit_SBLRExecutionEnvelope_v3_only;parser_execution_storage_transaction_finality_authority_forbidden,compatibility_sql_not_executed;compatibility_storage_authority_false;compatibility_transaction_finality_authority_forbidden,engine_owned_MGA_transaction_finality_only;parser_compatibility_provider_finality_forbidden,SELECT LOAD_FILE('/tmp/x'),project/tests/compatibility_sql_parser_first_tranche/parser_refusal_reduction_gate.py,runtime_parser_refusal,p4_refusal_reduction_verified,row_preserves_compatibility_compatible_refusal_or_external_authority_fail_closed_boundary_with_runtime_or_source_anchor_proof
FPR-P4-REFUSAL-00221,FPR-P3-DECLARED-01644,1644,tidb,project/src/parsers/compatibility/tidb,tidb.bulk_io.select_into_outfile,EXTERNAL_AUTHORITY,project/src/parsers/compatibility/tidb/tidb_dialect.cpp#kPatterns:tidb.bulk_io.select_into_outfile,kPatterns,kPolicyRefusal;match=SELECT|| INTO OUTFILE;mapping=tidb.policy.file.select_into_outfile;sblr=none;engine_api=none;diagnostic=TIDB.AUTHORITY.FILE_IO_DENIED,kPolicyRefusal;match=SELECT|| INTO OUTFILE;mapping=tidb.policy.file.select_into_outfile;sblr=none;engine_api=none;diagnostic=TIDB.AUTHORITY.FILE_IO_DENIED,external_files_connectors_tools_or_provider_authority_require_trusted_engine_operator_boundary_fail_closed,TIDB.AUTHORITY.FILE_IO_DENIED,TIDB.AUTHORITY.FILE_IO_DENIED,fail_closed_external_authority,sblr.external.tidb.tidb_bulk_io_select_into_outfile.b34c01d347,no_local_or_provider_execution_without_trusted_engine_admission,parser_may_emit_SBLRExecutionEnvelope_v3_only;parser_execution_storage_transaction_finality_authority_forbidden,compatibility_sql_not_executed;compatibility_storage_authority_false;compatibility_transaction_finality_authority_forbidden,engine_owned_MGA_transaction_finality_only;parser_compatibility_provider_finality_forbidden,SELECT INTO OUTFILE,project/tests/compatibility_sql_parser_first_tranche/parser_refusal_reduction_gate.py,runtime_parser_refusal,p4_refusal_reduction_verified,row_preserves_compatibility_compatible_refusal_or_external_authority_fail_closed_boundary_with_runtime_or_source_anchor_proof
FPR-P4-REFUSAL-00222,FPR-P3-DECLARED-01645,1645,tidb,project/src/parsers/compatibility/tidb,tidb.plugin.install,ARCHITECTURE_REFUSAL,project/src/parsers/compatibility/tidb/tidb_dialect.cpp#kPatterns:tidb.plugin.install,kPatterns,kPolicyRefusal;match=INSTALL PLUGIN;mapping=tidb.policy.plugin.install;sblr=none;engine_api=none;diagnostic=TIDB.AUTHORITY.PLUGIN_DENIED,kPolicyRefusal;match=INSTALL PLUGIN;mapping=tidb.policy.plugin.install;sblr=none;engine_api=none;diagnostic=TIDB.AUTHORITY.PLUGIN_DENIED,compatibility_surface_conflicts_with_parser_or_single_node_engine_authority_exact_fail_closed,TIDB.AUTHORITY.PLUGIN_DENIED,TIDB.AUTHORITY.PLUGIN_DENIED,exact_fail_closed_refusal,sblr.refusal.tidb.tidb_plugin_install.83e714ac0e,no_provider_or_compatibility_execution_for_exact_refusal,parser_may_emit_SBLRExecutionEnvelope_v3_only;parser_execution_storage_transaction_finality_authority_forbidden,compatibility_sql_not_executed;compatibility_storage_authority_false;compatibility_transaction_finality_authority_forbidden,engine_owned_MGA_transaction_finality_only;parser_compatibility_provider_finality_forbidden,INSTALL PLUGIN,project/tests/compatibility_sql_parser_first_tranche/parser_refusal_reduction_gate.py,runtime_parser_refusal,p4_refusal_reduction_verified,row_preserves_compatibility_compatible_refusal_or_external_authority_fail_closed_boundary_with_runtime_or_source_anchor_proof
FPR-P4-REFUSAL-00223,FPR-P3-DECLARED-01646,1646,tidb,project/src/parsers/compatibility/tidb,tidb.plugin.uninstall,ARCHITECTURE_REFUSAL,project/src/parsers/compatibility/tidb/tidb_dialect.cpp#kPatterns:tidb.plugin.uninstall,kPatterns,kPolicyRefusal;match=UNINSTALL PLUGIN;mapping=tidb.policy.plugin.uninstall;sblr=none;engine_api=none;diagnostic=TIDB.AUTHORITY.PLUGIN_DENIED,kPolicyRefusal;match=UNINSTALL PLUGIN;mapping=tidb.policy.plugin.uninstall;sblr=none;engine_api=none;diagnostic=TIDB.AUTHORITY.PLUGIN_DENIED,compatibility_surface_conflicts_with_parser_or_single_node_engine_authority_exact_fail_closed,TIDB.AUTHORITY.PLUGIN_DENIED,TIDB.AUTHORITY.PLUGIN_DENIED,exact_fail_closed_refusal,sblr.refusal.tidb.tidb_plugin_uninstall.e95a885fea,no_provider_or_compatibility_execution_for_exact_refusal,parser_may_emit_SBLRExecutionEnvelope_v3_only;parser_execution_storage_transaction_finality_authority_forbidden,compatibility_sql_not_executed;compatibility_storage_authority_false;compatibility_transaction_finality_authority_forbidden,engine_owned_MGA_transaction_finality_only;parser_compatibility_provider_finality_forbidden,UNINSTALL PLUGIN,project/tests/compatibility_sql_parser_first_tranche/parser_refusal_reduction_gate.py,runtime_parser_refusal,p4_refusal_reduction_verified,row_preserves_compatibility_compatible_refusal_or_external_authority_fail_closed_boundary_with_runtime_or_source_anchor_proof
FPR-P4-REFUSAL-00224,FPR-P3-DECLARED-01711,1711,tidb,project/src/parsers/compatibility/tidb,diagnostic_surface:file,ARCHITECTURE_REFUSAL,project/src/parsers/compatibility/tidb/tidb_dialect.cpp#kDiagnosticSurfaces:file,kDiagnosticSurfaces,fail_closed;surface=TIDB.AUTHORITY.FILE_IO_DENIED,fail_closed;surface=TIDB.AUTHORITY.FILE_IO_DENIED,compatibility_surface_conflicts_with_parser_or_single_node_engine_authority_exact_fail_closed,TIDB.AUTHORITY.FILE_IO_DENIED,TIDB.AUTHORITY.FILE_IO_DENIED,exact_fail_closed_refusal,sblr.refusal.tidb.diagnostic_surface_file.2b33db9733,no_provider_or_compatibility_execution_for_exact_refusal,parser_may_emit_SBLRExecutionEnvelope_v3_only;parser_execution_storage_transaction_finality_authority_forbidden,compatibility_sql_not_executed;compatibility_storage_authority_false;compatibility_transaction_finality_authority_forbidden,engine_owned_MGA_transaction_finality_only;parser_compatibility_provider_finality_forbidden,project/src/parsers/compatibility/tidb/tidb_dialect.cpp#kDiagnosticSurfaces:file,project/tests/compatibility_sql_parser_first_tranche/parser_refusal_reduction_gate.py,source_anchor_message_vector,p4_refusal_reduction_verified,row_preserves_compatibility_compatible_refusal_or_external_authority_fail_closed_boundary_with_runtime_or_source_anchor_proof
FPR-P4-REFUSAL-00225,FPR-P3-DECLARED-01712,1712,tidb,project/src/parsers/compatibility/tidb,diagnostic_surface:plugin,ARCHITECTURE_REFUSAL,project/src/parsers/compatibility/tidb/tidb_dialect.cpp#kDiagnosticSurfaces:plugin,kDiagnosticSurfaces,fail_closed;surface=TIDB.AUTHORITY.PLUGIN_DENIED,fail_closed;surface=TIDB.AUTHORITY.PLUGIN_DENIED,compatibility_surface_conflicts_with_parser_or_single_node_engine_authority_exact_fail_closed,TIDB.AUTHORITY.PLUGIN_DENIED,TIDB.AUTHORITY.PLUGIN_DENIED,exact_fail_closed_refusal,sblr.refusal.tidb.diagnostic_surface_plugin.e17c65aae1,no_provider_or_compatibility_execution_for_exact_refusal,parser_may_emit_SBLRExecutionEnvelope_v3_only;parser_execution_storage_transaction_finality_authority_forbidden,compatibility_sql_not_executed;compatibility_storage_authority_false;compatibility_transaction_finality_authority_forbidden,engine_owned_MGA_transaction_finality_only;parser_compatibility_provider_finality_forbidden,project/src/parsers/compatibility/tidb/tidb_dialect.cpp#kDiagnosticSurfaces:plugin,project/tests/compatibility_sql_parser_first_tranche/parser_refusal_reduction_gate.py,source_anchor_message_vector,p4_refusal_reduction_verified,row_preserves_compatibility_compatible_refusal_or_external_authority_fail_closed_boundary_with_runtime_or_source_anchor_proof
FPR-P4-REFUSAL-00226,FPR-P3-DECLARED-01713,1713,tidb,project/src/parsers/compatibility/tidb,diagnostic_surface:admin,ARCHITECTURE_REFUSAL,project/src/parsers/compatibility/tidb/tidb_dialect.cpp#kDiagnosticSurfaces:admin,kDiagnosticSurfaces,fail_closed;surface=TIDB.AUTHORITY.ADMIN_DENIED,fail_closed;surface=TIDB.AUTHORITY.ADMIN_DENIED,compatibility_surface_conflicts_with_parser_or_single_node_engine_authority_exact_fail_closed,TIDB.AUTHORITY.ADMIN_DENIED,TIDB.AUTHORITY.ADMIN_DENIED,exact_fail_closed_refusal,sblr.refusal.tidb.diagnostic_surface_admin.424cc66b11,no_provider_or_compatibility_execution_for_exact_refusal,parser_may_emit_SBLRExecutionEnvelope_v3_only;parser_execution_storage_transaction_finality_authority_forbidden,compatibility_sql_not_executed;compatibility_storage_authority_false;compatibility_transaction_finality_authority_forbidden,engine_owned_MGA_transaction_finality_only;parser_compatibility_provider_finality_forbidden,project/src/parsers/compatibility/tidb/tidb_dialect.cpp#kDiagnosticSurfaces:admin,project/tests/compatibility_sql_parser_first_tranche/parser_refusal_reduction_gate.py,source_anchor_message_vector,p4_refusal_reduction_verified,row_preserves_compatibility_compatible_refusal_or_external_authority_fail_closed_boundary_with_runtime_or_source_anchor_proof
FPR-P4-REFUSAL-00227,FPR-P3-DECLARED-01714,1714,tidb,project/src/parsers/compatibility/tidb,diagnostic_surface:backup,ARCHITECTURE_REFUSAL,project/src/parsers/compatibility/tidb/tidb_dialect.cpp#kDiagnosticSurfaces:backup,kDiagnosticSurfaces,fail_closed;surface=TIDB.AUTHORITY.BACKUP_DENIED,fail_closed;surface=TIDB.AUTHORITY.BACKUP_DENIED,compatibility_surface_conflicts_with_parser_or_single_node_engine_authority_exact_fail_closed,TIDB.AUTHORITY.BACKUP_DENIED,TIDB.AUTHORITY.BACKUP_DENIED,exact_fail_closed_refusal,sblr.refusal.tidb.diagnostic_surface_backup.42206ca924,no_provider_or_compatibility_execution_for_exact_refusal,parser_may_emit_SBLRExecutionEnvelope_v3_only;parser_execution_storage_transaction_finality_authority_forbidden,compatibility_sql_not_executed;compatibility_storage_authority_false;compatibility_transaction_finality_authority_forbidden,engine_owned_MGA_transaction_finality_only;parser_compatibility_provider_finality_forbidden,project/src/parsers/compatibility/tidb/tidb_dialect.cpp#kDiagnosticSurfaces:backup,project/tests/compatibility_sql_parser_first_tranche/parser_refusal_reduction_gate.py,source_anchor_message_vector,p4_refusal_reduction_verified,row_preserves_compatibility_compatible_refusal_or_external_authority_fail_closed_boundary_with_runtime_or_source_anchor_proof
FPR-P4-REFUSAL-00228,FPR-P3-DECLARED-01715,1715,tidb,project/src/parsers/compatibility/tidb,diagnostic_surface:restore,ARCHITECTURE_REFUSAL,project/src/parsers/compatibility/tidb/tidb_dialect.cpp#kDiagnosticSurfaces:restore,kDiagnosticSurfaces,fail_closed;surface=TIDB.AUTHORITY.RESTORE_DENIED,fail_closed;surface=TIDB.AUTHORITY.RESTORE_DENIED,compatibility_surface_conflicts_with_parser_or_single_node_engine_authority_exact_fail_closed,TIDB.AUTHORITY.RESTORE_DENIED,TIDB.AUTHORITY.RESTORE_DENIED,exact_fail_closed_refusal,sblr.refusal.tidb.diagnostic_surface_restore.ac1c62fa12,no_provider_or_compatibility_execution_for_exact_refusal,parser_may_emit_SBLRExecutionEnvelope_v3_only;parser_execution_storage_transaction_finality_authority_forbidden,compatibility_sql_not_executed;compatibility_storage_authority_false;compatibility_transaction_finality_authority_forbidden,engine_owned_MGA_transaction_finality_only;parser_compatibility_provider_finality_forbidden,project/src/parsers/compatibility/tidb/tidb_dialect.cpp#kDiagnosticSurfaces:restore,project/tests/compatibility_sql_parser_first_tranche/parser_refusal_reduction_gate.py,source_anchor_message_vector,p4_refusal_reduction_verified,row_preserves_compatibility_compatible_refusal_or_external_authority_fail_closed_boundary_with_runtime_or_source_anchor_proof
FPR-P4-REFUSAL-00229,FPR-P3-DECLARED-01722,1722,tidb,project/src/parsers/compatibility/tidb,source_marker:unsupported,ARCHITECTURE_REFUSAL,project/src/parsers/compatibility/tidb/tidb_dialect.cpp#marker:unsupported,marker,source_marker_requires_review,source_marker_requires_review,compatibility_surface_conflicts_with_parser_or_single_node_engine_authority_exact_fail_closed,TIDB.PARSE.UNSUPPORTED_SURFACE,TIDB.PARSE.UNSUPPORTED_SURFACE,exact_fail_closed_refusal,sblr.refusal.tidb.source_marker_unsupported.30e4583834,no_provider_or_compatibility_execution_for_exact_refusal,parser_may_emit_SBLRExecutionEnvelope_v3_only;parser_execution_storage_transaction_finality_authority_forbidden,compatibility_sql_not_executed;compatibility_storage_authority_false;compatibility_transaction_finality_authority_forbidden,engine_owned_MGA_transaction_finality_only;parser_compatibility_provider_finality_forbidden,project/src/parsers/compatibility/tidb/tidb_dialect.cpp#marker:unsupported,project/tests/compatibility_sql_parser_first_tranche/parser_refusal_reduction_gate.py,source_anchor_message_vector,p4_refusal_reduction_verified,row_preserves_compatibility_compatible_refusal_or_external_authority_fail_closed_boundary_with_runtime_or_source_anchor_proof
FPR-P4-REFUSAL-00230,FPR-P3-DECLARED-01769,1769,tikv,project/src/parsers/compatibility/tikv,diagnostic_surface:policy,ARCHITECTURE_REFUSAL,project/src/parsers/compatibility/tikv/tikv_dialect.cpp#kDiagnosticSurfaces:policy,kDiagnosticSurfaces,fail_closed;surface=TIKV.AUTHORITY.*,fail_closed;surface=TIKV.AUTHORITY.*,compatibility_surface_conflicts_with_parser_or_single_node_engine_authority_exact_fail_closed,TIKV.AUTHORITY.*,TIKV.AUTHORITY.*,exact_fail_closed_refusal,sblr.refusal.tikv.diagnostic_surface_policy.e3a5e9ee43,no_provider_or_compatibility_execution_for_exact_refusal,parser_may_emit_SBLRExecutionEnvelope_v3_only;parser_execution_storage_transaction_finality_authority_forbidden,compatibility_sql_not_executed;compatibility_storage_authority_false;compatibility_transaction_finality_authority_forbidden,engine_owned_MGA_transaction_finality_only;parser_compatibility_provider_finality_forbidden,project/src/parsers/compatibility/tikv/tikv_dialect.cpp#kDiagnosticSurfaces:policy,project/tests/compatibility_sql_parser_first_tranche/parser_refusal_reduction_gate.py,source_anchor_message_vector,p4_refusal_reduction_verified,row_preserves_compatibility_compatible_refusal_or_external_authority_fail_closed_boundary_with_runtime_or_source_anchor_proof
FPR-P4-REFUSAL-00231,FPR-P3-DECLARED-01778,1778,tikv,project/src/parsers/compatibility/tikv,source_marker:unsupported,ARCHITECTURE_REFUSAL,project/src/parsers/compatibility/tikv/tikv_dialect.cpp#marker:unsupported,marker,source_marker_requires_review,source_marker_requires_review,compatibility_surface_conflicts_with_parser_or_single_node_engine_authority_exact_fail_closed,TIKV.PARSE.UNSUPPORTED_SURFACE,TIKV.PARSE.UNSUPPORTED_SURFACE,exact_fail_closed_refusal,sblr.refusal.tikv.source_marker_unsupported.eb3c52578c,no_provider_or_compatibility_execution_for_exact_refusal,parser_may_emit_SBLRExecutionEnvelope_v3_only;parser_execution_storage_transaction_finality_authority_forbidden,compatibility_sql_not_executed;compatibility_storage_authority_false;compatibility_transaction_finality_authority_forbidden,engine_owned_MGA_transaction_finality_only;parser_compatibility_provider_finality_forbidden,project/src/parsers/compatibility/tikv/tikv_dialect.cpp#marker:unsupported,project/tests/compatibility_sql_parser_first_tranche/parser_refusal_reduction_gate.py,source_anchor_message_vector,p4_refusal_reduction_verified,row_preserves_compatibility_compatible_refusal_or_external_authority_fail_closed_boundary_with_runtime_or_source_anchor_proof
FPR-P4-REFUSAL-00232,FPR-P3-DECLARED-01787,1787,vitess,project/src/parsers/compatibility/vitess,vitess.bulk_io.load_data_infile,EXTERNAL_AUTHORITY,project/src/parsers/compatibility/vitess/vitess_dialect.cpp#kPatterns:vitess.bulk_io.load_data_infile,kPatterns,kPolicyRefusal;match=LOAD DATA INFILE;mapping=vitess.policy.file.load_data_infile;sblr=none;engine_api=none;diagnostic=VITESS.AUTHORITY.FILE_IO_DENIED,kPolicyRefusal;match=LOAD DATA INFILE;mapping=vitess.policy.file.load_data_infile;sblr=none;engine_api=none;diagnostic=VITESS.AUTHORITY.FILE_IO_DENIED,external_files_connectors_tools_or_provider_authority_require_trusted_engine_operator_boundary_fail_closed,VITESS.AUTHORITY.FILE_IO_DENIED,VITESS.AUTHORITY.FILE_IO_DENIED,fail_closed_external_authority,sblr.external.vitess.vitess_bulk_io_load_data_infile.b61bbf6cff,no_local_or_provider_execution_without_trusted_engine_admission,parser_may_emit_SBLRExecutionEnvelope_v3_only;parser_execution_storage_transaction_finality_authority_forbidden,compatibility_sql_not_executed;compatibility_storage_authority_false;compatibility_transaction_finality_authority_forbidden,engine_owned_MGA_transaction_finality_only;parser_compatibility_provider_finality_forbidden,LOAD DATA INFILE,project/tests/compatibility_sql_parser_first_tranche/parser_refusal_reduction_gate.py,runtime_parser_refusal,p4_refusal_reduction_verified,row_preserves_compatibility_compatible_refusal_or_external_authority_fail_closed_boundary_with_runtime_or_source_anchor_proof
FPR-P4-REFUSAL-00233,FPR-P3-DECLARED-01788,1788,vitess,project/src/parsers/compatibility/vitess,vitess.bulk_io.load_file,EXTERNAL_AUTHORITY,project/src/parsers/compatibility/vitess/vitess_dialect.cpp#kPatterns:vitess.bulk_io.load_file,kPatterns,kPolicyRefusal;match=LOAD_FILE;mapping=vitess.policy.file.load_file;sblr=none;engine_api=none;diagnostic=VITESS.AUTHORITY.FILE_IO_DENIED,kPolicyRefusal;match=LOAD_FILE;mapping=vitess.policy.file.load_file;sblr=none;engine_api=none;diagnostic=VITESS.AUTHORITY.FILE_IO_DENIED,external_files_connectors_tools_or_provider_authority_require_trusted_engine_operator_boundary_fail_closed,VITESS.AUTHORITY.FILE_IO_DENIED,VITESS.AUTHORITY.FILE_IO_DENIED,fail_closed_external_authority,sblr.external.vitess.vitess_bulk_io_load_file.aedb592562,no_local_or_provider_execution_without_trusted_engine_admission,parser_may_emit_SBLRExecutionEnvelope_v3_only;parser_execution_storage_transaction_finality_authority_forbidden,compatibility_sql_not_executed;compatibility_storage_authority_false;compatibility_transaction_finality_authority_forbidden,engine_owned_MGA_transaction_finality_only;parser_compatibility_provider_finality_forbidden,SELECT LOAD_FILE('/tmp/x'),project/tests/compatibility_sql_parser_first_tranche/parser_refusal_reduction_gate.py,runtime_parser_refusal,p4_refusal_reduction_verified,row_preserves_compatibility_compatible_refusal_or_external_authority_fail_closed_boundary_with_runtime_or_source_anchor_proof
FPR-P4-REFUSAL-00234,FPR-P3-DECLARED-01789,1789,vitess,project/src/parsers/compatibility/vitess,vitess.bulk_io.select_into_outfile,EXTERNAL_AUTHORITY,project/src/parsers/compatibility/vitess/vitess_dialect.cpp#kPatterns:vitess.bulk_io.select_into_outfile,kPatterns,kPolicyRefusal;match=SELECT|| INTO OUTFILE;mapping=vitess.policy.file.select_into_outfile;sblr=none;engine_api=none;diagnostic=VITESS.AUTHORITY.FILE_IO_DENIED,kPolicyRefusal;match=SELECT|| INTO OUTFILE;mapping=vitess.policy.file.select_into_outfile;sblr=none;engine_api=none;diagnostic=VITESS.AUTHORITY.FILE_IO_DENIED,external_files_connectors_tools_or_provider_authority_require_trusted_engine_operator_boundary_fail_closed,VITESS.AUTHORITY.FILE_IO_DENIED,VITESS.AUTHORITY.FILE_IO_DENIED,fail_closed_external_authority,sblr.external.vitess.vitess_bulk_io_select_into_outfile.a251760c7f,no_local_or_provider_execution_without_trusted_engine_admission,parser_may_emit_SBLRExecutionEnvelope_v3_only;parser_execution_storage_transaction_finality_authority_forbidden,compatibility_sql_not_executed;compatibility_storage_authority_false;compatibility_transaction_finality_authority_forbidden,engine_owned_MGA_transaction_finality_only;parser_compatibility_provider_finality_forbidden,SELECT INTO OUTFILE,project/tests/compatibility_sql_parser_first_tranche/parser_refusal_reduction_gate.py,runtime_parser_refusal,p4_refusal_reduction_verified,row_preserves_compatibility_compatible_refusal_or_external_authority_fail_closed_boundary_with_runtime_or_source_anchor_proof
FPR-P4-REFUSAL-00235,FPR-P3-DECLARED-01790,1790,vitess,project/src/parsers/compatibility/vitess,vitess.plugin.install,ARCHITECTURE_REFUSAL,project/src/parsers/compatibility/vitess/vitess_dialect.cpp#kPatterns:vitess.plugin.install,kPatterns,kPolicyRefusal;match=INSTALL PLUGIN;mapping=vitess.policy.plugin.install;sblr=none;engine_api=none;diagnostic=VITESS.AUTHORITY.PLUGIN_DENIED,kPolicyRefusal;match=INSTALL PLUGIN;mapping=vitess.policy.plugin.install;sblr=none;engine_api=none;diagnostic=VITESS.AUTHORITY.PLUGIN_DENIED,compatibility_surface_conflicts_with_parser_or_single_node_engine_authority_exact_fail_closed,VITESS.AUTHORITY.PLUGIN_DENIED,VITESS.AUTHORITY.PLUGIN_DENIED,exact_fail_closed_refusal,sblr.refusal.vitess.vitess_plugin_install.bb8f397d65,no_provider_or_compatibility_execution_for_exact_refusal,parser_may_emit_SBLRExecutionEnvelope_v3_only;parser_execution_storage_transaction_finality_authority_forbidden,compatibility_sql_not_executed;compatibility_storage_authority_false;compatibility_transaction_finality_authority_forbidden,engine_owned_MGA_transaction_finality_only;parser_compatibility_provider_finality_forbidden,INSTALL PLUGIN,project/tests/compatibility_sql_parser_first_tranche/parser_refusal_reduction_gate.py,runtime_parser_refusal,p4_refusal_reduction_verified,row_preserves_compatibility_compatible_refusal_or_external_authority_fail_closed_boundary_with_runtime_or_source_anchor_proof
FPR-P4-REFUSAL-00236,FPR-P3-DECLARED-01791,1791,vitess,project/src/parsers/compatibility/vitess,vitess.plugin.uninstall,ARCHITECTURE_REFUSAL,project/src/parsers/compatibility/vitess/vitess_dialect.cpp#kPatterns:vitess.plugin.uninstall,kPatterns,kPolicyRefusal;match=UNINSTALL PLUGIN;mapping=vitess.policy.plugin.uninstall;sblr=none;engine_api=none;diagnostic=VITESS.AUTHORITY.PLUGIN_DENIED,kPolicyRefusal;match=UNINSTALL PLUGIN;mapping=vitess.policy.plugin.uninstall;sblr=none;engine_api=none;diagnostic=VITESS.AUTHORITY.PLUGIN_DENIED,compatibility_surface_conflicts_with_parser_or_single_node_engine_authority_exact_fail_closed,VITESS.AUTHORITY.PLUGIN_DENIED,VITESS.AUTHORITY.PLUGIN_DENIED,exact_fail_closed_refusal,sblr.refusal.vitess.vitess_plugin_uninstall.ab304d7b1e,no_provider_or_compatibility_execution_for_exact_refusal,parser_may_emit_SBLRExecutionEnvelope_v3_only;parser_execution_storage_transaction_finality_authority_forbidden,compatibility_sql_not_executed;compatibility_storage_authority_false;compatibility_transaction_finality_authority_forbidden,engine_owned_MGA_transaction_finality_only;parser_compatibility_provider_finality_forbidden,UNINSTALL PLUGIN,project/tests/compatibility_sql_parser_first_tranche/parser_refusal_reduction_gate.py,runtime_parser_refusal,p4_refusal_reduction_verified,row_preserves_compatibility_compatible_refusal_or_external_authority_fail_closed_boundary_with_runtime_or_source_anchor_proof
FPR-P4-REFUSAL-00237,FPR-P3-DECLARED-01851,1851,vitess,project/src/parsers/compatibility/vitess,diagnostic_surface:file,ARCHITECTURE_REFUSAL,project/src/parsers/compatibility/vitess/vitess_dialect.cpp#kDiagnosticSurfaces:file,kDiagnosticSurfaces,fail_closed;surface=VITESS.AUTHORITY.FILE_IO_DENIED,fail_closed;surface=VITESS.AUTHORITY.FILE_IO_DENIED,compatibility_surface_conflicts_with_parser_or_single_node_engine_authority_exact_fail_closed,VITESS.AUTHORITY.FILE_IO_DENIED,VITESS.AUTHORITY.FILE_IO_DENIED,exact_fail_closed_refusal,sblr.refusal.vitess.diagnostic_surface_file.285ddb4fd6,no_provider_or_compatibility_execution_for_exact_refusal,parser_may_emit_SBLRExecutionEnvelope_v3_only;parser_execution_storage_transaction_finality_authority_forbidden,compatibility_sql_not_executed;compatibility_storage_authority_false;compatibility_transaction_finality_authority_forbidden,engine_owned_MGA_transaction_finality_only;parser_compatibility_provider_finality_forbidden,project/src/parsers/compatibility/vitess/vitess_dialect.cpp#kDiagnosticSurfaces:file,project/tests/compatibility_sql_parser_first_tranche/parser_refusal_reduction_gate.py,source_anchor_message_vector,p4_refusal_reduction_verified,row_preserves_compatibility_compatible_refusal_or_external_authority_fail_closed_boundary_with_runtime_or_source_anchor_proof
FPR-P4-REFUSAL-00238,FPR-P3-DECLARED-01852,1852,vitess,project/src/parsers/compatibility/vitess,diagnostic_surface:plugin,ARCHITECTURE_REFUSAL,project/src/parsers/compatibility/vitess/vitess_dialect.cpp#kDiagnosticSurfaces:plugin,kDiagnosticSurfaces,fail_closed;surface=VITESS.AUTHORITY.PLUGIN_DENIED,fail_closed;surface=VITESS.AUTHORITY.PLUGIN_DENIED,compatibility_surface_conflicts_with_parser_or_single_node_engine_authority_exact_fail_closed,VITESS.AUTHORITY.PLUGIN_DENIED,VITESS.AUTHORITY.PLUGIN_DENIED,exact_fail_closed_refusal,sblr.refusal.vitess.diagnostic_surface_plugin.db5981e7c7,no_provider_or_compatibility_execution_for_exact_refusal,parser_may_emit_SBLRExecutionEnvelope_v3_only;parser_execution_storage_transaction_finality_authority_forbidden,compatibility_sql_not_executed;compatibility_storage_authority_false;compatibility_transaction_finality_authority_forbidden,engine_owned_MGA_transaction_finality_only;parser_compatibility_provider_finality_forbidden,project/src/parsers/compatibility/vitess/vitess_dialect.cpp#kDiagnosticSurfaces:plugin,project/tests/compatibility_sql_parser_first_tranche/parser_refusal_reduction_gate.py,source_anchor_message_vector,p4_refusal_reduction_verified,row_preserves_compatibility_compatible_refusal_or_external_authority_fail_closed_boundary_with_runtime_or_source_anchor_proof
FPR-P4-REFUSAL-00239,FPR-P3-DECLARED-01860,1860,vitess,project/src/parsers/compatibility/vitess,source_marker:unsupported,ARCHITECTURE_REFUSAL,project/src/parsers/compatibility/vitess/vitess_dialect.cpp#marker:unsupported,marker,source_marker_requires_review,source_marker_requires_review,compatibility_surface_conflicts_with_parser_or_single_node_engine_authority_exact_fail_closed,VITESS.PARSE.UNSUPPORTED_SURFACE,VITESS.PARSE.UNSUPPORTED_SURFACE,exact_fail_closed_refusal,sblr.refusal.vitess.source_marker_unsupported.4aca894982,no_provider_or_compatibility_execution_for_exact_refusal,parser_may_emit_SBLRExecutionEnvelope_v3_only;parser_execution_storage_transaction_finality_authority_forbidden,compatibility_sql_not_executed;compatibility_storage_authority_false;compatibility_transaction_finality_authority_forbidden,engine_owned_MGA_transaction_finality_only;parser_compatibility_provider_finality_forbidden,project/src/parsers/compatibility/vitess/vitess_dialect.cpp#marker:unsupported,project/tests/compatibility_sql_parser_first_tranche/parser_refusal_reduction_gate.py,source_anchor_message_vector,p4_refusal_reduction_verified,row_preserves_compatibility_compatible_refusal_or_external_authority_fail_closed_boundary_with_runtime_or_source_anchor_proof
FPR-P4-REFUSAL-00240,FPR-P3-DECLARED-01884,1884,xtdb,project/src/parsers/compatibility/xtdb,xtdb.modules.configuration,EXTERNAL_AUTHORITY,project/src/parsers/compatibility/xtdb/xtdb_dialect.cpp#kPatterns:xtdb.modules.configuration,kPatterns,kPolicyRefusal;match=MODULES CONFIGURATION;mapping=xtdb.policy.modules.configuration;sblr=none;engine_api=none;diagnostic=XTDB.AUTHORITY.MODULE_CONFIGURATION_DENIED,kPolicyRefusal;match=MODULES CONFIGURATION;mapping=xtdb.policy.modules.configuration;sblr=none;engine_api=none;diagnostic=XTDB.AUTHORITY.MODULE_CONFIGURATION_DENIED,external_files_connectors_tools_or_provider_authority_require_trusted_engine_operator_boundary_fail_closed,XTDB.AUTHORITY.MODULE_CONFIGURATION_DENIED,XTDB.AUTHORITY.MODULE_CONFIGURATION_DENIED,fail_closed_external_authority,sblr.external.xtdb.xtdb_modules_configuration.ae347a5bd8,no_local_or_provider_execution_without_trusted_engine_admission,parser_may_emit_SBLRExecutionEnvelope_v3_only;parser_execution_storage_transaction_finality_authority_forbidden,compatibility_sql_not_executed;compatibility_storage_authority_false;compatibility_transaction_finality_authority_forbidden,engine_owned_MGA_transaction_finality_only;parser_compatibility_provider_finality_forbidden,MODULES CONFIGURATION,project/tests/compatibility_sql_parser_first_tranche/parser_refusal_reduction_gate.py,runtime_parser_refusal,p4_refusal_reduction_verified,row_preserves_compatibility_compatible_refusal_or_external_authority_fail_closed_boundary_with_runtime_or_source_anchor_proof
FPR-P4-REFUSAL-00241,FPR-P3-DECLARED-01885,1885,xtdb,project/src/parsers/compatibility/xtdb,xtdb.modules.index_store,EXTERNAL_AUTHORITY,project/src/parsers/compatibility/xtdb/xtdb_dialect.cpp#kPatterns:xtdb.modules.index_store,kPatterns,kPolicyRefusal;match=INDEX_STORE;mapping=xtdb.policy.modules.index_store;sblr=none;engine_api=none;diagnostic=XTDB.AUTHORITY.MODULE_CONFIGURATION_DENIED,kPolicyRefusal;match=INDEX_STORE;mapping=xtdb.policy.modules.index_store;sblr=none;engine_api=none;diagnostic=XTDB.AUTHORITY.MODULE_CONFIGURATION_DENIED,external_files_connectors_tools_or_provider_authority_require_trusted_engine_operator_boundary_fail_closed,XTDB.AUTHORITY.MODULE_CONFIGURATION_DENIED,XTDB.AUTHORITY.MODULE_CONFIGURATION_DENIED,fail_closed_external_authority,sblr.external.xtdb.xtdb_modules_index_store.5801a0a851,no_local_or_provider_execution_without_trusted_engine_admission,parser_may_emit_SBLRExecutionEnvelope_v3_only;parser_execution_storage_transaction_finality_authority_forbidden,compatibility_sql_not_executed;compatibility_storage_authority_false;compatibility_transaction_finality_authority_forbidden,engine_owned_MGA_transaction_finality_only;parser_compatibility_provider_finality_forbidden,INDEX_STORE,project/tests/compatibility_sql_parser_first_tranche/parser_refusal_reduction_gate.py,runtime_parser_refusal,p4_refusal_reduction_verified,row_preserves_compatibility_compatible_refusal_or_external_authority_fail_closed_boundary_with_runtime_or_source_anchor_proof
FPR-P4-REFUSAL-00242,FPR-P3-DECLARED-01886,1886,xtdb,project/src/parsers/compatibility/xtdb,xtdb.modules.document_store,EXTERNAL_AUTHORITY,project/src/parsers/compatibility/xtdb/xtdb_dialect.cpp#kPatterns:xtdb.modules.document_store,kPatterns,kPolicyRefusal;match=DOCUMENT_STORE;mapping=xtdb.policy.modules.document_store;sblr=none;engine_api=none;diagnostic=XTDB.AUTHORITY.MODULE_CONFIGURATION_DENIED,kPolicyRefusal;match=DOCUMENT_STORE;mapping=xtdb.policy.modules.document_store;sblr=none;engine_api=none;diagnostic=XTDB.AUTHORITY.MODULE_CONFIGURATION_DENIED,external_files_connectors_tools_or_provider_authority_require_trusted_engine_operator_boundary_fail_closed,XTDB.AUTHORITY.MODULE_CONFIGURATION_DENIED,XTDB.AUTHORITY.MODULE_CONFIGURATION_DENIED,fail_closed_external_authority,sblr.external.xtdb.xtdb_modules_document_store.21fa1fa4a4,no_local_or_provider_execution_without_trusted_engine_admission,parser_may_emit_SBLRExecutionEnvelope_v3_only;parser_execution_storage_transaction_finality_authority_forbidden,compatibility_sql_not_executed;compatibility_storage_authority_false;compatibility_transaction_finality_authority_forbidden,engine_owned_MGA_transaction_finality_only;parser_compatibility_provider_finality_forbidden,DOCUMENT_STORE,project/tests/compatibility_sql_parser_first_tranche/parser_refusal_reduction_gate.py,runtime_parser_refusal,p4_refusal_reduction_verified,row_preserves_compatibility_compatible_refusal_or_external_authority_fail_closed_boundary_with_runtime_or_source_anchor_proof
FPR-P4-REFUSAL-00243,FPR-P3-DECLARED-01900,1900,xtdb,project/src/parsers/compatibility/xtdb,datatype_surface:external,EXTERNAL_AUTHORITY,project/src/parsers/compatibility/xtdb/xtdb_dialect.cpp#kDatatypeSurfaces:external,kDatatypeSurfaces,fail_closed;surface=MODULES_CONFIGURATION;CLUSTER_NODE,fail_closed;surface=MODULES_CONFIGURATION;CLUSTER_NODE,external_files_connectors_tools_or_provider_authority_require_trusted_engine_operator_boundary_fail_closed,MODULES_CONFIGURATION;CLUSTER_NODE,MODULES_CONFIGURATION,fail_closed_external_authority,sblr.external.xtdb.datatype_surface_external.088d228ba4,no_local_or_provider_execution_without_trusted_engine_admission,parser_may_emit_SBLRExecutionEnvelope_v3_only;parser_execution_storage_transaction_finality_authority_forbidden,compatibility_sql_not_executed;compatibility_storage_authority_false;compatibility_transaction_finality_authority_forbidden,engine_owned_MGA_transaction_finality_only;parser_compatibility_provider_finality_forbidden,project/src/parsers/compatibility/xtdb/xtdb_dialect.cpp#kDatatypeSurfaces:external,project/tests/compatibility_sql_parser_first_tranche/parser_refusal_reduction_gate.py,source_anchor_message_vector,p4_refusal_reduction_verified,row_preserves_compatibility_compatible_refusal_or_external_authority_fail_closed_boundary_with_runtime_or_source_anchor_proof
FPR-P4-REFUSAL-00244,FPR-P3-DECLARED-01907,1907,xtdb,project/src/parsers/compatibility/xtdb,builtin_function_surface:modules,ARCHITECTURE_REFUSAL,project/src/parsers/compatibility/xtdb/xtdb_dialect.cpp#kBuiltinSurfaces:modules,kBuiltinSurfaces,fail_closed;surface=MODULES CONFIGURATION;INDEX_STORE;DOCUMENT_STORE,fail_closed;surface=MODULES CONFIGURATION;INDEX_STORE;DOCUMENT_STORE,compatibility_surface_conflicts_with_parser_or_single_node_engine_authority_exact_fail_closed,MODULES CONFIGURATION;INDEX_STORE;DOCUMENT_STORE,MODULES CONFIGURATION,exact_fail_closed_refusal,sblr.refusal.xtdb.builtin_function_surface_modules.4768d91556,no_provider_or_compatibility_execution_for_exact_refusal,parser_may_emit_SBLRExecutionEnvelope_v3_only;parser_execution_storage_transaction_finality_authority_forbidden,compatibility_sql_not_executed;compatibility_storage_authority_false;compatibility_transaction_finality_authority_forbidden,engine_owned_MGA_transaction_finality_only;parser_compatibility_provider_finality_forbidden,project/src/parsers/compatibility/xtdb/xtdb_dialect.cpp#kBuiltinSurfaces:modules,project/tests/compatibility_sql_parser_first_tranche/parser_refusal_reduction_gate.py,source_anchor_message_vector,p4_refusal_reduction_verified,row_preserves_compatibility_compatible_refusal_or_external_authority_fail_closed_boundary_with_runtime_or_source_anchor_proof
FPR-P4-REFUSAL-00245,FPR-P3-DECLARED-01921,1921,xtdb,project/src/parsers/compatibility/xtdb,diagnostic_surface:policy,ARCHITECTURE_REFUSAL,project/src/parsers/compatibility/xtdb/xtdb_dialect.cpp#kDiagnosticSurfaces:policy,kDiagnosticSurfaces,fail_closed;surface=XTDB.AUTHORITY.*,fail_closed;surface=XTDB.AUTHORITY.*,compatibility_surface_conflicts_with_parser_or_single_node_engine_authority_exact_fail_closed,XTDB.AUTHORITY.*,XTDB.AUTHORITY.*,exact_fail_closed_refusal,sblr.refusal.xtdb.diagnostic_surface_policy.ada5df1818,no_provider_or_compatibility_execution_for_exact_refusal,parser_may_emit_SBLRExecutionEnvelope_v3_only;parser_execution_storage_transaction_finality_authority_forbidden,compatibility_sql_not_executed;compatibility_storage_authority_false;compatibility_transaction_finality_authority_forbidden,engine_owned_MGA_transaction_finality_only;parser_compatibility_provider_finality_forbidden,project/src/parsers/compatibility/xtdb/xtdb_dialect.cpp#kDiagnosticSurfaces:policy,project/tests/compatibility_sql_parser_first_tranche/parser_refusal_reduction_gate.py,source_anchor_message_vector,p4_refusal_reduction_verified,row_preserves_compatibility_compatible_refusal_or_external_authority_fail_closed_boundary_with_runtime_or_source_anchor_proof
FPR-P4-REFUSAL-00246,FPR-P3-DECLARED-01930,1930,xtdb,project/src/parsers/compatibility/xtdb,source_marker:unsupported,ARCHITECTURE_REFUSAL,project/src/parsers/compatibility/xtdb/xtdb_dialect.cpp#marker:unsupported,marker,source_marker_requires_review,source_marker_requires_review,compatibility_surface_conflicts_with_parser_or_single_node_engine_authority_exact_fail_closed,XTDB.PARSE.UNSUPPORTED_SURFACE,XTDB.PARSE.UNSUPPORTED_SURFACE,exact_fail_closed_refusal,sblr.refusal.xtdb.source_marker_unsupported.8a32c56f08,no_provider_or_compatibility_execution_for_exact_refusal,parser_may_emit_SBLRExecutionEnvelope_v3_only;parser_execution_storage_transaction_finality_authority_forbidden,compatibility_sql_not_executed;compatibility_storage_authority_false;compatibility_transaction_finality_authority_forbidden,engine_owned_MGA_transaction_finality_only;parser_compatibility_provider_finality_forbidden,project/src/parsers/compatibility/xtdb/xtdb_dialect.cpp#marker:unsupported,project/tests/compatibility_sql_parser_first_tranche/parser_refusal_reduction_gate.py,source_anchor_message_vector,p4_refusal_reduction_verified,row_preserves_compatibility_compatible_refusal_or_external_authority_fail_closed_boundary_with_runtime_or_source_anchor_proof
FPR-P4-REFUSAL-00247,FPR-P3-DECLARED-01931,1931,yugabytedb,project/src/parsers/compatibility/yugabytedb,yugabytedb.backup.backup,ARCHITECTURE_REFUSAL,project/src/parsers/compatibility/yugabytedb/yugabytedb_dialect.cpp#kPatterns:yugabytedb.backup.backup,kPatterns,kPolicyRefusal;match=BACKUP;mapping=yugabytedb.policy.backup;sblr=none;engine_api=none;diagnostic=YUGABYTEDB.AUTHORITY.BACKUP_DENIED,kPolicyRefusal;match=BACKUP;mapping=yugabytedb.policy.backup;sblr=none;engine_api=none;diagnostic=YUGABYTEDB.AUTHORITY.BACKUP_DENIED,compatibility_surface_conflicts_with_parser_or_single_node_engine_authority_exact_fail_closed,YUGABYTEDB.AUTHORITY.BACKUP_DENIED,YUGABYTEDB.AUTHORITY.BACKUP_DENIED,exact_fail_closed_refusal,sblr.refusal.yugabytedb.yugabytedb_backup_backup.89b83bb150,no_provider_or_compatibility_execution_for_exact_refusal,parser_may_emit_SBLRExecutionEnvelope_v3_only;parser_execution_storage_transaction_finality_authority_forbidden,compatibility_sql_not_executed;compatibility_storage_authority_false;compatibility_transaction_finality_authority_forbidden,engine_owned_MGA_transaction_finality_only;parser_compatibility_provider_finality_forbidden,BACKUP,project/tests/compatibility_sql_parser_first_tranche/parser_refusal_reduction_gate.py,runtime_parser_refusal,p4_refusal_reduction_verified,row_preserves_compatibility_compatible_refusal_or_external_authority_fail_closed_boundary_with_runtime_or_source_anchor_proof
FPR-P4-REFUSAL-00248,FPR-P3-DECLARED-01932,1932,yugabytedb,project/src/parsers/compatibility/yugabytedb,yugabytedb.restore.restore,ARCHITECTURE_REFUSAL,project/src/parsers/compatibility/yugabytedb/yugabytedb_dialect.cpp#kPatterns:yugabytedb.restore.restore,kPatterns,kPolicyRefusal;match=RESTORE;mapping=yugabytedb.policy.restore;sblr=none;engine_api=none;diagnostic=YUGABYTEDB.AUTHORITY.RESTORE_DENIED,kPolicyRefusal;match=RESTORE;mapping=yugabytedb.policy.restore;sblr=none;engine_api=none;diagnostic=YUGABYTEDB.AUTHORITY.RESTORE_DENIED,compatibility_surface_conflicts_with_parser_or_single_node_engine_authority_exact_fail_closed,YUGABYTEDB.AUTHORITY.RESTORE_DENIED,YUGABYTEDB.AUTHORITY.RESTORE_DENIED,exact_fail_closed_refusal,sblr.refusal.yugabytedb.yugabytedb_restore_restore.4521da56a9,no_provider_or_compatibility_execution_for_exact_refusal,parser_may_emit_SBLRExecutionEnvelope_v3_only;parser_execution_storage_transaction_finality_authority_forbidden,compatibility_sql_not_executed;compatibility_storage_authority_false;compatibility_transaction_finality_authority_forbidden,engine_owned_MGA_transaction_finality_only;parser_compatibility_provider_finality_forbidden,RESTORE,project/tests/compatibility_sql_parser_first_tranche/parser_refusal_reduction_gate.py,runtime_parser_refusal,p4_refusal_reduction_verified,row_preserves_compatibility_compatible_refusal_or_external_authority_fail_closed_boundary_with_runtime_or_source_anchor_proof
FPR-P4-REFUSAL-00249,FPR-P3-DECLARED-01942,1942,yugabytedb,project/src/parsers/compatibility/yugabytedb,yugabytedb.bulk_io.copy_program,EXTERNAL_AUTHORITY,project/src/parsers/compatibility/yugabytedb/yugabytedb_dialect.cpp#kPatterns:yugabytedb.bulk_io.copy_program,kPatterns,kPolicyRefusal;match=COPY|| PROGRAM ;mapping=yugabytedb.policy.copy_program;sblr=none;engine_api=none;diagnostic=YUGABYTEDB.AUTHORITY.PROGRAM_DENIED,kPolicyRefusal;match=COPY|| PROGRAM ;mapping=yugabytedb.policy.copy_program;sblr=none;engine_api=none;diagnostic=YUGABYTEDB.AUTHORITY.PROGRAM_DENIED,external_files_connectors_tools_or_provider_authority_require_trusted_engine_operator_boundary_fail_closed,YUGABYTEDB.AUTHORITY.PROGRAM_DENIED,YUGABYTEDB.AUTHORITY.PROGRAM_DENIED,fail_closed_external_authority,sblr.external.yugabytedb.yugabytedb_bulk_io_copy_program.9177446418,no_local_or_provider_execution_without_trusted_engine_admission,parser_may_emit_SBLRExecutionEnvelope_v3_only;parser_execution_storage_transaction_finality_authority_forbidden,compatibility_sql_not_executed;compatibility_storage_authority_false;compatibility_transaction_finality_authority_forbidden,engine_owned_MGA_transaction_finality_only;parser_compatibility_provider_finality_forbidden,COPY t PROGRAM x,project/tests/compatibility_sql_parser_first_tranche/parser_refusal_reduction_gate.py,runtime_parser_refusal,p4_refusal_reduction_verified,row_preserves_compatibility_compatible_refusal_or_external_authority_fail_closed_boundary_with_runtime_or_source_anchor_proof
FPR-P4-REFUSAL-00250,FPR-P3-DECLARED-01943,1943,yugabytedb,project/src/parsers/compatibility/yugabytedb,yugabytedb.bulk_io.copy_to_file,EXTERNAL_AUTHORITY,project/src/parsers/compatibility/yugabytedb/yugabytedb_dialect.cpp#kPatterns:yugabytedb.bulk_io.copy_to_file,kPatterns,kPolicyRefusal;match=COPY|| TO ';mapping=yugabytedb.policy.copy_to_file;sblr=none;engine_api=none;diagnostic=YUGABYTEDB.AUTHORITY.FILE_IO_DENIED,kPolicyRefusal;match=COPY|| TO ';mapping=yugabytedb.policy.copy_to_file;sblr=none;engine_api=none;diagnostic=YUGABYTEDB.AUTHORITY.FILE_IO_DENIED,external_files_connectors_tools_or_provider_authority_require_trusted_engine_operator_boundary_fail_closed,YUGABYTEDB.AUTHORITY.FILE_IO_DENIED,YUGABYTEDB.AUTHORITY.FILE_IO_DENIED,fail_closed_external_authority,sblr.external.yugabytedb.yugabytedb_bulk_io_copy_to_file.0194d2a2bb,no_local_or_provider_execution_without_trusted_engine_admission,parser_may_emit_SBLRExecutionEnvelope_v3_only;parser_execution_storage_transaction_finality_authority_forbidden,compatibility_sql_not_executed;compatibility_storage_authority_false;compatibility_transaction_finality_authority_forbidden,engine_owned_MGA_transaction_finality_only;parser_compatibility_provider_finality_forbidden,COPY t TO 'x.csv',project/tests/compatibility_sql_parser_first_tranche/parser_refusal_reduction_gate.py,runtime_parser_refusal,p4_refusal_reduction_verified,row_preserves_compatibility_compatible_refusal_or_external_authority_fail_closed_boundary_with_runtime_or_source_anchor_proof
FPR-P4-REFUSAL-00251,FPR-P3-DECLARED-01944,1944,yugabytedb,project/src/parsers/compatibility/yugabytedb,yugabytedb.bulk_io.copy_from_file,EXTERNAL_AUTHORITY,project/src/parsers/compatibility/yugabytedb/yugabytedb_dialect.cpp#kPatterns:yugabytedb.bulk_io.copy_from_file,kPatterns,kPolicyRefusal;match=COPY|| FROM ';mapping=yugabytedb.policy.copy_from_file;sblr=none;engine_api=none;diagnostic=YUGABYTEDB.AUTHORITY.FILE_IO_DENIED,kPolicyRefusal;match=COPY|| FROM ';mapping=yugabytedb.policy.copy_from_file;sblr=none;engine_api=none;diagnostic=YUGABYTEDB.AUTHORITY.FILE_IO_DENIED,external_files_connectors_tools_or_provider_authority_require_trusted_engine_operator_boundary_fail_closed,YUGABYTEDB.AUTHORITY.FILE_IO_DENIED,YUGABYTEDB.AUTHORITY.FILE_IO_DENIED,fail_closed_external_authority,sblr.external.yugabytedb.yugabytedb_bulk_io_copy_from_file.346ca67e18,no_local_or_provider_execution_without_trusted_engine_admission,parser_may_emit_SBLRExecutionEnvelope_v3_only;parser_execution_storage_transaction_finality_authority_forbidden,compatibility_sql_not_executed;compatibility_storage_authority_false;compatibility_transaction_finality_authority_forbidden,engine_owned_MGA_transaction_finality_only;parser_compatibility_provider_finality_forbidden,COPY t FROM 'x.csv',project/tests/compatibility_sql_parser_first_tranche/parser_refusal_reduction_gate.py,runtime_parser_refusal,p4_refusal_reduction_verified,row_preserves_compatibility_compatible_refusal_or_external_authority_fail_closed_boundary_with_runtime_or_source_anchor_proof
FPR-P4-REFUSAL-00252,FPR-P3-DECLARED-01946,1946,yugabytedb,project/src/parsers/compatibility/yugabytedb,yugabytedb.connector.fdw.create,EXTERNAL_AUTHORITY,project/src/parsers/compatibility/yugabytedb/yugabytedb_dialect.cpp#kPatterns:yugabytedb.connector.fdw.create,kPatterns,kParserSupportUdr;match=CREATE FOREIGN DATA WRAPPER;mapping=yugabytedb.udr.connector.fdw.create;sblr=SBLR_COMPAT_YUGABYTEDB_CONNECTOR_ROUTE;engine_api=ParserSupportConnectorRoute;diagnostic=YUGABYTEDB.EMULATION.CONNECTOR_ROUTE,kParserSupportUdr;match=CREATE FOREIGN DATA WRAPPER;mapping=yugabytedb.udr.connector.fdw.create;sblr=SBLR_COMPAT_YUGABYTEDB_CONNECTOR_ROUTE;engine_api=ParserSupportConnectorRoute;diagnostic=YUGABYTEDB.EMULATION.CONNECTOR_ROUTE,external_files_connectors_tools_or_provider_authority_require_trusted_engine_operator_boundary_fail_closed,YUGABYTEDB.EMULATION.CONNECTOR_ROUTE,YUGABYTEDB.EMULATION.CONNECTOR_ROUTE,fail_closed_external_authority,sblr.external.yugabytedb.yugabytedb_connector_fdw_create.aec0d87139,no_local_or_provider_execution_without_trusted_engine_admission,parser_may_emit_SBLRExecutionEnvelope_v3_only;parser_execution_storage_transaction_finality_authority_forbidden,compatibility_sql_not_executed;compatibility_storage_authority_false;compatibility_transaction_finality_authority_forbidden,engine_owned_MGA_transaction_finality_only;parser_compatibility_provider_finality_forbidden,CREATE FOREIGN DATA WRAPPER,project/tests/compatibility_sql_parser_first_tranche/parser_refusal_reduction_gate.py,runtime_parser_refusal,p4_refusal_reduction_verified,row_preserves_compatibility_compatible_refusal_or_external_authority_fail_closed_boundary_with_runtime_or_source_anchor_proof
FPR-P4-REFUSAL-00253,FPR-P3-DECLARED-01947,1947,yugabytedb,project/src/parsers/compatibility/yugabytedb,yugabytedb.connector.server.create,EXTERNAL_AUTHORITY,project/src/parsers/compatibility/yugabytedb/yugabytedb_dialect.cpp#kPatterns:yugabytedb.connector.server.create,kPatterns,kParserSupportUdr;match=CREATE SERVER;mapping=yugabytedb.udr.connector.server.create;sblr=SBLR_COMPAT_YUGABYTEDB_CONNECTOR_ROUTE;engine_api=ParserSupportConnectorRoute;diagnostic=YUGABYTEDB.EMULATION.CONNECTOR_ROUTE,kParserSupportUdr;match=CREATE SERVER;mapping=yugabytedb.udr.connector.server.create;sblr=SBLR_COMPAT_YUGABYTEDB_CONNECTOR_ROUTE;engine_api=ParserSupportConnectorRoute;diagnostic=YUGABYTEDB.EMULATION.CONNECTOR_ROUTE,external_files_connectors_tools_or_provider_authority_require_trusted_engine_operator_boundary_fail_closed,YUGABYTEDB.EMULATION.CONNECTOR_ROUTE,YUGABYTEDB.EMULATION.CONNECTOR_ROUTE,fail_closed_external_authority,sblr.external.yugabytedb.yugabytedb_connector_server_create.8d1295a497,no_local_or_provider_execution_without_trusted_engine_admission,parser_may_emit_SBLRExecutionEnvelope_v3_only;parser_execution_storage_transaction_finality_authority_forbidden,compatibility_sql_not_executed;compatibility_storage_authority_false;compatibility_transaction_finality_authority_forbidden,engine_owned_MGA_transaction_finality_only;parser_compatibility_provider_finality_forbidden,CREATE SERVER,project/tests/compatibility_sql_parser_first_tranche/parser_refusal_reduction_gate.py,runtime_parser_refusal,p4_refusal_reduction_verified,row_preserves_compatibility_compatible_refusal_or_external_authority_fail_closed_boundary_with_runtime_or_source_anchor_proof
FPR-P4-REFUSAL-00254,FPR-P3-DECLARED-01948,1948,yugabytedb,project/src/parsers/compatibility/yugabytedb,yugabytedb.connector.user_mapping.create,EXTERNAL_AUTHORITY,project/src/parsers/compatibility/yugabytedb/yugabytedb_dialect.cpp#kPatterns:yugabytedb.connector.user_mapping.create,kPatterns,kParserSupportUdr;match=CREATE USER MAPPING;mapping=yugabytedb.udr.connector.user_mapping.create;sblr=SBLR_COMPAT_YUGABYTEDB_CONNECTOR_ROUTE;engine_api=ParserSupportConnectorRoute;diagnostic=YUGABYTEDB.EMULATION.CONNECTOR_ROUTE,kParserSupportUdr;match=CREATE USER MAPPING;mapping=yugabytedb.udr.connector.user_mapping.create;sblr=SBLR_COMPAT_YUGABYTEDB_CONNECTOR_ROUTE;engine_api=ParserSupportConnectorRoute;diagnostic=YUGABYTEDB.EMULATION.CONNECTOR_ROUTE,external_files_connectors_tools_or_provider_authority_require_trusted_engine_operator_boundary_fail_closed,YUGABYTEDB.EMULATION.CONNECTOR_ROUTE,YUGABYTEDB.EMULATION.CONNECTOR_ROUTE,fail_closed_external_authority,sblr.external.yugabytedb.yugabytedb_connector_user_mapping_create.44bf7b2443,no_local_or_provider_execution_without_trusted_engine_admission,parser_may_emit_SBLRExecutionEnvelope_v3_only;parser_execution_storage_transaction_finality_authority_forbidden,compatibility_sql_not_executed;compatibility_storage_authority_false;compatibility_transaction_finality_authority_forbidden,engine_owned_MGA_transaction_finality_only;parser_compatibility_provider_finality_forbidden,CREATE USER MAPPING,project/tests/compatibility_sql_parser_first_tranche/parser_refusal_reduction_gate.py,runtime_parser_refusal,p4_refusal_reduction_verified,row_preserves_compatibility_compatible_refusal_or_external_authority_fail_closed_boundary_with_runtime_or_source_anchor_proof
FPR-P4-REFUSAL-00255,FPR-P3-DECLARED-01949,1949,yugabytedb,project/src/parsers/compatibility/yugabytedb,yugabytedb.connector.foreign_table.create,EXTERNAL_AUTHORITY,project/src/parsers/compatibility/yugabytedb/yugabytedb_dialect.cpp#kPatterns:yugabytedb.connector.foreign_table.create,kPatterns,kParserSupportUdr;match=CREATE FOREIGN TABLE;mapping=yugabytedb.udr.connector.foreign_table.create;sblr=SBLR_COMPAT_YUGABYTEDB_CONNECTOR_ROUTE;engine_api=ParserSupportConnectorRoute;diagnostic=YUGABYTEDB.EMULATION.CONNECTOR_ROUTE,kParserSupportUdr;match=CREATE FOREIGN TABLE;mapping=yugabytedb.udr.connector.foreign_table.create;sblr=SBLR_COMPAT_YUGABYTEDB_CONNECTOR_ROUTE;engine_api=ParserSupportConnectorRoute;diagnostic=YUGABYTEDB.EMULATION.CONNECTOR_ROUTE,external_files_connectors_tools_or_provider_authority_require_trusted_engine_operator_boundary_fail_closed,YUGABYTEDB.EMULATION.CONNECTOR_ROUTE,YUGABYTEDB.EMULATION.CONNECTOR_ROUTE,fail_closed_external_authority,sblr.external.yugabytedb.yugabytedb_connector_foreign_table_create.74a42ec2e0,no_local_or_provider_execution_without_trusted_engine_admission,parser_may_emit_SBLRExecutionEnvelope_v3_only;parser_execution_storage_transaction_finality_authority_forbidden,compatibility_sql_not_executed;compatibility_storage_authority_false;compatibility_transaction_finality_authority_forbidden,engine_owned_MGA_transaction_finality_only;parser_compatibility_provider_finality_forbidden,CREATE FOREIGN TABLE,project/tests/compatibility_sql_parser_first_tranche/parser_refusal_reduction_gate.py,runtime_parser_refusal,p4_refusal_reduction_verified,row_preserves_compatibility_compatible_refusal_or_external_authority_fail_closed_boundary_with_runtime_or_source_anchor_proof
FPR-P4-REFUSAL-00256,FPR-P3-DECLARED-01961,1961,yugabytedb,project/src/parsers/compatibility/yugabytedb,yugabytedb.transaction.prepare_transaction,ARCHITECTURE_REFUSAL,project/src/parsers/compatibility/yugabytedb/yugabytedb_dialect.cpp#kPatterns:yugabytedb.transaction.prepare_transaction,kPatterns,kUnsupportedRefusal;match=PREPARE TRANSACTION;mapping=yugabytedb.policy.transaction.prepare_transaction;sblr=none;engine_api=none;diagnostic=YUGABYTEDB.AUTHORITY.PREPARE_TRANSACTION_DENIED,kUnsupportedRefusal;match=PREPARE TRANSACTION;mapping=yugabytedb.policy.transaction.prepare_transaction;sblr=none;engine_api=none;diagnostic=YUGABYTEDB.AUTHORITY.PREPARE_TRANSACTION_DENIED,compatibility_surface_conflicts_with_parser_or_single_node_engine_authority_exact_fail_closed,YUGABYTEDB.AUTHORITY.PREPARE_TRANSACTION_DENIED,YUGABYTEDB.AUTHORITY.PREPARE_TRANSACTION_DENIED,exact_fail_closed_refusal,sblr.refusal.yugabytedb.yugabytedb_transaction_prepare_transaction.d539b1a94c,no_provider_or_compatibility_execution_for_exact_refusal,parser_may_emit_SBLRExecutionEnvelope_v3_only;parser_execution_storage_transaction_finality_authority_forbidden,compatibility_sql_not_executed;compatibility_storage_authority_false;compatibility_transaction_finality_authority_forbidden,engine_owned_MGA_transaction_finality_only;parser_compatibility_provider_finality_forbidden,PREPARE TRANSACTION,project/tests/compatibility_sql_parser_first_tranche/parser_refusal_reduction_gate.py,runtime_parser_refusal,p4_refusal_reduction_verified,row_preserves_compatibility_compatible_refusal_or_external_authority_fail_closed_boundary_with_runtime_or_source_anchor_proof
FPR-P4-REFUSAL-00257,FPR-P3-DECLARED-02016,2016,yugabytedb,project/src/parsers/compatibility/yugabytedb,diagnostic_surface:file,ARCHITECTURE_REFUSAL,project/src/parsers/compatibility/yugabytedb/yugabytedb_dialect.cpp#kDiagnosticSurfaces:file,kDiagnosticSurfaces,fail_closed;surface=YUGABYTEDB.AUTHORITY.FILE_IO_DENIED,fail_closed;surface=YUGABYTEDB.AUTHORITY.FILE_IO_DENIED,compatibility_surface_conflicts_with_parser_or_single_node_engine_authority_exact_fail_closed,YUGABYTEDB.AUTHORITY.FILE_IO_DENIED,YUGABYTEDB.AUTHORITY.FILE_IO_DENIED,exact_fail_closed_refusal,sblr.refusal.yugabytedb.diagnostic_surface_file.2d6402c2fd,no_provider_or_compatibility_execution_for_exact_refusal,parser_may_emit_SBLRExecutionEnvelope_v3_only;parser_execution_storage_transaction_finality_authority_forbidden,compatibility_sql_not_executed;compatibility_storage_authority_false;compatibility_transaction_finality_authority_forbidden,engine_owned_MGA_transaction_finality_only;parser_compatibility_provider_finality_forbidden,project/src/parsers/compatibility/yugabytedb/yugabytedb_dialect.cpp#kDiagnosticSurfaces:file,project/tests/compatibility_sql_parser_first_tranche/parser_refusal_reduction_gate.py,source_anchor_message_vector,p4_refusal_reduction_verified,row_preserves_compatibility_compatible_refusal_or_external_authority_fail_closed_boundary_with_runtime_or_source_anchor_proof
FPR-P4-REFUSAL-00258,FPR-P3-DECLARED-02017,2017,yugabytedb,project/src/parsers/compatibility/yugabytedb,diagnostic_surface:program,ARCHITECTURE_REFUSAL,project/src/parsers/compatibility/yugabytedb/yugabytedb_dialect.cpp#kDiagnosticSurfaces:program,kDiagnosticSurfaces,fail_closed;surface=YUGABYTEDB.AUTHORITY.PROGRAM_DENIED,fail_closed;surface=YUGABYTEDB.AUTHORITY.PROGRAM_DENIED,compatibility_surface_conflicts_with_parser_or_single_node_engine_authority_exact_fail_closed,YUGABYTEDB.AUTHORITY.PROGRAM_DENIED,YUGABYTEDB.AUTHORITY.PROGRAM_DENIED,exact_fail_closed_refusal,sblr.refusal.yugabytedb.diagnostic_surface_program.950849dae1,no_provider_or_compatibility_execution_for_exact_refusal,parser_may_emit_SBLRExecutionEnvelope_v3_only;parser_execution_storage_transaction_finality_authority_forbidden,compatibility_sql_not_executed;compatibility_storage_authority_false;compatibility_transaction_finality_authority_forbidden,engine_owned_MGA_transaction_finality_only;parser_compatibility_provider_finality_forbidden,project/src/parsers/compatibility/yugabytedb/yugabytedb_dialect.cpp#kDiagnosticSurfaces:program,project/tests/compatibility_sql_parser_first_tranche/parser_refusal_reduction_gate.py,source_anchor_message_vector,p4_refusal_reduction_verified,row_preserves_compatibility_compatible_refusal_or_external_authority_fail_closed_boundary_with_runtime_or_source_anchor_proof
FPR-P4-REFUSAL-00259,FPR-P3-DECLARED-02018,2018,yugabytedb,project/src/parsers/compatibility/yugabytedb,diagnostic_surface:backup,ARCHITECTURE_REFUSAL,project/src/parsers/compatibility/yugabytedb/yugabytedb_dialect.cpp#kDiagnosticSurfaces:backup,kDiagnosticSurfaces,fail_closed;surface=YUGABYTEDB.AUTHORITY.BACKUP_DENIED,fail_closed;surface=YUGABYTEDB.AUTHORITY.BACKUP_DENIED,compatibility_surface_conflicts_with_parser_or_single_node_engine_authority_exact_fail_closed,YUGABYTEDB.AUTHORITY.BACKUP_DENIED,YUGABYTEDB.AUTHORITY.BACKUP_DENIED,exact_fail_closed_refusal,sblr.refusal.yugabytedb.diagnostic_surface_backup.ad9bd77fca,no_provider_or_compatibility_execution_for_exact_refusal,parser_may_emit_SBLRExecutionEnvelope_v3_only;parser_execution_storage_transaction_finality_authority_forbidden,compatibility_sql_not_executed;compatibility_storage_authority_false;compatibility_transaction_finality_authority_forbidden,engine_owned_MGA_transaction_finality_only;parser_compatibility_provider_finality_forbidden,project/src/parsers/compatibility/yugabytedb/yugabytedb_dialect.cpp#kDiagnosticSurfaces:backup,project/tests/compatibility_sql_parser_first_tranche/parser_refusal_reduction_gate.py,source_anchor_message_vector,p4_refusal_reduction_verified,row_preserves_compatibility_compatible_refusal_or_external_authority_fail_closed_boundary_with_runtime_or_source_anchor_proof
FPR-P4-REFUSAL-00260,FPR-P3-DECLARED-02019,2019,yugabytedb,project/src/parsers/compatibility/yugabytedb,diagnostic_surface:restore,ARCHITECTURE_REFUSAL,project/src/parsers/compatibility/yugabytedb/yugabytedb_dialect.cpp#kDiagnosticSurfaces:restore,kDiagnosticSurfaces,fail_closed;surface=YUGABYTEDB.AUTHORITY.RESTORE_DENIED,fail_closed;surface=YUGABYTEDB.AUTHORITY.RESTORE_DENIED,compatibility_surface_conflicts_with_parser_or_single_node_engine_authority_exact_fail_closed,YUGABYTEDB.AUTHORITY.RESTORE_DENIED,YUGABYTEDB.AUTHORITY.RESTORE_DENIED,exact_fail_closed_refusal,sblr.refusal.yugabytedb.diagnostic_surface_restore.c2ea8fab26,no_provider_or_compatibility_execution_for_exact_refusal,parser_may_emit_SBLRExecutionEnvelope_v3_only;parser_execution_storage_transaction_finality_authority_forbidden,compatibility_sql_not_executed;compatibility_storage_authority_false;compatibility_transaction_finality_authority_forbidden,engine_owned_MGA_transaction_finality_only;parser_compatibility_provider_finality_forbidden,project/src/parsers/compatibility/yugabytedb/yugabytedb_dialect.cpp#kDiagnosticSurfaces:restore,project/tests/compatibility_sql_parser_first_tranche/parser_refusal_reduction_gate.py,source_anchor_message_vector,p4_refusal_reduction_verified,row_preserves_compatibility_compatible_refusal_or_external_authority_fail_closed_boundary_with_runtime_or_source_anchor_proof
FPR-P4-REFUSAL-00261,FPR-P3-DECLARED-02024,2024,yugabytedb,project/src/parsers/compatibility/yugabytedb,diagnostic_surface:connector,EXTERNAL_AUTHORITY,project/src/parsers/compatibility/yugabytedb/yugabytedb_dialect.cpp#kDiagnosticSurfaces:connector,kDiagnosticSurfaces,parser_support_udr;surface=YUGABYTEDB.EMULATION.CONNECTOR_ROUTE,parser_support_udr;surface=YUGABYTEDB.EMULATION.CONNECTOR_ROUTE,external_files_connectors_tools_or_provider_authority_require_trusted_engine_operator_boundary_fail_closed,YUGABYTEDB.EMULATION.CONNECTOR_ROUTE,YUGABYTEDB.EMULATION.CONNECTOR_ROUTE,fail_closed_external_authority,sblr.external.yugabytedb.diagnostic_surface_connector.533680069a,no_local_or_provider_execution_without_trusted_engine_admission,parser_may_emit_SBLRExecutionEnvelope_v3_only;parser_execution_storage_transaction_finality_authority_forbidden,compatibility_sql_not_executed;compatibility_storage_authority_false;compatibility_transaction_finality_authority_forbidden,engine_owned_MGA_transaction_finality_only;parser_compatibility_provider_finality_forbidden,project/src/parsers/compatibility/yugabytedb/yugabytedb_dialect.cpp#kDiagnosticSurfaces:connector,project/tests/compatibility_sql_parser_first_tranche/parser_refusal_reduction_gate.py,source_anchor_message_vector,p4_refusal_reduction_verified,row_preserves_compatibility_compatible_refusal_or_external_authority_fail_closed_boundary_with_runtime_or_source_anchor_proof
FPR-P4-REFUSAL-00262,FPR-P3-DECLARED-02026,2026,yugabytedb,project/src/parsers/compatibility/yugabytedb,diagnostic_surface:transaction,ARCHITECTURE_REFUSAL,project/src/parsers/compatibility/yugabytedb/yugabytedb_dialect.cpp#kDiagnosticSurfaces:transaction,kDiagnosticSurfaces,fail_closed;surface=YUGABYTEDB.AUTHORITY.PREPARE_TRANSACTION_DENIED,fail_closed;surface=YUGABYTEDB.AUTHORITY.PREPARE_TRANSACTION_DENIED,compatibility_surface_conflicts_with_parser_or_single_node_engine_authority_exact_fail_closed,YUGABYTEDB.AUTHORITY.PREPARE_TRANSACTION_DENIED,YUGABYTEDB.AUTHORITY.PREPARE_TRANSACTION_DENIED,exact_fail_closed_refusal,sblr.refusal.yugabytedb.diagnostic_surface_transaction.97a0569ab3,no_provider_or_compatibility_execution_for_exact_refusal,parser_may_emit_SBLRExecutionEnvelope_v3_only;parser_execution_storage_transaction_finality_authority_forbidden,compatibility_sql_not_executed;compatibility_storage_authority_false;compatibility_transaction_finality_authority_forbidden,engine_owned_MGA_transaction_finality_only;parser_compatibility_provider_finality_forbidden,project/src/parsers/compatibility/yugabytedb/yugabytedb_dialect.cpp#kDiagnosticSurfaces:transaction,project/tests/compatibility_sql_parser_first_tranche/parser_refusal_reduction_gate.py,source_anchor_message_vector,p4_refusal_reduction_verified,row_preserves_compatibility_compatible_refusal_or_external_authority_fail_closed_boundary_with_runtime_or_source_anchor_proof
FPR-P4-REFUSAL-00263,FPR-P3-DECLARED-02027,2027,yugabytedb,project/src/parsers/compatibility/yugabytedb,source_marker:unsupported,ARCHITECTURE_REFUSAL,project/src/parsers/compatibility/yugabytedb/yugabytedb_dialect.cpp#marker:unsupported,marker,source_marker_requires_review,source_marker_requires_review,compatibility_surface_conflicts_with_parser_or_single_node_engine_authority_exact_fail_closed,YUGABYTEDB.PARSE.UNSUPPORTED_SURFACE,YUGABYTEDB.PARSE.UNSUPPORTED_SURFACE,exact_fail_closed_refusal,sblr.refusal.yugabytedb.source_marker_unsupported.d35caae481,no_provider_or_compatibility_execution_for_exact_refusal,parser_may_emit_SBLRExecutionEnvelope_v3_only;parser_execution_storage_transaction_finality_authority_forbidden,compatibility_sql_not_executed;compatibility_storage_authority_false;compatibility_transaction_finality_authority_forbidden,engine_owned_MGA_transaction_finality_only;parser_compatibility_provider_finality_forbidden,project/src/parsers/compatibility/yugabytedb/yugabytedb_dialect.cpp#marker:unsupported,project/tests/compatibility_sql_parser_first_tranche/parser_refusal_reduction_gate.py,source_anchor_message_vector,p4_refusal_reduction_verified,row_preserves_compatibility_compatible_refusal_or_external_authority_fail_closed_boundary_with_runtime_or_source_anchor_proof
FPR-P4-REFUSAL-00264,FPR-P3-DECLARED-02029,2029,apache_ignite,project/src/udr/sbu_apache_ignite_parser_support,udr_diagnostic_vector_set,ARCHITECTURE_REFUSAL,project/src/udr/sbu_apache_ignite_parser_support/sbu_apache_ignite_parser_support.cpp#diagnostic_vectors,diagnostic_vectors,parser_support_udr_diagnostics;diagnostic_count=7;diagnostics=UDR.APACHE_IGNITE.CONTEXT_MISSING;UDR.APACHE_IGNITE.INSTALL_MODE_INVALID;UDR.APACHE_IGNITE.MGMT_INVENTORY_POLICY_DENIED;UDR.APACHE_IGNITE.MGMT_OPERATION_UNKNOWN;UDR.APACHE_IGNITE.PACKAGE_UUID_MISMATCH;UDR.APACHE_IGNITE.PROFILE_MISMATCH;UDR.APACHE_IGNITE.SECURITY_DENIED,parser_support_udr_diagnostics;diagnostic_count=7;diagnostics=UDR.APACHE_IGNITE.CONTEXT_MISSING;UDR.APACHE_IGNITE.INSTALL_MODE_INVALID;UDR.APACHE_IGNITE.MGMT_INVENTORY_POLICY_DENIED;UDR.APACHE_IGNITE.MGMT_OPERATION_UNKNOWN;UDR.APACHE_IGNITE.PACKAGE_UUID_MISMATCH;UDR.APACHE_IGNITE.PROFILE_MISMATCH;UDR.APACHE_IGNITE.SECURITY_DENIED,compatibility_surface_conflicts_with_parser_or_single_node_engine_authority_exact_fail_closed,UDR.APACHE_IGNITE.CONTEXT_MISSING;UDR.APACHE_IGNITE.INSTALL_MODE_INVALID;UDR.APACHE_IGNITE.MGMT_INVENTORY_POLICY_DENIED;UDR.APACHE_IGNITE.MGMT_OPERATION_UNKNOWN;UDR.APACHE_IGNITE.PACKAGE_UUID_MISMATCH;UDR.APACHE_IGNITE.PROFILE_MISMATCH;UDR.APACHE_IGNITE.SECURITY_DENIED,UDR.APACHE_IGNITE.CONTEXT_MISSING,exact_fail_closed_refusal,sblr.refusal.apache_ignite.udr_diagnostic_vector_set.4845ff8862,no_provider_or_compatibility_execution_for_exact_refusal,parser_may_emit_SBLRExecutionEnvelope_v3_only;parser_execution_storage_transaction_finality_authority_forbidden,compatibility_sql_not_executed;compatibility_storage_authority_false;compatibility_transaction_finality_authority_forbidden,engine_owned_MGA_transaction_finality_only;parser_compatibility_provider_finality_forbidden,project/src/udr/sbu_apache_ignite_parser_support/sbu_apache_ignite_parser_support.cpp#diagnostic_vectors,project/tests/compatibility_sql_parser_first_tranche/parser_refusal_reduction_gate.py,source_anchor_message_vector,p4_refusal_reduction_verified,row_preserves_compatibility_compatible_refusal_or_external_authority_fail_closed_boundary_with_runtime_or_source_anchor_proof
FPR-P4-REFUSAL-00265,FPR-P3-DECLARED-02031,2031,cassandra,project/src/udr/sbu_cassandra_parser_support,udr_diagnostic_vector_set,ARCHITECTURE_REFUSAL,project/src/udr/sbu_cassandra_parser_support/sbu_cassandra_parser_support.cpp#diagnostic_vectors,diagnostic_vectors,parser_support_udr_diagnostics;diagnostic_count=7;diagnostics=UDR.CASSANDRA.CONTEXT_MISSING;UDR.CASSANDRA.INSTALL_MODE_INVALID;UDR.CASSANDRA.MGMT_INVENTORY_POLICY_DENIED;UDR.CASSANDRA.MGMT_OPERATION_UNKNOWN;UDR.CASSANDRA.PACKAGE_UUID_MISMATCH;UDR.CASSANDRA.PROFILE_MISMATCH;UDR.CASSANDRA.SECURITY_DENIED,parser_support_udr_diagnostics;diagnostic_count=7;diagnostics=UDR.CASSANDRA.CONTEXT_MISSING;UDR.CASSANDRA.INSTALL_MODE_INVALID;UDR.CASSANDRA.MGMT_INVENTORY_POLICY_DENIED;UDR.CASSANDRA.MGMT_OPERATION_UNKNOWN;UDR.CASSANDRA.PACKAGE_UUID_MISMATCH;UDR.CASSANDRA.PROFILE_MISMATCH;UDR.CASSANDRA.SECURITY_DENIED,compatibility_surface_conflicts_with_parser_or_single_node_engine_authority_exact_fail_closed,UDR.CASSANDRA.CONTEXT_MISSING;UDR.CASSANDRA.INSTALL_MODE_INVALID;UDR.CASSANDRA.MGMT_INVENTORY_POLICY_DENIED;UDR.CASSANDRA.MGMT_OPERATION_UNKNOWN;UDR.CASSANDRA.PACKAGE_UUID_MISMATCH;UDR.CASSANDRA.PROFILE_MISMATCH;UDR.CASSANDRA.SECURITY_DENIED,UDR.CASSANDRA.CONTEXT_MISSING,exact_fail_closed_refusal,sblr.refusal.cassandra.udr_diagnostic_vector_set.c2f68ce1ed,no_provider_or_compatibility_execution_for_exact_refusal,parser_may_emit_SBLRExecutionEnvelope_v3_only;parser_execution_storage_transaction_finality_authority_forbidden,compatibility_sql_not_executed;compatibility_storage_authority_false;compatibility_transaction_finality_authority_forbidden,engine_owned_MGA_transaction_finality_only;parser_compatibility_provider_finality_forbidden,project/src/udr/sbu_cassandra_parser_support/sbu_cassandra_parser_support.cpp#diagnostic_vectors,project/tests/compatibility_sql_parser_first_tranche/parser_refusal_reduction_gate.py,source_anchor_message_vector,p4_refusal_reduction_verified,row_preserves_compatibility_compatible_refusal_or_external_authority_fail_closed_boundary_with_runtime_or_source_anchor_proof
FPR-P4-REFUSAL-00266,FPR-P3-DECLARED-02033,2033,clickhouse,project/src/udr/sbu_clickhouse_parser_support,udr_diagnostic_vector_set,ARCHITECTURE_REFUSAL,project/src/udr/sbu_clickhouse_parser_support/sbu_clickhouse_parser_support.cpp#diagnostic_vectors,diagnostic_vectors,parser_support_udr_diagnostics;diagnostic_count=7;diagnostics=UDR.CLICKHOUSE.CONTEXT_MISSING;UDR.CLICKHOUSE.INSTALL_MODE_INVALID;UDR.CLICKHOUSE.MGMT_INVENTORY_POLICY_DENIED;UDR.CLICKHOUSE.MGMT_OPERATION_UNKNOWN;UDR.CLICKHOUSE.PACKAGE_UUID_MISMATCH;UDR.CLICKHOUSE.PROFILE_MISMATCH;UDR.CLICKHOUSE.SECURITY_DENIED,parser_support_udr_diagnostics;diagnostic_count=7;diagnostics=UDR.CLICKHOUSE.CONTEXT_MISSING;UDR.CLICKHOUSE.INSTALL_MODE_INVALID;UDR.CLICKHOUSE.MGMT_INVENTORY_POLICY_DENIED;UDR.CLICKHOUSE.MGMT_OPERATION_UNKNOWN;UDR.CLICKHOUSE.PACKAGE_UUID_MISMATCH;UDR.CLICKHOUSE.PROFILE_MISMATCH;UDR.CLICKHOUSE.SECURITY_DENIED,compatibility_surface_conflicts_with_parser_or_single_node_engine_authority_exact_fail_closed,UDR.CLICKHOUSE.CONTEXT_MISSING;UDR.CLICKHOUSE.INSTALL_MODE_INVALID;UDR.CLICKHOUSE.MGMT_INVENTORY_POLICY_DENIED;UDR.CLICKHOUSE.MGMT_OPERATION_UNKNOWN;UDR.CLICKHOUSE.PACKAGE_UUID_MISMATCH;UDR.CLICKHOUSE.PROFILE_MISMATCH;UDR.CLICKHOUSE.SECURITY_DENIED,UDR.CLICKHOUSE.CONTEXT_MISSING,exact_fail_closed_refusal,sblr.refusal.clickhouse.udr_diagnostic_vector_set.de10a1c7cc,no_provider_or_compatibility_execution_for_exact_refusal,parser_may_emit_SBLRExecutionEnvelope_v3_only;parser_execution_storage_transaction_finality_authority_forbidden,compatibility_sql_not_executed;compatibility_storage_authority_false;compatibility_transaction_finality_authority_forbidden,engine_owned_MGA_transaction_finality_only;parser_compatibility_provider_finality_forbidden,project/src/udr/sbu_clickhouse_parser_support/sbu_clickhouse_parser_support.cpp#diagnostic_vectors,project/tests/compatibility_sql_parser_first_tranche/parser_refusal_reduction_gate.py,source_anchor_message_vector,p4_refusal_reduction_verified,row_preserves_compatibility_compatible_refusal_or_external_authority_fail_closed_boundary_with_runtime_or_source_anchor_proof
FPR-P4-REFUSAL-00267,FPR-P3-DECLARED-02035,2035,cockroachdb,project/src/udr/sbu_cockroachdb_parser_support,udr_diagnostic_vector_set,ARCHITECTURE_REFUSAL,project/src/udr/sbu_cockroachdb_parser_support/sbu_cockroachdb_parser_support.cpp#diagnostic_vectors,diagnostic_vectors,parser_support_udr_diagnostics;diagnostic_count=7;diagnostics=UDR.COCKROACHDB.CONTEXT_MISSING;UDR.COCKROACHDB.INSTALL_MODE_INVALID;UDR.COCKROACHDB.MGMT_INVENTORY_POLICY_DENIED;UDR.COCKROACHDB.MGMT_OPERATION_UNKNOWN;UDR.COCKROACHDB.PACKAGE_UUID_MISMATCH;UDR.COCKROACHDB.PROFILE_MISMATCH;UDR.COCKROACHDB.SECURITY_DENIED,parser_support_udr_diagnostics;diagnostic_count=7;diagnostics=UDR.COCKROACHDB.CONTEXT_MISSING;UDR.COCKROACHDB.INSTALL_MODE_INVALID;UDR.COCKROACHDB.MGMT_INVENTORY_POLICY_DENIED;UDR.COCKROACHDB.MGMT_OPERATION_UNKNOWN;UDR.COCKROACHDB.PACKAGE_UUID_MISMATCH;UDR.COCKROACHDB.PROFILE_MISMATCH;UDR.COCKROACHDB.SECURITY_DENIED,compatibility_surface_conflicts_with_parser_or_single_node_engine_authority_exact_fail_closed,UDR.COCKROACHDB.CONTEXT_MISSING;UDR.COCKROACHDB.INSTALL_MODE_INVALID;UDR.COCKROACHDB.MGMT_INVENTORY_POLICY_DENIED;UDR.COCKROACHDB.MGMT_OPERATION_UNKNOWN;UDR.COCKROACHDB.PACKAGE_UUID_MISMATCH;UDR.COCKROACHDB.PROFILE_MISMATCH;UDR.COCKROACHDB.SECURITY_DENIED,UDR.COCKROACHDB.CONTEXT_MISSING,exact_fail_closed_refusal,sblr.refusal.cockroachdb.udr_diagnostic_vector_set.9252eef31e,no_provider_or_compatibility_execution_for_exact_refusal,parser_may_emit_SBLRExecutionEnvelope_v3_only;parser_execution_storage_transaction_finality_authority_forbidden,compatibility_sql_not_executed;compatibility_storage_authority_false;compatibility_transaction_finality_authority_forbidden,engine_owned_MGA_transaction_finality_only;parser_compatibility_provider_finality_forbidden,project/src/udr/sbu_cockroachdb_parser_support/sbu_cockroachdb_parser_support.cpp#diagnostic_vectors,project/tests/compatibility_sql_parser_first_tranche/parser_refusal_reduction_gate.py,source_anchor_message_vector,p4_refusal_reduction_verified,row_preserves_compatibility_compatible_refusal_or_external_authority_fail_closed_boundary_with_runtime_or_source_anchor_proof
FPR-P4-REFUSAL-00268,FPR-P3-DECLARED-02037,2037,dolt,project/src/udr/sbu_dolt_parser_support,udr_diagnostic_vector_set,ARCHITECTURE_REFUSAL,project/src/udr/sbu_dolt_parser_support/sbu_dolt_parser_support.cpp#diagnostic_vectors,diagnostic_vectors,parser_support_udr_diagnostics;diagnostic_count=7;diagnostics=UDR.DOLT.CONTEXT_MISSING;UDR.DOLT.INSTALL_MODE_INVALID;UDR.DOLT.MGMT_INVENTORY_POLICY_DENIED;UDR.DOLT.MGMT_OPERATION_UNKNOWN;UDR.DOLT.PACKAGE_UUID_MISMATCH;UDR.DOLT.PROFILE_MISMATCH;UDR.DOLT.SECURITY_DENIED,parser_support_udr_diagnostics;diagnostic_count=7;diagnostics=UDR.DOLT.CONTEXT_MISSING;UDR.DOLT.INSTALL_MODE_INVALID;UDR.DOLT.MGMT_INVENTORY_POLICY_DENIED;UDR.DOLT.MGMT_OPERATION_UNKNOWN;UDR.DOLT.PACKAGE_UUID_MISMATCH;UDR.DOLT.PROFILE_MISMATCH;UDR.DOLT.SECURITY_DENIED,compatibility_surface_conflicts_with_parser_or_single_node_engine_authority_exact_fail_closed,UDR.DOLT.CONTEXT_MISSING;UDR.DOLT.INSTALL_MODE_INVALID;UDR.DOLT.MGMT_INVENTORY_POLICY_DENIED;UDR.DOLT.MGMT_OPERATION_UNKNOWN;UDR.DOLT.PACKAGE_UUID_MISMATCH;UDR.DOLT.PROFILE_MISMATCH;UDR.DOLT.SECURITY_DENIED,UDR.DOLT.CONTEXT_MISSING,exact_fail_closed_refusal,sblr.refusal.dolt.udr_diagnostic_vector_set.c4507f0a1f,no_provider_or_compatibility_execution_for_exact_refusal,parser_may_emit_SBLRExecutionEnvelope_v3_only;parser_execution_storage_transaction_finality_authority_forbidden,compatibility_sql_not_executed;compatibility_storage_authority_false;compatibility_transaction_finality_authority_forbidden,engine_owned_MGA_transaction_finality_only;parser_compatibility_provider_finality_forbidden,project/src/udr/sbu_dolt_parser_support/sbu_dolt_parser_support.cpp#diagnostic_vectors,project/tests/compatibility_sql_parser_first_tranche/parser_refusal_reduction_gate.py,source_anchor_message_vector,p4_refusal_reduction_verified,row_preserves_compatibility_compatible_refusal_or_external_authority_fail_closed_boundary_with_runtime_or_source_anchor_proof
FPR-P4-REFUSAL-00269,FPR-P3-DECLARED-02039,2039,duckdb,project/src/udr/sbu_duckdb_parser_support,udr_diagnostic_vector_set,ARCHITECTURE_REFUSAL,project/src/udr/sbu_duckdb_parser_support/sbu_duckdb_parser_support.cpp#diagnostic_vectors,diagnostic_vectors,parser_support_udr_diagnostics;diagnostic_count=7;diagnostics=UDR.DUCKDB.CONTEXT_MISSING;UDR.DUCKDB.INSTALL_MODE_INVALID;UDR.DUCKDB.MGMT_INVENTORY_POLICY_DENIED;UDR.DUCKDB.MGMT_OPERATION_UNKNOWN;UDR.DUCKDB.PACKAGE_UUID_MISMATCH;UDR.DUCKDB.PROFILE_MISMATCH;UDR.DUCKDB.SECURITY_DENIED,parser_support_udr_diagnostics;diagnostic_count=7;diagnostics=UDR.DUCKDB.CONTEXT_MISSING;UDR.DUCKDB.INSTALL_MODE_INVALID;UDR.DUCKDB.MGMT_INVENTORY_POLICY_DENIED;UDR.DUCKDB.MGMT_OPERATION_UNKNOWN;UDR.DUCKDB.PACKAGE_UUID_MISMATCH;UDR.DUCKDB.PROFILE_MISMATCH;UDR.DUCKDB.SECURITY_DENIED,compatibility_surface_conflicts_with_parser_or_single_node_engine_authority_exact_fail_closed,UDR.DUCKDB.CONTEXT_MISSING;UDR.DUCKDB.INSTALL_MODE_INVALID;UDR.DUCKDB.MGMT_INVENTORY_POLICY_DENIED;UDR.DUCKDB.MGMT_OPERATION_UNKNOWN;UDR.DUCKDB.PACKAGE_UUID_MISMATCH;UDR.DUCKDB.PROFILE_MISMATCH;UDR.DUCKDB.SECURITY_DENIED,UDR.DUCKDB.CONTEXT_MISSING,exact_fail_closed_refusal,sblr.refusal.duckdb.udr_diagnostic_vector_set.8c1eea55e9,no_provider_or_compatibility_execution_for_exact_refusal,parser_may_emit_SBLRExecutionEnvelope_v3_only;parser_execution_storage_transaction_finality_authority_forbidden,compatibility_sql_not_executed;compatibility_storage_authority_false;compatibility_transaction_finality_authority_forbidden,engine_owned_MGA_transaction_finality_only;parser_compatibility_provider_finality_forbidden,project/src/udr/sbu_duckdb_parser_support/sbu_duckdb_parser_support.cpp#diagnostic_vectors,project/tests/compatibility_sql_parser_first_tranche/parser_refusal_reduction_gate.py,source_anchor_message_vector,p4_refusal_reduction_verified,row_preserves_compatibility_compatible_refusal_or_external_authority_fail_closed_boundary_with_runtime_or_source_anchor_proof
FPR-P4-REFUSAL-00270,FPR-P3-DECLARED-02041,2041,firebird,project/src/udr/sbu_firebird_parser_support,udr_diagnostic_vector_set,ARCHITECTURE_REFUSAL,project/src/udr/sbu_firebird_parser_support/sbu_firebird_parser_support.cpp#diagnostic_vectors,diagnostic_vectors,parser_support_udr_diagnostics;diagnostic_count=8;diagnostics=UDR.FIREBIRD.CONTEXT_MISSING;UDR.FIREBIRD.INSTALL_MODE_INVALID;UDR.FIREBIRD.MESSAGE_VECTOR_INVALID;UDR.FIREBIRD.MGMT_INVENTORY_POLICY_DENIED;UDR.FIREBIRD.MGMT_OPERATION_UNKNOWN;UDR.FIREBIRD.PACKAGE_UUID_MISMATCH;UDR.FIREBIRD.PROFILE_MISMATCH;UDR.FIREBIRD.SECURITY_DENIED,parser_support_udr_diagnostics;diagnostic_count=8;diagnostics=UDR.FIREBIRD.CONTEXT_MISSING;UDR.FIREBIRD.INSTALL_MODE_INVALID;UDR.FIREBIRD.MESSAGE_VECTOR_INVALID;UDR.FIREBIRD.MGMT_INVENTORY_POLICY_DENIED;UDR.FIREBIRD.MGMT_OPERATION_UNKNOWN;UDR.FIREBIRD.PACKAGE_UUID_MISMATCH;UDR.FIREBIRD.PROFILE_MISMATCH;UDR.FIREBIRD.SECURITY_DENIED,compatibility_surface_conflicts_with_parser_or_single_node_engine_authority_exact_fail_closed,UDR.FIREBIRD.CONTEXT_MISSING;UDR.FIREBIRD.INSTALL_MODE_INVALID;UDR.FIREBIRD.MESSAGE_VECTOR_INVALID;UDR.FIREBIRD.MGMT_INVENTORY_POLICY_DENIED;UDR.FIREBIRD.MGMT_OPERATION_UNKNOWN;UDR.FIREBIRD.PACKAGE_UUID_MISMATCH;UDR.FIREBIRD.PROFILE_MISMATCH;UDR.FIREBIRD.SECURITY_DENIED,UDR.FIREBIRD.CONTEXT_MISSING,exact_fail_closed_refusal,sblr.refusal.firebird.udr_diagnostic_vector_set.399a140d67,no_provider_or_compatibility_execution_for_exact_refusal,parser_may_emit_SBLRExecutionEnvelope_v3_only;parser_execution_storage_transaction_finality_authority_forbidden,compatibility_sql_not_executed;compatibility_storage_authority_false;compatibility_transaction_finality_authority_forbidden,engine_owned_MGA_transaction_finality_only;parser_compatibility_provider_finality_forbidden,project/src/udr/sbu_firebird_parser_support/sbu_firebird_parser_support.cpp#diagnostic_vectors,project/tests/compatibility_sql_parser_first_tranche/parser_refusal_reduction_gate.py,source_anchor_message_vector,p4_refusal_reduction_verified,row_preserves_compatibility_compatible_refusal_or_external_authority_fail_closed_boundary_with_runtime_or_source_anchor_proof
FPR-P4-REFUSAL-00271,FPR-P3-DECLARED-02043,2043,foundationdb,project/src/udr/sbu_foundationdb_parser_support,udr_diagnostic_vector_set,ARCHITECTURE_REFUSAL,project/src/udr/sbu_foundationdb_parser_support/sbu_foundationdb_parser_support.cpp#diagnostic_vectors,diagnostic_vectors,parser_support_udr_diagnostics;diagnostic_count=7;diagnostics=UDR.FOUNDATIONDB.CONTEXT_MISSING;UDR.FOUNDATIONDB.INSTALL_MODE_INVALID;UDR.FOUNDATIONDB.MGMT_INVENTORY_POLICY_DENIED;UDR.FOUNDATIONDB.MGMT_OPERATION_UNKNOWN;UDR.FOUNDATIONDB.PACKAGE_UUID_MISMATCH;UDR.FOUNDATIONDB.PROFILE_MISMATCH;UDR.FOUNDATIONDB.SECURITY_DENIED,parser_support_udr_diagnostics;diagnostic_count=7;diagnostics=UDR.FOUNDATIONDB.CONTEXT_MISSING;UDR.FOUNDATIONDB.INSTALL_MODE_INVALID;UDR.FOUNDATIONDB.MGMT_INVENTORY_POLICY_DENIED;UDR.FOUNDATIONDB.MGMT_OPERATION_UNKNOWN;UDR.FOUNDATIONDB.PACKAGE_UUID_MISMATCH;UDR.FOUNDATIONDB.PROFILE_MISMATCH;UDR.FOUNDATIONDB.SECURITY_DENIED,compatibility_surface_conflicts_with_parser_or_single_node_engine_authority_exact_fail_closed,UDR.FOUNDATIONDB.CONTEXT_MISSING;UDR.FOUNDATIONDB.INSTALL_MODE_INVALID;UDR.FOUNDATIONDB.MGMT_INVENTORY_POLICY_DENIED;UDR.FOUNDATIONDB.MGMT_OPERATION_UNKNOWN;UDR.FOUNDATIONDB.PACKAGE_UUID_MISMATCH;UDR.FOUNDATIONDB.PROFILE_MISMATCH;UDR.FOUNDATIONDB.SECURITY_DENIED,UDR.FOUNDATIONDB.CONTEXT_MISSING,exact_fail_closed_refusal,sblr.refusal.foundationdb.udr_diagnostic_vector_set.93c1fb1697,no_provider_or_compatibility_execution_for_exact_refusal,parser_may_emit_SBLRExecutionEnvelope_v3_only;parser_execution_storage_transaction_finality_authority_forbidden,compatibility_sql_not_executed;compatibility_storage_authority_false;compatibility_transaction_finality_authority_forbidden,engine_owned_MGA_transaction_finality_only;parser_compatibility_provider_finality_forbidden,project/src/udr/sbu_foundationdb_parser_support/sbu_foundationdb_parser_support.cpp#diagnostic_vectors,project/tests/compatibility_sql_parser_first_tranche/parser_refusal_reduction_gate.py,source_anchor_message_vector,p4_refusal_reduction_verified,row_preserves_compatibility_compatible_refusal_or_external_authority_fail_closed_boundary_with_runtime_or_source_anchor_proof
FPR-P4-REFUSAL-00272,FPR-P3-DECLARED-02045,2045,immudb,project/src/udr/sbu_immudb_parser_support,udr_diagnostic_vector_set,ARCHITECTURE_REFUSAL,project/src/udr/sbu_immudb_parser_support/sbu_immudb_parser_support.cpp#diagnostic_vectors,diagnostic_vectors,parser_support_udr_diagnostics;diagnostic_count=7;diagnostics=UDR.IMMUDB.CONTEXT_MISSING;UDR.IMMUDB.INSTALL_MODE_INVALID;UDR.IMMUDB.MGMT_INVENTORY_POLICY_DENIED;UDR.IMMUDB.MGMT_OPERATION_UNKNOWN;UDR.IMMUDB.PACKAGE_UUID_MISMATCH;UDR.IMMUDB.PROFILE_MISMATCH;UDR.IMMUDB.SECURITY_DENIED,parser_support_udr_diagnostics;diagnostic_count=7;diagnostics=UDR.IMMUDB.CONTEXT_MISSING;UDR.IMMUDB.INSTALL_MODE_INVALID;UDR.IMMUDB.MGMT_INVENTORY_POLICY_DENIED;UDR.IMMUDB.MGMT_OPERATION_UNKNOWN;UDR.IMMUDB.PACKAGE_UUID_MISMATCH;UDR.IMMUDB.PROFILE_MISMATCH;UDR.IMMUDB.SECURITY_DENIED,compatibility_surface_conflicts_with_parser_or_single_node_engine_authority_exact_fail_closed,UDR.IMMUDB.CONTEXT_MISSING;UDR.IMMUDB.INSTALL_MODE_INVALID;UDR.IMMUDB.MGMT_INVENTORY_POLICY_DENIED;UDR.IMMUDB.MGMT_OPERATION_UNKNOWN;UDR.IMMUDB.PACKAGE_UUID_MISMATCH;UDR.IMMUDB.PROFILE_MISMATCH;UDR.IMMUDB.SECURITY_DENIED,UDR.IMMUDB.CONTEXT_MISSING,exact_fail_closed_refusal,sblr.refusal.immudb.udr_diagnostic_vector_set.8b68701348,no_provider_or_compatibility_execution_for_exact_refusal,parser_may_emit_SBLRExecutionEnvelope_v3_only;parser_execution_storage_transaction_finality_authority_forbidden,compatibility_sql_not_executed;compatibility_storage_authority_false;compatibility_transaction_finality_authority_forbidden,engine_owned_MGA_transaction_finality_only;parser_compatibility_provider_finality_forbidden,project/src/udr/sbu_immudb_parser_support/sbu_immudb_parser_support.cpp#diagnostic_vectors,project/tests/compatibility_sql_parser_first_tranche/parser_refusal_reduction_gate.py,source_anchor_message_vector,p4_refusal_reduction_verified,row_preserves_compatibility_compatible_refusal_or_external_authority_fail_closed_boundary_with_runtime_or_source_anchor_proof
FPR-P4-REFUSAL-00273,FPR-P3-DECLARED-02047,2047,influxdb,project/src/udr/sbu_influxdb_parser_support,udr_diagnostic_vector_set,ARCHITECTURE_REFUSAL,project/src/udr/sbu_influxdb_parser_support/sbu_influxdb_parser_support.cpp#diagnostic_vectors,diagnostic_vectors,parser_support_udr_diagnostics;diagnostic_count=7;diagnostics=UDR.INFLUXDB.CONTEXT_MISSING;UDR.INFLUXDB.INSTALL_MODE_INVALID;UDR.INFLUXDB.MGMT_INVENTORY_POLICY_DENIED;UDR.INFLUXDB.MGMT_OPERATION_UNKNOWN;UDR.INFLUXDB.PACKAGE_UUID_MISMATCH;UDR.INFLUXDB.PROFILE_MISMATCH;UDR.INFLUXDB.SECURITY_DENIED,parser_support_udr_diagnostics;diagnostic_count=7;diagnostics=UDR.INFLUXDB.CONTEXT_MISSING;UDR.INFLUXDB.INSTALL_MODE_INVALID;UDR.INFLUXDB.MGMT_INVENTORY_POLICY_DENIED;UDR.INFLUXDB.MGMT_OPERATION_UNKNOWN;UDR.INFLUXDB.PACKAGE_UUID_MISMATCH;UDR.INFLUXDB.PROFILE_MISMATCH;UDR.INFLUXDB.SECURITY_DENIED,compatibility_surface_conflicts_with_parser_or_single_node_engine_authority_exact_fail_closed,UDR.INFLUXDB.CONTEXT_MISSING;UDR.INFLUXDB.INSTALL_MODE_INVALID;UDR.INFLUXDB.MGMT_INVENTORY_POLICY_DENIED;UDR.INFLUXDB.MGMT_OPERATION_UNKNOWN;UDR.INFLUXDB.PACKAGE_UUID_MISMATCH;UDR.INFLUXDB.PROFILE_MISMATCH;UDR.INFLUXDB.SECURITY_DENIED,UDR.INFLUXDB.CONTEXT_MISSING,exact_fail_closed_refusal,sblr.refusal.influxdb.udr_diagnostic_vector_set.9b617fdd4a,no_provider_or_compatibility_execution_for_exact_refusal,parser_may_emit_SBLRExecutionEnvelope_v3_only;parser_execution_storage_transaction_finality_authority_forbidden,compatibility_sql_not_executed;compatibility_storage_authority_false;compatibility_transaction_finality_authority_forbidden,engine_owned_MGA_transaction_finality_only;parser_compatibility_provider_finality_forbidden,project/src/udr/sbu_influxdb_parser_support/sbu_influxdb_parser_support.cpp#diagnostic_vectors,project/tests/compatibility_sql_parser_first_tranche/parser_refusal_reduction_gate.py,source_anchor_message_vector,p4_refusal_reduction_verified,row_preserves_compatibility_compatible_refusal_or_external_authority_fail_closed_boundary_with_runtime_or_source_anchor_proof
FPR-P4-REFUSAL-00274,FPR-P3-DECLARED-02049,2049,mariadb,project/src/udr/sbu_mariadb_parser_support,udr_diagnostic_vector_set,ARCHITECTURE_REFUSAL,project/src/udr/sbu_mariadb_parser_support/sbu_mariadb_parser_support.cpp#diagnostic_vectors,diagnostic_vectors,parser_support_udr_diagnostics;diagnostic_count=7;diagnostics=UDR.MARIADB.CONTEXT_MISSING;UDR.MARIADB.INSTALL_MODE_INVALID;UDR.MARIADB.MGMT_INVENTORY_POLICY_DENIED;UDR.MARIADB.MGMT_OPERATION_UNKNOWN;UDR.MARIADB.PACKAGE_UUID_MISMATCH;UDR.MARIADB.PROFILE_MISMATCH;UDR.MARIADB.SECURITY_DENIED,parser_support_udr_diagnostics;diagnostic_count=7;diagnostics=UDR.MARIADB.CONTEXT_MISSING;UDR.MARIADB.INSTALL_MODE_INVALID;UDR.MARIADB.MGMT_INVENTORY_POLICY_DENIED;UDR.MARIADB.MGMT_OPERATION_UNKNOWN;UDR.MARIADB.PACKAGE_UUID_MISMATCH;UDR.MARIADB.PROFILE_MISMATCH;UDR.MARIADB.SECURITY_DENIED,compatibility_surface_conflicts_with_parser_or_single_node_engine_authority_exact_fail_closed,UDR.MARIADB.CONTEXT_MISSING;UDR.MARIADB.INSTALL_MODE_INVALID;UDR.MARIADB.MGMT_INVENTORY_POLICY_DENIED;UDR.MARIADB.MGMT_OPERATION_UNKNOWN;UDR.MARIADB.PACKAGE_UUID_MISMATCH;UDR.MARIADB.PROFILE_MISMATCH;UDR.MARIADB.SECURITY_DENIED,UDR.MARIADB.CONTEXT_MISSING,exact_fail_closed_refusal,sblr.refusal.mariadb.udr_diagnostic_vector_set.e86fe0b1a2,no_provider_or_compatibility_execution_for_exact_refusal,parser_may_emit_SBLRExecutionEnvelope_v3_only;parser_execution_storage_transaction_finality_authority_forbidden,compatibility_sql_not_executed;compatibility_storage_authority_false;compatibility_transaction_finality_authority_forbidden,engine_owned_MGA_transaction_finality_only;parser_compatibility_provider_finality_forbidden,project/src/udr/sbu_mariadb_parser_support/sbu_mariadb_parser_support.cpp#diagnostic_vectors,project/tests/compatibility_sql_parser_first_tranche/parser_refusal_reduction_gate.py,source_anchor_message_vector,p4_refusal_reduction_verified,row_preserves_compatibility_compatible_refusal_or_external_authority_fail_closed_boundary_with_runtime_or_source_anchor_proof
FPR-P4-REFUSAL-00275,FPR-P3-DECLARED-02051,2051,milvus,project/src/udr/sbu_milvus_parser_support,udr_diagnostic_vector_set,ARCHITECTURE_REFUSAL,project/src/udr/sbu_milvus_parser_support/sbu_milvus_parser_support.cpp#diagnostic_vectors,diagnostic_vectors,parser_support_udr_diagnostics;diagnostic_count=7;diagnostics=UDR.MILVUS.CONTEXT_MISSING;UDR.MILVUS.INSTALL_MODE_INVALID;UDR.MILVUS.MGMT_INVENTORY_POLICY_DENIED;UDR.MILVUS.MGMT_OPERATION_UNKNOWN;UDR.MILVUS.PACKAGE_UUID_MISMATCH;UDR.MILVUS.PROFILE_MISMATCH;UDR.MILVUS.SECURITY_DENIED,parser_support_udr_diagnostics;diagnostic_count=7;diagnostics=UDR.MILVUS.CONTEXT_MISSING;UDR.MILVUS.INSTALL_MODE_INVALID;UDR.MILVUS.MGMT_INVENTORY_POLICY_DENIED;UDR.MILVUS.MGMT_OPERATION_UNKNOWN;UDR.MILVUS.PACKAGE_UUID_MISMATCH;UDR.MILVUS.PROFILE_MISMATCH;UDR.MILVUS.SECURITY_DENIED,compatibility_surface_conflicts_with_parser_or_single_node_engine_authority_exact_fail_closed,UDR.MILVUS.CONTEXT_MISSING;UDR.MILVUS.INSTALL_MODE_INVALID;UDR.MILVUS.MGMT_INVENTORY_POLICY_DENIED;UDR.MILVUS.MGMT_OPERATION_UNKNOWN;UDR.MILVUS.PACKAGE_UUID_MISMATCH;UDR.MILVUS.PROFILE_MISMATCH;UDR.MILVUS.SECURITY_DENIED,UDR.MILVUS.CONTEXT_MISSING,exact_fail_closed_refusal,sblr.refusal.milvus.udr_diagnostic_vector_set.ebaaa65e19,no_provider_or_compatibility_execution_for_exact_refusal,parser_may_emit_SBLRExecutionEnvelope_v3_only;parser_execution_storage_transaction_finality_authority_forbidden,compatibility_sql_not_executed;compatibility_storage_authority_false;compatibility_transaction_finality_authority_forbidden,engine_owned_MGA_transaction_finality_only;parser_compatibility_provider_finality_forbidden,project/src/udr/sbu_milvus_parser_support/sbu_milvus_parser_support.cpp#diagnostic_vectors,project/tests/compatibility_sql_parser_first_tranche/parser_refusal_reduction_gate.py,source_anchor_message_vector,p4_refusal_reduction_verified,row_preserves_compatibility_compatible_refusal_or_external_authority_fail_closed_boundary_with_runtime_or_source_anchor_proof
FPR-P4-REFUSAL-00276,FPR-P3-DECLARED-02053,2053,mongodb,project/src/udr/sbu_mongodb_parser_support,udr_diagnostic_vector_set,ARCHITECTURE_REFUSAL,project/src/udr/sbu_mongodb_parser_support/sbu_mongodb_parser_support.cpp#diagnostic_vectors,diagnostic_vectors,parser_support_udr_diagnostics;diagnostic_count=7;diagnostics=UDR.MONGODB.CONTEXT_MISSING;UDR.MONGODB.INSTALL_MODE_INVALID;UDR.MONGODB.MGMT_INVENTORY_POLICY_DENIED;UDR.MONGODB.MGMT_OPERATION_UNKNOWN;UDR.MONGODB.PACKAGE_UUID_MISMATCH;UDR.MONGODB.PROFILE_MISMATCH;UDR.MONGODB.SECURITY_DENIED,parser_support_udr_diagnostics;diagnostic_count=7;diagnostics=UDR.MONGODB.CONTEXT_MISSING;UDR.MONGODB.INSTALL_MODE_INVALID;UDR.MONGODB.MGMT_INVENTORY_POLICY_DENIED;UDR.MONGODB.MGMT_OPERATION_UNKNOWN;UDR.MONGODB.PACKAGE_UUID_MISMATCH;UDR.MONGODB.PROFILE_MISMATCH;UDR.MONGODB.SECURITY_DENIED,compatibility_surface_conflicts_with_parser_or_single_node_engine_authority_exact_fail_closed,UDR.MONGODB.CONTEXT_MISSING;UDR.MONGODB.INSTALL_MODE_INVALID;UDR.MONGODB.MGMT_INVENTORY_POLICY_DENIED;UDR.MONGODB.MGMT_OPERATION_UNKNOWN;UDR.MONGODB.PACKAGE_UUID_MISMATCH;UDR.MONGODB.PROFILE_MISMATCH;UDR.MONGODB.SECURITY_DENIED,UDR.MONGODB.CONTEXT_MISSING,exact_fail_closed_refusal,sblr.refusal.mongodb.udr_diagnostic_vector_set.a76b4f302d,no_provider_or_compatibility_execution_for_exact_refusal,parser_may_emit_SBLRExecutionEnvelope_v3_only;parser_execution_storage_transaction_finality_authority_forbidden,compatibility_sql_not_executed;compatibility_storage_authority_false;compatibility_transaction_finality_authority_forbidden,engine_owned_MGA_transaction_finality_only;parser_compatibility_provider_finality_forbidden,project/src/udr/sbu_mongodb_parser_support/sbu_mongodb_parser_support.cpp#diagnostic_vectors,project/tests/compatibility_sql_parser_first_tranche/parser_refusal_reduction_gate.py,source_anchor_message_vector,p4_refusal_reduction_verified,row_preserves_compatibility_compatible_refusal_or_external_authority_fail_closed_boundary_with_runtime_or_source_anchor_proof
FPR-P4-REFUSAL-00277,FPR-P3-DECLARED-02055,2055,mysql,project/src/udr/sbu_mysql_parser_support,udr_diagnostic_vector_set,ARCHITECTURE_REFUSAL,project/src/udr/sbu_mysql_parser_support/sbu_mysql_parser_support.cpp#diagnostic_vectors,diagnostic_vectors,parser_support_udr_diagnostics;diagnostic_count=7;diagnostics=UDR.MYSQL.CONTEXT_MISSING;UDR.MYSQL.INSTALL_MODE_INVALID;UDR.MYSQL.MGMT_INVENTORY_POLICY_DENIED;UDR.MYSQL.MGMT_OPERATION_UNKNOWN;UDR.MYSQL.PACKAGE_UUID_MISMATCH;UDR.MYSQL.PROFILE_MISMATCH;UDR.MYSQL.SECURITY_DENIED,parser_support_udr_diagnostics;diagnostic_count=7;diagnostics=UDR.MYSQL.CONTEXT_MISSING;UDR.MYSQL.INSTALL_MODE_INVALID;UDR.MYSQL.MGMT_INVENTORY_POLICY_DENIED;UDR.MYSQL.MGMT_OPERATION_UNKNOWN;UDR.MYSQL.PACKAGE_UUID_MISMATCH;UDR.MYSQL.PROFILE_MISMATCH;UDR.MYSQL.SECURITY_DENIED,compatibility_surface_conflicts_with_parser_or_single_node_engine_authority_exact_fail_closed,UDR.MYSQL.CONTEXT_MISSING;UDR.MYSQL.INSTALL_MODE_INVALID;UDR.MYSQL.MGMT_INVENTORY_POLICY_DENIED;UDR.MYSQL.MGMT_OPERATION_UNKNOWN;UDR.MYSQL.PACKAGE_UUID_MISMATCH;UDR.MYSQL.PROFILE_MISMATCH;UDR.MYSQL.SECURITY_DENIED,UDR.MYSQL.CONTEXT_MISSING,exact_fail_closed_refusal,sblr.refusal.mysql.udr_diagnostic_vector_set.513b0ea350,no_provider_or_compatibility_execution_for_exact_refusal,parser_may_emit_SBLRExecutionEnvelope_v3_only;parser_execution_storage_transaction_finality_authority_forbidden,compatibility_sql_not_executed;compatibility_storage_authority_false;compatibility_transaction_finality_authority_forbidden,engine_owned_MGA_transaction_finality_only;parser_compatibility_provider_finality_forbidden,project/src/udr/sbu_mysql_parser_support/sbu_mysql_parser_support.cpp#diagnostic_vectors,project/tests/compatibility_sql_parser_first_tranche/parser_refusal_reduction_gate.py,source_anchor_message_vector,p4_refusal_reduction_verified,row_preserves_compatibility_compatible_refusal_or_external_authority_fail_closed_boundary_with_runtime_or_source_anchor_proof
FPR-P4-REFUSAL-00278,FPR-P3-DECLARED-02057,2057,neo4j,project/src/udr/sbu_neo4j_parser_support,udr_diagnostic_vector_set,ARCHITECTURE_REFUSAL,project/src/udr/sbu_neo4j_parser_support/sbu_neo4j_parser_support.cpp#diagnostic_vectors,diagnostic_vectors,parser_support_udr_diagnostics;diagnostic_count=7;diagnostics=UDR.NEO4J.CONTEXT_MISSING;UDR.NEO4J.INSTALL_MODE_INVALID;UDR.NEO4J.MGMT_INVENTORY_POLICY_DENIED;UDR.NEO4J.MGMT_OPERATION_UNKNOWN;UDR.NEO4J.PACKAGE_UUID_MISMATCH;UDR.NEO4J.PROFILE_MISMATCH;UDR.NEO4J.SECURITY_DENIED,parser_support_udr_diagnostics;diagnostic_count=7;diagnostics=UDR.NEO4J.CONTEXT_MISSING;UDR.NEO4J.INSTALL_MODE_INVALID;UDR.NEO4J.MGMT_INVENTORY_POLICY_DENIED;UDR.NEO4J.MGMT_OPERATION_UNKNOWN;UDR.NEO4J.PACKAGE_UUID_MISMATCH;UDR.NEO4J.PROFILE_MISMATCH;UDR.NEO4J.SECURITY_DENIED,compatibility_surface_conflicts_with_parser_or_single_node_engine_authority_exact_fail_closed,UDR.NEO4J.CONTEXT_MISSING;UDR.NEO4J.INSTALL_MODE_INVALID;UDR.NEO4J.MGMT_INVENTORY_POLICY_DENIED;UDR.NEO4J.MGMT_OPERATION_UNKNOWN;UDR.NEO4J.PACKAGE_UUID_MISMATCH;UDR.NEO4J.PROFILE_MISMATCH;UDR.NEO4J.SECURITY_DENIED,UDR.NEO4J.CONTEXT_MISSING,exact_fail_closed_refusal,sblr.refusal.neo4j.udr_diagnostic_vector_set.ba08d0df9c,no_provider_or_compatibility_execution_for_exact_refusal,parser_may_emit_SBLRExecutionEnvelope_v3_only;parser_execution_storage_transaction_finality_authority_forbidden,compatibility_sql_not_executed;compatibility_storage_authority_false;compatibility_transaction_finality_authority_forbidden,engine_owned_MGA_transaction_finality_only;parser_compatibility_provider_finality_forbidden,project/src/udr/sbu_neo4j_parser_support/sbu_neo4j_parser_support.cpp#diagnostic_vectors,project/tests/compatibility_sql_parser_first_tranche/parser_refusal_reduction_gate.py,source_anchor_message_vector,p4_refusal_reduction_verified,row_preserves_compatibility_compatible_refusal_or_external_authority_fail_closed_boundary_with_runtime_or_source_anchor_proof
FPR-P4-REFUSAL-00279,FPR-P3-DECLARED-02059,2059,opensearch,project/src/udr/sbu_opensearch_parser_support,udr_diagnostic_vector_set,ARCHITECTURE_REFUSAL,project/src/udr/sbu_opensearch_parser_support/sbu_opensearch_parser_support.cpp#diagnostic_vectors,diagnostic_vectors,parser_support_udr_diagnostics;diagnostic_count=7;diagnostics=UDR.OPENSEARCH.CONTEXT_MISSING;UDR.OPENSEARCH.INSTALL_MODE_INVALID;UDR.OPENSEARCH.MGMT_INVENTORY_POLICY_DENIED;UDR.OPENSEARCH.MGMT_OPERATION_UNKNOWN;UDR.OPENSEARCH.PACKAGE_UUID_MISMATCH;UDR.OPENSEARCH.PROFILE_MISMATCH;UDR.OPENSEARCH.SECURITY_DENIED,parser_support_udr_diagnostics;diagnostic_count=7;diagnostics=UDR.OPENSEARCH.CONTEXT_MISSING;UDR.OPENSEARCH.INSTALL_MODE_INVALID;UDR.OPENSEARCH.MGMT_INVENTORY_POLICY_DENIED;UDR.OPENSEARCH.MGMT_OPERATION_UNKNOWN;UDR.OPENSEARCH.PACKAGE_UUID_MISMATCH;UDR.OPENSEARCH.PROFILE_MISMATCH;UDR.OPENSEARCH.SECURITY_DENIED,compatibility_surface_conflicts_with_parser_or_single_node_engine_authority_exact_fail_closed,UDR.OPENSEARCH.CONTEXT_MISSING;UDR.OPENSEARCH.INSTALL_MODE_INVALID;UDR.OPENSEARCH.MGMT_INVENTORY_POLICY_DENIED;UDR.OPENSEARCH.MGMT_OPERATION_UNKNOWN;UDR.OPENSEARCH.PACKAGE_UUID_MISMATCH;UDR.OPENSEARCH.PROFILE_MISMATCH;UDR.OPENSEARCH.SECURITY_DENIED,UDR.OPENSEARCH.CONTEXT_MISSING,exact_fail_closed_refusal,sblr.refusal.opensearch.udr_diagnostic_vector_set.61b8454638,no_provider_or_compatibility_execution_for_exact_refusal,parser_may_emit_SBLRExecutionEnvelope_v3_only;parser_execution_storage_transaction_finality_authority_forbidden,compatibility_sql_not_executed;compatibility_storage_authority_false;compatibility_transaction_finality_authority_forbidden,engine_owned_MGA_transaction_finality_only;parser_compatibility_provider_finality_forbidden,project/src/udr/sbu_opensearch_parser_support/sbu_opensearch_parser_support.cpp#diagnostic_vectors,project/tests/compatibility_sql_parser_first_tranche/parser_refusal_reduction_gate.py,source_anchor_message_vector,p4_refusal_reduction_verified,row_preserves_compatibility_compatible_refusal_or_external_authority_fail_closed_boundary_with_runtime_or_source_anchor_proof
FPR-P4-REFUSAL-00280,FPR-P3-DECLARED-02061,2061,opensearch_sql_ppl,project/src/udr/sbu_opensearch_sql_ppl_parser_support,udr_diagnostic_vector_set,ARCHITECTURE_REFUSAL,project/src/udr/sbu_opensearch_sql_ppl_parser_support/sbu_opensearch_sql_ppl_parser_support.cpp#diagnostic_vectors,diagnostic_vectors,parser_support_udr_diagnostics;diagnostic_count=7;diagnostics=UDR.OPENSEARCH_SQL_PPL.CONTEXT_MISSING;UDR.OPENSEARCH_SQL_PPL.INSTALL_MODE_INVALID;UDR.OPENSEARCH_SQL_PPL.MGMT_INVENTORY_POLICY_DENIED;UDR.OPENSEARCH_SQL_PPL.MGMT_OPERATION_UNKNOWN;UDR.OPENSEARCH_SQL_PPL.PACKAGE_UUID_MISMATCH;UDR.OPENSEARCH_SQL_PPL.PROFILE_MISMATCH;UDR.OPENSEARCH_SQL_PPL.SECURITY_DENIED,parser_support_udr_diagnostics;diagnostic_count=7;diagnostics=UDR.OPENSEARCH_SQL_PPL.CONTEXT_MISSING;UDR.OPENSEARCH_SQL_PPL.INSTALL_MODE_INVALID;UDR.OPENSEARCH_SQL_PPL.MGMT_INVENTORY_POLICY_DENIED;UDR.OPENSEARCH_SQL_PPL.MGMT_OPERATION_UNKNOWN;UDR.OPENSEARCH_SQL_PPL.PACKAGE_UUID_MISMATCH;UDR.OPENSEARCH_SQL_PPL.PROFILE_MISMATCH;UDR.OPENSEARCH_SQL_PPL.SECURITY_DENIED,compatibility_surface_conflicts_with_parser_or_single_node_engine_authority_exact_fail_closed,UDR.OPENSEARCH_SQL_PPL.CONTEXT_MISSING;UDR.OPENSEARCH_SQL_PPL.INSTALL_MODE_INVALID;UDR.OPENSEARCH_SQL_PPL.MGMT_INVENTORY_POLICY_DENIED;UDR.OPENSEARCH_SQL_PPL.MGMT_OPERATION_UNKNOWN;UDR.OPENSEARCH_SQL_PPL.PACKAGE_UUID_MISMATCH;UDR.OPENSEARCH_SQL_PPL.PROFILE_MISMATCH;UDR.OPENSEARCH_SQL_PPL.SECURITY_DENIED,UDR.OPENSEARCH_SQL_PPL.CONTEXT_MISSING,exact_fail_closed_refusal,sblr.refusal.opensearch.udr_diagnostic_vector_set.dfd0e99b74,no_provider_or_compatibility_execution_for_exact_refusal,parser_may_emit_SBLRExecutionEnvelope_v3_only;parser_execution_storage_transaction_finality_authority_forbidden,compatibility_sql_not_executed;compatibility_storage_authority_false;compatibility_transaction_finality_authority_forbidden,engine_owned_MGA_transaction_finality_only;parser_compatibility_provider_finality_forbidden,project/src/udr/sbu_opensearch_sql_ppl_parser_support/sbu_opensearch_sql_ppl_parser_support.cpp#diagnostic_vectors,project/tests/compatibility_sql_parser_first_tranche/parser_refusal_reduction_gate.py,source_anchor_message_vector,p4_refusal_reduction_verified,row_preserves_compatibility_compatible_refusal_or_external_authority_fail_closed_boundary_with_runtime_or_source_anchor_proof
FPR-P4-REFUSAL-00281,FPR-P3-DECLARED-02063,2063,postgresql,project/src/udr/sbu_postgresql_parser_support,udr_diagnostic_vector_set,ARCHITECTURE_REFUSAL,project/src/udr/sbu_postgresql_parser_support/sbu_postgresql_parser_support.cpp#diagnostic_vectors,diagnostic_vectors,parser_support_udr_diagnostics;diagnostic_count=7;diagnostics=UDR.POSTGRESQL.CONTEXT_MISSING;UDR.POSTGRESQL.INSTALL_MODE_INVALID;UDR.POSTGRESQL.MGMT_INVENTORY_POLICY_DENIED;UDR.POSTGRESQL.MGMT_OPERATION_UNKNOWN;UDR.POSTGRESQL.PACKAGE_UUID_MISMATCH;UDR.POSTGRESQL.PROFILE_MISMATCH;UDR.POSTGRESQL.SECURITY_DENIED,parser_support_udr_diagnostics;diagnostic_count=7;diagnostics=UDR.POSTGRESQL.CONTEXT_MISSING;UDR.POSTGRESQL.INSTALL_MODE_INVALID;UDR.POSTGRESQL.MGMT_INVENTORY_POLICY_DENIED;UDR.POSTGRESQL.MGMT_OPERATION_UNKNOWN;UDR.POSTGRESQL.PACKAGE_UUID_MISMATCH;UDR.POSTGRESQL.PROFILE_MISMATCH;UDR.POSTGRESQL.SECURITY_DENIED,compatibility_surface_conflicts_with_parser_or_single_node_engine_authority_exact_fail_closed,UDR.POSTGRESQL.CONTEXT_MISSING;UDR.POSTGRESQL.INSTALL_MODE_INVALID;UDR.POSTGRESQL.MGMT_INVENTORY_POLICY_DENIED;UDR.POSTGRESQL.MGMT_OPERATION_UNKNOWN;UDR.POSTGRESQL.PACKAGE_UUID_MISMATCH;UDR.POSTGRESQL.PROFILE_MISMATCH;UDR.POSTGRESQL.SECURITY_DENIED,UDR.POSTGRESQL.CONTEXT_MISSING,exact_fail_closed_refusal,sblr.refusal.postgresql.udr_diagnostic_vector_set.a559874d4a,no_provider_or_compatibility_execution_for_exact_refusal,parser_may_emit_SBLRExecutionEnvelope_v3_only;parser_execution_storage_transaction_finality_authority_forbidden,compatibility_sql_not_executed;compatibility_storage_authority_false;compatibility_transaction_finality_authority_forbidden,engine_owned_MGA_transaction_finality_only;parser_compatibility_provider_finality_forbidden,project/src/udr/sbu_postgresql_parser_support/sbu_postgresql_parser_support.cpp#diagnostic_vectors,project/tests/compatibility_sql_parser_first_tranche/parser_refusal_reduction_gate.py,source_anchor_message_vector,p4_refusal_reduction_verified,row_preserves_compatibility_compatible_refusal_or_external_authority_fail_closed_boundary_with_runtime_or_source_anchor_proof
FPR-P4-REFUSAL-00282,FPR-P3-DECLARED-02065,2065,redis,project/src/udr/sbu_redis_parser_support,udr_diagnostic_vector_set,ARCHITECTURE_REFUSAL,project/src/udr/sbu_redis_parser_support/sbu_redis_parser_support.cpp#diagnostic_vectors,diagnostic_vectors,parser_support_udr_diagnostics;diagnostic_count=7;diagnostics=UDR.REDIS.CONTEXT_MISSING;UDR.REDIS.INSTALL_MODE_INVALID;UDR.REDIS.MGMT_INVENTORY_POLICY_DENIED;UDR.REDIS.MGMT_OPERATION_UNKNOWN;UDR.REDIS.PACKAGE_UUID_MISMATCH;UDR.REDIS.PROFILE_MISMATCH;UDR.REDIS.SECURITY_DENIED,parser_support_udr_diagnostics;diagnostic_count=7;diagnostics=UDR.REDIS.CONTEXT_MISSING;UDR.REDIS.INSTALL_MODE_INVALID;UDR.REDIS.MGMT_INVENTORY_POLICY_DENIED;UDR.REDIS.MGMT_OPERATION_UNKNOWN;UDR.REDIS.PACKAGE_UUID_MISMATCH;UDR.REDIS.PROFILE_MISMATCH;UDR.REDIS.SECURITY_DENIED,compatibility_surface_conflicts_with_parser_or_single_node_engine_authority_exact_fail_closed,UDR.REDIS.CONTEXT_MISSING;UDR.REDIS.INSTALL_MODE_INVALID;UDR.REDIS.MGMT_INVENTORY_POLICY_DENIED;UDR.REDIS.MGMT_OPERATION_UNKNOWN;UDR.REDIS.PACKAGE_UUID_MISMATCH;UDR.REDIS.PROFILE_MISMATCH;UDR.REDIS.SECURITY_DENIED,UDR.REDIS.CONTEXT_MISSING,exact_fail_closed_refusal,sblr.refusal.redis.udr_diagnostic_vector_set.d98bc14512,no_provider_or_compatibility_execution_for_exact_refusal,parser_may_emit_SBLRExecutionEnvelope_v3_only;parser_execution_storage_transaction_finality_authority_forbidden,compatibility_sql_not_executed;compatibility_storage_authority_false;compatibility_transaction_finality_authority_forbidden,engine_owned_MGA_transaction_finality_only;parser_compatibility_provider_finality_forbidden,project/src/udr/sbu_redis_parser_support/sbu_redis_parser_support.cpp#diagnostic_vectors,project/tests/compatibility_sql_parser_first_tranche/parser_refusal_reduction_gate.py,source_anchor_message_vector,p4_refusal_reduction_verified,row_preserves_compatibility_compatible_refusal_or_external_authority_fail_closed_boundary_with_runtime_or_source_anchor_proof
FPR-P4-REFUSAL-00283,FPR-P3-DECLARED-02067,2067,sqlite,project/src/udr/sbu_sqlite_parser_support,udr_diagnostic_vector_set,ARCHITECTURE_REFUSAL,project/src/udr/sbu_sqlite_parser_support/sbu_sqlite_parser_support.cpp#diagnostic_vectors,diagnostic_vectors,parser_support_udr_diagnostics;diagnostic_count=7;diagnostics=UDR.SQLITE.CONTEXT_MISSING;UDR.SQLITE.INSTALL_MODE_INVALID;UDR.SQLITE.MGMT_INVENTORY_POLICY_DENIED;UDR.SQLITE.MGMT_OPERATION_UNKNOWN;UDR.SQLITE.PACKAGE_UUID_MISMATCH;UDR.SQLITE.PROFILE_MISMATCH;UDR.SQLITE.SECURITY_DENIED,parser_support_udr_diagnostics;diagnostic_count=7;diagnostics=UDR.SQLITE.CONTEXT_MISSING;UDR.SQLITE.INSTALL_MODE_INVALID;UDR.SQLITE.MGMT_INVENTORY_POLICY_DENIED;UDR.SQLITE.MGMT_OPERATION_UNKNOWN;UDR.SQLITE.PACKAGE_UUID_MISMATCH;UDR.SQLITE.PROFILE_MISMATCH;UDR.SQLITE.SECURITY_DENIED,compatibility_surface_conflicts_with_parser_or_single_node_engine_authority_exact_fail_closed,UDR.SQLITE.CONTEXT_MISSING;UDR.SQLITE.INSTALL_MODE_INVALID;UDR.SQLITE.MGMT_INVENTORY_POLICY_DENIED;UDR.SQLITE.MGMT_OPERATION_UNKNOWN;UDR.SQLITE.PACKAGE_UUID_MISMATCH;UDR.SQLITE.PROFILE_MISMATCH;UDR.SQLITE.SECURITY_DENIED,UDR.SQLITE.CONTEXT_MISSING,exact_fail_closed_refusal,sblr.refusal.sqlite.udr_diagnostic_vector_set.3d45f8e936,no_provider_or_compatibility_execution_for_exact_refusal,parser_may_emit_SBLRExecutionEnvelope_v3_only;parser_execution_storage_transaction_finality_authority_forbidden,compatibility_sql_not_executed;compatibility_storage_authority_false;compatibility_transaction_finality_authority_forbidden,engine_owned_MGA_transaction_finality_only;parser_compatibility_provider_finality_forbidden,project/src/udr/sbu_sqlite_parser_support/sbu_sqlite_parser_support.cpp#diagnostic_vectors,project/tests/compatibility_sql_parser_first_tranche/parser_refusal_reduction_gate.py,source_anchor_message_vector,p4_refusal_reduction_verified,row_preserves_compatibility_compatible_refusal_or_external_authority_fail_closed_boundary_with_runtime_or_source_anchor_proof
FPR-P4-REFUSAL-00284,FPR-P3-DECLARED-02069,2069,tidb,project/src/udr/sbu_tidb_parser_support,udr_diagnostic_vector_set,ARCHITECTURE_REFUSAL,project/src/udr/sbu_tidb_parser_support/sbu_tidb_parser_support.cpp#diagnostic_vectors,diagnostic_vectors,parser_support_udr_diagnostics;diagnostic_count=7;diagnostics=UDR.TIDB.CONTEXT_MISSING;UDR.TIDB.INSTALL_MODE_INVALID;UDR.TIDB.MGMT_INVENTORY_POLICY_DENIED;UDR.TIDB.MGMT_OPERATION_UNKNOWN;UDR.TIDB.PACKAGE_UUID_MISMATCH;UDR.TIDB.PROFILE_MISMATCH;UDR.TIDB.SECURITY_DENIED,parser_support_udr_diagnostics;diagnostic_count=7;diagnostics=UDR.TIDB.CONTEXT_MISSING;UDR.TIDB.INSTALL_MODE_INVALID;UDR.TIDB.MGMT_INVENTORY_POLICY_DENIED;UDR.TIDB.MGMT_OPERATION_UNKNOWN;UDR.TIDB.PACKAGE_UUID_MISMATCH;UDR.TIDB.PROFILE_MISMATCH;UDR.TIDB.SECURITY_DENIED,compatibility_surface_conflicts_with_parser_or_single_node_engine_authority_exact_fail_closed,UDR.TIDB.CONTEXT_MISSING;UDR.TIDB.INSTALL_MODE_INVALID;UDR.TIDB.MGMT_INVENTORY_POLICY_DENIED;UDR.TIDB.MGMT_OPERATION_UNKNOWN;UDR.TIDB.PACKAGE_UUID_MISMATCH;UDR.TIDB.PROFILE_MISMATCH;UDR.TIDB.SECURITY_DENIED,UDR.TIDB.CONTEXT_MISSING,exact_fail_closed_refusal,sblr.refusal.tidb.udr_diagnostic_vector_set.45aa7951d3,no_provider_or_compatibility_execution_for_exact_refusal,parser_may_emit_SBLRExecutionEnvelope_v3_only;parser_execution_storage_transaction_finality_authority_forbidden,compatibility_sql_not_executed;compatibility_storage_authority_false;compatibility_transaction_finality_authority_forbidden,engine_owned_MGA_transaction_finality_only;parser_compatibility_provider_finality_forbidden,project/src/udr/sbu_tidb_parser_support/sbu_tidb_parser_support.cpp#diagnostic_vectors,project/tests/compatibility_sql_parser_first_tranche/parser_refusal_reduction_gate.py,source_anchor_message_vector,p4_refusal_reduction_verified,row_preserves_compatibility_compatible_refusal_or_external_authority_fail_closed_boundary_with_runtime_or_source_anchor_proof
FPR-P4-REFUSAL-00285,FPR-P3-DECLARED-02071,2071,tikv,project/src/udr/sbu_tikv_parser_support,udr_diagnostic_vector_set,ARCHITECTURE_REFUSAL,project/src/udr/sbu_tikv_parser_support/sbu_tikv_parser_support.cpp#diagnostic_vectors,diagnostic_vectors,parser_support_udr_diagnostics;diagnostic_count=7;diagnostics=UDR.TIKV.CONTEXT_MISSING;UDR.TIKV.INSTALL_MODE_INVALID;UDR.TIKV.MGMT_INVENTORY_POLICY_DENIED;UDR.TIKV.MGMT_OPERATION_UNKNOWN;UDR.TIKV.PACKAGE_UUID_MISMATCH;UDR.TIKV.PROFILE_MISMATCH;UDR.TIKV.SECURITY_DENIED,parser_support_udr_diagnostics;diagnostic_count=7;diagnostics=UDR.TIKV.CONTEXT_MISSING;UDR.TIKV.INSTALL_MODE_INVALID;UDR.TIKV.MGMT_INVENTORY_POLICY_DENIED;UDR.TIKV.MGMT_OPERATION_UNKNOWN;UDR.TIKV.PACKAGE_UUID_MISMATCH;UDR.TIKV.PROFILE_MISMATCH;UDR.TIKV.SECURITY_DENIED,compatibility_surface_conflicts_with_parser_or_single_node_engine_authority_exact_fail_closed,UDR.TIKV.CONTEXT_MISSING;UDR.TIKV.INSTALL_MODE_INVALID;UDR.TIKV.MGMT_INVENTORY_POLICY_DENIED;UDR.TIKV.MGMT_OPERATION_UNKNOWN;UDR.TIKV.PACKAGE_UUID_MISMATCH;UDR.TIKV.PROFILE_MISMATCH;UDR.TIKV.SECURITY_DENIED,UDR.TIKV.CONTEXT_MISSING,exact_fail_closed_refusal,sblr.refusal.tikv.udr_diagnostic_vector_set.8f7f68c06d,no_provider_or_compatibility_execution_for_exact_refusal,parser_may_emit_SBLRExecutionEnvelope_v3_only;parser_execution_storage_transaction_finality_authority_forbidden,compatibility_sql_not_executed;compatibility_storage_authority_false;compatibility_transaction_finality_authority_forbidden,engine_owned_MGA_transaction_finality_only;parser_compatibility_provider_finality_forbidden,project/src/udr/sbu_tikv_parser_support/sbu_tikv_parser_support.cpp#diagnostic_vectors,project/tests/compatibility_sql_parser_first_tranche/parser_refusal_reduction_gate.py,source_anchor_message_vector,p4_refusal_reduction_verified,row_preserves_compatibility_compatible_refusal_or_external_authority_fail_closed_boundary_with_runtime_or_source_anchor_proof
FPR-P4-REFUSAL-00286,FPR-P3-DECLARED-02073,2073,vitess,project/src/udr/sbu_vitess_parser_support,udr_diagnostic_vector_set,ARCHITECTURE_REFUSAL,project/src/udr/sbu_vitess_parser_support/sbu_vitess_parser_support.cpp#diagnostic_vectors,diagnostic_vectors,parser_support_udr_diagnostics;diagnostic_count=7;diagnostics=UDR.VITESS.CONTEXT_MISSING;UDR.VITESS.INSTALL_MODE_INVALID;UDR.VITESS.MGMT_INVENTORY_POLICY_DENIED;UDR.VITESS.MGMT_OPERATION_UNKNOWN;UDR.VITESS.PACKAGE_UUID_MISMATCH;UDR.VITESS.PROFILE_MISMATCH;UDR.VITESS.SECURITY_DENIED,parser_support_udr_diagnostics;diagnostic_count=7;diagnostics=UDR.VITESS.CONTEXT_MISSING;UDR.VITESS.INSTALL_MODE_INVALID;UDR.VITESS.MGMT_INVENTORY_POLICY_DENIED;UDR.VITESS.MGMT_OPERATION_UNKNOWN;UDR.VITESS.PACKAGE_UUID_MISMATCH;UDR.VITESS.PROFILE_MISMATCH;UDR.VITESS.SECURITY_DENIED,compatibility_surface_conflicts_with_parser_or_single_node_engine_authority_exact_fail_closed,UDR.VITESS.CONTEXT_MISSING;UDR.VITESS.INSTALL_MODE_INVALID;UDR.VITESS.MGMT_INVENTORY_POLICY_DENIED;UDR.VITESS.MGMT_OPERATION_UNKNOWN;UDR.VITESS.PACKAGE_UUID_MISMATCH;UDR.VITESS.PROFILE_MISMATCH;UDR.VITESS.SECURITY_DENIED,UDR.VITESS.CONTEXT_MISSING,exact_fail_closed_refusal,sblr.refusal.vitess.udr_diagnostic_vector_set.e90d885c6b,no_provider_or_compatibility_execution_for_exact_refusal,parser_may_emit_SBLRExecutionEnvelope_v3_only;parser_execution_storage_transaction_finality_authority_forbidden,compatibility_sql_not_executed;compatibility_storage_authority_false;compatibility_transaction_finality_authority_forbidden,engine_owned_MGA_transaction_finality_only;parser_compatibility_provider_finality_forbidden,project/src/udr/sbu_vitess_parser_support/sbu_vitess_parser_support.cpp#diagnostic_vectors,project/tests/compatibility_sql_parser_first_tranche/parser_refusal_reduction_gate.py,source_anchor_message_vector,p4_refusal_reduction_verified,row_preserves_compatibility_compatible_refusal_or_external_authority_fail_closed_boundary_with_runtime_or_source_anchor_proof
FPR-P4-REFUSAL-00287,FPR-P3-DECLARED-02075,2075,xtdb,project/src/udr/sbu_xtdb_parser_support,udr_diagnostic_vector_set,ARCHITECTURE_REFUSAL,project/src/udr/sbu_xtdb_parser_support/sbu_xtdb_parser_support.cpp#diagnostic_vectors,diagnostic_vectors,parser_support_udr_diagnostics;diagnostic_count=7;diagnostics=UDR.XTDB.CONTEXT_MISSING;UDR.XTDB.INSTALL_MODE_INVALID;UDR.XTDB.MGMT_INVENTORY_POLICY_DENIED;UDR.XTDB.MGMT_OPERATION_UNKNOWN;UDR.XTDB.PACKAGE_UUID_MISMATCH;UDR.XTDB.PROFILE_MISMATCH;UDR.XTDB.SECURITY_DENIED,parser_support_udr_diagnostics;diagnostic_count=7;diagnostics=UDR.XTDB.CONTEXT_MISSING;UDR.XTDB.INSTALL_MODE_INVALID;UDR.XTDB.MGMT_INVENTORY_POLICY_DENIED;UDR.XTDB.MGMT_OPERATION_UNKNOWN;UDR.XTDB.PACKAGE_UUID_MISMATCH;UDR.XTDB.PROFILE_MISMATCH;UDR.XTDB.SECURITY_DENIED,compatibility_surface_conflicts_with_parser_or_single_node_engine_authority_exact_fail_closed,UDR.XTDB.CONTEXT_MISSING;UDR.XTDB.INSTALL_MODE_INVALID;UDR.XTDB.MGMT_INVENTORY_POLICY_DENIED;UDR.XTDB.MGMT_OPERATION_UNKNOWN;UDR.XTDB.PACKAGE_UUID_MISMATCH;UDR.XTDB.PROFILE_MISMATCH;UDR.XTDB.SECURITY_DENIED,UDR.XTDB.CONTEXT_MISSING,exact_fail_closed_refusal,sblr.refusal.xtdb.udr_diagnostic_vector_set.05e40e62f5,no_provider_or_compatibility_execution_for_exact_refusal,parser_may_emit_SBLRExecutionEnvelope_v3_only;parser_execution_storage_transaction_finality_authority_forbidden,compatibility_sql_not_executed;compatibility_storage_authority_false;compatibility_transaction_finality_authority_forbidden,engine_owned_MGA_transaction_finality_only;parser_compatibility_provider_finality_forbidden,project/src/udr/sbu_xtdb_parser_support/sbu_xtdb_parser_support.cpp#diagnostic_vectors,project/tests/compatibility_sql_parser_first_tranche/parser_refusal_reduction_gate.py,source_anchor_message_vector,p4_refusal_reduction_verified,row_preserves_compatibility_compatible_refusal_or_external_authority_fail_closed_boundary_with_runtime_or_source_anchor_proof
FPR-P4-REFUSAL-00288,FPR-P3-DECLARED-02077,2077,yugabytedb,project/src/udr/sbu_yugabytedb_parser_support,udr_diagnostic_vector_set,ARCHITECTURE_REFUSAL,project/src/udr/sbu_yugabytedb_parser_support/sbu_yugabytedb_parser_support.cpp#diagnostic_vectors,diagnostic_vectors,parser_support_udr_diagnostics;diagnostic_count=7;diagnostics=UDR.YUGABYTEDB.CONTEXT_MISSING;UDR.YUGABYTEDB.INSTALL_MODE_INVALID;UDR.YUGABYTEDB.MGMT_INVENTORY_POLICY_DENIED;UDR.YUGABYTEDB.MGMT_OPERATION_UNKNOWN;UDR.YUGABYTEDB.PACKAGE_UUID_MISMATCH;UDR.YUGABYTEDB.PROFILE_MISMATCH;UDR.YUGABYTEDB.SECURITY_DENIED,parser_support_udr_diagnostics;diagnostic_count=7;diagnostics=UDR.YUGABYTEDB.CONTEXT_MISSING;UDR.YUGABYTEDB.INSTALL_MODE_INVALID;UDR.YUGABYTEDB.MGMT_INVENTORY_POLICY_DENIED;UDR.YUGABYTEDB.MGMT_OPERATION_UNKNOWN;UDR.YUGABYTEDB.PACKAGE_UUID_MISMATCH;UDR.YUGABYTEDB.PROFILE_MISMATCH;UDR.YUGABYTEDB.SECURITY_DENIED,compatibility_surface_conflicts_with_parser_or_single_node_engine_authority_exact_fail_closed,UDR.YUGABYTEDB.CONTEXT_MISSING;UDR.YUGABYTEDB.INSTALL_MODE_INVALID;UDR.YUGABYTEDB.MGMT_INVENTORY_POLICY_DENIED;UDR.YUGABYTEDB.MGMT_OPERATION_UNKNOWN;UDR.YUGABYTEDB.PACKAGE_UUID_MISMATCH;UDR.YUGABYTEDB.PROFILE_MISMATCH;UDR.YUGABYTEDB.SECURITY_DENIED,UDR.YUGABYTEDB.CONTEXT_MISSING,exact_fail_closed_refusal,sblr.refusal.yugabytedb.udr_diagnostic_vector_set.811867ceff,no_provider_or_compatibility_execution_for_exact_refusal,parser_may_emit_SBLRExecutionEnvelope_v3_only;parser_execution_storage_transaction_finality_authority_forbidden,compatibility_sql_not_executed;compatibility_storage_authority_false;compatibility_transaction_finality_authority_forbidden,engine_owned_MGA_transaction_finality_only;parser_compatibility_provider_finality_forbidden,project/src/udr/sbu_yugabytedb_parser_support/sbu_yugabytedb_parser_support.cpp#diagnostic_vectors,project/tests/compatibility_sql_parser_first_tranche/parser_refusal_reduction_gate.py,source_anchor_message_vector,p4_refusal_reduction_verified,row_preserves_compatibility_compatible_refusal_or_external_authority_fail_closed_boundary_with_runtime_or_source_anchor_proof
