// Copyright (c) 2026 ScratchBird Software Inc.
// SPDX-License-Identifier: MPL-2.0

#include "datatype_type_codec_identity_v3.hpp"

#include "admitted_datatype_cohort.hpp"

#include <array>
#include <new>
#include <type_traits>
#include <utility>

namespace scratchbird::core::datatypes {
namespace {

constexpr platform::Uuid Uuid(std::array<platform::byte, 16> bytes) noexcept {
  return platform::Uuid{bytes};
}

bool EqualLegacyFields(const DatatypeTypeCodecIdentityRowV1& left,
                       const DatatypeTypeCodecIdentityRowV1& right) noexcept {
  return left.catalog_snapshot_uuid == right.catalog_snapshot_uuid &&
         left.catalog_generation == right.catalog_generation &&
         left.registry_generation == right.registry_generation &&
         left.descriptor_uuid == right.descriptor_uuid &&
         left.descriptor_generation == right.descriptor_generation &&
         left.type_uuid == right.type_uuid &&
         left.type_generation == right.type_generation &&
         left.codec_version == right.codec_version &&
         left.codec_generation == right.codec_generation &&
         left.canonical_value_bytes == right.canonical_value_bytes &&
         left.null_supported == right.null_supported &&
         left.datatype_identity_code == right.datatype_identity_code &&
         left.null_encoding_code == right.null_encoding_code &&
         left.byte_order_code == right.byte_order_code &&
         left.signed_code == right.signed_code &&
         left.representation_code == right.representation_code &&
         left.canonical_value_minimum_bytes ==
             right.canonical_value_minimum_bytes &&
         left.canonical_value_maximum_bytes ==
             right.canonical_value_maximum_bytes &&
         left.canonical_value_exact_bytes ==
             right.canonical_value_exact_bytes &&
         left.canonical_binary_type_code == right.canonical_binary_type_code &&
         left.codec_uuid == right.codec_uuid &&
         left.canonical_value_variable_width ==
             right.canonical_value_variable_width &&
         left.canonical_value_exact_zero_is_width_marker ==
             right.canonical_value_exact_zero_is_width_marker &&
         left.canonical_byte_order == right.canonical_byte_order &&
         left.canonical_representation == right.canonical_representation &&
         left.canonical_charset == right.canonical_charset &&
         left.shortest_form_utf8_required == right.shortest_form_utf8_required &&
         left.implicit_normalization_allowed ==
             right.implicit_normalization_allowed &&
         left.descriptor_bound_collation_required ==
             right.descriptor_bound_collation_required &&
         left.empty_value_distinct_from_sql_null ==
             right.empty_value_distinct_from_sql_null &&
         left.sql_null_requires_zero_payload ==
             right.sql_null_requires_zero_payload &&
         left.variable_width_storage_without_truncation ==
             right.variable_width_storage_without_truncation &&
         left.invalid_encoding_diagnostic_id ==
             right.invalid_encoding_diagnostic_id &&
         left.numeric_context_uuid == right.numeric_context_uuid &&
         left.numeric_context_generation == right.numeric_context_generation &&
         left.special_value_policy_uuid == right.special_value_policy_uuid &&
         left.special_value_policy_generation ==
             right.special_value_policy_generation &&
         left.comparison_policy_uuid == right.comparison_policy_uuid &&
         left.comparison_policy_generation ==
             right.comparison_policy_generation &&
         left.comparison_profile == right.comparison_profile &&
         left.allow_special_values == right.allow_special_values;
}

bool EqualPolicy(const DatatypePolicyIdentityV1& left,
                 const DatatypePolicyIdentityV1& right) noexcept {
  return left.uuid == right.uuid && left.generation == right.generation;
}

DatatypeTypeCodecIdentityRowV3 CanonicalBitStringRowV6() {
  return DatatypeTypeCodecIdentityRowV3{
      DatatypeTypeCodecIdentityRowV1{
          kDatatypeCohortV6,
          6,
          6,
          Uuid({{0x01, 0x9d, 0x00, 0x00, 0x00, 0x00, 0x70, 0x00,
                 0x80, 0x00, 0x00, 0x00, 0x00, 0x00, 0xd8, 0x29}}),
          1,
          Uuid({{0x01, 0x9d, 0x00, 0x00, 0x00, 0x00, 0x70, 0x00,
                 0x80, 0x00, 0x00, 0x00, 0x00, 0x00, 0xd8, 0x2a}}),
          1,
          "datatype.bit_string.msb0.packed.v1",
          1,
          1,
          0,
          true,
          "bit_string",
          0,
          1,
          0,
          false,
          0,
          4,
          2097156,
          0,
          static_cast<u32>(CanonicalTypeId::bit_string),
          Uuid({{0x01, 0x9d, 0x00, 0x00, 0x00, 0x00, 0x70, 0x00,
                 0x80, 0x00, 0x00, 0x00, 0x00, 0x00, 0xd8, 0x2b}}),
          true,
          true,
          "u32_logical_bit_count_little_endian_then_byte_sequence",
          "logical_count_then_MSB_first_packed_bits_unused_low_tail_zero",
          "",
          false,
          false,
          false,
          true,
          true,
          true,
          "CTB.BIT.CANONICAL_ENCODING_INVALID",
          Uuid({{0x00, 0x00, 0x00, 0x00, 0x00, 0x00, 0x00, 0x00,
                 0x00, 0x00, 0x00, 0x00, 0x00, 0x00, 0x00, 0x00}}),
          0,
          Uuid({{0x00, 0x00, 0x00, 0x00, 0x00, 0x00, 0x00, 0x00,
                 0x00, 0x00, 0x00, 0x00, 0x00, 0x00, 0x00, 0x00}}),
          0,
          Uuid({{0x00, 0x00, 0x00, 0x00, 0x00, 0x00, 0x00, 0x00,
                 0x00, 0x00, 0x00, 0x00, 0x00, 0x00, 0x00, 0x00}}),
          0,
          "",
          false},
      DatatypePolicyIdentityV1{
          Uuid({{0x01, 0xa0, 0xff, 0x27, 0x27, 0x15, 0x75, 0xd2,
                 0x98, 0xfb, 0xc8, 0x53, 0x52, 0x7d, 0x38, 0x11}}),
          1},
      DatatypePolicyIdentityV1{
          Uuid({{0x01, 0xa0, 0xff, 0x27, 0x27, 0x16, 0x7c, 0x83,
                 0x9a, 0xe4, 0x23, 0xbb, 0xc7, 0x3e, 0x6a, 0x9d}}),
          1},
      DatatypePolicyIdentityV1{
          Uuid({{0x01, 0xa0, 0xff, 0x27, 0x27, 0x17, 0x7a, 0x54,
                 0xbd, 0xbc, 0xa3, 0xc1, 0xfe, 0xe7, 0xc5, 0xe3}}),
          1},
      DatatypePolicyIdentityV1{
          Uuid({{0x01, 0xa0, 0xff, 0x27, 0x27, 0x18, 0x7e, 0x29,
                 0xb4, 0xb3, 0x7d, 0xe1, 0x71, 0x97, 0x09, 0xb8}}),
          1},
      DatatypePolicyIdentityV1{
          Uuid({{0x01, 0xa0, 0xff, 0x27, 0x27, 0x1b, 0x74, 0xde,
                 0x8b, 0xc6, 0xd6, 0xa9, 0x34, 0x84, 0xac, 0x36}}),
          1}};
}

DatatypeTypeCodecIdentityRowV3 CanonicalBitStringRowV7() {
  auto row = CanonicalBitStringRowV6();
  row.legacy_fields.catalog_snapshot_uuid = kDatatypeCohortV7;
  row.legacy_fields.catalog_generation = 7;
  row.legacy_fields.registry_generation = 7;
  return row;
}

const std::array<DatatypeTypeCodecIdentityRowV3, 160> kIdentityRowsV3{{
    DatatypeTypeCodecIdentityRowV3{
      DatatypeTypeCodecIdentityRowV1{platform::Uuid{{0x01,0x9d,0x00,0x00,0x00,0x00,0x70,0x00,0x80,0x00,0x00,0x00,0x00,0x00,0xd7,0x01}},1,1,platform::Uuid{{0x01,0x9d,0x00,0x00,0x00,0x00,0x70,0x00,0x80,0x00,0x00,0x00,0x00,0x00,0xd7,0x16}},1,platform::Uuid{{0x01,0x9d,0x00,0x00,0x00,0x00,0x70,0x00,0x80,0x00,0x00,0x00,0x00,0x00,0xd7,0x17}},1,"datatype.int32.le.v1",1,1,4,true,"int32",2,1,2,true,2,4,4,4,102,platform::Uuid{{0x00,0x00,0x00,0x00,0x00,0x00,0x00,0x00,0x00,0x00,0x00,0x00,0x00,0x00,0x00,0x00}},false,false,"","","",false,false,false,false,false,false,"",platform::Uuid{{0x00,0x00,0x00,0x00,0x00,0x00,0x00,0x00,0x00,0x00,0x00,0x00,0x00,0x00,0x00,0x00}},0,platform::Uuid{{0x00,0x00,0x00,0x00,0x00,0x00,0x00,0x00,0x00,0x00,0x00,0x00,0x00,0x00,0x00,0x00}},0,platform::Uuid{{0x00,0x00,0x00,0x00,0x00,0x00,0x00,0x00,0x00,0x00,0x00,0x00,0x00,0x00,0x00,0x00}},0,"",false},
      DatatypePolicyIdentityV1{platform::Uuid{{0x00,0x00,0x00,0x00,0x00,0x00,0x00,0x00,0x00,0x00,0x00,0x00,0x00,0x00,0x00,0x00}},0},
      DatatypePolicyIdentityV1{platform::Uuid{{0x00,0x00,0x00,0x00,0x00,0x00,0x00,0x00,0x00,0x00,0x00,0x00,0x00,0x00,0x00,0x00}},0},
      DatatypePolicyIdentityV1{platform::Uuid{{0x00,0x00,0x00,0x00,0x00,0x00,0x00,0x00,0x00,0x00,0x00,0x00,0x00,0x00,0x00,0x00}},0},
      DatatypePolicyIdentityV1{platform::Uuid{{0x00,0x00,0x00,0x00,0x00,0x00,0x00,0x00,0x00,0x00,0x00,0x00,0x00,0x00,0x00,0x00}},0},
      DatatypePolicyIdentityV1{platform::Uuid{{0x00,0x00,0x00,0x00,0x00,0x00,0x00,0x00,0x00,0x00,0x00,0x00,0x00,0x00,0x00,0x00}},0}},
    DatatypeTypeCodecIdentityRowV3{
      DatatypeTypeCodecIdentityRowV1{platform::Uuid{{0x01,0x9d,0x00,0x00,0x00,0x00,0x70,0x00,0x80,0x00,0x00,0x00,0x00,0x00,0xd7,0x01}},1,1,platform::Uuid{{0x01,0x9d,0x00,0x00,0x00,0x00,0x70,0x00,0x80,0x00,0x00,0x00,0x00,0x00,0xd7,0x11}},1,platform::Uuid{{0x01,0x9d,0x00,0x00,0x00,0x00,0x70,0x00,0x80,0x00,0x00,0x00,0x00,0x00,0xd7,0x12}},1,"datatype.int64.le.v1",1,1,8,false,"bigint",3,2,2,true,2,8,8,8,103,platform::Uuid{{0x00,0x00,0x00,0x00,0x00,0x00,0x00,0x00,0x00,0x00,0x00,0x00,0x00,0x00,0x00,0x00}},false,false,"","","",false,false,false,false,false,false,"",platform::Uuid{{0x00,0x00,0x00,0x00,0x00,0x00,0x00,0x00,0x00,0x00,0x00,0x00,0x00,0x00,0x00,0x00}},0,platform::Uuid{{0x00,0x00,0x00,0x00,0x00,0x00,0x00,0x00,0x00,0x00,0x00,0x00,0x00,0x00,0x00,0x00}},0,platform::Uuid{{0x00,0x00,0x00,0x00,0x00,0x00,0x00,0x00,0x00,0x00,0x00,0x00,0x00,0x00,0x00,0x00}},0,"",false},
      DatatypePolicyIdentityV1{platform::Uuid{{0x00,0x00,0x00,0x00,0x00,0x00,0x00,0x00,0x00,0x00,0x00,0x00,0x00,0x00,0x00,0x00}},0},
      DatatypePolicyIdentityV1{platform::Uuid{{0x00,0x00,0x00,0x00,0x00,0x00,0x00,0x00,0x00,0x00,0x00,0x00,0x00,0x00,0x00,0x00}},0},
      DatatypePolicyIdentityV1{platform::Uuid{{0x00,0x00,0x00,0x00,0x00,0x00,0x00,0x00,0x00,0x00,0x00,0x00,0x00,0x00,0x00,0x00}},0},
      DatatypePolicyIdentityV1{platform::Uuid{{0x00,0x00,0x00,0x00,0x00,0x00,0x00,0x00,0x00,0x00,0x00,0x00,0x00,0x00,0x00,0x00}},0},
      DatatypePolicyIdentityV1{platform::Uuid{{0x00,0x00,0x00,0x00,0x00,0x00,0x00,0x00,0x00,0x00,0x00,0x00,0x00,0x00,0x00,0x00}},0}},
    DatatypeTypeCodecIdentityRowV3{
      DatatypeTypeCodecIdentityRowV1{platform::Uuid{{0x01,0x9d,0x00,0x00,0x00,0x00,0x70,0x00,0x80,0x00,0x00,0x00,0x00,0x00,0xd7,0x01}},1,1,platform::Uuid{{0xa0,0x00,0x00,0x00,0x64,0x65,0x73,0x69,0xad,0x61,0x6c,0x00,0x00,0x00,0x00,0x00}},1,platform::Uuid{{0x01,0x9d,0x00,0x00,0x00,0x00,0x70,0x00,0x80,0x00,0x00,0x00,0x00,0x00,0xd7,0x13}},1,"datatype.decimal.base1e9.le.v1",1,1,24,false,"decimal",4,2,2,true,3,24,24,24,160,platform::Uuid{{0x00,0x00,0x00,0x00,0x00,0x00,0x00,0x00,0x00,0x00,0x00,0x00,0x00,0x00,0x00,0x00}},false,false,"","","",false,false,false,false,false,false,"",platform::Uuid{{0x00,0x00,0x00,0x00,0x00,0x00,0x00,0x00,0x00,0x00,0x00,0x00,0x00,0x00,0x00,0x00}},0,platform::Uuid{{0x00,0x00,0x00,0x00,0x00,0x00,0x00,0x00,0x00,0x00,0x00,0x00,0x00,0x00,0x00,0x00}},0,platform::Uuid{{0x00,0x00,0x00,0x00,0x00,0x00,0x00,0x00,0x00,0x00,0x00,0x00,0x00,0x00,0x00,0x00}},0,"",false},
      DatatypePolicyIdentityV1{platform::Uuid{{0x00,0x00,0x00,0x00,0x00,0x00,0x00,0x00,0x00,0x00,0x00,0x00,0x00,0x00,0x00,0x00}},0},
      DatatypePolicyIdentityV1{platform::Uuid{{0x00,0x00,0x00,0x00,0x00,0x00,0x00,0x00,0x00,0x00,0x00,0x00,0x00,0x00,0x00,0x00}},0},
      DatatypePolicyIdentityV1{platform::Uuid{{0x00,0x00,0x00,0x00,0x00,0x00,0x00,0x00,0x00,0x00,0x00,0x00,0x00,0x00,0x00,0x00}},0},
      DatatypePolicyIdentityV1{platform::Uuid{{0x00,0x00,0x00,0x00,0x00,0x00,0x00,0x00,0x00,0x00,0x00,0x00,0x00,0x00,0x00,0x00}},0},
      DatatypePolicyIdentityV1{platform::Uuid{{0x00,0x00,0x00,0x00,0x00,0x00,0x00,0x00,0x00,0x00,0x00,0x00,0x00,0x00,0x00,0x00}},0}},
    DatatypeTypeCodecIdentityRowV3{
      DatatypeTypeCodecIdentityRowV1{platform::Uuid{{0x01,0x9d,0x00,0x00,0x00,0x00,0x70,0x00,0x80,0x00,0x00,0x00,0x00,0x00,0xd7,0x01}},1,1,platform::Uuid{{0x01,0x9d,0x00,0x00,0x00,0x00,0x70,0x00,0x80,0x00,0x00,0x00,0x00,0x00,0xd7,0x14}},1,platform::Uuid{{0x01,0x9d,0x00,0x00,0x00,0x00,0x70,0x00,0x80,0x00,0x00,0x00,0x00,0x00,0xd7,0x15}},1,"datatype.int128.le.v1",1,1,16,true,"int128",5,1,2,true,2,16,16,16,104,platform::Uuid{{0x00,0x00,0x00,0x00,0x00,0x00,0x00,0x00,0x00,0x00,0x00,0x00,0x00,0x00,0x00,0x00}},false,false,"","","",false,false,false,false,false,false,"",platform::Uuid{{0x00,0x00,0x00,0x00,0x00,0x00,0x00,0x00,0x00,0x00,0x00,0x00,0x00,0x00,0x00,0x00}},0,platform::Uuid{{0x00,0x00,0x00,0x00,0x00,0x00,0x00,0x00,0x00,0x00,0x00,0x00,0x00,0x00,0x00,0x00}},0,platform::Uuid{{0x00,0x00,0x00,0x00,0x00,0x00,0x00,0x00,0x00,0x00,0x00,0x00,0x00,0x00,0x00,0x00}},0,"",false},
      DatatypePolicyIdentityV1{platform::Uuid{{0x00,0x00,0x00,0x00,0x00,0x00,0x00,0x00,0x00,0x00,0x00,0x00,0x00,0x00,0x00,0x00}},0},
      DatatypePolicyIdentityV1{platform::Uuid{{0x00,0x00,0x00,0x00,0x00,0x00,0x00,0x00,0x00,0x00,0x00,0x00,0x00,0x00,0x00,0x00}},0},
      DatatypePolicyIdentityV1{platform::Uuid{{0x00,0x00,0x00,0x00,0x00,0x00,0x00,0x00,0x00,0x00,0x00,0x00,0x00,0x00,0x00,0x00}},0},
      DatatypePolicyIdentityV1{platform::Uuid{{0x00,0x00,0x00,0x00,0x00,0x00,0x00,0x00,0x00,0x00,0x00,0x00,0x00,0x00,0x00,0x00}},0},
      DatatypePolicyIdentityV1{platform::Uuid{{0x00,0x00,0x00,0x00,0x00,0x00,0x00,0x00,0x00,0x00,0x00,0x00,0x00,0x00,0x00,0x00}},0}},
    DatatypeTypeCodecIdentityRowV3{
      DatatypeTypeCodecIdentityRowV1{platform::Uuid{{0x01,0x9d,0x00,0x00,0x00,0x00,0x70,0x00,0x80,0x00,0x00,0x00,0x00,0x00,0xd7,0x01}},1,1,platform::Uuid{{0x01,0x00,0x00,0x00,0x62,0x6f,0x7f,0x6c,0xa5,0x61,0x6e,0x00,0x00,0x00,0x00,0x00}},1,platform::Uuid{{0x01,0x00,0x00,0x00,0x62,0x6f,0x7f,0x6c,0xa5,0x61,0x6e,0x00,0x00,0x00,0x00,0x00}},1,"datatype.boolean.u8.v1",1,1,1,true,"boolean",1,1,1,false,1,1,1,1,1,platform::Uuid{{0x00,0x00,0x00,0x00,0x00,0x00,0x00,0x00,0x00,0x00,0x00,0x00,0x00,0x00,0x00,0x00}},false,false,"","","",false,false,false,false,false,false,"",platform::Uuid{{0x00,0x00,0x00,0x00,0x00,0x00,0x00,0x00,0x00,0x00,0x00,0x00,0x00,0x00,0x00,0x00}},0,platform::Uuid{{0x00,0x00,0x00,0x00,0x00,0x00,0x00,0x00,0x00,0x00,0x00,0x00,0x00,0x00,0x00,0x00}},0,platform::Uuid{{0x00,0x00,0x00,0x00,0x00,0x00,0x00,0x00,0x00,0x00,0x00,0x00,0x00,0x00,0x00,0x00}},0,"",false},
      DatatypePolicyIdentityV1{platform::Uuid{{0x00,0x00,0x00,0x00,0x00,0x00,0x00,0x00,0x00,0x00,0x00,0x00,0x00,0x00,0x00,0x00}},0},
      DatatypePolicyIdentityV1{platform::Uuid{{0x00,0x00,0x00,0x00,0x00,0x00,0x00,0x00,0x00,0x00,0x00,0x00,0x00,0x00,0x00,0x00}},0},
      DatatypePolicyIdentityV1{platform::Uuid{{0x00,0x00,0x00,0x00,0x00,0x00,0x00,0x00,0x00,0x00,0x00,0x00,0x00,0x00,0x00,0x00}},0},
      DatatypePolicyIdentityV1{platform::Uuid{{0x00,0x00,0x00,0x00,0x00,0x00,0x00,0x00,0x00,0x00,0x00,0x00,0x00,0x00,0x00,0x00}},0},
      DatatypePolicyIdentityV1{platform::Uuid{{0x00,0x00,0x00,0x00,0x00,0x00,0x00,0x00,0x00,0x00,0x00,0x00,0x00,0x00,0x00,0x00}},0}},
    DatatypeTypeCodecIdentityRowV3{
      DatatypeTypeCodecIdentityRowV1{platform::Uuid{{0x01,0x9d,0x00,0x00,0x00,0x00,0x70,0x00,0x80,0x00,0x00,0x00,0x00,0x00,0xd7,0x01}},1,1,platform::Uuid{{0x01,0x9d,0x00,0x00,0x00,0x00,0x70,0x00,0x80,0x00,0x00,0x00,0x00,0x00,0xd7,0x18}},1,platform::Uuid{{0x01,0x9d,0x00,0x00,0x00,0x00,0x70,0x00,0x80,0x00,0x00,0x00,0x00,0x00,0xd7,0x19}},1,"datatype.text.utf8.v1",1,1,0,true,"text",0,1,0,false,0,0,16777216,0,300,platform::Uuid{{0x01,0x9d,0x00,0x00,0x00,0x00,0x70,0x00,0x80,0x00,0x00,0x00,0x00,0x00,0xd7,0x1a}},true,true,"byte_sequence","exact_well_formed_UTF8_scalar_sequence_without_implicit_normalization","UTF-8",true,false,true,true,true,true,"CTB.TEXT.INVALID_ENCODING",platform::Uuid{{0x00,0x00,0x00,0x00,0x00,0x00,0x00,0x00,0x00,0x00,0x00,0x00,0x00,0x00,0x00,0x00}},0,platform::Uuid{{0x00,0x00,0x00,0x00,0x00,0x00,0x00,0x00,0x00,0x00,0x00,0x00,0x00,0x00,0x00,0x00}},0,platform::Uuid{{0x00,0x00,0x00,0x00,0x00,0x00,0x00,0x00,0x00,0x00,0x00,0x00,0x00,0x00,0x00,0x00}},0,"",false},
      DatatypePolicyIdentityV1{platform::Uuid{{0x00,0x00,0x00,0x00,0x00,0x00,0x00,0x00,0x00,0x00,0x00,0x00,0x00,0x00,0x00,0x00}},0},
      DatatypePolicyIdentityV1{platform::Uuid{{0x00,0x00,0x00,0x00,0x00,0x00,0x00,0x00,0x00,0x00,0x00,0x00,0x00,0x00,0x00,0x00}},0},
      DatatypePolicyIdentityV1{platform::Uuid{{0x00,0x00,0x00,0x00,0x00,0x00,0x00,0x00,0x00,0x00,0x00,0x00,0x00,0x00,0x00,0x00}},0},
      DatatypePolicyIdentityV1{platform::Uuid{{0x00,0x00,0x00,0x00,0x00,0x00,0x00,0x00,0x00,0x00,0x00,0x00,0x00,0x00,0x00,0x00}},0},
      DatatypePolicyIdentityV1{platform::Uuid{{0x00,0x00,0x00,0x00,0x00,0x00,0x00,0x00,0x00,0x00,0x00,0x00,0x00,0x00,0x00,0x00}},0}},
    DatatypeTypeCodecIdentityRowV3{
      DatatypeTypeCodecIdentityRowV1{platform::Uuid{{0x01,0x9d,0x00,0x00,0x00,0x00,0x70,0x00,0x80,0x00,0x00,0x00,0x00,0x00,0xd7,0x02}},2,2,platform::Uuid{{0x01,0x9d,0x00,0x00,0x00,0x00,0x70,0x00,0x80,0x00,0x00,0x00,0x00,0x00,0xd7,0x16}},1,platform::Uuid{{0x01,0x9d,0x00,0x00,0x00,0x00,0x70,0x00,0x80,0x00,0x00,0x00,0x00,0x00,0xd7,0x17}},1,"datatype.int32.le.v1",1,1,4,true,"int32",2,1,2,true,2,4,4,4,102,platform::Uuid{{0x00,0x00,0x00,0x00,0x00,0x00,0x00,0x00,0x00,0x00,0x00,0x00,0x00,0x00,0x00,0x00}},false,false,"","","",false,false,false,false,false,false,"",platform::Uuid{{0x00,0x00,0x00,0x00,0x00,0x00,0x00,0x00,0x00,0x00,0x00,0x00,0x00,0x00,0x00,0x00}},0,platform::Uuid{{0x00,0x00,0x00,0x00,0x00,0x00,0x00,0x00,0x00,0x00,0x00,0x00,0x00,0x00,0x00,0x00}},0,platform::Uuid{{0x00,0x00,0x00,0x00,0x00,0x00,0x00,0x00,0x00,0x00,0x00,0x00,0x00,0x00,0x00,0x00}},0,"",false},
      DatatypePolicyIdentityV1{platform::Uuid{{0x00,0x00,0x00,0x00,0x00,0x00,0x00,0x00,0x00,0x00,0x00,0x00,0x00,0x00,0x00,0x00}},0},
      DatatypePolicyIdentityV1{platform::Uuid{{0x00,0x00,0x00,0x00,0x00,0x00,0x00,0x00,0x00,0x00,0x00,0x00,0x00,0x00,0x00,0x00}},0},
      DatatypePolicyIdentityV1{platform::Uuid{{0x00,0x00,0x00,0x00,0x00,0x00,0x00,0x00,0x00,0x00,0x00,0x00,0x00,0x00,0x00,0x00}},0},
      DatatypePolicyIdentityV1{platform::Uuid{{0x00,0x00,0x00,0x00,0x00,0x00,0x00,0x00,0x00,0x00,0x00,0x00,0x00,0x00,0x00,0x00}},0},
      DatatypePolicyIdentityV1{platform::Uuid{{0x00,0x00,0x00,0x00,0x00,0x00,0x00,0x00,0x00,0x00,0x00,0x00,0x00,0x00,0x00,0x00}},0}},
    DatatypeTypeCodecIdentityRowV3{
      DatatypeTypeCodecIdentityRowV1{platform::Uuid{{0x01,0x9d,0x00,0x00,0x00,0x00,0x70,0x00,0x80,0x00,0x00,0x00,0x00,0x00,0xd7,0x02}},2,2,platform::Uuid{{0x01,0x9d,0x00,0x00,0x00,0x00,0x70,0x00,0x80,0x00,0x00,0x00,0x00,0x00,0xd7,0x11}},1,platform::Uuid{{0x01,0x9d,0x00,0x00,0x00,0x00,0x70,0x00,0x80,0x00,0x00,0x00,0x00,0x00,0xd7,0x12}},1,"datatype.int64.le.v1",1,1,8,false,"bigint",3,2,2,true,2,8,8,8,103,platform::Uuid{{0x00,0x00,0x00,0x00,0x00,0x00,0x00,0x00,0x00,0x00,0x00,0x00,0x00,0x00,0x00,0x00}},false,false,"","","",false,false,false,false,false,false,"",platform::Uuid{{0x00,0x00,0x00,0x00,0x00,0x00,0x00,0x00,0x00,0x00,0x00,0x00,0x00,0x00,0x00,0x00}},0,platform::Uuid{{0x00,0x00,0x00,0x00,0x00,0x00,0x00,0x00,0x00,0x00,0x00,0x00,0x00,0x00,0x00,0x00}},0,platform::Uuid{{0x00,0x00,0x00,0x00,0x00,0x00,0x00,0x00,0x00,0x00,0x00,0x00,0x00,0x00,0x00,0x00}},0,"",false},
      DatatypePolicyIdentityV1{platform::Uuid{{0x00,0x00,0x00,0x00,0x00,0x00,0x00,0x00,0x00,0x00,0x00,0x00,0x00,0x00,0x00,0x00}},0},
      DatatypePolicyIdentityV1{platform::Uuid{{0x00,0x00,0x00,0x00,0x00,0x00,0x00,0x00,0x00,0x00,0x00,0x00,0x00,0x00,0x00,0x00}},0},
      DatatypePolicyIdentityV1{platform::Uuid{{0x00,0x00,0x00,0x00,0x00,0x00,0x00,0x00,0x00,0x00,0x00,0x00,0x00,0x00,0x00,0x00}},0},
      DatatypePolicyIdentityV1{platform::Uuid{{0x00,0x00,0x00,0x00,0x00,0x00,0x00,0x00,0x00,0x00,0x00,0x00,0x00,0x00,0x00,0x00}},0},
      DatatypePolicyIdentityV1{platform::Uuid{{0x00,0x00,0x00,0x00,0x00,0x00,0x00,0x00,0x00,0x00,0x00,0x00,0x00,0x00,0x00,0x00}},0}},
    DatatypeTypeCodecIdentityRowV3{
      DatatypeTypeCodecIdentityRowV1{platform::Uuid{{0x01,0x9d,0x00,0x00,0x00,0x00,0x70,0x00,0x80,0x00,0x00,0x00,0x00,0x00,0xd7,0x02}},2,2,platform::Uuid{{0xa0,0x00,0x00,0x00,0x64,0x65,0x73,0x69,0xad,0x61,0x6c,0x00,0x00,0x00,0x00,0x00}},1,platform::Uuid{{0x01,0x9d,0x00,0x00,0x00,0x00,0x70,0x00,0x80,0x00,0x00,0x00,0x00,0x00,0xd7,0x13}},1,"datatype.decimal.base1e9.le.v1",1,1,24,false,"decimal",4,2,2,true,3,24,24,24,160,platform::Uuid{{0x00,0x00,0x00,0x00,0x00,0x00,0x00,0x00,0x00,0x00,0x00,0x00,0x00,0x00,0x00,0x00}},false,false,"","","",false,false,false,false,false,false,"",platform::Uuid{{0x00,0x00,0x00,0x00,0x00,0x00,0x00,0x00,0x00,0x00,0x00,0x00,0x00,0x00,0x00,0x00}},0,platform::Uuid{{0x00,0x00,0x00,0x00,0x00,0x00,0x00,0x00,0x00,0x00,0x00,0x00,0x00,0x00,0x00,0x00}},0,platform::Uuid{{0x00,0x00,0x00,0x00,0x00,0x00,0x00,0x00,0x00,0x00,0x00,0x00,0x00,0x00,0x00,0x00}},0,"",false},
      DatatypePolicyIdentityV1{platform::Uuid{{0x00,0x00,0x00,0x00,0x00,0x00,0x00,0x00,0x00,0x00,0x00,0x00,0x00,0x00,0x00,0x00}},0},
      DatatypePolicyIdentityV1{platform::Uuid{{0x00,0x00,0x00,0x00,0x00,0x00,0x00,0x00,0x00,0x00,0x00,0x00,0x00,0x00,0x00,0x00}},0},
      DatatypePolicyIdentityV1{platform::Uuid{{0x00,0x00,0x00,0x00,0x00,0x00,0x00,0x00,0x00,0x00,0x00,0x00,0x00,0x00,0x00,0x00}},0},
      DatatypePolicyIdentityV1{platform::Uuid{{0x00,0x00,0x00,0x00,0x00,0x00,0x00,0x00,0x00,0x00,0x00,0x00,0x00,0x00,0x00,0x00}},0},
      DatatypePolicyIdentityV1{platform::Uuid{{0x00,0x00,0x00,0x00,0x00,0x00,0x00,0x00,0x00,0x00,0x00,0x00,0x00,0x00,0x00,0x00}},0}},
    DatatypeTypeCodecIdentityRowV3{
      DatatypeTypeCodecIdentityRowV1{platform::Uuid{{0x01,0x9d,0x00,0x00,0x00,0x00,0x70,0x00,0x80,0x00,0x00,0x00,0x00,0x00,0xd7,0x02}},2,2,platform::Uuid{{0x01,0x9d,0x00,0x00,0x00,0x00,0x70,0x00,0x80,0x00,0x00,0x00,0x00,0x00,0xd7,0x14}},1,platform::Uuid{{0x01,0x9d,0x00,0x00,0x00,0x00,0x70,0x00,0x80,0x00,0x00,0x00,0x00,0x00,0xd7,0x15}},1,"datatype.int128.le.v1",1,1,16,true,"int128",5,1,2,true,2,16,16,16,104,platform::Uuid{{0x00,0x00,0x00,0x00,0x00,0x00,0x00,0x00,0x00,0x00,0x00,0x00,0x00,0x00,0x00,0x00}},false,false,"","","",false,false,false,false,false,false,"",platform::Uuid{{0x00,0x00,0x00,0x00,0x00,0x00,0x00,0x00,0x00,0x00,0x00,0x00,0x00,0x00,0x00,0x00}},0,platform::Uuid{{0x00,0x00,0x00,0x00,0x00,0x00,0x00,0x00,0x00,0x00,0x00,0x00,0x00,0x00,0x00,0x00}},0,platform::Uuid{{0x00,0x00,0x00,0x00,0x00,0x00,0x00,0x00,0x00,0x00,0x00,0x00,0x00,0x00,0x00,0x00}},0,"",false},
      DatatypePolicyIdentityV1{platform::Uuid{{0x00,0x00,0x00,0x00,0x00,0x00,0x00,0x00,0x00,0x00,0x00,0x00,0x00,0x00,0x00,0x00}},0},
      DatatypePolicyIdentityV1{platform::Uuid{{0x00,0x00,0x00,0x00,0x00,0x00,0x00,0x00,0x00,0x00,0x00,0x00,0x00,0x00,0x00,0x00}},0},
      DatatypePolicyIdentityV1{platform::Uuid{{0x00,0x00,0x00,0x00,0x00,0x00,0x00,0x00,0x00,0x00,0x00,0x00,0x00,0x00,0x00,0x00}},0},
      DatatypePolicyIdentityV1{platform::Uuid{{0x00,0x00,0x00,0x00,0x00,0x00,0x00,0x00,0x00,0x00,0x00,0x00,0x00,0x00,0x00,0x00}},0},
      DatatypePolicyIdentityV1{platform::Uuid{{0x00,0x00,0x00,0x00,0x00,0x00,0x00,0x00,0x00,0x00,0x00,0x00,0x00,0x00,0x00,0x00}},0}},
    DatatypeTypeCodecIdentityRowV3{
      DatatypeTypeCodecIdentityRowV1{platform::Uuid{{0x01,0x9d,0x00,0x00,0x00,0x00,0x70,0x00,0x80,0x00,0x00,0x00,0x00,0x00,0xd7,0x02}},2,2,platform::Uuid{{0x01,0x00,0x00,0x00,0x62,0x6f,0x7f,0x6c,0xa5,0x61,0x6e,0x00,0x00,0x00,0x00,0x00}},1,platform::Uuid{{0x01,0x00,0x00,0x00,0x62,0x6f,0x7f,0x6c,0xa5,0x61,0x6e,0x00,0x00,0x00,0x00,0x00}},1,"datatype.boolean.u8.v1",1,1,1,true,"boolean",1,1,1,false,1,1,1,1,1,platform::Uuid{{0x00,0x00,0x00,0x00,0x00,0x00,0x00,0x00,0x00,0x00,0x00,0x00,0x00,0x00,0x00,0x00}},false,false,"","","",false,false,false,false,false,false,"",platform::Uuid{{0x00,0x00,0x00,0x00,0x00,0x00,0x00,0x00,0x00,0x00,0x00,0x00,0x00,0x00,0x00,0x00}},0,platform::Uuid{{0x00,0x00,0x00,0x00,0x00,0x00,0x00,0x00,0x00,0x00,0x00,0x00,0x00,0x00,0x00,0x00}},0,platform::Uuid{{0x00,0x00,0x00,0x00,0x00,0x00,0x00,0x00,0x00,0x00,0x00,0x00,0x00,0x00,0x00,0x00}},0,"",false},
      DatatypePolicyIdentityV1{platform::Uuid{{0x00,0x00,0x00,0x00,0x00,0x00,0x00,0x00,0x00,0x00,0x00,0x00,0x00,0x00,0x00,0x00}},0},
      DatatypePolicyIdentityV1{platform::Uuid{{0x00,0x00,0x00,0x00,0x00,0x00,0x00,0x00,0x00,0x00,0x00,0x00,0x00,0x00,0x00,0x00}},0},
      DatatypePolicyIdentityV1{platform::Uuid{{0x00,0x00,0x00,0x00,0x00,0x00,0x00,0x00,0x00,0x00,0x00,0x00,0x00,0x00,0x00,0x00}},0},
      DatatypePolicyIdentityV1{platform::Uuid{{0x00,0x00,0x00,0x00,0x00,0x00,0x00,0x00,0x00,0x00,0x00,0x00,0x00,0x00,0x00,0x00}},0},
      DatatypePolicyIdentityV1{platform::Uuid{{0x00,0x00,0x00,0x00,0x00,0x00,0x00,0x00,0x00,0x00,0x00,0x00,0x00,0x00,0x00,0x00}},0}},
    DatatypeTypeCodecIdentityRowV3{
      DatatypeTypeCodecIdentityRowV1{platform::Uuid{{0x01,0x9d,0x00,0x00,0x00,0x00,0x70,0x00,0x80,0x00,0x00,0x00,0x00,0x00,0xd7,0x02}},2,2,platform::Uuid{{0x01,0x9d,0x00,0x00,0x00,0x00,0x70,0x00,0x80,0x00,0x00,0x00,0x00,0x00,0xd7,0x18}},1,platform::Uuid{{0x01,0x9d,0x00,0x00,0x00,0x00,0x70,0x00,0x80,0x00,0x00,0x00,0x00,0x00,0xd7,0x19}},1,"datatype.text.utf8.v1",1,1,0,true,"text",0,1,0,false,0,0,16777216,0,300,platform::Uuid{{0x01,0x9d,0x00,0x00,0x00,0x00,0x70,0x00,0x80,0x00,0x00,0x00,0x00,0x00,0xd7,0x1a}},true,true,"byte_sequence","exact_well_formed_UTF8_scalar_sequence_without_implicit_normalization","UTF-8",true,false,true,true,true,true,"CTB.TEXT.INVALID_ENCODING",platform::Uuid{{0x00,0x00,0x00,0x00,0x00,0x00,0x00,0x00,0x00,0x00,0x00,0x00,0x00,0x00,0x00,0x00}},0,platform::Uuid{{0x00,0x00,0x00,0x00,0x00,0x00,0x00,0x00,0x00,0x00,0x00,0x00,0x00,0x00,0x00,0x00}},0,platform::Uuid{{0x00,0x00,0x00,0x00,0x00,0x00,0x00,0x00,0x00,0x00,0x00,0x00,0x00,0x00,0x00,0x00}},0,"",false},
      DatatypePolicyIdentityV1{platform::Uuid{{0x00,0x00,0x00,0x00,0x00,0x00,0x00,0x00,0x00,0x00,0x00,0x00,0x00,0x00,0x00,0x00}},0},
      DatatypePolicyIdentityV1{platform::Uuid{{0x00,0x00,0x00,0x00,0x00,0x00,0x00,0x00,0x00,0x00,0x00,0x00,0x00,0x00,0x00,0x00}},0},
      DatatypePolicyIdentityV1{platform::Uuid{{0x00,0x00,0x00,0x00,0x00,0x00,0x00,0x00,0x00,0x00,0x00,0x00,0x00,0x00,0x00,0x00}},0},
      DatatypePolicyIdentityV1{platform::Uuid{{0x00,0x00,0x00,0x00,0x00,0x00,0x00,0x00,0x00,0x00,0x00,0x00,0x00,0x00,0x00,0x00}},0},
      DatatypePolicyIdentityV1{platform::Uuid{{0x00,0x00,0x00,0x00,0x00,0x00,0x00,0x00,0x00,0x00,0x00,0x00,0x00,0x00,0x00,0x00}},0}},
    DatatypeTypeCodecIdentityRowV3{
      DatatypeTypeCodecIdentityRowV1{platform::Uuid{{0x01,0x9d,0x00,0x00,0x00,0x00,0x70,0x00,0x80,0x00,0x00,0x00,0x00,0x00,0xd7,0x02}},2,2,platform::Uuid{{0x01,0x9d,0x00,0x00,0x00,0x00,0x70,0x00,0x80,0x00,0x00,0x00,0x00,0x00,0xd7,0x31}},1,platform::Uuid{{0x01,0x9d,0x00,0x00,0x00,0x00,0x70,0x00,0x80,0x00,0x00,0x00,0x00,0x00,0xd7,0x32}},1,"datatype.real64.ieee754.le.v1",1,1,8,true,"real64",0,1,0,false,0,8,8,8,141,platform::Uuid{{0x01,0x9d,0x00,0x00,0x00,0x00,0x70,0x00,0x80,0x00,0x00,0x00,0x00,0x00,0xd7,0x33}},false,false,"little_endian","IEEE754_binary64","",false,false,false,false,true,false,"DATATYPE.DESCRIPTOR.INVALID",platform::Uuid{{0x00,0x00,0x00,0x00,0x00,0x00,0x00,0x00,0x00,0x00,0x00,0x00,0x00,0x00,0x00,0x00}},0,platform::Uuid{{0x00,0x00,0x00,0x00,0x00,0x00,0x00,0x00,0x00,0x00,0x00,0x00,0x00,0x00,0x00,0x00}},0,platform::Uuid{{0x00,0x00,0x00,0x00,0x00,0x00,0x00,0x00,0x00,0x00,0x00,0x00,0x00,0x00,0x00,0x00}},0,"",false},
      DatatypePolicyIdentityV1{platform::Uuid{{0x00,0x00,0x00,0x00,0x00,0x00,0x00,0x00,0x00,0x00,0x00,0x00,0x00,0x00,0x00,0x00}},0},
      DatatypePolicyIdentityV1{platform::Uuid{{0x00,0x00,0x00,0x00,0x00,0x00,0x00,0x00,0x00,0x00,0x00,0x00,0x00,0x00,0x00,0x00}},0},
      DatatypePolicyIdentityV1{platform::Uuid{{0x00,0x00,0x00,0x00,0x00,0x00,0x00,0x00,0x00,0x00,0x00,0x00,0x00,0x00,0x00,0x00}},0},
      DatatypePolicyIdentityV1{platform::Uuid{{0x00,0x00,0x00,0x00,0x00,0x00,0x00,0x00,0x00,0x00,0x00,0x00,0x00,0x00,0x00,0x00}},0},
      DatatypePolicyIdentityV1{platform::Uuid{{0x00,0x00,0x00,0x00,0x00,0x00,0x00,0x00,0x00,0x00,0x00,0x00,0x00,0x00,0x00,0x00}},0}},
    DatatypeTypeCodecIdentityRowV3{
      DatatypeTypeCodecIdentityRowV1{platform::Uuid{{0x01,0x9d,0x00,0x00,0x00,0x00,0x70,0x00,0x80,0x00,0x00,0x00,0x00,0x00,0xd7,0x02}},2,2,platform::Uuid{{0x01,0x9d,0x00,0x00,0x00,0x00,0x70,0x00,0x80,0x00,0x00,0x00,0x00,0x00,0xd7,0x34}},1,platform::Uuid{{0x01,0x9d,0x00,0x00,0x00,0x00,0x70,0x00,0x80,0x00,0x00,0x00,0x00,0x00,0xd7,0x35}},1,"datatype.uuid.binary16.v1",1,1,16,true,"uuid",0,1,0,false,0,16,16,16,200,platform::Uuid{{0x01,0x9d,0x00,0x00,0x00,0x00,0x70,0x00,0x80,0x00,0x00,0x00,0x00,0x00,0xd7,0x36}},false,false,"byte_sequence","sixteen_UUID_value_octets_without_text_conversion","",false,false,false,false,true,false,"DATATYPE.DESCRIPTOR.INVALID",platform::Uuid{{0x00,0x00,0x00,0x00,0x00,0x00,0x00,0x00,0x00,0x00,0x00,0x00,0x00,0x00,0x00,0x00}},0,platform::Uuid{{0x00,0x00,0x00,0x00,0x00,0x00,0x00,0x00,0x00,0x00,0x00,0x00,0x00,0x00,0x00,0x00}},0,platform::Uuid{{0x00,0x00,0x00,0x00,0x00,0x00,0x00,0x00,0x00,0x00,0x00,0x00,0x00,0x00,0x00,0x00}},0,"",false},
      DatatypePolicyIdentityV1{platform::Uuid{{0x00,0x00,0x00,0x00,0x00,0x00,0x00,0x00,0x00,0x00,0x00,0x00,0x00,0x00,0x00,0x00}},0},
      DatatypePolicyIdentityV1{platform::Uuid{{0x00,0x00,0x00,0x00,0x00,0x00,0x00,0x00,0x00,0x00,0x00,0x00,0x00,0x00,0x00,0x00}},0},
      DatatypePolicyIdentityV1{platform::Uuid{{0x00,0x00,0x00,0x00,0x00,0x00,0x00,0x00,0x00,0x00,0x00,0x00,0x00,0x00,0x00,0x00}},0},
      DatatypePolicyIdentityV1{platform::Uuid{{0x00,0x00,0x00,0x00,0x00,0x00,0x00,0x00,0x00,0x00,0x00,0x00,0x00,0x00,0x00,0x00}},0},
      DatatypePolicyIdentityV1{platform::Uuid{{0x00,0x00,0x00,0x00,0x00,0x00,0x00,0x00,0x00,0x00,0x00,0x00,0x00,0x00,0x00,0x00}},0}},
    DatatypeTypeCodecIdentityRowV3{
      DatatypeTypeCodecIdentityRowV1{platform::Uuid{{0x01,0x9d,0x00,0x00,0x00,0x00,0x70,0x00,0x80,0x00,0x00,0x00,0x00,0x00,0xd7,0x02}},2,2,platform::Uuid{{0x01,0x9d,0x00,0x00,0x00,0x00,0x70,0x00,0x80,0x00,0x00,0x00,0x00,0x00,0xd7,0x37}},1,platform::Uuid{{0x01,0x9d,0x00,0x00,0x00,0x00,0x70,0x00,0x80,0x00,0x00,0x00,0x00,0x00,0xd7,0x38}},1,"datatype.geometry.sbp1.v1",1,1,0,true,"geometry",0,1,0,false,0,24,24,0,680,platform::Uuid{{0x01,0x9d,0x00,0x00,0x00,0x00,0x70,0x00,0x80,0x00,0x00,0x00,0x00,0x00,0xd7,0x39}},true,true,"byte_sequence","SBP1_finite_2D_point_big_endian_coordinates","",false,false,false,false,true,true,"DATATYPE.DESCRIPTOR.INVALID",platform::Uuid{{0x00,0x00,0x00,0x00,0x00,0x00,0x00,0x00,0x00,0x00,0x00,0x00,0x00,0x00,0x00,0x00}},0,platform::Uuid{{0x00,0x00,0x00,0x00,0x00,0x00,0x00,0x00,0x00,0x00,0x00,0x00,0x00,0x00,0x00,0x00}},0,platform::Uuid{{0x00,0x00,0x00,0x00,0x00,0x00,0x00,0x00,0x00,0x00,0x00,0x00,0x00,0x00,0x00,0x00}},0,"",false},
      DatatypePolicyIdentityV1{platform::Uuid{{0x00,0x00,0x00,0x00,0x00,0x00,0x00,0x00,0x00,0x00,0x00,0x00,0x00,0x00,0x00,0x00}},0},
      DatatypePolicyIdentityV1{platform::Uuid{{0x00,0x00,0x00,0x00,0x00,0x00,0x00,0x00,0x00,0x00,0x00,0x00,0x00,0x00,0x00,0x00}},0},
      DatatypePolicyIdentityV1{platform::Uuid{{0x00,0x00,0x00,0x00,0x00,0x00,0x00,0x00,0x00,0x00,0x00,0x00,0x00,0x00,0x00,0x00}},0},
      DatatypePolicyIdentityV1{platform::Uuid{{0x00,0x00,0x00,0x00,0x00,0x00,0x00,0x00,0x00,0x00,0x00,0x00,0x00,0x00,0x00,0x00}},0},
      DatatypePolicyIdentityV1{platform::Uuid{{0x00,0x00,0x00,0x00,0x00,0x00,0x00,0x00,0x00,0x00,0x00,0x00,0x00,0x00,0x00,0x00}},0}},
    DatatypeTypeCodecIdentityRowV3{
      DatatypeTypeCodecIdentityRowV1{platform::Uuid{{0x01,0x9d,0x00,0x00,0x00,0x00,0x70,0x00,0x80,0x00,0x00,0x00,0x00,0x00,0xd7,0x02}},2,2,platform::Uuid{{0x01,0x9d,0x00,0x00,0x00,0x00,0x70,0x00,0x80,0x00,0x00,0x00,0x00,0x00,0xd7,0x3a}},1,platform::Uuid{{0x01,0x9d,0x00,0x00,0x00,0x00,0x70,0x00,0x80,0x00,0x00,0x00,0x00,0x00,0xd7,0x3b}},1,"datatype.uint64.le.v1",1,1,8,true,"uint64",0,1,0,false,0,8,8,8,123,platform::Uuid{{0x01,0x9d,0x00,0x00,0x00,0x00,0x70,0x00,0x80,0x00,0x00,0x00,0x00,0x00,0xd7,0x3c}},false,false,"little_endian","unsigned_64_bit_integer","",false,false,false,false,true,false,"DATATYPE.DESCRIPTOR.INVALID",platform::Uuid{{0x00,0x00,0x00,0x00,0x00,0x00,0x00,0x00,0x00,0x00,0x00,0x00,0x00,0x00,0x00,0x00}},0,platform::Uuid{{0x00,0x00,0x00,0x00,0x00,0x00,0x00,0x00,0x00,0x00,0x00,0x00,0x00,0x00,0x00,0x00}},0,platform::Uuid{{0x00,0x00,0x00,0x00,0x00,0x00,0x00,0x00,0x00,0x00,0x00,0x00,0x00,0x00,0x00,0x00}},0,"",false},
      DatatypePolicyIdentityV1{platform::Uuid{{0x00,0x00,0x00,0x00,0x00,0x00,0x00,0x00,0x00,0x00,0x00,0x00,0x00,0x00,0x00,0x00}},0},
      DatatypePolicyIdentityV1{platform::Uuid{{0x00,0x00,0x00,0x00,0x00,0x00,0x00,0x00,0x00,0x00,0x00,0x00,0x00,0x00,0x00,0x00}},0},
      DatatypePolicyIdentityV1{platform::Uuid{{0x00,0x00,0x00,0x00,0x00,0x00,0x00,0x00,0x00,0x00,0x00,0x00,0x00,0x00,0x00,0x00}},0},
      DatatypePolicyIdentityV1{platform::Uuid{{0x00,0x00,0x00,0x00,0x00,0x00,0x00,0x00,0x00,0x00,0x00,0x00,0x00,0x00,0x00,0x00}},0},
      DatatypePolicyIdentityV1{platform::Uuid{{0x00,0x00,0x00,0x00,0x00,0x00,0x00,0x00,0x00,0x00,0x00,0x00,0x00,0x00,0x00,0x00}},0}},
    DatatypeTypeCodecIdentityRowV3{
      DatatypeTypeCodecIdentityRowV1{platform::Uuid{{0x01,0x9d,0x00,0x00,0x00,0x00,0x70,0x00,0x80,0x00,0x00,0x00,0x00,0x00,0xd7,0x02}},2,2,platform::Uuid{{0x01,0x9d,0x00,0x00,0x00,0x00,0x70,0x00,0x80,0x00,0x00,0x00,0x00,0x00,0xd7,0x3d}},1,platform::Uuid{{0x01,0x9d,0x00,0x00,0x00,0x00,0x70,0x00,0x80,0x00,0x00,0x00,0x00,0x00,0xd7,0x3e}},1,"datatype.json.utf8.v1",1,1,0,true,"json_document",0,1,0,false,0,1,16777216,0,601,platform::Uuid{{0x01,0x9d,0x00,0x00,0x00,0x00,0x70,0x00,0x80,0x00,0x00,0x00,0x00,0x00,0xd7,0x3f}},true,true,"byte_sequence","well_formed_UTF8_JSON_document","",false,false,false,false,true,true,"DATATYPE.DESCRIPTOR.INVALID",platform::Uuid{{0x00,0x00,0x00,0x00,0x00,0x00,0x00,0x00,0x00,0x00,0x00,0x00,0x00,0x00,0x00,0x00}},0,platform::Uuid{{0x00,0x00,0x00,0x00,0x00,0x00,0x00,0x00,0x00,0x00,0x00,0x00,0x00,0x00,0x00,0x00}},0,platform::Uuid{{0x00,0x00,0x00,0x00,0x00,0x00,0x00,0x00,0x00,0x00,0x00,0x00,0x00,0x00,0x00,0x00}},0,"",false},
      DatatypePolicyIdentityV1{platform::Uuid{{0x00,0x00,0x00,0x00,0x00,0x00,0x00,0x00,0x00,0x00,0x00,0x00,0x00,0x00,0x00,0x00}},0},
      DatatypePolicyIdentityV1{platform::Uuid{{0x00,0x00,0x00,0x00,0x00,0x00,0x00,0x00,0x00,0x00,0x00,0x00,0x00,0x00,0x00,0x00}},0},
      DatatypePolicyIdentityV1{platform::Uuid{{0x00,0x00,0x00,0x00,0x00,0x00,0x00,0x00,0x00,0x00,0x00,0x00,0x00,0x00,0x00,0x00}},0},
      DatatypePolicyIdentityV1{platform::Uuid{{0x00,0x00,0x00,0x00,0x00,0x00,0x00,0x00,0x00,0x00,0x00,0x00,0x00,0x00,0x00,0x00}},0},
      DatatypePolicyIdentityV1{platform::Uuid{{0x00,0x00,0x00,0x00,0x00,0x00,0x00,0x00,0x00,0x00,0x00,0x00,0x00,0x00,0x00,0x00}},0}},
    DatatypeTypeCodecIdentityRowV3{
      DatatypeTypeCodecIdentityRowV1{platform::Uuid{{0x01,0x9d,0x00,0x00,0x00,0x00,0x70,0x00,0x80,0x00,0x00,0x00,0x00,0x00,0xd7,0x02}},2,2,platform::Uuid{{0x01,0x9d,0x00,0x00,0x00,0x00,0x70,0x00,0x80,0x00,0x00,0x00,0x00,0x00,0xd7,0x40}},1,platform::Uuid{{0x01,0x9d,0x00,0x00,0x00,0x00,0x70,0x00,0x80,0x00,0x00,0x00,0x00,0x00,0xd7,0x41}},1,"datatype.list.text.framed.v1",1,1,0,true,"list",0,1,0,false,0,12,16777216,0,623,platform::Uuid{{0x01,0x9d,0x00,0x00,0x00,0x00,0x70,0x00,0x80,0x00,0x00,0x00,0x00,0x00,0xd7,0x42}},true,true,"byte_sequence","nullable_TEXT_list_SBTL0001","",false,false,false,false,true,true,"DATATYPE.DESCRIPTOR.INVALID",platform::Uuid{{0x00,0x00,0x00,0x00,0x00,0x00,0x00,0x00,0x00,0x00,0x00,0x00,0x00,0x00,0x00,0x00}},0,platform::Uuid{{0x00,0x00,0x00,0x00,0x00,0x00,0x00,0x00,0x00,0x00,0x00,0x00,0x00,0x00,0x00,0x00}},0,platform::Uuid{{0x00,0x00,0x00,0x00,0x00,0x00,0x00,0x00,0x00,0x00,0x00,0x00,0x00,0x00,0x00,0x00}},0,"",false},
      DatatypePolicyIdentityV1{platform::Uuid{{0x00,0x00,0x00,0x00,0x00,0x00,0x00,0x00,0x00,0x00,0x00,0x00,0x00,0x00,0x00,0x00}},0},
      DatatypePolicyIdentityV1{platform::Uuid{{0x00,0x00,0x00,0x00,0x00,0x00,0x00,0x00,0x00,0x00,0x00,0x00,0x00,0x00,0x00,0x00}},0},
      DatatypePolicyIdentityV1{platform::Uuid{{0x00,0x00,0x00,0x00,0x00,0x00,0x00,0x00,0x00,0x00,0x00,0x00,0x00,0x00,0x00,0x00}},0},
      DatatypePolicyIdentityV1{platform::Uuid{{0x00,0x00,0x00,0x00,0x00,0x00,0x00,0x00,0x00,0x00,0x00,0x00,0x00,0x00,0x00,0x00}},0},
      DatatypePolicyIdentityV1{platform::Uuid{{0x00,0x00,0x00,0x00,0x00,0x00,0x00,0x00,0x00,0x00,0x00,0x00,0x00,0x00,0x00,0x00}},0}},
    DatatypeTypeCodecIdentityRowV3{
      DatatypeTypeCodecIdentityRowV1{platform::Uuid{{0x01,0x9d,0x00,0x00,0x00,0x00,0x70,0x00,0x80,0x00,0x00,0x00,0x00,0x00,0xd7,0x03}},3,3,platform::Uuid{{0x01,0x9d,0x00,0x00,0x00,0x00,0x70,0x00,0x80,0x00,0x00,0x00,0x00,0x00,0xd7,0x16}},1,platform::Uuid{{0x01,0x9d,0x00,0x00,0x00,0x00,0x70,0x00,0x80,0x00,0x00,0x00,0x00,0x00,0xd7,0x17}},1,"datatype.int32.le.v1",1,1,4,true,"int32",2,1,2,true,2,4,4,4,102,platform::Uuid{{0x00,0x00,0x00,0x00,0x00,0x00,0x00,0x00,0x00,0x00,0x00,0x00,0x00,0x00,0x00,0x00}},false,false,"","","",false,false,false,false,false,false,"",platform::Uuid{{0x00,0x00,0x00,0x00,0x00,0x00,0x00,0x00,0x00,0x00,0x00,0x00,0x00,0x00,0x00,0x00}},0,platform::Uuid{{0x00,0x00,0x00,0x00,0x00,0x00,0x00,0x00,0x00,0x00,0x00,0x00,0x00,0x00,0x00,0x00}},0,platform::Uuid{{0x00,0x00,0x00,0x00,0x00,0x00,0x00,0x00,0x00,0x00,0x00,0x00,0x00,0x00,0x00,0x00}},0,"",false},
      DatatypePolicyIdentityV1{platform::Uuid{{0x00,0x00,0x00,0x00,0x00,0x00,0x00,0x00,0x00,0x00,0x00,0x00,0x00,0x00,0x00,0x00}},0},
      DatatypePolicyIdentityV1{platform::Uuid{{0x00,0x00,0x00,0x00,0x00,0x00,0x00,0x00,0x00,0x00,0x00,0x00,0x00,0x00,0x00,0x00}},0},
      DatatypePolicyIdentityV1{platform::Uuid{{0x00,0x00,0x00,0x00,0x00,0x00,0x00,0x00,0x00,0x00,0x00,0x00,0x00,0x00,0x00,0x00}},0},
      DatatypePolicyIdentityV1{platform::Uuid{{0x00,0x00,0x00,0x00,0x00,0x00,0x00,0x00,0x00,0x00,0x00,0x00,0x00,0x00,0x00,0x00}},0},
      DatatypePolicyIdentityV1{platform::Uuid{{0x00,0x00,0x00,0x00,0x00,0x00,0x00,0x00,0x00,0x00,0x00,0x00,0x00,0x00,0x00,0x00}},0}},
    DatatypeTypeCodecIdentityRowV3{
      DatatypeTypeCodecIdentityRowV1{platform::Uuid{{0x01,0x9d,0x00,0x00,0x00,0x00,0x70,0x00,0x80,0x00,0x00,0x00,0x00,0x00,0xd7,0x03}},3,3,platform::Uuid{{0x01,0x9d,0x00,0x00,0x00,0x00,0x70,0x00,0x80,0x00,0x00,0x00,0x00,0x00,0xd7,0x11}},1,platform::Uuid{{0x01,0x9d,0x00,0x00,0x00,0x00,0x70,0x00,0x80,0x00,0x00,0x00,0x00,0x00,0xd7,0x12}},1,"datatype.int64.le.v1",1,1,8,false,"bigint",3,2,2,true,2,8,8,8,103,platform::Uuid{{0x00,0x00,0x00,0x00,0x00,0x00,0x00,0x00,0x00,0x00,0x00,0x00,0x00,0x00,0x00,0x00}},false,false,"","","",false,false,false,false,false,false,"",platform::Uuid{{0x00,0x00,0x00,0x00,0x00,0x00,0x00,0x00,0x00,0x00,0x00,0x00,0x00,0x00,0x00,0x00}},0,platform::Uuid{{0x00,0x00,0x00,0x00,0x00,0x00,0x00,0x00,0x00,0x00,0x00,0x00,0x00,0x00,0x00,0x00}},0,platform::Uuid{{0x00,0x00,0x00,0x00,0x00,0x00,0x00,0x00,0x00,0x00,0x00,0x00,0x00,0x00,0x00,0x00}},0,"",false},
      DatatypePolicyIdentityV1{platform::Uuid{{0x00,0x00,0x00,0x00,0x00,0x00,0x00,0x00,0x00,0x00,0x00,0x00,0x00,0x00,0x00,0x00}},0},
      DatatypePolicyIdentityV1{platform::Uuid{{0x00,0x00,0x00,0x00,0x00,0x00,0x00,0x00,0x00,0x00,0x00,0x00,0x00,0x00,0x00,0x00}},0},
      DatatypePolicyIdentityV1{platform::Uuid{{0x00,0x00,0x00,0x00,0x00,0x00,0x00,0x00,0x00,0x00,0x00,0x00,0x00,0x00,0x00,0x00}},0},
      DatatypePolicyIdentityV1{platform::Uuid{{0x00,0x00,0x00,0x00,0x00,0x00,0x00,0x00,0x00,0x00,0x00,0x00,0x00,0x00,0x00,0x00}},0},
      DatatypePolicyIdentityV1{platform::Uuid{{0x00,0x00,0x00,0x00,0x00,0x00,0x00,0x00,0x00,0x00,0x00,0x00,0x00,0x00,0x00,0x00}},0}},
    DatatypeTypeCodecIdentityRowV3{
      DatatypeTypeCodecIdentityRowV1{platform::Uuid{{0x01,0x9d,0x00,0x00,0x00,0x00,0x70,0x00,0x80,0x00,0x00,0x00,0x00,0x00,0xd7,0x03}},3,3,platform::Uuid{{0xa0,0x00,0x00,0x00,0x64,0x65,0x73,0x69,0xad,0x61,0x6c,0x00,0x00,0x00,0x00,0x00}},1,platform::Uuid{{0x01,0x9d,0x00,0x00,0x00,0x00,0x70,0x00,0x80,0x00,0x00,0x00,0x00,0x00,0xd7,0x13}},1,"datatype.decimal.base1e9.le.v1",1,1,24,false,"decimal",4,2,2,true,3,24,24,24,160,platform::Uuid{{0x00,0x00,0x00,0x00,0x00,0x00,0x00,0x00,0x00,0x00,0x00,0x00,0x00,0x00,0x00,0x00}},false,false,"","","",false,false,false,false,false,false,"",platform::Uuid{{0x00,0x00,0x00,0x00,0x00,0x00,0x00,0x00,0x00,0x00,0x00,0x00,0x00,0x00,0x00,0x00}},0,platform::Uuid{{0x00,0x00,0x00,0x00,0x00,0x00,0x00,0x00,0x00,0x00,0x00,0x00,0x00,0x00,0x00,0x00}},0,platform::Uuid{{0x00,0x00,0x00,0x00,0x00,0x00,0x00,0x00,0x00,0x00,0x00,0x00,0x00,0x00,0x00,0x00}},0,"",false},
      DatatypePolicyIdentityV1{platform::Uuid{{0x00,0x00,0x00,0x00,0x00,0x00,0x00,0x00,0x00,0x00,0x00,0x00,0x00,0x00,0x00,0x00}},0},
      DatatypePolicyIdentityV1{platform::Uuid{{0x00,0x00,0x00,0x00,0x00,0x00,0x00,0x00,0x00,0x00,0x00,0x00,0x00,0x00,0x00,0x00}},0},
      DatatypePolicyIdentityV1{platform::Uuid{{0x00,0x00,0x00,0x00,0x00,0x00,0x00,0x00,0x00,0x00,0x00,0x00,0x00,0x00,0x00,0x00}},0},
      DatatypePolicyIdentityV1{platform::Uuid{{0x00,0x00,0x00,0x00,0x00,0x00,0x00,0x00,0x00,0x00,0x00,0x00,0x00,0x00,0x00,0x00}},0},
      DatatypePolicyIdentityV1{platform::Uuid{{0x00,0x00,0x00,0x00,0x00,0x00,0x00,0x00,0x00,0x00,0x00,0x00,0x00,0x00,0x00,0x00}},0}},
    DatatypeTypeCodecIdentityRowV3{
      DatatypeTypeCodecIdentityRowV1{platform::Uuid{{0x01,0x9d,0x00,0x00,0x00,0x00,0x70,0x00,0x80,0x00,0x00,0x00,0x00,0x00,0xd7,0x03}},3,3,platform::Uuid{{0x01,0x9d,0x00,0x00,0x00,0x00,0x70,0x00,0x80,0x00,0x00,0x00,0x00,0x00,0xd7,0x14}},1,platform::Uuid{{0x01,0x9d,0x00,0x00,0x00,0x00,0x70,0x00,0x80,0x00,0x00,0x00,0x00,0x00,0xd7,0x15}},1,"datatype.int128.le.v1",1,1,16,true,"int128",5,1,2,true,2,16,16,16,104,platform::Uuid{{0x00,0x00,0x00,0x00,0x00,0x00,0x00,0x00,0x00,0x00,0x00,0x00,0x00,0x00,0x00,0x00}},false,false,"","","",false,false,false,false,false,false,"",platform::Uuid{{0x00,0x00,0x00,0x00,0x00,0x00,0x00,0x00,0x00,0x00,0x00,0x00,0x00,0x00,0x00,0x00}},0,platform::Uuid{{0x00,0x00,0x00,0x00,0x00,0x00,0x00,0x00,0x00,0x00,0x00,0x00,0x00,0x00,0x00,0x00}},0,platform::Uuid{{0x00,0x00,0x00,0x00,0x00,0x00,0x00,0x00,0x00,0x00,0x00,0x00,0x00,0x00,0x00,0x00}},0,"",false},
      DatatypePolicyIdentityV1{platform::Uuid{{0x00,0x00,0x00,0x00,0x00,0x00,0x00,0x00,0x00,0x00,0x00,0x00,0x00,0x00,0x00,0x00}},0},
      DatatypePolicyIdentityV1{platform::Uuid{{0x00,0x00,0x00,0x00,0x00,0x00,0x00,0x00,0x00,0x00,0x00,0x00,0x00,0x00,0x00,0x00}},0},
      DatatypePolicyIdentityV1{platform::Uuid{{0x00,0x00,0x00,0x00,0x00,0x00,0x00,0x00,0x00,0x00,0x00,0x00,0x00,0x00,0x00,0x00}},0},
      DatatypePolicyIdentityV1{platform::Uuid{{0x00,0x00,0x00,0x00,0x00,0x00,0x00,0x00,0x00,0x00,0x00,0x00,0x00,0x00,0x00,0x00}},0},
      DatatypePolicyIdentityV1{platform::Uuid{{0x00,0x00,0x00,0x00,0x00,0x00,0x00,0x00,0x00,0x00,0x00,0x00,0x00,0x00,0x00,0x00}},0}},
    DatatypeTypeCodecIdentityRowV3{
      DatatypeTypeCodecIdentityRowV1{platform::Uuid{{0x01,0x9d,0x00,0x00,0x00,0x00,0x70,0x00,0x80,0x00,0x00,0x00,0x00,0x00,0xd7,0x03}},3,3,platform::Uuid{{0x01,0x00,0x00,0x00,0x62,0x6f,0x7f,0x6c,0xa5,0x61,0x6e,0x00,0x00,0x00,0x00,0x00}},1,platform::Uuid{{0x01,0x00,0x00,0x00,0x62,0x6f,0x7f,0x6c,0xa5,0x61,0x6e,0x00,0x00,0x00,0x00,0x00}},1,"datatype.boolean.u8.v1",1,1,1,true,"boolean",1,1,1,false,1,1,1,1,1,platform::Uuid{{0x00,0x00,0x00,0x00,0x00,0x00,0x00,0x00,0x00,0x00,0x00,0x00,0x00,0x00,0x00,0x00}},false,false,"","","",false,false,false,false,false,false,"",platform::Uuid{{0x00,0x00,0x00,0x00,0x00,0x00,0x00,0x00,0x00,0x00,0x00,0x00,0x00,0x00,0x00,0x00}},0,platform::Uuid{{0x00,0x00,0x00,0x00,0x00,0x00,0x00,0x00,0x00,0x00,0x00,0x00,0x00,0x00,0x00,0x00}},0,platform::Uuid{{0x00,0x00,0x00,0x00,0x00,0x00,0x00,0x00,0x00,0x00,0x00,0x00,0x00,0x00,0x00,0x00}},0,"",false},
      DatatypePolicyIdentityV1{platform::Uuid{{0x00,0x00,0x00,0x00,0x00,0x00,0x00,0x00,0x00,0x00,0x00,0x00,0x00,0x00,0x00,0x00}},0},
      DatatypePolicyIdentityV1{platform::Uuid{{0x00,0x00,0x00,0x00,0x00,0x00,0x00,0x00,0x00,0x00,0x00,0x00,0x00,0x00,0x00,0x00}},0},
      DatatypePolicyIdentityV1{platform::Uuid{{0x00,0x00,0x00,0x00,0x00,0x00,0x00,0x00,0x00,0x00,0x00,0x00,0x00,0x00,0x00,0x00}},0},
      DatatypePolicyIdentityV1{platform::Uuid{{0x00,0x00,0x00,0x00,0x00,0x00,0x00,0x00,0x00,0x00,0x00,0x00,0x00,0x00,0x00,0x00}},0},
      DatatypePolicyIdentityV1{platform::Uuid{{0x00,0x00,0x00,0x00,0x00,0x00,0x00,0x00,0x00,0x00,0x00,0x00,0x00,0x00,0x00,0x00}},0}},
    DatatypeTypeCodecIdentityRowV3{
      DatatypeTypeCodecIdentityRowV1{platform::Uuid{{0x01,0x9d,0x00,0x00,0x00,0x00,0x70,0x00,0x80,0x00,0x00,0x00,0x00,0x00,0xd7,0x03}},3,3,platform::Uuid{{0x01,0x9d,0x00,0x00,0x00,0x00,0x70,0x00,0x80,0x00,0x00,0x00,0x00,0x00,0xd7,0x18}},1,platform::Uuid{{0x01,0x9d,0x00,0x00,0x00,0x00,0x70,0x00,0x80,0x00,0x00,0x00,0x00,0x00,0xd7,0x19}},1,"datatype.text.utf8.v1",1,1,0,true,"text",0,1,0,false,0,0,16777216,0,300,platform::Uuid{{0x01,0x9d,0x00,0x00,0x00,0x00,0x70,0x00,0x80,0x00,0x00,0x00,0x00,0x00,0xd7,0x1a}},true,true,"byte_sequence","exact_well_formed_UTF8_scalar_sequence_without_implicit_normalization","UTF-8",true,false,true,true,true,true,"CTB.TEXT.INVALID_ENCODING",platform::Uuid{{0x00,0x00,0x00,0x00,0x00,0x00,0x00,0x00,0x00,0x00,0x00,0x00,0x00,0x00,0x00,0x00}},0,platform::Uuid{{0x00,0x00,0x00,0x00,0x00,0x00,0x00,0x00,0x00,0x00,0x00,0x00,0x00,0x00,0x00,0x00}},0,platform::Uuid{{0x00,0x00,0x00,0x00,0x00,0x00,0x00,0x00,0x00,0x00,0x00,0x00,0x00,0x00,0x00,0x00}},0,"",false},
      DatatypePolicyIdentityV1{platform::Uuid{{0x00,0x00,0x00,0x00,0x00,0x00,0x00,0x00,0x00,0x00,0x00,0x00,0x00,0x00,0x00,0x00}},0},
      DatatypePolicyIdentityV1{platform::Uuid{{0x00,0x00,0x00,0x00,0x00,0x00,0x00,0x00,0x00,0x00,0x00,0x00,0x00,0x00,0x00,0x00}},0},
      DatatypePolicyIdentityV1{platform::Uuid{{0x00,0x00,0x00,0x00,0x00,0x00,0x00,0x00,0x00,0x00,0x00,0x00,0x00,0x00,0x00,0x00}},0},
      DatatypePolicyIdentityV1{platform::Uuid{{0x00,0x00,0x00,0x00,0x00,0x00,0x00,0x00,0x00,0x00,0x00,0x00,0x00,0x00,0x00,0x00}},0},
      DatatypePolicyIdentityV1{platform::Uuid{{0x00,0x00,0x00,0x00,0x00,0x00,0x00,0x00,0x00,0x00,0x00,0x00,0x00,0x00,0x00,0x00}},0}},
    DatatypeTypeCodecIdentityRowV3{
      DatatypeTypeCodecIdentityRowV1{platform::Uuid{{0x01,0x9d,0x00,0x00,0x00,0x00,0x70,0x00,0x80,0x00,0x00,0x00,0x00,0x00,0xd7,0x03}},3,3,platform::Uuid{{0x01,0x9d,0x00,0x00,0x00,0x00,0x70,0x00,0x80,0x00,0x00,0x00,0x00,0x00,0xd7,0x31}},1,platform::Uuid{{0x01,0x9d,0x00,0x00,0x00,0x00,0x70,0x00,0x80,0x00,0x00,0x00,0x00,0x00,0xd7,0x32}},1,"datatype.real64.ieee754.le.v1",1,1,8,true,"real64",0,1,0,false,0,8,8,8,141,platform::Uuid{{0x01,0x9d,0x00,0x00,0x00,0x00,0x70,0x00,0x80,0x00,0x00,0x00,0x00,0x00,0xd7,0x33}},false,false,"little_endian","IEEE754_binary64","",false,false,false,false,true,false,"DATATYPE.DESCRIPTOR.INVALID",platform::Uuid{{0x00,0x00,0x00,0x00,0x00,0x00,0x00,0x00,0x00,0x00,0x00,0x00,0x00,0x00,0x00,0x00}},0,platform::Uuid{{0x00,0x00,0x00,0x00,0x00,0x00,0x00,0x00,0x00,0x00,0x00,0x00,0x00,0x00,0x00,0x00}},0,platform::Uuid{{0x00,0x00,0x00,0x00,0x00,0x00,0x00,0x00,0x00,0x00,0x00,0x00,0x00,0x00,0x00,0x00}},0,"",false},
      DatatypePolicyIdentityV1{platform::Uuid{{0x00,0x00,0x00,0x00,0x00,0x00,0x00,0x00,0x00,0x00,0x00,0x00,0x00,0x00,0x00,0x00}},0},
      DatatypePolicyIdentityV1{platform::Uuid{{0x00,0x00,0x00,0x00,0x00,0x00,0x00,0x00,0x00,0x00,0x00,0x00,0x00,0x00,0x00,0x00}},0},
      DatatypePolicyIdentityV1{platform::Uuid{{0x00,0x00,0x00,0x00,0x00,0x00,0x00,0x00,0x00,0x00,0x00,0x00,0x00,0x00,0x00,0x00}},0},
      DatatypePolicyIdentityV1{platform::Uuid{{0x00,0x00,0x00,0x00,0x00,0x00,0x00,0x00,0x00,0x00,0x00,0x00,0x00,0x00,0x00,0x00}},0},
      DatatypePolicyIdentityV1{platform::Uuid{{0x00,0x00,0x00,0x00,0x00,0x00,0x00,0x00,0x00,0x00,0x00,0x00,0x00,0x00,0x00,0x00}},0}},
    DatatypeTypeCodecIdentityRowV3{
      DatatypeTypeCodecIdentityRowV1{platform::Uuid{{0x01,0x9d,0x00,0x00,0x00,0x00,0x70,0x00,0x80,0x00,0x00,0x00,0x00,0x00,0xd7,0x03}},3,3,platform::Uuid{{0x01,0x9d,0x00,0x00,0x00,0x00,0x70,0x00,0x80,0x00,0x00,0x00,0x00,0x00,0xd7,0x34}},1,platform::Uuid{{0x01,0x9d,0x00,0x00,0x00,0x00,0x70,0x00,0x80,0x00,0x00,0x00,0x00,0x00,0xd7,0x35}},1,"datatype.uuid.binary16.v1",1,1,16,true,"uuid",0,1,0,false,0,16,16,16,200,platform::Uuid{{0x01,0x9d,0x00,0x00,0x00,0x00,0x70,0x00,0x80,0x00,0x00,0x00,0x00,0x00,0xd7,0x36}},false,false,"byte_sequence","sixteen_UUID_value_octets_without_text_conversion","",false,false,false,false,true,false,"DATATYPE.DESCRIPTOR.INVALID",platform::Uuid{{0x00,0x00,0x00,0x00,0x00,0x00,0x00,0x00,0x00,0x00,0x00,0x00,0x00,0x00,0x00,0x00}},0,platform::Uuid{{0x00,0x00,0x00,0x00,0x00,0x00,0x00,0x00,0x00,0x00,0x00,0x00,0x00,0x00,0x00,0x00}},0,platform::Uuid{{0x00,0x00,0x00,0x00,0x00,0x00,0x00,0x00,0x00,0x00,0x00,0x00,0x00,0x00,0x00,0x00}},0,"",false},
      DatatypePolicyIdentityV1{platform::Uuid{{0x00,0x00,0x00,0x00,0x00,0x00,0x00,0x00,0x00,0x00,0x00,0x00,0x00,0x00,0x00,0x00}},0},
      DatatypePolicyIdentityV1{platform::Uuid{{0x00,0x00,0x00,0x00,0x00,0x00,0x00,0x00,0x00,0x00,0x00,0x00,0x00,0x00,0x00,0x00}},0},
      DatatypePolicyIdentityV1{platform::Uuid{{0x00,0x00,0x00,0x00,0x00,0x00,0x00,0x00,0x00,0x00,0x00,0x00,0x00,0x00,0x00,0x00}},0},
      DatatypePolicyIdentityV1{platform::Uuid{{0x00,0x00,0x00,0x00,0x00,0x00,0x00,0x00,0x00,0x00,0x00,0x00,0x00,0x00,0x00,0x00}},0},
      DatatypePolicyIdentityV1{platform::Uuid{{0x00,0x00,0x00,0x00,0x00,0x00,0x00,0x00,0x00,0x00,0x00,0x00,0x00,0x00,0x00,0x00}},0}},
    DatatypeTypeCodecIdentityRowV3{
      DatatypeTypeCodecIdentityRowV1{platform::Uuid{{0x01,0x9d,0x00,0x00,0x00,0x00,0x70,0x00,0x80,0x00,0x00,0x00,0x00,0x00,0xd7,0x03}},3,3,platform::Uuid{{0x01,0x9d,0x00,0x00,0x00,0x00,0x70,0x00,0x80,0x00,0x00,0x00,0x00,0x00,0xd7,0x37}},1,platform::Uuid{{0x01,0x9d,0x00,0x00,0x00,0x00,0x70,0x00,0x80,0x00,0x00,0x00,0x00,0x00,0xd7,0x38}},1,"datatype.geometry.sbp1.v1",1,1,0,true,"geometry",0,1,0,false,0,24,24,0,680,platform::Uuid{{0x01,0x9d,0x00,0x00,0x00,0x00,0x70,0x00,0x80,0x00,0x00,0x00,0x00,0x00,0xd7,0x39}},true,true,"byte_sequence","SBP1_finite_2D_point_big_endian_coordinates","",false,false,false,false,true,true,"DATATYPE.DESCRIPTOR.INVALID",platform::Uuid{{0x00,0x00,0x00,0x00,0x00,0x00,0x00,0x00,0x00,0x00,0x00,0x00,0x00,0x00,0x00,0x00}},0,platform::Uuid{{0x00,0x00,0x00,0x00,0x00,0x00,0x00,0x00,0x00,0x00,0x00,0x00,0x00,0x00,0x00,0x00}},0,platform::Uuid{{0x00,0x00,0x00,0x00,0x00,0x00,0x00,0x00,0x00,0x00,0x00,0x00,0x00,0x00,0x00,0x00}},0,"",false},
      DatatypePolicyIdentityV1{platform::Uuid{{0x00,0x00,0x00,0x00,0x00,0x00,0x00,0x00,0x00,0x00,0x00,0x00,0x00,0x00,0x00,0x00}},0},
      DatatypePolicyIdentityV1{platform::Uuid{{0x00,0x00,0x00,0x00,0x00,0x00,0x00,0x00,0x00,0x00,0x00,0x00,0x00,0x00,0x00,0x00}},0},
      DatatypePolicyIdentityV1{platform::Uuid{{0x00,0x00,0x00,0x00,0x00,0x00,0x00,0x00,0x00,0x00,0x00,0x00,0x00,0x00,0x00,0x00}},0},
      DatatypePolicyIdentityV1{platform::Uuid{{0x00,0x00,0x00,0x00,0x00,0x00,0x00,0x00,0x00,0x00,0x00,0x00,0x00,0x00,0x00,0x00}},0},
      DatatypePolicyIdentityV1{platform::Uuid{{0x00,0x00,0x00,0x00,0x00,0x00,0x00,0x00,0x00,0x00,0x00,0x00,0x00,0x00,0x00,0x00}},0}},
    DatatypeTypeCodecIdentityRowV3{
      DatatypeTypeCodecIdentityRowV1{platform::Uuid{{0x01,0x9d,0x00,0x00,0x00,0x00,0x70,0x00,0x80,0x00,0x00,0x00,0x00,0x00,0xd7,0x03}},3,3,platform::Uuid{{0x01,0x9d,0x00,0x00,0x00,0x00,0x70,0x00,0x80,0x00,0x00,0x00,0x00,0x00,0xd7,0x3a}},1,platform::Uuid{{0x01,0x9d,0x00,0x00,0x00,0x00,0x70,0x00,0x80,0x00,0x00,0x00,0x00,0x00,0xd7,0x3b}},1,"datatype.uint64.le.v1",1,1,8,true,"uint64",0,1,0,false,0,8,8,8,123,platform::Uuid{{0x01,0x9d,0x00,0x00,0x00,0x00,0x70,0x00,0x80,0x00,0x00,0x00,0x00,0x00,0xd7,0x3c}},false,false,"little_endian","unsigned_64_bit_integer","",false,false,false,false,true,false,"DATATYPE.DESCRIPTOR.INVALID",platform::Uuid{{0x00,0x00,0x00,0x00,0x00,0x00,0x00,0x00,0x00,0x00,0x00,0x00,0x00,0x00,0x00,0x00}},0,platform::Uuid{{0x00,0x00,0x00,0x00,0x00,0x00,0x00,0x00,0x00,0x00,0x00,0x00,0x00,0x00,0x00,0x00}},0,platform::Uuid{{0x00,0x00,0x00,0x00,0x00,0x00,0x00,0x00,0x00,0x00,0x00,0x00,0x00,0x00,0x00,0x00}},0,"",false},
      DatatypePolicyIdentityV1{platform::Uuid{{0x00,0x00,0x00,0x00,0x00,0x00,0x00,0x00,0x00,0x00,0x00,0x00,0x00,0x00,0x00,0x00}},0},
      DatatypePolicyIdentityV1{platform::Uuid{{0x00,0x00,0x00,0x00,0x00,0x00,0x00,0x00,0x00,0x00,0x00,0x00,0x00,0x00,0x00,0x00}},0},
      DatatypePolicyIdentityV1{platform::Uuid{{0x00,0x00,0x00,0x00,0x00,0x00,0x00,0x00,0x00,0x00,0x00,0x00,0x00,0x00,0x00,0x00}},0},
      DatatypePolicyIdentityV1{platform::Uuid{{0x00,0x00,0x00,0x00,0x00,0x00,0x00,0x00,0x00,0x00,0x00,0x00,0x00,0x00,0x00,0x00}},0},
      DatatypePolicyIdentityV1{platform::Uuid{{0x00,0x00,0x00,0x00,0x00,0x00,0x00,0x00,0x00,0x00,0x00,0x00,0x00,0x00,0x00,0x00}},0}},
    DatatypeTypeCodecIdentityRowV3{
      DatatypeTypeCodecIdentityRowV1{platform::Uuid{{0x01,0x9d,0x00,0x00,0x00,0x00,0x70,0x00,0x80,0x00,0x00,0x00,0x00,0x00,0xd7,0x03}},3,3,platform::Uuid{{0x01,0x9d,0x00,0x00,0x00,0x00,0x70,0x00,0x80,0x00,0x00,0x00,0x00,0x00,0xd7,0x3d}},1,platform::Uuid{{0x01,0x9d,0x00,0x00,0x00,0x00,0x70,0x00,0x80,0x00,0x00,0x00,0x00,0x00,0xd7,0x3e}},1,"datatype.json.utf8.v1",1,1,0,true,"json_document",0,1,0,false,0,1,16777216,0,601,platform::Uuid{{0x01,0x9d,0x00,0x00,0x00,0x00,0x70,0x00,0x80,0x00,0x00,0x00,0x00,0x00,0xd7,0x3f}},true,true,"byte_sequence","well_formed_UTF8_JSON_document","",false,false,false,false,true,true,"DATATYPE.DESCRIPTOR.INVALID",platform::Uuid{{0x00,0x00,0x00,0x00,0x00,0x00,0x00,0x00,0x00,0x00,0x00,0x00,0x00,0x00,0x00,0x00}},0,platform::Uuid{{0x00,0x00,0x00,0x00,0x00,0x00,0x00,0x00,0x00,0x00,0x00,0x00,0x00,0x00,0x00,0x00}},0,platform::Uuid{{0x00,0x00,0x00,0x00,0x00,0x00,0x00,0x00,0x00,0x00,0x00,0x00,0x00,0x00,0x00,0x00}},0,"",false},
      DatatypePolicyIdentityV1{platform::Uuid{{0x00,0x00,0x00,0x00,0x00,0x00,0x00,0x00,0x00,0x00,0x00,0x00,0x00,0x00,0x00,0x00}},0},
      DatatypePolicyIdentityV1{platform::Uuid{{0x00,0x00,0x00,0x00,0x00,0x00,0x00,0x00,0x00,0x00,0x00,0x00,0x00,0x00,0x00,0x00}},0},
      DatatypePolicyIdentityV1{platform::Uuid{{0x00,0x00,0x00,0x00,0x00,0x00,0x00,0x00,0x00,0x00,0x00,0x00,0x00,0x00,0x00,0x00}},0},
      DatatypePolicyIdentityV1{platform::Uuid{{0x00,0x00,0x00,0x00,0x00,0x00,0x00,0x00,0x00,0x00,0x00,0x00,0x00,0x00,0x00,0x00}},0},
      DatatypePolicyIdentityV1{platform::Uuid{{0x00,0x00,0x00,0x00,0x00,0x00,0x00,0x00,0x00,0x00,0x00,0x00,0x00,0x00,0x00,0x00}},0}},
    DatatypeTypeCodecIdentityRowV3{
      DatatypeTypeCodecIdentityRowV1{platform::Uuid{{0x01,0x9d,0x00,0x00,0x00,0x00,0x70,0x00,0x80,0x00,0x00,0x00,0x00,0x00,0xd7,0x03}},3,3,platform::Uuid{{0x01,0x9d,0x00,0x00,0x00,0x00,0x70,0x00,0x80,0x00,0x00,0x00,0x00,0x00,0xd7,0x40}},1,platform::Uuid{{0x01,0x9d,0x00,0x00,0x00,0x00,0x70,0x00,0x80,0x00,0x00,0x00,0x00,0x00,0xd7,0x41}},1,"datatype.list.text.framed.v1",1,1,0,true,"list",0,1,0,false,0,12,16777216,0,623,platform::Uuid{{0x01,0x9d,0x00,0x00,0x00,0x00,0x70,0x00,0x80,0x00,0x00,0x00,0x00,0x00,0xd7,0x42}},true,true,"byte_sequence","nullable_TEXT_list_SBTL0001","",false,false,false,false,true,true,"DATATYPE.DESCRIPTOR.INVALID",platform::Uuid{{0x00,0x00,0x00,0x00,0x00,0x00,0x00,0x00,0x00,0x00,0x00,0x00,0x00,0x00,0x00,0x00}},0,platform::Uuid{{0x00,0x00,0x00,0x00,0x00,0x00,0x00,0x00,0x00,0x00,0x00,0x00,0x00,0x00,0x00,0x00}},0,platform::Uuid{{0x00,0x00,0x00,0x00,0x00,0x00,0x00,0x00,0x00,0x00,0x00,0x00,0x00,0x00,0x00,0x00}},0,"",false},
      DatatypePolicyIdentityV1{platform::Uuid{{0x00,0x00,0x00,0x00,0x00,0x00,0x00,0x00,0x00,0x00,0x00,0x00,0x00,0x00,0x00,0x00}},0},
      DatatypePolicyIdentityV1{platform::Uuid{{0x00,0x00,0x00,0x00,0x00,0x00,0x00,0x00,0x00,0x00,0x00,0x00,0x00,0x00,0x00,0x00}},0},
      DatatypePolicyIdentityV1{platform::Uuid{{0x00,0x00,0x00,0x00,0x00,0x00,0x00,0x00,0x00,0x00,0x00,0x00,0x00,0x00,0x00,0x00}},0},
      DatatypePolicyIdentityV1{platform::Uuid{{0x00,0x00,0x00,0x00,0x00,0x00,0x00,0x00,0x00,0x00,0x00,0x00,0x00,0x00,0x00,0x00}},0},
      DatatypePolicyIdentityV1{platform::Uuid{{0x00,0x00,0x00,0x00,0x00,0x00,0x00,0x00,0x00,0x00,0x00,0x00,0x00,0x00,0x00,0x00}},0}},
    DatatypeTypeCodecIdentityRowV3{
      DatatypeTypeCodecIdentityRowV1{platform::Uuid{{0x01,0x9d,0x00,0x00,0x00,0x00,0x70,0x00,0x80,0x00,0x00,0x00,0x00,0x00,0xd7,0x03}},3,3,platform::Uuid{{0x2d,0x01,0x00,0x00,0x62,0x69,0x7e,0x61,0xb2,0x79,0x00,0x00,0x00,0x00,0x00,0x00}},1,platform::Uuid{{0x01,0x9d,0x00,0x00,0x00,0x00,0x70,0x00,0x80,0x00,0x00,0x00,0x00,0x00,0xd7,0x43}},1,"datatype.binary.octets.v1",1,1,0,true,"binary",0,1,0,false,0,0,16777216,0,301,platform::Uuid{{0x01,0x9d,0x00,0x00,0x00,0x00,0x70,0x00,0x80,0x00,0x00,0x00,0x00,0x00,0xd7,0x44}},true,true,"byte_sequence","exact_octets_without_text_conversion","",false,false,false,true,true,true,"DATATYPE.DESCRIPTOR.INVALID",platform::Uuid{{0x00,0x00,0x00,0x00,0x00,0x00,0x00,0x00,0x00,0x00,0x00,0x00,0x00,0x00,0x00,0x00}},0,platform::Uuid{{0x00,0x00,0x00,0x00,0x00,0x00,0x00,0x00,0x00,0x00,0x00,0x00,0x00,0x00,0x00,0x00}},0,platform::Uuid{{0x00,0x00,0x00,0x00,0x00,0x00,0x00,0x00,0x00,0x00,0x00,0x00,0x00,0x00,0x00,0x00}},0,"",false},
      DatatypePolicyIdentityV1{platform::Uuid{{0x01,0xa0,0xfe,0xa5,0x8a,0x12,0x7d,0xa5,0x9d,0x9d,0x83,0x9b,0xc8,0x1b,0x09,0xca}},1},
      DatatypePolicyIdentityV1{platform::Uuid{{0x01,0xa0,0xfe,0xa5,0x8a,0x12,0x74,0x66,0x9a,0xdb,0xe2,0x54,0x64,0xc6,0x5b,0x6a}},1},
      DatatypePolicyIdentityV1{platform::Uuid{{0x01,0xa0,0xfe,0xa5,0x8a,0x12,0x70,0x73,0xa5,0xb7,0x32,0x60,0x6c,0xd0,0x91,0xe6}},1},
      DatatypePolicyIdentityV1{platform::Uuid{{0x01,0xa0,0xfe,0xa5,0x8a,0x12,0x73,0x7b,0xa4,0x82,0xe6,0x96,0xfe,0x71,0x41,0xf8}},1},
      DatatypePolicyIdentityV1{platform::Uuid{{0x00,0x00,0x00,0x00,0x00,0x00,0x00,0x00,0x00,0x00,0x00,0x00,0x00,0x00,0x00,0x00}},0}},
    DatatypeTypeCodecIdentityRowV3{
      DatatypeTypeCodecIdentityRowV1{platform::Uuid{{0x01,0x9d,0x00,0x00,0x00,0x00,0x70,0x00,0x80,0x00,0x00,0x00,0x00,0x00,0xd7,0x04}},4,4,platform::Uuid{{0x01,0x9d,0x00,0x00,0x00,0x00,0x70,0x00,0x80,0x00,0x00,0x00,0x00,0x00,0xd7,0x16}},1,platform::Uuid{{0x01,0x9d,0x00,0x00,0x00,0x00,0x70,0x00,0x80,0x00,0x00,0x00,0x00,0x00,0xd7,0x17}},1,"datatype.int32.le.v1",1,1,4,true,"int32",2,1,2,true,2,4,4,4,102,platform::Uuid{{0x00,0x00,0x00,0x00,0x00,0x00,0x00,0x00,0x00,0x00,0x00,0x00,0x00,0x00,0x00,0x00}},false,false,"","","",false,false,false,false,false,false,"",platform::Uuid{{0x00,0x00,0x00,0x00,0x00,0x00,0x00,0x00,0x00,0x00,0x00,0x00,0x00,0x00,0x00,0x00}},0,platform::Uuid{{0x00,0x00,0x00,0x00,0x00,0x00,0x00,0x00,0x00,0x00,0x00,0x00,0x00,0x00,0x00,0x00}},0,platform::Uuid{{0x00,0x00,0x00,0x00,0x00,0x00,0x00,0x00,0x00,0x00,0x00,0x00,0x00,0x00,0x00,0x00}},0,"",false},
      DatatypePolicyIdentityV1{platform::Uuid{{0x00,0x00,0x00,0x00,0x00,0x00,0x00,0x00,0x00,0x00,0x00,0x00,0x00,0x00,0x00,0x00}},0},
      DatatypePolicyIdentityV1{platform::Uuid{{0x00,0x00,0x00,0x00,0x00,0x00,0x00,0x00,0x00,0x00,0x00,0x00,0x00,0x00,0x00,0x00}},0},
      DatatypePolicyIdentityV1{platform::Uuid{{0x00,0x00,0x00,0x00,0x00,0x00,0x00,0x00,0x00,0x00,0x00,0x00,0x00,0x00,0x00,0x00}},0},
      DatatypePolicyIdentityV1{platform::Uuid{{0x00,0x00,0x00,0x00,0x00,0x00,0x00,0x00,0x00,0x00,0x00,0x00,0x00,0x00,0x00,0x00}},0},
      DatatypePolicyIdentityV1{platform::Uuid{{0x00,0x00,0x00,0x00,0x00,0x00,0x00,0x00,0x00,0x00,0x00,0x00,0x00,0x00,0x00,0x00}},0}},
    DatatypeTypeCodecIdentityRowV3{
      DatatypeTypeCodecIdentityRowV1{platform::Uuid{{0x01,0x9d,0x00,0x00,0x00,0x00,0x70,0x00,0x80,0x00,0x00,0x00,0x00,0x00,0xd7,0x04}},4,4,platform::Uuid{{0x01,0x9d,0x00,0x00,0x00,0x00,0x70,0x00,0x80,0x00,0x00,0x00,0x00,0x00,0xd7,0x11}},1,platform::Uuid{{0x01,0x9d,0x00,0x00,0x00,0x00,0x70,0x00,0x80,0x00,0x00,0x00,0x00,0x00,0xd7,0x12}},1,"datatype.int64.le.v1",1,1,8,false,"bigint",3,2,2,true,2,8,8,8,103,platform::Uuid{{0x00,0x00,0x00,0x00,0x00,0x00,0x00,0x00,0x00,0x00,0x00,0x00,0x00,0x00,0x00,0x00}},false,false,"","","",false,false,false,false,false,false,"",platform::Uuid{{0x00,0x00,0x00,0x00,0x00,0x00,0x00,0x00,0x00,0x00,0x00,0x00,0x00,0x00,0x00,0x00}},0,platform::Uuid{{0x00,0x00,0x00,0x00,0x00,0x00,0x00,0x00,0x00,0x00,0x00,0x00,0x00,0x00,0x00,0x00}},0,platform::Uuid{{0x00,0x00,0x00,0x00,0x00,0x00,0x00,0x00,0x00,0x00,0x00,0x00,0x00,0x00,0x00,0x00}},0,"",false},
      DatatypePolicyIdentityV1{platform::Uuid{{0x00,0x00,0x00,0x00,0x00,0x00,0x00,0x00,0x00,0x00,0x00,0x00,0x00,0x00,0x00,0x00}},0},
      DatatypePolicyIdentityV1{platform::Uuid{{0x00,0x00,0x00,0x00,0x00,0x00,0x00,0x00,0x00,0x00,0x00,0x00,0x00,0x00,0x00,0x00}},0},
      DatatypePolicyIdentityV1{platform::Uuid{{0x00,0x00,0x00,0x00,0x00,0x00,0x00,0x00,0x00,0x00,0x00,0x00,0x00,0x00,0x00,0x00}},0},
      DatatypePolicyIdentityV1{platform::Uuid{{0x00,0x00,0x00,0x00,0x00,0x00,0x00,0x00,0x00,0x00,0x00,0x00,0x00,0x00,0x00,0x00}},0},
      DatatypePolicyIdentityV1{platform::Uuid{{0x00,0x00,0x00,0x00,0x00,0x00,0x00,0x00,0x00,0x00,0x00,0x00,0x00,0x00,0x00,0x00}},0}},
    DatatypeTypeCodecIdentityRowV3{
      DatatypeTypeCodecIdentityRowV1{platform::Uuid{{0x01,0x9d,0x00,0x00,0x00,0x00,0x70,0x00,0x80,0x00,0x00,0x00,0x00,0x00,0xd7,0x04}},4,4,platform::Uuid{{0xa0,0x00,0x00,0x00,0x64,0x65,0x73,0x69,0xad,0x61,0x6c,0x00,0x00,0x00,0x00,0x00}},1,platform::Uuid{{0x01,0x9d,0x00,0x00,0x00,0x00,0x70,0x00,0x80,0x00,0x00,0x00,0x00,0x00,0xd7,0x13}},1,"datatype.decimal.base1e9.le.v1",1,1,24,false,"decimal",4,2,2,true,3,24,24,24,160,platform::Uuid{{0x00,0x00,0x00,0x00,0x00,0x00,0x00,0x00,0x00,0x00,0x00,0x00,0x00,0x00,0x00,0x00}},false,false,"","","",false,false,false,false,false,false,"",platform::Uuid{{0x00,0x00,0x00,0x00,0x00,0x00,0x00,0x00,0x00,0x00,0x00,0x00,0x00,0x00,0x00,0x00}},0,platform::Uuid{{0x00,0x00,0x00,0x00,0x00,0x00,0x00,0x00,0x00,0x00,0x00,0x00,0x00,0x00,0x00,0x00}},0,platform::Uuid{{0x00,0x00,0x00,0x00,0x00,0x00,0x00,0x00,0x00,0x00,0x00,0x00,0x00,0x00,0x00,0x00}},0,"",false},
      DatatypePolicyIdentityV1{platform::Uuid{{0x00,0x00,0x00,0x00,0x00,0x00,0x00,0x00,0x00,0x00,0x00,0x00,0x00,0x00,0x00,0x00}},0},
      DatatypePolicyIdentityV1{platform::Uuid{{0x00,0x00,0x00,0x00,0x00,0x00,0x00,0x00,0x00,0x00,0x00,0x00,0x00,0x00,0x00,0x00}},0},
      DatatypePolicyIdentityV1{platform::Uuid{{0x00,0x00,0x00,0x00,0x00,0x00,0x00,0x00,0x00,0x00,0x00,0x00,0x00,0x00,0x00,0x00}},0},
      DatatypePolicyIdentityV1{platform::Uuid{{0x00,0x00,0x00,0x00,0x00,0x00,0x00,0x00,0x00,0x00,0x00,0x00,0x00,0x00,0x00,0x00}},0},
      DatatypePolicyIdentityV1{platform::Uuid{{0x00,0x00,0x00,0x00,0x00,0x00,0x00,0x00,0x00,0x00,0x00,0x00,0x00,0x00,0x00,0x00}},0}},
    DatatypeTypeCodecIdentityRowV3{
      DatatypeTypeCodecIdentityRowV1{platform::Uuid{{0x01,0x9d,0x00,0x00,0x00,0x00,0x70,0x00,0x80,0x00,0x00,0x00,0x00,0x00,0xd7,0x04}},4,4,platform::Uuid{{0x01,0x9d,0x00,0x00,0x00,0x00,0x70,0x00,0x80,0x00,0x00,0x00,0x00,0x00,0xd7,0x14}},1,platform::Uuid{{0x01,0x9d,0x00,0x00,0x00,0x00,0x70,0x00,0x80,0x00,0x00,0x00,0x00,0x00,0xd7,0x15}},1,"datatype.int128.le.v1",1,1,16,true,"int128",5,1,2,true,2,16,16,16,104,platform::Uuid{{0x00,0x00,0x00,0x00,0x00,0x00,0x00,0x00,0x00,0x00,0x00,0x00,0x00,0x00,0x00,0x00}},false,false,"","","",false,false,false,false,false,false,"",platform::Uuid{{0x00,0x00,0x00,0x00,0x00,0x00,0x00,0x00,0x00,0x00,0x00,0x00,0x00,0x00,0x00,0x00}},0,platform::Uuid{{0x00,0x00,0x00,0x00,0x00,0x00,0x00,0x00,0x00,0x00,0x00,0x00,0x00,0x00,0x00,0x00}},0,platform::Uuid{{0x00,0x00,0x00,0x00,0x00,0x00,0x00,0x00,0x00,0x00,0x00,0x00,0x00,0x00,0x00,0x00}},0,"",false},
      DatatypePolicyIdentityV1{platform::Uuid{{0x00,0x00,0x00,0x00,0x00,0x00,0x00,0x00,0x00,0x00,0x00,0x00,0x00,0x00,0x00,0x00}},0},
      DatatypePolicyIdentityV1{platform::Uuid{{0x00,0x00,0x00,0x00,0x00,0x00,0x00,0x00,0x00,0x00,0x00,0x00,0x00,0x00,0x00,0x00}},0},
      DatatypePolicyIdentityV1{platform::Uuid{{0x00,0x00,0x00,0x00,0x00,0x00,0x00,0x00,0x00,0x00,0x00,0x00,0x00,0x00,0x00,0x00}},0},
      DatatypePolicyIdentityV1{platform::Uuid{{0x00,0x00,0x00,0x00,0x00,0x00,0x00,0x00,0x00,0x00,0x00,0x00,0x00,0x00,0x00,0x00}},0},
      DatatypePolicyIdentityV1{platform::Uuid{{0x00,0x00,0x00,0x00,0x00,0x00,0x00,0x00,0x00,0x00,0x00,0x00,0x00,0x00,0x00,0x00}},0}},
    DatatypeTypeCodecIdentityRowV3{
      DatatypeTypeCodecIdentityRowV1{platform::Uuid{{0x01,0x9d,0x00,0x00,0x00,0x00,0x70,0x00,0x80,0x00,0x00,0x00,0x00,0x00,0xd7,0x04}},4,4,platform::Uuid{{0x01,0x00,0x00,0x00,0x62,0x6f,0x7f,0x6c,0xa5,0x61,0x6e,0x00,0x00,0x00,0x00,0x00}},1,platform::Uuid{{0x01,0x00,0x00,0x00,0x62,0x6f,0x7f,0x6c,0xa5,0x61,0x6e,0x00,0x00,0x00,0x00,0x00}},1,"datatype.boolean.u8.v1",1,1,1,true,"boolean",1,1,1,false,1,1,1,1,1,platform::Uuid{{0x00,0x00,0x00,0x00,0x00,0x00,0x00,0x00,0x00,0x00,0x00,0x00,0x00,0x00,0x00,0x00}},false,false,"","","",false,false,false,false,false,false,"",platform::Uuid{{0x00,0x00,0x00,0x00,0x00,0x00,0x00,0x00,0x00,0x00,0x00,0x00,0x00,0x00,0x00,0x00}},0,platform::Uuid{{0x00,0x00,0x00,0x00,0x00,0x00,0x00,0x00,0x00,0x00,0x00,0x00,0x00,0x00,0x00,0x00}},0,platform::Uuid{{0x00,0x00,0x00,0x00,0x00,0x00,0x00,0x00,0x00,0x00,0x00,0x00,0x00,0x00,0x00,0x00}},0,"",false},
      DatatypePolicyIdentityV1{platform::Uuid{{0x00,0x00,0x00,0x00,0x00,0x00,0x00,0x00,0x00,0x00,0x00,0x00,0x00,0x00,0x00,0x00}},0},
      DatatypePolicyIdentityV1{platform::Uuid{{0x00,0x00,0x00,0x00,0x00,0x00,0x00,0x00,0x00,0x00,0x00,0x00,0x00,0x00,0x00,0x00}},0},
      DatatypePolicyIdentityV1{platform::Uuid{{0x00,0x00,0x00,0x00,0x00,0x00,0x00,0x00,0x00,0x00,0x00,0x00,0x00,0x00,0x00,0x00}},0},
      DatatypePolicyIdentityV1{platform::Uuid{{0x00,0x00,0x00,0x00,0x00,0x00,0x00,0x00,0x00,0x00,0x00,0x00,0x00,0x00,0x00,0x00}},0},
      DatatypePolicyIdentityV1{platform::Uuid{{0x00,0x00,0x00,0x00,0x00,0x00,0x00,0x00,0x00,0x00,0x00,0x00,0x00,0x00,0x00,0x00}},0}},
    DatatypeTypeCodecIdentityRowV3{
      DatatypeTypeCodecIdentityRowV1{platform::Uuid{{0x01,0x9d,0x00,0x00,0x00,0x00,0x70,0x00,0x80,0x00,0x00,0x00,0x00,0x00,0xd7,0x04}},4,4,platform::Uuid{{0x01,0x9d,0x00,0x00,0x00,0x00,0x70,0x00,0x80,0x00,0x00,0x00,0x00,0x00,0xd7,0x18}},1,platform::Uuid{{0x01,0x9d,0x00,0x00,0x00,0x00,0x70,0x00,0x80,0x00,0x00,0x00,0x00,0x00,0xd7,0x19}},1,"datatype.text.utf8.v1",1,1,0,true,"text",0,1,0,false,0,0,16777216,0,300,platform::Uuid{{0x01,0x9d,0x00,0x00,0x00,0x00,0x70,0x00,0x80,0x00,0x00,0x00,0x00,0x00,0xd7,0x1a}},true,true,"byte_sequence","exact_well_formed_UTF8_scalar_sequence_without_implicit_normalization","UTF-8",true,false,true,true,true,true,"CTB.TEXT.INVALID_ENCODING",platform::Uuid{{0x00,0x00,0x00,0x00,0x00,0x00,0x00,0x00,0x00,0x00,0x00,0x00,0x00,0x00,0x00,0x00}},0,platform::Uuid{{0x00,0x00,0x00,0x00,0x00,0x00,0x00,0x00,0x00,0x00,0x00,0x00,0x00,0x00,0x00,0x00}},0,platform::Uuid{{0x00,0x00,0x00,0x00,0x00,0x00,0x00,0x00,0x00,0x00,0x00,0x00,0x00,0x00,0x00,0x00}},0,"",false},
      DatatypePolicyIdentityV1{platform::Uuid{{0x00,0x00,0x00,0x00,0x00,0x00,0x00,0x00,0x00,0x00,0x00,0x00,0x00,0x00,0x00,0x00}},0},
      DatatypePolicyIdentityV1{platform::Uuid{{0x00,0x00,0x00,0x00,0x00,0x00,0x00,0x00,0x00,0x00,0x00,0x00,0x00,0x00,0x00,0x00}},0},
      DatatypePolicyIdentityV1{platform::Uuid{{0x00,0x00,0x00,0x00,0x00,0x00,0x00,0x00,0x00,0x00,0x00,0x00,0x00,0x00,0x00,0x00}},0},
      DatatypePolicyIdentityV1{platform::Uuid{{0x00,0x00,0x00,0x00,0x00,0x00,0x00,0x00,0x00,0x00,0x00,0x00,0x00,0x00,0x00,0x00}},0},
      DatatypePolicyIdentityV1{platform::Uuid{{0x00,0x00,0x00,0x00,0x00,0x00,0x00,0x00,0x00,0x00,0x00,0x00,0x00,0x00,0x00,0x00}},0}},
    DatatypeTypeCodecIdentityRowV3{
      DatatypeTypeCodecIdentityRowV1{platform::Uuid{{0x01,0x9d,0x00,0x00,0x00,0x00,0x70,0x00,0x80,0x00,0x00,0x00,0x00,0x00,0xd7,0x04}},4,4,platform::Uuid{{0x01,0x9d,0x00,0x00,0x00,0x00,0x70,0x00,0x80,0x00,0x00,0x00,0x00,0x00,0xd7,0x31}},1,platform::Uuid{{0x01,0x9d,0x00,0x00,0x00,0x00,0x70,0x00,0x80,0x00,0x00,0x00,0x00,0x00,0xd7,0x32}},1,"datatype.real64.ieee754.le.v1",1,1,8,true,"real64",0,1,0,false,0,8,8,8,141,platform::Uuid{{0x01,0x9d,0x00,0x00,0x00,0x00,0x70,0x00,0x80,0x00,0x00,0x00,0x00,0x00,0xd7,0x33}},false,false,"little_endian","IEEE754_binary64","",false,false,false,false,true,false,"DATATYPE.DESCRIPTOR.INVALID",platform::Uuid{{0x00,0x00,0x00,0x00,0x00,0x00,0x00,0x00,0x00,0x00,0x00,0x00,0x00,0x00,0x00,0x00}},0,platform::Uuid{{0x00,0x00,0x00,0x00,0x00,0x00,0x00,0x00,0x00,0x00,0x00,0x00,0x00,0x00,0x00,0x00}},0,platform::Uuid{{0x00,0x00,0x00,0x00,0x00,0x00,0x00,0x00,0x00,0x00,0x00,0x00,0x00,0x00,0x00,0x00}},0,"",false},
      DatatypePolicyIdentityV1{platform::Uuid{{0x00,0x00,0x00,0x00,0x00,0x00,0x00,0x00,0x00,0x00,0x00,0x00,0x00,0x00,0x00,0x00}},0},
      DatatypePolicyIdentityV1{platform::Uuid{{0x00,0x00,0x00,0x00,0x00,0x00,0x00,0x00,0x00,0x00,0x00,0x00,0x00,0x00,0x00,0x00}},0},
      DatatypePolicyIdentityV1{platform::Uuid{{0x00,0x00,0x00,0x00,0x00,0x00,0x00,0x00,0x00,0x00,0x00,0x00,0x00,0x00,0x00,0x00}},0},
      DatatypePolicyIdentityV1{platform::Uuid{{0x00,0x00,0x00,0x00,0x00,0x00,0x00,0x00,0x00,0x00,0x00,0x00,0x00,0x00,0x00,0x00}},0},
      DatatypePolicyIdentityV1{platform::Uuid{{0x00,0x00,0x00,0x00,0x00,0x00,0x00,0x00,0x00,0x00,0x00,0x00,0x00,0x00,0x00,0x00}},0}},
    DatatypeTypeCodecIdentityRowV3{
      DatatypeTypeCodecIdentityRowV1{platform::Uuid{{0x01,0x9d,0x00,0x00,0x00,0x00,0x70,0x00,0x80,0x00,0x00,0x00,0x00,0x00,0xd7,0x04}},4,4,platform::Uuid{{0x01,0x9d,0x00,0x00,0x00,0x00,0x70,0x00,0x80,0x00,0x00,0x00,0x00,0x00,0xd7,0x34}},1,platform::Uuid{{0x01,0x9d,0x00,0x00,0x00,0x00,0x70,0x00,0x80,0x00,0x00,0x00,0x00,0x00,0xd7,0x35}},1,"datatype.uuid.binary16.v1",1,1,16,true,"uuid",0,1,0,false,0,16,16,16,200,platform::Uuid{{0x01,0x9d,0x00,0x00,0x00,0x00,0x70,0x00,0x80,0x00,0x00,0x00,0x00,0x00,0xd7,0x36}},false,false,"byte_sequence","sixteen_UUID_value_octets_without_text_conversion","",false,false,false,false,true,false,"DATATYPE.DESCRIPTOR.INVALID",platform::Uuid{{0x00,0x00,0x00,0x00,0x00,0x00,0x00,0x00,0x00,0x00,0x00,0x00,0x00,0x00,0x00,0x00}},0,platform::Uuid{{0x00,0x00,0x00,0x00,0x00,0x00,0x00,0x00,0x00,0x00,0x00,0x00,0x00,0x00,0x00,0x00}},0,platform::Uuid{{0x00,0x00,0x00,0x00,0x00,0x00,0x00,0x00,0x00,0x00,0x00,0x00,0x00,0x00,0x00,0x00}},0,"",false},
      DatatypePolicyIdentityV1{platform::Uuid{{0x00,0x00,0x00,0x00,0x00,0x00,0x00,0x00,0x00,0x00,0x00,0x00,0x00,0x00,0x00,0x00}},0},
      DatatypePolicyIdentityV1{platform::Uuid{{0x00,0x00,0x00,0x00,0x00,0x00,0x00,0x00,0x00,0x00,0x00,0x00,0x00,0x00,0x00,0x00}},0},
      DatatypePolicyIdentityV1{platform::Uuid{{0x00,0x00,0x00,0x00,0x00,0x00,0x00,0x00,0x00,0x00,0x00,0x00,0x00,0x00,0x00,0x00}},0},
      DatatypePolicyIdentityV1{platform::Uuid{{0x00,0x00,0x00,0x00,0x00,0x00,0x00,0x00,0x00,0x00,0x00,0x00,0x00,0x00,0x00,0x00}},0},
      DatatypePolicyIdentityV1{platform::Uuid{{0x00,0x00,0x00,0x00,0x00,0x00,0x00,0x00,0x00,0x00,0x00,0x00,0x00,0x00,0x00,0x00}},0}},
    DatatypeTypeCodecIdentityRowV3{
      DatatypeTypeCodecIdentityRowV1{platform::Uuid{{0x01,0x9d,0x00,0x00,0x00,0x00,0x70,0x00,0x80,0x00,0x00,0x00,0x00,0x00,0xd7,0x04}},4,4,platform::Uuid{{0x01,0x9d,0x00,0x00,0x00,0x00,0x70,0x00,0x80,0x00,0x00,0x00,0x00,0x00,0xd7,0x37}},1,platform::Uuid{{0x01,0x9d,0x00,0x00,0x00,0x00,0x70,0x00,0x80,0x00,0x00,0x00,0x00,0x00,0xd7,0x38}},1,"datatype.geometry.sbp1.v1",1,1,0,true,"geometry",0,1,0,false,0,24,24,0,680,platform::Uuid{{0x01,0x9d,0x00,0x00,0x00,0x00,0x70,0x00,0x80,0x00,0x00,0x00,0x00,0x00,0xd7,0x39}},true,true,"byte_sequence","SBP1_finite_2D_point_big_endian_coordinates","",false,false,false,false,true,true,"DATATYPE.DESCRIPTOR.INVALID",platform::Uuid{{0x00,0x00,0x00,0x00,0x00,0x00,0x00,0x00,0x00,0x00,0x00,0x00,0x00,0x00,0x00,0x00}},0,platform::Uuid{{0x00,0x00,0x00,0x00,0x00,0x00,0x00,0x00,0x00,0x00,0x00,0x00,0x00,0x00,0x00,0x00}},0,platform::Uuid{{0x00,0x00,0x00,0x00,0x00,0x00,0x00,0x00,0x00,0x00,0x00,0x00,0x00,0x00,0x00,0x00}},0,"",false},
      DatatypePolicyIdentityV1{platform::Uuid{{0x00,0x00,0x00,0x00,0x00,0x00,0x00,0x00,0x00,0x00,0x00,0x00,0x00,0x00,0x00,0x00}},0},
      DatatypePolicyIdentityV1{platform::Uuid{{0x00,0x00,0x00,0x00,0x00,0x00,0x00,0x00,0x00,0x00,0x00,0x00,0x00,0x00,0x00,0x00}},0},
      DatatypePolicyIdentityV1{platform::Uuid{{0x00,0x00,0x00,0x00,0x00,0x00,0x00,0x00,0x00,0x00,0x00,0x00,0x00,0x00,0x00,0x00}},0},
      DatatypePolicyIdentityV1{platform::Uuid{{0x00,0x00,0x00,0x00,0x00,0x00,0x00,0x00,0x00,0x00,0x00,0x00,0x00,0x00,0x00,0x00}},0},
      DatatypePolicyIdentityV1{platform::Uuid{{0x00,0x00,0x00,0x00,0x00,0x00,0x00,0x00,0x00,0x00,0x00,0x00,0x00,0x00,0x00,0x00}},0}},
    DatatypeTypeCodecIdentityRowV3{
      DatatypeTypeCodecIdentityRowV1{platform::Uuid{{0x01,0x9d,0x00,0x00,0x00,0x00,0x70,0x00,0x80,0x00,0x00,0x00,0x00,0x00,0xd7,0x04}},4,4,platform::Uuid{{0x01,0x9d,0x00,0x00,0x00,0x00,0x70,0x00,0x80,0x00,0x00,0x00,0x00,0x00,0xd7,0x3a}},1,platform::Uuid{{0x01,0x9d,0x00,0x00,0x00,0x00,0x70,0x00,0x80,0x00,0x00,0x00,0x00,0x00,0xd7,0x3b}},1,"datatype.uint64.le.v1",1,1,8,true,"uint64",0,1,0,false,0,8,8,8,123,platform::Uuid{{0x01,0x9d,0x00,0x00,0x00,0x00,0x70,0x00,0x80,0x00,0x00,0x00,0x00,0x00,0xd7,0x3c}},false,false,"little_endian","unsigned_64_bit_integer","",false,false,false,false,true,false,"DATATYPE.DESCRIPTOR.INVALID",platform::Uuid{{0x00,0x00,0x00,0x00,0x00,0x00,0x00,0x00,0x00,0x00,0x00,0x00,0x00,0x00,0x00,0x00}},0,platform::Uuid{{0x00,0x00,0x00,0x00,0x00,0x00,0x00,0x00,0x00,0x00,0x00,0x00,0x00,0x00,0x00,0x00}},0,platform::Uuid{{0x00,0x00,0x00,0x00,0x00,0x00,0x00,0x00,0x00,0x00,0x00,0x00,0x00,0x00,0x00,0x00}},0,"",false},
      DatatypePolicyIdentityV1{platform::Uuid{{0x00,0x00,0x00,0x00,0x00,0x00,0x00,0x00,0x00,0x00,0x00,0x00,0x00,0x00,0x00,0x00}},0},
      DatatypePolicyIdentityV1{platform::Uuid{{0x00,0x00,0x00,0x00,0x00,0x00,0x00,0x00,0x00,0x00,0x00,0x00,0x00,0x00,0x00,0x00}},0},
      DatatypePolicyIdentityV1{platform::Uuid{{0x00,0x00,0x00,0x00,0x00,0x00,0x00,0x00,0x00,0x00,0x00,0x00,0x00,0x00,0x00,0x00}},0},
      DatatypePolicyIdentityV1{platform::Uuid{{0x00,0x00,0x00,0x00,0x00,0x00,0x00,0x00,0x00,0x00,0x00,0x00,0x00,0x00,0x00,0x00}},0},
      DatatypePolicyIdentityV1{platform::Uuid{{0x00,0x00,0x00,0x00,0x00,0x00,0x00,0x00,0x00,0x00,0x00,0x00,0x00,0x00,0x00,0x00}},0}},
    DatatypeTypeCodecIdentityRowV3{
      DatatypeTypeCodecIdentityRowV1{platform::Uuid{{0x01,0x9d,0x00,0x00,0x00,0x00,0x70,0x00,0x80,0x00,0x00,0x00,0x00,0x00,0xd7,0x04}},4,4,platform::Uuid{{0x01,0x9d,0x00,0x00,0x00,0x00,0x70,0x00,0x80,0x00,0x00,0x00,0x00,0x00,0xd7,0x3d}},1,platform::Uuid{{0x01,0x9d,0x00,0x00,0x00,0x00,0x70,0x00,0x80,0x00,0x00,0x00,0x00,0x00,0xd7,0x3e}},1,"datatype.json.utf8.v1",1,1,0,true,"json_document",0,1,0,false,0,1,16777216,0,601,platform::Uuid{{0x01,0x9d,0x00,0x00,0x00,0x00,0x70,0x00,0x80,0x00,0x00,0x00,0x00,0x00,0xd7,0x3f}},true,true,"byte_sequence","well_formed_UTF8_JSON_document","",false,false,false,false,true,true,"DATATYPE.DESCRIPTOR.INVALID",platform::Uuid{{0x00,0x00,0x00,0x00,0x00,0x00,0x00,0x00,0x00,0x00,0x00,0x00,0x00,0x00,0x00,0x00}},0,platform::Uuid{{0x00,0x00,0x00,0x00,0x00,0x00,0x00,0x00,0x00,0x00,0x00,0x00,0x00,0x00,0x00,0x00}},0,platform::Uuid{{0x00,0x00,0x00,0x00,0x00,0x00,0x00,0x00,0x00,0x00,0x00,0x00,0x00,0x00,0x00,0x00}},0,"",false},
      DatatypePolicyIdentityV1{platform::Uuid{{0x00,0x00,0x00,0x00,0x00,0x00,0x00,0x00,0x00,0x00,0x00,0x00,0x00,0x00,0x00,0x00}},0},
      DatatypePolicyIdentityV1{platform::Uuid{{0x00,0x00,0x00,0x00,0x00,0x00,0x00,0x00,0x00,0x00,0x00,0x00,0x00,0x00,0x00,0x00}},0},
      DatatypePolicyIdentityV1{platform::Uuid{{0x00,0x00,0x00,0x00,0x00,0x00,0x00,0x00,0x00,0x00,0x00,0x00,0x00,0x00,0x00,0x00}},0},
      DatatypePolicyIdentityV1{platform::Uuid{{0x00,0x00,0x00,0x00,0x00,0x00,0x00,0x00,0x00,0x00,0x00,0x00,0x00,0x00,0x00,0x00}},0},
      DatatypePolicyIdentityV1{platform::Uuid{{0x00,0x00,0x00,0x00,0x00,0x00,0x00,0x00,0x00,0x00,0x00,0x00,0x00,0x00,0x00,0x00}},0}},
    DatatypeTypeCodecIdentityRowV3{
      DatatypeTypeCodecIdentityRowV1{platform::Uuid{{0x01,0x9d,0x00,0x00,0x00,0x00,0x70,0x00,0x80,0x00,0x00,0x00,0x00,0x00,0xd7,0x04}},4,4,platform::Uuid{{0x01,0x9d,0x00,0x00,0x00,0x00,0x70,0x00,0x80,0x00,0x00,0x00,0x00,0x00,0xd7,0x40}},1,platform::Uuid{{0x01,0x9d,0x00,0x00,0x00,0x00,0x70,0x00,0x80,0x00,0x00,0x00,0x00,0x00,0xd7,0x41}},1,"datatype.list.text.framed.v1",1,1,0,true,"list",0,1,0,false,0,12,16777216,0,623,platform::Uuid{{0x01,0x9d,0x00,0x00,0x00,0x00,0x70,0x00,0x80,0x00,0x00,0x00,0x00,0x00,0xd7,0x42}},true,true,"byte_sequence","nullable_TEXT_list_SBTL0001","",false,false,false,false,true,true,"DATATYPE.DESCRIPTOR.INVALID",platform::Uuid{{0x00,0x00,0x00,0x00,0x00,0x00,0x00,0x00,0x00,0x00,0x00,0x00,0x00,0x00,0x00,0x00}},0,platform::Uuid{{0x00,0x00,0x00,0x00,0x00,0x00,0x00,0x00,0x00,0x00,0x00,0x00,0x00,0x00,0x00,0x00}},0,platform::Uuid{{0x00,0x00,0x00,0x00,0x00,0x00,0x00,0x00,0x00,0x00,0x00,0x00,0x00,0x00,0x00,0x00}},0,"",false},
      DatatypePolicyIdentityV1{platform::Uuid{{0x00,0x00,0x00,0x00,0x00,0x00,0x00,0x00,0x00,0x00,0x00,0x00,0x00,0x00,0x00,0x00}},0},
      DatatypePolicyIdentityV1{platform::Uuid{{0x00,0x00,0x00,0x00,0x00,0x00,0x00,0x00,0x00,0x00,0x00,0x00,0x00,0x00,0x00,0x00}},0},
      DatatypePolicyIdentityV1{platform::Uuid{{0x00,0x00,0x00,0x00,0x00,0x00,0x00,0x00,0x00,0x00,0x00,0x00,0x00,0x00,0x00,0x00}},0},
      DatatypePolicyIdentityV1{platform::Uuid{{0x00,0x00,0x00,0x00,0x00,0x00,0x00,0x00,0x00,0x00,0x00,0x00,0x00,0x00,0x00,0x00}},0},
      DatatypePolicyIdentityV1{platform::Uuid{{0x00,0x00,0x00,0x00,0x00,0x00,0x00,0x00,0x00,0x00,0x00,0x00,0x00,0x00,0x00,0x00}},0}},
    DatatypeTypeCodecIdentityRowV3{
      DatatypeTypeCodecIdentityRowV1{platform::Uuid{{0x01,0x9d,0x00,0x00,0x00,0x00,0x70,0x00,0x80,0x00,0x00,0x00,0x00,0x00,0xd7,0x04}},4,4,platform::Uuid{{0x2d,0x01,0x00,0x00,0x62,0x69,0x7e,0x61,0xb2,0x79,0x00,0x00,0x00,0x00,0x00,0x00}},1,platform::Uuid{{0x01,0x9d,0x00,0x00,0x00,0x00,0x70,0x00,0x80,0x00,0x00,0x00,0x00,0x00,0xd7,0x43}},1,"datatype.binary.octets.v1",1,1,0,true,"binary",0,1,0,false,0,0,16777216,0,301,platform::Uuid{{0x01,0x9d,0x00,0x00,0x00,0x00,0x70,0x00,0x80,0x00,0x00,0x00,0x00,0x00,0xd7,0x44}},true,true,"byte_sequence","exact_octets_without_text_conversion","",false,false,false,true,true,true,"DATATYPE.DESCRIPTOR.INVALID",platform::Uuid{{0x00,0x00,0x00,0x00,0x00,0x00,0x00,0x00,0x00,0x00,0x00,0x00,0x00,0x00,0x00,0x00}},0,platform::Uuid{{0x00,0x00,0x00,0x00,0x00,0x00,0x00,0x00,0x00,0x00,0x00,0x00,0x00,0x00,0x00,0x00}},0,platform::Uuid{{0x00,0x00,0x00,0x00,0x00,0x00,0x00,0x00,0x00,0x00,0x00,0x00,0x00,0x00,0x00,0x00}},0,"",false},
      DatatypePolicyIdentityV1{platform::Uuid{{0x01,0xa0,0xfe,0xa5,0x8a,0x12,0x7d,0xa5,0x9d,0x9d,0x83,0x9b,0xc8,0x1b,0x09,0xca}},1},
      DatatypePolicyIdentityV1{platform::Uuid{{0x01,0xa0,0xfe,0xa5,0x8a,0x12,0x74,0x66,0x9a,0xdb,0xe2,0x54,0x64,0xc6,0x5b,0x6a}},1},
      DatatypePolicyIdentityV1{platform::Uuid{{0x01,0xa0,0xfe,0xa5,0x8a,0x12,0x70,0x73,0xa5,0xb7,0x32,0x60,0x6c,0xd0,0x91,0xe6}},1},
      DatatypePolicyIdentityV1{platform::Uuid{{0x01,0xa0,0xfe,0xa5,0x8a,0x12,0x73,0x7b,0xa4,0x82,0xe6,0x96,0xfe,0x71,0x41,0xf8}},1},
      DatatypePolicyIdentityV1{platform::Uuid{{0x00,0x00,0x00,0x00,0x00,0x00,0x00,0x00,0x00,0x00,0x00,0x00,0x00,0x00,0x00,0x00}},0}},
    DatatypeTypeCodecIdentityRowV3{
      DatatypeTypeCodecIdentityRowV1{platform::Uuid{{0x01,0x9d,0x00,0x00,0x00,0x00,0x70,0x00,0x80,0x00,0x00,0x00,0x00,0x00,0xd7,0x04}},4,4,platform::Uuid{{0x64,0x00,0x00,0x00,0x69,0x6e,0x74,0x38,0x80,0x00,0x00,0x00,0x00,0x00,0x00,0x00}},1,platform::Uuid{{0x01,0x9d,0x00,0x00,0x00,0x00,0x70,0x00,0x80,0x00,0x00,0x00,0x00,0x00,0xd8,0x00}},1,"datatype.int8.le.v1",1,1,1,true,"int8",0,1,0,false,0,1,1,1,100,platform::Uuid{{0x01,0x9d,0x00,0x00,0x00,0x00,0x70,0x00,0x80,0x00,0x00,0x00,0x00,0x00,0xd8,0x01}},false,false,"little_endian","twos_complement_integer","",false,false,false,false,true,false,"DATATYPE.DESCRIPTOR.INVALID",platform::Uuid{{0x00,0x00,0x00,0x00,0x00,0x00,0x00,0x00,0x00,0x00,0x00,0x00,0x00,0x00,0x00,0x00}},0,platform::Uuid{{0x00,0x00,0x00,0x00,0x00,0x00,0x00,0x00,0x00,0x00,0x00,0x00,0x00,0x00,0x00,0x00}},0,platform::Uuid{{0x00,0x00,0x00,0x00,0x00,0x00,0x00,0x00,0x00,0x00,0x00,0x00,0x00,0x00,0x00,0x00}},0,"",false},
      DatatypePolicyIdentityV1{platform::Uuid{{0x00,0x00,0x00,0x00,0x00,0x00,0x00,0x00,0x00,0x00,0x00,0x00,0x00,0x00,0x00,0x00}},0},
      DatatypePolicyIdentityV1{platform::Uuid{{0x00,0x00,0x00,0x00,0x00,0x00,0x00,0x00,0x00,0x00,0x00,0x00,0x00,0x00,0x00,0x00}},0},
      DatatypePolicyIdentityV1{platform::Uuid{{0x00,0x00,0x00,0x00,0x00,0x00,0x00,0x00,0x00,0x00,0x00,0x00,0x00,0x00,0x00,0x00}},0},
      DatatypePolicyIdentityV1{platform::Uuid{{0x00,0x00,0x00,0x00,0x00,0x00,0x00,0x00,0x00,0x00,0x00,0x00,0x00,0x00,0x00,0x00}},0},
      DatatypePolicyIdentityV1{platform::Uuid{{0x00,0x00,0x00,0x00,0x00,0x00,0x00,0x00,0x00,0x00,0x00,0x00,0x00,0x00,0x00,0x00}},0}},
    DatatypeTypeCodecIdentityRowV3{
      DatatypeTypeCodecIdentityRowV1{platform::Uuid{{0x01,0x9d,0x00,0x00,0x00,0x00,0x70,0x00,0x80,0x00,0x00,0x00,0x00,0x00,0xd7,0x04}},4,4,platform::Uuid{{0x65,0x00,0x00,0x00,0x69,0x6e,0x74,0x31,0xb6,0x00,0x00,0x00,0x00,0x00,0x00,0x00}},1,platform::Uuid{{0x01,0x9d,0x00,0x00,0x00,0x00,0x70,0x00,0x80,0x00,0x00,0x00,0x00,0x00,0xd8,0x02}},1,"datatype.int16.le.v1",1,1,2,true,"int16",0,1,0,false,0,2,2,2,101,platform::Uuid{{0x01,0x9d,0x00,0x00,0x00,0x00,0x70,0x00,0x80,0x00,0x00,0x00,0x00,0x00,0xd8,0x03}},false,false,"little_endian","twos_complement_integer","",false,false,false,false,true,false,"DATATYPE.DESCRIPTOR.INVALID",platform::Uuid{{0x00,0x00,0x00,0x00,0x00,0x00,0x00,0x00,0x00,0x00,0x00,0x00,0x00,0x00,0x00,0x00}},0,platform::Uuid{{0x00,0x00,0x00,0x00,0x00,0x00,0x00,0x00,0x00,0x00,0x00,0x00,0x00,0x00,0x00,0x00}},0,platform::Uuid{{0x00,0x00,0x00,0x00,0x00,0x00,0x00,0x00,0x00,0x00,0x00,0x00,0x00,0x00,0x00,0x00}},0,"",false},
      DatatypePolicyIdentityV1{platform::Uuid{{0x00,0x00,0x00,0x00,0x00,0x00,0x00,0x00,0x00,0x00,0x00,0x00,0x00,0x00,0x00,0x00}},0},
      DatatypePolicyIdentityV1{platform::Uuid{{0x00,0x00,0x00,0x00,0x00,0x00,0x00,0x00,0x00,0x00,0x00,0x00,0x00,0x00,0x00,0x00}},0},
      DatatypePolicyIdentityV1{platform::Uuid{{0x00,0x00,0x00,0x00,0x00,0x00,0x00,0x00,0x00,0x00,0x00,0x00,0x00,0x00,0x00,0x00}},0},
      DatatypePolicyIdentityV1{platform::Uuid{{0x00,0x00,0x00,0x00,0x00,0x00,0x00,0x00,0x00,0x00,0x00,0x00,0x00,0x00,0x00,0x00}},0},
      DatatypePolicyIdentityV1{platform::Uuid{{0x00,0x00,0x00,0x00,0x00,0x00,0x00,0x00,0x00,0x00,0x00,0x00,0x00,0x00,0x00,0x00}},0}},
    DatatypeTypeCodecIdentityRowV3{
      DatatypeTypeCodecIdentityRowV1{platform::Uuid{{0x01,0x9d,0x00,0x00,0x00,0x00,0x70,0x00,0x80,0x00,0x00,0x00,0x00,0x00,0xd7,0x04}},4,4,platform::Uuid{{0x78,0x00,0x00,0x00,0x75,0x69,0x7e,0x74,0xb8,0x00,0x00,0x00,0x00,0x00,0x00,0x00}},1,platform::Uuid{{0x01,0x9d,0x00,0x00,0x00,0x00,0x70,0x00,0x80,0x00,0x00,0x00,0x00,0x00,0xd8,0x04}},1,"datatype.uint8.le.v1",1,1,1,true,"uint8",0,1,0,false,0,1,1,1,120,platform::Uuid{{0x01,0x9d,0x00,0x00,0x00,0x00,0x70,0x00,0x80,0x00,0x00,0x00,0x00,0x00,0xd8,0x05}},false,false,"little_endian","unsigned_integer","",false,false,false,false,true,false,"DATATYPE.DESCRIPTOR.INVALID",platform::Uuid{{0x00,0x00,0x00,0x00,0x00,0x00,0x00,0x00,0x00,0x00,0x00,0x00,0x00,0x00,0x00,0x00}},0,platform::Uuid{{0x00,0x00,0x00,0x00,0x00,0x00,0x00,0x00,0x00,0x00,0x00,0x00,0x00,0x00,0x00,0x00}},0,platform::Uuid{{0x00,0x00,0x00,0x00,0x00,0x00,0x00,0x00,0x00,0x00,0x00,0x00,0x00,0x00,0x00,0x00}},0,"",false},
      DatatypePolicyIdentityV1{platform::Uuid{{0x00,0x00,0x00,0x00,0x00,0x00,0x00,0x00,0x00,0x00,0x00,0x00,0x00,0x00,0x00,0x00}},0},
      DatatypePolicyIdentityV1{platform::Uuid{{0x00,0x00,0x00,0x00,0x00,0x00,0x00,0x00,0x00,0x00,0x00,0x00,0x00,0x00,0x00,0x00}},0},
      DatatypePolicyIdentityV1{platform::Uuid{{0x00,0x00,0x00,0x00,0x00,0x00,0x00,0x00,0x00,0x00,0x00,0x00,0x00,0x00,0x00,0x00}},0},
      DatatypePolicyIdentityV1{platform::Uuid{{0x00,0x00,0x00,0x00,0x00,0x00,0x00,0x00,0x00,0x00,0x00,0x00,0x00,0x00,0x00,0x00}},0},
      DatatypePolicyIdentityV1{platform::Uuid{{0x00,0x00,0x00,0x00,0x00,0x00,0x00,0x00,0x00,0x00,0x00,0x00,0x00,0x00,0x00,0x00}},0}},
    DatatypeTypeCodecIdentityRowV3{
      DatatypeTypeCodecIdentityRowV1{platform::Uuid{{0x01,0x9d,0x00,0x00,0x00,0x00,0x70,0x00,0x80,0x00,0x00,0x00,0x00,0x00,0xd7,0x04}},4,4,platform::Uuid{{0x79,0x00,0x00,0x00,0x75,0x69,0x7e,0x74,0xb1,0x36,0x00,0x00,0x00,0x00,0x00,0x00}},1,platform::Uuid{{0x01,0x9d,0x00,0x00,0x00,0x00,0x70,0x00,0x80,0x00,0x00,0x00,0x00,0x00,0xd8,0x06}},1,"datatype.uint16.le.v1",1,1,2,true,"uint16",0,1,0,false,0,2,2,2,121,platform::Uuid{{0x01,0x9d,0x00,0x00,0x00,0x00,0x70,0x00,0x80,0x00,0x00,0x00,0x00,0x00,0xd8,0x07}},false,false,"little_endian","unsigned_integer","",false,false,false,false,true,false,"DATATYPE.DESCRIPTOR.INVALID",platform::Uuid{{0x00,0x00,0x00,0x00,0x00,0x00,0x00,0x00,0x00,0x00,0x00,0x00,0x00,0x00,0x00,0x00}},0,platform::Uuid{{0x00,0x00,0x00,0x00,0x00,0x00,0x00,0x00,0x00,0x00,0x00,0x00,0x00,0x00,0x00,0x00}},0,platform::Uuid{{0x00,0x00,0x00,0x00,0x00,0x00,0x00,0x00,0x00,0x00,0x00,0x00,0x00,0x00,0x00,0x00}},0,"",false},
      DatatypePolicyIdentityV1{platform::Uuid{{0x00,0x00,0x00,0x00,0x00,0x00,0x00,0x00,0x00,0x00,0x00,0x00,0x00,0x00,0x00,0x00}},0},
      DatatypePolicyIdentityV1{platform::Uuid{{0x00,0x00,0x00,0x00,0x00,0x00,0x00,0x00,0x00,0x00,0x00,0x00,0x00,0x00,0x00,0x00}},0},
      DatatypePolicyIdentityV1{platform::Uuid{{0x00,0x00,0x00,0x00,0x00,0x00,0x00,0x00,0x00,0x00,0x00,0x00,0x00,0x00,0x00,0x00}},0},
      DatatypePolicyIdentityV1{platform::Uuid{{0x00,0x00,0x00,0x00,0x00,0x00,0x00,0x00,0x00,0x00,0x00,0x00,0x00,0x00,0x00,0x00}},0},
      DatatypePolicyIdentityV1{platform::Uuid{{0x00,0x00,0x00,0x00,0x00,0x00,0x00,0x00,0x00,0x00,0x00,0x00,0x00,0x00,0x00,0x00}},0}},
    DatatypeTypeCodecIdentityRowV3{
      DatatypeTypeCodecIdentityRowV1{platform::Uuid{{0x01,0x9d,0x00,0x00,0x00,0x00,0x70,0x00,0x80,0x00,0x00,0x00,0x00,0x00,0xd7,0x04}},4,4,platform::Uuid{{0x7a,0x00,0x00,0x00,0x75,0x69,0x7e,0x74,0xb3,0x32,0x00,0x00,0x00,0x00,0x00,0x00}},1,platform::Uuid{{0x01,0x9d,0x00,0x00,0x00,0x00,0x70,0x00,0x80,0x00,0x00,0x00,0x00,0x00,0xd8,0x08}},1,"datatype.uint32.le.v1",1,1,4,true,"uint32",0,1,0,false,0,4,4,4,122,platform::Uuid{{0x01,0x9d,0x00,0x00,0x00,0x00,0x70,0x00,0x80,0x00,0x00,0x00,0x00,0x00,0xd8,0x09}},false,false,"little_endian","unsigned_integer","",false,false,false,false,true,false,"DATATYPE.DESCRIPTOR.INVALID",platform::Uuid{{0x00,0x00,0x00,0x00,0x00,0x00,0x00,0x00,0x00,0x00,0x00,0x00,0x00,0x00,0x00,0x00}},0,platform::Uuid{{0x00,0x00,0x00,0x00,0x00,0x00,0x00,0x00,0x00,0x00,0x00,0x00,0x00,0x00,0x00,0x00}},0,platform::Uuid{{0x00,0x00,0x00,0x00,0x00,0x00,0x00,0x00,0x00,0x00,0x00,0x00,0x00,0x00,0x00,0x00}},0,"",false},
      DatatypePolicyIdentityV1{platform::Uuid{{0x00,0x00,0x00,0x00,0x00,0x00,0x00,0x00,0x00,0x00,0x00,0x00,0x00,0x00,0x00,0x00}},0},
      DatatypePolicyIdentityV1{platform::Uuid{{0x00,0x00,0x00,0x00,0x00,0x00,0x00,0x00,0x00,0x00,0x00,0x00,0x00,0x00,0x00,0x00}},0},
      DatatypePolicyIdentityV1{platform::Uuid{{0x00,0x00,0x00,0x00,0x00,0x00,0x00,0x00,0x00,0x00,0x00,0x00,0x00,0x00,0x00,0x00}},0},
      DatatypePolicyIdentityV1{platform::Uuid{{0x00,0x00,0x00,0x00,0x00,0x00,0x00,0x00,0x00,0x00,0x00,0x00,0x00,0x00,0x00,0x00}},0},
      DatatypePolicyIdentityV1{platform::Uuid{{0x00,0x00,0x00,0x00,0x00,0x00,0x00,0x00,0x00,0x00,0x00,0x00,0x00,0x00,0x00,0x00}},0}},
    DatatypeTypeCodecIdentityRowV3{
      DatatypeTypeCodecIdentityRowV1{platform::Uuid{{0x01,0x9d,0x00,0x00,0x00,0x00,0x70,0x00,0x80,0x00,0x00,0x00,0x00,0x00,0xd7,0x04}},4,4,platform::Uuid{{0x7c,0x00,0x00,0x00,0x75,0x69,0x7e,0x74,0xb1,0x32,0x38,0x00,0x00,0x00,0x00,0x00}},1,platform::Uuid{{0x01,0x9d,0x00,0x00,0x00,0x00,0x70,0x00,0x80,0x00,0x00,0x00,0x00,0x00,0xd8,0x0a}},1,"datatype.uint128.le.v1",1,1,16,true,"uint128",0,1,0,false,0,16,16,16,124,platform::Uuid{{0x01,0x9d,0x00,0x00,0x00,0x00,0x70,0x00,0x80,0x00,0x00,0x00,0x00,0x00,0xd8,0x0b}},false,false,"little_endian","unsigned_integer","",false,false,false,false,true,false,"DATATYPE.DESCRIPTOR.INVALID",platform::Uuid{{0x00,0x00,0x00,0x00,0x00,0x00,0x00,0x00,0x00,0x00,0x00,0x00,0x00,0x00,0x00,0x00}},0,platform::Uuid{{0x00,0x00,0x00,0x00,0x00,0x00,0x00,0x00,0x00,0x00,0x00,0x00,0x00,0x00,0x00,0x00}},0,platform::Uuid{{0x00,0x00,0x00,0x00,0x00,0x00,0x00,0x00,0x00,0x00,0x00,0x00,0x00,0x00,0x00,0x00}},0,"",false},
      DatatypePolicyIdentityV1{platform::Uuid{{0x00,0x00,0x00,0x00,0x00,0x00,0x00,0x00,0x00,0x00,0x00,0x00,0x00,0x00,0x00,0x00}},0},
      DatatypePolicyIdentityV1{platform::Uuid{{0x00,0x00,0x00,0x00,0x00,0x00,0x00,0x00,0x00,0x00,0x00,0x00,0x00,0x00,0x00,0x00}},0},
      DatatypePolicyIdentityV1{platform::Uuid{{0x00,0x00,0x00,0x00,0x00,0x00,0x00,0x00,0x00,0x00,0x00,0x00,0x00,0x00,0x00,0x00}},0},
      DatatypePolicyIdentityV1{platform::Uuid{{0x00,0x00,0x00,0x00,0x00,0x00,0x00,0x00,0x00,0x00,0x00,0x00,0x00,0x00,0x00,0x00}},0},
      DatatypePolicyIdentityV1{platform::Uuid{{0x00,0x00,0x00,0x00,0x00,0x00,0x00,0x00,0x00,0x00,0x00,0x00,0x00,0x00,0x00,0x00}},0}},
    DatatypeTypeCodecIdentityRowV3{
      DatatypeTypeCodecIdentityRowV1{platform::Uuid{{0x01,0x9d,0x00,0x00,0x00,0x00,0x70,0x00,0x80,0x00,0x00,0x00,0x00,0x00,0xd7,0x04}},4,4,platform::Uuid{{0x8a,0x00,0x00,0x00,0x62,0x66,0x7c,0x6f,0xa1,0x74,0x31,0x36,0x00,0x00,0x00,0x00}},1,platform::Uuid{{0x01,0x9d,0x00,0x00,0x00,0x00,0x70,0x00,0x80,0x00,0x00,0x00,0x00,0x00,0xd8,0x0c}},1,"datatype.bfloat16.ieee754.le.v1",1,1,2,true,"bfloat16",0,1,0,false,0,2,2,2,138,platform::Uuid{{0x01,0x9d,0x00,0x00,0x00,0x00,0x70,0x00,0x80,0x00,0x00,0x00,0x00,0x00,0xd8,0x0d}},false,false,"little_endian","bfloat16_bits","",false,false,false,false,true,false,"DATATYPE.DESCRIPTOR.INVALID",platform::Uuid{{0x00,0x00,0x00,0x00,0x00,0x00,0x00,0x00,0x00,0x00,0x00,0x00,0x00,0x00,0x00,0x00}},0,platform::Uuid{{0x00,0x00,0x00,0x00,0x00,0x00,0x00,0x00,0x00,0x00,0x00,0x00,0x00,0x00,0x00,0x00}},0,platform::Uuid{{0x00,0x00,0x00,0x00,0x00,0x00,0x00,0x00,0x00,0x00,0x00,0x00,0x00,0x00,0x00,0x00}},0,"",false},
      DatatypePolicyIdentityV1{platform::Uuid{{0x00,0x00,0x00,0x00,0x00,0x00,0x00,0x00,0x00,0x00,0x00,0x00,0x00,0x00,0x00,0x00}},0},
      DatatypePolicyIdentityV1{platform::Uuid{{0x00,0x00,0x00,0x00,0x00,0x00,0x00,0x00,0x00,0x00,0x00,0x00,0x00,0x00,0x00,0x00}},0},
      DatatypePolicyIdentityV1{platform::Uuid{{0x00,0x00,0x00,0x00,0x00,0x00,0x00,0x00,0x00,0x00,0x00,0x00,0x00,0x00,0x00,0x00}},0},
      DatatypePolicyIdentityV1{platform::Uuid{{0x00,0x00,0x00,0x00,0x00,0x00,0x00,0x00,0x00,0x00,0x00,0x00,0x00,0x00,0x00,0x00}},0},
      DatatypePolicyIdentityV1{platform::Uuid{{0x00,0x00,0x00,0x00,0x00,0x00,0x00,0x00,0x00,0x00,0x00,0x00,0x00,0x00,0x00,0x00}},0}},
    DatatypeTypeCodecIdentityRowV3{
      DatatypeTypeCodecIdentityRowV1{platform::Uuid{{0x01,0x9d,0x00,0x00,0x00,0x00,0x70,0x00,0x80,0x00,0x00,0x00,0x00,0x00,0xd7,0x04}},4,4,platform::Uuid{{0x8b,0x00,0x00,0x00,0x72,0x65,0x71,0x6c,0xb1,0x36,0x00,0x00,0x00,0x00,0x00,0x00}},1,platform::Uuid{{0x01,0x9d,0x00,0x00,0x00,0x00,0x70,0x00,0x80,0x00,0x00,0x00,0x00,0x00,0xd8,0x0e}},1,"datatype.real16.ieee754.le.v1",1,1,2,true,"real16",0,1,0,false,0,2,2,2,139,platform::Uuid{{0x01,0x9d,0x00,0x00,0x00,0x00,0x70,0x00,0x80,0x00,0x00,0x00,0x00,0x00,0xd8,0x0f}},false,false,"little_endian","IEEE754_binary16","",false,false,false,false,true,false,"DATATYPE.DESCRIPTOR.INVALID",platform::Uuid{{0x00,0x00,0x00,0x00,0x00,0x00,0x00,0x00,0x00,0x00,0x00,0x00,0x00,0x00,0x00,0x00}},0,platform::Uuid{{0x00,0x00,0x00,0x00,0x00,0x00,0x00,0x00,0x00,0x00,0x00,0x00,0x00,0x00,0x00,0x00}},0,platform::Uuid{{0x00,0x00,0x00,0x00,0x00,0x00,0x00,0x00,0x00,0x00,0x00,0x00,0x00,0x00,0x00,0x00}},0,"",false},
      DatatypePolicyIdentityV1{platform::Uuid{{0x00,0x00,0x00,0x00,0x00,0x00,0x00,0x00,0x00,0x00,0x00,0x00,0x00,0x00,0x00,0x00}},0},
      DatatypePolicyIdentityV1{platform::Uuid{{0x00,0x00,0x00,0x00,0x00,0x00,0x00,0x00,0x00,0x00,0x00,0x00,0x00,0x00,0x00,0x00}},0},
      DatatypePolicyIdentityV1{platform::Uuid{{0x00,0x00,0x00,0x00,0x00,0x00,0x00,0x00,0x00,0x00,0x00,0x00,0x00,0x00,0x00,0x00}},0},
      DatatypePolicyIdentityV1{platform::Uuid{{0x00,0x00,0x00,0x00,0x00,0x00,0x00,0x00,0x00,0x00,0x00,0x00,0x00,0x00,0x00,0x00}},0},
      DatatypePolicyIdentityV1{platform::Uuid{{0x00,0x00,0x00,0x00,0x00,0x00,0x00,0x00,0x00,0x00,0x00,0x00,0x00,0x00,0x00,0x00}},0}},
    DatatypeTypeCodecIdentityRowV3{
      DatatypeTypeCodecIdentityRowV1{platform::Uuid{{0x01,0x9d,0x00,0x00,0x00,0x00,0x70,0x00,0x80,0x00,0x00,0x00,0x00,0x00,0xd7,0x04}},4,4,platform::Uuid{{0x8c,0x00,0x00,0x00,0x72,0x65,0x71,0x6c,0xb3,0x32,0x00,0x00,0x00,0x00,0x00,0x00}},1,platform::Uuid{{0x01,0x9d,0x00,0x00,0x00,0x00,0x70,0x00,0x80,0x00,0x00,0x00,0x00,0x00,0xd8,0x10}},1,"datatype.real32.ieee754.le.v1",1,1,4,true,"real32",0,1,0,false,0,4,4,4,140,platform::Uuid{{0x01,0x9d,0x00,0x00,0x00,0x00,0x70,0x00,0x80,0x00,0x00,0x00,0x00,0x00,0xd8,0x11}},false,false,"little_endian","IEEE754_binary32","",false,false,false,false,true,false,"DATATYPE.DESCRIPTOR.INVALID",platform::Uuid{{0x00,0x00,0x00,0x00,0x00,0x00,0x00,0x00,0x00,0x00,0x00,0x00,0x00,0x00,0x00,0x00}},0,platform::Uuid{{0x00,0x00,0x00,0x00,0x00,0x00,0x00,0x00,0x00,0x00,0x00,0x00,0x00,0x00,0x00,0x00}},0,platform::Uuid{{0x00,0x00,0x00,0x00,0x00,0x00,0x00,0x00,0x00,0x00,0x00,0x00,0x00,0x00,0x00,0x00}},0,"",false},
      DatatypePolicyIdentityV1{platform::Uuid{{0x00,0x00,0x00,0x00,0x00,0x00,0x00,0x00,0x00,0x00,0x00,0x00,0x00,0x00,0x00,0x00}},0},
      DatatypePolicyIdentityV1{platform::Uuid{{0x00,0x00,0x00,0x00,0x00,0x00,0x00,0x00,0x00,0x00,0x00,0x00,0x00,0x00,0x00,0x00}},0},
      DatatypePolicyIdentityV1{platform::Uuid{{0x00,0x00,0x00,0x00,0x00,0x00,0x00,0x00,0x00,0x00,0x00,0x00,0x00,0x00,0x00,0x00}},0},
      DatatypePolicyIdentityV1{platform::Uuid{{0x00,0x00,0x00,0x00,0x00,0x00,0x00,0x00,0x00,0x00,0x00,0x00,0x00,0x00,0x00,0x00}},0},
      DatatypePolicyIdentityV1{platform::Uuid{{0x00,0x00,0x00,0x00,0x00,0x00,0x00,0x00,0x00,0x00,0x00,0x00,0x00,0x00,0x00,0x00}},0}},
    DatatypeTypeCodecIdentityRowV3{
      DatatypeTypeCodecIdentityRowV1{platform::Uuid{{0x01,0x9d,0x00,0x00,0x00,0x00,0x70,0x00,0x80,0x00,0x00,0x00,0x00,0x00,0xd7,0x04}},4,4,platform::Uuid{{0x8e,0x00,0x00,0x00,0x72,0x65,0x71,0x6c,0xb1,0x32,0x38,0x00,0x00,0x00,0x00,0x00}},1,platform::Uuid{{0x01,0x9d,0x00,0x00,0x00,0x00,0x70,0x00,0x80,0x00,0x00,0x00,0x00,0x00,0xd8,0x12}},1,"datatype.real128.ieee754.le.v1",1,1,16,true,"real128",0,1,0,false,0,16,16,16,142,platform::Uuid{{0x01,0x9d,0x00,0x00,0x00,0x00,0x70,0x00,0x80,0x00,0x00,0x00,0x00,0x00,0xd8,0x13}},false,false,"little_endian","IEEE754_binary128","",false,false,false,false,true,false,"DATATYPE.DESCRIPTOR.INVALID",platform::Uuid{{0x00,0x00,0x00,0x00,0x00,0x00,0x00,0x00,0x00,0x00,0x00,0x00,0x00,0x00,0x00,0x00}},0,platform::Uuid{{0x00,0x00,0x00,0x00,0x00,0x00,0x00,0x00,0x00,0x00,0x00,0x00,0x00,0x00,0x00,0x00}},0,platform::Uuid{{0x00,0x00,0x00,0x00,0x00,0x00,0x00,0x00,0x00,0x00,0x00,0x00,0x00,0x00,0x00,0x00}},0,"",false},
      DatatypePolicyIdentityV1{platform::Uuid{{0x00,0x00,0x00,0x00,0x00,0x00,0x00,0x00,0x00,0x00,0x00,0x00,0x00,0x00,0x00,0x00}},0},
      DatatypePolicyIdentityV1{platform::Uuid{{0x00,0x00,0x00,0x00,0x00,0x00,0x00,0x00,0x00,0x00,0x00,0x00,0x00,0x00,0x00,0x00}},0},
      DatatypePolicyIdentityV1{platform::Uuid{{0x00,0x00,0x00,0x00,0x00,0x00,0x00,0x00,0x00,0x00,0x00,0x00,0x00,0x00,0x00,0x00}},0},
      DatatypePolicyIdentityV1{platform::Uuid{{0x00,0x00,0x00,0x00,0x00,0x00,0x00,0x00,0x00,0x00,0x00,0x00,0x00,0x00,0x00,0x00}},0},
      DatatypePolicyIdentityV1{platform::Uuid{{0x00,0x00,0x00,0x00,0x00,0x00,0x00,0x00,0x00,0x00,0x00,0x00,0x00,0x00,0x00,0x00}},0}},
    DatatypeTypeCodecIdentityRowV3{
      DatatypeTypeCodecIdentityRowV1{platform::Uuid{{0x01,0x9d,0x00,0x00,0x00,0x00,0x70,0x00,0x80,0x00,0x00,0x00,0x00,0x00,0xd7,0x04}},4,4,platform::Uuid{{0xd2,0x00,0x00,0x00,0x69,0x70,0x7f,0x61,0xa4,0x64,0x72,0x65,0x73,0x73,0x00,0x00}},1,platform::Uuid{{0x01,0x9d,0x00,0x00,0x00,0x00,0x70,0x00,0x80,0x00,0x00,0x00,0x00,0x00,0xd8,0x14}},1,"datatype.ip_address.network.v1",1,1,16,true,"ip_address",0,1,0,false,0,16,16,16,210,platform::Uuid{{0x01,0x9d,0x00,0x00,0x00,0x00,0x70,0x00,0x80,0x00,0x00,0x00,0x00,0x00,0xd8,0x15}},false,false,"byte_sequence","IPv6_network_order_with_IPv4_mapped_prefix","",false,false,false,false,true,false,"DATATYPE.DESCRIPTOR.INVALID",platform::Uuid{{0x00,0x00,0x00,0x00,0x00,0x00,0x00,0x00,0x00,0x00,0x00,0x00,0x00,0x00,0x00,0x00}},0,platform::Uuid{{0x00,0x00,0x00,0x00,0x00,0x00,0x00,0x00,0x00,0x00,0x00,0x00,0x00,0x00,0x00,0x00}},0,platform::Uuid{{0x00,0x00,0x00,0x00,0x00,0x00,0x00,0x00,0x00,0x00,0x00,0x00,0x00,0x00,0x00,0x00}},0,"",false},
      DatatypePolicyIdentityV1{platform::Uuid{{0x00,0x00,0x00,0x00,0x00,0x00,0x00,0x00,0x00,0x00,0x00,0x00,0x00,0x00,0x00,0x00}},0},
      DatatypePolicyIdentityV1{platform::Uuid{{0x00,0x00,0x00,0x00,0x00,0x00,0x00,0x00,0x00,0x00,0x00,0x00,0x00,0x00,0x00,0x00}},0},
      DatatypePolicyIdentityV1{platform::Uuid{{0x00,0x00,0x00,0x00,0x00,0x00,0x00,0x00,0x00,0x00,0x00,0x00,0x00,0x00,0x00,0x00}},0},
      DatatypePolicyIdentityV1{platform::Uuid{{0x00,0x00,0x00,0x00,0x00,0x00,0x00,0x00,0x00,0x00,0x00,0x00,0x00,0x00,0x00,0x00}},0},
      DatatypePolicyIdentityV1{platform::Uuid{{0x00,0x00,0x00,0x00,0x00,0x00,0x00,0x00,0x00,0x00,0x00,0x00,0x00,0x00,0x00,0x00}},0}},
    DatatypeTypeCodecIdentityRowV3{
      DatatypeTypeCodecIdentityRowV1{platform::Uuid{{0x01,0x9d,0x00,0x00,0x00,0x00,0x70,0x00,0x80,0x00,0x00,0x00,0x00,0x00,0xd7,0x04}},4,4,platform::Uuid{{0xd3,0x00,0x00,0x00,0x07,0x1d,0x74,0x77,0xaf,0x72,0x6b,0x5f,0x70,0x72,0x65,0x66}},1,platform::Uuid{{0x01,0x9d,0x00,0x00,0x00,0x00,0x70,0x00,0x80,0x00,0x00,0x00,0x00,0x00,0xd8,0x16}},1,"datatype.network_prefix.network.v1",1,1,18,true,"network_prefix",0,1,0,false,0,18,18,18,211,platform::Uuid{{0x01,0x9d,0x00,0x00,0x00,0x00,0x70,0x00,0x80,0x00,0x00,0x00,0x00,0x00,0xd8,0x17}},false,false,"byte_sequence","address16_prefix_length_u8_address_family_u8","",false,false,false,false,true,false,"DATATYPE.DESCRIPTOR.INVALID",platform::Uuid{{0x00,0x00,0x00,0x00,0x00,0x00,0x00,0x00,0x00,0x00,0x00,0x00,0x00,0x00,0x00,0x00}},0,platform::Uuid{{0x00,0x00,0x00,0x00,0x00,0x00,0x00,0x00,0x00,0x00,0x00,0x00,0x00,0x00,0x00,0x00}},0,platform::Uuid{{0x00,0x00,0x00,0x00,0x00,0x00,0x00,0x00,0x00,0x00,0x00,0x00,0x00,0x00,0x00,0x00}},0,"",false},
      DatatypePolicyIdentityV1{platform::Uuid{{0x00,0x00,0x00,0x00,0x00,0x00,0x00,0x00,0x00,0x00,0x00,0x00,0x00,0x00,0x00,0x00}},0},
      DatatypePolicyIdentityV1{platform::Uuid{{0x00,0x00,0x00,0x00,0x00,0x00,0x00,0x00,0x00,0x00,0x00,0x00,0x00,0x00,0x00,0x00}},0},
      DatatypePolicyIdentityV1{platform::Uuid{{0x00,0x00,0x00,0x00,0x00,0x00,0x00,0x00,0x00,0x00,0x00,0x00,0x00,0x00,0x00,0x00}},0},
      DatatypePolicyIdentityV1{platform::Uuid{{0x00,0x00,0x00,0x00,0x00,0x00,0x00,0x00,0x00,0x00,0x00,0x00,0x00,0x00,0x00,0x00}},0},
      DatatypePolicyIdentityV1{platform::Uuid{{0x00,0x00,0x00,0x00,0x00,0x00,0x00,0x00,0x00,0x00,0x00,0x00,0x00,0x00,0x00,0x00}},0}},
    DatatypeTypeCodecIdentityRowV3{
      DatatypeTypeCodecIdentityRowV1{platform::Uuid{{0x01,0x9d,0x00,0x00,0x00,0x00,0x70,0x00,0x80,0x00,0x00,0x00,0x00,0x00,0xd7,0x04}},4,4,platform::Uuid{{0xd4,0x00,0x00,0x00,0x6d,0x61,0x73,0x5f,0xa1,0x64,0x64,0x72,0x65,0x73,0x73,0x00}},1,platform::Uuid{{0x01,0x9d,0x00,0x00,0x00,0x00,0x70,0x00,0x80,0x00,0x00,0x00,0x00,0x00,0xd8,0x18}},1,"datatype.mac_address.network.v1",1,1,8,true,"mac_address",0,1,0,false,0,8,8,8,212,platform::Uuid{{0x01,0x9d,0x00,0x00,0x00,0x00,0x70,0x00,0x80,0x00,0x00,0x00,0x00,0x00,0xd8,0x19}},false,false,"byte_sequence","eight_network_order_octets_six_octet_values_zero_extended","",false,false,false,false,true,false,"DATATYPE.DESCRIPTOR.INVALID",platform::Uuid{{0x00,0x00,0x00,0x00,0x00,0x00,0x00,0x00,0x00,0x00,0x00,0x00,0x00,0x00,0x00,0x00}},0,platform::Uuid{{0x00,0x00,0x00,0x00,0x00,0x00,0x00,0x00,0x00,0x00,0x00,0x00,0x00,0x00,0x00,0x00}},0,platform::Uuid{{0x00,0x00,0x00,0x00,0x00,0x00,0x00,0x00,0x00,0x00,0x00,0x00,0x00,0x00,0x00,0x00}},0,"",false},
      DatatypePolicyIdentityV1{platform::Uuid{{0x00,0x00,0x00,0x00,0x00,0x00,0x00,0x00,0x00,0x00,0x00,0x00,0x00,0x00,0x00,0x00}},0},
      DatatypePolicyIdentityV1{platform::Uuid{{0x00,0x00,0x00,0x00,0x00,0x00,0x00,0x00,0x00,0x00,0x00,0x00,0x00,0x00,0x00,0x00}},0},
      DatatypePolicyIdentityV1{platform::Uuid{{0x00,0x00,0x00,0x00,0x00,0x00,0x00,0x00,0x00,0x00,0x00,0x00,0x00,0x00,0x00,0x00}},0},
      DatatypePolicyIdentityV1{platform::Uuid{{0x00,0x00,0x00,0x00,0x00,0x00,0x00,0x00,0x00,0x00,0x00,0x00,0x00,0x00,0x00,0x00}},0},
      DatatypePolicyIdentityV1{platform::Uuid{{0x00,0x00,0x00,0x00,0x00,0x00,0x00,0x00,0x00,0x00,0x00,0x00,0x00,0x00,0x00,0x00}},0}},
    DatatypeTypeCodecIdentityRowV3{
      DatatypeTypeCodecIdentityRowV1{platform::Uuid{{0x01,0x9d,0x00,0x00,0x00,0x00,0x70,0x00,0x80,0x00,0x00,0x00,0x00,0x00,0xd7,0x04}},4,4,platform::Uuid{{0x6c,0x02,0x00,0x00,0x65,0x6e,0x75,0x6d,0x9f,0x76,0x61,0x6c,0x75,0x65,0x00,0x00}},1,platform::Uuid{{0x01,0x9d,0x00,0x00,0x00,0x00,0x70,0x00,0x80,0x00,0x00,0x00,0x00,0x00,0xd8,0x1a}},1,"datatype.enum_value.binary16.v1",1,1,16,true,"enum_value",0,1,0,false,0,16,16,16,620,platform::Uuid{{0x01,0x9d,0x00,0x00,0x00,0x00,0x70,0x00,0x80,0x00,0x00,0x00,0x00,0x00,0xd8,0x1b}},false,false,"byte_sequence","descriptor_bound_member_UUID_octets","",false,false,false,false,true,false,"DATATYPE.DESCRIPTOR.INVALID",platform::Uuid{{0x00,0x00,0x00,0x00,0x00,0x00,0x00,0x00,0x00,0x00,0x00,0x00,0x00,0x00,0x00,0x00}},0,platform::Uuid{{0x00,0x00,0x00,0x00,0x00,0x00,0x00,0x00,0x00,0x00,0x00,0x00,0x00,0x00,0x00,0x00}},0,platform::Uuid{{0x00,0x00,0x00,0x00,0x00,0x00,0x00,0x00,0x00,0x00,0x00,0x00,0x00,0x00,0x00,0x00}},0,"",false},
      DatatypePolicyIdentityV1{platform::Uuid{{0x00,0x00,0x00,0x00,0x00,0x00,0x00,0x00,0x00,0x00,0x00,0x00,0x00,0x00,0x00,0x00}},0},
      DatatypePolicyIdentityV1{platform::Uuid{{0x00,0x00,0x00,0x00,0x00,0x00,0x00,0x00,0x00,0x00,0x00,0x00,0x00,0x00,0x00,0x00}},0},
      DatatypePolicyIdentityV1{platform::Uuid{{0x00,0x00,0x00,0x00,0x00,0x00,0x00,0x00,0x00,0x00,0x00,0x00,0x00,0x00,0x00,0x00}},0},
      DatatypePolicyIdentityV1{platform::Uuid{{0x00,0x00,0x00,0x00,0x00,0x00,0x00,0x00,0x00,0x00,0x00,0x00,0x00,0x00,0x00,0x00}},0},
      DatatypePolicyIdentityV1{platform::Uuid{{0x00,0x00,0x00,0x00,0x00,0x00,0x00,0x00,0x00,0x00,0x00,0x00,0x00,0x00,0x00,0x00}},0}},
    DatatypeTypeCodecIdentityRowV3{
      DatatypeTypeCodecIdentityRowV1{platform::Uuid{{0x01,0x9d,0x00,0x00,0x00,0x00,0x70,0x00,0x80,0x00,0x00,0x00,0x00,0x00,0xd7,0x04}},4,4,platform::Uuid{{0x90,0x01,0x00,0x00,0x64,0x61,0x74,0x65,0x80,0x00,0x00,0x00,0x00,0x00,0x00,0x00}},1,platform::Uuid{{0x01,0x9d,0x00,0x00,0x00,0x00,0x70,0x00,0x80,0x00,0x00,0x00,0x00,0x00,0xd8,0x1c}},1,"datatype.date.days.le.v1",1,1,4,true,"date",0,1,0,false,0,4,4,4,400,platform::Uuid{{0x01,0x9d,0x00,0x00,0x00,0x00,0x70,0x00,0x80,0x00,0x00,0x00,0x00,0x00,0xd8,0x1d}},false,false,"little_endian","signed_i32_days_since_Unix_epoch","",false,false,false,false,true,false,"DATATYPE.DESCRIPTOR.INVALID",platform::Uuid{{0x00,0x00,0x00,0x00,0x00,0x00,0x00,0x00,0x00,0x00,0x00,0x00,0x00,0x00,0x00,0x00}},0,platform::Uuid{{0x00,0x00,0x00,0x00,0x00,0x00,0x00,0x00,0x00,0x00,0x00,0x00,0x00,0x00,0x00,0x00}},0,platform::Uuid{{0x00,0x00,0x00,0x00,0x00,0x00,0x00,0x00,0x00,0x00,0x00,0x00,0x00,0x00,0x00,0x00}},0,"",false},
      DatatypePolicyIdentityV1{platform::Uuid{{0x00,0x00,0x00,0x00,0x00,0x00,0x00,0x00,0x00,0x00,0x00,0x00,0x00,0x00,0x00,0x00}},0},
      DatatypePolicyIdentityV1{platform::Uuid{{0x00,0x00,0x00,0x00,0x00,0x00,0x00,0x00,0x00,0x00,0x00,0x00,0x00,0x00,0x00,0x00}},0},
      DatatypePolicyIdentityV1{platform::Uuid{{0x00,0x00,0x00,0x00,0x00,0x00,0x00,0x00,0x00,0x00,0x00,0x00,0x00,0x00,0x00,0x00}},0},
      DatatypePolicyIdentityV1{platform::Uuid{{0x00,0x00,0x00,0x00,0x00,0x00,0x00,0x00,0x00,0x00,0x00,0x00,0x00,0x00,0x00,0x00}},0},
      DatatypePolicyIdentityV1{platform::Uuid{{0x00,0x00,0x00,0x00,0x00,0x00,0x00,0x00,0x00,0x00,0x00,0x00,0x00,0x00,0x00,0x00}},0}},
    DatatypeTypeCodecIdentityRowV3{
      DatatypeTypeCodecIdentityRowV1{platform::Uuid{{0x01,0x9d,0x00,0x00,0x00,0x00,0x70,0x00,0x80,0x00,0x00,0x00,0x00,0x00,0xd7,0x04}},4,4,platform::Uuid{{0x91,0x01,0x00,0x00,0x74,0x69,0x7d,0x65,0x80,0x00,0x00,0x00,0x00,0x00,0x00,0x00}},1,platform::Uuid{{0x01,0x9d,0x00,0x00,0x00,0x00,0x70,0x00,0x80,0x00,0x00,0x00,0x00,0x00,0xd8,0x1e}},1,"datatype.time.nanos.le.v1",1,1,8,true,"time",0,1,0,false,0,8,8,8,401,platform::Uuid{{0x01,0x9d,0x00,0x00,0x00,0x00,0x70,0x00,0x80,0x00,0x00,0x00,0x00,0x00,0xd8,0x1f}},false,false,"little_endian","unsigned_u64_nanoseconds_since_midnight","",false,false,false,false,true,false,"DATATYPE.DESCRIPTOR.INVALID",platform::Uuid{{0x00,0x00,0x00,0x00,0x00,0x00,0x00,0x00,0x00,0x00,0x00,0x00,0x00,0x00,0x00,0x00}},0,platform::Uuid{{0x00,0x00,0x00,0x00,0x00,0x00,0x00,0x00,0x00,0x00,0x00,0x00,0x00,0x00,0x00,0x00}},0,platform::Uuid{{0x00,0x00,0x00,0x00,0x00,0x00,0x00,0x00,0x00,0x00,0x00,0x00,0x00,0x00,0x00,0x00}},0,"",false},
      DatatypePolicyIdentityV1{platform::Uuid{{0x00,0x00,0x00,0x00,0x00,0x00,0x00,0x00,0x00,0x00,0x00,0x00,0x00,0x00,0x00,0x00}},0},
      DatatypePolicyIdentityV1{platform::Uuid{{0x00,0x00,0x00,0x00,0x00,0x00,0x00,0x00,0x00,0x00,0x00,0x00,0x00,0x00,0x00,0x00}},0},
      DatatypePolicyIdentityV1{platform::Uuid{{0x00,0x00,0x00,0x00,0x00,0x00,0x00,0x00,0x00,0x00,0x00,0x00,0x00,0x00,0x00,0x00}},0},
      DatatypePolicyIdentityV1{platform::Uuid{{0x00,0x00,0x00,0x00,0x00,0x00,0x00,0x00,0x00,0x00,0x00,0x00,0x00,0x00,0x00,0x00}},0},
      DatatypePolicyIdentityV1{platform::Uuid{{0x00,0x00,0x00,0x00,0x00,0x00,0x00,0x00,0x00,0x00,0x00,0x00,0x00,0x00,0x00,0x00}},0}},
    DatatypeTypeCodecIdentityRowV3{
      DatatypeTypeCodecIdentityRowV1{platform::Uuid{{0x01,0x9d,0x00,0x00,0x00,0x00,0x70,0x00,0x80,0x00,0x00,0x00,0x00,0x00,0xd7,0x04}},4,4,platform::Uuid{{0x92,0x01,0x00,0x00,0x74,0x69,0x7d,0x65,0xb3,0x74,0x61,0x6d,0x70,0x00,0x00,0x00}},1,platform::Uuid{{0x01,0x9d,0x00,0x00,0x00,0x00,0x70,0x00,0x80,0x00,0x00,0x00,0x00,0x00,0xd8,0x20}},1,"datatype.timestamp.utc_tuple.le.v1",1,1,16,true,"timestamp",0,1,0,false,0,16,16,16,402,platform::Uuid{{0x01,0x9d,0x00,0x00,0x00,0x00,0x70,0x00,0x80,0x00,0x00,0x00,0x00,0x00,0xd8,0x21}},false,false,"little_endian","i64_Unix_seconds_u32_nanoseconds_u32_reserved_zero","",false,false,false,false,true,false,"DATATYPE.DESCRIPTOR.INVALID",platform::Uuid{{0x00,0x00,0x00,0x00,0x00,0x00,0x00,0x00,0x00,0x00,0x00,0x00,0x00,0x00,0x00,0x00}},0,platform::Uuid{{0x00,0x00,0x00,0x00,0x00,0x00,0x00,0x00,0x00,0x00,0x00,0x00,0x00,0x00,0x00,0x00}},0,platform::Uuid{{0x00,0x00,0x00,0x00,0x00,0x00,0x00,0x00,0x00,0x00,0x00,0x00,0x00,0x00,0x00,0x00}},0,"",false},
      DatatypePolicyIdentityV1{platform::Uuid{{0x00,0x00,0x00,0x00,0x00,0x00,0x00,0x00,0x00,0x00,0x00,0x00,0x00,0x00,0x00,0x00}},0},
      DatatypePolicyIdentityV1{platform::Uuid{{0x00,0x00,0x00,0x00,0x00,0x00,0x00,0x00,0x00,0x00,0x00,0x00,0x00,0x00,0x00,0x00}},0},
      DatatypePolicyIdentityV1{platform::Uuid{{0x00,0x00,0x00,0x00,0x00,0x00,0x00,0x00,0x00,0x00,0x00,0x00,0x00,0x00,0x00,0x00}},0},
      DatatypePolicyIdentityV1{platform::Uuid{{0x00,0x00,0x00,0x00,0x00,0x00,0x00,0x00,0x00,0x00,0x00,0x00,0x00,0x00,0x00,0x00}},0},
      DatatypePolicyIdentityV1{platform::Uuid{{0x00,0x00,0x00,0x00,0x00,0x00,0x00,0x00,0x00,0x00,0x00,0x00,0x00,0x00,0x00,0x00}},0}},
    DatatypeTypeCodecIdentityRowV3{
      DatatypeTypeCodecIdentityRowV1{platform::Uuid{{0x01,0x9d,0x00,0x00,0x00,0x00,0x70,0x00,0x80,0x00,0x00,0x00,0x00,0x00,0xd7,0x04}},4,4,platform::Uuid{{0x93,0x01,0x00,0x00,0x69,0x6e,0x74,0x65,0xb2,0x76,0x61,0x6c,0x00,0x00,0x00,0x00}},1,platform::Uuid{{0x01,0x9d,0x00,0x00,0x00,0x00,0x70,0x00,0x80,0x00,0x00,0x00,0x00,0x00,0xd8,0x22}},1,"datatype.interval.tuple.le.v1",1,1,16,true,"interval",0,1,0,false,0,16,16,16,403,platform::Uuid{{0x01,0x9d,0x00,0x00,0x00,0x00,0x70,0x00,0x80,0x00,0x00,0x00,0x00,0x00,0xd8,0x23}},false,false,"little_endian","i32_months_i32_days_i64_nanoseconds","",false,false,false,false,true,false,"DATATYPE.DESCRIPTOR.INVALID",platform::Uuid{{0x00,0x00,0x00,0x00,0x00,0x00,0x00,0x00,0x00,0x00,0x00,0x00,0x00,0x00,0x00,0x00}},0,platform::Uuid{{0x00,0x00,0x00,0x00,0x00,0x00,0x00,0x00,0x00,0x00,0x00,0x00,0x00,0x00,0x00,0x00}},0,platform::Uuid{{0x00,0x00,0x00,0x00,0x00,0x00,0x00,0x00,0x00,0x00,0x00,0x00,0x00,0x00,0x00,0x00}},0,"",false},
      DatatypePolicyIdentityV1{platform::Uuid{{0x00,0x00,0x00,0x00,0x00,0x00,0x00,0x00,0x00,0x00,0x00,0x00,0x00,0x00,0x00,0x00}},0},
      DatatypePolicyIdentityV1{platform::Uuid{{0x00,0x00,0x00,0x00,0x00,0x00,0x00,0x00,0x00,0x00,0x00,0x00,0x00,0x00,0x00,0x00}},0},
      DatatypePolicyIdentityV1{platform::Uuid{{0x00,0x00,0x00,0x00,0x00,0x00,0x00,0x00,0x00,0x00,0x00,0x00,0x00,0x00,0x00,0x00}},0},
      DatatypePolicyIdentityV1{platform::Uuid{{0x00,0x00,0x00,0x00,0x00,0x00,0x00,0x00,0x00,0x00,0x00,0x00,0x00,0x00,0x00,0x00}},0},
      DatatypePolicyIdentityV1{platform::Uuid{{0x00,0x00,0x00,0x00,0x00,0x00,0x00,0x00,0x00,0x00,0x00,0x00,0x00,0x00,0x00,0x00}},0}},
    DatatypeTypeCodecIdentityRowV3{
      DatatypeTypeCodecIdentityRowV1{platform::Uuid{{0x01,0x9d,0x00,0x00,0x00,0x00,0x70,0x00,0x80,0x00,0x00,0x00,0x00,0x00,0xd7,0x05}},5,5,platform::Uuid{{0x01,0x9d,0x00,0x00,0x00,0x00,0x70,0x00,0x80,0x00,0x00,0x00,0x00,0x00,0xd7,0x16}},1,platform::Uuid{{0x01,0x9d,0x00,0x00,0x00,0x00,0x70,0x00,0x80,0x00,0x00,0x00,0x00,0x00,0xd7,0x17}},1,"datatype.int32.le.v1",1,1,4,true,"int32",2,1,2,true,2,4,4,4,102,platform::Uuid{{0x00,0x00,0x00,0x00,0x00,0x00,0x00,0x00,0x00,0x00,0x00,0x00,0x00,0x00,0x00,0x00}},false,false,"","","",false,false,false,false,false,false,"",platform::Uuid{{0x00,0x00,0x00,0x00,0x00,0x00,0x00,0x00,0x00,0x00,0x00,0x00,0x00,0x00,0x00,0x00}},0,platform::Uuid{{0x00,0x00,0x00,0x00,0x00,0x00,0x00,0x00,0x00,0x00,0x00,0x00,0x00,0x00,0x00,0x00}},0,platform::Uuid{{0x00,0x00,0x00,0x00,0x00,0x00,0x00,0x00,0x00,0x00,0x00,0x00,0x00,0x00,0x00,0x00}},0,"",false},
      DatatypePolicyIdentityV1{platform::Uuid{{0x00,0x00,0x00,0x00,0x00,0x00,0x00,0x00,0x00,0x00,0x00,0x00,0x00,0x00,0x00,0x00}},0},
      DatatypePolicyIdentityV1{platform::Uuid{{0x00,0x00,0x00,0x00,0x00,0x00,0x00,0x00,0x00,0x00,0x00,0x00,0x00,0x00,0x00,0x00}},0},
      DatatypePolicyIdentityV1{platform::Uuid{{0x00,0x00,0x00,0x00,0x00,0x00,0x00,0x00,0x00,0x00,0x00,0x00,0x00,0x00,0x00,0x00}},0},
      DatatypePolicyIdentityV1{platform::Uuid{{0x00,0x00,0x00,0x00,0x00,0x00,0x00,0x00,0x00,0x00,0x00,0x00,0x00,0x00,0x00,0x00}},0},
      DatatypePolicyIdentityV1{platform::Uuid{{0x00,0x00,0x00,0x00,0x00,0x00,0x00,0x00,0x00,0x00,0x00,0x00,0x00,0x00,0x00,0x00}},0}},
    DatatypeTypeCodecIdentityRowV3{
      DatatypeTypeCodecIdentityRowV1{platform::Uuid{{0x01,0x9d,0x00,0x00,0x00,0x00,0x70,0x00,0x80,0x00,0x00,0x00,0x00,0x00,0xd7,0x05}},5,5,platform::Uuid{{0x01,0x9d,0x00,0x00,0x00,0x00,0x70,0x00,0x80,0x00,0x00,0x00,0x00,0x00,0xd7,0x11}},1,platform::Uuid{{0x01,0x9d,0x00,0x00,0x00,0x00,0x70,0x00,0x80,0x00,0x00,0x00,0x00,0x00,0xd7,0x12}},1,"datatype.int64.le.v1",1,1,8,false,"bigint",3,2,2,true,2,8,8,8,103,platform::Uuid{{0x00,0x00,0x00,0x00,0x00,0x00,0x00,0x00,0x00,0x00,0x00,0x00,0x00,0x00,0x00,0x00}},false,false,"","","",false,false,false,false,false,false,"",platform::Uuid{{0x00,0x00,0x00,0x00,0x00,0x00,0x00,0x00,0x00,0x00,0x00,0x00,0x00,0x00,0x00,0x00}},0,platform::Uuid{{0x00,0x00,0x00,0x00,0x00,0x00,0x00,0x00,0x00,0x00,0x00,0x00,0x00,0x00,0x00,0x00}},0,platform::Uuid{{0x00,0x00,0x00,0x00,0x00,0x00,0x00,0x00,0x00,0x00,0x00,0x00,0x00,0x00,0x00,0x00}},0,"",false},
      DatatypePolicyIdentityV1{platform::Uuid{{0x00,0x00,0x00,0x00,0x00,0x00,0x00,0x00,0x00,0x00,0x00,0x00,0x00,0x00,0x00,0x00}},0},
      DatatypePolicyIdentityV1{platform::Uuid{{0x00,0x00,0x00,0x00,0x00,0x00,0x00,0x00,0x00,0x00,0x00,0x00,0x00,0x00,0x00,0x00}},0},
      DatatypePolicyIdentityV1{platform::Uuid{{0x00,0x00,0x00,0x00,0x00,0x00,0x00,0x00,0x00,0x00,0x00,0x00,0x00,0x00,0x00,0x00}},0},
      DatatypePolicyIdentityV1{platform::Uuid{{0x00,0x00,0x00,0x00,0x00,0x00,0x00,0x00,0x00,0x00,0x00,0x00,0x00,0x00,0x00,0x00}},0},
      DatatypePolicyIdentityV1{platform::Uuid{{0x00,0x00,0x00,0x00,0x00,0x00,0x00,0x00,0x00,0x00,0x00,0x00,0x00,0x00,0x00,0x00}},0}},
    DatatypeTypeCodecIdentityRowV3{
      DatatypeTypeCodecIdentityRowV1{platform::Uuid{{0x01,0x9d,0x00,0x00,0x00,0x00,0x70,0x00,0x80,0x00,0x00,0x00,0x00,0x00,0xd7,0x05}},5,5,platform::Uuid{{0xa0,0x00,0x00,0x00,0x64,0x65,0x73,0x69,0xad,0x61,0x6c,0x00,0x00,0x00,0x00,0x00}},1,platform::Uuid{{0x01,0x9d,0x00,0x00,0x00,0x00,0x70,0x00,0x80,0x00,0x00,0x00,0x00,0x00,0xd7,0x13}},1,"datatype.decimal.base1e9.le.v1",1,1,24,false,"decimal",4,2,2,true,3,24,24,24,160,platform::Uuid{{0x00,0x00,0x00,0x00,0x00,0x00,0x00,0x00,0x00,0x00,0x00,0x00,0x00,0x00,0x00,0x00}},false,false,"","","",false,false,false,false,false,false,"",platform::Uuid{{0x00,0x00,0x00,0x00,0x00,0x00,0x00,0x00,0x00,0x00,0x00,0x00,0x00,0x00,0x00,0x00}},0,platform::Uuid{{0x00,0x00,0x00,0x00,0x00,0x00,0x00,0x00,0x00,0x00,0x00,0x00,0x00,0x00,0x00,0x00}},0,platform::Uuid{{0x00,0x00,0x00,0x00,0x00,0x00,0x00,0x00,0x00,0x00,0x00,0x00,0x00,0x00,0x00,0x00}},0,"",false},
      DatatypePolicyIdentityV1{platform::Uuid{{0x00,0x00,0x00,0x00,0x00,0x00,0x00,0x00,0x00,0x00,0x00,0x00,0x00,0x00,0x00,0x00}},0},
      DatatypePolicyIdentityV1{platform::Uuid{{0x00,0x00,0x00,0x00,0x00,0x00,0x00,0x00,0x00,0x00,0x00,0x00,0x00,0x00,0x00,0x00}},0},
      DatatypePolicyIdentityV1{platform::Uuid{{0x00,0x00,0x00,0x00,0x00,0x00,0x00,0x00,0x00,0x00,0x00,0x00,0x00,0x00,0x00,0x00}},0},
      DatatypePolicyIdentityV1{platform::Uuid{{0x00,0x00,0x00,0x00,0x00,0x00,0x00,0x00,0x00,0x00,0x00,0x00,0x00,0x00,0x00,0x00}},0},
      DatatypePolicyIdentityV1{platform::Uuid{{0x00,0x00,0x00,0x00,0x00,0x00,0x00,0x00,0x00,0x00,0x00,0x00,0x00,0x00,0x00,0x00}},0}},
    DatatypeTypeCodecIdentityRowV3{
      DatatypeTypeCodecIdentityRowV1{platform::Uuid{{0x01,0x9d,0x00,0x00,0x00,0x00,0x70,0x00,0x80,0x00,0x00,0x00,0x00,0x00,0xd7,0x05}},5,5,platform::Uuid{{0x01,0x9d,0x00,0x00,0x00,0x00,0x70,0x00,0x80,0x00,0x00,0x00,0x00,0x00,0xd7,0x14}},1,platform::Uuid{{0x01,0x9d,0x00,0x00,0x00,0x00,0x70,0x00,0x80,0x00,0x00,0x00,0x00,0x00,0xd7,0x15}},1,"datatype.int128.le.v1",1,1,16,true,"int128",5,1,2,true,2,16,16,16,104,platform::Uuid{{0x00,0x00,0x00,0x00,0x00,0x00,0x00,0x00,0x00,0x00,0x00,0x00,0x00,0x00,0x00,0x00}},false,false,"","","",false,false,false,false,false,false,"",platform::Uuid{{0x00,0x00,0x00,0x00,0x00,0x00,0x00,0x00,0x00,0x00,0x00,0x00,0x00,0x00,0x00,0x00}},0,platform::Uuid{{0x00,0x00,0x00,0x00,0x00,0x00,0x00,0x00,0x00,0x00,0x00,0x00,0x00,0x00,0x00,0x00}},0,platform::Uuid{{0x00,0x00,0x00,0x00,0x00,0x00,0x00,0x00,0x00,0x00,0x00,0x00,0x00,0x00,0x00,0x00}},0,"",false},
      DatatypePolicyIdentityV1{platform::Uuid{{0x00,0x00,0x00,0x00,0x00,0x00,0x00,0x00,0x00,0x00,0x00,0x00,0x00,0x00,0x00,0x00}},0},
      DatatypePolicyIdentityV1{platform::Uuid{{0x00,0x00,0x00,0x00,0x00,0x00,0x00,0x00,0x00,0x00,0x00,0x00,0x00,0x00,0x00,0x00}},0},
      DatatypePolicyIdentityV1{platform::Uuid{{0x00,0x00,0x00,0x00,0x00,0x00,0x00,0x00,0x00,0x00,0x00,0x00,0x00,0x00,0x00,0x00}},0},
      DatatypePolicyIdentityV1{platform::Uuid{{0x00,0x00,0x00,0x00,0x00,0x00,0x00,0x00,0x00,0x00,0x00,0x00,0x00,0x00,0x00,0x00}},0},
      DatatypePolicyIdentityV1{platform::Uuid{{0x00,0x00,0x00,0x00,0x00,0x00,0x00,0x00,0x00,0x00,0x00,0x00,0x00,0x00,0x00,0x00}},0}},
    DatatypeTypeCodecIdentityRowV3{
      DatatypeTypeCodecIdentityRowV1{platform::Uuid{{0x01,0x9d,0x00,0x00,0x00,0x00,0x70,0x00,0x80,0x00,0x00,0x00,0x00,0x00,0xd7,0x05}},5,5,platform::Uuid{{0x01,0x00,0x00,0x00,0x62,0x6f,0x7f,0x6c,0xa5,0x61,0x6e,0x00,0x00,0x00,0x00,0x00}},1,platform::Uuid{{0x01,0x00,0x00,0x00,0x62,0x6f,0x7f,0x6c,0xa5,0x61,0x6e,0x00,0x00,0x00,0x00,0x00}},1,"datatype.boolean.u8.v1",1,1,1,true,"boolean",1,1,1,false,1,1,1,1,1,platform::Uuid{{0x00,0x00,0x00,0x00,0x00,0x00,0x00,0x00,0x00,0x00,0x00,0x00,0x00,0x00,0x00,0x00}},false,false,"","","",false,false,false,false,false,false,"",platform::Uuid{{0x00,0x00,0x00,0x00,0x00,0x00,0x00,0x00,0x00,0x00,0x00,0x00,0x00,0x00,0x00,0x00}},0,platform::Uuid{{0x00,0x00,0x00,0x00,0x00,0x00,0x00,0x00,0x00,0x00,0x00,0x00,0x00,0x00,0x00,0x00}},0,platform::Uuid{{0x00,0x00,0x00,0x00,0x00,0x00,0x00,0x00,0x00,0x00,0x00,0x00,0x00,0x00,0x00,0x00}},0,"",false},
      DatatypePolicyIdentityV1{platform::Uuid{{0x00,0x00,0x00,0x00,0x00,0x00,0x00,0x00,0x00,0x00,0x00,0x00,0x00,0x00,0x00,0x00}},0},
      DatatypePolicyIdentityV1{platform::Uuid{{0x00,0x00,0x00,0x00,0x00,0x00,0x00,0x00,0x00,0x00,0x00,0x00,0x00,0x00,0x00,0x00}},0},
      DatatypePolicyIdentityV1{platform::Uuid{{0x00,0x00,0x00,0x00,0x00,0x00,0x00,0x00,0x00,0x00,0x00,0x00,0x00,0x00,0x00,0x00}},0},
      DatatypePolicyIdentityV1{platform::Uuid{{0x00,0x00,0x00,0x00,0x00,0x00,0x00,0x00,0x00,0x00,0x00,0x00,0x00,0x00,0x00,0x00}},0},
      DatatypePolicyIdentityV1{platform::Uuid{{0x00,0x00,0x00,0x00,0x00,0x00,0x00,0x00,0x00,0x00,0x00,0x00,0x00,0x00,0x00,0x00}},0}},
    DatatypeTypeCodecIdentityRowV3{
      DatatypeTypeCodecIdentityRowV1{platform::Uuid{{0x01,0x9d,0x00,0x00,0x00,0x00,0x70,0x00,0x80,0x00,0x00,0x00,0x00,0x00,0xd7,0x05}},5,5,platform::Uuid{{0x01,0x9d,0x00,0x00,0x00,0x00,0x70,0x00,0x80,0x00,0x00,0x00,0x00,0x00,0xd7,0x18}},1,platform::Uuid{{0x01,0x9d,0x00,0x00,0x00,0x00,0x70,0x00,0x80,0x00,0x00,0x00,0x00,0x00,0xd7,0x19}},1,"datatype.text.utf8.v1",1,1,0,true,"text",0,1,0,false,0,0,16777216,0,300,platform::Uuid{{0x01,0x9d,0x00,0x00,0x00,0x00,0x70,0x00,0x80,0x00,0x00,0x00,0x00,0x00,0xd7,0x1a}},true,true,"byte_sequence","exact_well_formed_UTF8_scalar_sequence_without_implicit_normalization","UTF-8",true,false,true,true,true,true,"CTB.TEXT.INVALID_ENCODING",platform::Uuid{{0x00,0x00,0x00,0x00,0x00,0x00,0x00,0x00,0x00,0x00,0x00,0x00,0x00,0x00,0x00,0x00}},0,platform::Uuid{{0x00,0x00,0x00,0x00,0x00,0x00,0x00,0x00,0x00,0x00,0x00,0x00,0x00,0x00,0x00,0x00}},0,platform::Uuid{{0x00,0x00,0x00,0x00,0x00,0x00,0x00,0x00,0x00,0x00,0x00,0x00,0x00,0x00,0x00,0x00}},0,"",false},
      DatatypePolicyIdentityV1{platform::Uuid{{0x00,0x00,0x00,0x00,0x00,0x00,0x00,0x00,0x00,0x00,0x00,0x00,0x00,0x00,0x00,0x00}},0},
      DatatypePolicyIdentityV1{platform::Uuid{{0x00,0x00,0x00,0x00,0x00,0x00,0x00,0x00,0x00,0x00,0x00,0x00,0x00,0x00,0x00,0x00}},0},
      DatatypePolicyIdentityV1{platform::Uuid{{0x00,0x00,0x00,0x00,0x00,0x00,0x00,0x00,0x00,0x00,0x00,0x00,0x00,0x00,0x00,0x00}},0},
      DatatypePolicyIdentityV1{platform::Uuid{{0x00,0x00,0x00,0x00,0x00,0x00,0x00,0x00,0x00,0x00,0x00,0x00,0x00,0x00,0x00,0x00}},0},
      DatatypePolicyIdentityV1{platform::Uuid{{0x00,0x00,0x00,0x00,0x00,0x00,0x00,0x00,0x00,0x00,0x00,0x00,0x00,0x00,0x00,0x00}},0}},
    DatatypeTypeCodecIdentityRowV3{
      DatatypeTypeCodecIdentityRowV1{platform::Uuid{{0x01,0x9d,0x00,0x00,0x00,0x00,0x70,0x00,0x80,0x00,0x00,0x00,0x00,0x00,0xd7,0x05}},5,5,platform::Uuid{{0x01,0x9d,0x00,0x00,0x00,0x00,0x70,0x00,0x80,0x00,0x00,0x00,0x00,0x00,0xd7,0x31}},1,platform::Uuid{{0x01,0x9d,0x00,0x00,0x00,0x00,0x70,0x00,0x80,0x00,0x00,0x00,0x00,0x00,0xd7,0x32}},1,"datatype.real64.ieee754.le.v1",1,1,8,true,"real64",0,1,0,false,0,8,8,8,141,platform::Uuid{{0x01,0x9d,0x00,0x00,0x00,0x00,0x70,0x00,0x80,0x00,0x00,0x00,0x00,0x00,0xd7,0x33}},false,false,"little_endian","IEEE754_binary64","",false,false,false,false,true,false,"DATATYPE.DESCRIPTOR.INVALID",platform::Uuid{{0x00,0x00,0x00,0x00,0x00,0x00,0x00,0x00,0x00,0x00,0x00,0x00,0x00,0x00,0x00,0x00}},0,platform::Uuid{{0x00,0x00,0x00,0x00,0x00,0x00,0x00,0x00,0x00,0x00,0x00,0x00,0x00,0x00,0x00,0x00}},0,platform::Uuid{{0x00,0x00,0x00,0x00,0x00,0x00,0x00,0x00,0x00,0x00,0x00,0x00,0x00,0x00,0x00,0x00}},0,"",false},
      DatatypePolicyIdentityV1{platform::Uuid{{0x00,0x00,0x00,0x00,0x00,0x00,0x00,0x00,0x00,0x00,0x00,0x00,0x00,0x00,0x00,0x00}},0},
      DatatypePolicyIdentityV1{platform::Uuid{{0x00,0x00,0x00,0x00,0x00,0x00,0x00,0x00,0x00,0x00,0x00,0x00,0x00,0x00,0x00,0x00}},0},
      DatatypePolicyIdentityV1{platform::Uuid{{0x00,0x00,0x00,0x00,0x00,0x00,0x00,0x00,0x00,0x00,0x00,0x00,0x00,0x00,0x00,0x00}},0},
      DatatypePolicyIdentityV1{platform::Uuid{{0x00,0x00,0x00,0x00,0x00,0x00,0x00,0x00,0x00,0x00,0x00,0x00,0x00,0x00,0x00,0x00}},0},
      DatatypePolicyIdentityV1{platform::Uuid{{0x00,0x00,0x00,0x00,0x00,0x00,0x00,0x00,0x00,0x00,0x00,0x00,0x00,0x00,0x00,0x00}},0}},
    DatatypeTypeCodecIdentityRowV3{
      DatatypeTypeCodecIdentityRowV1{platform::Uuid{{0x01,0x9d,0x00,0x00,0x00,0x00,0x70,0x00,0x80,0x00,0x00,0x00,0x00,0x00,0xd7,0x05}},5,5,platform::Uuid{{0x01,0x9d,0x00,0x00,0x00,0x00,0x70,0x00,0x80,0x00,0x00,0x00,0x00,0x00,0xd7,0x34}},1,platform::Uuid{{0x01,0x9d,0x00,0x00,0x00,0x00,0x70,0x00,0x80,0x00,0x00,0x00,0x00,0x00,0xd7,0x35}},1,"datatype.uuid.binary16.v1",1,1,16,true,"uuid",0,1,0,false,0,16,16,16,200,platform::Uuid{{0x01,0x9d,0x00,0x00,0x00,0x00,0x70,0x00,0x80,0x00,0x00,0x00,0x00,0x00,0xd7,0x36}},false,false,"byte_sequence","sixteen_UUID_value_octets_without_text_conversion","",false,false,false,false,true,false,"DATATYPE.DESCRIPTOR.INVALID",platform::Uuid{{0x00,0x00,0x00,0x00,0x00,0x00,0x00,0x00,0x00,0x00,0x00,0x00,0x00,0x00,0x00,0x00}},0,platform::Uuid{{0x00,0x00,0x00,0x00,0x00,0x00,0x00,0x00,0x00,0x00,0x00,0x00,0x00,0x00,0x00,0x00}},0,platform::Uuid{{0x00,0x00,0x00,0x00,0x00,0x00,0x00,0x00,0x00,0x00,0x00,0x00,0x00,0x00,0x00,0x00}},0,"",false},
      DatatypePolicyIdentityV1{platform::Uuid{{0x00,0x00,0x00,0x00,0x00,0x00,0x00,0x00,0x00,0x00,0x00,0x00,0x00,0x00,0x00,0x00}},0},
      DatatypePolicyIdentityV1{platform::Uuid{{0x00,0x00,0x00,0x00,0x00,0x00,0x00,0x00,0x00,0x00,0x00,0x00,0x00,0x00,0x00,0x00}},0},
      DatatypePolicyIdentityV1{platform::Uuid{{0x00,0x00,0x00,0x00,0x00,0x00,0x00,0x00,0x00,0x00,0x00,0x00,0x00,0x00,0x00,0x00}},0},
      DatatypePolicyIdentityV1{platform::Uuid{{0x00,0x00,0x00,0x00,0x00,0x00,0x00,0x00,0x00,0x00,0x00,0x00,0x00,0x00,0x00,0x00}},0},
      DatatypePolicyIdentityV1{platform::Uuid{{0x00,0x00,0x00,0x00,0x00,0x00,0x00,0x00,0x00,0x00,0x00,0x00,0x00,0x00,0x00,0x00}},0}},
    DatatypeTypeCodecIdentityRowV3{
      DatatypeTypeCodecIdentityRowV1{platform::Uuid{{0x01,0x9d,0x00,0x00,0x00,0x00,0x70,0x00,0x80,0x00,0x00,0x00,0x00,0x00,0xd7,0x05}},5,5,platform::Uuid{{0x01,0x9d,0x00,0x00,0x00,0x00,0x70,0x00,0x80,0x00,0x00,0x00,0x00,0x00,0xd7,0x37}},1,platform::Uuid{{0x01,0x9d,0x00,0x00,0x00,0x00,0x70,0x00,0x80,0x00,0x00,0x00,0x00,0x00,0xd7,0x38}},1,"datatype.geometry.sbp1.v1",1,1,0,true,"geometry",0,1,0,false,0,24,24,0,680,platform::Uuid{{0x01,0x9d,0x00,0x00,0x00,0x00,0x70,0x00,0x80,0x00,0x00,0x00,0x00,0x00,0xd7,0x39}},true,true,"byte_sequence","SBP1_finite_2D_point_big_endian_coordinates","",false,false,false,false,true,true,"DATATYPE.DESCRIPTOR.INVALID",platform::Uuid{{0x00,0x00,0x00,0x00,0x00,0x00,0x00,0x00,0x00,0x00,0x00,0x00,0x00,0x00,0x00,0x00}},0,platform::Uuid{{0x00,0x00,0x00,0x00,0x00,0x00,0x00,0x00,0x00,0x00,0x00,0x00,0x00,0x00,0x00,0x00}},0,platform::Uuid{{0x00,0x00,0x00,0x00,0x00,0x00,0x00,0x00,0x00,0x00,0x00,0x00,0x00,0x00,0x00,0x00}},0,"",false},
      DatatypePolicyIdentityV1{platform::Uuid{{0x00,0x00,0x00,0x00,0x00,0x00,0x00,0x00,0x00,0x00,0x00,0x00,0x00,0x00,0x00,0x00}},0},
      DatatypePolicyIdentityV1{platform::Uuid{{0x00,0x00,0x00,0x00,0x00,0x00,0x00,0x00,0x00,0x00,0x00,0x00,0x00,0x00,0x00,0x00}},0},
      DatatypePolicyIdentityV1{platform::Uuid{{0x00,0x00,0x00,0x00,0x00,0x00,0x00,0x00,0x00,0x00,0x00,0x00,0x00,0x00,0x00,0x00}},0},
      DatatypePolicyIdentityV1{platform::Uuid{{0x00,0x00,0x00,0x00,0x00,0x00,0x00,0x00,0x00,0x00,0x00,0x00,0x00,0x00,0x00,0x00}},0},
      DatatypePolicyIdentityV1{platform::Uuid{{0x00,0x00,0x00,0x00,0x00,0x00,0x00,0x00,0x00,0x00,0x00,0x00,0x00,0x00,0x00,0x00}},0}},
    DatatypeTypeCodecIdentityRowV3{
      DatatypeTypeCodecIdentityRowV1{platform::Uuid{{0x01,0x9d,0x00,0x00,0x00,0x00,0x70,0x00,0x80,0x00,0x00,0x00,0x00,0x00,0xd7,0x05}},5,5,platform::Uuid{{0x01,0x9d,0x00,0x00,0x00,0x00,0x70,0x00,0x80,0x00,0x00,0x00,0x00,0x00,0xd7,0x3a}},1,platform::Uuid{{0x01,0x9d,0x00,0x00,0x00,0x00,0x70,0x00,0x80,0x00,0x00,0x00,0x00,0x00,0xd7,0x3b}},1,"datatype.uint64.le.v1",1,1,8,true,"uint64",0,1,0,false,0,8,8,8,123,platform::Uuid{{0x01,0x9d,0x00,0x00,0x00,0x00,0x70,0x00,0x80,0x00,0x00,0x00,0x00,0x00,0xd7,0x3c}},false,false,"little_endian","unsigned_64_bit_integer","",false,false,false,false,true,false,"DATATYPE.DESCRIPTOR.INVALID",platform::Uuid{{0x00,0x00,0x00,0x00,0x00,0x00,0x00,0x00,0x00,0x00,0x00,0x00,0x00,0x00,0x00,0x00}},0,platform::Uuid{{0x00,0x00,0x00,0x00,0x00,0x00,0x00,0x00,0x00,0x00,0x00,0x00,0x00,0x00,0x00,0x00}},0,platform::Uuid{{0x00,0x00,0x00,0x00,0x00,0x00,0x00,0x00,0x00,0x00,0x00,0x00,0x00,0x00,0x00,0x00}},0,"",false},
      DatatypePolicyIdentityV1{platform::Uuid{{0x00,0x00,0x00,0x00,0x00,0x00,0x00,0x00,0x00,0x00,0x00,0x00,0x00,0x00,0x00,0x00}},0},
      DatatypePolicyIdentityV1{platform::Uuid{{0x00,0x00,0x00,0x00,0x00,0x00,0x00,0x00,0x00,0x00,0x00,0x00,0x00,0x00,0x00,0x00}},0},
      DatatypePolicyIdentityV1{platform::Uuid{{0x00,0x00,0x00,0x00,0x00,0x00,0x00,0x00,0x00,0x00,0x00,0x00,0x00,0x00,0x00,0x00}},0},
      DatatypePolicyIdentityV1{platform::Uuid{{0x00,0x00,0x00,0x00,0x00,0x00,0x00,0x00,0x00,0x00,0x00,0x00,0x00,0x00,0x00,0x00}},0},
      DatatypePolicyIdentityV1{platform::Uuid{{0x00,0x00,0x00,0x00,0x00,0x00,0x00,0x00,0x00,0x00,0x00,0x00,0x00,0x00,0x00,0x00}},0}},
    DatatypeTypeCodecIdentityRowV3{
      DatatypeTypeCodecIdentityRowV1{platform::Uuid{{0x01,0x9d,0x00,0x00,0x00,0x00,0x70,0x00,0x80,0x00,0x00,0x00,0x00,0x00,0xd7,0x05}},5,5,platform::Uuid{{0x01,0x9d,0x00,0x00,0x00,0x00,0x70,0x00,0x80,0x00,0x00,0x00,0x00,0x00,0xd7,0x3d}},1,platform::Uuid{{0x01,0x9d,0x00,0x00,0x00,0x00,0x70,0x00,0x80,0x00,0x00,0x00,0x00,0x00,0xd7,0x3e}},1,"datatype.json.utf8.v1",1,1,0,true,"json_document",0,1,0,false,0,1,16777216,0,601,platform::Uuid{{0x01,0x9d,0x00,0x00,0x00,0x00,0x70,0x00,0x80,0x00,0x00,0x00,0x00,0x00,0xd7,0x3f}},true,true,"byte_sequence","well_formed_UTF8_JSON_document","",false,false,false,false,true,true,"DATATYPE.DESCRIPTOR.INVALID",platform::Uuid{{0x00,0x00,0x00,0x00,0x00,0x00,0x00,0x00,0x00,0x00,0x00,0x00,0x00,0x00,0x00,0x00}},0,platform::Uuid{{0x00,0x00,0x00,0x00,0x00,0x00,0x00,0x00,0x00,0x00,0x00,0x00,0x00,0x00,0x00,0x00}},0,platform::Uuid{{0x00,0x00,0x00,0x00,0x00,0x00,0x00,0x00,0x00,0x00,0x00,0x00,0x00,0x00,0x00,0x00}},0,"",false},
      DatatypePolicyIdentityV1{platform::Uuid{{0x00,0x00,0x00,0x00,0x00,0x00,0x00,0x00,0x00,0x00,0x00,0x00,0x00,0x00,0x00,0x00}},0},
      DatatypePolicyIdentityV1{platform::Uuid{{0x00,0x00,0x00,0x00,0x00,0x00,0x00,0x00,0x00,0x00,0x00,0x00,0x00,0x00,0x00,0x00}},0},
      DatatypePolicyIdentityV1{platform::Uuid{{0x00,0x00,0x00,0x00,0x00,0x00,0x00,0x00,0x00,0x00,0x00,0x00,0x00,0x00,0x00,0x00}},0},
      DatatypePolicyIdentityV1{platform::Uuid{{0x00,0x00,0x00,0x00,0x00,0x00,0x00,0x00,0x00,0x00,0x00,0x00,0x00,0x00,0x00,0x00}},0},
      DatatypePolicyIdentityV1{platform::Uuid{{0x00,0x00,0x00,0x00,0x00,0x00,0x00,0x00,0x00,0x00,0x00,0x00,0x00,0x00,0x00,0x00}},0}},
    DatatypeTypeCodecIdentityRowV3{
      DatatypeTypeCodecIdentityRowV1{platform::Uuid{{0x01,0x9d,0x00,0x00,0x00,0x00,0x70,0x00,0x80,0x00,0x00,0x00,0x00,0x00,0xd7,0x05}},5,5,platform::Uuid{{0x01,0x9d,0x00,0x00,0x00,0x00,0x70,0x00,0x80,0x00,0x00,0x00,0x00,0x00,0xd7,0x40}},1,platform::Uuid{{0x01,0x9d,0x00,0x00,0x00,0x00,0x70,0x00,0x80,0x00,0x00,0x00,0x00,0x00,0xd7,0x41}},1,"datatype.list.text.framed.v1",1,1,0,true,"list",0,1,0,false,0,12,16777216,0,623,platform::Uuid{{0x01,0x9d,0x00,0x00,0x00,0x00,0x70,0x00,0x80,0x00,0x00,0x00,0x00,0x00,0xd7,0x42}},true,true,"byte_sequence","nullable_TEXT_list_SBTL0001","",false,false,false,false,true,true,"DATATYPE.DESCRIPTOR.INVALID",platform::Uuid{{0x00,0x00,0x00,0x00,0x00,0x00,0x00,0x00,0x00,0x00,0x00,0x00,0x00,0x00,0x00,0x00}},0,platform::Uuid{{0x00,0x00,0x00,0x00,0x00,0x00,0x00,0x00,0x00,0x00,0x00,0x00,0x00,0x00,0x00,0x00}},0,platform::Uuid{{0x00,0x00,0x00,0x00,0x00,0x00,0x00,0x00,0x00,0x00,0x00,0x00,0x00,0x00,0x00,0x00}},0,"",false},
      DatatypePolicyIdentityV1{platform::Uuid{{0x00,0x00,0x00,0x00,0x00,0x00,0x00,0x00,0x00,0x00,0x00,0x00,0x00,0x00,0x00,0x00}},0},
      DatatypePolicyIdentityV1{platform::Uuid{{0x00,0x00,0x00,0x00,0x00,0x00,0x00,0x00,0x00,0x00,0x00,0x00,0x00,0x00,0x00,0x00}},0},
      DatatypePolicyIdentityV1{platform::Uuid{{0x00,0x00,0x00,0x00,0x00,0x00,0x00,0x00,0x00,0x00,0x00,0x00,0x00,0x00,0x00,0x00}},0},
      DatatypePolicyIdentityV1{platform::Uuid{{0x00,0x00,0x00,0x00,0x00,0x00,0x00,0x00,0x00,0x00,0x00,0x00,0x00,0x00,0x00,0x00}},0},
      DatatypePolicyIdentityV1{platform::Uuid{{0x00,0x00,0x00,0x00,0x00,0x00,0x00,0x00,0x00,0x00,0x00,0x00,0x00,0x00,0x00,0x00}},0}},
    DatatypeTypeCodecIdentityRowV3{
      DatatypeTypeCodecIdentityRowV1{platform::Uuid{{0x01,0x9d,0x00,0x00,0x00,0x00,0x70,0x00,0x80,0x00,0x00,0x00,0x00,0x00,0xd7,0x05}},5,5,platform::Uuid{{0x2d,0x01,0x00,0x00,0x62,0x69,0x7e,0x61,0xb2,0x79,0x00,0x00,0x00,0x00,0x00,0x00}},1,platform::Uuid{{0x01,0x9d,0x00,0x00,0x00,0x00,0x70,0x00,0x80,0x00,0x00,0x00,0x00,0x00,0xd7,0x43}},1,"datatype.binary.octets.v1",1,1,0,true,"binary",0,1,0,false,0,0,16777216,0,301,platform::Uuid{{0x01,0x9d,0x00,0x00,0x00,0x00,0x70,0x00,0x80,0x00,0x00,0x00,0x00,0x00,0xd7,0x44}},true,true,"byte_sequence","exact_octets_without_text_conversion","",false,false,false,true,true,true,"DATATYPE.DESCRIPTOR.INVALID",platform::Uuid{{0x00,0x00,0x00,0x00,0x00,0x00,0x00,0x00,0x00,0x00,0x00,0x00,0x00,0x00,0x00,0x00}},0,platform::Uuid{{0x00,0x00,0x00,0x00,0x00,0x00,0x00,0x00,0x00,0x00,0x00,0x00,0x00,0x00,0x00,0x00}},0,platform::Uuid{{0x00,0x00,0x00,0x00,0x00,0x00,0x00,0x00,0x00,0x00,0x00,0x00,0x00,0x00,0x00,0x00}},0,"",false},
      DatatypePolicyIdentityV1{platform::Uuid{{0x01,0xa0,0xfe,0xa5,0x8a,0x12,0x7d,0xa5,0x9d,0x9d,0x83,0x9b,0xc8,0x1b,0x09,0xca}},1},
      DatatypePolicyIdentityV1{platform::Uuid{{0x01,0xa0,0xfe,0xa5,0x8a,0x12,0x74,0x66,0x9a,0xdb,0xe2,0x54,0x64,0xc6,0x5b,0x6a}},1},
      DatatypePolicyIdentityV1{platform::Uuid{{0x01,0xa0,0xfe,0xa5,0x8a,0x12,0x70,0x73,0xa5,0xb7,0x32,0x60,0x6c,0xd0,0x91,0xe6}},1},
      DatatypePolicyIdentityV1{platform::Uuid{{0x01,0xa0,0xfe,0xa5,0x8a,0x12,0x73,0x7b,0xa4,0x82,0xe6,0x96,0xfe,0x71,0x41,0xf8}},1},
      DatatypePolicyIdentityV1{platform::Uuid{{0x00,0x00,0x00,0x00,0x00,0x00,0x00,0x00,0x00,0x00,0x00,0x00,0x00,0x00,0x00,0x00}},0}},
    DatatypeTypeCodecIdentityRowV3{
      DatatypeTypeCodecIdentityRowV1{platform::Uuid{{0x01,0x9d,0x00,0x00,0x00,0x00,0x70,0x00,0x80,0x00,0x00,0x00,0x00,0x00,0xd7,0x05}},5,5,platform::Uuid{{0x64,0x00,0x00,0x00,0x69,0x6e,0x74,0x38,0x80,0x00,0x00,0x00,0x00,0x00,0x00,0x00}},1,platform::Uuid{{0x01,0x9d,0x00,0x00,0x00,0x00,0x70,0x00,0x80,0x00,0x00,0x00,0x00,0x00,0xd8,0x00}},1,"datatype.int8.le.v1",1,1,1,true,"int8",0,1,0,false,0,1,1,1,100,platform::Uuid{{0x01,0x9d,0x00,0x00,0x00,0x00,0x70,0x00,0x80,0x00,0x00,0x00,0x00,0x00,0xd8,0x01}},false,false,"little_endian","twos_complement_integer","",false,false,false,false,true,false,"DATATYPE.DESCRIPTOR.INVALID",platform::Uuid{{0x00,0x00,0x00,0x00,0x00,0x00,0x00,0x00,0x00,0x00,0x00,0x00,0x00,0x00,0x00,0x00}},0,platform::Uuid{{0x00,0x00,0x00,0x00,0x00,0x00,0x00,0x00,0x00,0x00,0x00,0x00,0x00,0x00,0x00,0x00}},0,platform::Uuid{{0x00,0x00,0x00,0x00,0x00,0x00,0x00,0x00,0x00,0x00,0x00,0x00,0x00,0x00,0x00,0x00}},0,"",false},
      DatatypePolicyIdentityV1{platform::Uuid{{0x00,0x00,0x00,0x00,0x00,0x00,0x00,0x00,0x00,0x00,0x00,0x00,0x00,0x00,0x00,0x00}},0},
      DatatypePolicyIdentityV1{platform::Uuid{{0x00,0x00,0x00,0x00,0x00,0x00,0x00,0x00,0x00,0x00,0x00,0x00,0x00,0x00,0x00,0x00}},0},
      DatatypePolicyIdentityV1{platform::Uuid{{0x00,0x00,0x00,0x00,0x00,0x00,0x00,0x00,0x00,0x00,0x00,0x00,0x00,0x00,0x00,0x00}},0},
      DatatypePolicyIdentityV1{platform::Uuid{{0x00,0x00,0x00,0x00,0x00,0x00,0x00,0x00,0x00,0x00,0x00,0x00,0x00,0x00,0x00,0x00}},0},
      DatatypePolicyIdentityV1{platform::Uuid{{0x00,0x00,0x00,0x00,0x00,0x00,0x00,0x00,0x00,0x00,0x00,0x00,0x00,0x00,0x00,0x00}},0}},
    DatatypeTypeCodecIdentityRowV3{
      DatatypeTypeCodecIdentityRowV1{platform::Uuid{{0x01,0x9d,0x00,0x00,0x00,0x00,0x70,0x00,0x80,0x00,0x00,0x00,0x00,0x00,0xd7,0x05}},5,5,platform::Uuid{{0x65,0x00,0x00,0x00,0x69,0x6e,0x74,0x31,0xb6,0x00,0x00,0x00,0x00,0x00,0x00,0x00}},1,platform::Uuid{{0x01,0x9d,0x00,0x00,0x00,0x00,0x70,0x00,0x80,0x00,0x00,0x00,0x00,0x00,0xd8,0x02}},1,"datatype.int16.le.v1",1,1,2,true,"int16",0,1,0,false,0,2,2,2,101,platform::Uuid{{0x01,0x9d,0x00,0x00,0x00,0x00,0x70,0x00,0x80,0x00,0x00,0x00,0x00,0x00,0xd8,0x03}},false,false,"little_endian","twos_complement_integer","",false,false,false,false,true,false,"DATATYPE.DESCRIPTOR.INVALID",platform::Uuid{{0x00,0x00,0x00,0x00,0x00,0x00,0x00,0x00,0x00,0x00,0x00,0x00,0x00,0x00,0x00,0x00}},0,platform::Uuid{{0x00,0x00,0x00,0x00,0x00,0x00,0x00,0x00,0x00,0x00,0x00,0x00,0x00,0x00,0x00,0x00}},0,platform::Uuid{{0x00,0x00,0x00,0x00,0x00,0x00,0x00,0x00,0x00,0x00,0x00,0x00,0x00,0x00,0x00,0x00}},0,"",false},
      DatatypePolicyIdentityV1{platform::Uuid{{0x00,0x00,0x00,0x00,0x00,0x00,0x00,0x00,0x00,0x00,0x00,0x00,0x00,0x00,0x00,0x00}},0},
      DatatypePolicyIdentityV1{platform::Uuid{{0x00,0x00,0x00,0x00,0x00,0x00,0x00,0x00,0x00,0x00,0x00,0x00,0x00,0x00,0x00,0x00}},0},
      DatatypePolicyIdentityV1{platform::Uuid{{0x00,0x00,0x00,0x00,0x00,0x00,0x00,0x00,0x00,0x00,0x00,0x00,0x00,0x00,0x00,0x00}},0},
      DatatypePolicyIdentityV1{platform::Uuid{{0x00,0x00,0x00,0x00,0x00,0x00,0x00,0x00,0x00,0x00,0x00,0x00,0x00,0x00,0x00,0x00}},0},
      DatatypePolicyIdentityV1{platform::Uuid{{0x00,0x00,0x00,0x00,0x00,0x00,0x00,0x00,0x00,0x00,0x00,0x00,0x00,0x00,0x00,0x00}},0}},
    DatatypeTypeCodecIdentityRowV3{
      DatatypeTypeCodecIdentityRowV1{platform::Uuid{{0x01,0x9d,0x00,0x00,0x00,0x00,0x70,0x00,0x80,0x00,0x00,0x00,0x00,0x00,0xd7,0x05}},5,5,platform::Uuid{{0x78,0x00,0x00,0x00,0x75,0x69,0x7e,0x74,0xb8,0x00,0x00,0x00,0x00,0x00,0x00,0x00}},1,platform::Uuid{{0x01,0x9d,0x00,0x00,0x00,0x00,0x70,0x00,0x80,0x00,0x00,0x00,0x00,0x00,0xd8,0x04}},1,"datatype.uint8.le.v1",1,1,1,true,"uint8",0,1,0,false,0,1,1,1,120,platform::Uuid{{0x01,0x9d,0x00,0x00,0x00,0x00,0x70,0x00,0x80,0x00,0x00,0x00,0x00,0x00,0xd8,0x05}},false,false,"little_endian","unsigned_integer","",false,false,false,false,true,false,"DATATYPE.DESCRIPTOR.INVALID",platform::Uuid{{0x00,0x00,0x00,0x00,0x00,0x00,0x00,0x00,0x00,0x00,0x00,0x00,0x00,0x00,0x00,0x00}},0,platform::Uuid{{0x00,0x00,0x00,0x00,0x00,0x00,0x00,0x00,0x00,0x00,0x00,0x00,0x00,0x00,0x00,0x00}},0,platform::Uuid{{0x00,0x00,0x00,0x00,0x00,0x00,0x00,0x00,0x00,0x00,0x00,0x00,0x00,0x00,0x00,0x00}},0,"",false},
      DatatypePolicyIdentityV1{platform::Uuid{{0x00,0x00,0x00,0x00,0x00,0x00,0x00,0x00,0x00,0x00,0x00,0x00,0x00,0x00,0x00,0x00}},0},
      DatatypePolicyIdentityV1{platform::Uuid{{0x00,0x00,0x00,0x00,0x00,0x00,0x00,0x00,0x00,0x00,0x00,0x00,0x00,0x00,0x00,0x00}},0},
      DatatypePolicyIdentityV1{platform::Uuid{{0x00,0x00,0x00,0x00,0x00,0x00,0x00,0x00,0x00,0x00,0x00,0x00,0x00,0x00,0x00,0x00}},0},
      DatatypePolicyIdentityV1{platform::Uuid{{0x00,0x00,0x00,0x00,0x00,0x00,0x00,0x00,0x00,0x00,0x00,0x00,0x00,0x00,0x00,0x00}},0},
      DatatypePolicyIdentityV1{platform::Uuid{{0x00,0x00,0x00,0x00,0x00,0x00,0x00,0x00,0x00,0x00,0x00,0x00,0x00,0x00,0x00,0x00}},0}},
    DatatypeTypeCodecIdentityRowV3{
      DatatypeTypeCodecIdentityRowV1{platform::Uuid{{0x01,0x9d,0x00,0x00,0x00,0x00,0x70,0x00,0x80,0x00,0x00,0x00,0x00,0x00,0xd7,0x05}},5,5,platform::Uuid{{0x79,0x00,0x00,0x00,0x75,0x69,0x7e,0x74,0xb1,0x36,0x00,0x00,0x00,0x00,0x00,0x00}},1,platform::Uuid{{0x01,0x9d,0x00,0x00,0x00,0x00,0x70,0x00,0x80,0x00,0x00,0x00,0x00,0x00,0xd8,0x06}},1,"datatype.uint16.le.v1",1,1,2,true,"uint16",0,1,0,false,0,2,2,2,121,platform::Uuid{{0x01,0x9d,0x00,0x00,0x00,0x00,0x70,0x00,0x80,0x00,0x00,0x00,0x00,0x00,0xd8,0x07}},false,false,"little_endian","unsigned_integer","",false,false,false,false,true,false,"DATATYPE.DESCRIPTOR.INVALID",platform::Uuid{{0x00,0x00,0x00,0x00,0x00,0x00,0x00,0x00,0x00,0x00,0x00,0x00,0x00,0x00,0x00,0x00}},0,platform::Uuid{{0x00,0x00,0x00,0x00,0x00,0x00,0x00,0x00,0x00,0x00,0x00,0x00,0x00,0x00,0x00,0x00}},0,platform::Uuid{{0x00,0x00,0x00,0x00,0x00,0x00,0x00,0x00,0x00,0x00,0x00,0x00,0x00,0x00,0x00,0x00}},0,"",false},
      DatatypePolicyIdentityV1{platform::Uuid{{0x00,0x00,0x00,0x00,0x00,0x00,0x00,0x00,0x00,0x00,0x00,0x00,0x00,0x00,0x00,0x00}},0},
      DatatypePolicyIdentityV1{platform::Uuid{{0x00,0x00,0x00,0x00,0x00,0x00,0x00,0x00,0x00,0x00,0x00,0x00,0x00,0x00,0x00,0x00}},0},
      DatatypePolicyIdentityV1{platform::Uuid{{0x00,0x00,0x00,0x00,0x00,0x00,0x00,0x00,0x00,0x00,0x00,0x00,0x00,0x00,0x00,0x00}},0},
      DatatypePolicyIdentityV1{platform::Uuid{{0x00,0x00,0x00,0x00,0x00,0x00,0x00,0x00,0x00,0x00,0x00,0x00,0x00,0x00,0x00,0x00}},0},
      DatatypePolicyIdentityV1{platform::Uuid{{0x00,0x00,0x00,0x00,0x00,0x00,0x00,0x00,0x00,0x00,0x00,0x00,0x00,0x00,0x00,0x00}},0}},
    DatatypeTypeCodecIdentityRowV3{
      DatatypeTypeCodecIdentityRowV1{platform::Uuid{{0x01,0x9d,0x00,0x00,0x00,0x00,0x70,0x00,0x80,0x00,0x00,0x00,0x00,0x00,0xd7,0x05}},5,5,platform::Uuid{{0x7a,0x00,0x00,0x00,0x75,0x69,0x7e,0x74,0xb3,0x32,0x00,0x00,0x00,0x00,0x00,0x00}},1,platform::Uuid{{0x01,0x9d,0x00,0x00,0x00,0x00,0x70,0x00,0x80,0x00,0x00,0x00,0x00,0x00,0xd8,0x08}},1,"datatype.uint32.le.v1",1,1,4,true,"uint32",0,1,0,false,0,4,4,4,122,platform::Uuid{{0x01,0x9d,0x00,0x00,0x00,0x00,0x70,0x00,0x80,0x00,0x00,0x00,0x00,0x00,0xd8,0x09}},false,false,"little_endian","unsigned_integer","",false,false,false,false,true,false,"DATATYPE.DESCRIPTOR.INVALID",platform::Uuid{{0x00,0x00,0x00,0x00,0x00,0x00,0x00,0x00,0x00,0x00,0x00,0x00,0x00,0x00,0x00,0x00}},0,platform::Uuid{{0x00,0x00,0x00,0x00,0x00,0x00,0x00,0x00,0x00,0x00,0x00,0x00,0x00,0x00,0x00,0x00}},0,platform::Uuid{{0x00,0x00,0x00,0x00,0x00,0x00,0x00,0x00,0x00,0x00,0x00,0x00,0x00,0x00,0x00,0x00}},0,"",false},
      DatatypePolicyIdentityV1{platform::Uuid{{0x00,0x00,0x00,0x00,0x00,0x00,0x00,0x00,0x00,0x00,0x00,0x00,0x00,0x00,0x00,0x00}},0},
      DatatypePolicyIdentityV1{platform::Uuid{{0x00,0x00,0x00,0x00,0x00,0x00,0x00,0x00,0x00,0x00,0x00,0x00,0x00,0x00,0x00,0x00}},0},
      DatatypePolicyIdentityV1{platform::Uuid{{0x00,0x00,0x00,0x00,0x00,0x00,0x00,0x00,0x00,0x00,0x00,0x00,0x00,0x00,0x00,0x00}},0},
      DatatypePolicyIdentityV1{platform::Uuid{{0x00,0x00,0x00,0x00,0x00,0x00,0x00,0x00,0x00,0x00,0x00,0x00,0x00,0x00,0x00,0x00}},0},
      DatatypePolicyIdentityV1{platform::Uuid{{0x00,0x00,0x00,0x00,0x00,0x00,0x00,0x00,0x00,0x00,0x00,0x00,0x00,0x00,0x00,0x00}},0}},
    DatatypeTypeCodecIdentityRowV3{
      DatatypeTypeCodecIdentityRowV1{platform::Uuid{{0x01,0x9d,0x00,0x00,0x00,0x00,0x70,0x00,0x80,0x00,0x00,0x00,0x00,0x00,0xd7,0x05}},5,5,platform::Uuid{{0x7c,0x00,0x00,0x00,0x75,0x69,0x7e,0x74,0xb1,0x32,0x38,0x00,0x00,0x00,0x00,0x00}},1,platform::Uuid{{0x01,0x9d,0x00,0x00,0x00,0x00,0x70,0x00,0x80,0x00,0x00,0x00,0x00,0x00,0xd8,0x0a}},1,"datatype.uint128.le.v1",1,1,16,true,"uint128",0,1,0,false,0,16,16,16,124,platform::Uuid{{0x01,0x9d,0x00,0x00,0x00,0x00,0x70,0x00,0x80,0x00,0x00,0x00,0x00,0x00,0xd8,0x0b}},false,false,"little_endian","unsigned_integer","",false,false,false,false,true,false,"DATATYPE.DESCRIPTOR.INVALID",platform::Uuid{{0x00,0x00,0x00,0x00,0x00,0x00,0x00,0x00,0x00,0x00,0x00,0x00,0x00,0x00,0x00,0x00}},0,platform::Uuid{{0x00,0x00,0x00,0x00,0x00,0x00,0x00,0x00,0x00,0x00,0x00,0x00,0x00,0x00,0x00,0x00}},0,platform::Uuid{{0x00,0x00,0x00,0x00,0x00,0x00,0x00,0x00,0x00,0x00,0x00,0x00,0x00,0x00,0x00,0x00}},0,"",false},
      DatatypePolicyIdentityV1{platform::Uuid{{0x00,0x00,0x00,0x00,0x00,0x00,0x00,0x00,0x00,0x00,0x00,0x00,0x00,0x00,0x00,0x00}},0},
      DatatypePolicyIdentityV1{platform::Uuid{{0x00,0x00,0x00,0x00,0x00,0x00,0x00,0x00,0x00,0x00,0x00,0x00,0x00,0x00,0x00,0x00}},0},
      DatatypePolicyIdentityV1{platform::Uuid{{0x00,0x00,0x00,0x00,0x00,0x00,0x00,0x00,0x00,0x00,0x00,0x00,0x00,0x00,0x00,0x00}},0},
      DatatypePolicyIdentityV1{platform::Uuid{{0x00,0x00,0x00,0x00,0x00,0x00,0x00,0x00,0x00,0x00,0x00,0x00,0x00,0x00,0x00,0x00}},0},
      DatatypePolicyIdentityV1{platform::Uuid{{0x00,0x00,0x00,0x00,0x00,0x00,0x00,0x00,0x00,0x00,0x00,0x00,0x00,0x00,0x00,0x00}},0}},
    DatatypeTypeCodecIdentityRowV3{
      DatatypeTypeCodecIdentityRowV1{platform::Uuid{{0x01,0x9d,0x00,0x00,0x00,0x00,0x70,0x00,0x80,0x00,0x00,0x00,0x00,0x00,0xd7,0x05}},5,5,platform::Uuid{{0x8a,0x00,0x00,0x00,0x62,0x66,0x7c,0x6f,0xa1,0x74,0x31,0x36,0x00,0x00,0x00,0x00}},1,platform::Uuid{{0x01,0x9d,0x00,0x00,0x00,0x00,0x70,0x00,0x80,0x00,0x00,0x00,0x00,0x00,0xd8,0x0c}},1,"datatype.bfloat16.ieee754.le.v1",1,1,2,true,"bfloat16",0,1,0,false,0,2,2,2,138,platform::Uuid{{0x01,0x9d,0x00,0x00,0x00,0x00,0x70,0x00,0x80,0x00,0x00,0x00,0x00,0x00,0xd8,0x0d}},false,false,"little_endian","bfloat16_bits","",false,false,false,false,true,false,"DATATYPE.DESCRIPTOR.INVALID",platform::Uuid{{0x00,0x00,0x00,0x00,0x00,0x00,0x00,0x00,0x00,0x00,0x00,0x00,0x00,0x00,0x00,0x00}},0,platform::Uuid{{0x00,0x00,0x00,0x00,0x00,0x00,0x00,0x00,0x00,0x00,0x00,0x00,0x00,0x00,0x00,0x00}},0,platform::Uuid{{0x00,0x00,0x00,0x00,0x00,0x00,0x00,0x00,0x00,0x00,0x00,0x00,0x00,0x00,0x00,0x00}},0,"",false},
      DatatypePolicyIdentityV1{platform::Uuid{{0x00,0x00,0x00,0x00,0x00,0x00,0x00,0x00,0x00,0x00,0x00,0x00,0x00,0x00,0x00,0x00}},0},
      DatatypePolicyIdentityV1{platform::Uuid{{0x00,0x00,0x00,0x00,0x00,0x00,0x00,0x00,0x00,0x00,0x00,0x00,0x00,0x00,0x00,0x00}},0},
      DatatypePolicyIdentityV1{platform::Uuid{{0x00,0x00,0x00,0x00,0x00,0x00,0x00,0x00,0x00,0x00,0x00,0x00,0x00,0x00,0x00,0x00}},0},
      DatatypePolicyIdentityV1{platform::Uuid{{0x00,0x00,0x00,0x00,0x00,0x00,0x00,0x00,0x00,0x00,0x00,0x00,0x00,0x00,0x00,0x00}},0},
      DatatypePolicyIdentityV1{platform::Uuid{{0x00,0x00,0x00,0x00,0x00,0x00,0x00,0x00,0x00,0x00,0x00,0x00,0x00,0x00,0x00,0x00}},0}},
    DatatypeTypeCodecIdentityRowV3{
      DatatypeTypeCodecIdentityRowV1{platform::Uuid{{0x01,0x9d,0x00,0x00,0x00,0x00,0x70,0x00,0x80,0x00,0x00,0x00,0x00,0x00,0xd7,0x05}},5,5,platform::Uuid{{0x8b,0x00,0x00,0x00,0x72,0x65,0x71,0x6c,0xb1,0x36,0x00,0x00,0x00,0x00,0x00,0x00}},1,platform::Uuid{{0x01,0x9d,0x00,0x00,0x00,0x00,0x70,0x00,0x80,0x00,0x00,0x00,0x00,0x00,0xd8,0x0e}},1,"datatype.real16.ieee754.le.v1",1,1,2,true,"real16",0,1,0,false,0,2,2,2,139,platform::Uuid{{0x01,0x9d,0x00,0x00,0x00,0x00,0x70,0x00,0x80,0x00,0x00,0x00,0x00,0x00,0xd8,0x0f}},false,false,"little_endian","IEEE754_binary16","",false,false,false,false,true,false,"DATATYPE.DESCRIPTOR.INVALID",platform::Uuid{{0x00,0x00,0x00,0x00,0x00,0x00,0x00,0x00,0x00,0x00,0x00,0x00,0x00,0x00,0x00,0x00}},0,platform::Uuid{{0x00,0x00,0x00,0x00,0x00,0x00,0x00,0x00,0x00,0x00,0x00,0x00,0x00,0x00,0x00,0x00}},0,platform::Uuid{{0x00,0x00,0x00,0x00,0x00,0x00,0x00,0x00,0x00,0x00,0x00,0x00,0x00,0x00,0x00,0x00}},0,"",false},
      DatatypePolicyIdentityV1{platform::Uuid{{0x00,0x00,0x00,0x00,0x00,0x00,0x00,0x00,0x00,0x00,0x00,0x00,0x00,0x00,0x00,0x00}},0},
      DatatypePolicyIdentityV1{platform::Uuid{{0x00,0x00,0x00,0x00,0x00,0x00,0x00,0x00,0x00,0x00,0x00,0x00,0x00,0x00,0x00,0x00}},0},
      DatatypePolicyIdentityV1{platform::Uuid{{0x00,0x00,0x00,0x00,0x00,0x00,0x00,0x00,0x00,0x00,0x00,0x00,0x00,0x00,0x00,0x00}},0},
      DatatypePolicyIdentityV1{platform::Uuid{{0x00,0x00,0x00,0x00,0x00,0x00,0x00,0x00,0x00,0x00,0x00,0x00,0x00,0x00,0x00,0x00}},0},
      DatatypePolicyIdentityV1{platform::Uuid{{0x00,0x00,0x00,0x00,0x00,0x00,0x00,0x00,0x00,0x00,0x00,0x00,0x00,0x00,0x00,0x00}},0}},
    DatatypeTypeCodecIdentityRowV3{
      DatatypeTypeCodecIdentityRowV1{platform::Uuid{{0x01,0x9d,0x00,0x00,0x00,0x00,0x70,0x00,0x80,0x00,0x00,0x00,0x00,0x00,0xd7,0x05}},5,5,platform::Uuid{{0x8c,0x00,0x00,0x00,0x72,0x65,0x71,0x6c,0xb3,0x32,0x00,0x00,0x00,0x00,0x00,0x00}},1,platform::Uuid{{0x01,0x9d,0x00,0x00,0x00,0x00,0x70,0x00,0x80,0x00,0x00,0x00,0x00,0x00,0xd8,0x10}},1,"datatype.real32.ieee754.le.v1",1,1,4,true,"real32",0,1,0,false,0,4,4,4,140,platform::Uuid{{0x01,0x9d,0x00,0x00,0x00,0x00,0x70,0x00,0x80,0x00,0x00,0x00,0x00,0x00,0xd8,0x11}},false,false,"little_endian","IEEE754_binary32","",false,false,false,false,true,false,"DATATYPE.DESCRIPTOR.INVALID",platform::Uuid{{0x00,0x00,0x00,0x00,0x00,0x00,0x00,0x00,0x00,0x00,0x00,0x00,0x00,0x00,0x00,0x00}},0,platform::Uuid{{0x00,0x00,0x00,0x00,0x00,0x00,0x00,0x00,0x00,0x00,0x00,0x00,0x00,0x00,0x00,0x00}},0,platform::Uuid{{0x00,0x00,0x00,0x00,0x00,0x00,0x00,0x00,0x00,0x00,0x00,0x00,0x00,0x00,0x00,0x00}},0,"",false},
      DatatypePolicyIdentityV1{platform::Uuid{{0x00,0x00,0x00,0x00,0x00,0x00,0x00,0x00,0x00,0x00,0x00,0x00,0x00,0x00,0x00,0x00}},0},
      DatatypePolicyIdentityV1{platform::Uuid{{0x00,0x00,0x00,0x00,0x00,0x00,0x00,0x00,0x00,0x00,0x00,0x00,0x00,0x00,0x00,0x00}},0},
      DatatypePolicyIdentityV1{platform::Uuid{{0x00,0x00,0x00,0x00,0x00,0x00,0x00,0x00,0x00,0x00,0x00,0x00,0x00,0x00,0x00,0x00}},0},
      DatatypePolicyIdentityV1{platform::Uuid{{0x00,0x00,0x00,0x00,0x00,0x00,0x00,0x00,0x00,0x00,0x00,0x00,0x00,0x00,0x00,0x00}},0},
      DatatypePolicyIdentityV1{platform::Uuid{{0x00,0x00,0x00,0x00,0x00,0x00,0x00,0x00,0x00,0x00,0x00,0x00,0x00,0x00,0x00,0x00}},0}},
    DatatypeTypeCodecIdentityRowV3{
      DatatypeTypeCodecIdentityRowV1{platform::Uuid{{0x01,0x9d,0x00,0x00,0x00,0x00,0x70,0x00,0x80,0x00,0x00,0x00,0x00,0x00,0xd7,0x05}},5,5,platform::Uuid{{0x8e,0x00,0x00,0x00,0x72,0x65,0x71,0x6c,0xb1,0x32,0x38,0x00,0x00,0x00,0x00,0x00}},1,platform::Uuid{{0x01,0x9d,0x00,0x00,0x00,0x00,0x70,0x00,0x80,0x00,0x00,0x00,0x00,0x00,0xd8,0x12}},1,"datatype.real128.ieee754.le.v1",1,1,16,true,"real128",0,1,0,false,0,16,16,16,142,platform::Uuid{{0x01,0x9d,0x00,0x00,0x00,0x00,0x70,0x00,0x80,0x00,0x00,0x00,0x00,0x00,0xd8,0x13}},false,false,"little_endian","IEEE754_binary128","",false,false,false,false,true,false,"DATATYPE.DESCRIPTOR.INVALID",platform::Uuid{{0x00,0x00,0x00,0x00,0x00,0x00,0x00,0x00,0x00,0x00,0x00,0x00,0x00,0x00,0x00,0x00}},0,platform::Uuid{{0x00,0x00,0x00,0x00,0x00,0x00,0x00,0x00,0x00,0x00,0x00,0x00,0x00,0x00,0x00,0x00}},0,platform::Uuid{{0x00,0x00,0x00,0x00,0x00,0x00,0x00,0x00,0x00,0x00,0x00,0x00,0x00,0x00,0x00,0x00}},0,"",false},
      DatatypePolicyIdentityV1{platform::Uuid{{0x00,0x00,0x00,0x00,0x00,0x00,0x00,0x00,0x00,0x00,0x00,0x00,0x00,0x00,0x00,0x00}},0},
      DatatypePolicyIdentityV1{platform::Uuid{{0x00,0x00,0x00,0x00,0x00,0x00,0x00,0x00,0x00,0x00,0x00,0x00,0x00,0x00,0x00,0x00}},0},
      DatatypePolicyIdentityV1{platform::Uuid{{0x00,0x00,0x00,0x00,0x00,0x00,0x00,0x00,0x00,0x00,0x00,0x00,0x00,0x00,0x00,0x00}},0},
      DatatypePolicyIdentityV1{platform::Uuid{{0x00,0x00,0x00,0x00,0x00,0x00,0x00,0x00,0x00,0x00,0x00,0x00,0x00,0x00,0x00,0x00}},0},
      DatatypePolicyIdentityV1{platform::Uuid{{0x00,0x00,0x00,0x00,0x00,0x00,0x00,0x00,0x00,0x00,0x00,0x00,0x00,0x00,0x00,0x00}},0}},
    DatatypeTypeCodecIdentityRowV3{
      DatatypeTypeCodecIdentityRowV1{platform::Uuid{{0x01,0x9d,0x00,0x00,0x00,0x00,0x70,0x00,0x80,0x00,0x00,0x00,0x00,0x00,0xd7,0x05}},5,5,platform::Uuid{{0xd2,0x00,0x00,0x00,0x69,0x70,0x7f,0x61,0xa4,0x64,0x72,0x65,0x73,0x73,0x00,0x00}},1,platform::Uuid{{0x01,0x9d,0x00,0x00,0x00,0x00,0x70,0x00,0x80,0x00,0x00,0x00,0x00,0x00,0xd8,0x14}},1,"datatype.ip_address.network.v1",1,1,16,true,"ip_address",0,1,0,false,0,16,16,16,210,platform::Uuid{{0x01,0x9d,0x00,0x00,0x00,0x00,0x70,0x00,0x80,0x00,0x00,0x00,0x00,0x00,0xd8,0x15}},false,false,"byte_sequence","IPv6_network_order_with_IPv4_mapped_prefix","",false,false,false,false,true,false,"DATATYPE.DESCRIPTOR.INVALID",platform::Uuid{{0x00,0x00,0x00,0x00,0x00,0x00,0x00,0x00,0x00,0x00,0x00,0x00,0x00,0x00,0x00,0x00}},0,platform::Uuid{{0x00,0x00,0x00,0x00,0x00,0x00,0x00,0x00,0x00,0x00,0x00,0x00,0x00,0x00,0x00,0x00}},0,platform::Uuid{{0x00,0x00,0x00,0x00,0x00,0x00,0x00,0x00,0x00,0x00,0x00,0x00,0x00,0x00,0x00,0x00}},0,"",false},
      DatatypePolicyIdentityV1{platform::Uuid{{0x00,0x00,0x00,0x00,0x00,0x00,0x00,0x00,0x00,0x00,0x00,0x00,0x00,0x00,0x00,0x00}},0},
      DatatypePolicyIdentityV1{platform::Uuid{{0x00,0x00,0x00,0x00,0x00,0x00,0x00,0x00,0x00,0x00,0x00,0x00,0x00,0x00,0x00,0x00}},0},
      DatatypePolicyIdentityV1{platform::Uuid{{0x00,0x00,0x00,0x00,0x00,0x00,0x00,0x00,0x00,0x00,0x00,0x00,0x00,0x00,0x00,0x00}},0},
      DatatypePolicyIdentityV1{platform::Uuid{{0x00,0x00,0x00,0x00,0x00,0x00,0x00,0x00,0x00,0x00,0x00,0x00,0x00,0x00,0x00,0x00}},0},
      DatatypePolicyIdentityV1{platform::Uuid{{0x00,0x00,0x00,0x00,0x00,0x00,0x00,0x00,0x00,0x00,0x00,0x00,0x00,0x00,0x00,0x00}},0}},
    DatatypeTypeCodecIdentityRowV3{
      DatatypeTypeCodecIdentityRowV1{platform::Uuid{{0x01,0x9d,0x00,0x00,0x00,0x00,0x70,0x00,0x80,0x00,0x00,0x00,0x00,0x00,0xd7,0x05}},5,5,platform::Uuid{{0xd3,0x00,0x00,0x00,0x07,0x1d,0x74,0x77,0xaf,0x72,0x6b,0x5f,0x70,0x72,0x65,0x66}},1,platform::Uuid{{0x01,0x9d,0x00,0x00,0x00,0x00,0x70,0x00,0x80,0x00,0x00,0x00,0x00,0x00,0xd8,0x16}},1,"datatype.network_prefix.network.v1",1,1,18,true,"network_prefix",0,1,0,false,0,18,18,18,211,platform::Uuid{{0x01,0x9d,0x00,0x00,0x00,0x00,0x70,0x00,0x80,0x00,0x00,0x00,0x00,0x00,0xd8,0x17}},false,false,"byte_sequence","address16_prefix_length_u8_address_family_u8","",false,false,false,false,true,false,"DATATYPE.DESCRIPTOR.INVALID",platform::Uuid{{0x00,0x00,0x00,0x00,0x00,0x00,0x00,0x00,0x00,0x00,0x00,0x00,0x00,0x00,0x00,0x00}},0,platform::Uuid{{0x00,0x00,0x00,0x00,0x00,0x00,0x00,0x00,0x00,0x00,0x00,0x00,0x00,0x00,0x00,0x00}},0,platform::Uuid{{0x00,0x00,0x00,0x00,0x00,0x00,0x00,0x00,0x00,0x00,0x00,0x00,0x00,0x00,0x00,0x00}},0,"",false},
      DatatypePolicyIdentityV1{platform::Uuid{{0x00,0x00,0x00,0x00,0x00,0x00,0x00,0x00,0x00,0x00,0x00,0x00,0x00,0x00,0x00,0x00}},0},
      DatatypePolicyIdentityV1{platform::Uuid{{0x00,0x00,0x00,0x00,0x00,0x00,0x00,0x00,0x00,0x00,0x00,0x00,0x00,0x00,0x00,0x00}},0},
      DatatypePolicyIdentityV1{platform::Uuid{{0x00,0x00,0x00,0x00,0x00,0x00,0x00,0x00,0x00,0x00,0x00,0x00,0x00,0x00,0x00,0x00}},0},
      DatatypePolicyIdentityV1{platform::Uuid{{0x00,0x00,0x00,0x00,0x00,0x00,0x00,0x00,0x00,0x00,0x00,0x00,0x00,0x00,0x00,0x00}},0},
      DatatypePolicyIdentityV1{platform::Uuid{{0x00,0x00,0x00,0x00,0x00,0x00,0x00,0x00,0x00,0x00,0x00,0x00,0x00,0x00,0x00,0x00}},0}},
    DatatypeTypeCodecIdentityRowV3{
      DatatypeTypeCodecIdentityRowV1{platform::Uuid{{0x01,0x9d,0x00,0x00,0x00,0x00,0x70,0x00,0x80,0x00,0x00,0x00,0x00,0x00,0xd7,0x05}},5,5,platform::Uuid{{0xd4,0x00,0x00,0x00,0x6d,0x61,0x73,0x5f,0xa1,0x64,0x64,0x72,0x65,0x73,0x73,0x00}},1,platform::Uuid{{0x01,0x9d,0x00,0x00,0x00,0x00,0x70,0x00,0x80,0x00,0x00,0x00,0x00,0x00,0xd8,0x18}},1,"datatype.mac_address.network.v1",1,1,8,true,"mac_address",0,1,0,false,0,8,8,8,212,platform::Uuid{{0x01,0x9d,0x00,0x00,0x00,0x00,0x70,0x00,0x80,0x00,0x00,0x00,0x00,0x00,0xd8,0x19}},false,false,"byte_sequence","eight_network_order_octets_six_octet_values_zero_extended","",false,false,false,false,true,false,"DATATYPE.DESCRIPTOR.INVALID",platform::Uuid{{0x00,0x00,0x00,0x00,0x00,0x00,0x00,0x00,0x00,0x00,0x00,0x00,0x00,0x00,0x00,0x00}},0,platform::Uuid{{0x00,0x00,0x00,0x00,0x00,0x00,0x00,0x00,0x00,0x00,0x00,0x00,0x00,0x00,0x00,0x00}},0,platform::Uuid{{0x00,0x00,0x00,0x00,0x00,0x00,0x00,0x00,0x00,0x00,0x00,0x00,0x00,0x00,0x00,0x00}},0,"",false},
      DatatypePolicyIdentityV1{platform::Uuid{{0x00,0x00,0x00,0x00,0x00,0x00,0x00,0x00,0x00,0x00,0x00,0x00,0x00,0x00,0x00,0x00}},0},
      DatatypePolicyIdentityV1{platform::Uuid{{0x00,0x00,0x00,0x00,0x00,0x00,0x00,0x00,0x00,0x00,0x00,0x00,0x00,0x00,0x00,0x00}},0},
      DatatypePolicyIdentityV1{platform::Uuid{{0x00,0x00,0x00,0x00,0x00,0x00,0x00,0x00,0x00,0x00,0x00,0x00,0x00,0x00,0x00,0x00}},0},
      DatatypePolicyIdentityV1{platform::Uuid{{0x00,0x00,0x00,0x00,0x00,0x00,0x00,0x00,0x00,0x00,0x00,0x00,0x00,0x00,0x00,0x00}},0},
      DatatypePolicyIdentityV1{platform::Uuid{{0x00,0x00,0x00,0x00,0x00,0x00,0x00,0x00,0x00,0x00,0x00,0x00,0x00,0x00,0x00,0x00}},0}},
    DatatypeTypeCodecIdentityRowV3{
      DatatypeTypeCodecIdentityRowV1{platform::Uuid{{0x01,0x9d,0x00,0x00,0x00,0x00,0x70,0x00,0x80,0x00,0x00,0x00,0x00,0x00,0xd7,0x05}},5,5,platform::Uuid{{0x6c,0x02,0x00,0x00,0x65,0x6e,0x75,0x6d,0x9f,0x76,0x61,0x6c,0x75,0x65,0x00,0x00}},1,platform::Uuid{{0x01,0x9d,0x00,0x00,0x00,0x00,0x70,0x00,0x80,0x00,0x00,0x00,0x00,0x00,0xd8,0x1a}},1,"datatype.enum_value.binary16.v1",1,1,16,true,"enum_value",0,1,0,false,0,16,16,16,620,platform::Uuid{{0x01,0x9d,0x00,0x00,0x00,0x00,0x70,0x00,0x80,0x00,0x00,0x00,0x00,0x00,0xd8,0x1b}},false,false,"byte_sequence","descriptor_bound_member_UUID_octets","",false,false,false,false,true,false,"DATATYPE.DESCRIPTOR.INVALID",platform::Uuid{{0x00,0x00,0x00,0x00,0x00,0x00,0x00,0x00,0x00,0x00,0x00,0x00,0x00,0x00,0x00,0x00}},0,platform::Uuid{{0x00,0x00,0x00,0x00,0x00,0x00,0x00,0x00,0x00,0x00,0x00,0x00,0x00,0x00,0x00,0x00}},0,platform::Uuid{{0x00,0x00,0x00,0x00,0x00,0x00,0x00,0x00,0x00,0x00,0x00,0x00,0x00,0x00,0x00,0x00}},0,"",false},
      DatatypePolicyIdentityV1{platform::Uuid{{0x00,0x00,0x00,0x00,0x00,0x00,0x00,0x00,0x00,0x00,0x00,0x00,0x00,0x00,0x00,0x00}},0},
      DatatypePolicyIdentityV1{platform::Uuid{{0x00,0x00,0x00,0x00,0x00,0x00,0x00,0x00,0x00,0x00,0x00,0x00,0x00,0x00,0x00,0x00}},0},
      DatatypePolicyIdentityV1{platform::Uuid{{0x00,0x00,0x00,0x00,0x00,0x00,0x00,0x00,0x00,0x00,0x00,0x00,0x00,0x00,0x00,0x00}},0},
      DatatypePolicyIdentityV1{platform::Uuid{{0x00,0x00,0x00,0x00,0x00,0x00,0x00,0x00,0x00,0x00,0x00,0x00,0x00,0x00,0x00,0x00}},0},
      DatatypePolicyIdentityV1{platform::Uuid{{0x00,0x00,0x00,0x00,0x00,0x00,0x00,0x00,0x00,0x00,0x00,0x00,0x00,0x00,0x00,0x00}},0}},
    DatatypeTypeCodecIdentityRowV3{
      DatatypeTypeCodecIdentityRowV1{platform::Uuid{{0x01,0x9d,0x00,0x00,0x00,0x00,0x70,0x00,0x80,0x00,0x00,0x00,0x00,0x00,0xd7,0x05}},5,5,platform::Uuid{{0x90,0x01,0x00,0x00,0x64,0x61,0x74,0x65,0x80,0x00,0x00,0x00,0x00,0x00,0x00,0x00}},1,platform::Uuid{{0x01,0x9d,0x00,0x00,0x00,0x00,0x70,0x00,0x80,0x00,0x00,0x00,0x00,0x00,0xd8,0x1c}},1,"datatype.date.days.le.v1",1,1,4,true,"date",0,1,0,false,0,4,4,4,400,platform::Uuid{{0x01,0x9d,0x00,0x00,0x00,0x00,0x70,0x00,0x80,0x00,0x00,0x00,0x00,0x00,0xd8,0x1d}},false,false,"little_endian","signed_i32_days_since_Unix_epoch","",false,false,false,false,true,false,"DATATYPE.DESCRIPTOR.INVALID",platform::Uuid{{0x00,0x00,0x00,0x00,0x00,0x00,0x00,0x00,0x00,0x00,0x00,0x00,0x00,0x00,0x00,0x00}},0,platform::Uuid{{0x00,0x00,0x00,0x00,0x00,0x00,0x00,0x00,0x00,0x00,0x00,0x00,0x00,0x00,0x00,0x00}},0,platform::Uuid{{0x00,0x00,0x00,0x00,0x00,0x00,0x00,0x00,0x00,0x00,0x00,0x00,0x00,0x00,0x00,0x00}},0,"",false},
      DatatypePolicyIdentityV1{platform::Uuid{{0x00,0x00,0x00,0x00,0x00,0x00,0x00,0x00,0x00,0x00,0x00,0x00,0x00,0x00,0x00,0x00}},0},
      DatatypePolicyIdentityV1{platform::Uuid{{0x00,0x00,0x00,0x00,0x00,0x00,0x00,0x00,0x00,0x00,0x00,0x00,0x00,0x00,0x00,0x00}},0},
      DatatypePolicyIdentityV1{platform::Uuid{{0x00,0x00,0x00,0x00,0x00,0x00,0x00,0x00,0x00,0x00,0x00,0x00,0x00,0x00,0x00,0x00}},0},
      DatatypePolicyIdentityV1{platform::Uuid{{0x00,0x00,0x00,0x00,0x00,0x00,0x00,0x00,0x00,0x00,0x00,0x00,0x00,0x00,0x00,0x00}},0},
      DatatypePolicyIdentityV1{platform::Uuid{{0x00,0x00,0x00,0x00,0x00,0x00,0x00,0x00,0x00,0x00,0x00,0x00,0x00,0x00,0x00,0x00}},0}},
    DatatypeTypeCodecIdentityRowV3{
      DatatypeTypeCodecIdentityRowV1{platform::Uuid{{0x01,0x9d,0x00,0x00,0x00,0x00,0x70,0x00,0x80,0x00,0x00,0x00,0x00,0x00,0xd7,0x05}},5,5,platform::Uuid{{0x91,0x01,0x00,0x00,0x74,0x69,0x7d,0x65,0x80,0x00,0x00,0x00,0x00,0x00,0x00,0x00}},1,platform::Uuid{{0x01,0x9d,0x00,0x00,0x00,0x00,0x70,0x00,0x80,0x00,0x00,0x00,0x00,0x00,0xd8,0x1e}},1,"datatype.time.nanos.le.v1",1,1,8,true,"time",0,1,0,false,0,8,8,8,401,platform::Uuid{{0x01,0x9d,0x00,0x00,0x00,0x00,0x70,0x00,0x80,0x00,0x00,0x00,0x00,0x00,0xd8,0x1f}},false,false,"little_endian","unsigned_u64_nanoseconds_since_midnight","",false,false,false,false,true,false,"DATATYPE.DESCRIPTOR.INVALID",platform::Uuid{{0x00,0x00,0x00,0x00,0x00,0x00,0x00,0x00,0x00,0x00,0x00,0x00,0x00,0x00,0x00,0x00}},0,platform::Uuid{{0x00,0x00,0x00,0x00,0x00,0x00,0x00,0x00,0x00,0x00,0x00,0x00,0x00,0x00,0x00,0x00}},0,platform::Uuid{{0x00,0x00,0x00,0x00,0x00,0x00,0x00,0x00,0x00,0x00,0x00,0x00,0x00,0x00,0x00,0x00}},0,"",false},
      DatatypePolicyIdentityV1{platform::Uuid{{0x00,0x00,0x00,0x00,0x00,0x00,0x00,0x00,0x00,0x00,0x00,0x00,0x00,0x00,0x00,0x00}},0},
      DatatypePolicyIdentityV1{platform::Uuid{{0x00,0x00,0x00,0x00,0x00,0x00,0x00,0x00,0x00,0x00,0x00,0x00,0x00,0x00,0x00,0x00}},0},
      DatatypePolicyIdentityV1{platform::Uuid{{0x00,0x00,0x00,0x00,0x00,0x00,0x00,0x00,0x00,0x00,0x00,0x00,0x00,0x00,0x00,0x00}},0},
      DatatypePolicyIdentityV1{platform::Uuid{{0x00,0x00,0x00,0x00,0x00,0x00,0x00,0x00,0x00,0x00,0x00,0x00,0x00,0x00,0x00,0x00}},0},
      DatatypePolicyIdentityV1{platform::Uuid{{0x00,0x00,0x00,0x00,0x00,0x00,0x00,0x00,0x00,0x00,0x00,0x00,0x00,0x00,0x00,0x00}},0}},
    DatatypeTypeCodecIdentityRowV3{
      DatatypeTypeCodecIdentityRowV1{platform::Uuid{{0x01,0x9d,0x00,0x00,0x00,0x00,0x70,0x00,0x80,0x00,0x00,0x00,0x00,0x00,0xd7,0x05}},5,5,platform::Uuid{{0x92,0x01,0x00,0x00,0x74,0x69,0x7d,0x65,0xb3,0x74,0x61,0x6d,0x70,0x00,0x00,0x00}},1,platform::Uuid{{0x01,0x9d,0x00,0x00,0x00,0x00,0x70,0x00,0x80,0x00,0x00,0x00,0x00,0x00,0xd8,0x20}},1,"datatype.timestamp.utc_tuple.le.v1",1,1,16,true,"timestamp",0,1,0,false,0,16,16,16,402,platform::Uuid{{0x01,0x9d,0x00,0x00,0x00,0x00,0x70,0x00,0x80,0x00,0x00,0x00,0x00,0x00,0xd8,0x21}},false,false,"little_endian","i64_Unix_seconds_u32_nanoseconds_u32_reserved_zero","",false,false,false,false,true,false,"DATATYPE.DESCRIPTOR.INVALID",platform::Uuid{{0x00,0x00,0x00,0x00,0x00,0x00,0x00,0x00,0x00,0x00,0x00,0x00,0x00,0x00,0x00,0x00}},0,platform::Uuid{{0x00,0x00,0x00,0x00,0x00,0x00,0x00,0x00,0x00,0x00,0x00,0x00,0x00,0x00,0x00,0x00}},0,platform::Uuid{{0x00,0x00,0x00,0x00,0x00,0x00,0x00,0x00,0x00,0x00,0x00,0x00,0x00,0x00,0x00,0x00}},0,"",false},
      DatatypePolicyIdentityV1{platform::Uuid{{0x00,0x00,0x00,0x00,0x00,0x00,0x00,0x00,0x00,0x00,0x00,0x00,0x00,0x00,0x00,0x00}},0},
      DatatypePolicyIdentityV1{platform::Uuid{{0x00,0x00,0x00,0x00,0x00,0x00,0x00,0x00,0x00,0x00,0x00,0x00,0x00,0x00,0x00,0x00}},0},
      DatatypePolicyIdentityV1{platform::Uuid{{0x00,0x00,0x00,0x00,0x00,0x00,0x00,0x00,0x00,0x00,0x00,0x00,0x00,0x00,0x00,0x00}},0},
      DatatypePolicyIdentityV1{platform::Uuid{{0x00,0x00,0x00,0x00,0x00,0x00,0x00,0x00,0x00,0x00,0x00,0x00,0x00,0x00,0x00,0x00}},0},
      DatatypePolicyIdentityV1{platform::Uuid{{0x00,0x00,0x00,0x00,0x00,0x00,0x00,0x00,0x00,0x00,0x00,0x00,0x00,0x00,0x00,0x00}},0}},
    DatatypeTypeCodecIdentityRowV3{
      DatatypeTypeCodecIdentityRowV1{platform::Uuid{{0x01,0x9d,0x00,0x00,0x00,0x00,0x70,0x00,0x80,0x00,0x00,0x00,0x00,0x00,0xd7,0x05}},5,5,platform::Uuid{{0x93,0x01,0x00,0x00,0x69,0x6e,0x74,0x65,0xb2,0x76,0x61,0x6c,0x00,0x00,0x00,0x00}},1,platform::Uuid{{0x01,0x9d,0x00,0x00,0x00,0x00,0x70,0x00,0x80,0x00,0x00,0x00,0x00,0x00,0xd8,0x22}},1,"datatype.interval.tuple.le.v1",1,1,16,true,"interval",0,1,0,false,0,16,16,16,403,platform::Uuid{{0x01,0x9d,0x00,0x00,0x00,0x00,0x70,0x00,0x80,0x00,0x00,0x00,0x00,0x00,0xd8,0x23}},false,false,"little_endian","i32_months_i32_days_i64_nanoseconds","",false,false,false,false,true,false,"DATATYPE.DESCRIPTOR.INVALID",platform::Uuid{{0x00,0x00,0x00,0x00,0x00,0x00,0x00,0x00,0x00,0x00,0x00,0x00,0x00,0x00,0x00,0x00}},0,platform::Uuid{{0x00,0x00,0x00,0x00,0x00,0x00,0x00,0x00,0x00,0x00,0x00,0x00,0x00,0x00,0x00,0x00}},0,platform::Uuid{{0x00,0x00,0x00,0x00,0x00,0x00,0x00,0x00,0x00,0x00,0x00,0x00,0x00,0x00,0x00,0x00}},0,"",false},
      DatatypePolicyIdentityV1{platform::Uuid{{0x00,0x00,0x00,0x00,0x00,0x00,0x00,0x00,0x00,0x00,0x00,0x00,0x00,0x00,0x00,0x00}},0},
      DatatypePolicyIdentityV1{platform::Uuid{{0x00,0x00,0x00,0x00,0x00,0x00,0x00,0x00,0x00,0x00,0x00,0x00,0x00,0x00,0x00,0x00}},0},
      DatatypePolicyIdentityV1{platform::Uuid{{0x00,0x00,0x00,0x00,0x00,0x00,0x00,0x00,0x00,0x00,0x00,0x00,0x00,0x00,0x00,0x00}},0},
      DatatypePolicyIdentityV1{platform::Uuid{{0x00,0x00,0x00,0x00,0x00,0x00,0x00,0x00,0x00,0x00,0x00,0x00,0x00,0x00,0x00,0x00}},0},
      DatatypePolicyIdentityV1{platform::Uuid{{0x00,0x00,0x00,0x00,0x00,0x00,0x00,0x00,0x00,0x00,0x00,0x00,0x00,0x00,0x00,0x00}},0}},
    DatatypeTypeCodecIdentityRowV3{
      DatatypeTypeCodecIdentityRowV1{platform::Uuid{{0x01,0x9d,0x00,0x00,0x00,0x00,0x70,0x00,0x80,0x00,0x00,0x00,0x00,0x00,0xd7,0x05}},5,5,platform::Uuid{{0xa1,0x00,0x00,0x00,0x10,0x65,0x73,0x69,0xad,0x61,0x6c,0x5f,0x66,0x6c,0x6f,0x61}},1,platform::Uuid{{0x01,0x9d,0x00,0x00,0x00,0x00,0x70,0x00,0x80,0x00,0x00,0x00,0x00,0x00,0xd8,0x24}},1,"datatype.decimal128.bid.le.v1",1,1,16,true,"decimal_float",0,1,0,false,0,16,16,16,161,platform::Uuid{{0x01,0x9d,0x00,0x00,0x00,0x00,0x70,0x00,0x80,0x00,0x00,0x00,0x00,0x00,0xd8,0x25}},false,false,"little_endian","IEEE754_decimal128_canonical_BID","",false,false,false,false,true,false,"DATATYPE.DESCRIPTOR.INVALID",platform::Uuid{{0x01,0x9d,0x00,0x00,0x00,0x00,0x70,0x00,0x80,0x00,0x00,0x00,0x00,0x00,0xd8,0x26}},1,platform::Uuid{{0x01,0x9d,0x00,0x00,0x00,0x00,0x70,0x00,0x80,0x00,0x00,0x00,0x00,0x00,0xd8,0x27}},1,platform::Uuid{{0x01,0x9d,0x00,0x00,0x00,0x00,0x70,0x00,0x80,0x00,0x00,0x00,0x00,0x00,0xd8,0x28}},1,"decimal128_numeric_total_nan_last_v1",true},
      DatatypePolicyIdentityV1{platform::Uuid{{0x00,0x00,0x00,0x00,0x00,0x00,0x00,0x00,0x00,0x00,0x00,0x00,0x00,0x00,0x00,0x00}},0},
      DatatypePolicyIdentityV1{platform::Uuid{{0x00,0x00,0x00,0x00,0x00,0x00,0x00,0x00,0x00,0x00,0x00,0x00,0x00,0x00,0x00,0x00}},0},
      DatatypePolicyIdentityV1{platform::Uuid{{0x00,0x00,0x00,0x00,0x00,0x00,0x00,0x00,0x00,0x00,0x00,0x00,0x00,0x00,0x00,0x00}},0},
      DatatypePolicyIdentityV1{platform::Uuid{{0x00,0x00,0x00,0x00,0x00,0x00,0x00,0x00,0x00,0x00,0x00,0x00,0x00,0x00,0x00,0x00}},0},
      DatatypePolicyIdentityV1{platform::Uuid{{0x00,0x00,0x00,0x00,0x00,0x00,0x00,0x00,0x00,0x00,0x00,0x00,0x00,0x00,0x00,0x00}},0}},
    DatatypeTypeCodecIdentityRowV3{
      DatatypeTypeCodecIdentityRowV1{platform::Uuid{{0x01,0x9d,0x00,0x00,0x00,0x00,0x70,0x00,0x80,0x00,0x00,0x00,0x00,0x00,0xd7,0x06}},6,6,platform::Uuid{{0x01,0x9d,0x00,0x00,0x00,0x00,0x70,0x00,0x80,0x00,0x00,0x00,0x00,0x00,0xd7,0x16}},1,platform::Uuid{{0x01,0x9d,0x00,0x00,0x00,0x00,0x70,0x00,0x80,0x00,0x00,0x00,0x00,0x00,0xd7,0x17}},1,"datatype.int32.le.v1",1,1,4,true,"int32",2,1,2,true,2,4,4,4,102,platform::Uuid{{0x00,0x00,0x00,0x00,0x00,0x00,0x00,0x00,0x00,0x00,0x00,0x00,0x00,0x00,0x00,0x00}},false,false,"","","",false,false,false,false,false,false,"",platform::Uuid{{0x00,0x00,0x00,0x00,0x00,0x00,0x00,0x00,0x00,0x00,0x00,0x00,0x00,0x00,0x00,0x00}},0,platform::Uuid{{0x00,0x00,0x00,0x00,0x00,0x00,0x00,0x00,0x00,0x00,0x00,0x00,0x00,0x00,0x00,0x00}},0,platform::Uuid{{0x00,0x00,0x00,0x00,0x00,0x00,0x00,0x00,0x00,0x00,0x00,0x00,0x00,0x00,0x00,0x00}},0,"",false},
      DatatypePolicyIdentityV1{platform::Uuid{{0x00,0x00,0x00,0x00,0x00,0x00,0x00,0x00,0x00,0x00,0x00,0x00,0x00,0x00,0x00,0x00}},0},
      DatatypePolicyIdentityV1{platform::Uuid{{0x00,0x00,0x00,0x00,0x00,0x00,0x00,0x00,0x00,0x00,0x00,0x00,0x00,0x00,0x00,0x00}},0},
      DatatypePolicyIdentityV1{platform::Uuid{{0x00,0x00,0x00,0x00,0x00,0x00,0x00,0x00,0x00,0x00,0x00,0x00,0x00,0x00,0x00,0x00}},0},
      DatatypePolicyIdentityV1{platform::Uuid{{0x00,0x00,0x00,0x00,0x00,0x00,0x00,0x00,0x00,0x00,0x00,0x00,0x00,0x00,0x00,0x00}},0},
      DatatypePolicyIdentityV1{platform::Uuid{{0x00,0x00,0x00,0x00,0x00,0x00,0x00,0x00,0x00,0x00,0x00,0x00,0x00,0x00,0x00,0x00}},0}},
    DatatypeTypeCodecIdentityRowV3{
      DatatypeTypeCodecIdentityRowV1{platform::Uuid{{0x01,0x9d,0x00,0x00,0x00,0x00,0x70,0x00,0x80,0x00,0x00,0x00,0x00,0x00,0xd7,0x06}},6,6,platform::Uuid{{0x01,0x9d,0x00,0x00,0x00,0x00,0x70,0x00,0x80,0x00,0x00,0x00,0x00,0x00,0xd7,0x11}},1,platform::Uuid{{0x01,0x9d,0x00,0x00,0x00,0x00,0x70,0x00,0x80,0x00,0x00,0x00,0x00,0x00,0xd7,0x12}},1,"datatype.int64.le.v1",1,1,8,false,"bigint",3,2,2,true,2,8,8,8,103,platform::Uuid{{0x00,0x00,0x00,0x00,0x00,0x00,0x00,0x00,0x00,0x00,0x00,0x00,0x00,0x00,0x00,0x00}},false,false,"","","",false,false,false,false,false,false,"",platform::Uuid{{0x00,0x00,0x00,0x00,0x00,0x00,0x00,0x00,0x00,0x00,0x00,0x00,0x00,0x00,0x00,0x00}},0,platform::Uuid{{0x00,0x00,0x00,0x00,0x00,0x00,0x00,0x00,0x00,0x00,0x00,0x00,0x00,0x00,0x00,0x00}},0,platform::Uuid{{0x00,0x00,0x00,0x00,0x00,0x00,0x00,0x00,0x00,0x00,0x00,0x00,0x00,0x00,0x00,0x00}},0,"",false},
      DatatypePolicyIdentityV1{platform::Uuid{{0x00,0x00,0x00,0x00,0x00,0x00,0x00,0x00,0x00,0x00,0x00,0x00,0x00,0x00,0x00,0x00}},0},
      DatatypePolicyIdentityV1{platform::Uuid{{0x00,0x00,0x00,0x00,0x00,0x00,0x00,0x00,0x00,0x00,0x00,0x00,0x00,0x00,0x00,0x00}},0},
      DatatypePolicyIdentityV1{platform::Uuid{{0x00,0x00,0x00,0x00,0x00,0x00,0x00,0x00,0x00,0x00,0x00,0x00,0x00,0x00,0x00,0x00}},0},
      DatatypePolicyIdentityV1{platform::Uuid{{0x00,0x00,0x00,0x00,0x00,0x00,0x00,0x00,0x00,0x00,0x00,0x00,0x00,0x00,0x00,0x00}},0},
      DatatypePolicyIdentityV1{platform::Uuid{{0x00,0x00,0x00,0x00,0x00,0x00,0x00,0x00,0x00,0x00,0x00,0x00,0x00,0x00,0x00,0x00}},0}},
    DatatypeTypeCodecIdentityRowV3{
      DatatypeTypeCodecIdentityRowV1{platform::Uuid{{0x01,0x9d,0x00,0x00,0x00,0x00,0x70,0x00,0x80,0x00,0x00,0x00,0x00,0x00,0xd7,0x06}},6,6,platform::Uuid{{0xa0,0x00,0x00,0x00,0x64,0x65,0x73,0x69,0xad,0x61,0x6c,0x00,0x00,0x00,0x00,0x00}},1,platform::Uuid{{0x01,0x9d,0x00,0x00,0x00,0x00,0x70,0x00,0x80,0x00,0x00,0x00,0x00,0x00,0xd7,0x13}},1,"datatype.decimal.base1e9.le.v1",1,1,24,false,"decimal",4,2,2,true,3,24,24,24,160,platform::Uuid{{0x00,0x00,0x00,0x00,0x00,0x00,0x00,0x00,0x00,0x00,0x00,0x00,0x00,0x00,0x00,0x00}},false,false,"","","",false,false,false,false,false,false,"",platform::Uuid{{0x00,0x00,0x00,0x00,0x00,0x00,0x00,0x00,0x00,0x00,0x00,0x00,0x00,0x00,0x00,0x00}},0,platform::Uuid{{0x00,0x00,0x00,0x00,0x00,0x00,0x00,0x00,0x00,0x00,0x00,0x00,0x00,0x00,0x00,0x00}},0,platform::Uuid{{0x00,0x00,0x00,0x00,0x00,0x00,0x00,0x00,0x00,0x00,0x00,0x00,0x00,0x00,0x00,0x00}},0,"",false},
      DatatypePolicyIdentityV1{platform::Uuid{{0x00,0x00,0x00,0x00,0x00,0x00,0x00,0x00,0x00,0x00,0x00,0x00,0x00,0x00,0x00,0x00}},0},
      DatatypePolicyIdentityV1{platform::Uuid{{0x00,0x00,0x00,0x00,0x00,0x00,0x00,0x00,0x00,0x00,0x00,0x00,0x00,0x00,0x00,0x00}},0},
      DatatypePolicyIdentityV1{platform::Uuid{{0x00,0x00,0x00,0x00,0x00,0x00,0x00,0x00,0x00,0x00,0x00,0x00,0x00,0x00,0x00,0x00}},0},
      DatatypePolicyIdentityV1{platform::Uuid{{0x00,0x00,0x00,0x00,0x00,0x00,0x00,0x00,0x00,0x00,0x00,0x00,0x00,0x00,0x00,0x00}},0},
      DatatypePolicyIdentityV1{platform::Uuid{{0x00,0x00,0x00,0x00,0x00,0x00,0x00,0x00,0x00,0x00,0x00,0x00,0x00,0x00,0x00,0x00}},0}},
    DatatypeTypeCodecIdentityRowV3{
      DatatypeTypeCodecIdentityRowV1{platform::Uuid{{0x01,0x9d,0x00,0x00,0x00,0x00,0x70,0x00,0x80,0x00,0x00,0x00,0x00,0x00,0xd7,0x06}},6,6,platform::Uuid{{0x01,0x9d,0x00,0x00,0x00,0x00,0x70,0x00,0x80,0x00,0x00,0x00,0x00,0x00,0xd7,0x14}},1,platform::Uuid{{0x01,0x9d,0x00,0x00,0x00,0x00,0x70,0x00,0x80,0x00,0x00,0x00,0x00,0x00,0xd7,0x15}},1,"datatype.int128.le.v1",1,1,16,true,"int128",5,1,2,true,2,16,16,16,104,platform::Uuid{{0x00,0x00,0x00,0x00,0x00,0x00,0x00,0x00,0x00,0x00,0x00,0x00,0x00,0x00,0x00,0x00}},false,false,"","","",false,false,false,false,false,false,"",platform::Uuid{{0x00,0x00,0x00,0x00,0x00,0x00,0x00,0x00,0x00,0x00,0x00,0x00,0x00,0x00,0x00,0x00}},0,platform::Uuid{{0x00,0x00,0x00,0x00,0x00,0x00,0x00,0x00,0x00,0x00,0x00,0x00,0x00,0x00,0x00,0x00}},0,platform::Uuid{{0x00,0x00,0x00,0x00,0x00,0x00,0x00,0x00,0x00,0x00,0x00,0x00,0x00,0x00,0x00,0x00}},0,"",false},
      DatatypePolicyIdentityV1{platform::Uuid{{0x00,0x00,0x00,0x00,0x00,0x00,0x00,0x00,0x00,0x00,0x00,0x00,0x00,0x00,0x00,0x00}},0},
      DatatypePolicyIdentityV1{platform::Uuid{{0x00,0x00,0x00,0x00,0x00,0x00,0x00,0x00,0x00,0x00,0x00,0x00,0x00,0x00,0x00,0x00}},0},
      DatatypePolicyIdentityV1{platform::Uuid{{0x00,0x00,0x00,0x00,0x00,0x00,0x00,0x00,0x00,0x00,0x00,0x00,0x00,0x00,0x00,0x00}},0},
      DatatypePolicyIdentityV1{platform::Uuid{{0x00,0x00,0x00,0x00,0x00,0x00,0x00,0x00,0x00,0x00,0x00,0x00,0x00,0x00,0x00,0x00}},0},
      DatatypePolicyIdentityV1{platform::Uuid{{0x00,0x00,0x00,0x00,0x00,0x00,0x00,0x00,0x00,0x00,0x00,0x00,0x00,0x00,0x00,0x00}},0}},
    DatatypeTypeCodecIdentityRowV3{
      DatatypeTypeCodecIdentityRowV1{platform::Uuid{{0x01,0x9d,0x00,0x00,0x00,0x00,0x70,0x00,0x80,0x00,0x00,0x00,0x00,0x00,0xd7,0x06}},6,6,platform::Uuid{{0x01,0x00,0x00,0x00,0x62,0x6f,0x7f,0x6c,0xa5,0x61,0x6e,0x00,0x00,0x00,0x00,0x00}},1,platform::Uuid{{0x01,0x00,0x00,0x00,0x62,0x6f,0x7f,0x6c,0xa5,0x61,0x6e,0x00,0x00,0x00,0x00,0x00}},1,"datatype.boolean.u8.v1",1,1,1,true,"boolean",1,1,1,false,1,1,1,1,1,platform::Uuid{{0x00,0x00,0x00,0x00,0x00,0x00,0x00,0x00,0x00,0x00,0x00,0x00,0x00,0x00,0x00,0x00}},false,false,"","","",false,false,false,false,false,false,"",platform::Uuid{{0x00,0x00,0x00,0x00,0x00,0x00,0x00,0x00,0x00,0x00,0x00,0x00,0x00,0x00,0x00,0x00}},0,platform::Uuid{{0x00,0x00,0x00,0x00,0x00,0x00,0x00,0x00,0x00,0x00,0x00,0x00,0x00,0x00,0x00,0x00}},0,platform::Uuid{{0x00,0x00,0x00,0x00,0x00,0x00,0x00,0x00,0x00,0x00,0x00,0x00,0x00,0x00,0x00,0x00}},0,"",false},
      DatatypePolicyIdentityV1{platform::Uuid{{0x00,0x00,0x00,0x00,0x00,0x00,0x00,0x00,0x00,0x00,0x00,0x00,0x00,0x00,0x00,0x00}},0},
      DatatypePolicyIdentityV1{platform::Uuid{{0x00,0x00,0x00,0x00,0x00,0x00,0x00,0x00,0x00,0x00,0x00,0x00,0x00,0x00,0x00,0x00}},0},
      DatatypePolicyIdentityV1{platform::Uuid{{0x00,0x00,0x00,0x00,0x00,0x00,0x00,0x00,0x00,0x00,0x00,0x00,0x00,0x00,0x00,0x00}},0},
      DatatypePolicyIdentityV1{platform::Uuid{{0x00,0x00,0x00,0x00,0x00,0x00,0x00,0x00,0x00,0x00,0x00,0x00,0x00,0x00,0x00,0x00}},0},
      DatatypePolicyIdentityV1{platform::Uuid{{0x00,0x00,0x00,0x00,0x00,0x00,0x00,0x00,0x00,0x00,0x00,0x00,0x00,0x00,0x00,0x00}},0}},
    DatatypeTypeCodecIdentityRowV3{
      DatatypeTypeCodecIdentityRowV1{platform::Uuid{{0x01,0x9d,0x00,0x00,0x00,0x00,0x70,0x00,0x80,0x00,0x00,0x00,0x00,0x00,0xd7,0x06}},6,6,platform::Uuid{{0x01,0x9d,0x00,0x00,0x00,0x00,0x70,0x00,0x80,0x00,0x00,0x00,0x00,0x00,0xd7,0x18}},1,platform::Uuid{{0x01,0x9d,0x00,0x00,0x00,0x00,0x70,0x00,0x80,0x00,0x00,0x00,0x00,0x00,0xd7,0x19}},1,"datatype.text.utf8.v1",1,1,0,true,"text",0,1,0,false,0,0,16777216,0,300,platform::Uuid{{0x01,0x9d,0x00,0x00,0x00,0x00,0x70,0x00,0x80,0x00,0x00,0x00,0x00,0x00,0xd7,0x1a}},true,true,"byte_sequence","exact_well_formed_UTF8_scalar_sequence_without_implicit_normalization","UTF-8",true,false,true,true,true,true,"CTB.TEXT.INVALID_ENCODING",platform::Uuid{{0x00,0x00,0x00,0x00,0x00,0x00,0x00,0x00,0x00,0x00,0x00,0x00,0x00,0x00,0x00,0x00}},0,platform::Uuid{{0x00,0x00,0x00,0x00,0x00,0x00,0x00,0x00,0x00,0x00,0x00,0x00,0x00,0x00,0x00,0x00}},0,platform::Uuid{{0x00,0x00,0x00,0x00,0x00,0x00,0x00,0x00,0x00,0x00,0x00,0x00,0x00,0x00,0x00,0x00}},0,"",false},
      DatatypePolicyIdentityV1{platform::Uuid{{0x00,0x00,0x00,0x00,0x00,0x00,0x00,0x00,0x00,0x00,0x00,0x00,0x00,0x00,0x00,0x00}},0},
      DatatypePolicyIdentityV1{platform::Uuid{{0x00,0x00,0x00,0x00,0x00,0x00,0x00,0x00,0x00,0x00,0x00,0x00,0x00,0x00,0x00,0x00}},0},
      DatatypePolicyIdentityV1{platform::Uuid{{0x00,0x00,0x00,0x00,0x00,0x00,0x00,0x00,0x00,0x00,0x00,0x00,0x00,0x00,0x00,0x00}},0},
      DatatypePolicyIdentityV1{platform::Uuid{{0x00,0x00,0x00,0x00,0x00,0x00,0x00,0x00,0x00,0x00,0x00,0x00,0x00,0x00,0x00,0x00}},0},
      DatatypePolicyIdentityV1{platform::Uuid{{0x00,0x00,0x00,0x00,0x00,0x00,0x00,0x00,0x00,0x00,0x00,0x00,0x00,0x00,0x00,0x00}},0}},
    DatatypeTypeCodecIdentityRowV3{
      DatatypeTypeCodecIdentityRowV1{platform::Uuid{{0x01,0x9d,0x00,0x00,0x00,0x00,0x70,0x00,0x80,0x00,0x00,0x00,0x00,0x00,0xd7,0x06}},6,6,platform::Uuid{{0x01,0x9d,0x00,0x00,0x00,0x00,0x70,0x00,0x80,0x00,0x00,0x00,0x00,0x00,0xd7,0x31}},1,platform::Uuid{{0x01,0x9d,0x00,0x00,0x00,0x00,0x70,0x00,0x80,0x00,0x00,0x00,0x00,0x00,0xd7,0x32}},1,"datatype.real64.ieee754.le.v1",1,1,8,true,"real64",0,1,0,false,0,8,8,8,141,platform::Uuid{{0x01,0x9d,0x00,0x00,0x00,0x00,0x70,0x00,0x80,0x00,0x00,0x00,0x00,0x00,0xd7,0x33}},false,false,"little_endian","IEEE754_binary64","",false,false,false,false,true,false,"DATATYPE.DESCRIPTOR.INVALID",platform::Uuid{{0x00,0x00,0x00,0x00,0x00,0x00,0x00,0x00,0x00,0x00,0x00,0x00,0x00,0x00,0x00,0x00}},0,platform::Uuid{{0x00,0x00,0x00,0x00,0x00,0x00,0x00,0x00,0x00,0x00,0x00,0x00,0x00,0x00,0x00,0x00}},0,platform::Uuid{{0x00,0x00,0x00,0x00,0x00,0x00,0x00,0x00,0x00,0x00,0x00,0x00,0x00,0x00,0x00,0x00}},0,"",false},
      DatatypePolicyIdentityV1{platform::Uuid{{0x00,0x00,0x00,0x00,0x00,0x00,0x00,0x00,0x00,0x00,0x00,0x00,0x00,0x00,0x00,0x00}},0},
      DatatypePolicyIdentityV1{platform::Uuid{{0x00,0x00,0x00,0x00,0x00,0x00,0x00,0x00,0x00,0x00,0x00,0x00,0x00,0x00,0x00,0x00}},0},
      DatatypePolicyIdentityV1{platform::Uuid{{0x00,0x00,0x00,0x00,0x00,0x00,0x00,0x00,0x00,0x00,0x00,0x00,0x00,0x00,0x00,0x00}},0},
      DatatypePolicyIdentityV1{platform::Uuid{{0x00,0x00,0x00,0x00,0x00,0x00,0x00,0x00,0x00,0x00,0x00,0x00,0x00,0x00,0x00,0x00}},0},
      DatatypePolicyIdentityV1{platform::Uuid{{0x00,0x00,0x00,0x00,0x00,0x00,0x00,0x00,0x00,0x00,0x00,0x00,0x00,0x00,0x00,0x00}},0}},
    DatatypeTypeCodecIdentityRowV3{
      DatatypeTypeCodecIdentityRowV1{platform::Uuid{{0x01,0x9d,0x00,0x00,0x00,0x00,0x70,0x00,0x80,0x00,0x00,0x00,0x00,0x00,0xd7,0x06}},6,6,platform::Uuid{{0x01,0x9d,0x00,0x00,0x00,0x00,0x70,0x00,0x80,0x00,0x00,0x00,0x00,0x00,0xd7,0x34}},1,platform::Uuid{{0x01,0x9d,0x00,0x00,0x00,0x00,0x70,0x00,0x80,0x00,0x00,0x00,0x00,0x00,0xd7,0x35}},1,"datatype.uuid.binary16.v1",1,1,16,true,"uuid",0,1,0,false,0,16,16,16,200,platform::Uuid{{0x01,0x9d,0x00,0x00,0x00,0x00,0x70,0x00,0x80,0x00,0x00,0x00,0x00,0x00,0xd7,0x36}},false,false,"byte_sequence","sixteen_UUID_value_octets_without_text_conversion","",false,false,false,false,true,false,"DATATYPE.DESCRIPTOR.INVALID",platform::Uuid{{0x00,0x00,0x00,0x00,0x00,0x00,0x00,0x00,0x00,0x00,0x00,0x00,0x00,0x00,0x00,0x00}},0,platform::Uuid{{0x00,0x00,0x00,0x00,0x00,0x00,0x00,0x00,0x00,0x00,0x00,0x00,0x00,0x00,0x00,0x00}},0,platform::Uuid{{0x00,0x00,0x00,0x00,0x00,0x00,0x00,0x00,0x00,0x00,0x00,0x00,0x00,0x00,0x00,0x00}},0,"",false},
      DatatypePolicyIdentityV1{platform::Uuid{{0x00,0x00,0x00,0x00,0x00,0x00,0x00,0x00,0x00,0x00,0x00,0x00,0x00,0x00,0x00,0x00}},0},
      DatatypePolicyIdentityV1{platform::Uuid{{0x00,0x00,0x00,0x00,0x00,0x00,0x00,0x00,0x00,0x00,0x00,0x00,0x00,0x00,0x00,0x00}},0},
      DatatypePolicyIdentityV1{platform::Uuid{{0x00,0x00,0x00,0x00,0x00,0x00,0x00,0x00,0x00,0x00,0x00,0x00,0x00,0x00,0x00,0x00}},0},
      DatatypePolicyIdentityV1{platform::Uuid{{0x00,0x00,0x00,0x00,0x00,0x00,0x00,0x00,0x00,0x00,0x00,0x00,0x00,0x00,0x00,0x00}},0},
      DatatypePolicyIdentityV1{platform::Uuid{{0x00,0x00,0x00,0x00,0x00,0x00,0x00,0x00,0x00,0x00,0x00,0x00,0x00,0x00,0x00,0x00}},0}},
    DatatypeTypeCodecIdentityRowV3{
      DatatypeTypeCodecIdentityRowV1{platform::Uuid{{0x01,0x9d,0x00,0x00,0x00,0x00,0x70,0x00,0x80,0x00,0x00,0x00,0x00,0x00,0xd7,0x06}},6,6,platform::Uuid{{0x01,0x9d,0x00,0x00,0x00,0x00,0x70,0x00,0x80,0x00,0x00,0x00,0x00,0x00,0xd7,0x37}},1,platform::Uuid{{0x01,0x9d,0x00,0x00,0x00,0x00,0x70,0x00,0x80,0x00,0x00,0x00,0x00,0x00,0xd7,0x38}},1,"datatype.geometry.sbp1.v1",1,1,0,true,"geometry",0,1,0,false,0,24,24,0,680,platform::Uuid{{0x01,0x9d,0x00,0x00,0x00,0x00,0x70,0x00,0x80,0x00,0x00,0x00,0x00,0x00,0xd7,0x39}},true,true,"byte_sequence","SBP1_finite_2D_point_big_endian_coordinates","",false,false,false,false,true,true,"DATATYPE.DESCRIPTOR.INVALID",platform::Uuid{{0x00,0x00,0x00,0x00,0x00,0x00,0x00,0x00,0x00,0x00,0x00,0x00,0x00,0x00,0x00,0x00}},0,platform::Uuid{{0x00,0x00,0x00,0x00,0x00,0x00,0x00,0x00,0x00,0x00,0x00,0x00,0x00,0x00,0x00,0x00}},0,platform::Uuid{{0x00,0x00,0x00,0x00,0x00,0x00,0x00,0x00,0x00,0x00,0x00,0x00,0x00,0x00,0x00,0x00}},0,"",false},
      DatatypePolicyIdentityV1{platform::Uuid{{0x00,0x00,0x00,0x00,0x00,0x00,0x00,0x00,0x00,0x00,0x00,0x00,0x00,0x00,0x00,0x00}},0},
      DatatypePolicyIdentityV1{platform::Uuid{{0x00,0x00,0x00,0x00,0x00,0x00,0x00,0x00,0x00,0x00,0x00,0x00,0x00,0x00,0x00,0x00}},0},
      DatatypePolicyIdentityV1{platform::Uuid{{0x00,0x00,0x00,0x00,0x00,0x00,0x00,0x00,0x00,0x00,0x00,0x00,0x00,0x00,0x00,0x00}},0},
      DatatypePolicyIdentityV1{platform::Uuid{{0x00,0x00,0x00,0x00,0x00,0x00,0x00,0x00,0x00,0x00,0x00,0x00,0x00,0x00,0x00,0x00}},0},
      DatatypePolicyIdentityV1{platform::Uuid{{0x00,0x00,0x00,0x00,0x00,0x00,0x00,0x00,0x00,0x00,0x00,0x00,0x00,0x00,0x00,0x00}},0}},
    DatatypeTypeCodecIdentityRowV3{
      DatatypeTypeCodecIdentityRowV1{platform::Uuid{{0x01,0x9d,0x00,0x00,0x00,0x00,0x70,0x00,0x80,0x00,0x00,0x00,0x00,0x00,0xd7,0x06}},6,6,platform::Uuid{{0x01,0x9d,0x00,0x00,0x00,0x00,0x70,0x00,0x80,0x00,0x00,0x00,0x00,0x00,0xd7,0x3a}},1,platform::Uuid{{0x01,0x9d,0x00,0x00,0x00,0x00,0x70,0x00,0x80,0x00,0x00,0x00,0x00,0x00,0xd7,0x3b}},1,"datatype.uint64.le.v1",1,1,8,true,"uint64",0,1,0,false,0,8,8,8,123,platform::Uuid{{0x01,0x9d,0x00,0x00,0x00,0x00,0x70,0x00,0x80,0x00,0x00,0x00,0x00,0x00,0xd7,0x3c}},false,false,"little_endian","unsigned_64_bit_integer","",false,false,false,false,true,false,"DATATYPE.DESCRIPTOR.INVALID",platform::Uuid{{0x00,0x00,0x00,0x00,0x00,0x00,0x00,0x00,0x00,0x00,0x00,0x00,0x00,0x00,0x00,0x00}},0,platform::Uuid{{0x00,0x00,0x00,0x00,0x00,0x00,0x00,0x00,0x00,0x00,0x00,0x00,0x00,0x00,0x00,0x00}},0,platform::Uuid{{0x00,0x00,0x00,0x00,0x00,0x00,0x00,0x00,0x00,0x00,0x00,0x00,0x00,0x00,0x00,0x00}},0,"",false},
      DatatypePolicyIdentityV1{platform::Uuid{{0x00,0x00,0x00,0x00,0x00,0x00,0x00,0x00,0x00,0x00,0x00,0x00,0x00,0x00,0x00,0x00}},0},
      DatatypePolicyIdentityV1{platform::Uuid{{0x00,0x00,0x00,0x00,0x00,0x00,0x00,0x00,0x00,0x00,0x00,0x00,0x00,0x00,0x00,0x00}},0},
      DatatypePolicyIdentityV1{platform::Uuid{{0x00,0x00,0x00,0x00,0x00,0x00,0x00,0x00,0x00,0x00,0x00,0x00,0x00,0x00,0x00,0x00}},0},
      DatatypePolicyIdentityV1{platform::Uuid{{0x00,0x00,0x00,0x00,0x00,0x00,0x00,0x00,0x00,0x00,0x00,0x00,0x00,0x00,0x00,0x00}},0},
      DatatypePolicyIdentityV1{platform::Uuid{{0x00,0x00,0x00,0x00,0x00,0x00,0x00,0x00,0x00,0x00,0x00,0x00,0x00,0x00,0x00,0x00}},0}},
    DatatypeTypeCodecIdentityRowV3{
      DatatypeTypeCodecIdentityRowV1{platform::Uuid{{0x01,0x9d,0x00,0x00,0x00,0x00,0x70,0x00,0x80,0x00,0x00,0x00,0x00,0x00,0xd7,0x06}},6,6,platform::Uuid{{0x01,0x9d,0x00,0x00,0x00,0x00,0x70,0x00,0x80,0x00,0x00,0x00,0x00,0x00,0xd7,0x3d}},1,platform::Uuid{{0x01,0x9d,0x00,0x00,0x00,0x00,0x70,0x00,0x80,0x00,0x00,0x00,0x00,0x00,0xd7,0x3e}},1,"datatype.json.utf8.v1",1,1,0,true,"json_document",0,1,0,false,0,1,16777216,0,601,platform::Uuid{{0x01,0x9d,0x00,0x00,0x00,0x00,0x70,0x00,0x80,0x00,0x00,0x00,0x00,0x00,0xd7,0x3f}},true,true,"byte_sequence","well_formed_UTF8_JSON_document","",false,false,false,false,true,true,"DATATYPE.DESCRIPTOR.INVALID",platform::Uuid{{0x00,0x00,0x00,0x00,0x00,0x00,0x00,0x00,0x00,0x00,0x00,0x00,0x00,0x00,0x00,0x00}},0,platform::Uuid{{0x00,0x00,0x00,0x00,0x00,0x00,0x00,0x00,0x00,0x00,0x00,0x00,0x00,0x00,0x00,0x00}},0,platform::Uuid{{0x00,0x00,0x00,0x00,0x00,0x00,0x00,0x00,0x00,0x00,0x00,0x00,0x00,0x00,0x00,0x00}},0,"",false},
      DatatypePolicyIdentityV1{platform::Uuid{{0x00,0x00,0x00,0x00,0x00,0x00,0x00,0x00,0x00,0x00,0x00,0x00,0x00,0x00,0x00,0x00}},0},
      DatatypePolicyIdentityV1{platform::Uuid{{0x00,0x00,0x00,0x00,0x00,0x00,0x00,0x00,0x00,0x00,0x00,0x00,0x00,0x00,0x00,0x00}},0},
      DatatypePolicyIdentityV1{platform::Uuid{{0x00,0x00,0x00,0x00,0x00,0x00,0x00,0x00,0x00,0x00,0x00,0x00,0x00,0x00,0x00,0x00}},0},
      DatatypePolicyIdentityV1{platform::Uuid{{0x00,0x00,0x00,0x00,0x00,0x00,0x00,0x00,0x00,0x00,0x00,0x00,0x00,0x00,0x00,0x00}},0},
      DatatypePolicyIdentityV1{platform::Uuid{{0x00,0x00,0x00,0x00,0x00,0x00,0x00,0x00,0x00,0x00,0x00,0x00,0x00,0x00,0x00,0x00}},0}},
    DatatypeTypeCodecIdentityRowV3{
      DatatypeTypeCodecIdentityRowV1{platform::Uuid{{0x01,0x9d,0x00,0x00,0x00,0x00,0x70,0x00,0x80,0x00,0x00,0x00,0x00,0x00,0xd7,0x06}},6,6,platform::Uuid{{0x01,0x9d,0x00,0x00,0x00,0x00,0x70,0x00,0x80,0x00,0x00,0x00,0x00,0x00,0xd7,0x40}},1,platform::Uuid{{0x01,0x9d,0x00,0x00,0x00,0x00,0x70,0x00,0x80,0x00,0x00,0x00,0x00,0x00,0xd7,0x41}},1,"datatype.list.text.framed.v1",1,1,0,true,"list",0,1,0,false,0,12,16777216,0,623,platform::Uuid{{0x01,0x9d,0x00,0x00,0x00,0x00,0x70,0x00,0x80,0x00,0x00,0x00,0x00,0x00,0xd7,0x42}},true,true,"byte_sequence","nullable_TEXT_list_SBTL0001","",false,false,false,false,true,true,"DATATYPE.DESCRIPTOR.INVALID",platform::Uuid{{0x00,0x00,0x00,0x00,0x00,0x00,0x00,0x00,0x00,0x00,0x00,0x00,0x00,0x00,0x00,0x00}},0,platform::Uuid{{0x00,0x00,0x00,0x00,0x00,0x00,0x00,0x00,0x00,0x00,0x00,0x00,0x00,0x00,0x00,0x00}},0,platform::Uuid{{0x00,0x00,0x00,0x00,0x00,0x00,0x00,0x00,0x00,0x00,0x00,0x00,0x00,0x00,0x00,0x00}},0,"",false},
      DatatypePolicyIdentityV1{platform::Uuid{{0x00,0x00,0x00,0x00,0x00,0x00,0x00,0x00,0x00,0x00,0x00,0x00,0x00,0x00,0x00,0x00}},0},
      DatatypePolicyIdentityV1{platform::Uuid{{0x00,0x00,0x00,0x00,0x00,0x00,0x00,0x00,0x00,0x00,0x00,0x00,0x00,0x00,0x00,0x00}},0},
      DatatypePolicyIdentityV1{platform::Uuid{{0x00,0x00,0x00,0x00,0x00,0x00,0x00,0x00,0x00,0x00,0x00,0x00,0x00,0x00,0x00,0x00}},0},
      DatatypePolicyIdentityV1{platform::Uuid{{0x00,0x00,0x00,0x00,0x00,0x00,0x00,0x00,0x00,0x00,0x00,0x00,0x00,0x00,0x00,0x00}},0},
      DatatypePolicyIdentityV1{platform::Uuid{{0x00,0x00,0x00,0x00,0x00,0x00,0x00,0x00,0x00,0x00,0x00,0x00,0x00,0x00,0x00,0x00}},0}},
    DatatypeTypeCodecIdentityRowV3{
      DatatypeTypeCodecIdentityRowV1{platform::Uuid{{0x01,0x9d,0x00,0x00,0x00,0x00,0x70,0x00,0x80,0x00,0x00,0x00,0x00,0x00,0xd7,0x06}},6,6,platform::Uuid{{0x2d,0x01,0x00,0x00,0x62,0x69,0x7e,0x61,0xb2,0x79,0x00,0x00,0x00,0x00,0x00,0x00}},1,platform::Uuid{{0x01,0x9d,0x00,0x00,0x00,0x00,0x70,0x00,0x80,0x00,0x00,0x00,0x00,0x00,0xd7,0x43}},1,"datatype.binary.octets.v1",1,1,0,true,"binary",0,1,0,false,0,0,16777216,0,301,platform::Uuid{{0x01,0x9d,0x00,0x00,0x00,0x00,0x70,0x00,0x80,0x00,0x00,0x00,0x00,0x00,0xd7,0x44}},true,true,"byte_sequence","exact_octets_without_text_conversion","",false,false,false,true,true,true,"DATATYPE.DESCRIPTOR.INVALID",platform::Uuid{{0x00,0x00,0x00,0x00,0x00,0x00,0x00,0x00,0x00,0x00,0x00,0x00,0x00,0x00,0x00,0x00}},0,platform::Uuid{{0x00,0x00,0x00,0x00,0x00,0x00,0x00,0x00,0x00,0x00,0x00,0x00,0x00,0x00,0x00,0x00}},0,platform::Uuid{{0x00,0x00,0x00,0x00,0x00,0x00,0x00,0x00,0x00,0x00,0x00,0x00,0x00,0x00,0x00,0x00}},0,"",false},
      DatatypePolicyIdentityV1{platform::Uuid{{0x01,0xa0,0xfe,0xa5,0x8a,0x12,0x7d,0xa5,0x9d,0x9d,0x83,0x9b,0xc8,0x1b,0x09,0xca}},1},
      DatatypePolicyIdentityV1{platform::Uuid{{0x01,0xa0,0xfe,0xa5,0x8a,0x12,0x74,0x66,0x9a,0xdb,0xe2,0x54,0x64,0xc6,0x5b,0x6a}},1},
      DatatypePolicyIdentityV1{platform::Uuid{{0x01,0xa0,0xfe,0xa5,0x8a,0x12,0x70,0x73,0xa5,0xb7,0x32,0x60,0x6c,0xd0,0x91,0xe6}},1},
      DatatypePolicyIdentityV1{platform::Uuid{{0x01,0xa0,0xfe,0xa5,0x8a,0x12,0x73,0x7b,0xa4,0x82,0xe6,0x96,0xfe,0x71,0x41,0xf8}},1},
      DatatypePolicyIdentityV1{platform::Uuid{{0x00,0x00,0x00,0x00,0x00,0x00,0x00,0x00,0x00,0x00,0x00,0x00,0x00,0x00,0x00,0x00}},0}},
    DatatypeTypeCodecIdentityRowV3{
      DatatypeTypeCodecIdentityRowV1{platform::Uuid{{0x01,0x9d,0x00,0x00,0x00,0x00,0x70,0x00,0x80,0x00,0x00,0x00,0x00,0x00,0xd7,0x06}},6,6,platform::Uuid{{0x64,0x00,0x00,0x00,0x69,0x6e,0x74,0x38,0x80,0x00,0x00,0x00,0x00,0x00,0x00,0x00}},1,platform::Uuid{{0x01,0x9d,0x00,0x00,0x00,0x00,0x70,0x00,0x80,0x00,0x00,0x00,0x00,0x00,0xd8,0x00}},1,"datatype.int8.le.v1",1,1,1,true,"int8",0,1,0,false,0,1,1,1,100,platform::Uuid{{0x01,0x9d,0x00,0x00,0x00,0x00,0x70,0x00,0x80,0x00,0x00,0x00,0x00,0x00,0xd8,0x01}},false,false,"little_endian","twos_complement_integer","",false,false,false,false,true,false,"DATATYPE.DESCRIPTOR.INVALID",platform::Uuid{{0x00,0x00,0x00,0x00,0x00,0x00,0x00,0x00,0x00,0x00,0x00,0x00,0x00,0x00,0x00,0x00}},0,platform::Uuid{{0x00,0x00,0x00,0x00,0x00,0x00,0x00,0x00,0x00,0x00,0x00,0x00,0x00,0x00,0x00,0x00}},0,platform::Uuid{{0x00,0x00,0x00,0x00,0x00,0x00,0x00,0x00,0x00,0x00,0x00,0x00,0x00,0x00,0x00,0x00}},0,"",false},
      DatatypePolicyIdentityV1{platform::Uuid{{0x00,0x00,0x00,0x00,0x00,0x00,0x00,0x00,0x00,0x00,0x00,0x00,0x00,0x00,0x00,0x00}},0},
      DatatypePolicyIdentityV1{platform::Uuid{{0x00,0x00,0x00,0x00,0x00,0x00,0x00,0x00,0x00,0x00,0x00,0x00,0x00,0x00,0x00,0x00}},0},
      DatatypePolicyIdentityV1{platform::Uuid{{0x00,0x00,0x00,0x00,0x00,0x00,0x00,0x00,0x00,0x00,0x00,0x00,0x00,0x00,0x00,0x00}},0},
      DatatypePolicyIdentityV1{platform::Uuid{{0x00,0x00,0x00,0x00,0x00,0x00,0x00,0x00,0x00,0x00,0x00,0x00,0x00,0x00,0x00,0x00}},0},
      DatatypePolicyIdentityV1{platform::Uuid{{0x00,0x00,0x00,0x00,0x00,0x00,0x00,0x00,0x00,0x00,0x00,0x00,0x00,0x00,0x00,0x00}},0}},
    DatatypeTypeCodecIdentityRowV3{
      DatatypeTypeCodecIdentityRowV1{platform::Uuid{{0x01,0x9d,0x00,0x00,0x00,0x00,0x70,0x00,0x80,0x00,0x00,0x00,0x00,0x00,0xd7,0x06}},6,6,platform::Uuid{{0x65,0x00,0x00,0x00,0x69,0x6e,0x74,0x31,0xb6,0x00,0x00,0x00,0x00,0x00,0x00,0x00}},1,platform::Uuid{{0x01,0x9d,0x00,0x00,0x00,0x00,0x70,0x00,0x80,0x00,0x00,0x00,0x00,0x00,0xd8,0x02}},1,"datatype.int16.le.v1",1,1,2,true,"int16",0,1,0,false,0,2,2,2,101,platform::Uuid{{0x01,0x9d,0x00,0x00,0x00,0x00,0x70,0x00,0x80,0x00,0x00,0x00,0x00,0x00,0xd8,0x03}},false,false,"little_endian","twos_complement_integer","",false,false,false,false,true,false,"DATATYPE.DESCRIPTOR.INVALID",platform::Uuid{{0x00,0x00,0x00,0x00,0x00,0x00,0x00,0x00,0x00,0x00,0x00,0x00,0x00,0x00,0x00,0x00}},0,platform::Uuid{{0x00,0x00,0x00,0x00,0x00,0x00,0x00,0x00,0x00,0x00,0x00,0x00,0x00,0x00,0x00,0x00}},0,platform::Uuid{{0x00,0x00,0x00,0x00,0x00,0x00,0x00,0x00,0x00,0x00,0x00,0x00,0x00,0x00,0x00,0x00}},0,"",false},
      DatatypePolicyIdentityV1{platform::Uuid{{0x00,0x00,0x00,0x00,0x00,0x00,0x00,0x00,0x00,0x00,0x00,0x00,0x00,0x00,0x00,0x00}},0},
      DatatypePolicyIdentityV1{platform::Uuid{{0x00,0x00,0x00,0x00,0x00,0x00,0x00,0x00,0x00,0x00,0x00,0x00,0x00,0x00,0x00,0x00}},0},
      DatatypePolicyIdentityV1{platform::Uuid{{0x00,0x00,0x00,0x00,0x00,0x00,0x00,0x00,0x00,0x00,0x00,0x00,0x00,0x00,0x00,0x00}},0},
      DatatypePolicyIdentityV1{platform::Uuid{{0x00,0x00,0x00,0x00,0x00,0x00,0x00,0x00,0x00,0x00,0x00,0x00,0x00,0x00,0x00,0x00}},0},
      DatatypePolicyIdentityV1{platform::Uuid{{0x00,0x00,0x00,0x00,0x00,0x00,0x00,0x00,0x00,0x00,0x00,0x00,0x00,0x00,0x00,0x00}},0}},
    DatatypeTypeCodecIdentityRowV3{
      DatatypeTypeCodecIdentityRowV1{platform::Uuid{{0x01,0x9d,0x00,0x00,0x00,0x00,0x70,0x00,0x80,0x00,0x00,0x00,0x00,0x00,0xd7,0x06}},6,6,platform::Uuid{{0x78,0x00,0x00,0x00,0x75,0x69,0x7e,0x74,0xb8,0x00,0x00,0x00,0x00,0x00,0x00,0x00}},1,platform::Uuid{{0x01,0x9d,0x00,0x00,0x00,0x00,0x70,0x00,0x80,0x00,0x00,0x00,0x00,0x00,0xd8,0x04}},1,"datatype.uint8.le.v1",1,1,1,true,"uint8",0,1,0,false,0,1,1,1,120,platform::Uuid{{0x01,0x9d,0x00,0x00,0x00,0x00,0x70,0x00,0x80,0x00,0x00,0x00,0x00,0x00,0xd8,0x05}},false,false,"little_endian","unsigned_integer","",false,false,false,false,true,false,"DATATYPE.DESCRIPTOR.INVALID",platform::Uuid{{0x00,0x00,0x00,0x00,0x00,0x00,0x00,0x00,0x00,0x00,0x00,0x00,0x00,0x00,0x00,0x00}},0,platform::Uuid{{0x00,0x00,0x00,0x00,0x00,0x00,0x00,0x00,0x00,0x00,0x00,0x00,0x00,0x00,0x00,0x00}},0,platform::Uuid{{0x00,0x00,0x00,0x00,0x00,0x00,0x00,0x00,0x00,0x00,0x00,0x00,0x00,0x00,0x00,0x00}},0,"",false},
      DatatypePolicyIdentityV1{platform::Uuid{{0x00,0x00,0x00,0x00,0x00,0x00,0x00,0x00,0x00,0x00,0x00,0x00,0x00,0x00,0x00,0x00}},0},
      DatatypePolicyIdentityV1{platform::Uuid{{0x00,0x00,0x00,0x00,0x00,0x00,0x00,0x00,0x00,0x00,0x00,0x00,0x00,0x00,0x00,0x00}},0},
      DatatypePolicyIdentityV1{platform::Uuid{{0x00,0x00,0x00,0x00,0x00,0x00,0x00,0x00,0x00,0x00,0x00,0x00,0x00,0x00,0x00,0x00}},0},
      DatatypePolicyIdentityV1{platform::Uuid{{0x00,0x00,0x00,0x00,0x00,0x00,0x00,0x00,0x00,0x00,0x00,0x00,0x00,0x00,0x00,0x00}},0},
      DatatypePolicyIdentityV1{platform::Uuid{{0x00,0x00,0x00,0x00,0x00,0x00,0x00,0x00,0x00,0x00,0x00,0x00,0x00,0x00,0x00,0x00}},0}},
    DatatypeTypeCodecIdentityRowV3{
      DatatypeTypeCodecIdentityRowV1{platform::Uuid{{0x01,0x9d,0x00,0x00,0x00,0x00,0x70,0x00,0x80,0x00,0x00,0x00,0x00,0x00,0xd7,0x06}},6,6,platform::Uuid{{0x79,0x00,0x00,0x00,0x75,0x69,0x7e,0x74,0xb1,0x36,0x00,0x00,0x00,0x00,0x00,0x00}},1,platform::Uuid{{0x01,0x9d,0x00,0x00,0x00,0x00,0x70,0x00,0x80,0x00,0x00,0x00,0x00,0x00,0xd8,0x06}},1,"datatype.uint16.le.v1",1,1,2,true,"uint16",0,1,0,false,0,2,2,2,121,platform::Uuid{{0x01,0x9d,0x00,0x00,0x00,0x00,0x70,0x00,0x80,0x00,0x00,0x00,0x00,0x00,0xd8,0x07}},false,false,"little_endian","unsigned_integer","",false,false,false,false,true,false,"DATATYPE.DESCRIPTOR.INVALID",platform::Uuid{{0x00,0x00,0x00,0x00,0x00,0x00,0x00,0x00,0x00,0x00,0x00,0x00,0x00,0x00,0x00,0x00}},0,platform::Uuid{{0x00,0x00,0x00,0x00,0x00,0x00,0x00,0x00,0x00,0x00,0x00,0x00,0x00,0x00,0x00,0x00}},0,platform::Uuid{{0x00,0x00,0x00,0x00,0x00,0x00,0x00,0x00,0x00,0x00,0x00,0x00,0x00,0x00,0x00,0x00}},0,"",false},
      DatatypePolicyIdentityV1{platform::Uuid{{0x00,0x00,0x00,0x00,0x00,0x00,0x00,0x00,0x00,0x00,0x00,0x00,0x00,0x00,0x00,0x00}},0},
      DatatypePolicyIdentityV1{platform::Uuid{{0x00,0x00,0x00,0x00,0x00,0x00,0x00,0x00,0x00,0x00,0x00,0x00,0x00,0x00,0x00,0x00}},0},
      DatatypePolicyIdentityV1{platform::Uuid{{0x00,0x00,0x00,0x00,0x00,0x00,0x00,0x00,0x00,0x00,0x00,0x00,0x00,0x00,0x00,0x00}},0},
      DatatypePolicyIdentityV1{platform::Uuid{{0x00,0x00,0x00,0x00,0x00,0x00,0x00,0x00,0x00,0x00,0x00,0x00,0x00,0x00,0x00,0x00}},0},
      DatatypePolicyIdentityV1{platform::Uuid{{0x00,0x00,0x00,0x00,0x00,0x00,0x00,0x00,0x00,0x00,0x00,0x00,0x00,0x00,0x00,0x00}},0}},
    DatatypeTypeCodecIdentityRowV3{
      DatatypeTypeCodecIdentityRowV1{platform::Uuid{{0x01,0x9d,0x00,0x00,0x00,0x00,0x70,0x00,0x80,0x00,0x00,0x00,0x00,0x00,0xd7,0x06}},6,6,platform::Uuid{{0x7a,0x00,0x00,0x00,0x75,0x69,0x7e,0x74,0xb3,0x32,0x00,0x00,0x00,0x00,0x00,0x00}},1,platform::Uuid{{0x01,0x9d,0x00,0x00,0x00,0x00,0x70,0x00,0x80,0x00,0x00,0x00,0x00,0x00,0xd8,0x08}},1,"datatype.uint32.le.v1",1,1,4,true,"uint32",0,1,0,false,0,4,4,4,122,platform::Uuid{{0x01,0x9d,0x00,0x00,0x00,0x00,0x70,0x00,0x80,0x00,0x00,0x00,0x00,0x00,0xd8,0x09}},false,false,"little_endian","unsigned_integer","",false,false,false,false,true,false,"DATATYPE.DESCRIPTOR.INVALID",platform::Uuid{{0x00,0x00,0x00,0x00,0x00,0x00,0x00,0x00,0x00,0x00,0x00,0x00,0x00,0x00,0x00,0x00}},0,platform::Uuid{{0x00,0x00,0x00,0x00,0x00,0x00,0x00,0x00,0x00,0x00,0x00,0x00,0x00,0x00,0x00,0x00}},0,platform::Uuid{{0x00,0x00,0x00,0x00,0x00,0x00,0x00,0x00,0x00,0x00,0x00,0x00,0x00,0x00,0x00,0x00}},0,"",false},
      DatatypePolicyIdentityV1{platform::Uuid{{0x00,0x00,0x00,0x00,0x00,0x00,0x00,0x00,0x00,0x00,0x00,0x00,0x00,0x00,0x00,0x00}},0},
      DatatypePolicyIdentityV1{platform::Uuid{{0x00,0x00,0x00,0x00,0x00,0x00,0x00,0x00,0x00,0x00,0x00,0x00,0x00,0x00,0x00,0x00}},0},
      DatatypePolicyIdentityV1{platform::Uuid{{0x00,0x00,0x00,0x00,0x00,0x00,0x00,0x00,0x00,0x00,0x00,0x00,0x00,0x00,0x00,0x00}},0},
      DatatypePolicyIdentityV1{platform::Uuid{{0x00,0x00,0x00,0x00,0x00,0x00,0x00,0x00,0x00,0x00,0x00,0x00,0x00,0x00,0x00,0x00}},0},
      DatatypePolicyIdentityV1{platform::Uuid{{0x00,0x00,0x00,0x00,0x00,0x00,0x00,0x00,0x00,0x00,0x00,0x00,0x00,0x00,0x00,0x00}},0}},
    DatatypeTypeCodecIdentityRowV3{
      DatatypeTypeCodecIdentityRowV1{platform::Uuid{{0x01,0x9d,0x00,0x00,0x00,0x00,0x70,0x00,0x80,0x00,0x00,0x00,0x00,0x00,0xd7,0x06}},6,6,platform::Uuid{{0x7c,0x00,0x00,0x00,0x75,0x69,0x7e,0x74,0xb1,0x32,0x38,0x00,0x00,0x00,0x00,0x00}},1,platform::Uuid{{0x01,0x9d,0x00,0x00,0x00,0x00,0x70,0x00,0x80,0x00,0x00,0x00,0x00,0x00,0xd8,0x0a}},1,"datatype.uint128.le.v1",1,1,16,true,"uint128",0,1,0,false,0,16,16,16,124,platform::Uuid{{0x01,0x9d,0x00,0x00,0x00,0x00,0x70,0x00,0x80,0x00,0x00,0x00,0x00,0x00,0xd8,0x0b}},false,false,"little_endian","unsigned_integer","",false,false,false,false,true,false,"DATATYPE.DESCRIPTOR.INVALID",platform::Uuid{{0x00,0x00,0x00,0x00,0x00,0x00,0x00,0x00,0x00,0x00,0x00,0x00,0x00,0x00,0x00,0x00}},0,platform::Uuid{{0x00,0x00,0x00,0x00,0x00,0x00,0x00,0x00,0x00,0x00,0x00,0x00,0x00,0x00,0x00,0x00}},0,platform::Uuid{{0x00,0x00,0x00,0x00,0x00,0x00,0x00,0x00,0x00,0x00,0x00,0x00,0x00,0x00,0x00,0x00}},0,"",false},
      DatatypePolicyIdentityV1{platform::Uuid{{0x00,0x00,0x00,0x00,0x00,0x00,0x00,0x00,0x00,0x00,0x00,0x00,0x00,0x00,0x00,0x00}},0},
      DatatypePolicyIdentityV1{platform::Uuid{{0x00,0x00,0x00,0x00,0x00,0x00,0x00,0x00,0x00,0x00,0x00,0x00,0x00,0x00,0x00,0x00}},0},
      DatatypePolicyIdentityV1{platform::Uuid{{0x00,0x00,0x00,0x00,0x00,0x00,0x00,0x00,0x00,0x00,0x00,0x00,0x00,0x00,0x00,0x00}},0},
      DatatypePolicyIdentityV1{platform::Uuid{{0x00,0x00,0x00,0x00,0x00,0x00,0x00,0x00,0x00,0x00,0x00,0x00,0x00,0x00,0x00,0x00}},0},
      DatatypePolicyIdentityV1{platform::Uuid{{0x00,0x00,0x00,0x00,0x00,0x00,0x00,0x00,0x00,0x00,0x00,0x00,0x00,0x00,0x00,0x00}},0}},
    DatatypeTypeCodecIdentityRowV3{
      DatatypeTypeCodecIdentityRowV1{platform::Uuid{{0x01,0x9d,0x00,0x00,0x00,0x00,0x70,0x00,0x80,0x00,0x00,0x00,0x00,0x00,0xd7,0x06}},6,6,platform::Uuid{{0x8a,0x00,0x00,0x00,0x62,0x66,0x7c,0x6f,0xa1,0x74,0x31,0x36,0x00,0x00,0x00,0x00}},1,platform::Uuid{{0x01,0x9d,0x00,0x00,0x00,0x00,0x70,0x00,0x80,0x00,0x00,0x00,0x00,0x00,0xd8,0x0c}},1,"datatype.bfloat16.ieee754.le.v1",1,1,2,true,"bfloat16",0,1,0,false,0,2,2,2,138,platform::Uuid{{0x01,0x9d,0x00,0x00,0x00,0x00,0x70,0x00,0x80,0x00,0x00,0x00,0x00,0x00,0xd8,0x0d}},false,false,"little_endian","bfloat16_bits","",false,false,false,false,true,false,"DATATYPE.DESCRIPTOR.INVALID",platform::Uuid{{0x00,0x00,0x00,0x00,0x00,0x00,0x00,0x00,0x00,0x00,0x00,0x00,0x00,0x00,0x00,0x00}},0,platform::Uuid{{0x00,0x00,0x00,0x00,0x00,0x00,0x00,0x00,0x00,0x00,0x00,0x00,0x00,0x00,0x00,0x00}},0,platform::Uuid{{0x00,0x00,0x00,0x00,0x00,0x00,0x00,0x00,0x00,0x00,0x00,0x00,0x00,0x00,0x00,0x00}},0,"",false},
      DatatypePolicyIdentityV1{platform::Uuid{{0x00,0x00,0x00,0x00,0x00,0x00,0x00,0x00,0x00,0x00,0x00,0x00,0x00,0x00,0x00,0x00}},0},
      DatatypePolicyIdentityV1{platform::Uuid{{0x00,0x00,0x00,0x00,0x00,0x00,0x00,0x00,0x00,0x00,0x00,0x00,0x00,0x00,0x00,0x00}},0},
      DatatypePolicyIdentityV1{platform::Uuid{{0x00,0x00,0x00,0x00,0x00,0x00,0x00,0x00,0x00,0x00,0x00,0x00,0x00,0x00,0x00,0x00}},0},
      DatatypePolicyIdentityV1{platform::Uuid{{0x00,0x00,0x00,0x00,0x00,0x00,0x00,0x00,0x00,0x00,0x00,0x00,0x00,0x00,0x00,0x00}},0},
      DatatypePolicyIdentityV1{platform::Uuid{{0x00,0x00,0x00,0x00,0x00,0x00,0x00,0x00,0x00,0x00,0x00,0x00,0x00,0x00,0x00,0x00}},0}},
    DatatypeTypeCodecIdentityRowV3{
      DatatypeTypeCodecIdentityRowV1{platform::Uuid{{0x01,0x9d,0x00,0x00,0x00,0x00,0x70,0x00,0x80,0x00,0x00,0x00,0x00,0x00,0xd7,0x06}},6,6,platform::Uuid{{0x8b,0x00,0x00,0x00,0x72,0x65,0x71,0x6c,0xb1,0x36,0x00,0x00,0x00,0x00,0x00,0x00}},1,platform::Uuid{{0x01,0x9d,0x00,0x00,0x00,0x00,0x70,0x00,0x80,0x00,0x00,0x00,0x00,0x00,0xd8,0x0e}},1,"datatype.real16.ieee754.le.v1",1,1,2,true,"real16",0,1,0,false,0,2,2,2,139,platform::Uuid{{0x01,0x9d,0x00,0x00,0x00,0x00,0x70,0x00,0x80,0x00,0x00,0x00,0x00,0x00,0xd8,0x0f}},false,false,"little_endian","IEEE754_binary16","",false,false,false,false,true,false,"DATATYPE.DESCRIPTOR.INVALID",platform::Uuid{{0x00,0x00,0x00,0x00,0x00,0x00,0x00,0x00,0x00,0x00,0x00,0x00,0x00,0x00,0x00,0x00}},0,platform::Uuid{{0x00,0x00,0x00,0x00,0x00,0x00,0x00,0x00,0x00,0x00,0x00,0x00,0x00,0x00,0x00,0x00}},0,platform::Uuid{{0x00,0x00,0x00,0x00,0x00,0x00,0x00,0x00,0x00,0x00,0x00,0x00,0x00,0x00,0x00,0x00}},0,"",false},
      DatatypePolicyIdentityV1{platform::Uuid{{0x00,0x00,0x00,0x00,0x00,0x00,0x00,0x00,0x00,0x00,0x00,0x00,0x00,0x00,0x00,0x00}},0},
      DatatypePolicyIdentityV1{platform::Uuid{{0x00,0x00,0x00,0x00,0x00,0x00,0x00,0x00,0x00,0x00,0x00,0x00,0x00,0x00,0x00,0x00}},0},
      DatatypePolicyIdentityV1{platform::Uuid{{0x00,0x00,0x00,0x00,0x00,0x00,0x00,0x00,0x00,0x00,0x00,0x00,0x00,0x00,0x00,0x00}},0},
      DatatypePolicyIdentityV1{platform::Uuid{{0x00,0x00,0x00,0x00,0x00,0x00,0x00,0x00,0x00,0x00,0x00,0x00,0x00,0x00,0x00,0x00}},0},
      DatatypePolicyIdentityV1{platform::Uuid{{0x00,0x00,0x00,0x00,0x00,0x00,0x00,0x00,0x00,0x00,0x00,0x00,0x00,0x00,0x00,0x00}},0}},
    DatatypeTypeCodecIdentityRowV3{
      DatatypeTypeCodecIdentityRowV1{platform::Uuid{{0x01,0x9d,0x00,0x00,0x00,0x00,0x70,0x00,0x80,0x00,0x00,0x00,0x00,0x00,0xd7,0x06}},6,6,platform::Uuid{{0x8c,0x00,0x00,0x00,0x72,0x65,0x71,0x6c,0xb3,0x32,0x00,0x00,0x00,0x00,0x00,0x00}},1,platform::Uuid{{0x01,0x9d,0x00,0x00,0x00,0x00,0x70,0x00,0x80,0x00,0x00,0x00,0x00,0x00,0xd8,0x10}},1,"datatype.real32.ieee754.le.v1",1,1,4,true,"real32",0,1,0,false,0,4,4,4,140,platform::Uuid{{0x01,0x9d,0x00,0x00,0x00,0x00,0x70,0x00,0x80,0x00,0x00,0x00,0x00,0x00,0xd8,0x11}},false,false,"little_endian","IEEE754_binary32","",false,false,false,false,true,false,"DATATYPE.DESCRIPTOR.INVALID",platform::Uuid{{0x00,0x00,0x00,0x00,0x00,0x00,0x00,0x00,0x00,0x00,0x00,0x00,0x00,0x00,0x00,0x00}},0,platform::Uuid{{0x00,0x00,0x00,0x00,0x00,0x00,0x00,0x00,0x00,0x00,0x00,0x00,0x00,0x00,0x00,0x00}},0,platform::Uuid{{0x00,0x00,0x00,0x00,0x00,0x00,0x00,0x00,0x00,0x00,0x00,0x00,0x00,0x00,0x00,0x00}},0,"",false},
      DatatypePolicyIdentityV1{platform::Uuid{{0x00,0x00,0x00,0x00,0x00,0x00,0x00,0x00,0x00,0x00,0x00,0x00,0x00,0x00,0x00,0x00}},0},
      DatatypePolicyIdentityV1{platform::Uuid{{0x00,0x00,0x00,0x00,0x00,0x00,0x00,0x00,0x00,0x00,0x00,0x00,0x00,0x00,0x00,0x00}},0},
      DatatypePolicyIdentityV1{platform::Uuid{{0x00,0x00,0x00,0x00,0x00,0x00,0x00,0x00,0x00,0x00,0x00,0x00,0x00,0x00,0x00,0x00}},0},
      DatatypePolicyIdentityV1{platform::Uuid{{0x00,0x00,0x00,0x00,0x00,0x00,0x00,0x00,0x00,0x00,0x00,0x00,0x00,0x00,0x00,0x00}},0},
      DatatypePolicyIdentityV1{platform::Uuid{{0x00,0x00,0x00,0x00,0x00,0x00,0x00,0x00,0x00,0x00,0x00,0x00,0x00,0x00,0x00,0x00}},0}},
    DatatypeTypeCodecIdentityRowV3{
      DatatypeTypeCodecIdentityRowV1{platform::Uuid{{0x01,0x9d,0x00,0x00,0x00,0x00,0x70,0x00,0x80,0x00,0x00,0x00,0x00,0x00,0xd7,0x06}},6,6,platform::Uuid{{0x8e,0x00,0x00,0x00,0x72,0x65,0x71,0x6c,0xb1,0x32,0x38,0x00,0x00,0x00,0x00,0x00}},1,platform::Uuid{{0x01,0x9d,0x00,0x00,0x00,0x00,0x70,0x00,0x80,0x00,0x00,0x00,0x00,0x00,0xd8,0x12}},1,"datatype.real128.ieee754.le.v1",1,1,16,true,"real128",0,1,0,false,0,16,16,16,142,platform::Uuid{{0x01,0x9d,0x00,0x00,0x00,0x00,0x70,0x00,0x80,0x00,0x00,0x00,0x00,0x00,0xd8,0x13}},false,false,"little_endian","IEEE754_binary128","",false,false,false,false,true,false,"DATATYPE.DESCRIPTOR.INVALID",platform::Uuid{{0x00,0x00,0x00,0x00,0x00,0x00,0x00,0x00,0x00,0x00,0x00,0x00,0x00,0x00,0x00,0x00}},0,platform::Uuid{{0x00,0x00,0x00,0x00,0x00,0x00,0x00,0x00,0x00,0x00,0x00,0x00,0x00,0x00,0x00,0x00}},0,platform::Uuid{{0x00,0x00,0x00,0x00,0x00,0x00,0x00,0x00,0x00,0x00,0x00,0x00,0x00,0x00,0x00,0x00}},0,"",false},
      DatatypePolicyIdentityV1{platform::Uuid{{0x00,0x00,0x00,0x00,0x00,0x00,0x00,0x00,0x00,0x00,0x00,0x00,0x00,0x00,0x00,0x00}},0},
      DatatypePolicyIdentityV1{platform::Uuid{{0x00,0x00,0x00,0x00,0x00,0x00,0x00,0x00,0x00,0x00,0x00,0x00,0x00,0x00,0x00,0x00}},0},
      DatatypePolicyIdentityV1{platform::Uuid{{0x00,0x00,0x00,0x00,0x00,0x00,0x00,0x00,0x00,0x00,0x00,0x00,0x00,0x00,0x00,0x00}},0},
      DatatypePolicyIdentityV1{platform::Uuid{{0x00,0x00,0x00,0x00,0x00,0x00,0x00,0x00,0x00,0x00,0x00,0x00,0x00,0x00,0x00,0x00}},0},
      DatatypePolicyIdentityV1{platform::Uuid{{0x00,0x00,0x00,0x00,0x00,0x00,0x00,0x00,0x00,0x00,0x00,0x00,0x00,0x00,0x00,0x00}},0}},
    DatatypeTypeCodecIdentityRowV3{
      DatatypeTypeCodecIdentityRowV1{platform::Uuid{{0x01,0x9d,0x00,0x00,0x00,0x00,0x70,0x00,0x80,0x00,0x00,0x00,0x00,0x00,0xd7,0x06}},6,6,platform::Uuid{{0xd2,0x00,0x00,0x00,0x69,0x70,0x7f,0x61,0xa4,0x64,0x72,0x65,0x73,0x73,0x00,0x00}},1,platform::Uuid{{0x01,0x9d,0x00,0x00,0x00,0x00,0x70,0x00,0x80,0x00,0x00,0x00,0x00,0x00,0xd8,0x14}},1,"datatype.ip_address.network.v1",1,1,16,true,"ip_address",0,1,0,false,0,16,16,16,210,platform::Uuid{{0x01,0x9d,0x00,0x00,0x00,0x00,0x70,0x00,0x80,0x00,0x00,0x00,0x00,0x00,0xd8,0x15}},false,false,"byte_sequence","IPv6_network_order_with_IPv4_mapped_prefix","",false,false,false,false,true,false,"DATATYPE.DESCRIPTOR.INVALID",platform::Uuid{{0x00,0x00,0x00,0x00,0x00,0x00,0x00,0x00,0x00,0x00,0x00,0x00,0x00,0x00,0x00,0x00}},0,platform::Uuid{{0x00,0x00,0x00,0x00,0x00,0x00,0x00,0x00,0x00,0x00,0x00,0x00,0x00,0x00,0x00,0x00}},0,platform::Uuid{{0x00,0x00,0x00,0x00,0x00,0x00,0x00,0x00,0x00,0x00,0x00,0x00,0x00,0x00,0x00,0x00}},0,"",false},
      DatatypePolicyIdentityV1{platform::Uuid{{0x00,0x00,0x00,0x00,0x00,0x00,0x00,0x00,0x00,0x00,0x00,0x00,0x00,0x00,0x00,0x00}},0},
      DatatypePolicyIdentityV1{platform::Uuid{{0x00,0x00,0x00,0x00,0x00,0x00,0x00,0x00,0x00,0x00,0x00,0x00,0x00,0x00,0x00,0x00}},0},
      DatatypePolicyIdentityV1{platform::Uuid{{0x00,0x00,0x00,0x00,0x00,0x00,0x00,0x00,0x00,0x00,0x00,0x00,0x00,0x00,0x00,0x00}},0},
      DatatypePolicyIdentityV1{platform::Uuid{{0x00,0x00,0x00,0x00,0x00,0x00,0x00,0x00,0x00,0x00,0x00,0x00,0x00,0x00,0x00,0x00}},0},
      DatatypePolicyIdentityV1{platform::Uuid{{0x00,0x00,0x00,0x00,0x00,0x00,0x00,0x00,0x00,0x00,0x00,0x00,0x00,0x00,0x00,0x00}},0}},
    DatatypeTypeCodecIdentityRowV3{
      DatatypeTypeCodecIdentityRowV1{platform::Uuid{{0x01,0x9d,0x00,0x00,0x00,0x00,0x70,0x00,0x80,0x00,0x00,0x00,0x00,0x00,0xd7,0x06}},6,6,platform::Uuid{{0xd3,0x00,0x00,0x00,0x07,0x1d,0x74,0x77,0xaf,0x72,0x6b,0x5f,0x70,0x72,0x65,0x66}},1,platform::Uuid{{0x01,0x9d,0x00,0x00,0x00,0x00,0x70,0x00,0x80,0x00,0x00,0x00,0x00,0x00,0xd8,0x16}},1,"datatype.network_prefix.network.v1",1,1,18,true,"network_prefix",0,1,0,false,0,18,18,18,211,platform::Uuid{{0x01,0x9d,0x00,0x00,0x00,0x00,0x70,0x00,0x80,0x00,0x00,0x00,0x00,0x00,0xd8,0x17}},false,false,"byte_sequence","address16_prefix_length_u8_address_family_u8","",false,false,false,false,true,false,"DATATYPE.DESCRIPTOR.INVALID",platform::Uuid{{0x00,0x00,0x00,0x00,0x00,0x00,0x00,0x00,0x00,0x00,0x00,0x00,0x00,0x00,0x00,0x00}},0,platform::Uuid{{0x00,0x00,0x00,0x00,0x00,0x00,0x00,0x00,0x00,0x00,0x00,0x00,0x00,0x00,0x00,0x00}},0,platform::Uuid{{0x00,0x00,0x00,0x00,0x00,0x00,0x00,0x00,0x00,0x00,0x00,0x00,0x00,0x00,0x00,0x00}},0,"",false},
      DatatypePolicyIdentityV1{platform::Uuid{{0x00,0x00,0x00,0x00,0x00,0x00,0x00,0x00,0x00,0x00,0x00,0x00,0x00,0x00,0x00,0x00}},0},
      DatatypePolicyIdentityV1{platform::Uuid{{0x00,0x00,0x00,0x00,0x00,0x00,0x00,0x00,0x00,0x00,0x00,0x00,0x00,0x00,0x00,0x00}},0},
      DatatypePolicyIdentityV1{platform::Uuid{{0x00,0x00,0x00,0x00,0x00,0x00,0x00,0x00,0x00,0x00,0x00,0x00,0x00,0x00,0x00,0x00}},0},
      DatatypePolicyIdentityV1{platform::Uuid{{0x00,0x00,0x00,0x00,0x00,0x00,0x00,0x00,0x00,0x00,0x00,0x00,0x00,0x00,0x00,0x00}},0},
      DatatypePolicyIdentityV1{platform::Uuid{{0x00,0x00,0x00,0x00,0x00,0x00,0x00,0x00,0x00,0x00,0x00,0x00,0x00,0x00,0x00,0x00}},0}},
    DatatypeTypeCodecIdentityRowV3{
      DatatypeTypeCodecIdentityRowV1{platform::Uuid{{0x01,0x9d,0x00,0x00,0x00,0x00,0x70,0x00,0x80,0x00,0x00,0x00,0x00,0x00,0xd7,0x06}},6,6,platform::Uuid{{0xd4,0x00,0x00,0x00,0x6d,0x61,0x73,0x5f,0xa1,0x64,0x64,0x72,0x65,0x73,0x73,0x00}},1,platform::Uuid{{0x01,0x9d,0x00,0x00,0x00,0x00,0x70,0x00,0x80,0x00,0x00,0x00,0x00,0x00,0xd8,0x18}},1,"datatype.mac_address.network.v1",1,1,8,true,"mac_address",0,1,0,false,0,8,8,8,212,platform::Uuid{{0x01,0x9d,0x00,0x00,0x00,0x00,0x70,0x00,0x80,0x00,0x00,0x00,0x00,0x00,0xd8,0x19}},false,false,"byte_sequence","eight_network_order_octets_six_octet_values_zero_extended","",false,false,false,false,true,false,"DATATYPE.DESCRIPTOR.INVALID",platform::Uuid{{0x00,0x00,0x00,0x00,0x00,0x00,0x00,0x00,0x00,0x00,0x00,0x00,0x00,0x00,0x00,0x00}},0,platform::Uuid{{0x00,0x00,0x00,0x00,0x00,0x00,0x00,0x00,0x00,0x00,0x00,0x00,0x00,0x00,0x00,0x00}},0,platform::Uuid{{0x00,0x00,0x00,0x00,0x00,0x00,0x00,0x00,0x00,0x00,0x00,0x00,0x00,0x00,0x00,0x00}},0,"",false},
      DatatypePolicyIdentityV1{platform::Uuid{{0x00,0x00,0x00,0x00,0x00,0x00,0x00,0x00,0x00,0x00,0x00,0x00,0x00,0x00,0x00,0x00}},0},
      DatatypePolicyIdentityV1{platform::Uuid{{0x00,0x00,0x00,0x00,0x00,0x00,0x00,0x00,0x00,0x00,0x00,0x00,0x00,0x00,0x00,0x00}},0},
      DatatypePolicyIdentityV1{platform::Uuid{{0x00,0x00,0x00,0x00,0x00,0x00,0x00,0x00,0x00,0x00,0x00,0x00,0x00,0x00,0x00,0x00}},0},
      DatatypePolicyIdentityV1{platform::Uuid{{0x00,0x00,0x00,0x00,0x00,0x00,0x00,0x00,0x00,0x00,0x00,0x00,0x00,0x00,0x00,0x00}},0},
      DatatypePolicyIdentityV1{platform::Uuid{{0x00,0x00,0x00,0x00,0x00,0x00,0x00,0x00,0x00,0x00,0x00,0x00,0x00,0x00,0x00,0x00}},0}},
    DatatypeTypeCodecIdentityRowV3{
      DatatypeTypeCodecIdentityRowV1{platform::Uuid{{0x01,0x9d,0x00,0x00,0x00,0x00,0x70,0x00,0x80,0x00,0x00,0x00,0x00,0x00,0xd7,0x06}},6,6,platform::Uuid{{0x6c,0x02,0x00,0x00,0x65,0x6e,0x75,0x6d,0x9f,0x76,0x61,0x6c,0x75,0x65,0x00,0x00}},1,platform::Uuid{{0x01,0x9d,0x00,0x00,0x00,0x00,0x70,0x00,0x80,0x00,0x00,0x00,0x00,0x00,0xd8,0x1a}},1,"datatype.enum_value.binary16.v1",1,1,16,true,"enum_value",0,1,0,false,0,16,16,16,620,platform::Uuid{{0x01,0x9d,0x00,0x00,0x00,0x00,0x70,0x00,0x80,0x00,0x00,0x00,0x00,0x00,0xd8,0x1b}},false,false,"byte_sequence","descriptor_bound_member_UUID_octets","",false,false,false,false,true,false,"DATATYPE.DESCRIPTOR.INVALID",platform::Uuid{{0x00,0x00,0x00,0x00,0x00,0x00,0x00,0x00,0x00,0x00,0x00,0x00,0x00,0x00,0x00,0x00}},0,platform::Uuid{{0x00,0x00,0x00,0x00,0x00,0x00,0x00,0x00,0x00,0x00,0x00,0x00,0x00,0x00,0x00,0x00}},0,platform::Uuid{{0x00,0x00,0x00,0x00,0x00,0x00,0x00,0x00,0x00,0x00,0x00,0x00,0x00,0x00,0x00,0x00}},0,"",false},
      DatatypePolicyIdentityV1{platform::Uuid{{0x00,0x00,0x00,0x00,0x00,0x00,0x00,0x00,0x00,0x00,0x00,0x00,0x00,0x00,0x00,0x00}},0},
      DatatypePolicyIdentityV1{platform::Uuid{{0x00,0x00,0x00,0x00,0x00,0x00,0x00,0x00,0x00,0x00,0x00,0x00,0x00,0x00,0x00,0x00}},0},
      DatatypePolicyIdentityV1{platform::Uuid{{0x00,0x00,0x00,0x00,0x00,0x00,0x00,0x00,0x00,0x00,0x00,0x00,0x00,0x00,0x00,0x00}},0},
      DatatypePolicyIdentityV1{platform::Uuid{{0x00,0x00,0x00,0x00,0x00,0x00,0x00,0x00,0x00,0x00,0x00,0x00,0x00,0x00,0x00,0x00}},0},
      DatatypePolicyIdentityV1{platform::Uuid{{0x00,0x00,0x00,0x00,0x00,0x00,0x00,0x00,0x00,0x00,0x00,0x00,0x00,0x00,0x00,0x00}},0}},
    DatatypeTypeCodecIdentityRowV3{
      DatatypeTypeCodecIdentityRowV1{platform::Uuid{{0x01,0x9d,0x00,0x00,0x00,0x00,0x70,0x00,0x80,0x00,0x00,0x00,0x00,0x00,0xd7,0x06}},6,6,platform::Uuid{{0x90,0x01,0x00,0x00,0x64,0x61,0x74,0x65,0x80,0x00,0x00,0x00,0x00,0x00,0x00,0x00}},1,platform::Uuid{{0x01,0x9d,0x00,0x00,0x00,0x00,0x70,0x00,0x80,0x00,0x00,0x00,0x00,0x00,0xd8,0x1c}},1,"datatype.date.days.le.v1",1,1,4,true,"date",0,1,0,false,0,4,4,4,400,platform::Uuid{{0x01,0x9d,0x00,0x00,0x00,0x00,0x70,0x00,0x80,0x00,0x00,0x00,0x00,0x00,0xd8,0x1d}},false,false,"little_endian","signed_i32_days_since_Unix_epoch","",false,false,false,false,true,false,"DATATYPE.DESCRIPTOR.INVALID",platform::Uuid{{0x00,0x00,0x00,0x00,0x00,0x00,0x00,0x00,0x00,0x00,0x00,0x00,0x00,0x00,0x00,0x00}},0,platform::Uuid{{0x00,0x00,0x00,0x00,0x00,0x00,0x00,0x00,0x00,0x00,0x00,0x00,0x00,0x00,0x00,0x00}},0,platform::Uuid{{0x00,0x00,0x00,0x00,0x00,0x00,0x00,0x00,0x00,0x00,0x00,0x00,0x00,0x00,0x00,0x00}},0,"",false},
      DatatypePolicyIdentityV1{platform::Uuid{{0x00,0x00,0x00,0x00,0x00,0x00,0x00,0x00,0x00,0x00,0x00,0x00,0x00,0x00,0x00,0x00}},0},
      DatatypePolicyIdentityV1{platform::Uuid{{0x00,0x00,0x00,0x00,0x00,0x00,0x00,0x00,0x00,0x00,0x00,0x00,0x00,0x00,0x00,0x00}},0},
      DatatypePolicyIdentityV1{platform::Uuid{{0x00,0x00,0x00,0x00,0x00,0x00,0x00,0x00,0x00,0x00,0x00,0x00,0x00,0x00,0x00,0x00}},0},
      DatatypePolicyIdentityV1{platform::Uuid{{0x00,0x00,0x00,0x00,0x00,0x00,0x00,0x00,0x00,0x00,0x00,0x00,0x00,0x00,0x00,0x00}},0},
      DatatypePolicyIdentityV1{platform::Uuid{{0x00,0x00,0x00,0x00,0x00,0x00,0x00,0x00,0x00,0x00,0x00,0x00,0x00,0x00,0x00,0x00}},0}},
    DatatypeTypeCodecIdentityRowV3{
      DatatypeTypeCodecIdentityRowV1{platform::Uuid{{0x01,0x9d,0x00,0x00,0x00,0x00,0x70,0x00,0x80,0x00,0x00,0x00,0x00,0x00,0xd7,0x06}},6,6,platform::Uuid{{0x91,0x01,0x00,0x00,0x74,0x69,0x7d,0x65,0x80,0x00,0x00,0x00,0x00,0x00,0x00,0x00}},1,platform::Uuid{{0x01,0x9d,0x00,0x00,0x00,0x00,0x70,0x00,0x80,0x00,0x00,0x00,0x00,0x00,0xd8,0x1e}},1,"datatype.time.nanos.le.v1",1,1,8,true,"time",0,1,0,false,0,8,8,8,401,platform::Uuid{{0x01,0x9d,0x00,0x00,0x00,0x00,0x70,0x00,0x80,0x00,0x00,0x00,0x00,0x00,0xd8,0x1f}},false,false,"little_endian","unsigned_u64_nanoseconds_since_midnight","",false,false,false,false,true,false,"DATATYPE.DESCRIPTOR.INVALID",platform::Uuid{{0x00,0x00,0x00,0x00,0x00,0x00,0x00,0x00,0x00,0x00,0x00,0x00,0x00,0x00,0x00,0x00}},0,platform::Uuid{{0x00,0x00,0x00,0x00,0x00,0x00,0x00,0x00,0x00,0x00,0x00,0x00,0x00,0x00,0x00,0x00}},0,platform::Uuid{{0x00,0x00,0x00,0x00,0x00,0x00,0x00,0x00,0x00,0x00,0x00,0x00,0x00,0x00,0x00,0x00}},0,"",false},
      DatatypePolicyIdentityV1{platform::Uuid{{0x00,0x00,0x00,0x00,0x00,0x00,0x00,0x00,0x00,0x00,0x00,0x00,0x00,0x00,0x00,0x00}},0},
      DatatypePolicyIdentityV1{platform::Uuid{{0x00,0x00,0x00,0x00,0x00,0x00,0x00,0x00,0x00,0x00,0x00,0x00,0x00,0x00,0x00,0x00}},0},
      DatatypePolicyIdentityV1{platform::Uuid{{0x00,0x00,0x00,0x00,0x00,0x00,0x00,0x00,0x00,0x00,0x00,0x00,0x00,0x00,0x00,0x00}},0},
      DatatypePolicyIdentityV1{platform::Uuid{{0x00,0x00,0x00,0x00,0x00,0x00,0x00,0x00,0x00,0x00,0x00,0x00,0x00,0x00,0x00,0x00}},0},
      DatatypePolicyIdentityV1{platform::Uuid{{0x00,0x00,0x00,0x00,0x00,0x00,0x00,0x00,0x00,0x00,0x00,0x00,0x00,0x00,0x00,0x00}},0}},
    DatatypeTypeCodecIdentityRowV3{
      DatatypeTypeCodecIdentityRowV1{platform::Uuid{{0x01,0x9d,0x00,0x00,0x00,0x00,0x70,0x00,0x80,0x00,0x00,0x00,0x00,0x00,0xd7,0x06}},6,6,platform::Uuid{{0x92,0x01,0x00,0x00,0x74,0x69,0x7d,0x65,0xb3,0x74,0x61,0x6d,0x70,0x00,0x00,0x00}},1,platform::Uuid{{0x01,0x9d,0x00,0x00,0x00,0x00,0x70,0x00,0x80,0x00,0x00,0x00,0x00,0x00,0xd8,0x20}},1,"datatype.timestamp.utc_tuple.le.v1",1,1,16,true,"timestamp",0,1,0,false,0,16,16,16,402,platform::Uuid{{0x01,0x9d,0x00,0x00,0x00,0x00,0x70,0x00,0x80,0x00,0x00,0x00,0x00,0x00,0xd8,0x21}},false,false,"little_endian","i64_Unix_seconds_u32_nanoseconds_u32_reserved_zero","",false,false,false,false,true,false,"DATATYPE.DESCRIPTOR.INVALID",platform::Uuid{{0x00,0x00,0x00,0x00,0x00,0x00,0x00,0x00,0x00,0x00,0x00,0x00,0x00,0x00,0x00,0x00}},0,platform::Uuid{{0x00,0x00,0x00,0x00,0x00,0x00,0x00,0x00,0x00,0x00,0x00,0x00,0x00,0x00,0x00,0x00}},0,platform::Uuid{{0x00,0x00,0x00,0x00,0x00,0x00,0x00,0x00,0x00,0x00,0x00,0x00,0x00,0x00,0x00,0x00}},0,"",false},
      DatatypePolicyIdentityV1{platform::Uuid{{0x00,0x00,0x00,0x00,0x00,0x00,0x00,0x00,0x00,0x00,0x00,0x00,0x00,0x00,0x00,0x00}},0},
      DatatypePolicyIdentityV1{platform::Uuid{{0x00,0x00,0x00,0x00,0x00,0x00,0x00,0x00,0x00,0x00,0x00,0x00,0x00,0x00,0x00,0x00}},0},
      DatatypePolicyIdentityV1{platform::Uuid{{0x00,0x00,0x00,0x00,0x00,0x00,0x00,0x00,0x00,0x00,0x00,0x00,0x00,0x00,0x00,0x00}},0},
      DatatypePolicyIdentityV1{platform::Uuid{{0x00,0x00,0x00,0x00,0x00,0x00,0x00,0x00,0x00,0x00,0x00,0x00,0x00,0x00,0x00,0x00}},0},
      DatatypePolicyIdentityV1{platform::Uuid{{0x00,0x00,0x00,0x00,0x00,0x00,0x00,0x00,0x00,0x00,0x00,0x00,0x00,0x00,0x00,0x00}},0}},
    DatatypeTypeCodecIdentityRowV3{
      DatatypeTypeCodecIdentityRowV1{platform::Uuid{{0x01,0x9d,0x00,0x00,0x00,0x00,0x70,0x00,0x80,0x00,0x00,0x00,0x00,0x00,0xd7,0x06}},6,6,platform::Uuid{{0x93,0x01,0x00,0x00,0x69,0x6e,0x74,0x65,0xb2,0x76,0x61,0x6c,0x00,0x00,0x00,0x00}},1,platform::Uuid{{0x01,0x9d,0x00,0x00,0x00,0x00,0x70,0x00,0x80,0x00,0x00,0x00,0x00,0x00,0xd8,0x22}},1,"datatype.interval.tuple.le.v1",1,1,16,true,"interval",0,1,0,false,0,16,16,16,403,platform::Uuid{{0x01,0x9d,0x00,0x00,0x00,0x00,0x70,0x00,0x80,0x00,0x00,0x00,0x00,0x00,0xd8,0x23}},false,false,"little_endian","i32_months_i32_days_i64_nanoseconds","",false,false,false,false,true,false,"DATATYPE.DESCRIPTOR.INVALID",platform::Uuid{{0x00,0x00,0x00,0x00,0x00,0x00,0x00,0x00,0x00,0x00,0x00,0x00,0x00,0x00,0x00,0x00}},0,platform::Uuid{{0x00,0x00,0x00,0x00,0x00,0x00,0x00,0x00,0x00,0x00,0x00,0x00,0x00,0x00,0x00,0x00}},0,platform::Uuid{{0x00,0x00,0x00,0x00,0x00,0x00,0x00,0x00,0x00,0x00,0x00,0x00,0x00,0x00,0x00,0x00}},0,"",false},
      DatatypePolicyIdentityV1{platform::Uuid{{0x00,0x00,0x00,0x00,0x00,0x00,0x00,0x00,0x00,0x00,0x00,0x00,0x00,0x00,0x00,0x00}},0},
      DatatypePolicyIdentityV1{platform::Uuid{{0x00,0x00,0x00,0x00,0x00,0x00,0x00,0x00,0x00,0x00,0x00,0x00,0x00,0x00,0x00,0x00}},0},
      DatatypePolicyIdentityV1{platform::Uuid{{0x00,0x00,0x00,0x00,0x00,0x00,0x00,0x00,0x00,0x00,0x00,0x00,0x00,0x00,0x00,0x00}},0},
      DatatypePolicyIdentityV1{platform::Uuid{{0x00,0x00,0x00,0x00,0x00,0x00,0x00,0x00,0x00,0x00,0x00,0x00,0x00,0x00,0x00,0x00}},0},
      DatatypePolicyIdentityV1{platform::Uuid{{0x00,0x00,0x00,0x00,0x00,0x00,0x00,0x00,0x00,0x00,0x00,0x00,0x00,0x00,0x00,0x00}},0}},
    DatatypeTypeCodecIdentityRowV3{
      DatatypeTypeCodecIdentityRowV1{platform::Uuid{{0x01,0x9d,0x00,0x00,0x00,0x00,0x70,0x00,0x80,0x00,0x00,0x00,0x00,0x00,0xd7,0x06}},6,6,platform::Uuid{{0xa1,0x00,0x00,0x00,0x10,0x65,0x73,0x69,0xad,0x61,0x6c,0x5f,0x66,0x6c,0x6f,0x61}},1,platform::Uuid{{0x01,0x9d,0x00,0x00,0x00,0x00,0x70,0x00,0x80,0x00,0x00,0x00,0x00,0x00,0xd8,0x24}},1,"datatype.decimal128.bid.le.v1",1,1,16,true,"decimal_float",0,1,0,false,0,16,16,16,161,platform::Uuid{{0x01,0x9d,0x00,0x00,0x00,0x00,0x70,0x00,0x80,0x00,0x00,0x00,0x00,0x00,0xd8,0x25}},false,false,"little_endian","IEEE754_decimal128_canonical_BID","",false,false,false,false,true,false,"DATATYPE.DESCRIPTOR.INVALID",platform::Uuid{{0x01,0x9d,0x00,0x00,0x00,0x00,0x70,0x00,0x80,0x00,0x00,0x00,0x00,0x00,0xd8,0x26}},1,platform::Uuid{{0x01,0x9d,0x00,0x00,0x00,0x00,0x70,0x00,0x80,0x00,0x00,0x00,0x00,0x00,0xd8,0x27}},1,platform::Uuid{{0x01,0x9d,0x00,0x00,0x00,0x00,0x70,0x00,0x80,0x00,0x00,0x00,0x00,0x00,0xd8,0x28}},1,"decimal128_numeric_total_nan_last_v1",true},
      DatatypePolicyIdentityV1{platform::Uuid{{0x00,0x00,0x00,0x00,0x00,0x00,0x00,0x00,0x00,0x00,0x00,0x00,0x00,0x00,0x00,0x00}},0},
      DatatypePolicyIdentityV1{platform::Uuid{{0x00,0x00,0x00,0x00,0x00,0x00,0x00,0x00,0x00,0x00,0x00,0x00,0x00,0x00,0x00,0x00}},0},
      DatatypePolicyIdentityV1{platform::Uuid{{0x00,0x00,0x00,0x00,0x00,0x00,0x00,0x00,0x00,0x00,0x00,0x00,0x00,0x00,0x00,0x00}},0},
      DatatypePolicyIdentityV1{platform::Uuid{{0x00,0x00,0x00,0x00,0x00,0x00,0x00,0x00,0x00,0x00,0x00,0x00,0x00,0x00,0x00,0x00}},0},
      DatatypePolicyIdentityV1{platform::Uuid{{0x00,0x00,0x00,0x00,0x00,0x00,0x00,0x00,0x00,0x00,0x00,0x00,0x00,0x00,0x00,0x00}},0}},
    CanonicalBitStringRowV6(),
    DatatypeTypeCodecIdentityRowV3{
      DatatypeTypeCodecIdentityRowV1{platform::Uuid{{0x01,0x9d,0x00,0x00,0x00,0x00,0x70,0x00,0x80,0x00,0x00,0x00,0x00,0x00,0xd7,0x07}},7,7,platform::Uuid{{0x01,0x9d,0x00,0x00,0x00,0x00,0x70,0x00,0x80,0x00,0x00,0x00,0x00,0x00,0xd7,0x16}},1,platform::Uuid{{0x01,0x9d,0x00,0x00,0x00,0x00,0x70,0x00,0x80,0x00,0x00,0x00,0x00,0x00,0xd7,0x17}},1,"datatype.int32.le.v1",1,1,4,true,"int32",2,1,2,true,2,4,4,4,102,platform::Uuid{{0x01,0xa1,0x01,0x0b,0x2e,0x51,0x7c,0x10,0xb9,0x0a,0xaf,0x9f,0x08,0xd9,0xcd,0x79}},false,false,"","","",false,false,false,false,false,false,"",platform::Uuid{{0x00,0x00,0x00,0x00,0x00,0x00,0x00,0x00,0x00,0x00,0x00,0x00,0x00,0x00,0x00,0x00}},0,platform::Uuid{{0x00,0x00,0x00,0x00,0x00,0x00,0x00,0x00,0x00,0x00,0x00,0x00,0x00,0x00,0x00,0x00}},0,platform::Uuid{{0x00,0x00,0x00,0x00,0x00,0x00,0x00,0x00,0x00,0x00,0x00,0x00,0x00,0x00,0x00,0x00}},0,"",false},
      DatatypePolicyIdentityV1{platform::Uuid{{0x00,0x00,0x00,0x00,0x00,0x00,0x00,0x00,0x00,0x00,0x00,0x00,0x00,0x00,0x00,0x00}},0},
      DatatypePolicyIdentityV1{platform::Uuid{{0x00,0x00,0x00,0x00,0x00,0x00,0x00,0x00,0x00,0x00,0x00,0x00,0x00,0x00,0x00,0x00}},0},
      DatatypePolicyIdentityV1{platform::Uuid{{0x00,0x00,0x00,0x00,0x00,0x00,0x00,0x00,0x00,0x00,0x00,0x00,0x00,0x00,0x00,0x00}},0},
      DatatypePolicyIdentityV1{platform::Uuid{{0x00,0x00,0x00,0x00,0x00,0x00,0x00,0x00,0x00,0x00,0x00,0x00,0x00,0x00,0x00,0x00}},0},
      DatatypePolicyIdentityV1{platform::Uuid{{0x00,0x00,0x00,0x00,0x00,0x00,0x00,0x00,0x00,0x00,0x00,0x00,0x00,0x00,0x00,0x00}},0}},
    DatatypeTypeCodecIdentityRowV3{
      DatatypeTypeCodecIdentityRowV1{platform::Uuid{{0x01,0x9d,0x00,0x00,0x00,0x00,0x70,0x00,0x80,0x00,0x00,0x00,0x00,0x00,0xd7,0x07}},7,7,platform::Uuid{{0x01,0x9d,0x00,0x00,0x00,0x00,0x70,0x00,0x80,0x00,0x00,0x00,0x00,0x00,0xd7,0x11}},1,platform::Uuid{{0x01,0x9d,0x00,0x00,0x00,0x00,0x70,0x00,0x80,0x00,0x00,0x00,0x00,0x00,0xd7,0x12}},1,"datatype.int64.le.v1",1,1,8,false,"bigint",3,2,2,true,2,8,8,8,103,platform::Uuid{{0x01,0xa1,0x01,0x0b,0x2e,0x52,0x79,0xa4,0x86,0x69,0xa9,0xa7,0xcb,0x89,0xbd,0x21}},false,false,"","","",false,false,false,false,false,false,"",platform::Uuid{{0x00,0x00,0x00,0x00,0x00,0x00,0x00,0x00,0x00,0x00,0x00,0x00,0x00,0x00,0x00,0x00}},0,platform::Uuid{{0x00,0x00,0x00,0x00,0x00,0x00,0x00,0x00,0x00,0x00,0x00,0x00,0x00,0x00,0x00,0x00}},0,platform::Uuid{{0x00,0x00,0x00,0x00,0x00,0x00,0x00,0x00,0x00,0x00,0x00,0x00,0x00,0x00,0x00,0x00}},0,"",false},
      DatatypePolicyIdentityV1{platform::Uuid{{0x00,0x00,0x00,0x00,0x00,0x00,0x00,0x00,0x00,0x00,0x00,0x00,0x00,0x00,0x00,0x00}},0},
      DatatypePolicyIdentityV1{platform::Uuid{{0x00,0x00,0x00,0x00,0x00,0x00,0x00,0x00,0x00,0x00,0x00,0x00,0x00,0x00,0x00,0x00}},0},
      DatatypePolicyIdentityV1{platform::Uuid{{0x00,0x00,0x00,0x00,0x00,0x00,0x00,0x00,0x00,0x00,0x00,0x00,0x00,0x00,0x00,0x00}},0},
      DatatypePolicyIdentityV1{platform::Uuid{{0x00,0x00,0x00,0x00,0x00,0x00,0x00,0x00,0x00,0x00,0x00,0x00,0x00,0x00,0x00,0x00}},0},
      DatatypePolicyIdentityV1{platform::Uuid{{0x00,0x00,0x00,0x00,0x00,0x00,0x00,0x00,0x00,0x00,0x00,0x00,0x00,0x00,0x00,0x00}},0}},
    DatatypeTypeCodecIdentityRowV3{
      DatatypeTypeCodecIdentityRowV1{platform::Uuid{{0x01,0x9d,0x00,0x00,0x00,0x00,0x70,0x00,0x80,0x00,0x00,0x00,0x00,0x00,0xd7,0x07}},7,7,platform::Uuid{{0xa0,0x00,0x00,0x00,0x64,0x65,0x73,0x69,0xad,0x61,0x6c,0x00,0x00,0x00,0x00,0x00}},1,platform::Uuid{{0x01,0x9d,0x00,0x00,0x00,0x00,0x70,0x00,0x80,0x00,0x00,0x00,0x00,0x00,0xd7,0x13}},1,"datatype.decimal.base1e9.le.v1",1,1,24,false,"decimal",4,2,2,true,3,24,24,24,160,platform::Uuid{{0x01,0xa1,0x01,0x0b,0x2e,0x54,0x77,0x7f,0x80,0x89,0xa8,0x07,0xf4,0x30,0x84,0xc2}},false,false,"","","",false,false,false,false,false,false,"",platform::Uuid{{0x00,0x00,0x00,0x00,0x00,0x00,0x00,0x00,0x00,0x00,0x00,0x00,0x00,0x00,0x00,0x00}},0,platform::Uuid{{0x00,0x00,0x00,0x00,0x00,0x00,0x00,0x00,0x00,0x00,0x00,0x00,0x00,0x00,0x00,0x00}},0,platform::Uuid{{0x00,0x00,0x00,0x00,0x00,0x00,0x00,0x00,0x00,0x00,0x00,0x00,0x00,0x00,0x00,0x00}},0,"",false},
      DatatypePolicyIdentityV1{platform::Uuid{{0x00,0x00,0x00,0x00,0x00,0x00,0x00,0x00,0x00,0x00,0x00,0x00,0x00,0x00,0x00,0x00}},0},
      DatatypePolicyIdentityV1{platform::Uuid{{0x00,0x00,0x00,0x00,0x00,0x00,0x00,0x00,0x00,0x00,0x00,0x00,0x00,0x00,0x00,0x00}},0},
      DatatypePolicyIdentityV1{platform::Uuid{{0x00,0x00,0x00,0x00,0x00,0x00,0x00,0x00,0x00,0x00,0x00,0x00,0x00,0x00,0x00,0x00}},0},
      DatatypePolicyIdentityV1{platform::Uuid{{0x00,0x00,0x00,0x00,0x00,0x00,0x00,0x00,0x00,0x00,0x00,0x00,0x00,0x00,0x00,0x00}},0},
      DatatypePolicyIdentityV1{platform::Uuid{{0x00,0x00,0x00,0x00,0x00,0x00,0x00,0x00,0x00,0x00,0x00,0x00,0x00,0x00,0x00,0x00}},0}},
    DatatypeTypeCodecIdentityRowV3{
      DatatypeTypeCodecIdentityRowV1{platform::Uuid{{0x01,0x9d,0x00,0x00,0x00,0x00,0x70,0x00,0x80,0x00,0x00,0x00,0x00,0x00,0xd7,0x07}},7,7,platform::Uuid{{0x01,0x9d,0x00,0x00,0x00,0x00,0x70,0x00,0x80,0x00,0x00,0x00,0x00,0x00,0xd7,0x14}},1,platform::Uuid{{0x01,0x9d,0x00,0x00,0x00,0x00,0x70,0x00,0x80,0x00,0x00,0x00,0x00,0x00,0xd7,0x15}},1,"datatype.int128.le.v1",1,1,16,true,"int128",5,1,2,true,2,16,16,16,104,platform::Uuid{{0x01,0xa1,0x01,0x0b,0x2e,0x53,0x7f,0xef,0xb6,0xfa,0x1d,0x93,0x00,0xcd,0x10,0xc8}},false,false,"","","",false,false,false,false,false,false,"",platform::Uuid{{0x00,0x00,0x00,0x00,0x00,0x00,0x00,0x00,0x00,0x00,0x00,0x00,0x00,0x00,0x00,0x00}},0,platform::Uuid{{0x00,0x00,0x00,0x00,0x00,0x00,0x00,0x00,0x00,0x00,0x00,0x00,0x00,0x00,0x00,0x00}},0,platform::Uuid{{0x00,0x00,0x00,0x00,0x00,0x00,0x00,0x00,0x00,0x00,0x00,0x00,0x00,0x00,0x00,0x00}},0,"",false},
      DatatypePolicyIdentityV1{platform::Uuid{{0x00,0x00,0x00,0x00,0x00,0x00,0x00,0x00,0x00,0x00,0x00,0x00,0x00,0x00,0x00,0x00}},0},
      DatatypePolicyIdentityV1{platform::Uuid{{0x00,0x00,0x00,0x00,0x00,0x00,0x00,0x00,0x00,0x00,0x00,0x00,0x00,0x00,0x00,0x00}},0},
      DatatypePolicyIdentityV1{platform::Uuid{{0x00,0x00,0x00,0x00,0x00,0x00,0x00,0x00,0x00,0x00,0x00,0x00,0x00,0x00,0x00,0x00}},0},
      DatatypePolicyIdentityV1{platform::Uuid{{0x00,0x00,0x00,0x00,0x00,0x00,0x00,0x00,0x00,0x00,0x00,0x00,0x00,0x00,0x00,0x00}},0},
      DatatypePolicyIdentityV1{platform::Uuid{{0x00,0x00,0x00,0x00,0x00,0x00,0x00,0x00,0x00,0x00,0x00,0x00,0x00,0x00,0x00,0x00}},0}},
    DatatypeTypeCodecIdentityRowV3{
      DatatypeTypeCodecIdentityRowV1{platform::Uuid{{0x01,0x9d,0x00,0x00,0x00,0x00,0x70,0x00,0x80,0x00,0x00,0x00,0x00,0x00,0xd7,0x07}},7,7,platform::Uuid{{0x01,0x00,0x00,0x00,0x62,0x6f,0x7f,0x6c,0xa5,0x61,0x6e,0x00,0x00,0x00,0x00,0x00}},1,platform::Uuid{{0x01,0x00,0x00,0x00,0x62,0x6f,0x7f,0x6c,0xa5,0x61,0x6e,0x00,0x00,0x00,0x00,0x00}},1,"datatype.boolean.u8.v1",1,1,1,true,"boolean",1,1,1,false,1,1,1,1,1,platform::Uuid{{0x01,0xa1,0x01,0x0b,0x2e,0x50,0x73,0xc3,0xbd,0xc8,0xca,0x82,0xfc,0x1f,0xae,0x5c}},false,false,"","","",false,false,false,false,false,false,"",platform::Uuid{{0x00,0x00,0x00,0x00,0x00,0x00,0x00,0x00,0x00,0x00,0x00,0x00,0x00,0x00,0x00,0x00}},0,platform::Uuid{{0x00,0x00,0x00,0x00,0x00,0x00,0x00,0x00,0x00,0x00,0x00,0x00,0x00,0x00,0x00,0x00}},0,platform::Uuid{{0x00,0x00,0x00,0x00,0x00,0x00,0x00,0x00,0x00,0x00,0x00,0x00,0x00,0x00,0x00,0x00}},0,"",false},
      DatatypePolicyIdentityV1{platform::Uuid{{0x00,0x00,0x00,0x00,0x00,0x00,0x00,0x00,0x00,0x00,0x00,0x00,0x00,0x00,0x00,0x00}},0},
      DatatypePolicyIdentityV1{platform::Uuid{{0x00,0x00,0x00,0x00,0x00,0x00,0x00,0x00,0x00,0x00,0x00,0x00,0x00,0x00,0x00,0x00}},0},
      DatatypePolicyIdentityV1{platform::Uuid{{0x00,0x00,0x00,0x00,0x00,0x00,0x00,0x00,0x00,0x00,0x00,0x00,0x00,0x00,0x00,0x00}},0},
      DatatypePolicyIdentityV1{platform::Uuid{{0x00,0x00,0x00,0x00,0x00,0x00,0x00,0x00,0x00,0x00,0x00,0x00,0x00,0x00,0x00,0x00}},0},
      DatatypePolicyIdentityV1{platform::Uuid{{0x00,0x00,0x00,0x00,0x00,0x00,0x00,0x00,0x00,0x00,0x00,0x00,0x00,0x00,0x00,0x00}},0}},
    DatatypeTypeCodecIdentityRowV3{
      DatatypeTypeCodecIdentityRowV1{platform::Uuid{{0x01,0x9d,0x00,0x00,0x00,0x00,0x70,0x00,0x80,0x00,0x00,0x00,0x00,0x00,0xd7,0x07}},7,7,platform::Uuid{{0x01,0x9d,0x00,0x00,0x00,0x00,0x70,0x00,0x80,0x00,0x00,0x00,0x00,0x00,0xd7,0x18}},1,platform::Uuid{{0x01,0x9d,0x00,0x00,0x00,0x00,0x70,0x00,0x80,0x00,0x00,0x00,0x00,0x00,0xd7,0x19}},1,"datatype.text.utf8.v1",1,1,0,true,"text",0,1,0,false,0,0,16777216,0,300,platform::Uuid{{0x01,0x9d,0x00,0x00,0x00,0x00,0x70,0x00,0x80,0x00,0x00,0x00,0x00,0x00,0xd7,0x1a}},true,true,"byte_sequence","exact_well_formed_UTF8_scalar_sequence_without_implicit_normalization","UTF-8",true,false,true,true,true,true,"CTB.TEXT.INVALID_ENCODING",platform::Uuid{{0x00,0x00,0x00,0x00,0x00,0x00,0x00,0x00,0x00,0x00,0x00,0x00,0x00,0x00,0x00,0x00}},0,platform::Uuid{{0x00,0x00,0x00,0x00,0x00,0x00,0x00,0x00,0x00,0x00,0x00,0x00,0x00,0x00,0x00,0x00}},0,platform::Uuid{{0x00,0x00,0x00,0x00,0x00,0x00,0x00,0x00,0x00,0x00,0x00,0x00,0x00,0x00,0x00,0x00}},0,"",false},
      DatatypePolicyIdentityV1{platform::Uuid{{0x00,0x00,0x00,0x00,0x00,0x00,0x00,0x00,0x00,0x00,0x00,0x00,0x00,0x00,0x00,0x00}},0},
      DatatypePolicyIdentityV1{platform::Uuid{{0x00,0x00,0x00,0x00,0x00,0x00,0x00,0x00,0x00,0x00,0x00,0x00,0x00,0x00,0x00,0x00}},0},
      DatatypePolicyIdentityV1{platform::Uuid{{0x00,0x00,0x00,0x00,0x00,0x00,0x00,0x00,0x00,0x00,0x00,0x00,0x00,0x00,0x00,0x00}},0},
      DatatypePolicyIdentityV1{platform::Uuid{{0x00,0x00,0x00,0x00,0x00,0x00,0x00,0x00,0x00,0x00,0x00,0x00,0x00,0x00,0x00,0x00}},0},
      DatatypePolicyIdentityV1{platform::Uuid{{0x00,0x00,0x00,0x00,0x00,0x00,0x00,0x00,0x00,0x00,0x00,0x00,0x00,0x00,0x00,0x00}},0}},
    DatatypeTypeCodecIdentityRowV3{
      DatatypeTypeCodecIdentityRowV1{platform::Uuid{{0x01,0x9d,0x00,0x00,0x00,0x00,0x70,0x00,0x80,0x00,0x00,0x00,0x00,0x00,0xd7,0x07}},7,7,platform::Uuid{{0x01,0x9d,0x00,0x00,0x00,0x00,0x70,0x00,0x80,0x00,0x00,0x00,0x00,0x00,0xd7,0x31}},1,platform::Uuid{{0x01,0x9d,0x00,0x00,0x00,0x00,0x70,0x00,0x80,0x00,0x00,0x00,0x00,0x00,0xd7,0x32}},1,"datatype.real64.ieee754.le.v1",1,1,8,true,"real64",0,1,0,false,0,8,8,8,141,platform::Uuid{{0x01,0x9d,0x00,0x00,0x00,0x00,0x70,0x00,0x80,0x00,0x00,0x00,0x00,0x00,0xd7,0x33}},false,false,"little_endian","IEEE754_binary64","",false,false,false,false,true,false,"DATATYPE.DESCRIPTOR.INVALID",platform::Uuid{{0x00,0x00,0x00,0x00,0x00,0x00,0x00,0x00,0x00,0x00,0x00,0x00,0x00,0x00,0x00,0x00}},0,platform::Uuid{{0x00,0x00,0x00,0x00,0x00,0x00,0x00,0x00,0x00,0x00,0x00,0x00,0x00,0x00,0x00,0x00}},0,platform::Uuid{{0x00,0x00,0x00,0x00,0x00,0x00,0x00,0x00,0x00,0x00,0x00,0x00,0x00,0x00,0x00,0x00}},0,"",false},
      DatatypePolicyIdentityV1{platform::Uuid{{0x00,0x00,0x00,0x00,0x00,0x00,0x00,0x00,0x00,0x00,0x00,0x00,0x00,0x00,0x00,0x00}},0},
      DatatypePolicyIdentityV1{platform::Uuid{{0x00,0x00,0x00,0x00,0x00,0x00,0x00,0x00,0x00,0x00,0x00,0x00,0x00,0x00,0x00,0x00}},0},
      DatatypePolicyIdentityV1{platform::Uuid{{0x00,0x00,0x00,0x00,0x00,0x00,0x00,0x00,0x00,0x00,0x00,0x00,0x00,0x00,0x00,0x00}},0},
      DatatypePolicyIdentityV1{platform::Uuid{{0x00,0x00,0x00,0x00,0x00,0x00,0x00,0x00,0x00,0x00,0x00,0x00,0x00,0x00,0x00,0x00}},0},
      DatatypePolicyIdentityV1{platform::Uuid{{0x00,0x00,0x00,0x00,0x00,0x00,0x00,0x00,0x00,0x00,0x00,0x00,0x00,0x00,0x00,0x00}},0}},
    DatatypeTypeCodecIdentityRowV3{
      DatatypeTypeCodecIdentityRowV1{platform::Uuid{{0x01,0x9d,0x00,0x00,0x00,0x00,0x70,0x00,0x80,0x00,0x00,0x00,0x00,0x00,0xd7,0x07}},7,7,platform::Uuid{{0x01,0x9d,0x00,0x00,0x00,0x00,0x70,0x00,0x80,0x00,0x00,0x00,0x00,0x00,0xd7,0x34}},1,platform::Uuid{{0x01,0x9d,0x00,0x00,0x00,0x00,0x70,0x00,0x80,0x00,0x00,0x00,0x00,0x00,0xd7,0x35}},1,"datatype.uuid.binary16.v1",1,1,16,true,"uuid",0,1,0,false,0,16,16,16,200,platform::Uuid{{0x01,0x9d,0x00,0x00,0x00,0x00,0x70,0x00,0x80,0x00,0x00,0x00,0x00,0x00,0xd7,0x36}},false,false,"byte_sequence","sixteen_UUID_value_octets_without_text_conversion","",false,false,false,false,true,false,"DATATYPE.DESCRIPTOR.INVALID",platform::Uuid{{0x00,0x00,0x00,0x00,0x00,0x00,0x00,0x00,0x00,0x00,0x00,0x00,0x00,0x00,0x00,0x00}},0,platform::Uuid{{0x00,0x00,0x00,0x00,0x00,0x00,0x00,0x00,0x00,0x00,0x00,0x00,0x00,0x00,0x00,0x00}},0,platform::Uuid{{0x00,0x00,0x00,0x00,0x00,0x00,0x00,0x00,0x00,0x00,0x00,0x00,0x00,0x00,0x00,0x00}},0,"",false},
      DatatypePolicyIdentityV1{platform::Uuid{{0x00,0x00,0x00,0x00,0x00,0x00,0x00,0x00,0x00,0x00,0x00,0x00,0x00,0x00,0x00,0x00}},0},
      DatatypePolicyIdentityV1{platform::Uuid{{0x00,0x00,0x00,0x00,0x00,0x00,0x00,0x00,0x00,0x00,0x00,0x00,0x00,0x00,0x00,0x00}},0},
      DatatypePolicyIdentityV1{platform::Uuid{{0x00,0x00,0x00,0x00,0x00,0x00,0x00,0x00,0x00,0x00,0x00,0x00,0x00,0x00,0x00,0x00}},0},
      DatatypePolicyIdentityV1{platform::Uuid{{0x00,0x00,0x00,0x00,0x00,0x00,0x00,0x00,0x00,0x00,0x00,0x00,0x00,0x00,0x00,0x00}},0},
      DatatypePolicyIdentityV1{platform::Uuid{{0x00,0x00,0x00,0x00,0x00,0x00,0x00,0x00,0x00,0x00,0x00,0x00,0x00,0x00,0x00,0x00}},0}},
    DatatypeTypeCodecIdentityRowV3{
      DatatypeTypeCodecIdentityRowV1{platform::Uuid{{0x01,0x9d,0x00,0x00,0x00,0x00,0x70,0x00,0x80,0x00,0x00,0x00,0x00,0x00,0xd7,0x07}},7,7,platform::Uuid{{0x01,0x9d,0x00,0x00,0x00,0x00,0x70,0x00,0x80,0x00,0x00,0x00,0x00,0x00,0xd7,0x37}},1,platform::Uuid{{0x01,0x9d,0x00,0x00,0x00,0x00,0x70,0x00,0x80,0x00,0x00,0x00,0x00,0x00,0xd7,0x38}},1,"datatype.geometry.sbp1.v1",1,1,0,true,"geometry",0,1,0,false,0,24,24,0,680,platform::Uuid{{0x01,0x9d,0x00,0x00,0x00,0x00,0x70,0x00,0x80,0x00,0x00,0x00,0x00,0x00,0xd7,0x39}},true,true,"byte_sequence","SBP1_finite_2D_point_big_endian_coordinates","",false,false,false,false,true,true,"DATATYPE.DESCRIPTOR.INVALID",platform::Uuid{{0x00,0x00,0x00,0x00,0x00,0x00,0x00,0x00,0x00,0x00,0x00,0x00,0x00,0x00,0x00,0x00}},0,platform::Uuid{{0x00,0x00,0x00,0x00,0x00,0x00,0x00,0x00,0x00,0x00,0x00,0x00,0x00,0x00,0x00,0x00}},0,platform::Uuid{{0x00,0x00,0x00,0x00,0x00,0x00,0x00,0x00,0x00,0x00,0x00,0x00,0x00,0x00,0x00,0x00}},0,"",false},
      DatatypePolicyIdentityV1{platform::Uuid{{0x00,0x00,0x00,0x00,0x00,0x00,0x00,0x00,0x00,0x00,0x00,0x00,0x00,0x00,0x00,0x00}},0},
      DatatypePolicyIdentityV1{platform::Uuid{{0x00,0x00,0x00,0x00,0x00,0x00,0x00,0x00,0x00,0x00,0x00,0x00,0x00,0x00,0x00,0x00}},0},
      DatatypePolicyIdentityV1{platform::Uuid{{0x00,0x00,0x00,0x00,0x00,0x00,0x00,0x00,0x00,0x00,0x00,0x00,0x00,0x00,0x00,0x00}},0},
      DatatypePolicyIdentityV1{platform::Uuid{{0x00,0x00,0x00,0x00,0x00,0x00,0x00,0x00,0x00,0x00,0x00,0x00,0x00,0x00,0x00,0x00}},0},
      DatatypePolicyIdentityV1{platform::Uuid{{0x00,0x00,0x00,0x00,0x00,0x00,0x00,0x00,0x00,0x00,0x00,0x00,0x00,0x00,0x00,0x00}},0}},
    DatatypeTypeCodecIdentityRowV3{
      DatatypeTypeCodecIdentityRowV1{platform::Uuid{{0x01,0x9d,0x00,0x00,0x00,0x00,0x70,0x00,0x80,0x00,0x00,0x00,0x00,0x00,0xd7,0x07}},7,7,platform::Uuid{{0x01,0x9d,0x00,0x00,0x00,0x00,0x70,0x00,0x80,0x00,0x00,0x00,0x00,0x00,0xd7,0x3a}},1,platform::Uuid{{0x01,0x9d,0x00,0x00,0x00,0x00,0x70,0x00,0x80,0x00,0x00,0x00,0x00,0x00,0xd7,0x3b}},1,"datatype.uint64.le.v1",1,1,8,true,"uint64",0,1,0,false,0,8,8,8,123,platform::Uuid{{0x01,0x9d,0x00,0x00,0x00,0x00,0x70,0x00,0x80,0x00,0x00,0x00,0x00,0x00,0xd7,0x3c}},false,false,"little_endian","unsigned_64_bit_integer","",false,false,false,false,true,false,"DATATYPE.DESCRIPTOR.INVALID",platform::Uuid{{0x00,0x00,0x00,0x00,0x00,0x00,0x00,0x00,0x00,0x00,0x00,0x00,0x00,0x00,0x00,0x00}},0,platform::Uuid{{0x00,0x00,0x00,0x00,0x00,0x00,0x00,0x00,0x00,0x00,0x00,0x00,0x00,0x00,0x00,0x00}},0,platform::Uuid{{0x00,0x00,0x00,0x00,0x00,0x00,0x00,0x00,0x00,0x00,0x00,0x00,0x00,0x00,0x00,0x00}},0,"",false},
      DatatypePolicyIdentityV1{platform::Uuid{{0x00,0x00,0x00,0x00,0x00,0x00,0x00,0x00,0x00,0x00,0x00,0x00,0x00,0x00,0x00,0x00}},0},
      DatatypePolicyIdentityV1{platform::Uuid{{0x00,0x00,0x00,0x00,0x00,0x00,0x00,0x00,0x00,0x00,0x00,0x00,0x00,0x00,0x00,0x00}},0},
      DatatypePolicyIdentityV1{platform::Uuid{{0x00,0x00,0x00,0x00,0x00,0x00,0x00,0x00,0x00,0x00,0x00,0x00,0x00,0x00,0x00,0x00}},0},
      DatatypePolicyIdentityV1{platform::Uuid{{0x00,0x00,0x00,0x00,0x00,0x00,0x00,0x00,0x00,0x00,0x00,0x00,0x00,0x00,0x00,0x00}},0},
      DatatypePolicyIdentityV1{platform::Uuid{{0x00,0x00,0x00,0x00,0x00,0x00,0x00,0x00,0x00,0x00,0x00,0x00,0x00,0x00,0x00,0x00}},0}},
    DatatypeTypeCodecIdentityRowV3{
      DatatypeTypeCodecIdentityRowV1{platform::Uuid{{0x01,0x9d,0x00,0x00,0x00,0x00,0x70,0x00,0x80,0x00,0x00,0x00,0x00,0x00,0xd7,0x07}},7,7,platform::Uuid{{0x01,0x9d,0x00,0x00,0x00,0x00,0x70,0x00,0x80,0x00,0x00,0x00,0x00,0x00,0xd7,0x3d}},1,platform::Uuid{{0x01,0x9d,0x00,0x00,0x00,0x00,0x70,0x00,0x80,0x00,0x00,0x00,0x00,0x00,0xd7,0x3e}},1,"datatype.json.utf8.v1",1,1,0,true,"json_document",0,1,0,false,0,1,16777216,0,601,platform::Uuid{{0x01,0x9d,0x00,0x00,0x00,0x00,0x70,0x00,0x80,0x00,0x00,0x00,0x00,0x00,0xd7,0x3f}},true,true,"byte_sequence","well_formed_UTF8_JSON_document","",false,false,false,false,true,true,"DATATYPE.DESCRIPTOR.INVALID",platform::Uuid{{0x00,0x00,0x00,0x00,0x00,0x00,0x00,0x00,0x00,0x00,0x00,0x00,0x00,0x00,0x00,0x00}},0,platform::Uuid{{0x00,0x00,0x00,0x00,0x00,0x00,0x00,0x00,0x00,0x00,0x00,0x00,0x00,0x00,0x00,0x00}},0,platform::Uuid{{0x00,0x00,0x00,0x00,0x00,0x00,0x00,0x00,0x00,0x00,0x00,0x00,0x00,0x00,0x00,0x00}},0,"",false},
      DatatypePolicyIdentityV1{platform::Uuid{{0x00,0x00,0x00,0x00,0x00,0x00,0x00,0x00,0x00,0x00,0x00,0x00,0x00,0x00,0x00,0x00}},0},
      DatatypePolicyIdentityV1{platform::Uuid{{0x00,0x00,0x00,0x00,0x00,0x00,0x00,0x00,0x00,0x00,0x00,0x00,0x00,0x00,0x00,0x00}},0},
      DatatypePolicyIdentityV1{platform::Uuid{{0x00,0x00,0x00,0x00,0x00,0x00,0x00,0x00,0x00,0x00,0x00,0x00,0x00,0x00,0x00,0x00}},0},
      DatatypePolicyIdentityV1{platform::Uuid{{0x00,0x00,0x00,0x00,0x00,0x00,0x00,0x00,0x00,0x00,0x00,0x00,0x00,0x00,0x00,0x00}},0},
      DatatypePolicyIdentityV1{platform::Uuid{{0x00,0x00,0x00,0x00,0x00,0x00,0x00,0x00,0x00,0x00,0x00,0x00,0x00,0x00,0x00,0x00}},0}},
    DatatypeTypeCodecIdentityRowV3{
      DatatypeTypeCodecIdentityRowV1{platform::Uuid{{0x01,0x9d,0x00,0x00,0x00,0x00,0x70,0x00,0x80,0x00,0x00,0x00,0x00,0x00,0xd7,0x07}},7,7,platform::Uuid{{0x01,0x9d,0x00,0x00,0x00,0x00,0x70,0x00,0x80,0x00,0x00,0x00,0x00,0x00,0xd7,0x40}},1,platform::Uuid{{0x01,0x9d,0x00,0x00,0x00,0x00,0x70,0x00,0x80,0x00,0x00,0x00,0x00,0x00,0xd7,0x41}},1,"datatype.list.text.framed.v1",1,1,0,true,"list",0,1,0,false,0,12,16777216,0,623,platform::Uuid{{0x01,0x9d,0x00,0x00,0x00,0x00,0x70,0x00,0x80,0x00,0x00,0x00,0x00,0x00,0xd7,0x42}},true,true,"byte_sequence","nullable_TEXT_list_SBTL0001","",false,false,false,false,true,true,"DATATYPE.DESCRIPTOR.INVALID",platform::Uuid{{0x00,0x00,0x00,0x00,0x00,0x00,0x00,0x00,0x00,0x00,0x00,0x00,0x00,0x00,0x00,0x00}},0,platform::Uuid{{0x00,0x00,0x00,0x00,0x00,0x00,0x00,0x00,0x00,0x00,0x00,0x00,0x00,0x00,0x00,0x00}},0,platform::Uuid{{0x00,0x00,0x00,0x00,0x00,0x00,0x00,0x00,0x00,0x00,0x00,0x00,0x00,0x00,0x00,0x00}},0,"",false},
      DatatypePolicyIdentityV1{platform::Uuid{{0x00,0x00,0x00,0x00,0x00,0x00,0x00,0x00,0x00,0x00,0x00,0x00,0x00,0x00,0x00,0x00}},0},
      DatatypePolicyIdentityV1{platform::Uuid{{0x00,0x00,0x00,0x00,0x00,0x00,0x00,0x00,0x00,0x00,0x00,0x00,0x00,0x00,0x00,0x00}},0},
      DatatypePolicyIdentityV1{platform::Uuid{{0x00,0x00,0x00,0x00,0x00,0x00,0x00,0x00,0x00,0x00,0x00,0x00,0x00,0x00,0x00,0x00}},0},
      DatatypePolicyIdentityV1{platform::Uuid{{0x00,0x00,0x00,0x00,0x00,0x00,0x00,0x00,0x00,0x00,0x00,0x00,0x00,0x00,0x00,0x00}},0},
      DatatypePolicyIdentityV1{platform::Uuid{{0x00,0x00,0x00,0x00,0x00,0x00,0x00,0x00,0x00,0x00,0x00,0x00,0x00,0x00,0x00,0x00}},0}},
    DatatypeTypeCodecIdentityRowV3{
      DatatypeTypeCodecIdentityRowV1{platform::Uuid{{0x01,0x9d,0x00,0x00,0x00,0x00,0x70,0x00,0x80,0x00,0x00,0x00,0x00,0x00,0xd7,0x07}},7,7,platform::Uuid{{0x2d,0x01,0x00,0x00,0x62,0x69,0x7e,0x61,0xb2,0x79,0x00,0x00,0x00,0x00,0x00,0x00}},1,platform::Uuid{{0x01,0x9d,0x00,0x00,0x00,0x00,0x70,0x00,0x80,0x00,0x00,0x00,0x00,0x00,0xd7,0x43}},1,"datatype.binary.octets.v1",1,1,0,true,"binary",0,1,0,false,0,0,16777216,0,301,platform::Uuid{{0x01,0x9d,0x00,0x00,0x00,0x00,0x70,0x00,0x80,0x00,0x00,0x00,0x00,0x00,0xd7,0x44}},true,true,"byte_sequence","exact_octets_without_text_conversion","",false,false,false,true,true,true,"DATATYPE.DESCRIPTOR.INVALID",platform::Uuid{{0x00,0x00,0x00,0x00,0x00,0x00,0x00,0x00,0x00,0x00,0x00,0x00,0x00,0x00,0x00,0x00}},0,platform::Uuid{{0x00,0x00,0x00,0x00,0x00,0x00,0x00,0x00,0x00,0x00,0x00,0x00,0x00,0x00,0x00,0x00}},0,platform::Uuid{{0x00,0x00,0x00,0x00,0x00,0x00,0x00,0x00,0x00,0x00,0x00,0x00,0x00,0x00,0x00,0x00}},0,"",false},
      DatatypePolicyIdentityV1{platform::Uuid{{0x01,0xa0,0xfe,0xa5,0x8a,0x12,0x7d,0xa5,0x9d,0x9d,0x83,0x9b,0xc8,0x1b,0x09,0xca}},1},
      DatatypePolicyIdentityV1{platform::Uuid{{0x01,0xa0,0xfe,0xa5,0x8a,0x12,0x74,0x66,0x9a,0xdb,0xe2,0x54,0x64,0xc6,0x5b,0x6a}},1},
      DatatypePolicyIdentityV1{platform::Uuid{{0x01,0xa0,0xfe,0xa5,0x8a,0x12,0x70,0x73,0xa5,0xb7,0x32,0x60,0x6c,0xd0,0x91,0xe6}},1},
      DatatypePolicyIdentityV1{platform::Uuid{{0x01,0xa0,0xfe,0xa5,0x8a,0x12,0x73,0x7b,0xa4,0x82,0xe6,0x96,0xfe,0x71,0x41,0xf8}},1},
      DatatypePolicyIdentityV1{platform::Uuid{{0x00,0x00,0x00,0x00,0x00,0x00,0x00,0x00,0x00,0x00,0x00,0x00,0x00,0x00,0x00,0x00}},0}},
    DatatypeTypeCodecIdentityRowV3{
      DatatypeTypeCodecIdentityRowV1{platform::Uuid{{0x01,0x9d,0x00,0x00,0x00,0x00,0x70,0x00,0x80,0x00,0x00,0x00,0x00,0x00,0xd7,0x07}},7,7,platform::Uuid{{0x64,0x00,0x00,0x00,0x69,0x6e,0x74,0x38,0x80,0x00,0x00,0x00,0x00,0x00,0x00,0x00}},1,platform::Uuid{{0x01,0x9d,0x00,0x00,0x00,0x00,0x70,0x00,0x80,0x00,0x00,0x00,0x00,0x00,0xd8,0x00}},1,"datatype.int8.le.v1",1,1,1,true,"int8",0,1,0,false,0,1,1,1,100,platform::Uuid{{0x01,0x9d,0x00,0x00,0x00,0x00,0x70,0x00,0x80,0x00,0x00,0x00,0x00,0x00,0xd8,0x01}},false,false,"little_endian","twos_complement_integer","",false,false,false,false,true,false,"DATATYPE.DESCRIPTOR.INVALID",platform::Uuid{{0x00,0x00,0x00,0x00,0x00,0x00,0x00,0x00,0x00,0x00,0x00,0x00,0x00,0x00,0x00,0x00}},0,platform::Uuid{{0x00,0x00,0x00,0x00,0x00,0x00,0x00,0x00,0x00,0x00,0x00,0x00,0x00,0x00,0x00,0x00}},0,platform::Uuid{{0x00,0x00,0x00,0x00,0x00,0x00,0x00,0x00,0x00,0x00,0x00,0x00,0x00,0x00,0x00,0x00}},0,"",false},
      DatatypePolicyIdentityV1{platform::Uuid{{0x00,0x00,0x00,0x00,0x00,0x00,0x00,0x00,0x00,0x00,0x00,0x00,0x00,0x00,0x00,0x00}},0},
      DatatypePolicyIdentityV1{platform::Uuid{{0x00,0x00,0x00,0x00,0x00,0x00,0x00,0x00,0x00,0x00,0x00,0x00,0x00,0x00,0x00,0x00}},0},
      DatatypePolicyIdentityV1{platform::Uuid{{0x00,0x00,0x00,0x00,0x00,0x00,0x00,0x00,0x00,0x00,0x00,0x00,0x00,0x00,0x00,0x00}},0},
      DatatypePolicyIdentityV1{platform::Uuid{{0x00,0x00,0x00,0x00,0x00,0x00,0x00,0x00,0x00,0x00,0x00,0x00,0x00,0x00,0x00,0x00}},0},
      DatatypePolicyIdentityV1{platform::Uuid{{0x00,0x00,0x00,0x00,0x00,0x00,0x00,0x00,0x00,0x00,0x00,0x00,0x00,0x00,0x00,0x00}},0}},
    DatatypeTypeCodecIdentityRowV3{
      DatatypeTypeCodecIdentityRowV1{platform::Uuid{{0x01,0x9d,0x00,0x00,0x00,0x00,0x70,0x00,0x80,0x00,0x00,0x00,0x00,0x00,0xd7,0x07}},7,7,platform::Uuid{{0x65,0x00,0x00,0x00,0x69,0x6e,0x74,0x31,0xb6,0x00,0x00,0x00,0x00,0x00,0x00,0x00}},1,platform::Uuid{{0x01,0x9d,0x00,0x00,0x00,0x00,0x70,0x00,0x80,0x00,0x00,0x00,0x00,0x00,0xd8,0x02}},1,"datatype.int16.le.v1",1,1,2,true,"int16",0,1,0,false,0,2,2,2,101,platform::Uuid{{0x01,0x9d,0x00,0x00,0x00,0x00,0x70,0x00,0x80,0x00,0x00,0x00,0x00,0x00,0xd8,0x03}},false,false,"little_endian","twos_complement_integer","",false,false,false,false,true,false,"DATATYPE.DESCRIPTOR.INVALID",platform::Uuid{{0x00,0x00,0x00,0x00,0x00,0x00,0x00,0x00,0x00,0x00,0x00,0x00,0x00,0x00,0x00,0x00}},0,platform::Uuid{{0x00,0x00,0x00,0x00,0x00,0x00,0x00,0x00,0x00,0x00,0x00,0x00,0x00,0x00,0x00,0x00}},0,platform::Uuid{{0x00,0x00,0x00,0x00,0x00,0x00,0x00,0x00,0x00,0x00,0x00,0x00,0x00,0x00,0x00,0x00}},0,"",false},
      DatatypePolicyIdentityV1{platform::Uuid{{0x00,0x00,0x00,0x00,0x00,0x00,0x00,0x00,0x00,0x00,0x00,0x00,0x00,0x00,0x00,0x00}},0},
      DatatypePolicyIdentityV1{platform::Uuid{{0x00,0x00,0x00,0x00,0x00,0x00,0x00,0x00,0x00,0x00,0x00,0x00,0x00,0x00,0x00,0x00}},0},
      DatatypePolicyIdentityV1{platform::Uuid{{0x00,0x00,0x00,0x00,0x00,0x00,0x00,0x00,0x00,0x00,0x00,0x00,0x00,0x00,0x00,0x00}},0},
      DatatypePolicyIdentityV1{platform::Uuid{{0x00,0x00,0x00,0x00,0x00,0x00,0x00,0x00,0x00,0x00,0x00,0x00,0x00,0x00,0x00,0x00}},0},
      DatatypePolicyIdentityV1{platform::Uuid{{0x00,0x00,0x00,0x00,0x00,0x00,0x00,0x00,0x00,0x00,0x00,0x00,0x00,0x00,0x00,0x00}},0}},
    DatatypeTypeCodecIdentityRowV3{
      DatatypeTypeCodecIdentityRowV1{platform::Uuid{{0x01,0x9d,0x00,0x00,0x00,0x00,0x70,0x00,0x80,0x00,0x00,0x00,0x00,0x00,0xd7,0x07}},7,7,platform::Uuid{{0x78,0x00,0x00,0x00,0x75,0x69,0x7e,0x74,0xb8,0x00,0x00,0x00,0x00,0x00,0x00,0x00}},1,platform::Uuid{{0x01,0x9d,0x00,0x00,0x00,0x00,0x70,0x00,0x80,0x00,0x00,0x00,0x00,0x00,0xd8,0x04}},1,"datatype.uint8.le.v1",1,1,1,true,"uint8",0,1,0,false,0,1,1,1,120,platform::Uuid{{0x01,0x9d,0x00,0x00,0x00,0x00,0x70,0x00,0x80,0x00,0x00,0x00,0x00,0x00,0xd8,0x05}},false,false,"little_endian","unsigned_integer","",false,false,false,false,true,false,"DATATYPE.DESCRIPTOR.INVALID",platform::Uuid{{0x00,0x00,0x00,0x00,0x00,0x00,0x00,0x00,0x00,0x00,0x00,0x00,0x00,0x00,0x00,0x00}},0,platform::Uuid{{0x00,0x00,0x00,0x00,0x00,0x00,0x00,0x00,0x00,0x00,0x00,0x00,0x00,0x00,0x00,0x00}},0,platform::Uuid{{0x00,0x00,0x00,0x00,0x00,0x00,0x00,0x00,0x00,0x00,0x00,0x00,0x00,0x00,0x00,0x00}},0,"",false},
      DatatypePolicyIdentityV1{platform::Uuid{{0x00,0x00,0x00,0x00,0x00,0x00,0x00,0x00,0x00,0x00,0x00,0x00,0x00,0x00,0x00,0x00}},0},
      DatatypePolicyIdentityV1{platform::Uuid{{0x00,0x00,0x00,0x00,0x00,0x00,0x00,0x00,0x00,0x00,0x00,0x00,0x00,0x00,0x00,0x00}},0},
      DatatypePolicyIdentityV1{platform::Uuid{{0x00,0x00,0x00,0x00,0x00,0x00,0x00,0x00,0x00,0x00,0x00,0x00,0x00,0x00,0x00,0x00}},0},
      DatatypePolicyIdentityV1{platform::Uuid{{0x00,0x00,0x00,0x00,0x00,0x00,0x00,0x00,0x00,0x00,0x00,0x00,0x00,0x00,0x00,0x00}},0},
      DatatypePolicyIdentityV1{platform::Uuid{{0x00,0x00,0x00,0x00,0x00,0x00,0x00,0x00,0x00,0x00,0x00,0x00,0x00,0x00,0x00,0x00}},0}},
    DatatypeTypeCodecIdentityRowV3{
      DatatypeTypeCodecIdentityRowV1{platform::Uuid{{0x01,0x9d,0x00,0x00,0x00,0x00,0x70,0x00,0x80,0x00,0x00,0x00,0x00,0x00,0xd7,0x07}},7,7,platform::Uuid{{0x79,0x00,0x00,0x00,0x75,0x69,0x7e,0x74,0xb1,0x36,0x00,0x00,0x00,0x00,0x00,0x00}},1,platform::Uuid{{0x01,0x9d,0x00,0x00,0x00,0x00,0x70,0x00,0x80,0x00,0x00,0x00,0x00,0x00,0xd8,0x06}},1,"datatype.uint16.le.v1",1,1,2,true,"uint16",0,1,0,false,0,2,2,2,121,platform::Uuid{{0x01,0x9d,0x00,0x00,0x00,0x00,0x70,0x00,0x80,0x00,0x00,0x00,0x00,0x00,0xd8,0x07}},false,false,"little_endian","unsigned_integer","",false,false,false,false,true,false,"DATATYPE.DESCRIPTOR.INVALID",platform::Uuid{{0x00,0x00,0x00,0x00,0x00,0x00,0x00,0x00,0x00,0x00,0x00,0x00,0x00,0x00,0x00,0x00}},0,platform::Uuid{{0x00,0x00,0x00,0x00,0x00,0x00,0x00,0x00,0x00,0x00,0x00,0x00,0x00,0x00,0x00,0x00}},0,platform::Uuid{{0x00,0x00,0x00,0x00,0x00,0x00,0x00,0x00,0x00,0x00,0x00,0x00,0x00,0x00,0x00,0x00}},0,"",false},
      DatatypePolicyIdentityV1{platform::Uuid{{0x00,0x00,0x00,0x00,0x00,0x00,0x00,0x00,0x00,0x00,0x00,0x00,0x00,0x00,0x00,0x00}},0},
      DatatypePolicyIdentityV1{platform::Uuid{{0x00,0x00,0x00,0x00,0x00,0x00,0x00,0x00,0x00,0x00,0x00,0x00,0x00,0x00,0x00,0x00}},0},
      DatatypePolicyIdentityV1{platform::Uuid{{0x00,0x00,0x00,0x00,0x00,0x00,0x00,0x00,0x00,0x00,0x00,0x00,0x00,0x00,0x00,0x00}},0},
      DatatypePolicyIdentityV1{platform::Uuid{{0x00,0x00,0x00,0x00,0x00,0x00,0x00,0x00,0x00,0x00,0x00,0x00,0x00,0x00,0x00,0x00}},0},
      DatatypePolicyIdentityV1{platform::Uuid{{0x00,0x00,0x00,0x00,0x00,0x00,0x00,0x00,0x00,0x00,0x00,0x00,0x00,0x00,0x00,0x00}},0}},
    DatatypeTypeCodecIdentityRowV3{
      DatatypeTypeCodecIdentityRowV1{platform::Uuid{{0x01,0x9d,0x00,0x00,0x00,0x00,0x70,0x00,0x80,0x00,0x00,0x00,0x00,0x00,0xd7,0x07}},7,7,platform::Uuid{{0x7a,0x00,0x00,0x00,0x75,0x69,0x7e,0x74,0xb3,0x32,0x00,0x00,0x00,0x00,0x00,0x00}},1,platform::Uuid{{0x01,0x9d,0x00,0x00,0x00,0x00,0x70,0x00,0x80,0x00,0x00,0x00,0x00,0x00,0xd8,0x08}},1,"datatype.uint32.le.v1",1,1,4,true,"uint32",0,1,0,false,0,4,4,4,122,platform::Uuid{{0x01,0x9d,0x00,0x00,0x00,0x00,0x70,0x00,0x80,0x00,0x00,0x00,0x00,0x00,0xd8,0x09}},false,false,"little_endian","unsigned_integer","",false,false,false,false,true,false,"DATATYPE.DESCRIPTOR.INVALID",platform::Uuid{{0x00,0x00,0x00,0x00,0x00,0x00,0x00,0x00,0x00,0x00,0x00,0x00,0x00,0x00,0x00,0x00}},0,platform::Uuid{{0x00,0x00,0x00,0x00,0x00,0x00,0x00,0x00,0x00,0x00,0x00,0x00,0x00,0x00,0x00,0x00}},0,platform::Uuid{{0x00,0x00,0x00,0x00,0x00,0x00,0x00,0x00,0x00,0x00,0x00,0x00,0x00,0x00,0x00,0x00}},0,"",false},
      DatatypePolicyIdentityV1{platform::Uuid{{0x00,0x00,0x00,0x00,0x00,0x00,0x00,0x00,0x00,0x00,0x00,0x00,0x00,0x00,0x00,0x00}},0},
      DatatypePolicyIdentityV1{platform::Uuid{{0x00,0x00,0x00,0x00,0x00,0x00,0x00,0x00,0x00,0x00,0x00,0x00,0x00,0x00,0x00,0x00}},0},
      DatatypePolicyIdentityV1{platform::Uuid{{0x00,0x00,0x00,0x00,0x00,0x00,0x00,0x00,0x00,0x00,0x00,0x00,0x00,0x00,0x00,0x00}},0},
      DatatypePolicyIdentityV1{platform::Uuid{{0x00,0x00,0x00,0x00,0x00,0x00,0x00,0x00,0x00,0x00,0x00,0x00,0x00,0x00,0x00,0x00}},0},
      DatatypePolicyIdentityV1{platform::Uuid{{0x00,0x00,0x00,0x00,0x00,0x00,0x00,0x00,0x00,0x00,0x00,0x00,0x00,0x00,0x00,0x00}},0}},
    DatatypeTypeCodecIdentityRowV3{
      DatatypeTypeCodecIdentityRowV1{platform::Uuid{{0x01,0x9d,0x00,0x00,0x00,0x00,0x70,0x00,0x80,0x00,0x00,0x00,0x00,0x00,0xd7,0x07}},7,7,platform::Uuid{{0x7c,0x00,0x00,0x00,0x75,0x69,0x7e,0x74,0xb1,0x32,0x38,0x00,0x00,0x00,0x00,0x00}},1,platform::Uuid{{0x01,0x9d,0x00,0x00,0x00,0x00,0x70,0x00,0x80,0x00,0x00,0x00,0x00,0x00,0xd8,0x0a}},1,"datatype.uint128.le.v1",1,1,16,true,"uint128",0,1,0,false,0,16,16,16,124,platform::Uuid{{0x01,0x9d,0x00,0x00,0x00,0x00,0x70,0x00,0x80,0x00,0x00,0x00,0x00,0x00,0xd8,0x0b}},false,false,"little_endian","unsigned_integer","",false,false,false,false,true,false,"DATATYPE.DESCRIPTOR.INVALID",platform::Uuid{{0x00,0x00,0x00,0x00,0x00,0x00,0x00,0x00,0x00,0x00,0x00,0x00,0x00,0x00,0x00,0x00}},0,platform::Uuid{{0x00,0x00,0x00,0x00,0x00,0x00,0x00,0x00,0x00,0x00,0x00,0x00,0x00,0x00,0x00,0x00}},0,platform::Uuid{{0x00,0x00,0x00,0x00,0x00,0x00,0x00,0x00,0x00,0x00,0x00,0x00,0x00,0x00,0x00,0x00}},0,"",false},
      DatatypePolicyIdentityV1{platform::Uuid{{0x00,0x00,0x00,0x00,0x00,0x00,0x00,0x00,0x00,0x00,0x00,0x00,0x00,0x00,0x00,0x00}},0},
      DatatypePolicyIdentityV1{platform::Uuid{{0x00,0x00,0x00,0x00,0x00,0x00,0x00,0x00,0x00,0x00,0x00,0x00,0x00,0x00,0x00,0x00}},0},
      DatatypePolicyIdentityV1{platform::Uuid{{0x00,0x00,0x00,0x00,0x00,0x00,0x00,0x00,0x00,0x00,0x00,0x00,0x00,0x00,0x00,0x00}},0},
      DatatypePolicyIdentityV1{platform::Uuid{{0x00,0x00,0x00,0x00,0x00,0x00,0x00,0x00,0x00,0x00,0x00,0x00,0x00,0x00,0x00,0x00}},0},
      DatatypePolicyIdentityV1{platform::Uuid{{0x00,0x00,0x00,0x00,0x00,0x00,0x00,0x00,0x00,0x00,0x00,0x00,0x00,0x00,0x00,0x00}},0}},
    DatatypeTypeCodecIdentityRowV3{
      DatatypeTypeCodecIdentityRowV1{platform::Uuid{{0x01,0x9d,0x00,0x00,0x00,0x00,0x70,0x00,0x80,0x00,0x00,0x00,0x00,0x00,0xd7,0x07}},7,7,platform::Uuid{{0x8a,0x00,0x00,0x00,0x62,0x66,0x7c,0x6f,0xa1,0x74,0x31,0x36,0x00,0x00,0x00,0x00}},1,platform::Uuid{{0x01,0x9d,0x00,0x00,0x00,0x00,0x70,0x00,0x80,0x00,0x00,0x00,0x00,0x00,0xd8,0x0c}},1,"datatype.bfloat16.ieee754.le.v1",1,1,2,true,"bfloat16",0,1,0,false,0,2,2,2,138,platform::Uuid{{0x01,0x9d,0x00,0x00,0x00,0x00,0x70,0x00,0x80,0x00,0x00,0x00,0x00,0x00,0xd8,0x0d}},false,false,"little_endian","bfloat16_bits","",false,false,false,false,true,false,"DATATYPE.DESCRIPTOR.INVALID",platform::Uuid{{0x00,0x00,0x00,0x00,0x00,0x00,0x00,0x00,0x00,0x00,0x00,0x00,0x00,0x00,0x00,0x00}},0,platform::Uuid{{0x00,0x00,0x00,0x00,0x00,0x00,0x00,0x00,0x00,0x00,0x00,0x00,0x00,0x00,0x00,0x00}},0,platform::Uuid{{0x00,0x00,0x00,0x00,0x00,0x00,0x00,0x00,0x00,0x00,0x00,0x00,0x00,0x00,0x00,0x00}},0,"",false},
      DatatypePolicyIdentityV1{platform::Uuid{{0x00,0x00,0x00,0x00,0x00,0x00,0x00,0x00,0x00,0x00,0x00,0x00,0x00,0x00,0x00,0x00}},0},
      DatatypePolicyIdentityV1{platform::Uuid{{0x00,0x00,0x00,0x00,0x00,0x00,0x00,0x00,0x00,0x00,0x00,0x00,0x00,0x00,0x00,0x00}},0},
      DatatypePolicyIdentityV1{platform::Uuid{{0x00,0x00,0x00,0x00,0x00,0x00,0x00,0x00,0x00,0x00,0x00,0x00,0x00,0x00,0x00,0x00}},0},
      DatatypePolicyIdentityV1{platform::Uuid{{0x00,0x00,0x00,0x00,0x00,0x00,0x00,0x00,0x00,0x00,0x00,0x00,0x00,0x00,0x00,0x00}},0},
      DatatypePolicyIdentityV1{platform::Uuid{{0x00,0x00,0x00,0x00,0x00,0x00,0x00,0x00,0x00,0x00,0x00,0x00,0x00,0x00,0x00,0x00}},0}},
    DatatypeTypeCodecIdentityRowV3{
      DatatypeTypeCodecIdentityRowV1{platform::Uuid{{0x01,0x9d,0x00,0x00,0x00,0x00,0x70,0x00,0x80,0x00,0x00,0x00,0x00,0x00,0xd7,0x07}},7,7,platform::Uuid{{0x8b,0x00,0x00,0x00,0x72,0x65,0x71,0x6c,0xb1,0x36,0x00,0x00,0x00,0x00,0x00,0x00}},1,platform::Uuid{{0x01,0x9d,0x00,0x00,0x00,0x00,0x70,0x00,0x80,0x00,0x00,0x00,0x00,0x00,0xd8,0x0e}},1,"datatype.real16.ieee754.le.v1",1,1,2,true,"real16",0,1,0,false,0,2,2,2,139,platform::Uuid{{0x01,0x9d,0x00,0x00,0x00,0x00,0x70,0x00,0x80,0x00,0x00,0x00,0x00,0x00,0xd8,0x0f}},false,false,"little_endian","IEEE754_binary16","",false,false,false,false,true,false,"DATATYPE.DESCRIPTOR.INVALID",platform::Uuid{{0x00,0x00,0x00,0x00,0x00,0x00,0x00,0x00,0x00,0x00,0x00,0x00,0x00,0x00,0x00,0x00}},0,platform::Uuid{{0x00,0x00,0x00,0x00,0x00,0x00,0x00,0x00,0x00,0x00,0x00,0x00,0x00,0x00,0x00,0x00}},0,platform::Uuid{{0x00,0x00,0x00,0x00,0x00,0x00,0x00,0x00,0x00,0x00,0x00,0x00,0x00,0x00,0x00,0x00}},0,"",false},
      DatatypePolicyIdentityV1{platform::Uuid{{0x00,0x00,0x00,0x00,0x00,0x00,0x00,0x00,0x00,0x00,0x00,0x00,0x00,0x00,0x00,0x00}},0},
      DatatypePolicyIdentityV1{platform::Uuid{{0x00,0x00,0x00,0x00,0x00,0x00,0x00,0x00,0x00,0x00,0x00,0x00,0x00,0x00,0x00,0x00}},0},
      DatatypePolicyIdentityV1{platform::Uuid{{0x00,0x00,0x00,0x00,0x00,0x00,0x00,0x00,0x00,0x00,0x00,0x00,0x00,0x00,0x00,0x00}},0},
      DatatypePolicyIdentityV1{platform::Uuid{{0x00,0x00,0x00,0x00,0x00,0x00,0x00,0x00,0x00,0x00,0x00,0x00,0x00,0x00,0x00,0x00}},0},
      DatatypePolicyIdentityV1{platform::Uuid{{0x00,0x00,0x00,0x00,0x00,0x00,0x00,0x00,0x00,0x00,0x00,0x00,0x00,0x00,0x00,0x00}},0}},
    DatatypeTypeCodecIdentityRowV3{
      DatatypeTypeCodecIdentityRowV1{platform::Uuid{{0x01,0x9d,0x00,0x00,0x00,0x00,0x70,0x00,0x80,0x00,0x00,0x00,0x00,0x00,0xd7,0x07}},7,7,platform::Uuid{{0x8c,0x00,0x00,0x00,0x72,0x65,0x71,0x6c,0xb3,0x32,0x00,0x00,0x00,0x00,0x00,0x00}},1,platform::Uuid{{0x01,0x9d,0x00,0x00,0x00,0x00,0x70,0x00,0x80,0x00,0x00,0x00,0x00,0x00,0xd8,0x10}},1,"datatype.real32.ieee754.le.v1",1,1,4,true,"real32",0,1,0,false,0,4,4,4,140,platform::Uuid{{0x01,0x9d,0x00,0x00,0x00,0x00,0x70,0x00,0x80,0x00,0x00,0x00,0x00,0x00,0xd8,0x11}},false,false,"little_endian","IEEE754_binary32","",false,false,false,false,true,false,"DATATYPE.DESCRIPTOR.INVALID",platform::Uuid{{0x00,0x00,0x00,0x00,0x00,0x00,0x00,0x00,0x00,0x00,0x00,0x00,0x00,0x00,0x00,0x00}},0,platform::Uuid{{0x00,0x00,0x00,0x00,0x00,0x00,0x00,0x00,0x00,0x00,0x00,0x00,0x00,0x00,0x00,0x00}},0,platform::Uuid{{0x00,0x00,0x00,0x00,0x00,0x00,0x00,0x00,0x00,0x00,0x00,0x00,0x00,0x00,0x00,0x00}},0,"",false},
      DatatypePolicyIdentityV1{platform::Uuid{{0x00,0x00,0x00,0x00,0x00,0x00,0x00,0x00,0x00,0x00,0x00,0x00,0x00,0x00,0x00,0x00}},0},
      DatatypePolicyIdentityV1{platform::Uuid{{0x00,0x00,0x00,0x00,0x00,0x00,0x00,0x00,0x00,0x00,0x00,0x00,0x00,0x00,0x00,0x00}},0},
      DatatypePolicyIdentityV1{platform::Uuid{{0x00,0x00,0x00,0x00,0x00,0x00,0x00,0x00,0x00,0x00,0x00,0x00,0x00,0x00,0x00,0x00}},0},
      DatatypePolicyIdentityV1{platform::Uuid{{0x00,0x00,0x00,0x00,0x00,0x00,0x00,0x00,0x00,0x00,0x00,0x00,0x00,0x00,0x00,0x00}},0},
      DatatypePolicyIdentityV1{platform::Uuid{{0x00,0x00,0x00,0x00,0x00,0x00,0x00,0x00,0x00,0x00,0x00,0x00,0x00,0x00,0x00,0x00}},0}},
    DatatypeTypeCodecIdentityRowV3{
      DatatypeTypeCodecIdentityRowV1{platform::Uuid{{0x01,0x9d,0x00,0x00,0x00,0x00,0x70,0x00,0x80,0x00,0x00,0x00,0x00,0x00,0xd7,0x07}},7,7,platform::Uuid{{0x8e,0x00,0x00,0x00,0x72,0x65,0x71,0x6c,0xb1,0x32,0x38,0x00,0x00,0x00,0x00,0x00}},1,platform::Uuid{{0x01,0x9d,0x00,0x00,0x00,0x00,0x70,0x00,0x80,0x00,0x00,0x00,0x00,0x00,0xd8,0x12}},1,"datatype.real128.ieee754.le.v1",1,1,16,true,"real128",0,1,0,false,0,16,16,16,142,platform::Uuid{{0x01,0x9d,0x00,0x00,0x00,0x00,0x70,0x00,0x80,0x00,0x00,0x00,0x00,0x00,0xd8,0x13}},false,false,"little_endian","IEEE754_binary128","",false,false,false,false,true,false,"DATATYPE.DESCRIPTOR.INVALID",platform::Uuid{{0x00,0x00,0x00,0x00,0x00,0x00,0x00,0x00,0x00,0x00,0x00,0x00,0x00,0x00,0x00,0x00}},0,platform::Uuid{{0x00,0x00,0x00,0x00,0x00,0x00,0x00,0x00,0x00,0x00,0x00,0x00,0x00,0x00,0x00,0x00}},0,platform::Uuid{{0x00,0x00,0x00,0x00,0x00,0x00,0x00,0x00,0x00,0x00,0x00,0x00,0x00,0x00,0x00,0x00}},0,"",false},
      DatatypePolicyIdentityV1{platform::Uuid{{0x00,0x00,0x00,0x00,0x00,0x00,0x00,0x00,0x00,0x00,0x00,0x00,0x00,0x00,0x00,0x00}},0},
      DatatypePolicyIdentityV1{platform::Uuid{{0x00,0x00,0x00,0x00,0x00,0x00,0x00,0x00,0x00,0x00,0x00,0x00,0x00,0x00,0x00,0x00}},0},
      DatatypePolicyIdentityV1{platform::Uuid{{0x00,0x00,0x00,0x00,0x00,0x00,0x00,0x00,0x00,0x00,0x00,0x00,0x00,0x00,0x00,0x00}},0},
      DatatypePolicyIdentityV1{platform::Uuid{{0x00,0x00,0x00,0x00,0x00,0x00,0x00,0x00,0x00,0x00,0x00,0x00,0x00,0x00,0x00,0x00}},0},
      DatatypePolicyIdentityV1{platform::Uuid{{0x00,0x00,0x00,0x00,0x00,0x00,0x00,0x00,0x00,0x00,0x00,0x00,0x00,0x00,0x00,0x00}},0}},
    DatatypeTypeCodecIdentityRowV3{
      DatatypeTypeCodecIdentityRowV1{platform::Uuid{{0x01,0x9d,0x00,0x00,0x00,0x00,0x70,0x00,0x80,0x00,0x00,0x00,0x00,0x00,0xd7,0x07}},7,7,platform::Uuid{{0xd2,0x00,0x00,0x00,0x69,0x70,0x7f,0x61,0xa4,0x64,0x72,0x65,0x73,0x73,0x00,0x00}},1,platform::Uuid{{0x01,0x9d,0x00,0x00,0x00,0x00,0x70,0x00,0x80,0x00,0x00,0x00,0x00,0x00,0xd8,0x14}},1,"datatype.ip_address.network.v1",1,1,16,true,"ip_address",0,1,0,false,0,16,16,16,210,platform::Uuid{{0x01,0x9d,0x00,0x00,0x00,0x00,0x70,0x00,0x80,0x00,0x00,0x00,0x00,0x00,0xd8,0x15}},false,false,"byte_sequence","IPv6_network_order_with_IPv4_mapped_prefix","",false,false,false,false,true,false,"DATATYPE.DESCRIPTOR.INVALID",platform::Uuid{{0x00,0x00,0x00,0x00,0x00,0x00,0x00,0x00,0x00,0x00,0x00,0x00,0x00,0x00,0x00,0x00}},0,platform::Uuid{{0x00,0x00,0x00,0x00,0x00,0x00,0x00,0x00,0x00,0x00,0x00,0x00,0x00,0x00,0x00,0x00}},0,platform::Uuid{{0x00,0x00,0x00,0x00,0x00,0x00,0x00,0x00,0x00,0x00,0x00,0x00,0x00,0x00,0x00,0x00}},0,"",false},
      DatatypePolicyIdentityV1{platform::Uuid{{0x00,0x00,0x00,0x00,0x00,0x00,0x00,0x00,0x00,0x00,0x00,0x00,0x00,0x00,0x00,0x00}},0},
      DatatypePolicyIdentityV1{platform::Uuid{{0x00,0x00,0x00,0x00,0x00,0x00,0x00,0x00,0x00,0x00,0x00,0x00,0x00,0x00,0x00,0x00}},0},
      DatatypePolicyIdentityV1{platform::Uuid{{0x00,0x00,0x00,0x00,0x00,0x00,0x00,0x00,0x00,0x00,0x00,0x00,0x00,0x00,0x00,0x00}},0},
      DatatypePolicyIdentityV1{platform::Uuid{{0x00,0x00,0x00,0x00,0x00,0x00,0x00,0x00,0x00,0x00,0x00,0x00,0x00,0x00,0x00,0x00}},0},
      DatatypePolicyIdentityV1{platform::Uuid{{0x00,0x00,0x00,0x00,0x00,0x00,0x00,0x00,0x00,0x00,0x00,0x00,0x00,0x00,0x00,0x00}},0}},
    DatatypeTypeCodecIdentityRowV3{
      DatatypeTypeCodecIdentityRowV1{platform::Uuid{{0x01,0x9d,0x00,0x00,0x00,0x00,0x70,0x00,0x80,0x00,0x00,0x00,0x00,0x00,0xd7,0x07}},7,7,platform::Uuid{{0xd3,0x00,0x00,0x00,0x07,0x1d,0x74,0x77,0xaf,0x72,0x6b,0x5f,0x70,0x72,0x65,0x66}},1,platform::Uuid{{0x01,0x9d,0x00,0x00,0x00,0x00,0x70,0x00,0x80,0x00,0x00,0x00,0x00,0x00,0xd8,0x16}},1,"datatype.network_prefix.network.v1",1,1,18,true,"network_prefix",0,1,0,false,0,18,18,18,211,platform::Uuid{{0x01,0x9d,0x00,0x00,0x00,0x00,0x70,0x00,0x80,0x00,0x00,0x00,0x00,0x00,0xd8,0x17}},false,false,"byte_sequence","address16_prefix_length_u8_address_family_u8","",false,false,false,false,true,false,"DATATYPE.DESCRIPTOR.INVALID",platform::Uuid{{0x00,0x00,0x00,0x00,0x00,0x00,0x00,0x00,0x00,0x00,0x00,0x00,0x00,0x00,0x00,0x00}},0,platform::Uuid{{0x00,0x00,0x00,0x00,0x00,0x00,0x00,0x00,0x00,0x00,0x00,0x00,0x00,0x00,0x00,0x00}},0,platform::Uuid{{0x00,0x00,0x00,0x00,0x00,0x00,0x00,0x00,0x00,0x00,0x00,0x00,0x00,0x00,0x00,0x00}},0,"",false},
      DatatypePolicyIdentityV1{platform::Uuid{{0x00,0x00,0x00,0x00,0x00,0x00,0x00,0x00,0x00,0x00,0x00,0x00,0x00,0x00,0x00,0x00}},0},
      DatatypePolicyIdentityV1{platform::Uuid{{0x00,0x00,0x00,0x00,0x00,0x00,0x00,0x00,0x00,0x00,0x00,0x00,0x00,0x00,0x00,0x00}},0},
      DatatypePolicyIdentityV1{platform::Uuid{{0x00,0x00,0x00,0x00,0x00,0x00,0x00,0x00,0x00,0x00,0x00,0x00,0x00,0x00,0x00,0x00}},0},
      DatatypePolicyIdentityV1{platform::Uuid{{0x00,0x00,0x00,0x00,0x00,0x00,0x00,0x00,0x00,0x00,0x00,0x00,0x00,0x00,0x00,0x00}},0},
      DatatypePolicyIdentityV1{platform::Uuid{{0x00,0x00,0x00,0x00,0x00,0x00,0x00,0x00,0x00,0x00,0x00,0x00,0x00,0x00,0x00,0x00}},0}},
    DatatypeTypeCodecIdentityRowV3{
      DatatypeTypeCodecIdentityRowV1{platform::Uuid{{0x01,0x9d,0x00,0x00,0x00,0x00,0x70,0x00,0x80,0x00,0x00,0x00,0x00,0x00,0xd7,0x07}},7,7,platform::Uuid{{0xd4,0x00,0x00,0x00,0x6d,0x61,0x73,0x5f,0xa1,0x64,0x64,0x72,0x65,0x73,0x73,0x00}},1,platform::Uuid{{0x01,0x9d,0x00,0x00,0x00,0x00,0x70,0x00,0x80,0x00,0x00,0x00,0x00,0x00,0xd8,0x18}},1,"datatype.mac_address.network.v1",1,1,8,true,"mac_address",0,1,0,false,0,8,8,8,212,platform::Uuid{{0x01,0x9d,0x00,0x00,0x00,0x00,0x70,0x00,0x80,0x00,0x00,0x00,0x00,0x00,0xd8,0x19}},false,false,"byte_sequence","eight_network_order_octets_six_octet_values_zero_extended","",false,false,false,false,true,false,"DATATYPE.DESCRIPTOR.INVALID",platform::Uuid{{0x00,0x00,0x00,0x00,0x00,0x00,0x00,0x00,0x00,0x00,0x00,0x00,0x00,0x00,0x00,0x00}},0,platform::Uuid{{0x00,0x00,0x00,0x00,0x00,0x00,0x00,0x00,0x00,0x00,0x00,0x00,0x00,0x00,0x00,0x00}},0,platform::Uuid{{0x00,0x00,0x00,0x00,0x00,0x00,0x00,0x00,0x00,0x00,0x00,0x00,0x00,0x00,0x00,0x00}},0,"",false},
      DatatypePolicyIdentityV1{platform::Uuid{{0x00,0x00,0x00,0x00,0x00,0x00,0x00,0x00,0x00,0x00,0x00,0x00,0x00,0x00,0x00,0x00}},0},
      DatatypePolicyIdentityV1{platform::Uuid{{0x00,0x00,0x00,0x00,0x00,0x00,0x00,0x00,0x00,0x00,0x00,0x00,0x00,0x00,0x00,0x00}},0},
      DatatypePolicyIdentityV1{platform::Uuid{{0x00,0x00,0x00,0x00,0x00,0x00,0x00,0x00,0x00,0x00,0x00,0x00,0x00,0x00,0x00,0x00}},0},
      DatatypePolicyIdentityV1{platform::Uuid{{0x00,0x00,0x00,0x00,0x00,0x00,0x00,0x00,0x00,0x00,0x00,0x00,0x00,0x00,0x00,0x00}},0},
      DatatypePolicyIdentityV1{platform::Uuid{{0x00,0x00,0x00,0x00,0x00,0x00,0x00,0x00,0x00,0x00,0x00,0x00,0x00,0x00,0x00,0x00}},0}},
    DatatypeTypeCodecIdentityRowV3{
      DatatypeTypeCodecIdentityRowV1{platform::Uuid{{0x01,0x9d,0x00,0x00,0x00,0x00,0x70,0x00,0x80,0x00,0x00,0x00,0x00,0x00,0xd7,0x07}},7,7,platform::Uuid{{0x6c,0x02,0x00,0x00,0x65,0x6e,0x75,0x6d,0x9f,0x76,0x61,0x6c,0x75,0x65,0x00,0x00}},1,platform::Uuid{{0x01,0x9d,0x00,0x00,0x00,0x00,0x70,0x00,0x80,0x00,0x00,0x00,0x00,0x00,0xd8,0x1a}},1,"datatype.enum_value.binary16.v1",1,1,16,true,"enum_value",0,1,0,false,0,16,16,16,620,platform::Uuid{{0x01,0x9d,0x00,0x00,0x00,0x00,0x70,0x00,0x80,0x00,0x00,0x00,0x00,0x00,0xd8,0x1b}},false,false,"byte_sequence","descriptor_bound_member_UUID_octets","",false,false,false,false,true,false,"DATATYPE.DESCRIPTOR.INVALID",platform::Uuid{{0x00,0x00,0x00,0x00,0x00,0x00,0x00,0x00,0x00,0x00,0x00,0x00,0x00,0x00,0x00,0x00}},0,platform::Uuid{{0x00,0x00,0x00,0x00,0x00,0x00,0x00,0x00,0x00,0x00,0x00,0x00,0x00,0x00,0x00,0x00}},0,platform::Uuid{{0x00,0x00,0x00,0x00,0x00,0x00,0x00,0x00,0x00,0x00,0x00,0x00,0x00,0x00,0x00,0x00}},0,"",false},
      DatatypePolicyIdentityV1{platform::Uuid{{0x00,0x00,0x00,0x00,0x00,0x00,0x00,0x00,0x00,0x00,0x00,0x00,0x00,0x00,0x00,0x00}},0},
      DatatypePolicyIdentityV1{platform::Uuid{{0x00,0x00,0x00,0x00,0x00,0x00,0x00,0x00,0x00,0x00,0x00,0x00,0x00,0x00,0x00,0x00}},0},
      DatatypePolicyIdentityV1{platform::Uuid{{0x00,0x00,0x00,0x00,0x00,0x00,0x00,0x00,0x00,0x00,0x00,0x00,0x00,0x00,0x00,0x00}},0},
      DatatypePolicyIdentityV1{platform::Uuid{{0x00,0x00,0x00,0x00,0x00,0x00,0x00,0x00,0x00,0x00,0x00,0x00,0x00,0x00,0x00,0x00}},0},
      DatatypePolicyIdentityV1{platform::Uuid{{0x00,0x00,0x00,0x00,0x00,0x00,0x00,0x00,0x00,0x00,0x00,0x00,0x00,0x00,0x00,0x00}},0}},
    DatatypeTypeCodecIdentityRowV3{
      DatatypeTypeCodecIdentityRowV1{platform::Uuid{{0x01,0x9d,0x00,0x00,0x00,0x00,0x70,0x00,0x80,0x00,0x00,0x00,0x00,0x00,0xd7,0x07}},7,7,platform::Uuid{{0x90,0x01,0x00,0x00,0x64,0x61,0x74,0x65,0x80,0x00,0x00,0x00,0x00,0x00,0x00,0x00}},1,platform::Uuid{{0x01,0x9d,0x00,0x00,0x00,0x00,0x70,0x00,0x80,0x00,0x00,0x00,0x00,0x00,0xd8,0x1c}},1,"datatype.date.days.le.v1",1,1,4,true,"date",0,1,0,false,0,4,4,4,400,platform::Uuid{{0x01,0x9d,0x00,0x00,0x00,0x00,0x70,0x00,0x80,0x00,0x00,0x00,0x00,0x00,0xd8,0x1d}},false,false,"little_endian","signed_i32_days_since_Unix_epoch","",false,false,false,false,true,false,"DATATYPE.DESCRIPTOR.INVALID",platform::Uuid{{0x00,0x00,0x00,0x00,0x00,0x00,0x00,0x00,0x00,0x00,0x00,0x00,0x00,0x00,0x00,0x00}},0,platform::Uuid{{0x00,0x00,0x00,0x00,0x00,0x00,0x00,0x00,0x00,0x00,0x00,0x00,0x00,0x00,0x00,0x00}},0,platform::Uuid{{0x00,0x00,0x00,0x00,0x00,0x00,0x00,0x00,0x00,0x00,0x00,0x00,0x00,0x00,0x00,0x00}},0,"",false},
      DatatypePolicyIdentityV1{platform::Uuid{{0x01,0xa1,0x00,0x8e,0xb7,0xf0,0x79,0x13,0x9a,0x16,0x00,0x04,0x09,0xf9,0xff,0xb1}},1},
      DatatypePolicyIdentityV1{platform::Uuid{{0x01,0xa1,0x00,0x8e,0xb7,0xf1,0x72,0xb9,0xba,0x08,0x95,0xb6,0x04,0xca,0xeb,0xf3}},1},
      DatatypePolicyIdentityV1{platform::Uuid{{0x01,0xa1,0x00,0x8e,0xb7,0xf2,0x7f,0xeb,0x85,0xa8,0x2d,0x74,0xfe,0x2f,0xde,0x38}},1},
      DatatypePolicyIdentityV1{platform::Uuid{{0x01,0xa1,0x00,0x8e,0xb7,0xf3,0x7a,0x61,0xa1,0x59,0x5d,0xdb,0x1c,0xbc,0x1d,0xf6}},1},
      DatatypePolicyIdentityV1{platform::Uuid{{0x01,0xa1,0x00,0x8e,0xb7,0xf6,0x7b,0x7a,0x8e,0xe0,0xff,0xba,0xcb,0xcd,0x7d,0xff}},1}},
    DatatypeTypeCodecIdentityRowV3{
      DatatypeTypeCodecIdentityRowV1{platform::Uuid{{0x01,0x9d,0x00,0x00,0x00,0x00,0x70,0x00,0x80,0x00,0x00,0x00,0x00,0x00,0xd7,0x07}},7,7,platform::Uuid{{0x91,0x01,0x00,0x00,0x74,0x69,0x7d,0x65,0x80,0x00,0x00,0x00,0x00,0x00,0x00,0x00}},1,platform::Uuid{{0x01,0x9d,0x00,0x00,0x00,0x00,0x70,0x00,0x80,0x00,0x00,0x00,0x00,0x00,0xd8,0x1e}},1,"datatype.time.nanos.le.v1",1,1,8,true,"time",0,1,0,false,0,8,8,8,401,platform::Uuid{{0x01,0x9d,0x00,0x00,0x00,0x00,0x70,0x00,0x80,0x00,0x00,0x00,0x00,0x00,0xd8,0x1f}},false,false,"little_endian","unsigned_u64_nanoseconds_since_midnight","",false,false,false,false,true,false,"DATATYPE.DESCRIPTOR.INVALID",platform::Uuid{{0x00,0x00,0x00,0x00,0x00,0x00,0x00,0x00,0x00,0x00,0x00,0x00,0x00,0x00,0x00,0x00}},0,platform::Uuid{{0x00,0x00,0x00,0x00,0x00,0x00,0x00,0x00,0x00,0x00,0x00,0x00,0x00,0x00,0x00,0x00}},0,platform::Uuid{{0x00,0x00,0x00,0x00,0x00,0x00,0x00,0x00,0x00,0x00,0x00,0x00,0x00,0x00,0x00,0x00}},0,"",false},
      DatatypePolicyIdentityV1{platform::Uuid{{0x00,0x00,0x00,0x00,0x00,0x00,0x00,0x00,0x00,0x00,0x00,0x00,0x00,0x00,0x00,0x00}},0},
      DatatypePolicyIdentityV1{platform::Uuid{{0x00,0x00,0x00,0x00,0x00,0x00,0x00,0x00,0x00,0x00,0x00,0x00,0x00,0x00,0x00,0x00}},0},
      DatatypePolicyIdentityV1{platform::Uuid{{0x00,0x00,0x00,0x00,0x00,0x00,0x00,0x00,0x00,0x00,0x00,0x00,0x00,0x00,0x00,0x00}},0},
      DatatypePolicyIdentityV1{platform::Uuid{{0x00,0x00,0x00,0x00,0x00,0x00,0x00,0x00,0x00,0x00,0x00,0x00,0x00,0x00,0x00,0x00}},0},
      DatatypePolicyIdentityV1{platform::Uuid{{0x00,0x00,0x00,0x00,0x00,0x00,0x00,0x00,0x00,0x00,0x00,0x00,0x00,0x00,0x00,0x00}},0}},
    DatatypeTypeCodecIdentityRowV3{
      DatatypeTypeCodecIdentityRowV1{platform::Uuid{{0x01,0x9d,0x00,0x00,0x00,0x00,0x70,0x00,0x80,0x00,0x00,0x00,0x00,0x00,0xd7,0x07}},7,7,platform::Uuid{{0x92,0x01,0x00,0x00,0x74,0x69,0x7d,0x65,0xb3,0x74,0x61,0x6d,0x70,0x00,0x00,0x00}},1,platform::Uuid{{0x01,0x9d,0x00,0x00,0x00,0x00,0x70,0x00,0x80,0x00,0x00,0x00,0x00,0x00,0xd8,0x20}},1,"datatype.timestamp.utc_tuple.le.v1",1,1,16,true,"timestamp",0,1,0,false,0,16,16,16,402,platform::Uuid{{0x01,0x9d,0x00,0x00,0x00,0x00,0x70,0x00,0x80,0x00,0x00,0x00,0x00,0x00,0xd8,0x21}},false,false,"little_endian","i64_Unix_seconds_u32_nanoseconds_u32_reserved_zero","",false,false,false,false,true,false,"DATATYPE.DESCRIPTOR.INVALID",platform::Uuid{{0x00,0x00,0x00,0x00,0x00,0x00,0x00,0x00,0x00,0x00,0x00,0x00,0x00,0x00,0x00,0x00}},0,platform::Uuid{{0x00,0x00,0x00,0x00,0x00,0x00,0x00,0x00,0x00,0x00,0x00,0x00,0x00,0x00,0x00,0x00}},0,platform::Uuid{{0x00,0x00,0x00,0x00,0x00,0x00,0x00,0x00,0x00,0x00,0x00,0x00,0x00,0x00,0x00,0x00}},0,"",false},
      DatatypePolicyIdentityV1{platform::Uuid{{0x00,0x00,0x00,0x00,0x00,0x00,0x00,0x00,0x00,0x00,0x00,0x00,0x00,0x00,0x00,0x00}},0},
      DatatypePolicyIdentityV1{platform::Uuid{{0x00,0x00,0x00,0x00,0x00,0x00,0x00,0x00,0x00,0x00,0x00,0x00,0x00,0x00,0x00,0x00}},0},
      DatatypePolicyIdentityV1{platform::Uuid{{0x00,0x00,0x00,0x00,0x00,0x00,0x00,0x00,0x00,0x00,0x00,0x00,0x00,0x00,0x00,0x00}},0},
      DatatypePolicyIdentityV1{platform::Uuid{{0x00,0x00,0x00,0x00,0x00,0x00,0x00,0x00,0x00,0x00,0x00,0x00,0x00,0x00,0x00,0x00}},0},
      DatatypePolicyIdentityV1{platform::Uuid{{0x00,0x00,0x00,0x00,0x00,0x00,0x00,0x00,0x00,0x00,0x00,0x00,0x00,0x00,0x00,0x00}},0}},
    DatatypeTypeCodecIdentityRowV3{
      DatatypeTypeCodecIdentityRowV1{platform::Uuid{{0x01,0x9d,0x00,0x00,0x00,0x00,0x70,0x00,0x80,0x00,0x00,0x00,0x00,0x00,0xd7,0x07}},7,7,platform::Uuid{{0x93,0x01,0x00,0x00,0x69,0x6e,0x74,0x65,0xb2,0x76,0x61,0x6c,0x00,0x00,0x00,0x00}},1,platform::Uuid{{0x01,0x9d,0x00,0x00,0x00,0x00,0x70,0x00,0x80,0x00,0x00,0x00,0x00,0x00,0xd8,0x22}},1,"datatype.interval.tuple.le.v1",1,1,16,true,"interval",0,1,0,false,0,16,16,16,403,platform::Uuid{{0x01,0x9d,0x00,0x00,0x00,0x00,0x70,0x00,0x80,0x00,0x00,0x00,0x00,0x00,0xd8,0x23}},false,false,"little_endian","i32_months_i32_days_i64_nanoseconds","",false,false,false,false,true,false,"DATATYPE.DESCRIPTOR.INVALID",platform::Uuid{{0x00,0x00,0x00,0x00,0x00,0x00,0x00,0x00,0x00,0x00,0x00,0x00,0x00,0x00,0x00,0x00}},0,platform::Uuid{{0x00,0x00,0x00,0x00,0x00,0x00,0x00,0x00,0x00,0x00,0x00,0x00,0x00,0x00,0x00,0x00}},0,platform::Uuid{{0x00,0x00,0x00,0x00,0x00,0x00,0x00,0x00,0x00,0x00,0x00,0x00,0x00,0x00,0x00,0x00}},0,"",false},
      DatatypePolicyIdentityV1{platform::Uuid{{0x00,0x00,0x00,0x00,0x00,0x00,0x00,0x00,0x00,0x00,0x00,0x00,0x00,0x00,0x00,0x00}},0},
      DatatypePolicyIdentityV1{platform::Uuid{{0x00,0x00,0x00,0x00,0x00,0x00,0x00,0x00,0x00,0x00,0x00,0x00,0x00,0x00,0x00,0x00}},0},
      DatatypePolicyIdentityV1{platform::Uuid{{0x00,0x00,0x00,0x00,0x00,0x00,0x00,0x00,0x00,0x00,0x00,0x00,0x00,0x00,0x00,0x00}},0},
      DatatypePolicyIdentityV1{platform::Uuid{{0x00,0x00,0x00,0x00,0x00,0x00,0x00,0x00,0x00,0x00,0x00,0x00,0x00,0x00,0x00,0x00}},0},
      DatatypePolicyIdentityV1{platform::Uuid{{0x00,0x00,0x00,0x00,0x00,0x00,0x00,0x00,0x00,0x00,0x00,0x00,0x00,0x00,0x00,0x00}},0}},
    DatatypeTypeCodecIdentityRowV3{
      DatatypeTypeCodecIdentityRowV1{platform::Uuid{{0x01,0x9d,0x00,0x00,0x00,0x00,0x70,0x00,0x80,0x00,0x00,0x00,0x00,0x00,0xd7,0x07}},7,7,platform::Uuid{{0xa1,0x00,0x00,0x00,0x10,0x65,0x73,0x69,0xad,0x61,0x6c,0x5f,0x66,0x6c,0x6f,0x61}},1,platform::Uuid{{0x01,0x9d,0x00,0x00,0x00,0x00,0x70,0x00,0x80,0x00,0x00,0x00,0x00,0x00,0xd8,0x24}},1,"datatype.decimal128.bid.le.v1",1,1,16,true,"decimal_float",0,1,0,false,0,16,16,16,161,platform::Uuid{{0x01,0x9d,0x00,0x00,0x00,0x00,0x70,0x00,0x80,0x00,0x00,0x00,0x00,0x00,0xd8,0x25}},false,false,"little_endian","IEEE754_decimal128_canonical_BID","",false,false,false,false,true,false,"DATATYPE.DESCRIPTOR.INVALID",platform::Uuid{{0x01,0x9d,0x00,0x00,0x00,0x00,0x70,0x00,0x80,0x00,0x00,0x00,0x00,0x00,0xd8,0x26}},1,platform::Uuid{{0x01,0x9d,0x00,0x00,0x00,0x00,0x70,0x00,0x80,0x00,0x00,0x00,0x00,0x00,0xd8,0x27}},1,platform::Uuid{{0x01,0x9d,0x00,0x00,0x00,0x00,0x70,0x00,0x80,0x00,0x00,0x00,0x00,0x00,0xd8,0x28}},1,"decimal128_numeric_total_nan_last_v1",true},
      DatatypePolicyIdentityV1{platform::Uuid{{0x00,0x00,0x00,0x00,0x00,0x00,0x00,0x00,0x00,0x00,0x00,0x00,0x00,0x00,0x00,0x00}},0},
      DatatypePolicyIdentityV1{platform::Uuid{{0x00,0x00,0x00,0x00,0x00,0x00,0x00,0x00,0x00,0x00,0x00,0x00,0x00,0x00,0x00,0x00}},0},
      DatatypePolicyIdentityV1{platform::Uuid{{0x00,0x00,0x00,0x00,0x00,0x00,0x00,0x00,0x00,0x00,0x00,0x00,0x00,0x00,0x00,0x00}},0},
      DatatypePolicyIdentityV1{platform::Uuid{{0x00,0x00,0x00,0x00,0x00,0x00,0x00,0x00,0x00,0x00,0x00,0x00,0x00,0x00,0x00,0x00}},0},
      DatatypePolicyIdentityV1{platform::Uuid{{0x00,0x00,0x00,0x00,0x00,0x00,0x00,0x00,0x00,0x00,0x00,0x00,0x00,0x00,0x00,0x00}},0}},
    CanonicalBitStringRowV7(),
}};

const DatatypeTypeCodecIdentityRowV3* CurrentRow(
    const platform::Uuid& descriptor) noexcept {
  for (const auto& row : kIdentityRowsV3) {
    if (row.legacy_fields.catalog_snapshot_uuid == kDatatypeCohortV7 &&
        row.legacy_fields.catalog_generation == 7 &&
        row.legacy_fields.registry_generation == 7 &&
        row.legacy_fields.descriptor_uuid == descriptor &&
        row.legacy_fields.descriptor_generation == 1) {
      return &row;
    }
  }
  return nullptr;
}

bool IsExactCurrentRow(const DatatypeTypeCodecIdentityRowV3& row,
                       const platform::Uuid& descriptor) noexcept {
  const auto* expected = CurrentRow(descriptor);
  return expected != nullptr &&
         EqualLegacyFields(row.legacy_fields, expected->legacy_fields) &&
         EqualPolicy(row.descriptor_policy, expected->descriptor_policy) &&
         EqualPolicy(row.canonicalization_policy,
                     expected->canonicalization_policy) &&
         EqualPolicy(row.ordering_policy, expected->ordering_policy) &&
         EqualPolicy(row.hash_policy, expected->hash_policy) &&
         EqualPolicy(row.operation_policy, expected->operation_policy);
}

}  // namespace

std::span<const DatatypeTypeCodecIdentityRowV3>
CurrentDatatypeTypeCodecIdentityRowsV3() noexcept {
  return kIdentityRowsV3;
}

DatatypeTypeCodecIdentityLookupV3 LookupDatatypeTypeCodecIdentityV3(
    const platform::Uuid& catalog_snapshot_uuid,
    u64 catalog_generation,
    u64 registry_generation,
    const platform::Uuid& descriptor_uuid,
    u64 descriptor_generation) noexcept {
  DatatypeTypeCodecIdentityLookupV3 result;
  if (!IsAdmittedDatatypeCohort(catalog_snapshot_uuid, catalog_generation,
                                registry_generation) ||
      descriptor_uuid.is_nil() || descriptor_generation == 0) {
    result.diagnostic_id = "DATATYPE.DESCRIPTOR.INVALID";
    return result;
  }

  const DatatypeTypeCodecIdentityRowV3* match = nullptr;
  for (const auto& row : CurrentDatatypeTypeCodecIdentityRowsV3()) {
    const auto& legacy = row.legacy_fields;
    if (legacy.catalog_snapshot_uuid != catalog_snapshot_uuid ||
        legacy.catalog_generation != catalog_generation ||
        legacy.registry_generation != registry_generation ||
        legacy.descriptor_uuid != descriptor_uuid ||
        legacy.descriptor_generation != descriptor_generation) {
      continue;
    }
    if (match != nullptr) {
      result.diagnostic_id = "DATATYPE.DESCRIPTOR.INVALID";
      return result;
    }
    match = &row;
  }
  if (match == nullptr) {
    result.diagnostic_id = "DATATYPE.DESCRIPTOR.INVALID";
    return result;
  }
  DatatypeTypeCodecIdentityRowV3 staged;
  try {
    staged = *match;
  } catch (...) {
    result.ok = false;
    result.diagnostic_id = "RESOURCE.BUDGET_EXCEEDED";
    return result;
  }
  static_assert(std::is_nothrow_move_assignable_v<
                DatatypeTypeCodecIdentityRowV3>);
  result.row = std::move(staged);
  result.ok = true;
  return result;
}

static_assert(
    std::is_nothrow_move_constructible_v<DatatypeTypeCodecIdentityLookupV3>,
    "a noexcept identity lookup must return its result without allocating");

bool IsExactCanonicalBinaryTypeCodecIdentityV3(
    const DatatypeTypeCodecIdentityRowV3& row) noexcept {
  return IsExactCurrentRow(
      row, Uuid({{0x2d,0x01,0x00,0x00,0x62,0x69,0x7e,0x61,
                  0xb2,0x79,0x00,0x00,0x00,0x00,0x00,0x00}}));
}

bool IsExactCanonicalBitStringTypeCodecIdentityV3(
    const DatatypeTypeCodecIdentityRowV3& row) noexcept {
  return IsExactCurrentRow(
      row, Uuid({{0x01,0x9d,0x00,0x00,0x00,0x00,0x70,0x00,
                  0x80,0x00,0x00,0x00,0x00,0x00,0xd8,0x29}}));
}

bool IsExactCanonicalDateTypeCodecIdentityV3(
    const DatatypeTypeCodecIdentityRowV3& row) noexcept {
  return IsExactCurrentRow(
      row, Uuid({{0x90,0x01,0x00,0x00,0x64,0x61,0x74,0x65,
                  0x80,0x00,0x00,0x00,0x00,0x00,0x00,0x00}}));
}

DatatypeTypeCodecIdentityProjectionV1 ProjectDatatypeTypeCodecIdentityV3ToV1(
    const DatatypeTypeCodecIdentityRowV3& row) noexcept {
  DatatypeTypeCodecIdentityProjectionV1 result;
  DatatypeTypeCodecIdentityRowV1 staged;
  try {
    staged = row.legacy_fields;
  } catch (...) {
    result.diagnostic_id = "RESOURCE.BUDGET_EXCEEDED";
    return result;
  }
  static_assert(std::is_nothrow_move_assignable_v<
                DatatypeTypeCodecIdentityRowV1>);
  result.row = std::move(staged);
  result.ok = true;
  return result;
}

static_assert(
    std::is_nothrow_move_constructible_v<DatatypeTypeCodecIdentityProjectionV1>,
    "a noexcept V3-to-V1 projection must return without allocating");

}  // namespace scratchbird::core::datatypes
