remap_id,compatibility,compatibility_cluster_command,compatibility_surface,normalized_command,normalized_cluster_sblr,sblr_route,source_search_key,compatibility_isolation,downstream_phase,cross_node_distributed_query_marker,provider_api_boundary,cluster_provider_boundary_status,disabled_behavior,enabled_stub_behavior,private_provider_behavior,refusal_policy,route_status,sblr_proof_id,cluster_proof_gate,local_query_authority_policy,parser_authority_policy,compatibility_authority_policy,test_destination,proof_gate,status,notes
FPR-P2-CLUSTER-00001,apache_ignite,apache_ignite.admin.control_script,apache_ignite.admin.control_script,cluster.admin.refuse_reference_shell_control,sblr.cluster.control.v3:cluster.admin.refuse_reference_shell_control,sblr.cluster.control.v3:cluster.admin.refuse_reference_shell_control,project/src/parsers/compatibility/apache_ignite/apache_ignite_dialect.cpp#kPatterns:apache_ignite.admin.control_script,own_compatibility_surface_only,FPR-P2,not_cluster_query,exact_refusal_no_provider_call,exact_pre_provider_refusal_excluded_from_cluster_provider_route,exact_pre_provider_refusal_no_provider_call;fail_closed_before_cluster_compile_policy,exact_pre_provider_refusal_no_public_stub_provider_call;no_cluster_authority_or_production_behavior,exact_pre_provider_refusal_no_private_provider_call;no_private_cluster_implementation_detail,exact_pre_provider_refusal_no_provider_call,exact_pre_provider_refusal_no_provider_route,FSE-P7-PROOF-00002,sblr_surface_fse_p7_execution_proof_gate,query.plan_operation_never_cluster_authority;local_query_sblr_remains_local_engine_authority,parser_emits_normalized_cluster_sblr_only;parser_execution_storage_finality_authority_forbidden,compatibility_cluster_execution_storage_transaction_finality_authority_forbidden,project/tests/compatibility_sql_parser_first_tranche/parser_remap_cluster_route_gate.py,parser_remap_cluster_route_gate,p2_cluster_route_remap_verified,row-level compatibility cluster surface remap preserves provider boundary compile policy and compatibility parser isolation;private provider implementation detail is not recorded
FPR-P2-CLUSTER-00002,apache_ignite,apache_ignite.admin.baseline,apache_ignite.admin.baseline,cluster.job.start_controlled,sblr.cluster.control.v3:cluster.job.start_controlled,sblr.cluster.control.v3:cluster.job.start_controlled,project/src/parsers/compatibility/apache_ignite/apache_ignite_dialect.cpp#kPatterns:apache_ignite.admin.baseline,own_compatibility_surface_only,FPR-P2,not_cluster_query,cluster.start_job,provider_routed_public_boundary_manifested,functionality_unsupported;kClusterSupportNotEnabledCode;unsupported_feature=cluster.provider;no_provider_call;fail_closed,functionality_unlicensed;kClusterHandshakeStubCompileLinkOnlyCode;unsupported_feature=cluster.provider.stub;public_compile_link_boundary_only;no_cluster_authority_or_production_behavior,private_internal_provider_required;provider_api_boundary=cluster.start_job;no_private_source_or_implementation_detail,compile_flag_disabled_returns_functionality_unsupported;public_stub_enabled_returns_functionality_unlicensed;private_provider_required_for_execution,provider_boundary_route_required,FSE-P7-PROOF-00005,sblr_surface_fse_p7_execution_proof_gate,query.plan_operation_never_cluster_authority;local_query_sblr_remains_local_engine_authority,parser_emits_normalized_cluster_sblr_only;parser_execution_storage_finality_authority_forbidden,compatibility_cluster_execution_storage_transaction_finality_authority_forbidden,project/tests/compatibility_sql_parser_first_tranche/parser_remap_cluster_route_gate.py,parser_remap_cluster_route_gate,p2_cluster_route_remap_verified,row-level compatibility cluster surface remap preserves provider boundary compile policy and compatibility parser isolation;private provider implementation detail is not recorded
FPR-P2-CLUSTER-00003,apache_ignite,apache_ignite.admin.set_state,apache_ignite.admin.set_state,cluster.job.start_controlled,sblr.cluster.control.v3:cluster.job.start_controlled,sblr.cluster.control.v3:cluster.job.start_controlled,project/src/parsers/compatibility/apache_ignite/apache_ignite_dialect.cpp#kPatterns:apache_ignite.admin.set_state,own_compatibility_surface_only,FPR-P2,not_cluster_query,cluster.start_job,provider_routed_public_boundary_manifested,functionality_unsupported;kClusterSupportNotEnabledCode;unsupported_feature=cluster.provider;no_provider_call;fail_closed,functionality_unlicensed;kClusterHandshakeStubCompileLinkOnlyCode;unsupported_feature=cluster.provider.stub;public_compile_link_boundary_only;no_cluster_authority_or_production_behavior,private_internal_provider_required;provider_api_boundary=cluster.start_job;no_private_source_or_implementation_detail,compile_flag_disabled_returns_functionality_unsupported;public_stub_enabled_returns_functionality_unlicensed;private_provider_required_for_execution,provider_boundary_route_required,FSE-P7-PROOF-00005,sblr_surface_fse_p7_execution_proof_gate,query.plan_operation_never_cluster_authority;local_query_sblr_remains_local_engine_authority,parser_emits_normalized_cluster_sblr_only;parser_execution_storage_finality_authority_forbidden,compatibility_cluster_execution_storage_transaction_finality_authority_forbidden,project/tests/compatibility_sql_parser_first_tranche/parser_remap_cluster_route_gate.py,parser_remap_cluster_route_gate,p2_cluster_route_remap_verified,row-level compatibility cluster surface remap preserves provider boundary compile policy and compatibility parser isolation;private provider implementation detail is not recorded
FPR-P2-CLUSTER-00004,apache_ignite,apache_ignite.admin.activate,apache_ignite.admin.activate,cluster.job.start_controlled,sblr.cluster.control.v3:cluster.job.start_controlled,sblr.cluster.control.v3:cluster.job.start_controlled,project/src/parsers/compatibility/apache_ignite/apache_ignite_dialect.cpp#kPatterns:apache_ignite.admin.activate,own_compatibility_surface_only,FPR-P2,not_cluster_query,cluster.start_job,provider_routed_public_boundary_manifested,functionality_unsupported;kClusterSupportNotEnabledCode;unsupported_feature=cluster.provider;no_provider_call;fail_closed,functionality_unlicensed;kClusterHandshakeStubCompileLinkOnlyCode;unsupported_feature=cluster.provider.stub;public_compile_link_boundary_only;no_cluster_authority_or_production_behavior,private_internal_provider_required;provider_api_boundary=cluster.start_job;no_private_source_or_implementation_detail,compile_flag_disabled_returns_functionality_unsupported;public_stub_enabled_returns_functionality_unlicensed;private_provider_required_for_execution,provider_boundary_route_required,FSE-P7-PROOF-00005,sblr_surface_fse_p7_execution_proof_gate,query.plan_operation_never_cluster_authority;local_query_sblr_remains_local_engine_authority,parser_emits_normalized_cluster_sblr_only;parser_execution_storage_finality_authority_forbidden,compatibility_cluster_execution_storage_transaction_finality_authority_forbidden,project/tests/compatibility_sql_parser_first_tranche/parser_remap_cluster_route_gate.py,parser_remap_cluster_route_gate,p2_cluster_route_remap_verified,row-level compatibility cluster surface remap preserves provider boundary compile policy and compatibility parser isolation;private provider implementation detail is not recorded
FPR-P2-CLUSTER-00005,apache_ignite,apache_ignite.admin.deactivate,apache_ignite.admin.deactivate,cluster.job.start_controlled,sblr.cluster.control.v3:cluster.job.start_controlled,sblr.cluster.control.v3:cluster.job.start_controlled,project/src/parsers/compatibility/apache_ignite/apache_ignite_dialect.cpp#kPatterns:apache_ignite.admin.deactivate,own_compatibility_surface_only,FPR-P2,not_cluster_query,cluster.start_job,provider_routed_public_boundary_manifested,functionality_unsupported;kClusterSupportNotEnabledCode;unsupported_feature=cluster.provider;no_provider_call;fail_closed,functionality_unlicensed;kClusterHandshakeStubCompileLinkOnlyCode;unsupported_feature=cluster.provider.stub;public_compile_link_boundary_only;no_cluster_authority_or_production_behavior,private_internal_provider_required;provider_api_boundary=cluster.start_job;no_private_source_or_implementation_detail,compile_flag_disabled_returns_functionality_unsupported;public_stub_enabled_returns_functionality_unlicensed;private_provider_required_for_execution,provider_boundary_route_required,FSE-P7-PROOF-00005,sblr_surface_fse_p7_execution_proof_gate,query.plan_operation_never_cluster_authority;local_query_sblr_remains_local_engine_authority,parser_emits_normalized_cluster_sblr_only;parser_execution_storage_finality_authority_forbidden,compatibility_cluster_execution_storage_transaction_finality_authority_forbidden,project/tests/compatibility_sql_parser_first_tranche/parser_remap_cluster_route_gate.py,parser_remap_cluster_route_gate,p2_cluster_route_remap_verified,row-level compatibility cluster surface remap preserves provider boundary compile policy and compatibility parser isolation;private provider implementation detail is not recorded
FPR-P2-CLUSTER-00006,apache_ignite,apache_ignite.admin.snapshot,apache_ignite.admin.snapshot,cluster.job.start_controlled,sblr.cluster.control.v3:cluster.job.start_controlled,sblr.cluster.control.v3:cluster.job.start_controlled,project/src/parsers/compatibility/apache_ignite/apache_ignite_dialect.cpp#kPatterns:apache_ignite.admin.snapshot,own_compatibility_surface_only,FPR-P2,not_cluster_query,cluster.start_job,provider_routed_public_boundary_manifested,functionality_unsupported;kClusterSupportNotEnabledCode;unsupported_feature=cluster.provider;no_provider_call;fail_closed,functionality_unlicensed;kClusterHandshakeStubCompileLinkOnlyCode;unsupported_feature=cluster.provider.stub;public_compile_link_boundary_only;no_cluster_authority_or_production_behavior,private_internal_provider_required;provider_api_boundary=cluster.start_job;no_private_source_or_implementation_detail,compile_flag_disabled_returns_functionality_unsupported;public_stub_enabled_returns_functionality_unlicensed;private_provider_required_for_execution,provider_boundary_route_required,FSE-P7-PROOF-00005,sblr_surface_fse_p7_execution_proof_gate,query.plan_operation_never_cluster_authority;local_query_sblr_remains_local_engine_authority,parser_emits_normalized_cluster_sblr_only;parser_execution_storage_finality_authority_forbidden,compatibility_cluster_execution_storage_transaction_finality_authority_forbidden,project/tests/compatibility_sql_parser_first_tranche/parser_remap_cluster_route_gate.py,parser_remap_cluster_route_gate,p2_cluster_route_remap_verified,row-level compatibility cluster surface remap preserves provider boundary compile policy and compatibility parser isolation;private provider implementation detail is not recorded
FPR-P2-CLUSTER-00007,apache_ignite,builtin_function_surface:cluster,builtin_function_surface:cluster,cluster.job.start_controlled,sblr.cluster.control.v3:cluster.job.start_controlled,sblr.cluster.control.v3:cluster.job.start_controlled,project/src/parsers/compatibility/apache_ignite/apache_ignite_dialect.cpp#kBuiltinSurfaces:cluster,own_compatibility_surface_only,FPR-P2,not_cluster_query,cluster.start_job,provider_routed_public_boundary_manifested,functionality_unsupported;kClusterSupportNotEnabledCode;unsupported_feature=cluster.provider;no_provider_call;fail_closed,functionality_unlicensed;kClusterHandshakeStubCompileLinkOnlyCode;unsupported_feature=cluster.provider.stub;public_compile_link_boundary_only;no_cluster_authority_or_production_behavior,private_internal_provider_required;provider_api_boundary=cluster.start_job;no_private_source_or_implementation_detail,compile_flag_disabled_returns_functionality_unsupported;public_stub_enabled_returns_functionality_unlicensed;private_provider_required_for_execution,provider_boundary_route_required,FSE-P7-PROOF-00005,sblr_surface_fse_p7_execution_proof_gate,query.plan_operation_never_cluster_authority;local_query_sblr_remains_local_engine_authority,parser_emits_normalized_cluster_sblr_only;parser_execution_storage_finality_authority_forbidden,compatibility_cluster_execution_storage_transaction_finality_authority_forbidden,project/tests/compatibility_sql_parser_first_tranche/parser_remap_cluster_route_gate.py,parser_remap_cluster_route_gate,p2_cluster_route_remap_verified,row-level compatibility cluster surface remap preserves provider boundary compile policy and compatibility parser isolation;private provider implementation detail is not recorded
FPR-P2-CLUSTER-00008,clickhouse,clickhouse.distributed.cluster_clause,clickhouse.distributed.cluster_clause,cluster.query.plan_distributed,required_new:sblr.cluster.query.v1:cluster.query.plan_distributed,required_new:sblr.cluster.query.v1:cluster.query.plan_distributed,project/src/parsers/compatibility/clickhouse/clickhouse_dialect.cpp#kPatterns:clickhouse.distributed.cluster_clause,own_compatibility_surface_only,FPR-P2,cross_node_distributed_cluster_authority_not_local_query,cluster.query.plan_distributed,provider_routed_public_boundary_manifested,functionality_unsupported;kClusterSupportNotEnabledCode;unsupported_feature=cluster.provider;no_provider_call;fail_closed,functionality_unlicensed;kClusterHandshakeStubCompileLinkOnlyCode;unsupported_feature=cluster.provider.stub;public_compile_link_boundary_only;no_cluster_authority_or_production_behavior,private_internal_provider_required;provider_api_boundary=cluster.query.plan_distributed;no_private_source_or_implementation_detail,compile_flag_disabled_returns_functionality_unsupported;public_stub_enabled_returns_functionality_unlicensed;private_provider_required_for_execution,provider_boundary_route_required,FSE-P7-PROOF-00027,sblr_surface_fse_p7_execution_proof_gate,cluster_query_requires_provider_boundary;query.plan_operation_never_cluster_authority;local_query_sblr_remains_local_engine_authority,parser_emits_normalized_cluster_sblr_only;parser_execution_storage_finality_authority_forbidden,compatibility_cluster_execution_storage_transaction_finality_authority_forbidden,project/tests/compatibility_sql_parser_first_tranche/parser_remap_cluster_route_gate.py,parser_remap_cluster_route_gate,p2_cluster_route_remap_verified,row-level compatibility cluster surface remap preserves provider boundary compile policy and compatibility parser isolation;private provider implementation detail is not recorded
FPR-P2-CLUSTER-00009,clickhouse,builtin_function_surface:cluster,builtin_function_surface:cluster,cluster.job.start_controlled,sblr.cluster.control.v3:cluster.job.start_controlled,sblr.cluster.control.v3:cluster.job.start_controlled,project/src/parsers/compatibility/clickhouse/clickhouse_dialect.cpp#kBuiltinSurfaces:cluster,own_compatibility_surface_only,FPR-P2,not_cluster_query,cluster.start_job,provider_routed_public_boundary_manifested,functionality_unsupported;kClusterSupportNotEnabledCode;unsupported_feature=cluster.provider;no_provider_call;fail_closed,functionality_unlicensed;kClusterHandshakeStubCompileLinkOnlyCode;unsupported_feature=cluster.provider.stub;public_compile_link_boundary_only;no_cluster_authority_or_production_behavior,private_internal_provider_required;provider_api_boundary=cluster.start_job;no_private_source_or_implementation_detail,compile_flag_disabled_returns_functionality_unsupported;public_stub_enabled_returns_functionality_unlicensed;private_provider_required_for_execution,provider_boundary_route_required,FSE-P7-PROOF-00005,sblr_surface_fse_p7_execution_proof_gate,query.plan_operation_never_cluster_authority;local_query_sblr_remains_local_engine_authority,parser_emits_normalized_cluster_sblr_only;parser_execution_storage_finality_authority_forbidden,compatibility_cluster_execution_storage_transaction_finality_authority_forbidden,project/tests/compatibility_sql_parser_first_tranche/parser_remap_cluster_route_gate.py,parser_remap_cluster_route_gate,p2_cluster_route_remap_verified,row-level compatibility cluster surface remap preserves provider boundary compile policy and compatibility parser isolation;private provider implementation detail is not recorded
FPR-P2-CLUSTER-00010,clickhouse,catalog_overlay_surface:clusters,catalog_overlay_surface:clusters,cluster.job.start_controlled,sblr.cluster.control.v3:cluster.job.start_controlled,sblr.cluster.control.v3:cluster.job.start_controlled,project/src/parsers/compatibility/clickhouse/clickhouse_dialect.cpp#kCatalogSurfaces:clusters,own_compatibility_surface_only,FPR-P2,not_cluster_query,cluster.start_job,provider_routed_public_boundary_manifested,functionality_unsupported;kClusterSupportNotEnabledCode;unsupported_feature=cluster.provider;no_provider_call;fail_closed,functionality_unlicensed;kClusterHandshakeStubCompileLinkOnlyCode;unsupported_feature=cluster.provider.stub;public_compile_link_boundary_only;no_cluster_authority_or_production_behavior,private_internal_provider_required;provider_api_boundary=cluster.start_job;no_private_source_or_implementation_detail,compile_flag_disabled_returns_functionality_unsupported;public_stub_enabled_returns_functionality_unlicensed;private_provider_required_for_execution,provider_boundary_route_required,FSE-P7-PROOF-00005,sblr_surface_fse_p7_execution_proof_gate,query.plan_operation_never_cluster_authority;local_query_sblr_remains_local_engine_authority,parser_emits_normalized_cluster_sblr_only;parser_execution_storage_finality_authority_forbidden,compatibility_cluster_execution_storage_transaction_finality_authority_forbidden,project/tests/compatibility_sql_parser_first_tranche/parser_remap_cluster_route_gate.py,parser_remap_cluster_route_gate,p2_cluster_route_remap_verified,row-level compatibility cluster surface remap preserves provider boundary compile policy and compatibility parser isolation;private provider implementation detail is not recorded
FPR-P2-CLUSTER-00011,clickhouse,diagnostic_surface:cluster_stub,diagnostic_surface:cluster_stub,cluster.metrics.snapshot,sblr.cluster.report.v3:cluster.metrics.snapshot,sblr.cluster.report.v3:cluster.metrics.snapshot,project/src/parsers/compatibility/clickhouse/clickhouse_dialect.cpp#kDiagnosticSurfaces:cluster_stub,own_compatibility_surface_only,FPR-P2,not_cluster_query,cluster.inspect_state,provider_routed_public_boundary_manifested,functionality_unsupported;kClusterSupportNotEnabledCode;unsupported_feature=cluster.provider;no_provider_call;fail_closed,functionality_unlicensed;kClusterHandshakeStubCompileLinkOnlyCode;unsupported_feature=cluster.provider.stub;public_compile_link_boundary_only;no_cluster_authority_or_production_behavior,private_internal_provider_required;provider_api_boundary=cluster.inspect_state;no_private_source_or_implementation_detail,compile_flag_disabled_returns_functionality_unsupported;public_stub_enabled_returns_functionality_unlicensed;private_provider_required_for_execution,provider_boundary_route_required,FSE-P7-PROOF-00010,sblr_surface_fse_p7_execution_proof_gate,query.plan_operation_never_cluster_authority;local_query_sblr_remains_local_engine_authority,parser_emits_normalized_cluster_sblr_only;parser_execution_storage_finality_authority_forbidden,compatibility_cluster_execution_storage_transaction_finality_authority_forbidden,project/tests/compatibility_sql_parser_first_tranche/parser_remap_cluster_route_gate.py,parser_remap_cluster_route_gate,p2_cluster_route_remap_verified,row-level compatibility cluster surface remap preserves provider boundary compile policy and compatibility parser isolation;private provider implementation detail is not recorded
FPR-P2-CLUSTER-00012,cockroachdb,cockroachdb.changefeed.create,cockroachdb.changefeed.create,cluster.metrics.emit_event,sblr.cluster.report.v3:cluster.metrics.emit_event,sblr.cluster.report.v3:cluster.metrics.emit_event,project/src/parsers/compatibility/cockroachdb/cockroachdb_dialect.cpp#kPatterns:cockroachdb.changefeed.create,own_compatibility_surface_only,FPR-P2,not_cluster_query,cluster.emit_event,provider_routed_public_boundary_manifested,functionality_unsupported;kClusterSupportNotEnabledCode;unsupported_feature=cluster.provider;no_provider_call;fail_closed,functionality_unlicensed;kClusterHandshakeStubCompileLinkOnlyCode;unsupported_feature=cluster.provider.stub;public_compile_link_boundary_only;no_cluster_authority_or_production_behavior,private_internal_provider_required;provider_api_boundary=cluster.emit_event;no_private_source_or_implementation_detail,compile_flag_disabled_returns_functionality_unsupported;public_stub_enabled_returns_functionality_unlicensed;private_provider_required_for_execution,provider_boundary_route_required,FSE-P7-PROOF-00008,sblr_surface_fse_p7_execution_proof_gate,query.plan_operation_never_cluster_authority;local_query_sblr_remains_local_engine_authority,parser_emits_normalized_cluster_sblr_only;parser_execution_storage_finality_authority_forbidden,compatibility_cluster_execution_storage_transaction_finality_authority_forbidden,project/tests/compatibility_sql_parser_first_tranche/parser_remap_cluster_route_gate.py,parser_remap_cluster_route_gate,p2_cluster_route_remap_verified,row-level compatibility cluster surface remap preserves provider boundary compile policy and compatibility parser isolation;private provider implementation detail is not recorded
FPR-P2-CLUSTER-00013,cockroachdb,cockroachdb.cluster.setting.set,cockroachdb.cluster.setting.set,cluster.job.start_controlled,sblr.cluster.control.v3:cluster.job.start_controlled,sblr.cluster.control.v3:cluster.job.start_controlled,project/src/parsers/compatibility/cockroachdb/cockroachdb_dialect.cpp#kPatterns:cockroachdb.cluster.setting.set,own_compatibility_surface_only,FPR-P2,not_cluster_query,cluster.start_job,provider_routed_public_boundary_manifested,functionality_unsupported;kClusterSupportNotEnabledCode;unsupported_feature=cluster.provider;no_provider_call;fail_closed,functionality_unlicensed;kClusterHandshakeStubCompileLinkOnlyCode;unsupported_feature=cluster.provider.stub;public_compile_link_boundary_only;no_cluster_authority_or_production_behavior,private_internal_provider_required;provider_api_boundary=cluster.start_job;no_private_source_or_implementation_detail,compile_flag_disabled_returns_functionality_unsupported;public_stub_enabled_returns_functionality_unlicensed;private_provider_required_for_execution,provider_boundary_route_required,FSE-P7-PROOF-00005,sblr_surface_fse_p7_execution_proof_gate,query.plan_operation_never_cluster_authority;local_query_sblr_remains_local_engine_authority,parser_emits_normalized_cluster_sblr_only;parser_execution_storage_finality_authority_forbidden,compatibility_cluster_execution_storage_transaction_finality_authority_forbidden,project/tests/compatibility_sql_parser_first_tranche/parser_remap_cluster_route_gate.py,parser_remap_cluster_route_gate,p2_cluster_route_remap_verified,row-level compatibility cluster surface remap preserves provider boundary compile policy and compatibility parser isolation;private provider implementation detail is not recorded
FPR-P2-CLUSTER-00014,cockroachdb,cockroachdb.cluster.experimental_relocate,cockroachdb.cluster.experimental_relocate,cluster.job.start_controlled,sblr.cluster.control.v3:cluster.job.start_controlled,sblr.cluster.control.v3:cluster.job.start_controlled,project/src/parsers/compatibility/cockroachdb/cockroachdb_dialect.cpp#kPatterns:cockroachdb.cluster.experimental_relocate,own_compatibility_surface_only,FPR-P2,not_cluster_query,cluster.start_job,provider_routed_public_boundary_manifested,functionality_unsupported;kClusterSupportNotEnabledCode;unsupported_feature=cluster.provider;no_provider_call;fail_closed,functionality_unlicensed;kClusterHandshakeStubCompileLinkOnlyCode;unsupported_feature=cluster.provider.stub;public_compile_link_boundary_only;no_cluster_authority_or_production_behavior,private_internal_provider_required;provider_api_boundary=cluster.start_job;no_private_source_or_implementation_detail,compile_flag_disabled_returns_functionality_unsupported;public_stub_enabled_returns_functionality_unlicensed;private_provider_required_for_execution,provider_boundary_route_required,FSE-P7-PROOF-00005,sblr_surface_fse_p7_execution_proof_gate,query.plan_operation_never_cluster_authority;local_query_sblr_remains_local_engine_authority,parser_emits_normalized_cluster_sblr_only;parser_execution_storage_finality_authority_forbidden,compatibility_cluster_execution_storage_transaction_finality_authority_forbidden,project/tests/compatibility_sql_parser_first_tranche/parser_remap_cluster_route_gate.py,parser_remap_cluster_route_gate,p2_cluster_route_remap_verified,row-level compatibility cluster surface remap preserves provider boundary compile policy and compatibility parser isolation;private provider implementation detail is not recorded
FPR-P2-CLUSTER-00015,cockroachdb,catalog_overlay_surface:cluster_settings,catalog_overlay_surface:cluster_settings,cluster.job.start_controlled,sblr.cluster.control.v3:cluster.job.start_controlled,sblr.cluster.control.v3:cluster.job.start_controlled,project/src/parsers/compatibility/cockroachdb/cockroachdb_dialect.cpp#kCatalogSurfaces:cluster_settings,own_compatibility_surface_only,FPR-P2,not_cluster_query,cluster.start_job,provider_routed_public_boundary_manifested,functionality_unsupported;kClusterSupportNotEnabledCode;unsupported_feature=cluster.provider;no_provider_call;fail_closed,functionality_unlicensed;kClusterHandshakeStubCompileLinkOnlyCode;unsupported_feature=cluster.provider.stub;public_compile_link_boundary_only;no_cluster_authority_or_production_behavior,private_internal_provider_required;provider_api_boundary=cluster.start_job;no_private_source_or_implementation_detail,compile_flag_disabled_returns_functionality_unsupported;public_stub_enabled_returns_functionality_unlicensed;private_provider_required_for_execution,provider_boundary_route_required,FSE-P7-PROOF-00005,sblr_surface_fse_p7_execution_proof_gate,query.plan_operation_never_cluster_authority;local_query_sblr_remains_local_engine_authority,parser_emits_normalized_cluster_sblr_only;parser_execution_storage_finality_authority_forbidden,compatibility_cluster_execution_storage_transaction_finality_authority_forbidden,project/tests/compatibility_sql_parser_first_tranche/parser_remap_cluster_route_gate.py,parser_remap_cluster_route_gate,p2_cluster_route_remap_verified,row-level compatibility cluster surface remap preserves provider boundary compile policy and compatibility parser isolation;private provider implementation detail is not recorded
FPR-P2-CLUSTER-00016,cockroachdb,diagnostic_surface:changefeed,diagnostic_surface:changefeed,cluster.metrics.emit_event,sblr.cluster.report.v3:cluster.metrics.emit_event,sblr.cluster.report.v3:cluster.metrics.emit_event,project/src/parsers/compatibility/cockroachdb/cockroachdb_dialect.cpp#kDiagnosticSurfaces:changefeed,own_compatibility_surface_only,FPR-P2,not_cluster_query,cluster.emit_event,provider_routed_public_boundary_manifested,functionality_unsupported;kClusterSupportNotEnabledCode;unsupported_feature=cluster.provider;no_provider_call;fail_closed,functionality_unlicensed;kClusterHandshakeStubCompileLinkOnlyCode;unsupported_feature=cluster.provider.stub;public_compile_link_boundary_only;no_cluster_authority_or_production_behavior,private_internal_provider_required;provider_api_boundary=cluster.emit_event;no_private_source_or_implementation_detail,compile_flag_disabled_returns_functionality_unsupported;public_stub_enabled_returns_functionality_unlicensed;private_provider_required_for_execution,provider_boundary_route_required,FSE-P7-PROOF-00008,sblr_surface_fse_p7_execution_proof_gate,query.plan_operation_never_cluster_authority;local_query_sblr_remains_local_engine_authority,parser_emits_normalized_cluster_sblr_only;parser_execution_storage_finality_authority_forbidden,compatibility_cluster_execution_storage_transaction_finality_authority_forbidden,project/tests/compatibility_sql_parser_first_tranche/parser_remap_cluster_route_gate.py,parser_remap_cluster_route_gate,p2_cluster_route_remap_verified,row-level compatibility cluster surface remap preserves provider boundary compile policy and compatibility parser isolation;private provider implementation detail is not recorded
FPR-P2-CLUSTER-00017,cockroachdb,diagnostic_surface:cluster,diagnostic_surface:cluster,cluster.metrics.snapshot,sblr.cluster.report.v3:cluster.metrics.snapshot,sblr.cluster.report.v3:cluster.metrics.snapshot,project/src/parsers/compatibility/cockroachdb/cockroachdb_dialect.cpp#kDiagnosticSurfaces:cluster,own_compatibility_surface_only,FPR-P2,not_cluster_query,cluster.inspect_state,provider_routed_public_boundary_manifested,functionality_unsupported;kClusterSupportNotEnabledCode;unsupported_feature=cluster.provider;no_provider_call;fail_closed,functionality_unlicensed;kClusterHandshakeStubCompileLinkOnlyCode;unsupported_feature=cluster.provider.stub;public_compile_link_boundary_only;no_cluster_authority_or_production_behavior,private_internal_provider_required;provider_api_boundary=cluster.inspect_state;no_private_source_or_implementation_detail,compile_flag_disabled_returns_functionality_unsupported;public_stub_enabled_returns_functionality_unlicensed;private_provider_required_for_execution,provider_boundary_route_required,FSE-P7-PROOF-00010,sblr_surface_fse_p7_execution_proof_gate,query.plan_operation_never_cluster_authority;local_query_sblr_remains_local_engine_authority,parser_emits_normalized_cluster_sblr_only;parser_execution_storage_finality_authority_forbidden,compatibility_cluster_execution_storage_transaction_finality_authority_forbidden,project/tests/compatibility_sql_parser_first_tranche/parser_remap_cluster_route_gate.py,parser_remap_cluster_route_gate,p2_cluster_route_remap_verified,row-level compatibility cluster surface remap preserves provider boundary compile policy and compatibility parser isolation;private provider implementation detail is not recorded
FPR-P2-CLUSTER-00018,cockroachdb,diagnostic_surface:unsupported,diagnostic_surface:unsupported,cluster.metrics.collect_support_bundle,sblr.cluster.report.v3:cluster.metrics.collect_support_bundle,sblr.cluster.report.v3:cluster.metrics.collect_support_bundle,project/src/parsers/compatibility/cockroachdb/cockroachdb_dialect.cpp#kDiagnosticSurfaces:unsupported,own_compatibility_surface_only,FPR-P2,not_cluster_query,cluster.collect_support_bundle,provider_routed_public_boundary_manifested,functionality_unsupported;kClusterSupportNotEnabledCode;unsupported_feature=cluster.provider;no_provider_call;fail_closed,functionality_unlicensed;kClusterHandshakeStubCompileLinkOnlyCode;unsupported_feature=cluster.provider.stub;public_compile_link_boundary_only;no_cluster_authority_or_production_behavior,private_internal_provider_required;provider_api_boundary=cluster.collect_support_bundle;no_private_source_or_implementation_detail,compile_flag_disabled_returns_functionality_unsupported;public_stub_enabled_returns_functionality_unlicensed;private_provider_required_for_execution,provider_boundary_route_required,FSE-P7-PROOF-00007,sblr_surface_fse_p7_execution_proof_gate,query.plan_operation_never_cluster_authority;local_query_sblr_remains_local_engine_authority,parser_emits_normalized_cluster_sblr_only;parser_execution_storage_finality_authority_forbidden,compatibility_cluster_execution_storage_transaction_finality_authority_forbidden,project/tests/compatibility_sql_parser_first_tranche/parser_remap_cluster_route_gate.py,parser_remap_cluster_route_gate,p2_cluster_route_remap_verified,row-level compatibility cluster surface remap preserves provider boundary compile policy and compatibility parser isolation;private provider implementation detail is not recorded
FPR-P2-CLUSTER-00019,firebird,firebird.emulated.replication_journal,firebird.emulated.replication_journal,cluster.replication.consume_cluster_event,sblr.replication.consumer.v3:cluster.replication.consume_cluster_event,sblr.replication.consumer.v3:cluster.replication.consume_cluster_event,project/src/parsers/compatibility/firebird/firebird_dialect.cpp#FirebirdMappingStorage:firebird.emulated.replication_journal,own_compatibility_surface_only,FPR-P2,not_cluster_query,cluster.inspect_replication,provider_routed_public_boundary_manifested,functionality_unsupported;kClusterSupportNotEnabledCode;unsupported_feature=cluster.provider;no_provider_call;fail_closed,functionality_unlicensed;kClusterHandshakeStubCompileLinkOnlyCode;unsupported_feature=cluster.provider.stub;public_compile_link_boundary_only;no_cluster_authority_or_production_behavior,private_internal_provider_required;provider_api_boundary=cluster.inspect_replication;no_private_source_or_implementation_detail,compile_flag_disabled_returns_functionality_unsupported;public_stub_enabled_returns_functionality_unlicensed;private_provider_required_for_execution,provider_boundary_route_required,FSE-P7-PROOF-00036,sblr_surface_fse_p7_execution_proof_gate,query.plan_operation_never_cluster_authority;local_query_sblr_remains_local_engine_authority,parser_emits_normalized_cluster_sblr_only;parser_execution_storage_finality_authority_forbidden,compatibility_cluster_execution_storage_transaction_finality_authority_forbidden,project/tests/compatibility_sql_parser_first_tranche/parser_remap_cluster_route_gate.py,parser_remap_cluster_route_gate,p2_cluster_route_remap_verified,row-level compatibility cluster surface remap preserves provider boundary compile policy and compatibility parser isolation;private provider implementation detail is not recorded
FPR-P2-CLUSTER-00020,firebird,firebird.emulated.replication_journal,firebird.emulated.replication_journal,cluster.replication.consume_cluster_event,sblr.replication.consumer.v3:cluster.replication.consume_cluster_event,sblr.replication.consumer.v3:cluster.replication.consume_cluster_event,project/src/parsers/compatibility/firebird/firebird_dialect.cpp#ClassifyNonFileOperation:firebird.emulated.replication_journal,own_compatibility_surface_only,FPR-P2,not_cluster_query,cluster.inspect_replication,provider_routed_public_boundary_manifested,functionality_unsupported;kClusterSupportNotEnabledCode;unsupported_feature=cluster.provider;no_provider_call;fail_closed,functionality_unlicensed;kClusterHandshakeStubCompileLinkOnlyCode;unsupported_feature=cluster.provider.stub;public_compile_link_boundary_only;no_cluster_authority_or_production_behavior,private_internal_provider_required;provider_api_boundary=cluster.inspect_replication;no_private_source_or_implementation_detail,compile_flag_disabled_returns_functionality_unsupported;public_stub_enabled_returns_functionality_unlicensed;private_provider_required_for_execution,provider_boundary_route_required,FSE-P7-PROOF-00036,sblr_surface_fse_p7_execution_proof_gate,query.plan_operation_never_cluster_authority;local_query_sblr_remains_local_engine_authority,parser_emits_normalized_cluster_sblr_only;parser_execution_storage_finality_authority_forbidden,compatibility_cluster_execution_storage_transaction_finality_authority_forbidden,project/tests/compatibility_sql_parser_first_tranche/parser_remap_cluster_route_gate.py,parser_remap_cluster_route_gate,p2_cluster_route_remap_verified,row-level compatibility cluster surface remap preserves provider boundary compile policy and compatibility parser isolation;private provider implementation detail is not recorded
FPR-P2-CLUSTER-00021,foundationdb,foundationdb.admin.configure,foundationdb.admin.configure,cluster.job.start_controlled,sblr.cluster.control.v3:cluster.job.start_controlled,sblr.cluster.control.v3:cluster.job.start_controlled,project/src/parsers/compatibility/foundationdb/foundationdb_dialect.cpp#kPatterns:foundationdb.admin.configure,own_compatibility_surface_only,FPR-P2,not_cluster_query,cluster.start_job,provider_routed_public_boundary_manifested,functionality_unsupported;kClusterSupportNotEnabledCode;unsupported_feature=cluster.provider;no_provider_call;fail_closed,functionality_unlicensed;kClusterHandshakeStubCompileLinkOnlyCode;unsupported_feature=cluster.provider.stub;public_compile_link_boundary_only;no_cluster_authority_or_production_behavior,private_internal_provider_required;provider_api_boundary=cluster.start_job;no_private_source_or_implementation_detail,compile_flag_disabled_returns_functionality_unsupported;public_stub_enabled_returns_functionality_unlicensed;private_provider_required_for_execution,provider_boundary_route_required,FSE-P7-PROOF-00005,sblr_surface_fse_p7_execution_proof_gate,query.plan_operation_never_cluster_authority;local_query_sblr_remains_local_engine_authority,parser_emits_normalized_cluster_sblr_only;parser_execution_storage_finality_authority_forbidden,compatibility_cluster_execution_storage_transaction_finality_authority_forbidden,project/tests/compatibility_sql_parser_first_tranche/parser_remap_cluster_route_gate.py,parser_remap_cluster_route_gate,p2_cluster_route_remap_verified,row-level compatibility cluster surface remap preserves provider boundary compile policy and compatibility parser isolation;private provider implementation detail is not recorded
FPR-P2-CLUSTER-00022,foundationdb,foundationdb.admin.coordinators,foundationdb.admin.coordinators,cluster.job.start_controlled,sblr.cluster.control.v3:cluster.job.start_controlled,sblr.cluster.control.v3:cluster.job.start_controlled,project/src/parsers/compatibility/foundationdb/foundationdb_dialect.cpp#kPatterns:foundationdb.admin.coordinators,own_compatibility_surface_only,FPR-P2,not_cluster_query,cluster.start_job,provider_routed_public_boundary_manifested,functionality_unsupported;kClusterSupportNotEnabledCode;unsupported_feature=cluster.provider;no_provider_call;fail_closed,functionality_unlicensed;kClusterHandshakeStubCompileLinkOnlyCode;unsupported_feature=cluster.provider.stub;public_compile_link_boundary_only;no_cluster_authority_or_production_behavior,private_internal_provider_required;provider_api_boundary=cluster.start_job;no_private_source_or_implementation_detail,compile_flag_disabled_returns_functionality_unsupported;public_stub_enabled_returns_functionality_unlicensed;private_provider_required_for_execution,provider_boundary_route_required,FSE-P7-PROOF-00005,sblr_surface_fse_p7_execution_proof_gate,query.plan_operation_never_cluster_authority;local_query_sblr_remains_local_engine_authority,parser_emits_normalized_cluster_sblr_only;parser_execution_storage_finality_authority_forbidden,compatibility_cluster_execution_storage_transaction_finality_authority_forbidden,project/tests/compatibility_sql_parser_first_tranche/parser_remap_cluster_route_gate.py,parser_remap_cluster_route_gate,p2_cluster_route_remap_verified,row-level compatibility cluster surface remap preserves provider boundary compile policy and compatibility parser isolation;private provider implementation detail is not recorded
FPR-P2-CLUSTER-00023,foundationdb,foundationdb.admin.exclude,foundationdb.admin.exclude,cluster.job.start_controlled,sblr.cluster.control.v3:cluster.job.start_controlled,sblr.cluster.control.v3:cluster.job.start_controlled,project/src/parsers/compatibility/foundationdb/foundationdb_dialect.cpp#kPatterns:foundationdb.admin.exclude,own_compatibility_surface_only,FPR-P2,not_cluster_query,cluster.start_job,provider_routed_public_boundary_manifested,functionality_unsupported;kClusterSupportNotEnabledCode;unsupported_feature=cluster.provider;no_provider_call;fail_closed,functionality_unlicensed;kClusterHandshakeStubCompileLinkOnlyCode;unsupported_feature=cluster.provider.stub;public_compile_link_boundary_only;no_cluster_authority_or_production_behavior,private_internal_provider_required;provider_api_boundary=cluster.start_job;no_private_source_or_implementation_detail,compile_flag_disabled_returns_functionality_unsupported;public_stub_enabled_returns_functionality_unlicensed;private_provider_required_for_execution,provider_boundary_route_required,FSE-P7-PROOF-00005,sblr_surface_fse_p7_execution_proof_gate,query.plan_operation_never_cluster_authority;local_query_sblr_remains_local_engine_authority,parser_emits_normalized_cluster_sblr_only;parser_execution_storage_finality_authority_forbidden,compatibility_cluster_execution_storage_transaction_finality_authority_forbidden,project/tests/compatibility_sql_parser_first_tranche/parser_remap_cluster_route_gate.py,parser_remap_cluster_route_gate,p2_cluster_route_remap_verified,row-level compatibility cluster surface remap preserves provider boundary compile policy and compatibility parser isolation;private provider implementation detail is not recorded
FPR-P2-CLUSTER-00024,foundationdb,foundationdb.admin.include,foundationdb.admin.include,cluster.job.start_controlled,sblr.cluster.control.v3:cluster.job.start_controlled,sblr.cluster.control.v3:cluster.job.start_controlled,project/src/parsers/compatibility/foundationdb/foundationdb_dialect.cpp#kPatterns:foundationdb.admin.include,own_compatibility_surface_only,FPR-P2,not_cluster_query,cluster.start_job,provider_routed_public_boundary_manifested,functionality_unsupported;kClusterSupportNotEnabledCode;unsupported_feature=cluster.provider;no_provider_call;fail_closed,functionality_unlicensed;kClusterHandshakeStubCompileLinkOnlyCode;unsupported_feature=cluster.provider.stub;public_compile_link_boundary_only;no_cluster_authority_or_production_behavior,private_internal_provider_required;provider_api_boundary=cluster.start_job;no_private_source_or_implementation_detail,compile_flag_disabled_returns_functionality_unsupported;public_stub_enabled_returns_functionality_unlicensed;private_provider_required_for_execution,provider_boundary_route_required,FSE-P7-PROOF-00005,sblr_surface_fse_p7_execution_proof_gate,query.plan_operation_never_cluster_authority;local_query_sblr_remains_local_engine_authority,parser_emits_normalized_cluster_sblr_only;parser_execution_storage_finality_authority_forbidden,compatibility_cluster_execution_storage_transaction_finality_authority_forbidden,project/tests/compatibility_sql_parser_first_tranche/parser_remap_cluster_route_gate.py,parser_remap_cluster_route_gate,p2_cluster_route_remap_verified,row-level compatibility cluster surface remap preserves provider boundary compile policy and compatibility parser isolation;private provider implementation detail is not recorded
FPR-P2-CLUSTER-00025,foundationdb,foundationdb.admin.kill,foundationdb.admin.kill,cluster.job.start_controlled,sblr.cluster.control.v3:cluster.job.start_controlled,sblr.cluster.control.v3:cluster.job.start_controlled,project/src/parsers/compatibility/foundationdb/foundationdb_dialect.cpp#kPatterns:foundationdb.admin.kill,own_compatibility_surface_only,FPR-P2,not_cluster_query,cluster.start_job,provider_routed_public_boundary_manifested,functionality_unsupported;kClusterSupportNotEnabledCode;unsupported_feature=cluster.provider;no_provider_call;fail_closed,functionality_unlicensed;kClusterHandshakeStubCompileLinkOnlyCode;unsupported_feature=cluster.provider.stub;public_compile_link_boundary_only;no_cluster_authority_or_production_behavior,private_internal_provider_required;provider_api_boundary=cluster.start_job;no_private_source_or_implementation_detail,compile_flag_disabled_returns_functionality_unsupported;public_stub_enabled_returns_functionality_unlicensed;private_provider_required_for_execution,provider_boundary_route_required,FSE-P7-PROOF-00005,sblr_surface_fse_p7_execution_proof_gate,query.plan_operation_never_cluster_authority;local_query_sblr_remains_local_engine_authority,parser_emits_normalized_cluster_sblr_only;parser_execution_storage_finality_authority_forbidden,compatibility_cluster_execution_storage_transaction_finality_authority_forbidden,project/tests/compatibility_sql_parser_first_tranche/parser_remap_cluster_route_gate.py,parser_remap_cluster_route_gate,p2_cluster_route_remap_verified,row-level compatibility cluster surface remap preserves provider boundary compile policy and compatibility parser isolation;private provider implementation detail is not recorded
FPR-P2-CLUSTER-00026,foundationdb,foundationdb.admin.force_recovery,foundationdb.admin.force_recovery,cluster.tx.recover_limbo_participant,required_new:sblr.cluster.transaction.v1:cluster.tx.recover_limbo_participant,required_new:sblr.cluster.transaction.v1:cluster.tx.recover_limbo_participant,project/src/parsers/compatibility/foundationdb/foundationdb_dialect.cpp#kPatterns:foundationdb.admin.force_recovery,own_compatibility_surface_only,FPR-P2,not_cluster_query,cluster.recover_limbo_participant,provider_routed_public_boundary_manifested,functionality_unsupported;kClusterSupportNotEnabledCode;unsupported_feature=cluster.provider;no_provider_call;fail_closed,functionality_unlicensed;kClusterHandshakeStubCompileLinkOnlyCode;unsupported_feature=cluster.provider.stub;public_compile_link_boundary_only;no_cluster_authority_or_production_behavior,private_internal_provider_required;provider_api_boundary=cluster.recover_limbo_participant;no_private_source_or_implementation_detail,compile_flag_disabled_returns_functionality_unsupported;public_stub_enabled_returns_functionality_unlicensed;private_provider_required_for_execution,provider_boundary_route_required,FSE-P7-PROOF-00058,sblr_surface_fse_p7_execution_proof_gate,query.plan_operation_never_cluster_authority;local_query_sblr_remains_local_engine_authority,parser_emits_normalized_cluster_sblr_only;parser_execution_storage_finality_authority_forbidden,compatibility_cluster_execution_storage_transaction_finality_authority_forbidden,project/tests/compatibility_sql_parser_first_tranche/parser_remap_cluster_route_gate.py,parser_remap_cluster_route_gate,p2_cluster_route_remap_verified,row-level compatibility cluster surface remap preserves provider boundary compile policy and compatibility parser isolation;private provider implementation detail is not recorded
FPR-P2-CLUSTER-00027,foundationdb,builtin_function_surface:cluster,builtin_function_surface:cluster,cluster.job.start_controlled,sblr.cluster.control.v3:cluster.job.start_controlled,sblr.cluster.control.v3:cluster.job.start_controlled,project/src/parsers/compatibility/foundationdb/foundationdb_dialect.cpp#kBuiltinSurfaces:cluster,own_compatibility_surface_only,FPR-P2,not_cluster_query,cluster.start_job,provider_routed_public_boundary_manifested,functionality_unsupported;kClusterSupportNotEnabledCode;unsupported_feature=cluster.provider;no_provider_call;fail_closed,functionality_unlicensed;kClusterHandshakeStubCompileLinkOnlyCode;unsupported_feature=cluster.provider.stub;public_compile_link_boundary_only;no_cluster_authority_or_production_behavior,private_internal_provider_required;provider_api_boundary=cluster.start_job;no_private_source_or_implementation_detail,compile_flag_disabled_returns_functionality_unsupported;public_stub_enabled_returns_functionality_unlicensed;private_provider_required_for_execution,provider_boundary_route_required,FSE-P7-PROOF-00005,sblr_surface_fse_p7_execution_proof_gate,query.plan_operation_never_cluster_authority;local_query_sblr_remains_local_engine_authority,parser_emits_normalized_cluster_sblr_only;parser_execution_storage_finality_authority_forbidden,compatibility_cluster_execution_storage_transaction_finality_authority_forbidden,project/tests/compatibility_sql_parser_first_tranche/parser_remap_cluster_route_gate.py,parser_remap_cluster_route_gate,p2_cluster_route_remap_verified,row-level compatibility cluster surface remap preserves provider boundary compile policy and compatibility parser isolation;private provider implementation detail is not recorded
FPR-P2-CLUSTER-00028,foundationdb,catalog_overlay_surface:cluster,catalog_overlay_surface:cluster,cluster.job.start_controlled,sblr.cluster.control.v3:cluster.job.start_controlled,sblr.cluster.control.v3:cluster.job.start_controlled,project/src/parsers/compatibility/foundationdb/foundationdb_dialect.cpp#kCatalogSurfaces:cluster,own_compatibility_surface_only,FPR-P2,not_cluster_query,cluster.start_job,provider_routed_public_boundary_manifested,functionality_unsupported;kClusterSupportNotEnabledCode;unsupported_feature=cluster.provider;no_provider_call;fail_closed,functionality_unlicensed;kClusterHandshakeStubCompileLinkOnlyCode;unsupported_feature=cluster.provider.stub;public_compile_link_boundary_only;no_cluster_authority_or_production_behavior,private_internal_provider_required;provider_api_boundary=cluster.start_job;no_private_source_or_implementation_detail,compile_flag_disabled_returns_functionality_unsupported;public_stub_enabled_returns_functionality_unlicensed;private_provider_required_for_execution,provider_boundary_route_required,FSE-P7-PROOF-00005,sblr_surface_fse_p7_execution_proof_gate,query.plan_operation_never_cluster_authority;local_query_sblr_remains_local_engine_authority,parser_emits_normalized_cluster_sblr_only;parser_execution_storage_finality_authority_forbidden,compatibility_cluster_execution_storage_transaction_finality_authority_forbidden,project/tests/compatibility_sql_parser_first_tranche/parser_remap_cluster_route_gate.py,parser_remap_cluster_route_gate,p2_cluster_route_remap_verified,row-level compatibility cluster surface remap preserves provider boundary compile policy and compatibility parser isolation;private provider implementation detail is not recorded
FPR-P2-CLUSTER-00029,immudb,immudb.replication.admin,immudb.replication.admin,cluster.replication.consume_cluster_event,sblr.replication.consumer.v3:cluster.replication.consume_cluster_event,sblr.replication.consumer.v3:cluster.replication.consume_cluster_event,project/src/parsers/compatibility/immudb/immudb_dialect.cpp#kPatterns:immudb.replication.admin,own_compatibility_surface_only,FPR-P2,not_cluster_query,cluster.inspect_replication,provider_routed_public_boundary_manifested,functionality_unsupported;kClusterSupportNotEnabledCode;unsupported_feature=cluster.provider;no_provider_call;fail_closed,functionality_unlicensed;kClusterHandshakeStubCompileLinkOnlyCode;unsupported_feature=cluster.provider.stub;public_compile_link_boundary_only;no_cluster_authority_or_production_behavior,private_internal_provider_required;provider_api_boundary=cluster.inspect_replication;no_private_source_or_implementation_detail,compile_flag_disabled_returns_functionality_unsupported;public_stub_enabled_returns_functionality_unlicensed;private_provider_required_for_execution,provider_boundary_route_required,FSE-P7-PROOF-00036,sblr_surface_fse_p7_execution_proof_gate,query.plan_operation_never_cluster_authority;local_query_sblr_remains_local_engine_authority,parser_emits_normalized_cluster_sblr_only;parser_execution_storage_finality_authority_forbidden,compatibility_cluster_execution_storage_transaction_finality_authority_forbidden,project/tests/compatibility_sql_parser_first_tranche/parser_remap_cluster_route_gate.py,parser_remap_cluster_route_gate,p2_cluster_route_remap_verified,row-level compatibility cluster surface remap preserves provider boundary compile policy and compatibility parser isolation;private provider implementation detail is not recorded
FPR-P2-CLUSTER-00030,immudb,immudb.replication.apply,immudb.replication.apply,cluster.replication.consume_cluster_event,sblr.replication.consumer.v3:cluster.replication.consume_cluster_event,sblr.replication.consumer.v3:cluster.replication.consume_cluster_event,project/src/parsers/compatibility/immudb/immudb_dialect.cpp#kPatterns:immudb.replication.apply,own_compatibility_surface_only,FPR-P2,not_cluster_query,cluster.inspect_replication,provider_routed_public_boundary_manifested,functionality_unsupported;kClusterSupportNotEnabledCode;unsupported_feature=cluster.provider;no_provider_call;fail_closed,functionality_unlicensed;kClusterHandshakeStubCompileLinkOnlyCode;unsupported_feature=cluster.provider.stub;public_compile_link_boundary_only;no_cluster_authority_or_production_behavior,private_internal_provider_required;provider_api_boundary=cluster.inspect_replication;no_private_source_or_implementation_detail,compile_flag_disabled_returns_functionality_unsupported;public_stub_enabled_returns_functionality_unlicensed;private_provider_required_for_execution,provider_boundary_route_required,FSE-P7-PROOF-00036,sblr_surface_fse_p7_execution_proof_gate,query.plan_operation_never_cluster_authority;local_query_sblr_remains_local_engine_authority,parser_emits_normalized_cluster_sblr_only;parser_execution_storage_finality_authority_forbidden,compatibility_cluster_execution_storage_transaction_finality_authority_forbidden,project/tests/compatibility_sql_parser_first_tranche/parser_remap_cluster_route_gate.py,parser_remap_cluster_route_gate,p2_cluster_route_remap_verified,row-level compatibility cluster surface remap preserves provider boundary compile policy and compatibility parser isolation;private provider implementation detail is not recorded
FPR-P2-CLUSTER-00031,immudb,builtin_function_surface:replication,builtin_function_surface:replication,cluster.replication.consume_cluster_event,sblr.replication.consumer.v3:cluster.replication.consume_cluster_event,sblr.replication.consumer.v3:cluster.replication.consume_cluster_event,project/src/parsers/compatibility/immudb/immudb_dialect.cpp#kBuiltinSurfaces:replication,own_compatibility_surface_only,FPR-P2,not_cluster_query,cluster.inspect_replication,provider_routed_public_boundary_manifested,functionality_unsupported;kClusterSupportNotEnabledCode;unsupported_feature=cluster.provider;no_provider_call;fail_closed,functionality_unlicensed;kClusterHandshakeStubCompileLinkOnlyCode;unsupported_feature=cluster.provider.stub;public_compile_link_boundary_only;no_cluster_authority_or_production_behavior,private_internal_provider_required;provider_api_boundary=cluster.inspect_replication;no_private_source_or_implementation_detail,compile_flag_disabled_returns_functionality_unsupported;public_stub_enabled_returns_functionality_unlicensed;private_provider_required_for_execution,provider_boundary_route_required,FSE-P7-PROOF-00036,sblr_surface_fse_p7_execution_proof_gate,query.plan_operation_never_cluster_authority;local_query_sblr_remains_local_engine_authority,parser_emits_normalized_cluster_sblr_only;parser_execution_storage_finality_authority_forbidden,compatibility_cluster_execution_storage_transaction_finality_authority_forbidden,project/tests/compatibility_sql_parser_first_tranche/parser_remap_cluster_route_gate.py,parser_remap_cluster_route_gate,p2_cluster_route_remap_verified,row-level compatibility cluster surface remap preserves provider boundary compile policy and compatibility parser isolation;private provider implementation detail is not recorded
FPR-P2-CLUSTER-00032,influxdb,influxdb.admin.show_servers,influxdb.admin.show_servers,cluster.admin.inspect_status,sblr.cluster.report.v3:cluster.admin.inspect_status,sblr.cluster.report.v3:cluster.admin.inspect_status,project/src/parsers/compatibility/influxdb/influxdb_dialect.cpp#kPatterns:influxdb.admin.show_servers,own_compatibility_surface_only,FPR-P2,not_cluster_query,cluster.inspect_state,provider_routed_public_boundary_manifested,functionality_unsupported;kClusterSupportNotEnabledCode;unsupported_feature=cluster.provider;no_provider_call;fail_closed,functionality_unlicensed;kClusterHandshakeStubCompileLinkOnlyCode;unsupported_feature=cluster.provider.stub;public_compile_link_boundary_only;no_cluster_authority_or_production_behavior,private_internal_provider_required;provider_api_boundary=cluster.inspect_state;no_private_source_or_implementation_detail,compile_flag_disabled_returns_functionality_unsupported;public_stub_enabled_returns_functionality_unlicensed;private_provider_required_for_execution,provider_boundary_route_required,FSE-P7-PROOF-00001,sblr_surface_fse_p7_execution_proof_gate,query.plan_operation_never_cluster_authority;local_query_sblr_remains_local_engine_authority,parser_emits_normalized_cluster_sblr_only;parser_execution_storage_finality_authority_forbidden,compatibility_cluster_execution_storage_transaction_finality_authority_forbidden,project/tests/compatibility_sql_parser_first_tranche/parser_remap_cluster_route_gate.py,parser_remap_cluster_route_gate,p2_cluster_route_remap_verified,row-level compatibility cluster surface remap preserves provider boundary compile policy and compatibility parser isolation;private provider implementation detail is not recorded
FPR-P2-CLUSTER-00033,influxdb,influxdb.admin.show_cluster,influxdb.admin.show_cluster,cluster.admin.inspect_status,sblr.cluster.report.v3:cluster.admin.inspect_status,sblr.cluster.report.v3:cluster.admin.inspect_status,project/src/parsers/compatibility/influxdb/influxdb_dialect.cpp#kPatterns:influxdb.admin.show_cluster,own_compatibility_surface_only,FPR-P2,not_cluster_query,cluster.inspect_state,provider_routed_public_boundary_manifested,functionality_unsupported;kClusterSupportNotEnabledCode;unsupported_feature=cluster.provider;no_provider_call;fail_closed,functionality_unlicensed;kClusterHandshakeStubCompileLinkOnlyCode;unsupported_feature=cluster.provider.stub;public_compile_link_boundary_only;no_cluster_authority_or_production_behavior,private_internal_provider_required;provider_api_boundary=cluster.inspect_state;no_private_source_or_implementation_detail,compile_flag_disabled_returns_functionality_unsupported;public_stub_enabled_returns_functionality_unlicensed;private_provider_required_for_execution,provider_boundary_route_required,FSE-P7-PROOF-00001,sblr_surface_fse_p7_execution_proof_gate,query.plan_operation_never_cluster_authority;local_query_sblr_remains_local_engine_authority,parser_emits_normalized_cluster_sblr_only;parser_execution_storage_finality_authority_forbidden,compatibility_cluster_execution_storage_transaction_finality_authority_forbidden,project/tests/compatibility_sql_parser_first_tranche/parser_remap_cluster_route_gate.py,parser_remap_cluster_route_gate,p2_cluster_route_remap_verified,row-level compatibility cluster surface remap preserves provider boundary compile policy and compatibility parser isolation;private provider implementation detail is not recorded
FPR-P2-CLUSTER-00034,mariadb,mariadb.replication.reset_master,mariadb.replication.reset_master,cluster.replication.consume_cluster_event,sblr.replication.consumer.v3:cluster.replication.consume_cluster_event,sblr.replication.consumer.v3:cluster.replication.consume_cluster_event,project/src/parsers/compatibility/mariadb/mariadb_dialect.cpp#kPatterns:mariadb.replication.reset_master,own_compatibility_surface_only,FPR-P2,not_cluster_query,cluster.inspect_replication,provider_routed_public_boundary_manifested,functionality_unsupported;kClusterSupportNotEnabledCode;unsupported_feature=cluster.provider;no_provider_call;fail_closed,functionality_unlicensed;kClusterHandshakeStubCompileLinkOnlyCode;unsupported_feature=cluster.provider.stub;public_compile_link_boundary_only;no_cluster_authority_or_production_behavior,private_internal_provider_required;provider_api_boundary=cluster.inspect_replication;no_private_source_or_implementation_detail,compile_flag_disabled_returns_functionality_unsupported;public_stub_enabled_returns_functionality_unlicensed;private_provider_required_for_execution,provider_boundary_route_required,FSE-P7-PROOF-00036,sblr_surface_fse_p7_execution_proof_gate,query.plan_operation_never_cluster_authority;local_query_sblr_remains_local_engine_authority,parser_emits_normalized_cluster_sblr_only;parser_execution_storage_finality_authority_forbidden,compatibility_cluster_execution_storage_transaction_finality_authority_forbidden,project/tests/compatibility_sql_parser_first_tranche/parser_remap_cluster_route_gate.py,parser_remap_cluster_route_gate,p2_cluster_route_remap_verified,row-level compatibility cluster surface remap preserves provider boundary compile policy and compatibility parser isolation;private provider implementation detail is not recorded
FPR-P2-CLUSTER-00035,mariadb,mariadb.replication.change_source,mariadb.replication.change_source,cluster.replication.consume_cluster_event,sblr.replication.consumer.v3:cluster.replication.consume_cluster_event,sblr.replication.consumer.v3:cluster.replication.consume_cluster_event,project/src/parsers/compatibility/mariadb/mariadb_dialect.cpp#kPatterns:mariadb.replication.change_source,own_compatibility_surface_only,FPR-P2,not_cluster_query,cluster.inspect_replication,provider_routed_public_boundary_manifested,functionality_unsupported;kClusterSupportNotEnabledCode;unsupported_feature=cluster.provider;no_provider_call;fail_closed,functionality_unlicensed;kClusterHandshakeStubCompileLinkOnlyCode;unsupported_feature=cluster.provider.stub;public_compile_link_boundary_only;no_cluster_authority_or_production_behavior,private_internal_provider_required;provider_api_boundary=cluster.inspect_replication;no_private_source_or_implementation_detail,compile_flag_disabled_returns_functionality_unsupported;public_stub_enabled_returns_functionality_unlicensed;private_provider_required_for_execution,provider_boundary_route_required,FSE-P7-PROOF-00036,sblr_surface_fse_p7_execution_proof_gate,query.plan_operation_never_cluster_authority;local_query_sblr_remains_local_engine_authority,parser_emits_normalized_cluster_sblr_only;parser_execution_storage_finality_authority_forbidden,compatibility_cluster_execution_storage_transaction_finality_authority_forbidden,project/tests/compatibility_sql_parser_first_tranche/parser_remap_cluster_route_gate.py,parser_remap_cluster_route_gate,p2_cluster_route_remap_verified,row-level compatibility cluster surface remap preserves provider boundary compile policy and compatibility parser isolation;private provider implementation detail is not recorded
FPR-P2-CLUSTER-00036,mariadb,mariadb.replication.change_master_legacy,mariadb.replication.change_master_legacy,cluster.replication.consume_cluster_event,sblr.replication.consumer.v3:cluster.replication.consume_cluster_event,sblr.replication.consumer.v3:cluster.replication.consume_cluster_event,project/src/parsers/compatibility/mariadb/mariadb_dialect.cpp#kPatterns:mariadb.replication.change_master_legacy,own_compatibility_surface_only,FPR-P2,not_cluster_query,cluster.inspect_replication,provider_routed_public_boundary_manifested,functionality_unsupported;kClusterSupportNotEnabledCode;unsupported_feature=cluster.provider;no_provider_call;fail_closed,functionality_unlicensed;kClusterHandshakeStubCompileLinkOnlyCode;unsupported_feature=cluster.provider.stub;public_compile_link_boundary_only;no_cluster_authority_or_production_behavior,private_internal_provider_required;provider_api_boundary=cluster.inspect_replication;no_private_source_or_implementation_detail,compile_flag_disabled_returns_functionality_unsupported;public_stub_enabled_returns_functionality_unlicensed;private_provider_required_for_execution,provider_boundary_route_required,FSE-P7-PROOF-00036,sblr_surface_fse_p7_execution_proof_gate,query.plan_operation_never_cluster_authority;local_query_sblr_remains_local_engine_authority,parser_emits_normalized_cluster_sblr_only;parser_execution_storage_finality_authority_forbidden,compatibility_cluster_execution_storage_transaction_finality_authority_forbidden,project/tests/compatibility_sql_parser_first_tranche/parser_remap_cluster_route_gate.py,parser_remap_cluster_route_gate,p2_cluster_route_remap_verified,row-level compatibility cluster surface remap preserves provider boundary compile policy and compatibility parser isolation;private provider implementation detail is not recorded
FPR-P2-CLUSTER-00037,mariadb,mariadb.replication.start_replica,mariadb.replication.start_replica,cluster.replication.consume_cluster_event,sblr.replication.consumer.v3:cluster.replication.consume_cluster_event,sblr.replication.consumer.v3:cluster.replication.consume_cluster_event,project/src/parsers/compatibility/mariadb/mariadb_dialect.cpp#kPatterns:mariadb.replication.start_replica,own_compatibility_surface_only,FPR-P2,not_cluster_query,cluster.inspect_replication,provider_routed_public_boundary_manifested,functionality_unsupported;kClusterSupportNotEnabledCode;unsupported_feature=cluster.provider;no_provider_call;fail_closed,functionality_unlicensed;kClusterHandshakeStubCompileLinkOnlyCode;unsupported_feature=cluster.provider.stub;public_compile_link_boundary_only;no_cluster_authority_or_production_behavior,private_internal_provider_required;provider_api_boundary=cluster.inspect_replication;no_private_source_or_implementation_detail,compile_flag_disabled_returns_functionality_unsupported;public_stub_enabled_returns_functionality_unlicensed;private_provider_required_for_execution,provider_boundary_route_required,FSE-P7-PROOF-00036,sblr_surface_fse_p7_execution_proof_gate,query.plan_operation_never_cluster_authority;local_query_sblr_remains_local_engine_authority,parser_emits_normalized_cluster_sblr_only;parser_execution_storage_finality_authority_forbidden,compatibility_cluster_execution_storage_transaction_finality_authority_forbidden,project/tests/compatibility_sql_parser_first_tranche/parser_remap_cluster_route_gate.py,parser_remap_cluster_route_gate,p2_cluster_route_remap_verified,row-level compatibility cluster surface remap preserves provider boundary compile policy and compatibility parser isolation;private provider implementation detail is not recorded
FPR-P2-CLUSTER-00038,mariadb,mariadb.replication.stop_replica,mariadb.replication.stop_replica,cluster.replication.consume_cluster_event,sblr.replication.consumer.v3:cluster.replication.consume_cluster_event,sblr.replication.consumer.v3:cluster.replication.consume_cluster_event,project/src/parsers/compatibility/mariadb/mariadb_dialect.cpp#kPatterns:mariadb.replication.stop_replica,own_compatibility_surface_only,FPR-P2,not_cluster_query,cluster.inspect_replication,provider_routed_public_boundary_manifested,functionality_unsupported;kClusterSupportNotEnabledCode;unsupported_feature=cluster.provider;no_provider_call;fail_closed,functionality_unlicensed;kClusterHandshakeStubCompileLinkOnlyCode;unsupported_feature=cluster.provider.stub;public_compile_link_boundary_only;no_cluster_authority_or_production_behavior,private_internal_provider_required;provider_api_boundary=cluster.inspect_replication;no_private_source_or_implementation_detail,compile_flag_disabled_returns_functionality_unsupported;public_stub_enabled_returns_functionality_unlicensed;private_provider_required_for_execution,provider_boundary_route_required,FSE-P7-PROOF-00036,sblr_surface_fse_p7_execution_proof_gate,query.plan_operation_never_cluster_authority;local_query_sblr_remains_local_engine_authority,parser_emits_normalized_cluster_sblr_only;parser_execution_storage_finality_authority_forbidden,compatibility_cluster_execution_storage_transaction_finality_authority_forbidden,project/tests/compatibility_sql_parser_first_tranche/parser_remap_cluster_route_gate.py,parser_remap_cluster_route_gate,p2_cluster_route_remap_verified,row-level compatibility cluster surface remap preserves provider boundary compile policy and compatibility parser isolation;private provider implementation detail is not recorded
FPR-P2-CLUSTER-00039,mariadb,mariadb.replication.reset_replica,mariadb.replication.reset_replica,cluster.replication.consume_cluster_event,sblr.replication.consumer.v3:cluster.replication.consume_cluster_event,sblr.replication.consumer.v3:cluster.replication.consume_cluster_event,project/src/parsers/compatibility/mariadb/mariadb_dialect.cpp#kPatterns:mariadb.replication.reset_replica,own_compatibility_surface_only,FPR-P2,not_cluster_query,cluster.inspect_replication,provider_routed_public_boundary_manifested,functionality_unsupported;kClusterSupportNotEnabledCode;unsupported_feature=cluster.provider;no_provider_call;fail_closed,functionality_unlicensed;kClusterHandshakeStubCompileLinkOnlyCode;unsupported_feature=cluster.provider.stub;public_compile_link_boundary_only;no_cluster_authority_or_production_behavior,private_internal_provider_required;provider_api_boundary=cluster.inspect_replication;no_private_source_or_implementation_detail,compile_flag_disabled_returns_functionality_unsupported;public_stub_enabled_returns_functionality_unlicensed;private_provider_required_for_execution,provider_boundary_route_required,FSE-P7-PROOF-00036,sblr_surface_fse_p7_execution_proof_gate,query.plan_operation_never_cluster_authority;local_query_sblr_remains_local_engine_authority,parser_emits_normalized_cluster_sblr_only;parser_execution_storage_finality_authority_forbidden,compatibility_cluster_execution_storage_transaction_finality_authority_forbidden,project/tests/compatibility_sql_parser_first_tranche/parser_remap_cluster_route_gate.py,parser_remap_cluster_route_gate,p2_cluster_route_remap_verified,row-level compatibility cluster surface remap preserves provider boundary compile policy and compatibility parser isolation;private provider implementation detail is not recorded
FPR-P2-CLUSTER-00040,mariadb,mariadb.replication.show_replica_status,mariadb.replication.show_replica_status,cluster.replication.consume_cluster_event,sblr.replication.consumer.v3:cluster.replication.consume_cluster_event,sblr.replication.consumer.v3:cluster.replication.consume_cluster_event,project/src/parsers/compatibility/mariadb/mariadb_dialect.cpp#kPatterns:mariadb.replication.show_replica_status,own_compatibility_surface_only,FPR-P2,not_cluster_query,cluster.inspect_replication,provider_routed_public_boundary_manifested,functionality_unsupported;kClusterSupportNotEnabledCode;unsupported_feature=cluster.provider;no_provider_call;fail_closed,functionality_unlicensed;kClusterHandshakeStubCompileLinkOnlyCode;unsupported_feature=cluster.provider.stub;public_compile_link_boundary_only;no_cluster_authority_or_production_behavior,private_internal_provider_required;provider_api_boundary=cluster.inspect_replication;no_private_source_or_implementation_detail,compile_flag_disabled_returns_functionality_unsupported;public_stub_enabled_returns_functionality_unlicensed;private_provider_required_for_execution,provider_boundary_route_required,FSE-P7-PROOF-00036,sblr_surface_fse_p7_execution_proof_gate,query.plan_operation_never_cluster_authority;local_query_sblr_remains_local_engine_authority,parser_emits_normalized_cluster_sblr_only;parser_execution_storage_finality_authority_forbidden,compatibility_cluster_execution_storage_transaction_finality_authority_forbidden,project/tests/compatibility_sql_parser_first_tranche/parser_remap_cluster_route_gate.py,parser_remap_cluster_route_gate,p2_cluster_route_remap_verified,row-level compatibility cluster surface remap preserves provider boundary compile policy and compatibility parser isolation;private provider implementation detail is not recorded
FPR-P2-CLUSTER-00041,mariadb,mariadb.replication.show_slave_status_legacy,mariadb.replication.show_slave_status_legacy,cluster.replication.consume_cluster_event,sblr.replication.consumer.v3:cluster.replication.consume_cluster_event,sblr.replication.consumer.v3:cluster.replication.consume_cluster_event,project/src/parsers/compatibility/mariadb/mariadb_dialect.cpp#kPatterns:mariadb.replication.show_slave_status_legacy,own_compatibility_surface_only,FPR-P2,not_cluster_query,cluster.inspect_replication,provider_routed_public_boundary_manifested,functionality_unsupported;kClusterSupportNotEnabledCode;unsupported_feature=cluster.provider;no_provider_call;fail_closed,functionality_unlicensed;kClusterHandshakeStubCompileLinkOnlyCode;unsupported_feature=cluster.provider.stub;public_compile_link_boundary_only;no_cluster_authority_or_production_behavior,private_internal_provider_required;provider_api_boundary=cluster.inspect_replication;no_private_source_or_implementation_detail,compile_flag_disabled_returns_functionality_unsupported;public_stub_enabled_returns_functionality_unlicensed;private_provider_required_for_execution,provider_boundary_route_required,FSE-P7-PROOF-00036,sblr_surface_fse_p7_execution_proof_gate,query.plan_operation_never_cluster_authority;local_query_sblr_remains_local_engine_authority,parser_emits_normalized_cluster_sblr_only;parser_execution_storage_finality_authority_forbidden,compatibility_cluster_execution_storage_transaction_finality_authority_forbidden,project/tests/compatibility_sql_parser_first_tranche/parser_remap_cluster_route_gate.py,parser_remap_cluster_route_gate,p2_cluster_route_remap_verified,row-level compatibility cluster surface remap preserves provider boundary compile policy and compatibility parser isolation;private provider implementation detail is not recorded
FPR-P2-CLUSTER-00042,mariadb,mariadb.replication.purge_binary_logs,mariadb.replication.purge_binary_logs,cluster.replication.consume_cluster_event,sblr.replication.consumer.v3:cluster.replication.consume_cluster_event,sblr.replication.consumer.v3:cluster.replication.consume_cluster_event,project/src/parsers/compatibility/mariadb/mariadb_dialect.cpp#kPatterns:mariadb.replication.purge_binary_logs,own_compatibility_surface_only,FPR-P2,not_cluster_query,cluster.inspect_replication,provider_routed_public_boundary_manifested,functionality_unsupported;kClusterSupportNotEnabledCode;unsupported_feature=cluster.provider;no_provider_call;fail_closed,functionality_unlicensed;kClusterHandshakeStubCompileLinkOnlyCode;unsupported_feature=cluster.provider.stub;public_compile_link_boundary_only;no_cluster_authority_or_production_behavior,private_internal_provider_required;provider_api_boundary=cluster.inspect_replication;no_private_source_or_implementation_detail,compile_flag_disabled_returns_functionality_unsupported;public_stub_enabled_returns_functionality_unlicensed;private_provider_required_for_execution,provider_boundary_route_required,FSE-P7-PROOF-00036,sblr_surface_fse_p7_execution_proof_gate,query.plan_operation_never_cluster_authority;local_query_sblr_remains_local_engine_authority,parser_emits_normalized_cluster_sblr_only;parser_execution_storage_finality_authority_forbidden,compatibility_cluster_execution_storage_transaction_finality_authority_forbidden,project/tests/compatibility_sql_parser_first_tranche/parser_remap_cluster_route_gate.py,parser_remap_cluster_route_gate,p2_cluster_route_remap_verified,row-level compatibility cluster surface remap preserves provider boundary compile policy and compatibility parser isolation;private provider implementation detail is not recorded
FPR-P2-CLUSTER-00043,mariadb,mariadb.replication.reset_binary_logs,mariadb.replication.reset_binary_logs,cluster.replication.consume_cluster_event,sblr.replication.consumer.v3:cluster.replication.consume_cluster_event,sblr.replication.consumer.v3:cluster.replication.consume_cluster_event,project/src/parsers/compatibility/mariadb/mariadb_dialect.cpp#kPatterns:mariadb.replication.reset_binary_logs,own_compatibility_surface_only,FPR-P2,not_cluster_query,cluster.inspect_replication,provider_routed_public_boundary_manifested,functionality_unsupported;kClusterSupportNotEnabledCode;unsupported_feature=cluster.provider;no_provider_call;fail_closed,functionality_unlicensed;kClusterHandshakeStubCompileLinkOnlyCode;unsupported_feature=cluster.provider.stub;public_compile_link_boundary_only;no_cluster_authority_or_production_behavior,private_internal_provider_required;provider_api_boundary=cluster.inspect_replication;no_private_source_or_implementation_detail,compile_flag_disabled_returns_functionality_unsupported;public_stub_enabled_returns_functionality_unlicensed;private_provider_required_for_execution,provider_boundary_route_required,FSE-P7-PROOF-00036,sblr_surface_fse_p7_execution_proof_gate,query.plan_operation_never_cluster_authority;local_query_sblr_remains_local_engine_authority,parser_emits_normalized_cluster_sblr_only;parser_execution_storage_finality_authority_forbidden,compatibility_cluster_execution_storage_transaction_finality_authority_forbidden,project/tests/compatibility_sql_parser_first_tranche/parser_remap_cluster_route_gate.py,parser_remap_cluster_route_gate,p2_cluster_route_remap_verified,row-level compatibility cluster surface remap preserves provider boundary compile policy and compatibility parser isolation;private provider implementation detail is not recorded
FPR-P2-CLUSTER-00044,mariadb,catalog_overlay_surface:replication_status,catalog_overlay_surface:replication_status,cluster.replication.consume_cluster_event,sblr.replication.consumer.v3:cluster.replication.consume_cluster_event,sblr.replication.consumer.v3:cluster.replication.consume_cluster_event,project/src/parsers/compatibility/mariadb/mariadb_dialect.cpp#kCatalogSurfaces:replication_status,own_compatibility_surface_only,FPR-P2,not_cluster_query,cluster.inspect_replication,provider_routed_public_boundary_manifested,functionality_unsupported;kClusterSupportNotEnabledCode;unsupported_feature=cluster.provider;no_provider_call;fail_closed,functionality_unlicensed;kClusterHandshakeStubCompileLinkOnlyCode;unsupported_feature=cluster.provider.stub;public_compile_link_boundary_only;no_cluster_authority_or_production_behavior,private_internal_provider_required;provider_api_boundary=cluster.inspect_replication;no_private_source_or_implementation_detail,compile_flag_disabled_returns_functionality_unsupported;public_stub_enabled_returns_functionality_unlicensed;private_provider_required_for_execution,provider_boundary_route_required,FSE-P7-PROOF-00036,sblr_surface_fse_p7_execution_proof_gate,query.plan_operation_never_cluster_authority;local_query_sblr_remains_local_engine_authority,parser_emits_normalized_cluster_sblr_only;parser_execution_storage_finality_authority_forbidden,compatibility_cluster_execution_storage_transaction_finality_authority_forbidden,project/tests/compatibility_sql_parser_first_tranche/parser_remap_cluster_route_gate.py,parser_remap_cluster_route_gate,p2_cluster_route_remap_verified,row-level compatibility cluster surface remap preserves provider boundary compile policy and compatibility parser isolation;private provider implementation detail is not recorded
FPR-P2-CLUSTER-00045,mariadb,diagnostic_surface:replication,diagnostic_surface:replication,cluster.metrics.snapshot,sblr.cluster.report.v3:cluster.metrics.snapshot,sblr.cluster.report.v3:cluster.metrics.snapshot,project/src/parsers/compatibility/mariadb/mariadb_dialect.cpp#kDiagnosticSurfaces:replication,own_compatibility_surface_only,FPR-P2,not_cluster_query,cluster.inspect_state,provider_routed_public_boundary_manifested,functionality_unsupported;kClusterSupportNotEnabledCode;unsupported_feature=cluster.provider;no_provider_call;fail_closed,functionality_unlicensed;kClusterHandshakeStubCompileLinkOnlyCode;unsupported_feature=cluster.provider.stub;public_compile_link_boundary_only;no_cluster_authority_or_production_behavior,private_internal_provider_required;provider_api_boundary=cluster.inspect_state;no_private_source_or_implementation_detail,compile_flag_disabled_returns_functionality_unsupported;public_stub_enabled_returns_functionality_unlicensed;private_provider_required_for_execution,provider_boundary_route_required,FSE-P7-PROOF-00010,sblr_surface_fse_p7_execution_proof_gate,query.plan_operation_never_cluster_authority;local_query_sblr_remains_local_engine_authority,parser_emits_normalized_cluster_sblr_only;parser_execution_storage_finality_authority_forbidden,compatibility_cluster_execution_storage_transaction_finality_authority_forbidden,project/tests/compatibility_sql_parser_first_tranche/parser_remap_cluster_route_gate.py,parser_remap_cluster_route_gate,p2_cluster_route_remap_verified,row-level compatibility cluster surface remap preserves provider boundary compile policy and compatibility parser isolation;private provider implementation detail is not recorded
FPR-P2-CLUSTER-00046,milvus,milvus.admin.transfer_replica,milvus.admin.transfer_replica,cluster.tx.begin_distributed,required_new:sblr.cluster.transaction.v1:cluster.tx.begin_distributed,required_new:sblr.cluster.transaction.v1:cluster.tx.begin_distributed,project/src/parsers/compatibility/milvus/milvus_dialect.cpp#kPatterns:milvus.admin.transfer_replica,own_compatibility_surface_only,FPR-P2,not_cluster_query,cluster.begin_distributed_transaction,provider_routed_public_boundary_manifested,functionality_unsupported;kClusterSupportNotEnabledCode;unsupported_feature=cluster.provider;no_provider_call;fail_closed,functionality_unlicensed;kClusterHandshakeStubCompileLinkOnlyCode;unsupported_feature=cluster.provider.stub;public_compile_link_boundary_only;no_cluster_authority_or_production_behavior,private_internal_provider_required;provider_api_boundary=cluster.begin_distributed_transaction;no_private_source_or_implementation_detail,compile_flag_disabled_returns_functionality_unsupported;public_stub_enabled_returns_functionality_unlicensed;private_provider_required_for_execution,provider_boundary_route_required,FSE-P7-PROOF-00054,sblr_surface_fse_p7_execution_proof_gate,query.plan_operation_never_cluster_authority;local_query_sblr_remains_local_engine_authority,parser_emits_normalized_cluster_sblr_only;parser_execution_storage_finality_authority_forbidden,compatibility_cluster_execution_storage_transaction_finality_authority_forbidden,project/tests/compatibility_sql_parser_first_tranche/parser_remap_cluster_route_gate.py,parser_remap_cluster_route_gate,p2_cluster_route_remap_verified,row-level compatibility cluster surface remap preserves provider boundary compile policy and compatibility parser isolation;private provider implementation detail is not recorded
FPR-P2-CLUSTER-00047,milvus,milvus.admin.load_balance,milvus.admin.load_balance,cluster.job.start_controlled,sblr.cluster.control.v3:cluster.job.start_controlled,sblr.cluster.control.v3:cluster.job.start_controlled,project/src/parsers/compatibility/milvus/milvus_dialect.cpp#kPatterns:milvus.admin.load_balance,own_compatibility_surface_only,FPR-P2,not_cluster_query,cluster.start_job,provider_routed_public_boundary_manifested,functionality_unsupported;kClusterSupportNotEnabledCode;unsupported_feature=cluster.provider;no_provider_call;fail_closed,functionality_unlicensed;kClusterHandshakeStubCompileLinkOnlyCode;unsupported_feature=cluster.provider.stub;public_compile_link_boundary_only;no_cluster_authority_or_production_behavior,private_internal_provider_required;provider_api_boundary=cluster.start_job;no_private_source_or_implementation_detail,compile_flag_disabled_returns_functionality_unsupported;public_stub_enabled_returns_functionality_unlicensed;private_provider_required_for_execution,provider_boundary_route_required,FSE-P7-PROOF-00005,sblr_surface_fse_p7_execution_proof_gate,query.plan_operation_never_cluster_authority;local_query_sblr_remains_local_engine_authority,parser_emits_normalized_cluster_sblr_only;parser_execution_storage_finality_authority_forbidden,compatibility_cluster_execution_storage_transaction_finality_authority_forbidden,project/tests/compatibility_sql_parser_first_tranche/parser_remap_cluster_route_gate.py,parser_remap_cluster_route_gate,p2_cluster_route_remap_verified,row-level compatibility cluster surface remap preserves provider boundary compile policy and compatibility parser isolation;private provider implementation detail is not recorded
FPR-P2-CLUSTER-00048,milvus,milvus.admin.show_replicas,milvus.admin.show_replicas,cluster.tx.begin_distributed,required_new:sblr.cluster.transaction.v1:cluster.tx.begin_distributed,required_new:sblr.cluster.transaction.v1:cluster.tx.begin_distributed,project/src/parsers/compatibility/milvus/milvus_dialect.cpp#kPatterns:milvus.admin.show_replicas,own_compatibility_surface_only,FPR-P2,not_cluster_query,cluster.begin_distributed_transaction,provider_routed_public_boundary_manifested,functionality_unsupported;kClusterSupportNotEnabledCode;unsupported_feature=cluster.provider;no_provider_call;fail_closed,functionality_unlicensed;kClusterHandshakeStubCompileLinkOnlyCode;unsupported_feature=cluster.provider.stub;public_compile_link_boundary_only;no_cluster_authority_or_production_behavior,private_internal_provider_required;provider_api_boundary=cluster.begin_distributed_transaction;no_private_source_or_implementation_detail,compile_flag_disabled_returns_functionality_unsupported;public_stub_enabled_returns_functionality_unlicensed;private_provider_required_for_execution,provider_boundary_route_required,FSE-P7-PROOF-00054,sblr_surface_fse_p7_execution_proof_gate,query.plan_operation_never_cluster_authority;local_query_sblr_remains_local_engine_authority,parser_emits_normalized_cluster_sblr_only;parser_execution_storage_finality_authority_forbidden,compatibility_cluster_execution_storage_transaction_finality_authority_forbidden,project/tests/compatibility_sql_parser_first_tranche/parser_remap_cluster_route_gate.py,parser_remap_cluster_route_gate,p2_cluster_route_remap_verified,row-level compatibility cluster surface remap preserves provider boundary compile policy and compatibility parser isolation;private provider implementation detail is not recorded
FPR-P2-CLUSTER-00049,mongodb,mongodb.sharding.shard_collection,mongodb.sharding.shard_collection,cluster.placement.assign_tablet_range,required_new:sblr.cluster.placement.v1:cluster.placement.assign_tablet_range,required_new:sblr.cluster.placement.v1:cluster.placement.assign_tablet_range,project/src/parsers/compatibility/mongodb/mongodb_dialect.cpp#kPatterns:mongodb.sharding.shard_collection,own_compatibility_surface_only,FPR-P2,not_cluster_query,cluster.assign_tablet_range,provider_routed_public_boundary_manifested,functionality_unsupported;kClusterSupportNotEnabledCode;unsupported_feature=cluster.provider;no_provider_call;fail_closed,functionality_unlicensed;kClusterHandshakeStubCompileLinkOnlyCode;unsupported_feature=cluster.provider.stub;public_compile_link_boundary_only;no_cluster_authority_or_production_behavior,private_internal_provider_required;provider_api_boundary=cluster.assign_tablet_range;no_private_source_or_implementation_detail,compile_flag_disabled_returns_functionality_unsupported;public_stub_enabled_returns_functionality_unlicensed;private_provider_required_for_execution,provider_boundary_route_required,FSE-P7-PROOF-00018,sblr_surface_fse_p7_execution_proof_gate,query.plan_operation_never_cluster_authority;local_query_sblr_remains_local_engine_authority,parser_emits_normalized_cluster_sblr_only;parser_execution_storage_finality_authority_forbidden,compatibility_cluster_execution_storage_transaction_finality_authority_forbidden,project/tests/compatibility_sql_parser_first_tranche/parser_remap_cluster_route_gate.py,parser_remap_cluster_route_gate,p2_cluster_route_remap_verified,row-level compatibility cluster surface remap preserves provider boundary compile policy and compatibility parser isolation;private provider implementation detail is not recorded
FPR-P2-CLUSTER-00050,mongodb,mongodb.sharding.reshard_collection,mongodb.sharding.reshard_collection,cluster.placement.assign_tablet_range,required_new:sblr.cluster.placement.v1:cluster.placement.assign_tablet_range,required_new:sblr.cluster.placement.v1:cluster.placement.assign_tablet_range,project/src/parsers/compatibility/mongodb/mongodb_dialect.cpp#kPatterns:mongodb.sharding.reshard_collection,own_compatibility_surface_only,FPR-P2,not_cluster_query,cluster.assign_tablet_range,provider_routed_public_boundary_manifested,functionality_unsupported;kClusterSupportNotEnabledCode;unsupported_feature=cluster.provider;no_provider_call;fail_closed,functionality_unlicensed;kClusterHandshakeStubCompileLinkOnlyCode;unsupported_feature=cluster.provider.stub;public_compile_link_boundary_only;no_cluster_authority_or_production_behavior,private_internal_provider_required;provider_api_boundary=cluster.assign_tablet_range;no_private_source_or_implementation_detail,compile_flag_disabled_returns_functionality_unsupported;public_stub_enabled_returns_functionality_unlicensed;private_provider_required_for_execution,provider_boundary_route_required,FSE-P7-PROOF-00018,sblr_surface_fse_p7_execution_proof_gate,query.plan_operation_never_cluster_authority;local_query_sblr_remains_local_engine_authority,parser_emits_normalized_cluster_sblr_only;parser_execution_storage_finality_authority_forbidden,compatibility_cluster_execution_storage_transaction_finality_authority_forbidden,project/tests/compatibility_sql_parser_first_tranche/parser_remap_cluster_route_gate.py,parser_remap_cluster_route_gate,p2_cluster_route_remap_verified,row-level compatibility cluster surface remap preserves provider boundary compile policy and compatibility parser isolation;private provider implementation detail is not recorded
FPR-P2-CLUSTER-00051,mysql,mysql.replication.change_source,mysql.replication.change_source,cluster.replication.consume_cluster_event,sblr.replication.consumer.v3:cluster.replication.consume_cluster_event,sblr.replication.consumer.v3:cluster.replication.consume_cluster_event,project/src/parsers/compatibility/mysql/mysql_dialect.cpp#kPatterns:mysql.replication.change_source,own_compatibility_surface_only,FPR-P2,not_cluster_query,cluster.inspect_replication,provider_routed_public_boundary_manifested,functionality_unsupported;kClusterSupportNotEnabledCode;unsupported_feature=cluster.provider;no_provider_call;fail_closed,functionality_unlicensed;kClusterHandshakeStubCompileLinkOnlyCode;unsupported_feature=cluster.provider.stub;public_compile_link_boundary_only;no_cluster_authority_or_production_behavior,private_internal_provider_required;provider_api_boundary=cluster.inspect_replication;no_private_source_or_implementation_detail,compile_flag_disabled_returns_functionality_unsupported;public_stub_enabled_returns_functionality_unlicensed;private_provider_required_for_execution,provider_boundary_route_required,FSE-P7-PROOF-00036,sblr_surface_fse_p7_execution_proof_gate,query.plan_operation_never_cluster_authority;local_query_sblr_remains_local_engine_authority,parser_emits_normalized_cluster_sblr_only;parser_execution_storage_finality_authority_forbidden,compatibility_cluster_execution_storage_transaction_finality_authority_forbidden,project/tests/compatibility_sql_parser_first_tranche/parser_remap_cluster_route_gate.py,parser_remap_cluster_route_gate,p2_cluster_route_remap_verified,row-level compatibility cluster surface remap preserves provider boundary compile policy and compatibility parser isolation;private provider implementation detail is not recorded
FPR-P2-CLUSTER-00052,mysql,mysql.replication.change_master_legacy,mysql.replication.change_master_legacy,cluster.replication.consume_cluster_event,sblr.replication.consumer.v3:cluster.replication.consume_cluster_event,sblr.replication.consumer.v3:cluster.replication.consume_cluster_event,project/src/parsers/compatibility/mysql/mysql_dialect.cpp#kPatterns:mysql.replication.change_master_legacy,own_compatibility_surface_only,FPR-P2,not_cluster_query,cluster.inspect_replication,provider_routed_public_boundary_manifested,functionality_unsupported;kClusterSupportNotEnabledCode;unsupported_feature=cluster.provider;no_provider_call;fail_closed,functionality_unlicensed;kClusterHandshakeStubCompileLinkOnlyCode;unsupported_feature=cluster.provider.stub;public_compile_link_boundary_only;no_cluster_authority_or_production_behavior,private_internal_provider_required;provider_api_boundary=cluster.inspect_replication;no_private_source_or_implementation_detail,compile_flag_disabled_returns_functionality_unsupported;public_stub_enabled_returns_functionality_unlicensed;private_provider_required_for_execution,provider_boundary_route_required,FSE-P7-PROOF-00036,sblr_surface_fse_p7_execution_proof_gate,query.plan_operation_never_cluster_authority;local_query_sblr_remains_local_engine_authority,parser_emits_normalized_cluster_sblr_only;parser_execution_storage_finality_authority_forbidden,compatibility_cluster_execution_storage_transaction_finality_authority_forbidden,project/tests/compatibility_sql_parser_first_tranche/parser_remap_cluster_route_gate.py,parser_remap_cluster_route_gate,p2_cluster_route_remap_verified,row-level compatibility cluster surface remap preserves provider boundary compile policy and compatibility parser isolation;private provider implementation detail is not recorded
FPR-P2-CLUSTER-00053,mysql,mysql.replication.start_replica,mysql.replication.start_replica,cluster.replication.consume_cluster_event,sblr.replication.consumer.v3:cluster.replication.consume_cluster_event,sblr.replication.consumer.v3:cluster.replication.consume_cluster_event,project/src/parsers/compatibility/mysql/mysql_dialect.cpp#kPatterns:mysql.replication.start_replica,own_compatibility_surface_only,FPR-P2,not_cluster_query,cluster.inspect_replication,provider_routed_public_boundary_manifested,functionality_unsupported;kClusterSupportNotEnabledCode;unsupported_feature=cluster.provider;no_provider_call;fail_closed,functionality_unlicensed;kClusterHandshakeStubCompileLinkOnlyCode;unsupported_feature=cluster.provider.stub;public_compile_link_boundary_only;no_cluster_authority_or_production_behavior,private_internal_provider_required;provider_api_boundary=cluster.inspect_replication;no_private_source_or_implementation_detail,compile_flag_disabled_returns_functionality_unsupported;public_stub_enabled_returns_functionality_unlicensed;private_provider_required_for_execution,provider_boundary_route_required,FSE-P7-PROOF-00036,sblr_surface_fse_p7_execution_proof_gate,query.plan_operation_never_cluster_authority;local_query_sblr_remains_local_engine_authority,parser_emits_normalized_cluster_sblr_only;parser_execution_storage_finality_authority_forbidden,compatibility_cluster_execution_storage_transaction_finality_authority_forbidden,project/tests/compatibility_sql_parser_first_tranche/parser_remap_cluster_route_gate.py,parser_remap_cluster_route_gate,p2_cluster_route_remap_verified,row-level compatibility cluster surface remap preserves provider boundary compile policy and compatibility parser isolation;private provider implementation detail is not recorded
FPR-P2-CLUSTER-00054,mysql,mysql.replication.stop_replica,mysql.replication.stop_replica,cluster.replication.consume_cluster_event,sblr.replication.consumer.v3:cluster.replication.consume_cluster_event,sblr.replication.consumer.v3:cluster.replication.consume_cluster_event,project/src/parsers/compatibility/mysql/mysql_dialect.cpp#kPatterns:mysql.replication.stop_replica,own_compatibility_surface_only,FPR-P2,not_cluster_query,cluster.inspect_replication,provider_routed_public_boundary_manifested,functionality_unsupported;kClusterSupportNotEnabledCode;unsupported_feature=cluster.provider;no_provider_call;fail_closed,functionality_unlicensed;kClusterHandshakeStubCompileLinkOnlyCode;unsupported_feature=cluster.provider.stub;public_compile_link_boundary_only;no_cluster_authority_or_production_behavior,private_internal_provider_required;provider_api_boundary=cluster.inspect_replication;no_private_source_or_implementation_detail,compile_flag_disabled_returns_functionality_unsupported;public_stub_enabled_returns_functionality_unlicensed;private_provider_required_for_execution,provider_boundary_route_required,FSE-P7-PROOF-00036,sblr_surface_fse_p7_execution_proof_gate,query.plan_operation_never_cluster_authority;local_query_sblr_remains_local_engine_authority,parser_emits_normalized_cluster_sblr_only;parser_execution_storage_finality_authority_forbidden,compatibility_cluster_execution_storage_transaction_finality_authority_forbidden,project/tests/compatibility_sql_parser_first_tranche/parser_remap_cluster_route_gate.py,parser_remap_cluster_route_gate,p2_cluster_route_remap_verified,row-level compatibility cluster surface remap preserves provider boundary compile policy and compatibility parser isolation;private provider implementation detail is not recorded
FPR-P2-CLUSTER-00055,mysql,mysql.replication.reset_replica,mysql.replication.reset_replica,cluster.replication.consume_cluster_event,sblr.replication.consumer.v3:cluster.replication.consume_cluster_event,sblr.replication.consumer.v3:cluster.replication.consume_cluster_event,project/src/parsers/compatibility/mysql/mysql_dialect.cpp#kPatterns:mysql.replication.reset_replica,own_compatibility_surface_only,FPR-P2,not_cluster_query,cluster.inspect_replication,provider_routed_public_boundary_manifested,functionality_unsupported;kClusterSupportNotEnabledCode;unsupported_feature=cluster.provider;no_provider_call;fail_closed,functionality_unlicensed;kClusterHandshakeStubCompileLinkOnlyCode;unsupported_feature=cluster.provider.stub;public_compile_link_boundary_only;no_cluster_authority_or_production_behavior,private_internal_provider_required;provider_api_boundary=cluster.inspect_replication;no_private_source_or_implementation_detail,compile_flag_disabled_returns_functionality_unsupported;public_stub_enabled_returns_functionality_unlicensed;private_provider_required_for_execution,provider_boundary_route_required,FSE-P7-PROOF-00036,sblr_surface_fse_p7_execution_proof_gate,query.plan_operation_never_cluster_authority;local_query_sblr_remains_local_engine_authority,parser_emits_normalized_cluster_sblr_only;parser_execution_storage_finality_authority_forbidden,compatibility_cluster_execution_storage_transaction_finality_authority_forbidden,project/tests/compatibility_sql_parser_first_tranche/parser_remap_cluster_route_gate.py,parser_remap_cluster_route_gate,p2_cluster_route_remap_verified,row-level compatibility cluster surface remap preserves provider boundary compile policy and compatibility parser isolation;private provider implementation detail is not recorded
FPR-P2-CLUSTER-00056,mysql,mysql.replication.show_replica_status,mysql.replication.show_replica_status,cluster.replication.consume_cluster_event,sblr.replication.consumer.v3:cluster.replication.consume_cluster_event,sblr.replication.consumer.v3:cluster.replication.consume_cluster_event,project/src/parsers/compatibility/mysql/mysql_dialect.cpp#kPatterns:mysql.replication.show_replica_status,own_compatibility_surface_only,FPR-P2,not_cluster_query,cluster.inspect_replication,provider_routed_public_boundary_manifested,functionality_unsupported;kClusterSupportNotEnabledCode;unsupported_feature=cluster.provider;no_provider_call;fail_closed,functionality_unlicensed;kClusterHandshakeStubCompileLinkOnlyCode;unsupported_feature=cluster.provider.stub;public_compile_link_boundary_only;no_cluster_authority_or_production_behavior,private_internal_provider_required;provider_api_boundary=cluster.inspect_replication;no_private_source_or_implementation_detail,compile_flag_disabled_returns_functionality_unsupported;public_stub_enabled_returns_functionality_unlicensed;private_provider_required_for_execution,provider_boundary_route_required,FSE-P7-PROOF-00036,sblr_surface_fse_p7_execution_proof_gate,query.plan_operation_never_cluster_authority;local_query_sblr_remains_local_engine_authority,parser_emits_normalized_cluster_sblr_only;parser_execution_storage_finality_authority_forbidden,compatibility_cluster_execution_storage_transaction_finality_authority_forbidden,project/tests/compatibility_sql_parser_first_tranche/parser_remap_cluster_route_gate.py,parser_remap_cluster_route_gate,p2_cluster_route_remap_verified,row-level compatibility cluster surface remap preserves provider boundary compile policy and compatibility parser isolation;private provider implementation detail is not recorded
FPR-P2-CLUSTER-00057,mysql,mysql.replication.show_slave_status_legacy,mysql.replication.show_slave_status_legacy,cluster.replication.consume_cluster_event,sblr.replication.consumer.v3:cluster.replication.consume_cluster_event,sblr.replication.consumer.v3:cluster.replication.consume_cluster_event,project/src/parsers/compatibility/mysql/mysql_dialect.cpp#kPatterns:mysql.replication.show_slave_status_legacy,own_compatibility_surface_only,FPR-P2,not_cluster_query,cluster.inspect_replication,provider_routed_public_boundary_manifested,functionality_unsupported;kClusterSupportNotEnabledCode;unsupported_feature=cluster.provider;no_provider_call;fail_closed,functionality_unlicensed;kClusterHandshakeStubCompileLinkOnlyCode;unsupported_feature=cluster.provider.stub;public_compile_link_boundary_only;no_cluster_authority_or_production_behavior,private_internal_provider_required;provider_api_boundary=cluster.inspect_replication;no_private_source_or_implementation_detail,compile_flag_disabled_returns_functionality_unsupported;public_stub_enabled_returns_functionality_unlicensed;private_provider_required_for_execution,provider_boundary_route_required,FSE-P7-PROOF-00036,sblr_surface_fse_p7_execution_proof_gate,query.plan_operation_never_cluster_authority;local_query_sblr_remains_local_engine_authority,parser_emits_normalized_cluster_sblr_only;parser_execution_storage_finality_authority_forbidden,compatibility_cluster_execution_storage_transaction_finality_authority_forbidden,project/tests/compatibility_sql_parser_first_tranche/parser_remap_cluster_route_gate.py,parser_remap_cluster_route_gate,p2_cluster_route_remap_verified,row-level compatibility cluster surface remap preserves provider boundary compile policy and compatibility parser isolation;private provider implementation detail is not recorded
FPR-P2-CLUSTER-00058,mysql,mysql.replication.purge_binary_logs,mysql.replication.purge_binary_logs,cluster.replication.consume_cluster_event,sblr.replication.consumer.v3:cluster.replication.consume_cluster_event,sblr.replication.consumer.v3:cluster.replication.consume_cluster_event,project/src/parsers/compatibility/mysql/mysql_dialect.cpp#kPatterns:mysql.replication.purge_binary_logs,own_compatibility_surface_only,FPR-P2,not_cluster_query,cluster.inspect_replication,provider_routed_public_boundary_manifested,functionality_unsupported;kClusterSupportNotEnabledCode;unsupported_feature=cluster.provider;no_provider_call;fail_closed,functionality_unlicensed;kClusterHandshakeStubCompileLinkOnlyCode;unsupported_feature=cluster.provider.stub;public_compile_link_boundary_only;no_cluster_authority_or_production_behavior,private_internal_provider_required;provider_api_boundary=cluster.inspect_replication;no_private_source_or_implementation_detail,compile_flag_disabled_returns_functionality_unsupported;public_stub_enabled_returns_functionality_unlicensed;private_provider_required_for_execution,provider_boundary_route_required,FSE-P7-PROOF-00036,sblr_surface_fse_p7_execution_proof_gate,query.plan_operation_never_cluster_authority;local_query_sblr_remains_local_engine_authority,parser_emits_normalized_cluster_sblr_only;parser_execution_storage_finality_authority_forbidden,compatibility_cluster_execution_storage_transaction_finality_authority_forbidden,project/tests/compatibility_sql_parser_first_tranche/parser_remap_cluster_route_gate.py,parser_remap_cluster_route_gate,p2_cluster_route_remap_verified,row-level compatibility cluster surface remap preserves provider boundary compile policy and compatibility parser isolation;private provider implementation detail is not recorded
FPR-P2-CLUSTER-00059,mysql,mysql.replication.reset_binary_logs,mysql.replication.reset_binary_logs,cluster.replication.consume_cluster_event,sblr.replication.consumer.v3:cluster.replication.consume_cluster_event,sblr.replication.consumer.v3:cluster.replication.consume_cluster_event,project/src/parsers/compatibility/mysql/mysql_dialect.cpp#kPatterns:mysql.replication.reset_binary_logs,own_compatibility_surface_only,FPR-P2,not_cluster_query,cluster.inspect_replication,provider_routed_public_boundary_manifested,functionality_unsupported;kClusterSupportNotEnabledCode;unsupported_feature=cluster.provider;no_provider_call;fail_closed,functionality_unlicensed;kClusterHandshakeStubCompileLinkOnlyCode;unsupported_feature=cluster.provider.stub;public_compile_link_boundary_only;no_cluster_authority_or_production_behavior,private_internal_provider_required;provider_api_boundary=cluster.inspect_replication;no_private_source_or_implementation_detail,compile_flag_disabled_returns_functionality_unsupported;public_stub_enabled_returns_functionality_unlicensed;private_provider_required_for_execution,provider_boundary_route_required,FSE-P7-PROOF-00036,sblr_surface_fse_p7_execution_proof_gate,query.plan_operation_never_cluster_authority;local_query_sblr_remains_local_engine_authority,parser_emits_normalized_cluster_sblr_only;parser_execution_storage_finality_authority_forbidden,compatibility_cluster_execution_storage_transaction_finality_authority_forbidden,project/tests/compatibility_sql_parser_first_tranche/parser_remap_cluster_route_gate.py,parser_remap_cluster_route_gate,p2_cluster_route_remap_verified,row-level compatibility cluster surface remap preserves provider boundary compile policy and compatibility parser isolation;private provider implementation detail is not recorded
FPR-P2-CLUSTER-00060,mysql,catalog_overlay_surface:replication_status,catalog_overlay_surface:replication_status,cluster.replication.consume_cluster_event,sblr.replication.consumer.v3:cluster.replication.consume_cluster_event,sblr.replication.consumer.v3:cluster.replication.consume_cluster_event,project/src/parsers/compatibility/mysql/mysql_dialect.cpp#kCatalogSurfaces:replication_status,own_compatibility_surface_only,FPR-P2,not_cluster_query,cluster.inspect_replication,provider_routed_public_boundary_manifested,functionality_unsupported;kClusterSupportNotEnabledCode;unsupported_feature=cluster.provider;no_provider_call;fail_closed,functionality_unlicensed;kClusterHandshakeStubCompileLinkOnlyCode;unsupported_feature=cluster.provider.stub;public_compile_link_boundary_only;no_cluster_authority_or_production_behavior,private_internal_provider_required;provider_api_boundary=cluster.inspect_replication;no_private_source_or_implementation_detail,compile_flag_disabled_returns_functionality_unsupported;public_stub_enabled_returns_functionality_unlicensed;private_provider_required_for_execution,provider_boundary_route_required,FSE-P7-PROOF-00036,sblr_surface_fse_p7_execution_proof_gate,query.plan_operation_never_cluster_authority;local_query_sblr_remains_local_engine_authority,parser_emits_normalized_cluster_sblr_only;parser_execution_storage_finality_authority_forbidden,compatibility_cluster_execution_storage_transaction_finality_authority_forbidden,project/tests/compatibility_sql_parser_first_tranche/parser_remap_cluster_route_gate.py,parser_remap_cluster_route_gate,p2_cluster_route_remap_verified,row-level compatibility cluster surface remap preserves provider boundary compile policy and compatibility parser isolation;private provider implementation detail is not recorded
FPR-P2-CLUSTER-00061,mysql,diagnostic_surface:replication,diagnostic_surface:replication,cluster.metrics.snapshot,sblr.cluster.report.v3:cluster.metrics.snapshot,sblr.cluster.report.v3:cluster.metrics.snapshot,project/src/parsers/compatibility/mysql/mysql_dialect.cpp#kDiagnosticSurfaces:replication,own_compatibility_surface_only,FPR-P2,not_cluster_query,cluster.inspect_state,provider_routed_public_boundary_manifested,functionality_unsupported;kClusterSupportNotEnabledCode;unsupported_feature=cluster.provider;no_provider_call;fail_closed,functionality_unlicensed;kClusterHandshakeStubCompileLinkOnlyCode;unsupported_feature=cluster.provider.stub;public_compile_link_boundary_only;no_cluster_authority_or_production_behavior,private_internal_provider_required;provider_api_boundary=cluster.inspect_state;no_private_source_or_implementation_detail,compile_flag_disabled_returns_functionality_unsupported;public_stub_enabled_returns_functionality_unlicensed;private_provider_required_for_execution,provider_boundary_route_required,FSE-P7-PROOF-00010,sblr_surface_fse_p7_execution_proof_gate,query.plan_operation_never_cluster_authority;local_query_sblr_remains_local_engine_authority,parser_emits_normalized_cluster_sblr_only;parser_execution_storage_finality_authority_forbidden,compatibility_cluster_execution_storage_transaction_finality_authority_forbidden,project/tests/compatibility_sql_parser_first_tranche/parser_remap_cluster_route_gate.py,parser_remap_cluster_route_gate,p2_cluster_route_remap_verified,row-level compatibility cluster surface remap preserves provider boundary compile policy and compatibility parser isolation;private provider implementation detail is not recorded
FPR-P2-CLUSTER-00062,neo4j,neo4j.admin.show_servers,neo4j.admin.show_servers,cluster.admin.inspect_status,sblr.cluster.report.v3:cluster.admin.inspect_status,sblr.cluster.report.v3:cluster.admin.inspect_status,project/src/parsers/compatibility/neo4j/neo4j_dialect.cpp#kPatterns:neo4j.admin.show_servers,own_compatibility_surface_only,FPR-P2,not_cluster_query,cluster.inspect_state,provider_routed_public_boundary_manifested,functionality_unsupported;kClusterSupportNotEnabledCode;unsupported_feature=cluster.provider;no_provider_call;fail_closed,functionality_unlicensed;kClusterHandshakeStubCompileLinkOnlyCode;unsupported_feature=cluster.provider.stub;public_compile_link_boundary_only;no_cluster_authority_or_production_behavior,private_internal_provider_required;provider_api_boundary=cluster.inspect_state;no_private_source_or_implementation_detail,compile_flag_disabled_returns_functionality_unsupported;public_stub_enabled_returns_functionality_unlicensed;private_provider_required_for_execution,provider_boundary_route_required,FSE-P7-PROOF-00001,sblr_surface_fse_p7_execution_proof_gate,query.plan_operation_never_cluster_authority;local_query_sblr_remains_local_engine_authority,parser_emits_normalized_cluster_sblr_only;parser_execution_storage_finality_authority_forbidden,compatibility_cluster_execution_storage_transaction_finality_authority_forbidden,project/tests/compatibility_sql_parser_first_tranche/parser_remap_cluster_route_gate.py,parser_remap_cluster_route_gate,p2_cluster_route_remap_verified,row-level compatibility cluster surface remap preserves provider boundary compile policy and compatibility parser isolation;private provider implementation detail is not recorded
FPR-P2-CLUSTER-00063,neo4j,neo4j.admin.enable_server,neo4j.admin.enable_server,cluster.job.start_controlled,sblr.cluster.control.v3:cluster.job.start_controlled,sblr.cluster.control.v3:cluster.job.start_controlled,project/src/parsers/compatibility/neo4j/neo4j_dialect.cpp#kPatterns:neo4j.admin.enable_server,own_compatibility_surface_only,FPR-P2,not_cluster_query,cluster.start_job,provider_routed_public_boundary_manifested,functionality_unsupported;kClusterSupportNotEnabledCode;unsupported_feature=cluster.provider;no_provider_call;fail_closed,functionality_unlicensed;kClusterHandshakeStubCompileLinkOnlyCode;unsupported_feature=cluster.provider.stub;public_compile_link_boundary_only;no_cluster_authority_or_production_behavior,private_internal_provider_required;provider_api_boundary=cluster.start_job;no_private_source_or_implementation_detail,compile_flag_disabled_returns_functionality_unsupported;public_stub_enabled_returns_functionality_unlicensed;private_provider_required_for_execution,provider_boundary_route_required,FSE-P7-PROOF-00005,sblr_surface_fse_p7_execution_proof_gate,query.plan_operation_never_cluster_authority;local_query_sblr_remains_local_engine_authority,parser_emits_normalized_cluster_sblr_only;parser_execution_storage_finality_authority_forbidden,compatibility_cluster_execution_storage_transaction_finality_authority_forbidden,project/tests/compatibility_sql_parser_first_tranche/parser_remap_cluster_route_gate.py,parser_remap_cluster_route_gate,p2_cluster_route_remap_verified,row-level compatibility cluster surface remap preserves provider boundary compile policy and compatibility parser isolation;private provider implementation detail is not recorded
FPR-P2-CLUSTER-00064,neo4j,neo4j.admin.reallocate_databases,neo4j.admin.reallocate_databases,cluster.job.start_controlled,sblr.cluster.control.v3:cluster.job.start_controlled,sblr.cluster.control.v3:cluster.job.start_controlled,project/src/parsers/compatibility/neo4j/neo4j_dialect.cpp#kPatterns:neo4j.admin.reallocate_databases,own_compatibility_surface_only,FPR-P2,not_cluster_query,cluster.start_job,provider_routed_public_boundary_manifested,functionality_unsupported;kClusterSupportNotEnabledCode;unsupported_feature=cluster.provider;no_provider_call;fail_closed,functionality_unlicensed;kClusterHandshakeStubCompileLinkOnlyCode;unsupported_feature=cluster.provider.stub;public_compile_link_boundary_only;no_cluster_authority_or_production_behavior,private_internal_provider_required;provider_api_boundary=cluster.start_job;no_private_source_or_implementation_detail,compile_flag_disabled_returns_functionality_unsupported;public_stub_enabled_returns_functionality_unlicensed;private_provider_required_for_execution,provider_boundary_route_required,FSE-P7-PROOF-00005,sblr_surface_fse_p7_execution_proof_gate,query.plan_operation_never_cluster_authority;local_query_sblr_remains_local_engine_authority,parser_emits_normalized_cluster_sblr_only;parser_execution_storage_finality_authority_forbidden,compatibility_cluster_execution_storage_transaction_finality_authority_forbidden,project/tests/compatibility_sql_parser_first_tranche/parser_remap_cluster_route_gate.py,parser_remap_cluster_route_gate,p2_cluster_route_remap_verified,row-level compatibility cluster surface remap preserves provider boundary compile policy and compatibility parser isolation;private provider implementation detail is not recorded
FPR-P2-CLUSTER-00065,opensearch,opensearch.admin.cluster_health,opensearch.admin.cluster_health,cluster.admin.inspect_status,sblr.cluster.report.v3:cluster.admin.inspect_status,sblr.cluster.report.v3:cluster.admin.inspect_status,project/src/parsers/compatibility/opensearch/opensearch_dialect.cpp#kPatterns:opensearch.admin.cluster_health,own_compatibility_surface_only,FPR-P2,not_cluster_query,cluster.inspect_state,provider_routed_public_boundary_manifested,functionality_unsupported;kClusterSupportNotEnabledCode;unsupported_feature=cluster.provider;no_provider_call;fail_closed,functionality_unlicensed;kClusterHandshakeStubCompileLinkOnlyCode;unsupported_feature=cluster.provider.stub;public_compile_link_boundary_only;no_cluster_authority_or_production_behavior,private_internal_provider_required;provider_api_boundary=cluster.inspect_state;no_private_source_or_implementation_detail,compile_flag_disabled_returns_functionality_unsupported;public_stub_enabled_returns_functionality_unlicensed;private_provider_required_for_execution,provider_boundary_route_required,FSE-P7-PROOF-00001,sblr_surface_fse_p7_execution_proof_gate,query.plan_operation_never_cluster_authority;local_query_sblr_remains_local_engine_authority,parser_emits_normalized_cluster_sblr_only;parser_execution_storage_finality_authority_forbidden,compatibility_cluster_execution_storage_transaction_finality_authority_forbidden,project/tests/compatibility_sql_parser_first_tranche/parser_remap_cluster_route_gate.py,parser_remap_cluster_route_gate,p2_cluster_route_remap_verified,row-level compatibility cluster surface remap preserves provider boundary compile policy and compatibility parser isolation;private provider implementation detail is not recorded
FPR-P2-CLUSTER-00066,opensearch,opensearch.admin.cluster_update,opensearch.admin.cluster_update,cluster.job.start_controlled,sblr.cluster.control.v3:cluster.job.start_controlled,sblr.cluster.control.v3:cluster.job.start_controlled,project/src/parsers/compatibility/opensearch/opensearch_dialect.cpp#kPatterns:opensearch.admin.cluster_update,own_compatibility_surface_only,FPR-P2,not_cluster_query,cluster.start_job,provider_routed_public_boundary_manifested,functionality_unsupported;kClusterSupportNotEnabledCode;unsupported_feature=cluster.provider;no_provider_call;fail_closed,functionality_unlicensed;kClusterHandshakeStubCompileLinkOnlyCode;unsupported_feature=cluster.provider.stub;public_compile_link_boundary_only;no_cluster_authority_or_production_behavior,private_internal_provider_required;provider_api_boundary=cluster.start_job;no_private_source_or_implementation_detail,compile_flag_disabled_returns_functionality_unsupported;public_stub_enabled_returns_functionality_unlicensed;private_provider_required_for_execution,provider_boundary_route_required,FSE-P7-PROOF-00005,sblr_surface_fse_p7_execution_proof_gate,query.plan_operation_never_cluster_authority;local_query_sblr_remains_local_engine_authority,parser_emits_normalized_cluster_sblr_only;parser_execution_storage_finality_authority_forbidden,compatibility_cluster_execution_storage_transaction_finality_authority_forbidden,project/tests/compatibility_sql_parser_first_tranche/parser_remap_cluster_route_gate.py,parser_remap_cluster_route_gate,p2_cluster_route_remap_verified,row-level compatibility cluster surface remap preserves provider boundary compile policy and compatibility parser isolation;private provider implementation detail is not recorded
FPR-P2-CLUSTER-00067,opensearch,opensearch.admin.nodes,opensearch.admin.nodes,cluster.node.admit_member,sblr.cluster.control.v3:cluster.node.admit_member,sblr.cluster.control.v3:cluster.node.admit_member,project/src/parsers/compatibility/opensearch/opensearch_dialect.cpp#kPatterns:opensearch.admin.nodes,own_compatibility_surface_only,FPR-P2,not_cluster_query,cluster.admit_member,provider_routed_public_boundary_manifested,functionality_unsupported;kClusterSupportNotEnabledCode;unsupported_feature=cluster.provider;no_provider_call;fail_closed,functionality_unlicensed;kClusterHandshakeStubCompileLinkOnlyCode;unsupported_feature=cluster.provider.stub;public_compile_link_boundary_only;no_cluster_authority_or_production_behavior,private_internal_provider_required;provider_api_boundary=cluster.admit_member;no_private_source_or_implementation_detail,compile_flag_disabled_returns_functionality_unsupported;public_stub_enabled_returns_functionality_unlicensed;private_provider_required_for_execution,provider_boundary_route_required,FSE-P7-PROOF-00012,sblr_surface_fse_p7_execution_proof_gate,query.plan_operation_never_cluster_authority;local_query_sblr_remains_local_engine_authority,parser_emits_normalized_cluster_sblr_only;parser_execution_storage_finality_authority_forbidden,compatibility_cluster_execution_storage_transaction_finality_authority_forbidden,project/tests/compatibility_sql_parser_first_tranche/parser_remap_cluster_route_gate.py,parser_remap_cluster_route_gate,p2_cluster_route_remap_verified,row-level compatibility cluster surface remap preserves provider boundary compile policy and compatibility parser isolation;private provider implementation detail is not recorded
FPR-P2-CLUSTER-00068,opensearch,opensearch_sql_ppl.cluster.get,opensearch_sql_ppl.cluster.get,cluster.admin.inspect_status,sblr.cluster.report.v3:cluster.admin.inspect_status,sblr.cluster.report.v3:cluster.admin.inspect_status,project/src/parsers/compatibility/opensearch_sql_ppl/opensearch_sql_ppl_dialect.cpp#kPatterns:opensearch_sql_ppl.cluster.get,own_compatibility_surface_only,FPR-P2,not_cluster_query,cluster.inspect_state,provider_routed_public_boundary_manifested,functionality_unsupported;kClusterSupportNotEnabledCode;unsupported_feature=cluster.provider;no_provider_call;fail_closed,functionality_unlicensed;kClusterHandshakeStubCompileLinkOnlyCode;unsupported_feature=cluster.provider.stub;public_compile_link_boundary_only;no_cluster_authority_or_production_behavior,private_internal_provider_required;provider_api_boundary=cluster.inspect_state;no_private_source_or_implementation_detail,compile_flag_disabled_returns_functionality_unsupported;public_stub_enabled_returns_functionality_unlicensed;private_provider_required_for_execution,provider_boundary_route_required,FSE-P7-PROOF-00001,sblr_surface_fse_p7_execution_proof_gate,query.plan_operation_never_cluster_authority;local_query_sblr_remains_local_engine_authority,parser_emits_normalized_cluster_sblr_only;parser_execution_storage_finality_authority_forbidden,compatibility_cluster_execution_storage_transaction_finality_authority_forbidden,project/tests/compatibility_sql_parser_first_tranche/parser_remap_cluster_route_gate.py,parser_remap_cluster_route_gate,p2_cluster_route_remap_verified,row-level compatibility cluster surface remap preserves provider boundary compile policy and compatibility parser isolation;private provider implementation detail is not recorded
FPR-P2-CLUSTER-00069,opensearch,opensearch_sql_ppl.cluster.post,opensearch_sql_ppl.cluster.post,cluster.job.start_controlled,sblr.cluster.control.v3:cluster.job.start_controlled,sblr.cluster.control.v3:cluster.job.start_controlled,project/src/parsers/compatibility/opensearch_sql_ppl/opensearch_sql_ppl_dialect.cpp#kPatterns:opensearch_sql_ppl.cluster.post,own_compatibility_surface_only,FPR-P2,not_cluster_query,cluster.start_job,provider_routed_public_boundary_manifested,functionality_unsupported;kClusterSupportNotEnabledCode;unsupported_feature=cluster.provider;no_provider_call;fail_closed,functionality_unlicensed;kClusterHandshakeStubCompileLinkOnlyCode;unsupported_feature=cluster.provider.stub;public_compile_link_boundary_only;no_cluster_authority_or_production_behavior,private_internal_provider_required;provider_api_boundary=cluster.start_job;no_private_source_or_implementation_detail,compile_flag_disabled_returns_functionality_unsupported;public_stub_enabled_returns_functionality_unlicensed;private_provider_required_for_execution,provider_boundary_route_required,FSE-P7-PROOF-00005,sblr_surface_fse_p7_execution_proof_gate,query.plan_operation_never_cluster_authority;local_query_sblr_remains_local_engine_authority,parser_emits_normalized_cluster_sblr_only;parser_execution_storage_finality_authority_forbidden,compatibility_cluster_execution_storage_transaction_finality_authority_forbidden,project/tests/compatibility_sql_parser_first_tranche/parser_remap_cluster_route_gate.py,parser_remap_cluster_route_gate,p2_cluster_route_remap_verified,row-level compatibility cluster surface remap preserves provider boundary compile policy and compatibility parser isolation;private provider implementation detail is not recorded
FPR-P2-CLUSTER-00070,opensearch,builtin_function_surface:rest_dsl,builtin_function_surface:rest_dsl,cluster.job.start_controlled,sblr.cluster.control.v3:cluster.job.start_controlled,sblr.cluster.control.v3:cluster.job.start_controlled,project/src/parsers/compatibility/opensearch_sql_ppl/opensearch_sql_ppl_dialect.cpp#kBuiltinSurfaces:rest_dsl,own_compatibility_surface_only,FPR-P2,not_cluster_query,cluster.start_job,provider_routed_public_boundary_manifested,functionality_unsupported;kClusterSupportNotEnabledCode;unsupported_feature=cluster.provider;no_provider_call;fail_closed,functionality_unlicensed;kClusterHandshakeStubCompileLinkOnlyCode;unsupported_feature=cluster.provider.stub;public_compile_link_boundary_only;no_cluster_authority_or_production_behavior,private_internal_provider_required;provider_api_boundary=cluster.start_job;no_private_source_or_implementation_detail,compile_flag_disabled_returns_functionality_unsupported;public_stub_enabled_returns_functionality_unlicensed;private_provider_required_for_execution,provider_boundary_route_required,FSE-P7-PROOF-00005,sblr_surface_fse_p7_execution_proof_gate,query.plan_operation_never_cluster_authority;local_query_sblr_remains_local_engine_authority,parser_emits_normalized_cluster_sblr_only;parser_execution_storage_finality_authority_forbidden,compatibility_cluster_execution_storage_transaction_finality_authority_forbidden,project/tests/compatibility_sql_parser_first_tranche/parser_remap_cluster_route_gate.py,parser_remap_cluster_route_gate,p2_cluster_route_remap_verified,row-level compatibility cluster surface remap preserves provider boundary compile policy and compatibility parser isolation;private provider implementation detail is not recorded
FPR-P2-CLUSTER-00071,opensearch,catalog_overlay_surface:stats,catalog_overlay_surface:stats,cluster.admin.inspect_status,sblr.cluster.report.v3:cluster.admin.inspect_status,sblr.cluster.report.v3:cluster.admin.inspect_status,project/src/parsers/compatibility/opensearch_sql_ppl/opensearch_sql_ppl_dialect.cpp#kCatalogSurfaces:stats,own_compatibility_surface_only,FPR-P2,not_cluster_query,cluster.inspect_state,provider_routed_public_boundary_manifested,functionality_unsupported;kClusterSupportNotEnabledCode;unsupported_feature=cluster.provider;no_provider_call;fail_closed,functionality_unlicensed;kClusterHandshakeStubCompileLinkOnlyCode;unsupported_feature=cluster.provider.stub;public_compile_link_boundary_only;no_cluster_authority_or_production_behavior,private_internal_provider_required;provider_api_boundary=cluster.inspect_state;no_private_source_or_implementation_detail,compile_flag_disabled_returns_functionality_unsupported;public_stub_enabled_returns_functionality_unlicensed;private_provider_required_for_execution,provider_boundary_route_required,FSE-P7-PROOF-00001,sblr_surface_fse_p7_execution_proof_gate,query.plan_operation_never_cluster_authority;local_query_sblr_remains_local_engine_authority,parser_emits_normalized_cluster_sblr_only;parser_execution_storage_finality_authority_forbidden,compatibility_cluster_execution_storage_transaction_finality_authority_forbidden,project/tests/compatibility_sql_parser_first_tranche/parser_remap_cluster_route_gate.py,parser_remap_cluster_route_gate,p2_cluster_route_remap_verified,row-level compatibility cluster surface remap preserves provider boundary compile policy and compatibility parser isolation;private provider implementation detail is not recorded
FPR-P2-CLUSTER-00072,postgresql,postgresql.replication.publication.create,postgresql.replication.publication.create,cluster.replication.consume_cluster_event,sblr.replication.consumer.v3:cluster.replication.consume_cluster_event,sblr.replication.consumer.v3:cluster.replication.consume_cluster_event,project/src/parsers/compatibility/postgresql/postgresql_dialect.cpp#kPatterns:postgresql.replication.publication.create,own_compatibility_surface_only,FPR-P2,not_cluster_query,cluster.inspect_replication,provider_routed_public_boundary_manifested,functionality_unsupported;kClusterSupportNotEnabledCode;unsupported_feature=cluster.provider;no_provider_call;fail_closed,functionality_unlicensed;kClusterHandshakeStubCompileLinkOnlyCode;unsupported_feature=cluster.provider.stub;public_compile_link_boundary_only;no_cluster_authority_or_production_behavior,private_internal_provider_required;provider_api_boundary=cluster.inspect_replication;no_private_source_or_implementation_detail,compile_flag_disabled_returns_functionality_unsupported;public_stub_enabled_returns_functionality_unlicensed;private_provider_required_for_execution,provider_boundary_route_required,FSE-P7-PROOF-00036,sblr_surface_fse_p7_execution_proof_gate,query.plan_operation_never_cluster_authority;local_query_sblr_remains_local_engine_authority,parser_emits_normalized_cluster_sblr_only;parser_execution_storage_finality_authority_forbidden,compatibility_cluster_execution_storage_transaction_finality_authority_forbidden,project/tests/compatibility_sql_parser_first_tranche/parser_remap_cluster_route_gate.py,parser_remap_cluster_route_gate,p2_cluster_route_remap_verified,row-level compatibility cluster surface remap preserves provider boundary compile policy and compatibility parser isolation;private provider implementation detail is not recorded
FPR-P2-CLUSTER-00073,postgresql,postgresql.replication.subscription.create,postgresql.replication.subscription.create,cluster.replication.consume_cluster_event,sblr.replication.consumer.v3:cluster.replication.consume_cluster_event,sblr.replication.consumer.v3:cluster.replication.consume_cluster_event,project/src/parsers/compatibility/postgresql/postgresql_dialect.cpp#kPatterns:postgresql.replication.subscription.create,own_compatibility_surface_only,FPR-P2,not_cluster_query,cluster.inspect_replication,provider_routed_public_boundary_manifested,functionality_unsupported;kClusterSupportNotEnabledCode;unsupported_feature=cluster.provider;no_provider_call;fail_closed,functionality_unlicensed;kClusterHandshakeStubCompileLinkOnlyCode;unsupported_feature=cluster.provider.stub;public_compile_link_boundary_only;no_cluster_authority_or_production_behavior,private_internal_provider_required;provider_api_boundary=cluster.inspect_replication;no_private_source_or_implementation_detail,compile_flag_disabled_returns_functionality_unsupported;public_stub_enabled_returns_functionality_unlicensed;private_provider_required_for_execution,provider_boundary_route_required,FSE-P7-PROOF-00036,sblr_surface_fse_p7_execution_proof_gate,query.plan_operation_never_cluster_authority;local_query_sblr_remains_local_engine_authority,parser_emits_normalized_cluster_sblr_only;parser_execution_storage_finality_authority_forbidden,compatibility_cluster_execution_storage_transaction_finality_authority_forbidden,project/tests/compatibility_sql_parser_first_tranche/parser_remap_cluster_route_gate.py,parser_remap_cluster_route_gate,p2_cluster_route_remap_verified,row-level compatibility cluster surface remap preserves provider boundary compile policy and compatibility parser isolation;private provider implementation detail is not recorded
FPR-P2-CLUSTER-00074,postgresql,postgresql.replication.subscription.alter,postgresql.replication.subscription.alter,cluster.replication.consume_cluster_event,sblr.replication.consumer.v3:cluster.replication.consume_cluster_event,sblr.replication.consumer.v3:cluster.replication.consume_cluster_event,project/src/parsers/compatibility/postgresql/postgresql_dialect.cpp#kPatterns:postgresql.replication.subscription.alter,own_compatibility_surface_only,FPR-P2,not_cluster_query,cluster.inspect_replication,provider_routed_public_boundary_manifested,functionality_unsupported;kClusterSupportNotEnabledCode;unsupported_feature=cluster.provider;no_provider_call;fail_closed,functionality_unlicensed;kClusterHandshakeStubCompileLinkOnlyCode;unsupported_feature=cluster.provider.stub;public_compile_link_boundary_only;no_cluster_authority_or_production_behavior,private_internal_provider_required;provider_api_boundary=cluster.inspect_replication;no_private_source_or_implementation_detail,compile_flag_disabled_returns_functionality_unsupported;public_stub_enabled_returns_functionality_unlicensed;private_provider_required_for_execution,provider_boundary_route_required,FSE-P7-PROOF-00036,sblr_surface_fse_p7_execution_proof_gate,query.plan_operation_never_cluster_authority;local_query_sblr_remains_local_engine_authority,parser_emits_normalized_cluster_sblr_only;parser_execution_storage_finality_authority_forbidden,compatibility_cluster_execution_storage_transaction_finality_authority_forbidden,project/tests/compatibility_sql_parser_first_tranche/parser_remap_cluster_route_gate.py,parser_remap_cluster_route_gate,p2_cluster_route_remap_verified,row-level compatibility cluster surface remap preserves provider boundary compile policy and compatibility parser isolation;private provider implementation detail is not recorded
FPR-P2-CLUSTER-00075,postgresql,postgresql.replication.subscription.drop,postgresql.replication.subscription.drop,cluster.replication.consume_cluster_event,sblr.replication.consumer.v3:cluster.replication.consume_cluster_event,sblr.replication.consumer.v3:cluster.replication.consume_cluster_event,project/src/parsers/compatibility/postgresql/postgresql_dialect.cpp#kPatterns:postgresql.replication.subscription.drop,own_compatibility_surface_only,FPR-P2,not_cluster_query,cluster.inspect_replication,provider_routed_public_boundary_manifested,functionality_unsupported;kClusterSupportNotEnabledCode;unsupported_feature=cluster.provider;no_provider_call;fail_closed,functionality_unlicensed;kClusterHandshakeStubCompileLinkOnlyCode;unsupported_feature=cluster.provider.stub;public_compile_link_boundary_only;no_cluster_authority_or_production_behavior,private_internal_provider_required;provider_api_boundary=cluster.inspect_replication;no_private_source_or_implementation_detail,compile_flag_disabled_returns_functionality_unsupported;public_stub_enabled_returns_functionality_unlicensed;private_provider_required_for_execution,provider_boundary_route_required,FSE-P7-PROOF-00036,sblr_surface_fse_p7_execution_proof_gate,query.plan_operation_never_cluster_authority;local_query_sblr_remains_local_engine_authority,parser_emits_normalized_cluster_sblr_only;parser_execution_storage_finality_authority_forbidden,compatibility_cluster_execution_storage_transaction_finality_authority_forbidden,project/tests/compatibility_sql_parser_first_tranche/parser_remap_cluster_route_gate.py,parser_remap_cluster_route_gate,p2_cluster_route_remap_verified,row-level compatibility cluster surface remap preserves provider boundary compile policy and compatibility parser isolation;private provider implementation detail is not recorded
FPR-P2-CLUSTER-00076,postgresql,postgresql.maintenance.cluster,postgresql.maintenance.cluster,cluster.admin.run_maintenance,sblr.cluster.control.v3:cluster.admin.run_maintenance,sblr.cluster.control.v3:cluster.admin.run_maintenance,project/src/parsers/compatibility/postgresql/postgresql_dialect.cpp#kPatterns:postgresql.maintenance.cluster,own_compatibility_surface_only,FPR-P2,not_cluster_query,cluster.run_maintenance,provider_routed_public_boundary_manifested,functionality_unsupported;kClusterSupportNotEnabledCode;unsupported_feature=cluster.provider;no_provider_call;fail_closed,functionality_unlicensed;kClusterHandshakeStubCompileLinkOnlyCode;unsupported_feature=cluster.provider.stub;public_compile_link_boundary_only;no_cluster_authority_or_production_behavior,private_internal_provider_required;provider_api_boundary=cluster.run_maintenance;no_private_source_or_implementation_detail,compile_flag_disabled_returns_functionality_unsupported;public_stub_enabled_returns_functionality_unlicensed;private_provider_required_for_execution,provider_boundary_route_required,FSE-P7-PROOF-00003,sblr_surface_fse_p7_execution_proof_gate,query.plan_operation_never_cluster_authority;local_query_sblr_remains_local_engine_authority,parser_emits_normalized_cluster_sblr_only;parser_execution_storage_finality_authority_forbidden,compatibility_cluster_execution_storage_transaction_finality_authority_forbidden,project/tests/compatibility_sql_parser_first_tranche/parser_remap_cluster_route_gate.py,parser_remap_cluster_route_gate,p2_cluster_route_remap_verified,row-level compatibility cluster surface remap preserves provider boundary compile policy and compatibility parser isolation;private provider implementation detail is not recorded
FPR-P2-CLUSTER-00077,postgresql,catalog_overlay_surface:replication,catalog_overlay_surface:replication,cluster.replication.consume_cluster_event,sblr.replication.consumer.v3:cluster.replication.consume_cluster_event,sblr.replication.consumer.v3:cluster.replication.consume_cluster_event,project/src/parsers/compatibility/postgresql/postgresql_dialect.cpp#kCatalogSurfaces:replication,own_compatibility_surface_only,FPR-P2,not_cluster_query,cluster.inspect_replication,provider_routed_public_boundary_manifested,functionality_unsupported;kClusterSupportNotEnabledCode;unsupported_feature=cluster.provider;no_provider_call;fail_closed,functionality_unlicensed;kClusterHandshakeStubCompileLinkOnlyCode;unsupported_feature=cluster.provider.stub;public_compile_link_boundary_only;no_cluster_authority_or_production_behavior,private_internal_provider_required;provider_api_boundary=cluster.inspect_replication;no_private_source_or_implementation_detail,compile_flag_disabled_returns_functionality_unsupported;public_stub_enabled_returns_functionality_unlicensed;private_provider_required_for_execution,provider_boundary_route_required,FSE-P7-PROOF-00036,sblr_surface_fse_p7_execution_proof_gate,query.plan_operation_never_cluster_authority;local_query_sblr_remains_local_engine_authority,parser_emits_normalized_cluster_sblr_only;parser_execution_storage_finality_authority_forbidden,compatibility_cluster_execution_storage_transaction_finality_authority_forbidden,project/tests/compatibility_sql_parser_first_tranche/parser_remap_cluster_route_gate.py,parser_remap_cluster_route_gate,p2_cluster_route_remap_verified,row-level compatibility cluster surface remap preserves provider boundary compile policy and compatibility parser isolation;private provider implementation detail is not recorded
FPR-P2-CLUSTER-00078,postgresql,diagnostic_surface:replication,diagnostic_surface:replication,cluster.metrics.snapshot,sblr.cluster.report.v3:cluster.metrics.snapshot,sblr.cluster.report.v3:cluster.metrics.snapshot,project/src/parsers/compatibility/postgresql/postgresql_dialect.cpp#kDiagnosticSurfaces:replication,own_compatibility_surface_only,FPR-P2,not_cluster_query,cluster.inspect_state,provider_routed_public_boundary_manifested,functionality_unsupported;kClusterSupportNotEnabledCode;unsupported_feature=cluster.provider;no_provider_call;fail_closed,functionality_unlicensed;kClusterHandshakeStubCompileLinkOnlyCode;unsupported_feature=cluster.provider.stub;public_compile_link_boundary_only;no_cluster_authority_or_production_behavior,private_internal_provider_required;provider_api_boundary=cluster.inspect_state;no_private_source_or_implementation_detail,compile_flag_disabled_returns_functionality_unsupported;public_stub_enabled_returns_functionality_unlicensed;private_provider_required_for_execution,provider_boundary_route_required,FSE-P7-PROOF-00010,sblr_surface_fse_p7_execution_proof_gate,query.plan_operation_never_cluster_authority;local_query_sblr_remains_local_engine_authority,parser_emits_normalized_cluster_sblr_only;parser_execution_storage_finality_authority_forbidden,compatibility_cluster_execution_storage_transaction_finality_authority_forbidden,project/tests/compatibility_sql_parser_first_tranche/parser_remap_cluster_route_gate.py,parser_remap_cluster_route_gate,p2_cluster_route_remap_verified,row-level compatibility cluster surface remap preserves provider boundary compile policy and compatibility parser isolation;private provider implementation detail is not recorded
FPR-P2-CLUSTER-00079,redis,redis.cluster.command,redis.cluster.command,cluster.job.start_controlled,sblr.cluster.control.v3:cluster.job.start_controlled,sblr.cluster.control.v3:cluster.job.start_controlled,project/src/parsers/compatibility/redis/redis_dialect.cpp#kPatterns:redis.cluster.command,own_compatibility_surface_only,FPR-P2,not_cluster_query,cluster.start_job,provider_routed_public_boundary_manifested,functionality_unsupported;kClusterSupportNotEnabledCode;unsupported_feature=cluster.provider;no_provider_call;fail_closed,functionality_unlicensed;kClusterHandshakeStubCompileLinkOnlyCode;unsupported_feature=cluster.provider.stub;public_compile_link_boundary_only;no_cluster_authority_or_production_behavior,private_internal_provider_required;provider_api_boundary=cluster.start_job;no_private_source_or_implementation_detail,compile_flag_disabled_returns_functionality_unsupported;public_stub_enabled_returns_functionality_unlicensed;private_provider_required_for_execution,provider_boundary_route_required,FSE-P7-PROOF-00005,sblr_surface_fse_p7_execution_proof_gate,query.plan_operation_never_cluster_authority;local_query_sblr_remains_local_engine_authority,parser_emits_normalized_cluster_sblr_only;parser_execution_storage_finality_authority_forbidden,compatibility_cluster_execution_storage_transaction_finality_authority_forbidden,project/tests/compatibility_sql_parser_first_tranche/parser_remap_cluster_route_gate.py,parser_remap_cluster_route_gate,p2_cluster_route_remap_verified,row-level compatibility cluster surface remap preserves provider boundary compile policy and compatibility parser isolation;private provider implementation detail is not recorded
FPR-P2-CLUSTER-00080,redis,redis.replication.replicaof,redis.replication.replicaof,cluster.replication.consume_cluster_event,sblr.replication.consumer.v3:cluster.replication.consume_cluster_event,sblr.replication.consumer.v3:cluster.replication.consume_cluster_event,project/src/parsers/compatibility/redis/redis_dialect.cpp#kPatterns:redis.replication.replicaof,own_compatibility_surface_only,FPR-P2,not_cluster_query,cluster.inspect_replication,provider_routed_public_boundary_manifested,functionality_unsupported;kClusterSupportNotEnabledCode;unsupported_feature=cluster.provider;no_provider_call;fail_closed,functionality_unlicensed;kClusterHandshakeStubCompileLinkOnlyCode;unsupported_feature=cluster.provider.stub;public_compile_link_boundary_only;no_cluster_authority_or_production_behavior,private_internal_provider_required;provider_api_boundary=cluster.inspect_replication;no_private_source_or_implementation_detail,compile_flag_disabled_returns_functionality_unsupported;public_stub_enabled_returns_functionality_unlicensed;private_provider_required_for_execution,provider_boundary_route_required,FSE-P7-PROOF-00036,sblr_surface_fse_p7_execution_proof_gate,query.plan_operation_never_cluster_authority;local_query_sblr_remains_local_engine_authority,parser_emits_normalized_cluster_sblr_only;parser_execution_storage_finality_authority_forbidden,compatibility_cluster_execution_storage_transaction_finality_authority_forbidden,project/tests/compatibility_sql_parser_first_tranche/parser_remap_cluster_route_gate.py,parser_remap_cluster_route_gate,p2_cluster_route_remap_verified,row-level compatibility cluster surface remap preserves provider boundary compile policy and compatibility parser isolation;private provider implementation detail is not recorded
FPR-P2-CLUSTER-00081,redis,redis.replication.slaveof,redis.replication.slaveof,cluster.replication.consume_cluster_event,sblr.replication.consumer.v3:cluster.replication.consume_cluster_event,sblr.replication.consumer.v3:cluster.replication.consume_cluster_event,project/src/parsers/compatibility/redis/redis_dialect.cpp#kPatterns:redis.replication.slaveof,own_compatibility_surface_only,FPR-P2,not_cluster_query,cluster.inspect_replication,provider_routed_public_boundary_manifested,functionality_unsupported;kClusterSupportNotEnabledCode;unsupported_feature=cluster.provider;no_provider_call;fail_closed,functionality_unlicensed;kClusterHandshakeStubCompileLinkOnlyCode;unsupported_feature=cluster.provider.stub;public_compile_link_boundary_only;no_cluster_authority_or_production_behavior,private_internal_provider_required;provider_api_boundary=cluster.inspect_replication;no_private_source_or_implementation_detail,compile_flag_disabled_returns_functionality_unsupported;public_stub_enabled_returns_functionality_unlicensed;private_provider_required_for_execution,provider_boundary_route_required,FSE-P7-PROOF-00036,sblr_surface_fse_p7_execution_proof_gate,query.plan_operation_never_cluster_authority;local_query_sblr_remains_local_engine_authority,parser_emits_normalized_cluster_sblr_only;parser_execution_storage_finality_authority_forbidden,compatibility_cluster_execution_storage_transaction_finality_authority_forbidden,project/tests/compatibility_sql_parser_first_tranche/parser_remap_cluster_route_gate.py,parser_remap_cluster_route_gate,p2_cluster_route_remap_verified,row-level compatibility cluster surface remap preserves provider boundary compile policy and compatibility parser isolation;private provider implementation detail is not recorded
FPR-P2-CLUSTER-00082,redis,catalog_overlay_surface:cluster,catalog_overlay_surface:cluster,cluster.job.start_controlled,sblr.cluster.control.v3:cluster.job.start_controlled,sblr.cluster.control.v3:cluster.job.start_controlled,project/src/parsers/compatibility/redis/redis_dialect.cpp#kCatalogSurfaces:cluster,own_compatibility_surface_only,FPR-P2,not_cluster_query,cluster.start_job,provider_routed_public_boundary_manifested,functionality_unsupported;kClusterSupportNotEnabledCode;unsupported_feature=cluster.provider;no_provider_call;fail_closed,functionality_unlicensed;kClusterHandshakeStubCompileLinkOnlyCode;unsupported_feature=cluster.provider.stub;public_compile_link_boundary_only;no_cluster_authority_or_production_behavior,private_internal_provider_required;provider_api_boundary=cluster.start_job;no_private_source_or_implementation_detail,compile_flag_disabled_returns_functionality_unsupported;public_stub_enabled_returns_functionality_unlicensed;private_provider_required_for_execution,provider_boundary_route_required,FSE-P7-PROOF-00005,sblr_surface_fse_p7_execution_proof_gate,query.plan_operation_never_cluster_authority;local_query_sblr_remains_local_engine_authority,parser_emits_normalized_cluster_sblr_only;parser_execution_storage_finality_authority_forbidden,compatibility_cluster_execution_storage_transaction_finality_authority_forbidden,project/tests/compatibility_sql_parser_first_tranche/parser_remap_cluster_route_gate.py,parser_remap_cluster_route_gate,p2_cluster_route_remap_verified,row-level compatibility cluster surface remap preserves provider boundary compile policy and compatibility parser isolation;private provider implementation detail is not recorded
FPR-P2-CLUSTER-00083,tidb,tidb.placement.split_table,tidb.placement.split_table,cluster.security.validate_policy_version,required_new:sblr.cluster.security.v1:cluster.security.validate_policy_version,required_new:sblr.cluster.security.v1:cluster.security.validate_policy_version,project/src/parsers/compatibility/tidb/tidb_dialect.cpp#kPatterns:tidb.placement.split_table,own_compatibility_surface_only,FPR-P2,not_cluster_query,cluster.validate_policy_version,provider_routed_public_boundary_manifested,functionality_unsupported;kClusterSupportNotEnabledCode;unsupported_feature=cluster.provider;no_provider_call;fail_closed,functionality_unlicensed;kClusterHandshakeStubCompileLinkOnlyCode;unsupported_feature=cluster.provider.stub;public_compile_link_boundary_only;no_cluster_authority_or_production_behavior,private_internal_provider_required;provider_api_boundary=cluster.validate_policy_version;no_private_source_or_implementation_detail,compile_flag_disabled_returns_functionality_unsupported;public_stub_enabled_returns_functionality_unlicensed;private_provider_required_for_execution,provider_boundary_route_required,FSE-P7-PROOF-00045,sblr_surface_fse_p7_execution_proof_gate,query.plan_operation_never_cluster_authority;local_query_sblr_remains_local_engine_authority,parser_emits_normalized_cluster_sblr_only;parser_execution_storage_finality_authority_forbidden,compatibility_cluster_execution_storage_transaction_finality_authority_forbidden,project/tests/compatibility_sql_parser_first_tranche/parser_remap_cluster_route_gate.py,parser_remap_cluster_route_gate,p2_cluster_route_remap_verified,row-level compatibility cluster surface remap preserves provider boundary compile policy and compatibility parser isolation;private provider implementation detail is not recorded
FPR-P2-CLUSTER-00084,tidb,tidb.placement.policy.create,tidb.placement.policy.create,cluster.security.validate_policy_version,required_new:sblr.cluster.security.v1:cluster.security.validate_policy_version,required_new:sblr.cluster.security.v1:cluster.security.validate_policy_version,project/src/parsers/compatibility/tidb/tidb_dialect.cpp#kPatterns:tidb.placement.policy.create,own_compatibility_surface_only,FPR-P2,not_cluster_query,cluster.validate_policy_version,provider_routed_public_boundary_manifested,functionality_unsupported;kClusterSupportNotEnabledCode;unsupported_feature=cluster.provider;no_provider_call;fail_closed,functionality_unlicensed;kClusterHandshakeStubCompileLinkOnlyCode;unsupported_feature=cluster.provider.stub;public_compile_link_boundary_only;no_cluster_authority_or_production_behavior,private_internal_provider_required;provider_api_boundary=cluster.validate_policy_version;no_private_source_or_implementation_detail,compile_flag_disabled_returns_functionality_unsupported;public_stub_enabled_returns_functionality_unlicensed;private_provider_required_for_execution,provider_boundary_route_required,FSE-P7-PROOF-00045,sblr_surface_fse_p7_execution_proof_gate,query.plan_operation_never_cluster_authority;local_query_sblr_remains_local_engine_authority,parser_emits_normalized_cluster_sblr_only;parser_execution_storage_finality_authority_forbidden,compatibility_cluster_execution_storage_transaction_finality_authority_forbidden,project/tests/compatibility_sql_parser_first_tranche/parser_remap_cluster_route_gate.py,parser_remap_cluster_route_gate,p2_cluster_route_remap_verified,row-level compatibility cluster surface remap preserves provider boundary compile policy and compatibility parser isolation;private provider implementation detail is not recorded
FPR-P2-CLUSTER-00085,tidb,tidb.placement.policy.alter,tidb.placement.policy.alter,cluster.security.validate_policy_version,required_new:sblr.cluster.security.v1:cluster.security.validate_policy_version,required_new:sblr.cluster.security.v1:cluster.security.validate_policy_version,project/src/parsers/compatibility/tidb/tidb_dialect.cpp#kPatterns:tidb.placement.policy.alter,own_compatibility_surface_only,FPR-P2,not_cluster_query,cluster.validate_policy_version,provider_routed_public_boundary_manifested,functionality_unsupported;kClusterSupportNotEnabledCode;unsupported_feature=cluster.provider;no_provider_call;fail_closed,functionality_unlicensed;kClusterHandshakeStubCompileLinkOnlyCode;unsupported_feature=cluster.provider.stub;public_compile_link_boundary_only;no_cluster_authority_or_production_behavior,private_internal_provider_required;provider_api_boundary=cluster.validate_policy_version;no_private_source_or_implementation_detail,compile_flag_disabled_returns_functionality_unsupported;public_stub_enabled_returns_functionality_unlicensed;private_provider_required_for_execution,provider_boundary_route_required,FSE-P7-PROOF-00045,sblr_surface_fse_p7_execution_proof_gate,query.plan_operation_never_cluster_authority;local_query_sblr_remains_local_engine_authority,parser_emits_normalized_cluster_sblr_only;parser_execution_storage_finality_authority_forbidden,compatibility_cluster_execution_storage_transaction_finality_authority_forbidden,project/tests/compatibility_sql_parser_first_tranche/parser_remap_cluster_route_gate.py,parser_remap_cluster_route_gate,p2_cluster_route_remap_verified,row-level compatibility cluster surface remap preserves provider boundary compile policy and compatibility parser isolation;private provider implementation detail is not recorded
FPR-P2-CLUSTER-00086,tidb,tidb.placement.policy.drop,tidb.placement.policy.drop,cluster.security.validate_policy_version,required_new:sblr.cluster.security.v1:cluster.security.validate_policy_version,required_new:sblr.cluster.security.v1:cluster.security.validate_policy_version,project/src/parsers/compatibility/tidb/tidb_dialect.cpp#kPatterns:tidb.placement.policy.drop,own_compatibility_surface_only,FPR-P2,not_cluster_query,cluster.validate_policy_version,provider_routed_public_boundary_manifested,functionality_unsupported;kClusterSupportNotEnabledCode;unsupported_feature=cluster.provider;no_provider_call;fail_closed,functionality_unlicensed;kClusterHandshakeStubCompileLinkOnlyCode;unsupported_feature=cluster.provider.stub;public_compile_link_boundary_only;no_cluster_authority_or_production_behavior,private_internal_provider_required;provider_api_boundary=cluster.validate_policy_version;no_private_source_or_implementation_detail,compile_flag_disabled_returns_functionality_unsupported;public_stub_enabled_returns_functionality_unlicensed;private_provider_required_for_execution,provider_boundary_route_required,FSE-P7-PROOF-00045,sblr_surface_fse_p7_execution_proof_gate,query.plan_operation_never_cluster_authority;local_query_sblr_remains_local_engine_authority,parser_emits_normalized_cluster_sblr_only;parser_execution_storage_finality_authority_forbidden,compatibility_cluster_execution_storage_transaction_finality_authority_forbidden,project/tests/compatibility_sql_parser_first_tranche/parser_remap_cluster_route_gate.py,parser_remap_cluster_route_gate,p2_cluster_route_remap_verified,row-level compatibility cluster surface remap preserves provider boundary compile policy and compatibility parser isolation;private provider implementation detail is not recorded
FPR-P2-CLUSTER-00087,tidb,catalog_overlay_surface:cluster_info,catalog_overlay_surface:cluster_info,cluster.job.start_controlled,sblr.cluster.control.v3:cluster.job.start_controlled,sblr.cluster.control.v3:cluster.job.start_controlled,project/src/parsers/compatibility/tidb/tidb_dialect.cpp#kCatalogSurfaces:cluster_info,own_compatibility_surface_only,FPR-P2,not_cluster_query,cluster.start_job,provider_routed_public_boundary_manifested,functionality_unsupported;kClusterSupportNotEnabledCode;unsupported_feature=cluster.provider;no_provider_call;fail_closed,functionality_unlicensed;kClusterHandshakeStubCompileLinkOnlyCode;unsupported_feature=cluster.provider.stub;public_compile_link_boundary_only;no_cluster_authority_or_production_behavior,private_internal_provider_required;provider_api_boundary=cluster.start_job;no_private_source_or_implementation_detail,compile_flag_disabled_returns_functionality_unsupported;public_stub_enabled_returns_functionality_unlicensed;private_provider_required_for_execution,provider_boundary_route_required,FSE-P7-PROOF-00005,sblr_surface_fse_p7_execution_proof_gate,query.plan_operation_never_cluster_authority;local_query_sblr_remains_local_engine_authority,parser_emits_normalized_cluster_sblr_only;parser_execution_storage_finality_authority_forbidden,compatibility_cluster_execution_storage_transaction_finality_authority_forbidden,project/tests/compatibility_sql_parser_first_tranche/parser_remap_cluster_route_gate.py,parser_remap_cluster_route_gate,p2_cluster_route_remap_verified,row-level compatibility cluster surface remap preserves provider boundary compile policy and compatibility parser isolation;private provider implementation detail is not recorded
FPR-P2-CLUSTER-00088,tikv,tikv.admin.split_region,tikv.admin.split_region,cluster.placement.place_object,sblr.cluster.control.v3:cluster.placement.place_object,sblr.cluster.control.v3:cluster.placement.place_object,project/src/parsers/compatibility/tikv/tikv_dialect.cpp#kPatterns:tikv.admin.split_region,own_compatibility_surface_only,FPR-P2,not_cluster_query,cluster.place_object,provider_routed_public_boundary_manifested,functionality_unsupported;kClusterSupportNotEnabledCode;unsupported_feature=cluster.provider;no_provider_call;fail_closed,functionality_unlicensed;kClusterHandshakeStubCompileLinkOnlyCode;unsupported_feature=cluster.provider.stub;public_compile_link_boundary_only;no_cluster_authority_or_production_behavior,private_internal_provider_required;provider_api_boundary=cluster.place_object;no_private_source_or_implementation_detail,compile_flag_disabled_returns_functionality_unsupported;public_stub_enabled_returns_functionality_unlicensed;private_provider_required_for_execution,provider_boundary_route_required,FSE-P7-PROOF-00019,sblr_surface_fse_p7_execution_proof_gate,query.plan_operation_never_cluster_authority;local_query_sblr_remains_local_engine_authority,parser_emits_normalized_cluster_sblr_only;parser_execution_storage_finality_authority_forbidden,compatibility_cluster_execution_storage_transaction_finality_authority_forbidden,project/tests/compatibility_sql_parser_first_tranche/parser_remap_cluster_route_gate.py,parser_remap_cluster_route_gate,p2_cluster_route_remap_verified,row-level compatibility cluster surface remap preserves provider boundary compile policy and compatibility parser isolation;private provider implementation detail is not recorded
FPR-P2-CLUSTER-00089,tikv,tikv.admin.merge_region,tikv.admin.merge_region,cluster.reconcile.apply_merge_policy,required_new:sblr.cluster.reconciliation.v1:cluster.reconcile.apply_merge_policy,required_new:sblr.cluster.reconciliation.v1:cluster.reconcile.apply_merge_policy,project/src/parsers/compatibility/tikv/tikv_dialect.cpp#kPatterns:tikv.admin.merge_region,own_compatibility_surface_only,FPR-P2,not_cluster_query,cluster.apply_merge_policy,provider_routed_public_boundary_manifested,functionality_unsupported;kClusterSupportNotEnabledCode;unsupported_feature=cluster.provider;no_provider_call;fail_closed,functionality_unlicensed;kClusterHandshakeStubCompileLinkOnlyCode;unsupported_feature=cluster.provider.stub;public_compile_link_boundary_only;no_cluster_authority_or_production_behavior,private_internal_provider_required;provider_api_boundary=cluster.apply_merge_policy;no_private_source_or_implementation_detail,compile_flag_disabled_returns_functionality_unsupported;public_stub_enabled_returns_functionality_unlicensed;private_provider_required_for_execution,provider_boundary_route_required,FSE-P7-PROOF-00031,sblr_surface_fse_p7_execution_proof_gate,query.plan_operation_never_cluster_authority;local_query_sblr_remains_local_engine_authority,parser_emits_normalized_cluster_sblr_only;parser_execution_storage_finality_authority_forbidden,compatibility_cluster_execution_storage_transaction_finality_authority_forbidden,project/tests/compatibility_sql_parser_first_tranche/parser_remap_cluster_route_gate.py,parser_remap_cluster_route_gate,p2_cluster_route_remap_verified,row-level compatibility cluster surface remap preserves provider boundary compile policy and compatibility parser isolation;private provider implementation detail is not recorded
FPR-P2-CLUSTER-00090,tikv,tikv.admin.transfer_leader,tikv.admin.transfer_leader,cluster.node.set_role,sblr.cluster.control.v3:cluster.node.set_role,sblr.cluster.control.v3:cluster.node.set_role,project/src/parsers/compatibility/tikv/tikv_dialect.cpp#kPatterns:tikv.admin.transfer_leader,own_compatibility_surface_only,FPR-P2,not_cluster_query,cluster.set_node_role,provider_routed_public_boundary_manifested,functionality_unsupported;kClusterSupportNotEnabledCode;unsupported_feature=cluster.provider;no_provider_call;fail_closed,functionality_unlicensed;kClusterHandshakeStubCompileLinkOnlyCode;unsupported_feature=cluster.provider.stub;public_compile_link_boundary_only;no_cluster_authority_or_production_behavior,private_internal_provider_required;provider_api_boundary=cluster.set_node_role;no_private_source_or_implementation_detail,compile_flag_disabled_returns_functionality_unsupported;public_stub_enabled_returns_functionality_unlicensed;private_provider_required_for_execution,provider_boundary_route_required,FSE-P7-PROOF-00016,sblr_surface_fse_p7_execution_proof_gate,query.plan_operation_never_cluster_authority;local_query_sblr_remains_local_engine_authority,parser_emits_normalized_cluster_sblr_only;parser_execution_storage_finality_authority_forbidden,compatibility_cluster_execution_storage_transaction_finality_authority_forbidden,project/tests/compatibility_sql_parser_first_tranche/parser_remap_cluster_route_gate.py,parser_remap_cluster_route_gate,p2_cluster_route_remap_verified,row-level compatibility cluster surface remap preserves provider boundary compile policy and compatibility parser isolation;private provider implementation detail is not recorded
FPR-P2-CLUSTER-00091,tikv,tikv.admin.change_peer,tikv.admin.change_peer,cluster.job.start_controlled,sblr.cluster.control.v3:cluster.job.start_controlled,sblr.cluster.control.v3:cluster.job.start_controlled,project/src/parsers/compatibility/tikv/tikv_dialect.cpp#kPatterns:tikv.admin.change_peer,own_compatibility_surface_only,FPR-P2,not_cluster_query,cluster.start_job,provider_routed_public_boundary_manifested,functionality_unsupported;kClusterSupportNotEnabledCode;unsupported_feature=cluster.provider;no_provider_call;fail_closed,functionality_unlicensed;kClusterHandshakeStubCompileLinkOnlyCode;unsupported_feature=cluster.provider.stub;public_compile_link_boundary_only;no_cluster_authority_or_production_behavior,private_internal_provider_required;provider_api_boundary=cluster.start_job;no_private_source_or_implementation_detail,compile_flag_disabled_returns_functionality_unsupported;public_stub_enabled_returns_functionality_unlicensed;private_provider_required_for_execution,provider_boundary_route_required,FSE-P7-PROOF-00005,sblr_surface_fse_p7_execution_proof_gate,query.plan_operation_never_cluster_authority;local_query_sblr_remains_local_engine_authority,parser_emits_normalized_cluster_sblr_only;parser_execution_storage_finality_authority_forbidden,compatibility_cluster_execution_storage_transaction_finality_authority_forbidden,project/tests/compatibility_sql_parser_first_tranche/parser_remap_cluster_route_gate.py,parser_remap_cluster_route_gate,p2_cluster_route_remap_verified,row-level compatibility cluster surface remap preserves provider boundary compile policy and compatibility parser isolation;private provider implementation detail is not recorded
FPR-P2-CLUSTER-00092,tikv,tikv.admin.pd_request,tikv.admin.pd_request,cluster.job.start_controlled,sblr.cluster.control.v3:cluster.job.start_controlled,sblr.cluster.control.v3:cluster.job.start_controlled,project/src/parsers/compatibility/tikv/tikv_dialect.cpp#kPatterns:tikv.admin.pd_request,own_compatibility_surface_only,FPR-P2,not_cluster_query,cluster.start_job,provider_routed_public_boundary_manifested,functionality_unsupported;kClusterSupportNotEnabledCode;unsupported_feature=cluster.provider;no_provider_call;fail_closed,functionality_unlicensed;kClusterHandshakeStubCompileLinkOnlyCode;unsupported_feature=cluster.provider.stub;public_compile_link_boundary_only;no_cluster_authority_or_production_behavior,private_internal_provider_required;provider_api_boundary=cluster.start_job;no_private_source_or_implementation_detail,compile_flag_disabled_returns_functionality_unsupported;public_stub_enabled_returns_functionality_unlicensed;private_provider_required_for_execution,provider_boundary_route_required,FSE-P7-PROOF-00005,sblr_surface_fse_p7_execution_proof_gate,query.plan_operation_never_cluster_authority;local_query_sblr_remains_local_engine_authority,parser_emits_normalized_cluster_sblr_only;parser_execution_storage_finality_authority_forbidden,compatibility_cluster_execution_storage_transaction_finality_authority_forbidden,project/tests/compatibility_sql_parser_first_tranche/parser_remap_cluster_route_gate.py,parser_remap_cluster_route_gate,p2_cluster_route_remap_verified,row-level compatibility cluster surface remap preserves provider boundary compile policy and compatibility parser isolation;private provider implementation detail is not recorded
FPR-P2-CLUSTER-00093,tikv,builtin_function_surface:cluster,builtin_function_surface:cluster,cluster.job.start_controlled,sblr.cluster.control.v3:cluster.job.start_controlled,sblr.cluster.control.v3:cluster.job.start_controlled,project/src/parsers/compatibility/tikv/tikv_dialect.cpp#kBuiltinSurfaces:cluster,own_compatibility_surface_only,FPR-P2,not_cluster_query,cluster.start_job,provider_routed_public_boundary_manifested,functionality_unsupported;kClusterSupportNotEnabledCode;unsupported_feature=cluster.provider;no_provider_call;fail_closed,functionality_unlicensed;kClusterHandshakeStubCompileLinkOnlyCode;unsupported_feature=cluster.provider.stub;public_compile_link_boundary_only;no_cluster_authority_or_production_behavior,private_internal_provider_required;provider_api_boundary=cluster.start_job;no_private_source_or_implementation_detail,compile_flag_disabled_returns_functionality_unsupported;public_stub_enabled_returns_functionality_unlicensed;private_provider_required_for_execution,provider_boundary_route_required,FSE-P7-PROOF-00005,sblr_surface_fse_p7_execution_proof_gate,query.plan_operation_never_cluster_authority;local_query_sblr_remains_local_engine_authority,parser_emits_normalized_cluster_sblr_only;parser_execution_storage_finality_authority_forbidden,compatibility_cluster_execution_storage_transaction_finality_authority_forbidden,project/tests/compatibility_sql_parser_first_tranche/parser_remap_cluster_route_gate.py,parser_remap_cluster_route_gate,p2_cluster_route_remap_verified,row-level compatibility cluster surface remap preserves provider boundary compile policy and compatibility parser isolation;private provider implementation detail is not recorded
FPR-P2-CLUSTER-00094,vitess,vitess.topology.reparent,vitess.topology.reparent,cluster.job.start_controlled,sblr.cluster.control.v3:cluster.job.start_controlled,sblr.cluster.control.v3:cluster.job.start_controlled,project/src/parsers/compatibility/vitess/vitess_dialect.cpp#kPatterns:vitess.topology.reparent,own_compatibility_surface_only,FPR-P2,not_cluster_query,cluster.start_job,provider_routed_public_boundary_manifested,functionality_unsupported;kClusterSupportNotEnabledCode;unsupported_feature=cluster.provider;no_provider_call;fail_closed,functionality_unlicensed;kClusterHandshakeStubCompileLinkOnlyCode;unsupported_feature=cluster.provider.stub;public_compile_link_boundary_only;no_cluster_authority_or_production_behavior,private_internal_provider_required;provider_api_boundary=cluster.start_job;no_private_source_or_implementation_detail,compile_flag_disabled_returns_functionality_unsupported;public_stub_enabled_returns_functionality_unlicensed;private_provider_required_for_execution,provider_boundary_route_required,FSE-P7-PROOF-00005,sblr_surface_fse_p7_execution_proof_gate,query.plan_operation_never_cluster_authority;local_query_sblr_remains_local_engine_authority,parser_emits_normalized_cluster_sblr_only;parser_execution_storage_finality_authority_forbidden,compatibility_cluster_execution_storage_transaction_finality_authority_forbidden,project/tests/compatibility_sql_parser_first_tranche/parser_remap_cluster_route_gate.py,parser_remap_cluster_route_gate,p2_cluster_route_remap_verified,row-level compatibility cluster surface remap preserves provider boundary compile policy and compatibility parser isolation;private provider implementation detail is not recorded
FPR-P2-CLUSTER-00095,vitess,vitess.topology.command,vitess.topology.command,cluster.job.start_controlled,sblr.cluster.control.v3:cluster.job.start_controlled,sblr.cluster.control.v3:cluster.job.start_controlled,project/src/parsers/compatibility/vitess/vitess_dialect.cpp#kPatterns:vitess.topology.command,own_compatibility_surface_only,FPR-P2,not_cluster_query,cluster.start_job,provider_routed_public_boundary_manifested,functionality_unsupported;kClusterSupportNotEnabledCode;unsupported_feature=cluster.provider;no_provider_call;fail_closed,functionality_unlicensed;kClusterHandshakeStubCompileLinkOnlyCode;unsupported_feature=cluster.provider.stub;public_compile_link_boundary_only;no_cluster_authority_or_production_behavior,private_internal_provider_required;provider_api_boundary=cluster.start_job;no_private_source_or_implementation_detail,compile_flag_disabled_returns_functionality_unsupported;public_stub_enabled_returns_functionality_unlicensed;private_provider_required_for_execution,provider_boundary_route_required,FSE-P7-PROOF-00005,sblr_surface_fse_p7_execution_proof_gate,query.plan_operation_never_cluster_authority;local_query_sblr_remains_local_engine_authority,parser_emits_normalized_cluster_sblr_only;parser_execution_storage_finality_authority_forbidden,compatibility_cluster_execution_storage_transaction_finality_authority_forbidden,project/tests/compatibility_sql_parser_first_tranche/parser_remap_cluster_route_gate.py,parser_remap_cluster_route_gate,p2_cluster_route_remap_verified,row-level compatibility cluster surface remap preserves provider boundary compile policy and compatibility parser isolation;private provider implementation detail is not recorded
FPR-P2-CLUSTER-00096,vitess,vitess.vreplication.move_tables,vitess.vreplication.move_tables,cluster.replication.consume_cluster_event,sblr.replication.consumer.v3:cluster.replication.consume_cluster_event,sblr.replication.consumer.v3:cluster.replication.consume_cluster_event,project/src/parsers/compatibility/vitess/vitess_dialect.cpp#kPatterns:vitess.vreplication.move_tables,own_compatibility_surface_only,FPR-P2,not_cluster_query,cluster.inspect_replication,provider_routed_public_boundary_manifested,functionality_unsupported;kClusterSupportNotEnabledCode;unsupported_feature=cluster.provider;no_provider_call;fail_closed,functionality_unlicensed;kClusterHandshakeStubCompileLinkOnlyCode;unsupported_feature=cluster.provider.stub;public_compile_link_boundary_only;no_cluster_authority_or_production_behavior,private_internal_provider_required;provider_api_boundary=cluster.inspect_replication;no_private_source_or_implementation_detail,compile_flag_disabled_returns_functionality_unsupported;public_stub_enabled_returns_functionality_unlicensed;private_provider_required_for_execution,provider_boundary_route_required,FSE-P7-PROOF-00036,sblr_surface_fse_p7_execution_proof_gate,query.plan_operation_never_cluster_authority;local_query_sblr_remains_local_engine_authority,parser_emits_normalized_cluster_sblr_only;parser_execution_storage_finality_authority_forbidden,compatibility_cluster_execution_storage_transaction_finality_authority_forbidden,project/tests/compatibility_sql_parser_first_tranche/parser_remap_cluster_route_gate.py,parser_remap_cluster_route_gate,p2_cluster_route_remap_verified,row-level compatibility cluster surface remap preserves provider boundary compile policy and compatibility parser isolation;private provider implementation detail is not recorded
FPR-P2-CLUSTER-00097,vitess,vitess.vreplication.reshard,vitess.vreplication.reshard,cluster.replication.consume_cluster_event,sblr.replication.consumer.v3:cluster.replication.consume_cluster_event,sblr.replication.consumer.v3:cluster.replication.consume_cluster_event,project/src/parsers/compatibility/vitess/vitess_dialect.cpp#kPatterns:vitess.vreplication.reshard,own_compatibility_surface_only,FPR-P2,not_cluster_query,cluster.inspect_replication,provider_routed_public_boundary_manifested,functionality_unsupported;kClusterSupportNotEnabledCode;unsupported_feature=cluster.provider;no_provider_call;fail_closed,functionality_unlicensed;kClusterHandshakeStubCompileLinkOnlyCode;unsupported_feature=cluster.provider.stub;public_compile_link_boundary_only;no_cluster_authority_or_production_behavior,private_internal_provider_required;provider_api_boundary=cluster.inspect_replication;no_private_source_or_implementation_detail,compile_flag_disabled_returns_functionality_unsupported;public_stub_enabled_returns_functionality_unlicensed;private_provider_required_for_execution,provider_boundary_route_required,FSE-P7-PROOF-00036,sblr_surface_fse_p7_execution_proof_gate,query.plan_operation_never_cluster_authority;local_query_sblr_remains_local_engine_authority,parser_emits_normalized_cluster_sblr_only;parser_execution_storage_finality_authority_forbidden,compatibility_cluster_execution_storage_transaction_finality_authority_forbidden,project/tests/compatibility_sql_parser_first_tranche/parser_remap_cluster_route_gate.py,parser_remap_cluster_route_gate,p2_cluster_route_remap_verified,row-level compatibility cluster surface remap preserves provider boundary compile policy and compatibility parser isolation;private provider implementation detail is not recorded
FPR-P2-CLUSTER-00098,vitess,vitess.vreplication.vdiff,vitess.vreplication.vdiff,cluster.replication.consume_cluster_event,sblr.replication.consumer.v3:cluster.replication.consume_cluster_event,sblr.replication.consumer.v3:cluster.replication.consume_cluster_event,project/src/parsers/compatibility/vitess/vitess_dialect.cpp#kPatterns:vitess.vreplication.vdiff,own_compatibility_surface_only,FPR-P2,not_cluster_query,cluster.inspect_replication,provider_routed_public_boundary_manifested,functionality_unsupported;kClusterSupportNotEnabledCode;unsupported_feature=cluster.provider;no_provider_call;fail_closed,functionality_unlicensed;kClusterHandshakeStubCompileLinkOnlyCode;unsupported_feature=cluster.provider.stub;public_compile_link_boundary_only;no_cluster_authority_or_production_behavior,private_internal_provider_required;provider_api_boundary=cluster.inspect_replication;no_private_source_or_implementation_detail,compile_flag_disabled_returns_functionality_unsupported;public_stub_enabled_returns_functionality_unlicensed;private_provider_required_for_execution,provider_boundary_route_required,FSE-P7-PROOF-00036,sblr_surface_fse_p7_execution_proof_gate,query.plan_operation_never_cluster_authority;local_query_sblr_remains_local_engine_authority,parser_emits_normalized_cluster_sblr_only;parser_execution_storage_finality_authority_forbidden,compatibility_cluster_execution_storage_transaction_finality_authority_forbidden,project/tests/compatibility_sql_parser_first_tranche/parser_remap_cluster_route_gate.py,parser_remap_cluster_route_gate,p2_cluster_route_remap_verified,row-level compatibility cluster surface remap preserves provider boundary compile policy and compatibility parser isolation;private provider implementation detail is not recorded
FPR-P2-CLUSTER-00099,vitess,catalog_overlay_surface:vreplication,catalog_overlay_surface:vreplication,cluster.replication.consume_cluster_event,sblr.replication.consumer.v3:cluster.replication.consume_cluster_event,sblr.replication.consumer.v3:cluster.replication.consume_cluster_event,project/src/parsers/compatibility/vitess/vitess_dialect.cpp#kCatalogSurfaces:vreplication,own_compatibility_surface_only,FPR-P2,not_cluster_query,cluster.inspect_replication,provider_routed_public_boundary_manifested,functionality_unsupported;kClusterSupportNotEnabledCode;unsupported_feature=cluster.provider;no_provider_call;fail_closed,functionality_unlicensed;kClusterHandshakeStubCompileLinkOnlyCode;unsupported_feature=cluster.provider.stub;public_compile_link_boundary_only;no_cluster_authority_or_production_behavior,private_internal_provider_required;provider_api_boundary=cluster.inspect_replication;no_private_source_or_implementation_detail,compile_flag_disabled_returns_functionality_unsupported;public_stub_enabled_returns_functionality_unlicensed;private_provider_required_for_execution,provider_boundary_route_required,FSE-P7-PROOF-00036,sblr_surface_fse_p7_execution_proof_gate,query.plan_operation_never_cluster_authority;local_query_sblr_remains_local_engine_authority,parser_emits_normalized_cluster_sblr_only;parser_execution_storage_finality_authority_forbidden,compatibility_cluster_execution_storage_transaction_finality_authority_forbidden,project/tests/compatibility_sql_parser_first_tranche/parser_remap_cluster_route_gate.py,parser_remap_cluster_route_gate,p2_cluster_route_remap_verified,row-level compatibility cluster surface remap preserves provider boundary compile policy and compatibility parser isolation;private provider implementation detail is not recorded
FPR-P2-CLUSTER-00100,vitess,diagnostic_surface:topology,diagnostic_surface:topology,cluster.metrics.snapshot,sblr.cluster.report.v3:cluster.metrics.snapshot,sblr.cluster.report.v3:cluster.metrics.snapshot,project/src/parsers/compatibility/vitess/vitess_dialect.cpp#kDiagnosticSurfaces:topology,own_compatibility_surface_only,FPR-P2,not_cluster_query,cluster.inspect_state,provider_routed_public_boundary_manifested,functionality_unsupported;kClusterSupportNotEnabledCode;unsupported_feature=cluster.provider;no_provider_call;fail_closed,functionality_unlicensed;kClusterHandshakeStubCompileLinkOnlyCode;unsupported_feature=cluster.provider.stub;public_compile_link_boundary_only;no_cluster_authority_or_production_behavior,private_internal_provider_required;provider_api_boundary=cluster.inspect_state;no_private_source_or_implementation_detail,compile_flag_disabled_returns_functionality_unsupported;public_stub_enabled_returns_functionality_unlicensed;private_provider_required_for_execution,provider_boundary_route_required,FSE-P7-PROOF-00010,sblr_surface_fse_p7_execution_proof_gate,query.plan_operation_never_cluster_authority;local_query_sblr_remains_local_engine_authority,parser_emits_normalized_cluster_sblr_only;parser_execution_storage_finality_authority_forbidden,compatibility_cluster_execution_storage_transaction_finality_authority_forbidden,project/tests/compatibility_sql_parser_first_tranche/parser_remap_cluster_route_gate.py,parser_remap_cluster_route_gate,p2_cluster_route_remap_verified,row-level compatibility cluster surface remap preserves provider boundary compile policy and compatibility parser isolation;private provider implementation detail is not recorded
FPR-P2-CLUSTER-00101,vitess,diagnostic_surface:vreplication,diagnostic_surface:vreplication,cluster.metrics.snapshot,sblr.cluster.report.v3:cluster.metrics.snapshot,sblr.cluster.report.v3:cluster.metrics.snapshot,project/src/parsers/compatibility/vitess/vitess_dialect.cpp#kDiagnosticSurfaces:vreplication,own_compatibility_surface_only,FPR-P2,not_cluster_query,cluster.inspect_state,provider_routed_public_boundary_manifested,functionality_unsupported;kClusterSupportNotEnabledCode;unsupported_feature=cluster.provider;no_provider_call;fail_closed,functionality_unlicensed;kClusterHandshakeStubCompileLinkOnlyCode;unsupported_feature=cluster.provider.stub;public_compile_link_boundary_only;no_cluster_authority_or_production_behavior,private_internal_provider_required;provider_api_boundary=cluster.inspect_state;no_private_source_or_implementation_detail,compile_flag_disabled_returns_functionality_unsupported;public_stub_enabled_returns_functionality_unlicensed;private_provider_required_for_execution,provider_boundary_route_required,FSE-P7-PROOF-00010,sblr_surface_fse_p7_execution_proof_gate,query.plan_operation_never_cluster_authority;local_query_sblr_remains_local_engine_authority,parser_emits_normalized_cluster_sblr_only;parser_execution_storage_finality_authority_forbidden,compatibility_cluster_execution_storage_transaction_finality_authority_forbidden,project/tests/compatibility_sql_parser_first_tranche/parser_remap_cluster_route_gate.py,parser_remap_cluster_route_gate,p2_cluster_route_remap_verified,row-level compatibility cluster surface remap preserves provider boundary compile policy and compatibility parser isolation;private provider implementation detail is not recorded
FPR-P2-CLUSTER-00102,xtdb,xtdb.cluster.control,xtdb.cluster.control,cluster.job.start_controlled,sblr.cluster.control.v3:cluster.job.start_controlled,sblr.cluster.control.v3:cluster.job.start_controlled,project/src/parsers/compatibility/xtdb/xtdb_dialect.cpp#kPatterns:xtdb.cluster.control,own_compatibility_surface_only,FPR-P2,not_cluster_query,cluster.start_job,provider_routed_public_boundary_manifested,functionality_unsupported;kClusterSupportNotEnabledCode;unsupported_feature=cluster.provider;no_provider_call;fail_closed,functionality_unlicensed;kClusterHandshakeStubCompileLinkOnlyCode;unsupported_feature=cluster.provider.stub;public_compile_link_boundary_only;no_cluster_authority_or_production_behavior,private_internal_provider_required;provider_api_boundary=cluster.start_job;no_private_source_or_implementation_detail,compile_flag_disabled_returns_functionality_unsupported;public_stub_enabled_returns_functionality_unlicensed;private_provider_required_for_execution,provider_boundary_route_required,FSE-P7-PROOF-00005,sblr_surface_fse_p7_execution_proof_gate,query.plan_operation_never_cluster_authority;local_query_sblr_remains_local_engine_authority,parser_emits_normalized_cluster_sblr_only;parser_execution_storage_finality_authority_forbidden,compatibility_cluster_execution_storage_transaction_finality_authority_forbidden,project/tests/compatibility_sql_parser_first_tranche/parser_remap_cluster_route_gate.py,parser_remap_cluster_route_gate,p2_cluster_route_remap_verified,row-level compatibility cluster surface remap preserves provider boundary compile policy and compatibility parser isolation;private provider implementation detail is not recorded
FPR-P2-CLUSTER-00103,xtdb,xtdb.node.control,xtdb.node.control,cluster.node.admit_member,sblr.cluster.control.v3:cluster.node.admit_member,sblr.cluster.control.v3:cluster.node.admit_member,project/src/parsers/compatibility/xtdb/xtdb_dialect.cpp#kPatterns:xtdb.node.control,own_compatibility_surface_only,FPR-P2,not_cluster_query,cluster.admit_member,provider_routed_public_boundary_manifested,functionality_unsupported;kClusterSupportNotEnabledCode;unsupported_feature=cluster.provider;no_provider_call;fail_closed,functionality_unlicensed;kClusterHandshakeStubCompileLinkOnlyCode;unsupported_feature=cluster.provider.stub;public_compile_link_boundary_only;no_cluster_authority_or_production_behavior,private_internal_provider_required;provider_api_boundary=cluster.admit_member;no_private_source_or_implementation_detail,compile_flag_disabled_returns_functionality_unsupported;public_stub_enabled_returns_functionality_unlicensed;private_provider_required_for_execution,provider_boundary_route_required,FSE-P7-PROOF-00012,sblr_surface_fse_p7_execution_proof_gate,query.plan_operation_never_cluster_authority;local_query_sblr_remains_local_engine_authority,parser_emits_normalized_cluster_sblr_only;parser_execution_storage_finality_authority_forbidden,compatibility_cluster_execution_storage_transaction_finality_authority_forbidden,project/tests/compatibility_sql_parser_first_tranche/parser_remap_cluster_route_gate.py,parser_remap_cluster_route_gate,p2_cluster_route_remap_verified,row-level compatibility cluster surface remap preserves provider boundary compile policy and compatibility parser isolation;private provider implementation detail is not recorded
FPR-P2-CLUSTER-00104,xtdb,builtin_function_surface:cluster,builtin_function_surface:cluster,cluster.job.start_controlled,sblr.cluster.control.v3:cluster.job.start_controlled,sblr.cluster.control.v3:cluster.job.start_controlled,project/src/parsers/compatibility/xtdb/xtdb_dialect.cpp#kBuiltinSurfaces:cluster,own_compatibility_surface_only,FPR-P2,not_cluster_query,cluster.start_job,provider_routed_public_boundary_manifested,functionality_unsupported;kClusterSupportNotEnabledCode;unsupported_feature=cluster.provider;no_provider_call;fail_closed,functionality_unlicensed;kClusterHandshakeStubCompileLinkOnlyCode;unsupported_feature=cluster.provider.stub;public_compile_link_boundary_only;no_cluster_authority_or_production_behavior,private_internal_provider_required;provider_api_boundary=cluster.start_job;no_private_source_or_implementation_detail,compile_flag_disabled_returns_functionality_unsupported;public_stub_enabled_returns_functionality_unlicensed;private_provider_required_for_execution,provider_boundary_route_required,FSE-P7-PROOF-00005,sblr_surface_fse_p7_execution_proof_gate,query.plan_operation_never_cluster_authority;local_query_sblr_remains_local_engine_authority,parser_emits_normalized_cluster_sblr_only;parser_execution_storage_finality_authority_forbidden,compatibility_cluster_execution_storage_transaction_finality_authority_forbidden,project/tests/compatibility_sql_parser_first_tranche/parser_remap_cluster_route_gate.py,parser_remap_cluster_route_gate,p2_cluster_route_remap_verified,row-level compatibility cluster surface remap preserves provider boundary compile policy and compatibility parser isolation;private provider implementation detail is not recorded
FPR-P2-CLUSTER-00105,yugabytedb,builtin_function_surface:cdc,builtin_function_surface:cdc,cluster.metrics.emit_event,sblr.cluster.report.v3:cluster.metrics.emit_event,sblr.cluster.report.v3:cluster.metrics.emit_event,project/src/parsers/compatibility/yugabytedb/yugabytedb_dialect.cpp#kBuiltinSurfaces:cdc,own_compatibility_surface_only,FPR-P2,not_cluster_query,cluster.emit_event,provider_routed_public_boundary_manifested,functionality_unsupported;kClusterSupportNotEnabledCode;unsupported_feature=cluster.provider;no_provider_call;fail_closed,functionality_unlicensed;kClusterHandshakeStubCompileLinkOnlyCode;unsupported_feature=cluster.provider.stub;public_compile_link_boundary_only;no_cluster_authority_or_production_behavior,private_internal_provider_required;provider_api_boundary=cluster.emit_event;no_private_source_or_implementation_detail,compile_flag_disabled_returns_functionality_unsupported;public_stub_enabled_returns_functionality_unlicensed;private_provider_required_for_execution,provider_boundary_route_required,FSE-P7-PROOF-00008,sblr_surface_fse_p7_execution_proof_gate,query.plan_operation_never_cluster_authority;local_query_sblr_remains_local_engine_authority,parser_emits_normalized_cluster_sblr_only;parser_execution_storage_finality_authority_forbidden,compatibility_cluster_execution_storage_transaction_finality_authority_forbidden,project/tests/compatibility_sql_parser_first_tranche/parser_remap_cluster_route_gate.py,parser_remap_cluster_route_gate,p2_cluster_route_remap_verified,row-level compatibility cluster surface remap preserves provider boundary compile policy and compatibility parser isolation;private provider implementation detail is not recorded
FPR-P2-CLUSTER-00106,yugabytedb,catalog_overlay_surface:xcluster,catalog_overlay_surface:xcluster,cluster.job.start_controlled,sblr.cluster.control.v3:cluster.job.start_controlled,sblr.cluster.control.v3:cluster.job.start_controlled,project/src/parsers/compatibility/yugabytedb/yugabytedb_dialect.cpp#kCatalogSurfaces:xcluster,own_compatibility_surface_only,FPR-P2,not_cluster_query,cluster.start_job,provider_routed_public_boundary_manifested,functionality_unsupported;kClusterSupportNotEnabledCode;unsupported_feature=cluster.provider;no_provider_call;fail_closed,functionality_unlicensed;kClusterHandshakeStubCompileLinkOnlyCode;unsupported_feature=cluster.provider.stub;public_compile_link_boundary_only;no_cluster_authority_or_production_behavior,private_internal_provider_required;provider_api_boundary=cluster.start_job;no_private_source_or_implementation_detail,compile_flag_disabled_returns_functionality_unsupported;public_stub_enabled_returns_functionality_unlicensed;private_provider_required_for_execution,provider_boundary_route_required,FSE-P7-PROOF-00005,sblr_surface_fse_p7_execution_proof_gate,query.plan_operation_never_cluster_authority;local_query_sblr_remains_local_engine_authority,parser_emits_normalized_cluster_sblr_only;parser_execution_storage_finality_authority_forbidden,compatibility_cluster_execution_storage_transaction_finality_authority_forbidden,project/tests/compatibility_sql_parser_first_tranche/parser_remap_cluster_route_gate.py,parser_remap_cluster_route_gate,p2_cluster_route_remap_verified,row-level compatibility cluster surface remap preserves provider boundary compile policy and compatibility parser isolation;private provider implementation detail is not recorded
FPR-P2-CLUSTER-00107,apache_ignite,udr_management_operation_set,udr_management_operation_set,cluster.replication.consume_cluster_event,sblr.replication.consumer.v3:cluster.replication.consume_cluster_event,sblr.replication.consumer.v3:cluster.replication.consume_cluster_event,project/src/udr/sbu_apache_ignite_parser_support/sbu_apache_ignite_parser_support.cpp#kManagementOperations,own_compatibility_surface_only,FPR-P2,not_cluster_query,cluster.inspect_replication,provider_routed_public_boundary_manifested,functionality_unsupported;kClusterSupportNotEnabledCode;unsupported_feature=cluster.provider;no_provider_call;fail_closed,functionality_unlicensed;kClusterHandshakeStubCompileLinkOnlyCode;unsupported_feature=cluster.provider.stub;public_compile_link_boundary_only;no_cluster_authority_or_production_behavior,private_internal_provider_required;provider_api_boundary=cluster.inspect_replication;no_private_source_or_implementation_detail,compile_flag_disabled_returns_functionality_unsupported;public_stub_enabled_returns_functionality_unlicensed;private_provider_required_for_execution,provider_boundary_route_required,FSE-P7-PROOF-00036,sblr_surface_fse_p7_execution_proof_gate,query.plan_operation_never_cluster_authority;local_query_sblr_remains_local_engine_authority,parser_emits_normalized_cluster_sblr_only;parser_execution_storage_finality_authority_forbidden,compatibility_cluster_execution_storage_transaction_finality_authority_forbidden,project/tests/compatibility_sql_parser_first_tranche/parser_remap_cluster_route_gate.py,parser_remap_cluster_route_gate,p2_cluster_route_remap_verified,row-level compatibility cluster surface remap preserves provider boundary compile policy and compatibility parser isolation;private provider implementation detail is not recorded
FPR-P2-CLUSTER-00108,cassandra,udr_management_operation_set,udr_management_operation_set,cluster.replication.consume_cluster_event,sblr.replication.consumer.v3:cluster.replication.consume_cluster_event,sblr.replication.consumer.v3:cluster.replication.consume_cluster_event,project/src/udr/sbu_cassandra_parser_support/sbu_cassandra_parser_support.cpp#kManagementOperations,own_compatibility_surface_only,FPR-P2,not_cluster_query,cluster.inspect_replication,provider_routed_public_boundary_manifested,functionality_unsupported;kClusterSupportNotEnabledCode;unsupported_feature=cluster.provider;no_provider_call;fail_closed,functionality_unlicensed;kClusterHandshakeStubCompileLinkOnlyCode;unsupported_feature=cluster.provider.stub;public_compile_link_boundary_only;no_cluster_authority_or_production_behavior,private_internal_provider_required;provider_api_boundary=cluster.inspect_replication;no_private_source_or_implementation_detail,compile_flag_disabled_returns_functionality_unsupported;public_stub_enabled_returns_functionality_unlicensed;private_provider_required_for_execution,provider_boundary_route_required,FSE-P7-PROOF-00036,sblr_surface_fse_p7_execution_proof_gate,query.plan_operation_never_cluster_authority;local_query_sblr_remains_local_engine_authority,parser_emits_normalized_cluster_sblr_only;parser_execution_storage_finality_authority_forbidden,compatibility_cluster_execution_storage_transaction_finality_authority_forbidden,project/tests/compatibility_sql_parser_first_tranche/parser_remap_cluster_route_gate.py,parser_remap_cluster_route_gate,p2_cluster_route_remap_verified,row-level compatibility cluster surface remap preserves provider boundary compile policy and compatibility parser isolation;private provider implementation detail is not recorded
FPR-P2-CLUSTER-00109,clickhouse,udr_management_operation_set,udr_management_operation_set,cluster.replication.consume_cluster_event,sblr.replication.consumer.v3:cluster.replication.consume_cluster_event,sblr.replication.consumer.v3:cluster.replication.consume_cluster_event,project/src/udr/sbu_clickhouse_parser_support/sbu_clickhouse_parser_support.cpp#kManagementOperations,own_compatibility_surface_only,FPR-P2,not_cluster_query,cluster.inspect_replication,provider_routed_public_boundary_manifested,functionality_unsupported;kClusterSupportNotEnabledCode;unsupported_feature=cluster.provider;no_provider_call;fail_closed,functionality_unlicensed;kClusterHandshakeStubCompileLinkOnlyCode;unsupported_feature=cluster.provider.stub;public_compile_link_boundary_only;no_cluster_authority_or_production_behavior,private_internal_provider_required;provider_api_boundary=cluster.inspect_replication;no_private_source_or_implementation_detail,compile_flag_disabled_returns_functionality_unsupported;public_stub_enabled_returns_functionality_unlicensed;private_provider_required_for_execution,provider_boundary_route_required,FSE-P7-PROOF-00036,sblr_surface_fse_p7_execution_proof_gate,query.plan_operation_never_cluster_authority;local_query_sblr_remains_local_engine_authority,parser_emits_normalized_cluster_sblr_only;parser_execution_storage_finality_authority_forbidden,compatibility_cluster_execution_storage_transaction_finality_authority_forbidden,project/tests/compatibility_sql_parser_first_tranche/parser_remap_cluster_route_gate.py,parser_remap_cluster_route_gate,p2_cluster_route_remap_verified,row-level compatibility cluster surface remap preserves provider boundary compile policy and compatibility parser isolation;private provider implementation detail is not recorded
FPR-P2-CLUSTER-00110,cockroachdb,udr_management_operation_set,udr_management_operation_set,cluster.replication.consume_cluster_event,sblr.replication.consumer.v3:cluster.replication.consume_cluster_event,sblr.replication.consumer.v3:cluster.replication.consume_cluster_event,project/src/udr/sbu_cockroachdb_parser_support/sbu_cockroachdb_parser_support.cpp#kManagementOperations,own_compatibility_surface_only,FPR-P2,not_cluster_query,cluster.inspect_replication,provider_routed_public_boundary_manifested,functionality_unsupported;kClusterSupportNotEnabledCode;unsupported_feature=cluster.provider;no_provider_call;fail_closed,functionality_unlicensed;kClusterHandshakeStubCompileLinkOnlyCode;unsupported_feature=cluster.provider.stub;public_compile_link_boundary_only;no_cluster_authority_or_production_behavior,private_internal_provider_required;provider_api_boundary=cluster.inspect_replication;no_private_source_or_implementation_detail,compile_flag_disabled_returns_functionality_unsupported;public_stub_enabled_returns_functionality_unlicensed;private_provider_required_for_execution,provider_boundary_route_required,FSE-P7-PROOF-00036,sblr_surface_fse_p7_execution_proof_gate,query.plan_operation_never_cluster_authority;local_query_sblr_remains_local_engine_authority,parser_emits_normalized_cluster_sblr_only;parser_execution_storage_finality_authority_forbidden,compatibility_cluster_execution_storage_transaction_finality_authority_forbidden,project/tests/compatibility_sql_parser_first_tranche/parser_remap_cluster_route_gate.py,parser_remap_cluster_route_gate,p2_cluster_route_remap_verified,row-level compatibility cluster surface remap preserves provider boundary compile policy and compatibility parser isolation;private provider implementation detail is not recorded
FPR-P2-CLUSTER-00111,dolt,udr_management_operation_set,udr_management_operation_set,cluster.replication.consume_cluster_event,sblr.replication.consumer.v3:cluster.replication.consume_cluster_event,sblr.replication.consumer.v3:cluster.replication.consume_cluster_event,project/src/udr/sbu_dolt_parser_support/sbu_dolt_parser_support.cpp#kManagementOperations,own_compatibility_surface_only,FPR-P2,not_cluster_query,cluster.inspect_replication,provider_routed_public_boundary_manifested,functionality_unsupported;kClusterSupportNotEnabledCode;unsupported_feature=cluster.provider;no_provider_call;fail_closed,functionality_unlicensed;kClusterHandshakeStubCompileLinkOnlyCode;unsupported_feature=cluster.provider.stub;public_compile_link_boundary_only;no_cluster_authority_or_production_behavior,private_internal_provider_required;provider_api_boundary=cluster.inspect_replication;no_private_source_or_implementation_detail,compile_flag_disabled_returns_functionality_unsupported;public_stub_enabled_returns_functionality_unlicensed;private_provider_required_for_execution,provider_boundary_route_required,FSE-P7-PROOF-00036,sblr_surface_fse_p7_execution_proof_gate,query.plan_operation_never_cluster_authority;local_query_sblr_remains_local_engine_authority,parser_emits_normalized_cluster_sblr_only;parser_execution_storage_finality_authority_forbidden,compatibility_cluster_execution_storage_transaction_finality_authority_forbidden,project/tests/compatibility_sql_parser_first_tranche/parser_remap_cluster_route_gate.py,parser_remap_cluster_route_gate,p2_cluster_route_remap_verified,row-level compatibility cluster surface remap preserves provider boundary compile policy and compatibility parser isolation;private provider implementation detail is not recorded
FPR-P2-CLUSTER-00112,duckdb,udr_management_operation_set,udr_management_operation_set,cluster.replication.consume_cluster_event,sblr.replication.consumer.v3:cluster.replication.consume_cluster_event,sblr.replication.consumer.v3:cluster.replication.consume_cluster_event,project/src/udr/sbu_duckdb_parser_support/sbu_duckdb_parser_support.cpp#kManagementOperations,own_compatibility_surface_only,FPR-P2,not_cluster_query,cluster.inspect_replication,provider_routed_public_boundary_manifested,functionality_unsupported;kClusterSupportNotEnabledCode;unsupported_feature=cluster.provider;no_provider_call;fail_closed,functionality_unlicensed;kClusterHandshakeStubCompileLinkOnlyCode;unsupported_feature=cluster.provider.stub;public_compile_link_boundary_only;no_cluster_authority_or_production_behavior,private_internal_provider_required;provider_api_boundary=cluster.inspect_replication;no_private_source_or_implementation_detail,compile_flag_disabled_returns_functionality_unsupported;public_stub_enabled_returns_functionality_unlicensed;private_provider_required_for_execution,provider_boundary_route_required,FSE-P7-PROOF-00036,sblr_surface_fse_p7_execution_proof_gate,query.plan_operation_never_cluster_authority;local_query_sblr_remains_local_engine_authority,parser_emits_normalized_cluster_sblr_only;parser_execution_storage_finality_authority_forbidden,compatibility_cluster_execution_storage_transaction_finality_authority_forbidden,project/tests/compatibility_sql_parser_first_tranche/parser_remap_cluster_route_gate.py,parser_remap_cluster_route_gate,p2_cluster_route_remap_verified,row-level compatibility cluster surface remap preserves provider boundary compile policy and compatibility parser isolation;private provider implementation detail is not recorded
FPR-P2-CLUSTER-00113,firebird,udr_management_operation_set,udr_management_operation_set,cluster.replication.consume_cluster_event,sblr.replication.consumer.v3:cluster.replication.consume_cluster_event,sblr.replication.consumer.v3:cluster.replication.consume_cluster_event,project/src/udr/sbu_firebird_parser_support/sbu_firebird_parser_support.cpp#kManagementOperations,own_compatibility_surface_only,FPR-P2,not_cluster_query,cluster.inspect_replication,provider_routed_public_boundary_manifested,functionality_unsupported;kClusterSupportNotEnabledCode;unsupported_feature=cluster.provider;no_provider_call;fail_closed,functionality_unlicensed;kClusterHandshakeStubCompileLinkOnlyCode;unsupported_feature=cluster.provider.stub;public_compile_link_boundary_only;no_cluster_authority_or_production_behavior,private_internal_provider_required;provider_api_boundary=cluster.inspect_replication;no_private_source_or_implementation_detail,compile_flag_disabled_returns_functionality_unsupported;public_stub_enabled_returns_functionality_unlicensed;private_provider_required_for_execution,provider_boundary_route_required,FSE-P7-PROOF-00036,sblr_surface_fse_p7_execution_proof_gate,query.plan_operation_never_cluster_authority;local_query_sblr_remains_local_engine_authority,parser_emits_normalized_cluster_sblr_only;parser_execution_storage_finality_authority_forbidden,compatibility_cluster_execution_storage_transaction_finality_authority_forbidden,project/tests/compatibility_sql_parser_first_tranche/parser_remap_cluster_route_gate.py,parser_remap_cluster_route_gate,p2_cluster_route_remap_verified,row-level compatibility cluster surface remap preserves provider boundary compile policy and compatibility parser isolation;private provider implementation detail is not recorded
FPR-P2-CLUSTER-00114,foundationdb,udr_management_operation_set,udr_management_operation_set,cluster.replication.consume_cluster_event,sblr.replication.consumer.v3:cluster.replication.consume_cluster_event,sblr.replication.consumer.v3:cluster.replication.consume_cluster_event,project/src/udr/sbu_foundationdb_parser_support/sbu_foundationdb_parser_support.cpp#kManagementOperations,own_compatibility_surface_only,FPR-P2,not_cluster_query,cluster.inspect_replication,provider_routed_public_boundary_manifested,functionality_unsupported;kClusterSupportNotEnabledCode;unsupported_feature=cluster.provider;no_provider_call;fail_closed,functionality_unlicensed;kClusterHandshakeStubCompileLinkOnlyCode;unsupported_feature=cluster.provider.stub;public_compile_link_boundary_only;no_cluster_authority_or_production_behavior,private_internal_provider_required;provider_api_boundary=cluster.inspect_replication;no_private_source_or_implementation_detail,compile_flag_disabled_returns_functionality_unsupported;public_stub_enabled_returns_functionality_unlicensed;private_provider_required_for_execution,provider_boundary_route_required,FSE-P7-PROOF-00036,sblr_surface_fse_p7_execution_proof_gate,query.plan_operation_never_cluster_authority;local_query_sblr_remains_local_engine_authority,parser_emits_normalized_cluster_sblr_only;parser_execution_storage_finality_authority_forbidden,compatibility_cluster_execution_storage_transaction_finality_authority_forbidden,project/tests/compatibility_sql_parser_first_tranche/parser_remap_cluster_route_gate.py,parser_remap_cluster_route_gate,p2_cluster_route_remap_verified,row-level compatibility cluster surface remap preserves provider boundary compile policy and compatibility parser isolation;private provider implementation detail is not recorded
FPR-P2-CLUSTER-00115,immudb,udr_management_operation_set,udr_management_operation_set,cluster.replication.consume_cluster_event,sblr.replication.consumer.v3:cluster.replication.consume_cluster_event,sblr.replication.consumer.v3:cluster.replication.consume_cluster_event,project/src/udr/sbu_immudb_parser_support/sbu_immudb_parser_support.cpp#kManagementOperations,own_compatibility_surface_only,FPR-P2,not_cluster_query,cluster.inspect_replication,provider_routed_public_boundary_manifested,functionality_unsupported;kClusterSupportNotEnabledCode;unsupported_feature=cluster.provider;no_provider_call;fail_closed,functionality_unlicensed;kClusterHandshakeStubCompileLinkOnlyCode;unsupported_feature=cluster.provider.stub;public_compile_link_boundary_only;no_cluster_authority_or_production_behavior,private_internal_provider_required;provider_api_boundary=cluster.inspect_replication;no_private_source_or_implementation_detail,compile_flag_disabled_returns_functionality_unsupported;public_stub_enabled_returns_functionality_unlicensed;private_provider_required_for_execution,provider_boundary_route_required,FSE-P7-PROOF-00036,sblr_surface_fse_p7_execution_proof_gate,query.plan_operation_never_cluster_authority;local_query_sblr_remains_local_engine_authority,parser_emits_normalized_cluster_sblr_only;parser_execution_storage_finality_authority_forbidden,compatibility_cluster_execution_storage_transaction_finality_authority_forbidden,project/tests/compatibility_sql_parser_first_tranche/parser_remap_cluster_route_gate.py,parser_remap_cluster_route_gate,p2_cluster_route_remap_verified,row-level compatibility cluster surface remap preserves provider boundary compile policy and compatibility parser isolation;private provider implementation detail is not recorded
FPR-P2-CLUSTER-00116,influxdb,udr_management_operation_set,udr_management_operation_set,cluster.replication.consume_cluster_event,sblr.replication.consumer.v3:cluster.replication.consume_cluster_event,sblr.replication.consumer.v3:cluster.replication.consume_cluster_event,project/src/udr/sbu_influxdb_parser_support/sbu_influxdb_parser_support.cpp#kManagementOperations,own_compatibility_surface_only,FPR-P2,not_cluster_query,cluster.inspect_replication,provider_routed_public_boundary_manifested,functionality_unsupported;kClusterSupportNotEnabledCode;unsupported_feature=cluster.provider;no_provider_call;fail_closed,functionality_unlicensed;kClusterHandshakeStubCompileLinkOnlyCode;unsupported_feature=cluster.provider.stub;public_compile_link_boundary_only;no_cluster_authority_or_production_behavior,private_internal_provider_required;provider_api_boundary=cluster.inspect_replication;no_private_source_or_implementation_detail,compile_flag_disabled_returns_functionality_unsupported;public_stub_enabled_returns_functionality_unlicensed;private_provider_required_for_execution,provider_boundary_route_required,FSE-P7-PROOF-00036,sblr_surface_fse_p7_execution_proof_gate,query.plan_operation_never_cluster_authority;local_query_sblr_remains_local_engine_authority,parser_emits_normalized_cluster_sblr_only;parser_execution_storage_finality_authority_forbidden,compatibility_cluster_execution_storage_transaction_finality_authority_forbidden,project/tests/compatibility_sql_parser_first_tranche/parser_remap_cluster_route_gate.py,parser_remap_cluster_route_gate,p2_cluster_route_remap_verified,row-level compatibility cluster surface remap preserves provider boundary compile policy and compatibility parser isolation;private provider implementation detail is not recorded
FPR-P2-CLUSTER-00117,mariadb,udr_management_operation_set,udr_management_operation_set,cluster.replication.consume_cluster_event,sblr.replication.consumer.v3:cluster.replication.consume_cluster_event,sblr.replication.consumer.v3:cluster.replication.consume_cluster_event,project/src/udr/sbu_mariadb_parser_support/sbu_mariadb_parser_support.cpp#kManagementOperations,own_compatibility_surface_only,FPR-P2,not_cluster_query,cluster.inspect_replication,provider_routed_public_boundary_manifested,functionality_unsupported;kClusterSupportNotEnabledCode;unsupported_feature=cluster.provider;no_provider_call;fail_closed,functionality_unlicensed;kClusterHandshakeStubCompileLinkOnlyCode;unsupported_feature=cluster.provider.stub;public_compile_link_boundary_only;no_cluster_authority_or_production_behavior,private_internal_provider_required;provider_api_boundary=cluster.inspect_replication;no_private_source_or_implementation_detail,compile_flag_disabled_returns_functionality_unsupported;public_stub_enabled_returns_functionality_unlicensed;private_provider_required_for_execution,provider_boundary_route_required,FSE-P7-PROOF-00036,sblr_surface_fse_p7_execution_proof_gate,query.plan_operation_never_cluster_authority;local_query_sblr_remains_local_engine_authority,parser_emits_normalized_cluster_sblr_only;parser_execution_storage_finality_authority_forbidden,compatibility_cluster_execution_storage_transaction_finality_authority_forbidden,project/tests/compatibility_sql_parser_first_tranche/parser_remap_cluster_route_gate.py,parser_remap_cluster_route_gate,p2_cluster_route_remap_verified,row-level compatibility cluster surface remap preserves provider boundary compile policy and compatibility parser isolation;private provider implementation detail is not recorded
FPR-P2-CLUSTER-00118,milvus,udr_management_operation_set,udr_management_operation_set,cluster.replication.consume_cluster_event,sblr.replication.consumer.v3:cluster.replication.consume_cluster_event,sblr.replication.consumer.v3:cluster.replication.consume_cluster_event,project/src/udr/sbu_milvus_parser_support/sbu_milvus_parser_support.cpp#kManagementOperations,own_compatibility_surface_only,FPR-P2,not_cluster_query,cluster.inspect_replication,provider_routed_public_boundary_manifested,functionality_unsupported;kClusterSupportNotEnabledCode;unsupported_feature=cluster.provider;no_provider_call;fail_closed,functionality_unlicensed;kClusterHandshakeStubCompileLinkOnlyCode;unsupported_feature=cluster.provider.stub;public_compile_link_boundary_only;no_cluster_authority_or_production_behavior,private_internal_provider_required;provider_api_boundary=cluster.inspect_replication;no_private_source_or_implementation_detail,compile_flag_disabled_returns_functionality_unsupported;public_stub_enabled_returns_functionality_unlicensed;private_provider_required_for_execution,provider_boundary_route_required,FSE-P7-PROOF-00036,sblr_surface_fse_p7_execution_proof_gate,query.plan_operation_never_cluster_authority;local_query_sblr_remains_local_engine_authority,parser_emits_normalized_cluster_sblr_only;parser_execution_storage_finality_authority_forbidden,compatibility_cluster_execution_storage_transaction_finality_authority_forbidden,project/tests/compatibility_sql_parser_first_tranche/parser_remap_cluster_route_gate.py,parser_remap_cluster_route_gate,p2_cluster_route_remap_verified,row-level compatibility cluster surface remap preserves provider boundary compile policy and compatibility parser isolation;private provider implementation detail is not recorded
FPR-P2-CLUSTER-00119,mongodb,udr_management_operation_set,udr_management_operation_set,cluster.replication.consume_cluster_event,sblr.replication.consumer.v3:cluster.replication.consume_cluster_event,sblr.replication.consumer.v3:cluster.replication.consume_cluster_event,project/src/udr/sbu_mongodb_parser_support/sbu_mongodb_parser_support.cpp#kManagementOperations,own_compatibility_surface_only,FPR-P2,not_cluster_query,cluster.inspect_replication,provider_routed_public_boundary_manifested,functionality_unsupported;kClusterSupportNotEnabledCode;unsupported_feature=cluster.provider;no_provider_call;fail_closed,functionality_unlicensed;kClusterHandshakeStubCompileLinkOnlyCode;unsupported_feature=cluster.provider.stub;public_compile_link_boundary_only;no_cluster_authority_or_production_behavior,private_internal_provider_required;provider_api_boundary=cluster.inspect_replication;no_private_source_or_implementation_detail,compile_flag_disabled_returns_functionality_unsupported;public_stub_enabled_returns_functionality_unlicensed;private_provider_required_for_execution,provider_boundary_route_required,FSE-P7-PROOF-00036,sblr_surface_fse_p7_execution_proof_gate,query.plan_operation_never_cluster_authority;local_query_sblr_remains_local_engine_authority,parser_emits_normalized_cluster_sblr_only;parser_execution_storage_finality_authority_forbidden,compatibility_cluster_execution_storage_transaction_finality_authority_forbidden,project/tests/compatibility_sql_parser_first_tranche/parser_remap_cluster_route_gate.py,parser_remap_cluster_route_gate,p2_cluster_route_remap_verified,row-level compatibility cluster surface remap preserves provider boundary compile policy and compatibility parser isolation;private provider implementation detail is not recorded
FPR-P2-CLUSTER-00120,mysql,udr_management_operation_set,udr_management_operation_set,cluster.replication.consume_cluster_event,sblr.replication.consumer.v3:cluster.replication.consume_cluster_event,sblr.replication.consumer.v3:cluster.replication.consume_cluster_event,project/src/udr/sbu_mysql_parser_support/sbu_mysql_parser_support.cpp#kManagementOperations,own_compatibility_surface_only,FPR-P2,not_cluster_query,cluster.inspect_replication,provider_routed_public_boundary_manifested,functionality_unsupported;kClusterSupportNotEnabledCode;unsupported_feature=cluster.provider;no_provider_call;fail_closed,functionality_unlicensed;kClusterHandshakeStubCompileLinkOnlyCode;unsupported_feature=cluster.provider.stub;public_compile_link_boundary_only;no_cluster_authority_or_production_behavior,private_internal_provider_required;provider_api_boundary=cluster.inspect_replication;no_private_source_or_implementation_detail,compile_flag_disabled_returns_functionality_unsupported;public_stub_enabled_returns_functionality_unlicensed;private_provider_required_for_execution,provider_boundary_route_required,FSE-P7-PROOF-00036,sblr_surface_fse_p7_execution_proof_gate,query.plan_operation_never_cluster_authority;local_query_sblr_remains_local_engine_authority,parser_emits_normalized_cluster_sblr_only;parser_execution_storage_finality_authority_forbidden,compatibility_cluster_execution_storage_transaction_finality_authority_forbidden,project/tests/compatibility_sql_parser_first_tranche/parser_remap_cluster_route_gate.py,parser_remap_cluster_route_gate,p2_cluster_route_remap_verified,row-level compatibility cluster surface remap preserves provider boundary compile policy and compatibility parser isolation;private provider implementation detail is not recorded
FPR-P2-CLUSTER-00121,neo4j,udr_management_operation_set,udr_management_operation_set,cluster.replication.consume_cluster_event,sblr.replication.consumer.v3:cluster.replication.consume_cluster_event,sblr.replication.consumer.v3:cluster.replication.consume_cluster_event,project/src/udr/sbu_neo4j_parser_support/sbu_neo4j_parser_support.cpp#kManagementOperations,own_compatibility_surface_only,FPR-P2,not_cluster_query,cluster.inspect_replication,provider_routed_public_boundary_manifested,functionality_unsupported;kClusterSupportNotEnabledCode;unsupported_feature=cluster.provider;no_provider_call;fail_closed,functionality_unlicensed;kClusterHandshakeStubCompileLinkOnlyCode;unsupported_feature=cluster.provider.stub;public_compile_link_boundary_only;no_cluster_authority_or_production_behavior,private_internal_provider_required;provider_api_boundary=cluster.inspect_replication;no_private_source_or_implementation_detail,compile_flag_disabled_returns_functionality_unsupported;public_stub_enabled_returns_functionality_unlicensed;private_provider_required_for_execution,provider_boundary_route_required,FSE-P7-PROOF-00036,sblr_surface_fse_p7_execution_proof_gate,query.plan_operation_never_cluster_authority;local_query_sblr_remains_local_engine_authority,parser_emits_normalized_cluster_sblr_only;parser_execution_storage_finality_authority_forbidden,compatibility_cluster_execution_storage_transaction_finality_authority_forbidden,project/tests/compatibility_sql_parser_first_tranche/parser_remap_cluster_route_gate.py,parser_remap_cluster_route_gate,p2_cluster_route_remap_verified,row-level compatibility cluster surface remap preserves provider boundary compile policy and compatibility parser isolation;private provider implementation detail is not recorded
FPR-P2-CLUSTER-00122,opensearch,udr_management_operation_set,udr_management_operation_set,cluster.replication.consume_cluster_event,sblr.replication.consumer.v3:cluster.replication.consume_cluster_event,sblr.replication.consumer.v3:cluster.replication.consume_cluster_event,project/src/udr/sbu_opensearch_parser_support/sbu_opensearch_parser_support.cpp#kManagementOperations,own_compatibility_surface_only,FPR-P2,not_cluster_query,cluster.inspect_replication,provider_routed_public_boundary_manifested,functionality_unsupported;kClusterSupportNotEnabledCode;unsupported_feature=cluster.provider;no_provider_call;fail_closed,functionality_unlicensed;kClusterHandshakeStubCompileLinkOnlyCode;unsupported_feature=cluster.provider.stub;public_compile_link_boundary_only;no_cluster_authority_or_production_behavior,private_internal_provider_required;provider_api_boundary=cluster.inspect_replication;no_private_source_or_implementation_detail,compile_flag_disabled_returns_functionality_unsupported;public_stub_enabled_returns_functionality_unlicensed;private_provider_required_for_execution,provider_boundary_route_required,FSE-P7-PROOF-00036,sblr_surface_fse_p7_execution_proof_gate,query.plan_operation_never_cluster_authority;local_query_sblr_remains_local_engine_authority,parser_emits_normalized_cluster_sblr_only;parser_execution_storage_finality_authority_forbidden,compatibility_cluster_execution_storage_transaction_finality_authority_forbidden,project/tests/compatibility_sql_parser_first_tranche/parser_remap_cluster_route_gate.py,parser_remap_cluster_route_gate,p2_cluster_route_remap_verified,row-level compatibility cluster surface remap preserves provider boundary compile policy and compatibility parser isolation;private provider implementation detail is not recorded
FPR-P2-CLUSTER-00123,opensearch,udr_management_operation_set,udr_management_operation_set,cluster.replication.consume_cluster_event,sblr.replication.consumer.v3:cluster.replication.consume_cluster_event,sblr.replication.consumer.v3:cluster.replication.consume_cluster_event,project/src/udr/sbu_opensearch_sql_ppl_parser_support/sbu_opensearch_sql_ppl_parser_support.cpp#kManagementOperations,own_compatibility_surface_only,FPR-P2,not_cluster_query,cluster.inspect_replication,provider_routed_public_boundary_manifested,functionality_unsupported;kClusterSupportNotEnabledCode;unsupported_feature=cluster.provider;no_provider_call;fail_closed,functionality_unlicensed;kClusterHandshakeStubCompileLinkOnlyCode;unsupported_feature=cluster.provider.stub;public_compile_link_boundary_only;no_cluster_authority_or_production_behavior,private_internal_provider_required;provider_api_boundary=cluster.inspect_replication;no_private_source_or_implementation_detail,compile_flag_disabled_returns_functionality_unsupported;public_stub_enabled_returns_functionality_unlicensed;private_provider_required_for_execution,provider_boundary_route_required,FSE-P7-PROOF-00036,sblr_surface_fse_p7_execution_proof_gate,query.plan_operation_never_cluster_authority;local_query_sblr_remains_local_engine_authority,parser_emits_normalized_cluster_sblr_only;parser_execution_storage_finality_authority_forbidden,compatibility_cluster_execution_storage_transaction_finality_authority_forbidden,project/tests/compatibility_sql_parser_first_tranche/parser_remap_cluster_route_gate.py,parser_remap_cluster_route_gate,p2_cluster_route_remap_verified,row-level compatibility cluster surface remap preserves provider boundary compile policy and compatibility parser isolation;private provider implementation detail is not recorded
FPR-P2-CLUSTER-00124,postgresql,udr_management_operation_set,udr_management_operation_set,cluster.replication.consume_cluster_event,sblr.replication.consumer.v3:cluster.replication.consume_cluster_event,sblr.replication.consumer.v3:cluster.replication.consume_cluster_event,project/src/udr/sbu_postgresql_parser_support/sbu_postgresql_parser_support.cpp#kManagementOperations,own_compatibility_surface_only,FPR-P2,not_cluster_query,cluster.inspect_replication,provider_routed_public_boundary_manifested,functionality_unsupported;kClusterSupportNotEnabledCode;unsupported_feature=cluster.provider;no_provider_call;fail_closed,functionality_unlicensed;kClusterHandshakeStubCompileLinkOnlyCode;unsupported_feature=cluster.provider.stub;public_compile_link_boundary_only;no_cluster_authority_or_production_behavior,private_internal_provider_required;provider_api_boundary=cluster.inspect_replication;no_private_source_or_implementation_detail,compile_flag_disabled_returns_functionality_unsupported;public_stub_enabled_returns_functionality_unlicensed;private_provider_required_for_execution,provider_boundary_route_required,FSE-P7-PROOF-00036,sblr_surface_fse_p7_execution_proof_gate,query.plan_operation_never_cluster_authority;local_query_sblr_remains_local_engine_authority,parser_emits_normalized_cluster_sblr_only;parser_execution_storage_finality_authority_forbidden,compatibility_cluster_execution_storage_transaction_finality_authority_forbidden,project/tests/compatibility_sql_parser_first_tranche/parser_remap_cluster_route_gate.py,parser_remap_cluster_route_gate,p2_cluster_route_remap_verified,row-level compatibility cluster surface remap preserves provider boundary compile policy and compatibility parser isolation;private provider implementation detail is not recorded
FPR-P2-CLUSTER-00125,redis,udr_management_operation_set,udr_management_operation_set,cluster.replication.consume_cluster_event,sblr.replication.consumer.v3:cluster.replication.consume_cluster_event,sblr.replication.consumer.v3:cluster.replication.consume_cluster_event,project/src/udr/sbu_redis_parser_support/sbu_redis_parser_support.cpp#kManagementOperations,own_compatibility_surface_only,FPR-P2,not_cluster_query,cluster.inspect_replication,provider_routed_public_boundary_manifested,functionality_unsupported;kClusterSupportNotEnabledCode;unsupported_feature=cluster.provider;no_provider_call;fail_closed,functionality_unlicensed;kClusterHandshakeStubCompileLinkOnlyCode;unsupported_feature=cluster.provider.stub;public_compile_link_boundary_only;no_cluster_authority_or_production_behavior,private_internal_provider_required;provider_api_boundary=cluster.inspect_replication;no_private_source_or_implementation_detail,compile_flag_disabled_returns_functionality_unsupported;public_stub_enabled_returns_functionality_unlicensed;private_provider_required_for_execution,provider_boundary_route_required,FSE-P7-PROOF-00036,sblr_surface_fse_p7_execution_proof_gate,query.plan_operation_never_cluster_authority;local_query_sblr_remains_local_engine_authority,parser_emits_normalized_cluster_sblr_only;parser_execution_storage_finality_authority_forbidden,compatibility_cluster_execution_storage_transaction_finality_authority_forbidden,project/tests/compatibility_sql_parser_first_tranche/parser_remap_cluster_route_gate.py,parser_remap_cluster_route_gate,p2_cluster_route_remap_verified,row-level compatibility cluster surface remap preserves provider boundary compile policy and compatibility parser isolation;private provider implementation detail is not recorded
FPR-P2-CLUSTER-00126,sqlite,udr_management_operation_set,udr_management_operation_set,cluster.replication.consume_cluster_event,sblr.replication.consumer.v3:cluster.replication.consume_cluster_event,sblr.replication.consumer.v3:cluster.replication.consume_cluster_event,project/src/udr/sbu_sqlite_parser_support/sbu_sqlite_parser_support.cpp#kManagementOperations,own_compatibility_surface_only,FPR-P2,not_cluster_query,cluster.inspect_replication,provider_routed_public_boundary_manifested,functionality_unsupported;kClusterSupportNotEnabledCode;unsupported_feature=cluster.provider;no_provider_call;fail_closed,functionality_unlicensed;kClusterHandshakeStubCompileLinkOnlyCode;unsupported_feature=cluster.provider.stub;public_compile_link_boundary_only;no_cluster_authority_or_production_behavior,private_internal_provider_required;provider_api_boundary=cluster.inspect_replication;no_private_source_or_implementation_detail,compile_flag_disabled_returns_functionality_unsupported;public_stub_enabled_returns_functionality_unlicensed;private_provider_required_for_execution,provider_boundary_route_required,FSE-P7-PROOF-00036,sblr_surface_fse_p7_execution_proof_gate,query.plan_operation_never_cluster_authority;local_query_sblr_remains_local_engine_authority,parser_emits_normalized_cluster_sblr_only;parser_execution_storage_finality_authority_forbidden,compatibility_cluster_execution_storage_transaction_finality_authority_forbidden,project/tests/compatibility_sql_parser_first_tranche/parser_remap_cluster_route_gate.py,parser_remap_cluster_route_gate,p2_cluster_route_remap_verified,row-level compatibility cluster surface remap preserves provider boundary compile policy and compatibility parser isolation;private provider implementation detail is not recorded
FPR-P2-CLUSTER-00127,tidb,udr_management_operation_set,udr_management_operation_set,cluster.replication.consume_cluster_event,sblr.replication.consumer.v3:cluster.replication.consume_cluster_event,sblr.replication.consumer.v3:cluster.replication.consume_cluster_event,project/src/udr/sbu_tidb_parser_support/sbu_tidb_parser_support.cpp#kManagementOperations,own_compatibility_surface_only,FPR-P2,not_cluster_query,cluster.inspect_replication,provider_routed_public_boundary_manifested,functionality_unsupported;kClusterSupportNotEnabledCode;unsupported_feature=cluster.provider;no_provider_call;fail_closed,functionality_unlicensed;kClusterHandshakeStubCompileLinkOnlyCode;unsupported_feature=cluster.provider.stub;public_compile_link_boundary_only;no_cluster_authority_or_production_behavior,private_internal_provider_required;provider_api_boundary=cluster.inspect_replication;no_private_source_or_implementation_detail,compile_flag_disabled_returns_functionality_unsupported;public_stub_enabled_returns_functionality_unlicensed;private_provider_required_for_execution,provider_boundary_route_required,FSE-P7-PROOF-00036,sblr_surface_fse_p7_execution_proof_gate,query.plan_operation_never_cluster_authority;local_query_sblr_remains_local_engine_authority,parser_emits_normalized_cluster_sblr_only;parser_execution_storage_finality_authority_forbidden,compatibility_cluster_execution_storage_transaction_finality_authority_forbidden,project/tests/compatibility_sql_parser_first_tranche/parser_remap_cluster_route_gate.py,parser_remap_cluster_route_gate,p2_cluster_route_remap_verified,row-level compatibility cluster surface remap preserves provider boundary compile policy and compatibility parser isolation;private provider implementation detail is not recorded
FPR-P2-CLUSTER-00128,tikv,udr_management_operation_set,udr_management_operation_set,cluster.replication.consume_cluster_event,sblr.replication.consumer.v3:cluster.replication.consume_cluster_event,sblr.replication.consumer.v3:cluster.replication.consume_cluster_event,project/src/udr/sbu_tikv_parser_support/sbu_tikv_parser_support.cpp#kManagementOperations,own_compatibility_surface_only,FPR-P2,not_cluster_query,cluster.inspect_replication,provider_routed_public_boundary_manifested,functionality_unsupported;kClusterSupportNotEnabledCode;unsupported_feature=cluster.provider;no_provider_call;fail_closed,functionality_unlicensed;kClusterHandshakeStubCompileLinkOnlyCode;unsupported_feature=cluster.provider.stub;public_compile_link_boundary_only;no_cluster_authority_or_production_behavior,private_internal_provider_required;provider_api_boundary=cluster.inspect_replication;no_private_source_or_implementation_detail,compile_flag_disabled_returns_functionality_unsupported;public_stub_enabled_returns_functionality_unlicensed;private_provider_required_for_execution,provider_boundary_route_required,FSE-P7-PROOF-00036,sblr_surface_fse_p7_execution_proof_gate,query.plan_operation_never_cluster_authority;local_query_sblr_remains_local_engine_authority,parser_emits_normalized_cluster_sblr_only;parser_execution_storage_finality_authority_forbidden,compatibility_cluster_execution_storage_transaction_finality_authority_forbidden,project/tests/compatibility_sql_parser_first_tranche/parser_remap_cluster_route_gate.py,parser_remap_cluster_route_gate,p2_cluster_route_remap_verified,row-level compatibility cluster surface remap preserves provider boundary compile policy and compatibility parser isolation;private provider implementation detail is not recorded
FPR-P2-CLUSTER-00129,vitess,udr_management_operation_set,udr_management_operation_set,cluster.replication.consume_cluster_event,sblr.replication.consumer.v3:cluster.replication.consume_cluster_event,sblr.replication.consumer.v3:cluster.replication.consume_cluster_event,project/src/udr/sbu_vitess_parser_support/sbu_vitess_parser_support.cpp#kManagementOperations,own_compatibility_surface_only,FPR-P2,not_cluster_query,cluster.inspect_replication,provider_routed_public_boundary_manifested,functionality_unsupported;kClusterSupportNotEnabledCode;unsupported_feature=cluster.provider;no_provider_call;fail_closed,functionality_unlicensed;kClusterHandshakeStubCompileLinkOnlyCode;unsupported_feature=cluster.provider.stub;public_compile_link_boundary_only;no_cluster_authority_or_production_behavior,private_internal_provider_required;provider_api_boundary=cluster.inspect_replication;no_private_source_or_implementation_detail,compile_flag_disabled_returns_functionality_unsupported;public_stub_enabled_returns_functionality_unlicensed;private_provider_required_for_execution,provider_boundary_route_required,FSE-P7-PROOF-00036,sblr_surface_fse_p7_execution_proof_gate,query.plan_operation_never_cluster_authority;local_query_sblr_remains_local_engine_authority,parser_emits_normalized_cluster_sblr_only;parser_execution_storage_finality_authority_forbidden,compatibility_cluster_execution_storage_transaction_finality_authority_forbidden,project/tests/compatibility_sql_parser_first_tranche/parser_remap_cluster_route_gate.py,parser_remap_cluster_route_gate,p2_cluster_route_remap_verified,row-level compatibility cluster surface remap preserves provider boundary compile policy and compatibility parser isolation;private provider implementation detail is not recorded
FPR-P2-CLUSTER-00130,xtdb,udr_management_operation_set,udr_management_operation_set,cluster.replication.consume_cluster_event,sblr.replication.consumer.v3:cluster.replication.consume_cluster_event,sblr.replication.consumer.v3:cluster.replication.consume_cluster_event,project/src/udr/sbu_xtdb_parser_support/sbu_xtdb_parser_support.cpp#kManagementOperations,own_compatibility_surface_only,FPR-P2,not_cluster_query,cluster.inspect_replication,provider_routed_public_boundary_manifested,functionality_unsupported;kClusterSupportNotEnabledCode;unsupported_feature=cluster.provider;no_provider_call;fail_closed,functionality_unlicensed;kClusterHandshakeStubCompileLinkOnlyCode;unsupported_feature=cluster.provider.stub;public_compile_link_boundary_only;no_cluster_authority_or_production_behavior,private_internal_provider_required;provider_api_boundary=cluster.inspect_replication;no_private_source_or_implementation_detail,compile_flag_disabled_returns_functionality_unsupported;public_stub_enabled_returns_functionality_unlicensed;private_provider_required_for_execution,provider_boundary_route_required,FSE-P7-PROOF-00036,sblr_surface_fse_p7_execution_proof_gate,query.plan_operation_never_cluster_authority;local_query_sblr_remains_local_engine_authority,parser_emits_normalized_cluster_sblr_only;parser_execution_storage_finality_authority_forbidden,compatibility_cluster_execution_storage_transaction_finality_authority_forbidden,project/tests/compatibility_sql_parser_first_tranche/parser_remap_cluster_route_gate.py,parser_remap_cluster_route_gate,p2_cluster_route_remap_verified,row-level compatibility cluster surface remap preserves provider boundary compile policy and compatibility parser isolation;private provider implementation detail is not recorded
FPR-P2-CLUSTER-00131,yugabytedb,udr_management_operation_set,udr_management_operation_set,cluster.replication.consume_cluster_event,sblr.replication.consumer.v3:cluster.replication.consume_cluster_event,sblr.replication.consumer.v3:cluster.replication.consume_cluster_event,project/src/udr/sbu_yugabytedb_parser_support/sbu_yugabytedb_parser_support.cpp#kManagementOperations,own_compatibility_surface_only,FPR-P2,not_cluster_query,cluster.inspect_replication,provider_routed_public_boundary_manifested,functionality_unsupported;kClusterSupportNotEnabledCode;unsupported_feature=cluster.provider;no_provider_call;fail_closed,functionality_unlicensed;kClusterHandshakeStubCompileLinkOnlyCode;unsupported_feature=cluster.provider.stub;public_compile_link_boundary_only;no_cluster_authority_or_production_behavior,private_internal_provider_required;provider_api_boundary=cluster.inspect_replication;no_private_source_or_implementation_detail,compile_flag_disabled_returns_functionality_unsupported;public_stub_enabled_returns_functionality_unlicensed;private_provider_required_for_execution,provider_boundary_route_required,FSE-P7-PROOF-00036,sblr_surface_fse_p7_execution_proof_gate,query.plan_operation_never_cluster_authority;local_query_sblr_remains_local_engine_authority,parser_emits_normalized_cluster_sblr_only;parser_execution_storage_finality_authority_forbidden,compatibility_cluster_execution_storage_transaction_finality_authority_forbidden,project/tests/compatibility_sql_parser_first_tranche/parser_remap_cluster_route_gate.py,parser_remap_cluster_route_gate,p2_cluster_route_remap_verified,row-level compatibility cluster surface remap preserves provider boundary compile policy and compatibility parser isolation;private provider implementation detail is not recorded
FPR-P2-CLUSTER-00132,apache_ignite,reference_surface:cluster_topology_or_control,reference_surface:cluster_topology_or_control,cluster.job.start_controlled,sblr.cluster.control.v3:cluster.job.start_controlled,sblr.cluster.control.v3:cluster.job.start_controlled,docs/reference/compatibility-engines/apache_ignite/capability-summary.md#keyword:cluster,own_compatibility_surface_only,FPR-P2,not_cluster_query,cluster.start_job,provider_routed_public_boundary_manifested,functionality_unsupported;kClusterSupportNotEnabledCode;unsupported_feature=cluster.provider;no_provider_call;fail_closed,functionality_unlicensed;kClusterHandshakeStubCompileLinkOnlyCode;unsupported_feature=cluster.provider.stub;public_compile_link_boundary_only;no_cluster_authority_or_production_behavior,private_internal_provider_required;provider_api_boundary=cluster.start_job;no_private_source_or_implementation_detail,compile_flag_disabled_returns_functionality_unsupported;public_stub_enabled_returns_functionality_unlicensed;private_provider_required_for_execution,provider_boundary_route_required,FSE-P7-PROOF-00005,sblr_surface_fse_p7_execution_proof_gate,query.plan_operation_never_cluster_authority;local_query_sblr_remains_local_engine_authority,parser_emits_normalized_cluster_sblr_only;parser_execution_storage_finality_authority_forbidden,compatibility_cluster_execution_storage_transaction_finality_authority_forbidden,project/tests/compatibility_sql_parser_first_tranche/parser_remap_cluster_route_gate.py,parser_remap_cluster_route_gate,p2_cluster_route_remap_verified,row-level compatibility cluster surface remap preserves provider boundary compile policy and compatibility parser isolation;private provider implementation detail is not recorded
FPR-P2-CLUSTER-00133,apache_ignite,reference_surface:partition_distribution,reference_surface:partition_distribution,cluster.placement.validate_partition_distribution,required_new:sblr.cluster.placement.v1:cluster.placement.validate_partition_distribution,required_new:sblr.cluster.placement.v1:cluster.placement.validate_partition_distribution,docs/reference/compatibility-engines/apache_ignite/capability-summary.md#keyword:partition,own_compatibility_surface_only,FPR-P2,not_cluster_query,cluster.validate_partition_distribution,provider_routed_public_boundary_manifested,functionality_unsupported;kClusterSupportNotEnabledCode;unsupported_feature=cluster.provider;no_provider_call;fail_closed,functionality_unlicensed;kClusterHandshakeStubCompileLinkOnlyCode;unsupported_feature=cluster.provider.stub;public_compile_link_boundary_only;no_cluster_authority_or_production_behavior,private_internal_provider_required;provider_api_boundary=cluster.validate_partition_distribution;no_private_source_or_implementation_detail,compile_flag_disabled_returns_functionality_unsupported;public_stub_enabled_returns_functionality_unlicensed;private_provider_required_for_execution,provider_boundary_route_required,FSE-P7-PROOF-00021,sblr_surface_fse_p7_execution_proof_gate,query.plan_operation_never_cluster_authority;local_query_sblr_remains_local_engine_authority,parser_emits_normalized_cluster_sblr_only;parser_execution_storage_finality_authority_forbidden,compatibility_cluster_execution_storage_transaction_finality_authority_forbidden,project/tests/compatibility_sql_parser_first_tranche/parser_remap_cluster_route_gate.py,parser_remap_cluster_route_gate,p2_cluster_route_remap_verified,row-level compatibility cluster surface remap preserves provider boundary compile policy and compatibility parser isolation;private provider implementation detail is not recorded
FPR-P2-CLUSTER-00134,apache_ignite,reference_surface:cdc_stream,reference_surface:cdc_stream,cluster.metrics.emit_event,sblr.cluster.report.v3:cluster.metrics.emit_event,sblr.cluster.report.v3:cluster.metrics.emit_event,docs/reference/compatibility_catalog_seeds/apache_ignite/apache_ignite_beta2_full_seed_manifest.yaml#keyword:cdc,own_compatibility_surface_only,FPR-P2,not_cluster_query,cluster.emit_event,provider_routed_public_boundary_manifested,functionality_unsupported;kClusterSupportNotEnabledCode;unsupported_feature=cluster.provider;no_provider_call;fail_closed,functionality_unlicensed;kClusterHandshakeStubCompileLinkOnlyCode;unsupported_feature=cluster.provider.stub;public_compile_link_boundary_only;no_cluster_authority_or_production_behavior,private_internal_provider_required;provider_api_boundary=cluster.emit_event;no_private_source_or_implementation_detail,compile_flag_disabled_returns_functionality_unsupported;public_stub_enabled_returns_functionality_unlicensed;private_provider_required_for_execution,provider_boundary_route_required,FSE-P7-PROOF-00008,sblr_surface_fse_p7_execution_proof_gate,query.plan_operation_never_cluster_authority;local_query_sblr_remains_local_engine_authority,parser_emits_normalized_cluster_sblr_only;parser_execution_storage_finality_authority_forbidden,compatibility_cluster_execution_storage_transaction_finality_authority_forbidden,project/tests/compatibility_sql_parser_first_tranche/parser_remap_cluster_route_gate.py,parser_remap_cluster_route_gate,p2_cluster_route_remap_verified,row-level compatibility cluster surface remap preserves provider boundary compile policy and compatibility parser isolation;private provider implementation detail is not recorded
FPR-P2-CLUSTER-00135,apache_ignite,reference_surface:distributed_execution_or_control,reference_surface:distributed_execution_or_control,cluster.query.plan_distributed,required_new:sblr.cluster.query.v1:cluster.query.plan_distributed,required_new:sblr.cluster.query.v1:cluster.query.plan_distributed,docs/reference/compatibility_release_acquisition/apache_ignite/2.17.0/release-notes/RELEASE_NOTES_SOURCE.md#keyword:distributed,own_compatibility_surface_only,FPR-P2,cross_node_distributed_cluster_authority_not_local_query,cluster.query.plan_distributed,provider_routed_public_boundary_manifested,functionality_unsupported;kClusterSupportNotEnabledCode;unsupported_feature=cluster.provider;no_provider_call;fail_closed,functionality_unlicensed;kClusterHandshakeStubCompileLinkOnlyCode;unsupported_feature=cluster.provider.stub;public_compile_link_boundary_only;no_cluster_authority_or_production_behavior,private_internal_provider_required;provider_api_boundary=cluster.query.plan_distributed;no_private_source_or_implementation_detail,compile_flag_disabled_returns_functionality_unsupported;public_stub_enabled_returns_functionality_unlicensed;private_provider_required_for_execution,provider_boundary_route_required,FSE-P7-PROOF-00027,sblr_surface_fse_p7_execution_proof_gate,cluster_query_requires_provider_boundary;query.plan_operation_never_cluster_authority;local_query_sblr_remains_local_engine_authority,parser_emits_normalized_cluster_sblr_only;parser_execution_storage_finality_authority_forbidden,compatibility_cluster_execution_storage_transaction_finality_authority_forbidden,project/tests/compatibility_sql_parser_first_tranche/parser_remap_cluster_route_gate.py,parser_remap_cluster_route_gate,p2_cluster_route_remap_verified,row-level compatibility cluster surface remap preserves provider boundary compile policy and compatibility parser isolation;private provider implementation detail is not recorded
FPR-P2-CLUSTER-00136,apache_ignite,reference_surface:raft_consensus,reference_surface:raft_consensus,cluster.tx.validate_finality_proof,required_new:sblr.cluster.transaction.v1:cluster.tx.validate_finality_proof,required_new:sblr.cluster.transaction.v1:cluster.tx.validate_finality_proof,docs/reference/compatibility_release_acquisition/apache_ignite/2.17.0/source/README.txt#keyword:raft,own_compatibility_surface_only,FPR-P2,not_cluster_query,cluster.validate_finality_proof,provider_routed_public_boundary_manifested,functionality_unsupported;kClusterSupportNotEnabledCode;unsupported_feature=cluster.provider;no_provider_call;fail_closed,functionality_unlicensed;kClusterHandshakeStubCompileLinkOnlyCode;unsupported_feature=cluster.provider.stub;public_compile_link_boundary_only;no_cluster_authority_or_production_behavior,private_internal_provider_required;provider_api_boundary=cluster.validate_finality_proof;no_private_source_or_implementation_detail,compile_flag_disabled_returns_functionality_unsupported;public_stub_enabled_returns_functionality_unlicensed;private_provider_required_for_execution,provider_boundary_route_required,FSE-P7-PROOF-00059,sblr_surface_fse_p7_execution_proof_gate,query.plan_operation_never_cluster_authority;local_query_sblr_remains_local_engine_authority,parser_emits_normalized_cluster_sblr_only;parser_execution_storage_finality_authority_forbidden,compatibility_cluster_execution_storage_transaction_finality_authority_forbidden,project/tests/compatibility_sql_parser_first_tranche/parser_remap_cluster_route_gate.py,parser_remap_cluster_route_gate,p2_cluster_route_remap_verified,row-level compatibility cluster surface remap preserves provider boundary compile policy and compatibility parser isolation;private provider implementation detail is not recorded
FPR-P2-CLUSTER-00137,apache_ignite,reference_surface:replication_control,reference_surface:replication_control,cluster.replication.consume_cluster_event,sblr.replication.consumer.v3:cluster.replication.consume_cluster_event,sblr.replication.consumer.v3:cluster.replication.consume_cluster_event,docs/reference/compatibility_release_acquisition/apache_ignite/2.17.0/source/RELEASE_NOTES.txt#keyword:replication,own_compatibility_surface_only,FPR-P2,not_cluster_query,cluster.inspect_replication,provider_routed_public_boundary_manifested,functionality_unsupported;kClusterSupportNotEnabledCode;unsupported_feature=cluster.provider;no_provider_call;fail_closed,functionality_unlicensed;kClusterHandshakeStubCompileLinkOnlyCode;unsupported_feature=cluster.provider.stub;public_compile_link_boundary_only;no_cluster_authority_or_production_behavior,private_internal_provider_required;provider_api_boundary=cluster.inspect_replication;no_private_source_or_implementation_detail,compile_flag_disabled_returns_functionality_unsupported;public_stub_enabled_returns_functionality_unlicensed;private_provider_required_for_execution,provider_boundary_route_required,FSE-P7-PROOF-00036,sblr_surface_fse_p7_execution_proof_gate,query.plan_operation_never_cluster_authority;local_query_sblr_remains_local_engine_authority,parser_emits_normalized_cluster_sblr_only;parser_execution_storage_finality_authority_forbidden,compatibility_cluster_execution_storage_transaction_finality_authority_forbidden,project/tests/compatibility_sql_parser_first_tranche/parser_remap_cluster_route_gate.py,parser_remap_cluster_route_gate,p2_cluster_route_remap_verified,row-level compatibility cluster surface remap preserves provider boundary compile policy and compatibility parser isolation;private provider implementation detail is not recorded
FPR-P2-CLUSTER-00138,apache_ignite,reference_surface:range_placement,reference_surface:range_placement,cluster.placement.assign_tablet_range,required_new:sblr.cluster.placement.v1:cluster.placement.assign_tablet_range,required_new:sblr.cluster.placement.v1:cluster.placement.assign_tablet_range,docs/reference/compatibility_release_acquisition/apache_ignite/2.17.0/source/RELEASE_NOTES.txt#keyword:range,own_compatibility_surface_only,FPR-P2,not_cluster_query,cluster.assign_tablet_range,provider_routed_public_boundary_manifested,functionality_unsupported;kClusterSupportNotEnabledCode;unsupported_feature=cluster.provider;no_provider_call;fail_closed,functionality_unlicensed;kClusterHandshakeStubCompileLinkOnlyCode;unsupported_feature=cluster.provider.stub;public_compile_link_boundary_only;no_cluster_authority_or_production_behavior,private_internal_provider_required;provider_api_boundary=cluster.assign_tablet_range;no_private_source_or_implementation_detail,compile_flag_disabled_returns_functionality_unsupported;public_stub_enabled_returns_functionality_unlicensed;private_provider_required_for_execution,provider_boundary_route_required,FSE-P7-PROOF-00018,sblr_surface_fse_p7_execution_proof_gate,query.plan_operation_never_cluster_authority;local_query_sblr_remains_local_engine_authority,parser_emits_normalized_cluster_sblr_only;parser_execution_storage_finality_authority_forbidden,compatibility_cluster_execution_storage_transaction_finality_authority_forbidden,project/tests/compatibility_sql_parser_first_tranche/parser_remap_cluster_route_gate.py,parser_remap_cluster_route_gate,p2_cluster_route_remap_verified,row-level compatibility cluster surface remap preserves provider boundary compile policy and compatibility parser isolation;private provider implementation detail is not recorded
FPR-P2-CLUSTER-00139,apache_ignite,reference_surface:placement_policy,reference_surface:placement_policy,cluster.security.validate_policy_version,required_new:sblr.cluster.security.v1:cluster.security.validate_policy_version,required_new:sblr.cluster.security.v1:cluster.security.validate_policy_version,docs/reference/compatibility_release_acquisition/apache_ignite/2.17.0/source/RELEASE_NOTES.txt#keyword:placement,own_compatibility_surface_only,FPR-P2,not_cluster_query,cluster.validate_policy_version,provider_routed_public_boundary_manifested,functionality_unsupported;kClusterSupportNotEnabledCode;unsupported_feature=cluster.provider;no_provider_call;fail_closed,functionality_unlicensed;kClusterHandshakeStubCompileLinkOnlyCode;unsupported_feature=cluster.provider.stub;public_compile_link_boundary_only;no_cluster_authority_or_production_behavior,private_internal_provider_required;provider_api_boundary=cluster.validate_policy_version;no_private_source_or_implementation_detail,compile_flag_disabled_returns_functionality_unsupported;public_stub_enabled_returns_functionality_unlicensed;private_provider_required_for_execution,provider_boundary_route_required,FSE-P7-PROOF-00045,sblr_surface_fse_p7_execution_proof_gate,query.plan_operation_never_cluster_authority;local_query_sblr_remains_local_engine_authority,parser_emits_normalized_cluster_sblr_only;parser_execution_storage_finality_authority_forbidden,compatibility_cluster_execution_storage_transaction_finality_authority_forbidden,project/tests/compatibility_sql_parser_first_tranche/parser_remap_cluster_route_gate.py,parser_remap_cluster_route_gate,p2_cluster_route_remap_verified,row-level compatibility cluster surface remap preserves provider boundary compile policy and compatibility parser isolation;private provider implementation detail is not recorded
FPR-P2-CLUSTER-00140,apache_ignite,reference_surface:failover_control,reference_surface:failover_control,cluster.node.admit_member,sblr.cluster.control.v3:cluster.node.admit_member,sblr.cluster.control.v3:cluster.node.admit_member,docs/reference/compatibility_release_acquisition/apache_ignite/2.17.0/source/RELEASE_NOTES.txt#keyword:failover,own_compatibility_surface_only,FPR-P2,not_cluster_query,cluster.admit_member,provider_routed_public_boundary_manifested,functionality_unsupported;kClusterSupportNotEnabledCode;unsupported_feature=cluster.provider;no_provider_call;fail_closed,functionality_unlicensed;kClusterHandshakeStubCompileLinkOnlyCode;unsupported_feature=cluster.provider.stub;public_compile_link_boundary_only;no_cluster_authority_or_production_behavior,private_internal_provider_required;provider_api_boundary=cluster.admit_member;no_private_source_or_implementation_detail,compile_flag_disabled_returns_functionality_unsupported;public_stub_enabled_returns_functionality_unlicensed;private_provider_required_for_execution,provider_boundary_route_required,FSE-P7-PROOF-00012,sblr_surface_fse_p7_execution_proof_gate,query.plan_operation_never_cluster_authority;local_query_sblr_remains_local_engine_authority,parser_emits_normalized_cluster_sblr_only;parser_execution_storage_finality_authority_forbidden,compatibility_cluster_execution_storage_transaction_finality_authority_forbidden,project/tests/compatibility_sql_parser_first_tranche/parser_remap_cluster_route_gate.py,parser_remap_cluster_route_gate,p2_cluster_route_remap_verified,row-level compatibility cluster surface remap preserves provider boundary compile policy and compatibility parser isolation;private provider implementation detail is not recorded
FPR-P2-CLUSTER-00141,apache_ignite,reference_surface:replica_control,reference_surface:replica_control,cluster.tx.begin_distributed,required_new:sblr.cluster.transaction.v1:cluster.tx.begin_distributed,required_new:sblr.cluster.transaction.v1:cluster.tx.begin_distributed,docs/reference/compatibility_release_acquisition/apache_ignite/2.17.0/source/RELEASE_NOTES.txt#keyword:replica,own_compatibility_surface_only,FPR-P2,not_cluster_query,cluster.begin_distributed_transaction,provider_routed_public_boundary_manifested,functionality_unsupported;kClusterSupportNotEnabledCode;unsupported_feature=cluster.provider;no_provider_call;fail_closed,functionality_unlicensed;kClusterHandshakeStubCompileLinkOnlyCode;unsupported_feature=cluster.provider.stub;public_compile_link_boundary_only;no_cluster_authority_or_production_behavior,private_internal_provider_required;provider_api_boundary=cluster.begin_distributed_transaction;no_private_source_or_implementation_detail,compile_flag_disabled_returns_functionality_unsupported;public_stub_enabled_returns_functionality_unlicensed;private_provider_required_for_execution,provider_boundary_route_required,FSE-P7-PROOF-00054,sblr_surface_fse_p7_execution_proof_gate,query.plan_operation_never_cluster_authority;local_query_sblr_remains_local_engine_authority,parser_emits_normalized_cluster_sblr_only;parser_execution_storage_finality_authority_forbidden,compatibility_cluster_execution_storage_transaction_finality_authority_forbidden,project/tests/compatibility_sql_parser_first_tranche/parser_remap_cluster_route_gate.py,parser_remap_cluster_route_gate,p2_cluster_route_remap_verified,row-level compatibility cluster surface remap preserves provider boundary compile policy and compatibility parser isolation;private provider implementation detail is not recorded
FPR-P2-CLUSTER-00142,apache_ignite,reference_surface:leader_election,reference_surface:leader_election,cluster.node.set_role,sblr.cluster.control.v3:cluster.node.set_role,sblr.cluster.control.v3:cluster.node.set_role,docs/reference/compatibility_release_acquisition/apache_ignite/2.17.0/source/examples/src/main/java/org/apache/ignite/examples/streaming/wordcount/alice-in-wonderland.txt#keyword:leader,own_compatibility_surface_only,FPR-P2,not_cluster_query,cluster.set_node_role,provider_routed_public_boundary_manifested,functionality_unsupported;kClusterSupportNotEnabledCode;unsupported_feature=cluster.provider;no_provider_call;fail_closed,functionality_unlicensed;kClusterHandshakeStubCompileLinkOnlyCode;unsupported_feature=cluster.provider.stub;public_compile_link_boundary_only;no_cluster_authority_or_production_behavior,private_internal_provider_required;provider_api_boundary=cluster.set_node_role;no_private_source_or_implementation_detail,compile_flag_disabled_returns_functionality_unsupported;public_stub_enabled_returns_functionality_unlicensed;private_provider_required_for_execution,provider_boundary_route_required,FSE-P7-PROOF-00016,sblr_surface_fse_p7_execution_proof_gate,query.plan_operation_never_cluster_authority;local_query_sblr_remains_local_engine_authority,parser_emits_normalized_cluster_sblr_only;parser_execution_storage_finality_authority_forbidden,compatibility_cluster_execution_storage_transaction_finality_authority_forbidden,project/tests/compatibility_sql_parser_first_tranche/parser_remap_cluster_route_gate.py,parser_remap_cluster_route_gate,p2_cluster_route_remap_verified,row-level compatibility cluster surface remap preserves provider boundary compile policy and compatibility parser isolation;private provider implementation detail is not recorded
FPR-P2-CLUSTER-00143,cassandra,reference_surface:cluster_topology_or_control,reference_surface:cluster_topology_or_control,cluster.job.start_controlled,sblr.cluster.control.v3:cluster.job.start_controlled,sblr.cluster.control.v3:cluster.job.start_controlled,docs/reference/compatibility_catalog_seeds/cassandra/cassandra_5_beta2_full_seed_manifest.yaml#keyword:cluster,own_compatibility_surface_only,FPR-P2,not_cluster_query,cluster.start_job,provider_routed_public_boundary_manifested,functionality_unsupported;kClusterSupportNotEnabledCode;unsupported_feature=cluster.provider;no_provider_call;fail_closed,functionality_unlicensed;kClusterHandshakeStubCompileLinkOnlyCode;unsupported_feature=cluster.provider.stub;public_compile_link_boundary_only;no_cluster_authority_or_production_behavior,private_internal_provider_required;provider_api_boundary=cluster.start_job;no_private_source_or_implementation_detail,compile_flag_disabled_returns_functionality_unsupported;public_stub_enabled_returns_functionality_unlicensed;private_provider_required_for_execution,provider_boundary_route_required,FSE-P7-PROOF-00005,sblr_surface_fse_p7_execution_proof_gate,query.plan_operation_never_cluster_authority;local_query_sblr_remains_local_engine_authority,parser_emits_normalized_cluster_sblr_only;parser_execution_storage_finality_authority_forbidden,compatibility_cluster_execution_storage_transaction_finality_authority_forbidden,project/tests/compatibility_sql_parser_first_tranche/parser_remap_cluster_route_gate.py,parser_remap_cluster_route_gate,p2_cluster_route_remap_verified,row-level compatibility cluster surface remap preserves provider boundary compile policy and compatibility parser isolation;private provider implementation detail is not recorded
FPR-P2-CLUSTER-00144,cassandra,reference_surface:replication_control,reference_surface:replication_control,cluster.replication.consume_cluster_event,sblr.replication.consumer.v3:cluster.replication.consume_cluster_event,sblr.replication.consumer.v3:cluster.replication.consume_cluster_event,docs/reference/compatibility_catalog_seeds/cassandra/cassandra_5_beta2_full_seed_manifest.yaml#keyword:replication,own_compatibility_surface_only,FPR-P2,not_cluster_query,cluster.inspect_replication,provider_routed_public_boundary_manifested,functionality_unsupported;kClusterSupportNotEnabledCode;unsupported_feature=cluster.provider;no_provider_call;fail_closed,functionality_unlicensed;kClusterHandshakeStubCompileLinkOnlyCode;unsupported_feature=cluster.provider.stub;public_compile_link_boundary_only;no_cluster_authority_or_production_behavior,private_internal_provider_required;provider_api_boundary=cluster.inspect_replication;no_private_source_or_implementation_detail,compile_flag_disabled_returns_functionality_unsupported;public_stub_enabled_returns_functionality_unlicensed;private_provider_required_for_execution,provider_boundary_route_required,FSE-P7-PROOF-00036,sblr_surface_fse_p7_execution_proof_gate,query.plan_operation_never_cluster_authority;local_query_sblr_remains_local_engine_authority,parser_emits_normalized_cluster_sblr_only;parser_execution_storage_finality_authority_forbidden,compatibility_cluster_execution_storage_transaction_finality_authority_forbidden,project/tests/compatibility_sql_parser_first_tranche/parser_remap_cluster_route_gate.py,parser_remap_cluster_route_gate,p2_cluster_route_remap_verified,row-level compatibility cluster surface remap preserves provider boundary compile policy and compatibility parser isolation;private provider implementation detail is not recorded
FPR-P2-CLUSTER-00145,cassandra,reference_surface:cdc_stream,reference_surface:cdc_stream,cluster.metrics.emit_event,sblr.cluster.report.v3:cluster.metrics.emit_event,sblr.cluster.report.v3:cluster.metrics.emit_event,docs/reference/compatibility_catalog_seeds/cassandra/cassandra_5_beta2_full_seed_manifest.yaml#keyword:cdc,own_compatibility_surface_only,FPR-P2,not_cluster_query,cluster.emit_event,provider_routed_public_boundary_manifested,functionality_unsupported;kClusterSupportNotEnabledCode;unsupported_feature=cluster.provider;no_provider_call;fail_closed,functionality_unlicensed;kClusterHandshakeStubCompileLinkOnlyCode;unsupported_feature=cluster.provider.stub;public_compile_link_boundary_only;no_cluster_authority_or_production_behavior,private_internal_provider_required;provider_api_boundary=cluster.emit_event;no_private_source_or_implementation_detail,compile_flag_disabled_returns_functionality_unsupported;public_stub_enabled_returns_functionality_unlicensed;private_provider_required_for_execution,provider_boundary_route_required,FSE-P7-PROOF-00008,sblr_surface_fse_p7_execution_proof_gate,query.plan_operation_never_cluster_authority;local_query_sblr_remains_local_engine_authority,parser_emits_normalized_cluster_sblr_only;parser_execution_storage_finality_authority_forbidden,compatibility_cluster_execution_storage_transaction_finality_authority_forbidden,project/tests/compatibility_sql_parser_first_tranche/parser_remap_cluster_route_gate.py,parser_remap_cluster_route_gate,p2_cluster_route_remap_verified,row-level compatibility cluster surface remap preserves provider boundary compile policy and compatibility parser isolation;private provider implementation detail is not recorded
FPR-P2-CLUSTER-00146,cassandra,reference_surface:placement_policy,reference_surface:placement_policy,cluster.security.validate_policy_version,required_new:sblr.cluster.security.v1:cluster.security.validate_policy_version,required_new:sblr.cluster.security.v1:cluster.security.validate_policy_version,docs/reference/compatibility_catalog_seeds/cassandra/cassandra_5_beta2_full_seed_manifest.yaml#keyword:placement,own_compatibility_surface_only,FPR-P2,not_cluster_query,cluster.validate_policy_version,provider_routed_public_boundary_manifested,functionality_unsupported;kClusterSupportNotEnabledCode;unsupported_feature=cluster.provider;no_provider_call;fail_closed,functionality_unlicensed;kClusterHandshakeStubCompileLinkOnlyCode;unsupported_feature=cluster.provider.stub;public_compile_link_boundary_only;no_cluster_authority_or_production_behavior,private_internal_provider_required;provider_api_boundary=cluster.validate_policy_version;no_private_source_or_implementation_detail,compile_flag_disabled_returns_functionality_unsupported;public_stub_enabled_returns_functionality_unlicensed;private_provider_required_for_execution,provider_boundary_route_required,FSE-P7-PROOF-00045,sblr_surface_fse_p7_execution_proof_gate,query.plan_operation_never_cluster_authority;local_query_sblr_remains_local_engine_authority,parser_emits_normalized_cluster_sblr_only;parser_execution_storage_finality_authority_forbidden,compatibility_cluster_execution_storage_transaction_finality_authority_forbidden,project/tests/compatibility_sql_parser_first_tranche/parser_remap_cluster_route_gate.py,parser_remap_cluster_route_gate,p2_cluster_route_remap_verified,row-level compatibility cluster surface remap preserves provider boundary compile policy and compatibility parser isolation;private provider implementation detail is not recorded
FPR-P2-CLUSTER-00147,cassandra,reference_surface:replica_control,reference_surface:replica_control,cluster.tx.begin_distributed,required_new:sblr.cluster.transaction.v1:cluster.tx.begin_distributed,required_new:sblr.cluster.transaction.v1:cluster.tx.begin_distributed,docs/reference/compatibility_catalog_seeds/cassandra/cassandra_5_beta2_full_seed_manifest.yaml#keyword:replica,own_compatibility_surface_only,FPR-P2,not_cluster_query,cluster.begin_distributed_transaction,provider_routed_public_boundary_manifested,functionality_unsupported;kClusterSupportNotEnabledCode;unsupported_feature=cluster.provider;no_provider_call;fail_closed,functionality_unlicensed;kClusterHandshakeStubCompileLinkOnlyCode;unsupported_feature=cluster.provider.stub;public_compile_link_boundary_only;no_cluster_authority_or_production_behavior,private_internal_provider_required;provider_api_boundary=cluster.begin_distributed_transaction;no_private_source_or_implementation_detail,compile_flag_disabled_returns_functionality_unsupported;public_stub_enabled_returns_functionality_unlicensed;private_provider_required_for_execution,provider_boundary_route_required,FSE-P7-PROOF-00054,sblr_surface_fse_p7_execution_proof_gate,query.plan_operation_never_cluster_authority;local_query_sblr_remains_local_engine_authority,parser_emits_normalized_cluster_sblr_only;parser_execution_storage_finality_authority_forbidden,compatibility_cluster_execution_storage_transaction_finality_authority_forbidden,project/tests/compatibility_sql_parser_first_tranche/parser_remap_cluster_route_gate.py,parser_remap_cluster_route_gate,p2_cluster_route_remap_verified,row-level compatibility cluster surface remap preserves provider boundary compile policy and compatibility parser isolation;private provider implementation detail is not recorded
FPR-P2-CLUSTER-00148,cassandra,reference_surface:distributed_execution_or_control,reference_surface:distributed_execution_or_control,cluster.query.plan_distributed,required_new:sblr.cluster.query.v1:cluster.query.plan_distributed,required_new:sblr.cluster.query.v1:cluster.query.plan_distributed,docs/reference/compatibility_release_acquisition/cassandra/5.0.8/license/LICENSE_SOURCE.txt#keyword:distributed,own_compatibility_surface_only,FPR-P2,cross_node_distributed_cluster_authority_not_local_query,cluster.query.plan_distributed,provider_routed_public_boundary_manifested,functionality_unsupported;kClusterSupportNotEnabledCode;unsupported_feature=cluster.provider;no_provider_call;fail_closed,functionality_unlicensed;kClusterHandshakeStubCompileLinkOnlyCode;unsupported_feature=cluster.provider.stub;public_compile_link_boundary_only;no_cluster_authority_or_production_behavior,private_internal_provider_required;provider_api_boundary=cluster.query.plan_distributed;no_private_source_or_implementation_detail,compile_flag_disabled_returns_functionality_unsupported;public_stub_enabled_returns_functionality_unlicensed;private_provider_required_for_execution,provider_boundary_route_required,FSE-P7-PROOF-00027,sblr_surface_fse_p7_execution_proof_gate,cluster_query_requires_provider_boundary;query.plan_operation_never_cluster_authority;local_query_sblr_remains_local_engine_authority,parser_emits_normalized_cluster_sblr_only;parser_execution_storage_finality_authority_forbidden,compatibility_cluster_execution_storage_transaction_finality_authority_forbidden,project/tests/compatibility_sql_parser_first_tranche/parser_remap_cluster_route_gate.py,parser_remap_cluster_route_gate,p2_cluster_route_remap_verified,row-level compatibility cluster surface remap preserves provider boundary compile policy and compatibility parser isolation;private provider implementation detail is not recorded
FPR-P2-CLUSTER-00149,cassandra,reference_surface:shard_placement,reference_surface:shard_placement,cluster.placement.assign_tablet_range,required_new:sblr.cluster.placement.v1:cluster.placement.assign_tablet_range,required_new:sblr.cluster.placement.v1:cluster.placement.assign_tablet_range,docs/reference/compatibility_release_acquisition/cassandra/5.0.8/release-notes/RELEASE_NOTES_SOURCE.txt#keyword:shard,own_compatibility_surface_only,FPR-P2,not_cluster_query,cluster.assign_tablet_range,provider_routed_public_boundary_manifested,functionality_unsupported;kClusterSupportNotEnabledCode;unsupported_feature=cluster.provider;no_provider_call;fail_closed,functionality_unlicensed;kClusterHandshakeStubCompileLinkOnlyCode;unsupported_feature=cluster.provider.stub;public_compile_link_boundary_only;no_cluster_authority_or_production_behavior,private_internal_provider_required;provider_api_boundary=cluster.assign_tablet_range;no_private_source_or_implementation_detail,compile_flag_disabled_returns_functionality_unsupported;public_stub_enabled_returns_functionality_unlicensed;private_provider_required_for_execution,provider_boundary_route_required,FSE-P7-PROOF-00018,sblr_surface_fse_p7_execution_proof_gate,query.plan_operation_never_cluster_authority;local_query_sblr_remains_local_engine_authority,parser_emits_normalized_cluster_sblr_only;parser_execution_storage_finality_authority_forbidden,compatibility_cluster_execution_storage_transaction_finality_authority_forbidden,project/tests/compatibility_sql_parser_first_tranche/parser_remap_cluster_route_gate.py,parser_remap_cluster_route_gate,p2_cluster_route_remap_verified,row-level compatibility cluster surface remap preserves provider boundary compile policy and compatibility parser isolation;private provider implementation detail is not recorded
FPR-P2-CLUSTER-00150,cassandra,reference_surface:range_placement,reference_surface:range_placement,cluster.placement.assign_tablet_range,required_new:sblr.cluster.placement.v1:cluster.placement.assign_tablet_range,required_new:sblr.cluster.placement.v1:cluster.placement.assign_tablet_range,docs/reference/compatibility_release_acquisition/cassandra/5.0.8/release-notes/RELEASE_NOTES_SOURCE.txt#keyword:range,own_compatibility_surface_only,FPR-P2,not_cluster_query,cluster.assign_tablet_range,provider_routed_public_boundary_manifested,functionality_unsupported;kClusterSupportNotEnabledCode;unsupported_feature=cluster.provider;no_provider_call;fail_closed,functionality_unlicensed;kClusterHandshakeStubCompileLinkOnlyCode;unsupported_feature=cluster.provider.stub;public_compile_link_boundary_only;no_cluster_authority_or_production_behavior,private_internal_provider_required;provider_api_boundary=cluster.assign_tablet_range;no_private_source_or_implementation_detail,compile_flag_disabled_returns_functionality_unsupported;public_stub_enabled_returns_functionality_unlicensed;private_provider_required_for_execution,provider_boundary_route_required,FSE-P7-PROOF-00018,sblr_surface_fse_p7_execution_proof_gate,query.plan_operation_never_cluster_authority;local_query_sblr_remains_local_engine_authority,parser_emits_normalized_cluster_sblr_only;parser_execution_storage_finality_authority_forbidden,compatibility_cluster_execution_storage_transaction_finality_authority_forbidden,project/tests/compatibility_sql_parser_first_tranche/parser_remap_cluster_route_gate.py,parser_remap_cluster_route_gate,p2_cluster_route_remap_verified,row-level compatibility cluster surface remap preserves provider boundary compile policy and compatibility parser isolation;private provider implementation detail is not recorded
FPR-P2-CLUSTER-00151,cassandra,reference_surface:tablet_placement,reference_surface:tablet_placement,cluster.placement.assign_tablet_range,required_new:sblr.cluster.placement.v1:cluster.placement.assign_tablet_range,required_new:sblr.cluster.placement.v1:cluster.placement.assign_tablet_range,docs/reference/compatibility_release_acquisition/cassandra/5.0.8/release-notes/RELEASE_NOTES_SOURCE.txt#keyword:tablet,own_compatibility_surface_only,FPR-P2,not_cluster_query,cluster.assign_tablet_range,provider_routed_public_boundary_manifested,functionality_unsupported;kClusterSupportNotEnabledCode;unsupported_feature=cluster.provider;no_provider_call;fail_closed,functionality_unlicensed;kClusterHandshakeStubCompileLinkOnlyCode;unsupported_feature=cluster.provider.stub;public_compile_link_boundary_only;no_cluster_authority_or_production_behavior,private_internal_provider_required;provider_api_boundary=cluster.assign_tablet_range;no_private_source_or_implementation_detail,compile_flag_disabled_returns_functionality_unsupported;public_stub_enabled_returns_functionality_unlicensed;private_provider_required_for_execution,provider_boundary_route_required,FSE-P7-PROOF-00018,sblr_surface_fse_p7_execution_proof_gate,query.plan_operation_never_cluster_authority;local_query_sblr_remains_local_engine_authority,parser_emits_normalized_cluster_sblr_only;parser_execution_storage_finality_authority_forbidden,compatibility_cluster_execution_storage_transaction_finality_authority_forbidden,project/tests/compatibility_sql_parser_first_tranche/parser_remap_cluster_route_gate.py,parser_remap_cluster_route_gate,p2_cluster_route_remap_verified,row-level compatibility cluster surface remap preserves provider boundary compile policy and compatibility parser isolation;private provider implementation detail is not recorded
FPR-P2-CLUSTER-00152,cassandra,reference_surface:partition_distribution,reference_surface:partition_distribution,cluster.placement.validate_partition_distribution,required_new:sblr.cluster.placement.v1:cluster.placement.validate_partition_distribution,required_new:sblr.cluster.placement.v1:cluster.placement.validate_partition_distribution,docs/reference/compatibility_release_acquisition/cassandra/5.0.8/release-notes/RELEASE_NOTES_SOURCE.txt#keyword:partition,own_compatibility_surface_only,FPR-P2,not_cluster_query,cluster.validate_partition_distribution,provider_routed_public_boundary_manifested,functionality_unsupported;kClusterSupportNotEnabledCode;unsupported_feature=cluster.provider;no_provider_call;fail_closed,functionality_unlicensed;kClusterHandshakeStubCompileLinkOnlyCode;unsupported_feature=cluster.provider.stub;public_compile_link_boundary_only;no_cluster_authority_or_production_behavior,private_internal_provider_required;provider_api_boundary=cluster.validate_partition_distribution;no_private_source_or_implementation_detail,compile_flag_disabled_returns_functionality_unsupported;public_stub_enabled_returns_functionality_unlicensed;private_provider_required_for_execution,provider_boundary_route_required,FSE-P7-PROOF-00021,sblr_surface_fse_p7_execution_proof_gate,query.plan_operation_never_cluster_authority;local_query_sblr_remains_local_engine_authority,parser_emits_normalized_cluster_sblr_only;parser_execution_storage_finality_authority_forbidden,compatibility_cluster_execution_storage_transaction_finality_authority_forbidden,project/tests/compatibility_sql_parser_first_tranche/parser_remap_cluster_route_gate.py,parser_remap_cluster_route_gate,p2_cluster_route_remap_verified,row-level compatibility cluster surface remap preserves provider boundary compile policy and compatibility parser isolation;private provider implementation detail is not recorded
FPR-P2-CLUSTER-00153,cassandra,reference_surface:leader_election,reference_surface:leader_election,cluster.node.set_role,sblr.cluster.control.v3:cluster.node.set_role,sblr.cluster.control.v3:cluster.node.set_role,docs/reference/compatibility_release_acquisition/cassandra/5.0.8/source/CHANGES.txt#keyword:leader,own_compatibility_surface_only,FPR-P2,not_cluster_query,cluster.set_node_role,provider_routed_public_boundary_manifested,functionality_unsupported;kClusterSupportNotEnabledCode;unsupported_feature=cluster.provider;no_provider_call;fail_closed,functionality_unlicensed;kClusterHandshakeStubCompileLinkOnlyCode;unsupported_feature=cluster.provider.stub;public_compile_link_boundary_only;no_cluster_authority_or_production_behavior,private_internal_provider_required;provider_api_boundary=cluster.set_node_role;no_private_source_or_implementation_detail,compile_flag_disabled_returns_functionality_unsupported;public_stub_enabled_returns_functionality_unlicensed;private_provider_required_for_execution,provider_boundary_route_required,FSE-P7-PROOF-00016,sblr_surface_fse_p7_execution_proof_gate,query.plan_operation_never_cluster_authority;local_query_sblr_remains_local_engine_authority,parser_emits_normalized_cluster_sblr_only;parser_execution_storage_finality_authority_forbidden,compatibility_cluster_execution_storage_transaction_finality_authority_forbidden,project/tests/compatibility_sql_parser_first_tranche/parser_remap_cluster_route_gate.py,parser_remap_cluster_route_gate,p2_cluster_route_remap_verified,row-level compatibility cluster surface remap preserves provider boundary compile policy and compatibility parser isolation;private provider implementation detail is not recorded
FPR-P2-CLUSTER-00154,cassandra,reference_surface:raft_consensus,reference_surface:raft_consensus,cluster.tx.validate_finality_proof,required_new:sblr.cluster.transaction.v1:cluster.tx.validate_finality_proof,required_new:sblr.cluster.transaction.v1:cluster.tx.validate_finality_proof,docs/reference/compatibility_release_acquisition/cassandra/5.0.8/source/test/resources/glove.3K.50d.txt#keyword:raft,own_compatibility_surface_only,FPR-P2,not_cluster_query,cluster.validate_finality_proof,provider_routed_public_boundary_manifested,functionality_unsupported;kClusterSupportNotEnabledCode;unsupported_feature=cluster.provider;no_provider_call;fail_closed,functionality_unlicensed;kClusterHandshakeStubCompileLinkOnlyCode;unsupported_feature=cluster.provider.stub;public_compile_link_boundary_only;no_cluster_authority_or_production_behavior,private_internal_provider_required;provider_api_boundary=cluster.validate_finality_proof;no_private_source_or_implementation_detail,compile_flag_disabled_returns_functionality_unsupported;public_stub_enabled_returns_functionality_unlicensed;private_provider_required_for_execution,provider_boundary_route_required,FSE-P7-PROOF-00059,sblr_surface_fse_p7_execution_proof_gate,query.plan_operation_never_cluster_authority;local_query_sblr_remains_local_engine_authority,parser_emits_normalized_cluster_sblr_only;parser_execution_storage_finality_authority_forbidden,compatibility_cluster_execution_storage_transaction_finality_authority_forbidden,project/tests/compatibility_sql_parser_first_tranche/parser_remap_cluster_route_gate.py,parser_remap_cluster_route_gate,p2_cluster_route_remap_verified,row-level compatibility cluster surface remap preserves provider boundary compile policy and compatibility parser isolation;private provider implementation detail is not recorded
FPR-P2-CLUSTER-00155,cassandra,reference_surface:changefeed_stream,reference_surface:changefeed_stream,cluster.metrics.emit_event,sblr.cluster.report.v3:cluster.metrics.emit_event,sblr.cluster.report.v3:cluster.metrics.emit_event,docs/specifications/chapters/compatibilitys/cassandra/appendix-compatibility-cassandra-exact-extraction-slice-1-release-surface-catalog-api-and-conformance-inventory-profile.md#keyword:changefeed,own_compatibility_surface_only,FPR-P2,not_cluster_query,cluster.emit_event,provider_routed_public_boundary_manifested,functionality_unsupported;kClusterSupportNotEnabledCode;unsupported_feature=cluster.provider;no_provider_call;fail_closed,functionality_unlicensed;kClusterHandshakeStubCompileLinkOnlyCode;unsupported_feature=cluster.provider.stub;public_compile_link_boundary_only;no_cluster_authority_or_production_behavior,private_internal_provider_required;provider_api_boundary=cluster.emit_event;no_private_source_or_implementation_detail,compile_flag_disabled_returns_functionality_unsupported;public_stub_enabled_returns_functionality_unlicensed;private_provider_required_for_execution,provider_boundary_route_required,FSE-P7-PROOF-00008,sblr_surface_fse_p7_execution_proof_gate,query.plan_operation_never_cluster_authority;local_query_sblr_remains_local_engine_authority,parser_emits_normalized_cluster_sblr_only;parser_execution_storage_finality_authority_forbidden,compatibility_cluster_execution_storage_transaction_finality_authority_forbidden,project/tests/compatibility_sql_parser_first_tranche/parser_remap_cluster_route_gate.py,parser_remap_cluster_route_gate,p2_cluster_route_remap_verified,row-level compatibility cluster surface remap preserves provider boundary compile policy and compatibility parser isolation;private provider implementation detail is not recorded
FPR-P2-CLUSTER-00156,cassandra,reference_surface:failover_control,reference_surface:failover_control,cluster.node.admit_member,sblr.cluster.control.v3:cluster.node.admit_member,sblr.cluster.control.v3:cluster.node.admit_member,docs/specifications/chapters/compatibilitys/cassandra/appendix-compatibility-cassandra-exact-extraction-slice-6-consistency-replication-migration-compaction-and-optimizer-profile.md#keyword:failover,own_compatibility_surface_only,FPR-P2,not_cluster_query,cluster.admit_member,provider_routed_public_boundary_manifested,functionality_unsupported;kClusterSupportNotEnabledCode;unsupported_feature=cluster.provider;no_provider_call;fail_closed,functionality_unlicensed;kClusterHandshakeStubCompileLinkOnlyCode;unsupported_feature=cluster.provider.stub;public_compile_link_boundary_only;no_cluster_authority_or_production_behavior,private_internal_provider_required;provider_api_boundary=cluster.admit_member;no_private_source_or_implementation_detail,compile_flag_disabled_returns_functionality_unsupported;public_stub_enabled_returns_functionality_unlicensed;private_provider_required_for_execution,provider_boundary_route_required,FSE-P7-PROOF-00012,sblr_surface_fse_p7_execution_proof_gate,query.plan_operation_never_cluster_authority;local_query_sblr_remains_local_engine_authority,parser_emits_normalized_cluster_sblr_only;parser_execution_storage_finality_authority_forbidden,compatibility_cluster_execution_storage_transaction_finality_authority_forbidden,project/tests/compatibility_sql_parser_first_tranche/parser_remap_cluster_route_gate.py,parser_remap_cluster_route_gate,p2_cluster_route_remap_verified,row-level compatibility cluster surface remap preserves provider boundary compile policy and compatibility parser isolation;private provider implementation detail is not recorded
FPR-P2-CLUSTER-00157,clickhouse,reference_surface:cluster_topology_or_control,reference_surface:cluster_topology_or_control,cluster.job.start_controlled,sblr.cluster.control.v3:cluster.job.start_controlled,sblr.cluster.control.v3:cluster.job.start_controlled,docs/reference/compatibility_catalog_seeds/clickhouse/clickhouse_25_beta2_full_seed_manifest.yaml#keyword:cluster,own_compatibility_surface_only,FPR-P2,not_cluster_query,cluster.start_job,provider_routed_public_boundary_manifested,functionality_unsupported;kClusterSupportNotEnabledCode;unsupported_feature=cluster.provider;no_provider_call;fail_closed,functionality_unlicensed;kClusterHandshakeStubCompileLinkOnlyCode;unsupported_feature=cluster.provider.stub;public_compile_link_boundary_only;no_cluster_authority_or_production_behavior,private_internal_provider_required;provider_api_boundary=cluster.start_job;no_private_source_or_implementation_detail,compile_flag_disabled_returns_functionality_unsupported;public_stub_enabled_returns_functionality_unlicensed;private_provider_required_for_execution,provider_boundary_route_required,FSE-P7-PROOF-00005,sblr_surface_fse_p7_execution_proof_gate,query.plan_operation_never_cluster_authority;local_query_sblr_remains_local_engine_authority,parser_emits_normalized_cluster_sblr_only;parser_execution_storage_finality_authority_forbidden,compatibility_cluster_execution_storage_transaction_finality_authority_forbidden,project/tests/compatibility_sql_parser_first_tranche/parser_remap_cluster_route_gate.py,parser_remap_cluster_route_gate,p2_cluster_route_remap_verified,row-level compatibility cluster surface remap preserves provider boundary compile policy and compatibility parser isolation;private provider implementation detail is not recorded
FPR-P2-CLUSTER-00158,clickhouse,reference_surface:replication_control,reference_surface:replication_control,cluster.replication.consume_cluster_event,sblr.replication.consumer.v3:cluster.replication.consume_cluster_event,sblr.replication.consumer.v3:cluster.replication.consume_cluster_event,docs/reference/compatibility_catalog_seeds/clickhouse/clickhouse_25_beta2_full_seed_manifest.yaml#keyword:replication,own_compatibility_surface_only,FPR-P2,not_cluster_query,cluster.inspect_replication,provider_routed_public_boundary_manifested,functionality_unsupported;kClusterSupportNotEnabledCode;unsupported_feature=cluster.provider;no_provider_call;fail_closed,functionality_unlicensed;kClusterHandshakeStubCompileLinkOnlyCode;unsupported_feature=cluster.provider.stub;public_compile_link_boundary_only;no_cluster_authority_or_production_behavior,private_internal_provider_required;provider_api_boundary=cluster.inspect_replication;no_private_source_or_implementation_detail,compile_flag_disabled_returns_functionality_unsupported;public_stub_enabled_returns_functionality_unlicensed;private_provider_required_for_execution,provider_boundary_route_required,FSE-P7-PROOF-00036,sblr_surface_fse_p7_execution_proof_gate,query.plan_operation_never_cluster_authority;local_query_sblr_remains_local_engine_authority,parser_emits_normalized_cluster_sblr_only;parser_execution_storage_finality_authority_forbidden,compatibility_cluster_execution_storage_transaction_finality_authority_forbidden,project/tests/compatibility_sql_parser_first_tranche/parser_remap_cluster_route_gate.py,parser_remap_cluster_route_gate,p2_cluster_route_remap_verified,row-level compatibility cluster surface remap preserves provider boundary compile policy and compatibility parser isolation;private provider implementation detail is not recorded
FPR-P2-CLUSTER-00159,clickhouse,reference_surface:cdc_stream,reference_surface:cdc_stream,cluster.metrics.emit_event,sblr.cluster.report.v3:cluster.metrics.emit_event,sblr.cluster.report.v3:cluster.metrics.emit_event,docs/reference/compatibility_catalog_seeds/clickhouse/clickhouse_25_beta2_full_seed_manifest.yaml#keyword:cdc,own_compatibility_surface_only,FPR-P2,not_cluster_query,cluster.emit_event,provider_routed_public_boundary_manifested,functionality_unsupported;kClusterSupportNotEnabledCode;unsupported_feature=cluster.provider;no_provider_call;fail_closed,functionality_unlicensed;kClusterHandshakeStubCompileLinkOnlyCode;unsupported_feature=cluster.provider.stub;public_compile_link_boundary_only;no_cluster_authority_or_production_behavior,private_internal_provider_required;provider_api_boundary=cluster.emit_event;no_private_source_or_implementation_detail,compile_flag_disabled_returns_functionality_unsupported;public_stub_enabled_returns_functionality_unlicensed;private_provider_required_for_execution,provider_boundary_route_required,FSE-P7-PROOF-00008,sblr_surface_fse_p7_execution_proof_gate,query.plan_operation_never_cluster_authority;local_query_sblr_remains_local_engine_authority,parser_emits_normalized_cluster_sblr_only;parser_execution_storage_finality_authority_forbidden,compatibility_cluster_execution_storage_transaction_finality_authority_forbidden,project/tests/compatibility_sql_parser_first_tranche/parser_remap_cluster_route_gate.py,parser_remap_cluster_route_gate,p2_cluster_route_remap_verified,row-level compatibility cluster surface remap preserves provider boundary compile policy and compatibility parser isolation;private provider implementation detail is not recorded
FPR-P2-CLUSTER-00160,clickhouse,reference_surface:placement_policy,reference_surface:placement_policy,cluster.security.validate_policy_version,required_new:sblr.cluster.security.v1:cluster.security.validate_policy_version,required_new:sblr.cluster.security.v1:cluster.security.validate_policy_version,docs/reference/compatibility_catalog_seeds/clickhouse/clickhouse_25_beta2_full_seed_manifest.yaml#keyword:placement,own_compatibility_surface_only,FPR-P2,not_cluster_query,cluster.validate_policy_version,provider_routed_public_boundary_manifested,functionality_unsupported;kClusterSupportNotEnabledCode;unsupported_feature=cluster.provider;no_provider_call;fail_closed,functionality_unlicensed;kClusterHandshakeStubCompileLinkOnlyCode;unsupported_feature=cluster.provider.stub;public_compile_link_boundary_only;no_cluster_authority_or_production_behavior,private_internal_provider_required;provider_api_boundary=cluster.validate_policy_version;no_private_source_or_implementation_detail,compile_flag_disabled_returns_functionality_unsupported;public_stub_enabled_returns_functionality_unlicensed;private_provider_required_for_execution,provider_boundary_route_required,FSE-P7-PROOF-00045,sblr_surface_fse_p7_execution_proof_gate,query.plan_operation_never_cluster_authority;local_query_sblr_remains_local_engine_authority,parser_emits_normalized_cluster_sblr_only;parser_execution_storage_finality_authority_forbidden,compatibility_cluster_execution_storage_transaction_finality_authority_forbidden,project/tests/compatibility_sql_parser_first_tranche/parser_remap_cluster_route_gate.py,parser_remap_cluster_route_gate,p2_cluster_route_remap_verified,row-level compatibility cluster surface remap preserves provider boundary compile policy and compatibility parser isolation;private provider implementation detail is not recorded
FPR-P2-CLUSTER-00161,clickhouse,reference_surface:replica_control,reference_surface:replica_control,cluster.tx.begin_distributed,required_new:sblr.cluster.transaction.v1:cluster.tx.begin_distributed,required_new:sblr.cluster.transaction.v1:cluster.tx.begin_distributed,docs/reference/compatibility_catalog_seeds/clickhouse/clickhouse_25_beta2_full_seed_manifest.yaml#keyword:replica,own_compatibility_surface_only,FPR-P2,not_cluster_query,cluster.begin_distributed_transaction,provider_routed_public_boundary_manifested,functionality_unsupported;kClusterSupportNotEnabledCode;unsupported_feature=cluster.provider;no_provider_call;fail_closed,functionality_unlicensed;kClusterHandshakeStubCompileLinkOnlyCode;unsupported_feature=cluster.provider.stub;public_compile_link_boundary_only;no_cluster_authority_or_production_behavior,private_internal_provider_required;provider_api_boundary=cluster.begin_distributed_transaction;no_private_source_or_implementation_detail,compile_flag_disabled_returns_functionality_unsupported;public_stub_enabled_returns_functionality_unlicensed;private_provider_required_for_execution,provider_boundary_route_required,FSE-P7-PROOF-00054,sblr_surface_fse_p7_execution_proof_gate,query.plan_operation_never_cluster_authority;local_query_sblr_remains_local_engine_authority,parser_emits_normalized_cluster_sblr_only;parser_execution_storage_finality_authority_forbidden,compatibility_cluster_execution_storage_transaction_finality_authority_forbidden,project/tests/compatibility_sql_parser_first_tranche/parser_remap_cluster_route_gate.py,parser_remap_cluster_route_gate,p2_cluster_route_remap_verified,row-level compatibility cluster surface remap preserves provider boundary compile policy and compatibility parser isolation;private provider implementation detail is not recorded
FPR-P2-CLUSTER-00162,clickhouse,reference_surface:distributed_execution_or_control,reference_surface:distributed_execution_or_control,cluster.query.plan_distributed,required_new:sblr.cluster.query.v1:cluster.query.plan_distributed,required_new:sblr.cluster.query.v1:cluster.query.plan_distributed,docs/reference/compatibility_release_acquisition/clickhouse/25.12.10.7-stable/release-notes/RELEASE_NOTES_SOURCE.md#keyword:distributed,own_compatibility_surface_only,FPR-P2,cross_node_distributed_cluster_authority_not_local_query,cluster.query.plan_distributed,provider_routed_public_boundary_manifested,functionality_unsupported;kClusterSupportNotEnabledCode;unsupported_feature=cluster.provider;no_provider_call;fail_closed,functionality_unlicensed;kClusterHandshakeStubCompileLinkOnlyCode;unsupported_feature=cluster.provider.stub;public_compile_link_boundary_only;no_cluster_authority_or_production_behavior,private_internal_provider_required;provider_api_boundary=cluster.query.plan_distributed;no_private_source_or_implementation_detail,compile_flag_disabled_returns_functionality_unsupported;public_stub_enabled_returns_functionality_unlicensed;private_provider_required_for_execution,provider_boundary_route_required,FSE-P7-PROOF-00027,sblr_surface_fse_p7_execution_proof_gate,cluster_query_requires_provider_boundary;query.plan_operation_never_cluster_authority;local_query_sblr_remains_local_engine_authority,parser_emits_normalized_cluster_sblr_only;parser_execution_storage_finality_authority_forbidden,compatibility_cluster_execution_storage_transaction_finality_authority_forbidden,project/tests/compatibility_sql_parser_first_tranche/parser_remap_cluster_route_gate.py,parser_remap_cluster_route_gate,p2_cluster_route_remap_verified,row-level compatibility cluster surface remap preserves provider boundary compile policy and compatibility parser isolation;private provider implementation detail is not recorded
FPR-P2-CLUSTER-00163,clickhouse,reference_surface:raft_consensus,reference_surface:raft_consensus,cluster.tx.validate_finality_proof,required_new:sblr.cluster.transaction.v1:cluster.tx.validate_finality_proof,required_new:sblr.cluster.transaction.v1:cluster.tx.validate_finality_proof,docs/reference/compatibility_release_acquisition/clickhouse/25.12.10.7-stable/source/.github/copilot-instructions.md#keyword:raft,own_compatibility_surface_only,FPR-P2,not_cluster_query,cluster.validate_finality_proof,provider_routed_public_boundary_manifested,functionality_unsupported;kClusterSupportNotEnabledCode;unsupported_feature=cluster.provider;no_provider_call;fail_closed,functionality_unlicensed;kClusterHandshakeStubCompileLinkOnlyCode;unsupported_feature=cluster.provider.stub;public_compile_link_boundary_only;no_cluster_authority_or_production_behavior,private_internal_provider_required;provider_api_boundary=cluster.validate_finality_proof;no_private_source_or_implementation_detail,compile_flag_disabled_returns_functionality_unsupported;public_stub_enabled_returns_functionality_unlicensed;private_provider_required_for_execution,provider_boundary_route_required,FSE-P7-PROOF-00059,sblr_surface_fse_p7_execution_proof_gate,query.plan_operation_never_cluster_authority;local_query_sblr_remains_local_engine_authority,parser_emits_normalized_cluster_sblr_only;parser_execution_storage_finality_authority_forbidden,compatibility_cluster_execution_storage_transaction_finality_authority_forbidden,project/tests/compatibility_sql_parser_first_tranche/parser_remap_cluster_route_gate.py,parser_remap_cluster_route_gate,p2_cluster_route_remap_verified,row-level compatibility cluster surface remap preserves provider boundary compile policy and compatibility parser isolation;private provider implementation detail is not recorded
FPR-P2-CLUSTER-00164,clickhouse,reference_surface:shard_placement,reference_surface:shard_placement,cluster.placement.assign_tablet_range,required_new:sblr.cluster.placement.v1:cluster.placement.assign_tablet_range,required_new:sblr.cluster.placement.v1:cluster.placement.assign_tablet_range,docs/reference/compatibility_release_acquisition/clickhouse/25.12.10.7-stable/source/CHANGELOG.md#keyword:shard,own_compatibility_surface_only,FPR-P2,not_cluster_query,cluster.assign_tablet_range,provider_routed_public_boundary_manifested,functionality_unsupported;kClusterSupportNotEnabledCode;unsupported_feature=cluster.provider;no_provider_call;fail_closed,functionality_unlicensed;kClusterHandshakeStubCompileLinkOnlyCode;unsupported_feature=cluster.provider.stub;public_compile_link_boundary_only;no_cluster_authority_or_production_behavior,private_internal_provider_required;provider_api_boundary=cluster.assign_tablet_range;no_private_source_or_implementation_detail,compile_flag_disabled_returns_functionality_unsupported;public_stub_enabled_returns_functionality_unlicensed;private_provider_required_for_execution,provider_boundary_route_required,FSE-P7-PROOF-00018,sblr_surface_fse_p7_execution_proof_gate,query.plan_operation_never_cluster_authority;local_query_sblr_remains_local_engine_authority,parser_emits_normalized_cluster_sblr_only;parser_execution_storage_finality_authority_forbidden,compatibility_cluster_execution_storage_transaction_finality_authority_forbidden,project/tests/compatibility_sql_parser_first_tranche/parser_remap_cluster_route_gate.py,parser_remap_cluster_route_gate,p2_cluster_route_remap_verified,row-level compatibility cluster surface remap preserves provider boundary compile policy and compatibility parser isolation;private provider implementation detail is not recorded
FPR-P2-CLUSTER-00165,clickhouse,reference_surface:range_placement,reference_surface:range_placement,cluster.placement.assign_tablet_range,required_new:sblr.cluster.placement.v1:cluster.placement.assign_tablet_range,required_new:sblr.cluster.placement.v1:cluster.placement.assign_tablet_range,docs/reference/compatibility_release_acquisition/clickhouse/25.12.10.7-stable/source/CHANGELOG.md#keyword:range,own_compatibility_surface_only,FPR-P2,not_cluster_query,cluster.assign_tablet_range,provider_routed_public_boundary_manifested,functionality_unsupported;kClusterSupportNotEnabledCode;unsupported_feature=cluster.provider;no_provider_call;fail_closed,functionality_unlicensed;kClusterHandshakeStubCompileLinkOnlyCode;unsupported_feature=cluster.provider.stub;public_compile_link_boundary_only;no_cluster_authority_or_production_behavior,private_internal_provider_required;provider_api_boundary=cluster.assign_tablet_range;no_private_source_or_implementation_detail,compile_flag_disabled_returns_functionality_unsupported;public_stub_enabled_returns_functionality_unlicensed;private_provider_required_for_execution,provider_boundary_route_required,FSE-P7-PROOF-00018,sblr_surface_fse_p7_execution_proof_gate,query.plan_operation_never_cluster_authority;local_query_sblr_remains_local_engine_authority,parser_emits_normalized_cluster_sblr_only;parser_execution_storage_finality_authority_forbidden,compatibility_cluster_execution_storage_transaction_finality_authority_forbidden,project/tests/compatibility_sql_parser_first_tranche/parser_remap_cluster_route_gate.py,parser_remap_cluster_route_gate,p2_cluster_route_remap_verified,row-level compatibility cluster surface remap preserves provider boundary compile policy and compatibility parser isolation;private provider implementation detail is not recorded
FPR-P2-CLUSTER-00166,clickhouse,reference_surface:failover_control,reference_surface:failover_control,cluster.node.admit_member,sblr.cluster.control.v3:cluster.node.admit_member,sblr.cluster.control.v3:cluster.node.admit_member,docs/reference/compatibility_release_acquisition/clickhouse/25.12.10.7-stable/source/CHANGELOG.md#keyword:failover,own_compatibility_surface_only,FPR-P2,not_cluster_query,cluster.admit_member,provider_routed_public_boundary_manifested,functionality_unsupported;kClusterSupportNotEnabledCode;unsupported_feature=cluster.provider;no_provider_call;fail_closed,functionality_unlicensed;kClusterHandshakeStubCompileLinkOnlyCode;unsupported_feature=cluster.provider.stub;public_compile_link_boundary_only;no_cluster_authority_or_production_behavior,private_internal_provider_required;provider_api_boundary=cluster.admit_member;no_private_source_or_implementation_detail,compile_flag_disabled_returns_functionality_unsupported;public_stub_enabled_returns_functionality_unlicensed;private_provider_required_for_execution,provider_boundary_route_required,FSE-P7-PROOF-00012,sblr_surface_fse_p7_execution_proof_gate,query.plan_operation_never_cluster_authority;local_query_sblr_remains_local_engine_authority,parser_emits_normalized_cluster_sblr_only;parser_execution_storage_finality_authority_forbidden,compatibility_cluster_execution_storage_transaction_finality_authority_forbidden,project/tests/compatibility_sql_parser_first_tranche/parser_remap_cluster_route_gate.py,parser_remap_cluster_route_gate,p2_cluster_route_remap_verified,row-level compatibility cluster surface remap preserves provider boundary compile policy and compatibility parser isolation;private provider implementation detail is not recorded
FPR-P2-CLUSTER-00167,clickhouse,reference_surface:leader_election,reference_surface:leader_election,cluster.node.set_role,sblr.cluster.control.v3:cluster.node.set_role,sblr.cluster.control.v3:cluster.node.set_role,docs/reference/compatibility_release_acquisition/clickhouse/25.12.10.7-stable/source/CHANGELOG.md#keyword:leader,own_compatibility_surface_only,FPR-P2,not_cluster_query,cluster.set_node_role,provider_routed_public_boundary_manifested,functionality_unsupported;kClusterSupportNotEnabledCode;unsupported_feature=cluster.provider;no_provider_call;fail_closed,functionality_unlicensed;kClusterHandshakeStubCompileLinkOnlyCode;unsupported_feature=cluster.provider.stub;public_compile_link_boundary_only;no_cluster_authority_or_production_behavior,private_internal_provider_required;provider_api_boundary=cluster.set_node_role;no_private_source_or_implementation_detail,compile_flag_disabled_returns_functionality_unsupported;public_stub_enabled_returns_functionality_unlicensed;private_provider_required_for_execution,provider_boundary_route_required,FSE-P7-PROOF-00016,sblr_surface_fse_p7_execution_proof_gate,query.plan_operation_never_cluster_authority;local_query_sblr_remains_local_engine_authority,parser_emits_normalized_cluster_sblr_only;parser_execution_storage_finality_authority_forbidden,compatibility_cluster_execution_storage_transaction_finality_authority_forbidden,project/tests/compatibility_sql_parser_first_tranche/parser_remap_cluster_route_gate.py,parser_remap_cluster_route_gate,p2_cluster_route_remap_verified,row-level compatibility cluster surface remap preserves provider boundary compile policy and compatibility parser isolation;private provider implementation detail is not recorded
FPR-P2-CLUSTER-00168,clickhouse,reference_surface:partition_distribution,reference_surface:partition_distribution,cluster.placement.validate_partition_distribution,required_new:sblr.cluster.placement.v1:cluster.placement.validate_partition_distribution,required_new:sblr.cluster.placement.v1:cluster.placement.validate_partition_distribution,docs/reference/compatibility_release_acquisition/clickhouse/25.12.10.7-stable/source/CHANGELOG.md#keyword:partition,own_compatibility_surface_only,FPR-P2,not_cluster_query,cluster.validate_partition_distribution,provider_routed_public_boundary_manifested,functionality_unsupported;kClusterSupportNotEnabledCode;unsupported_feature=cluster.provider;no_provider_call;fail_closed,functionality_unlicensed;kClusterHandshakeStubCompileLinkOnlyCode;unsupported_feature=cluster.provider.stub;public_compile_link_boundary_only;no_cluster_authority_or_production_behavior,private_internal_provider_required;provider_api_boundary=cluster.validate_partition_distribution;no_private_source_or_implementation_detail,compile_flag_disabled_returns_functionality_unsupported;public_stub_enabled_returns_functionality_unlicensed;private_provider_required_for_execution,provider_boundary_route_required,FSE-P7-PROOF-00021,sblr_surface_fse_p7_execution_proof_gate,query.plan_operation_never_cluster_authority;local_query_sblr_remains_local_engine_authority,parser_emits_normalized_cluster_sblr_only;parser_execution_storage_finality_authority_forbidden,compatibility_cluster_execution_storage_transaction_finality_authority_forbidden,project/tests/compatibility_sql_parser_first_tranche/parser_remap_cluster_route_gate.py,parser_remap_cluster_route_gate,p2_cluster_route_remap_verified,row-level compatibility cluster surface remap preserves provider boundary compile policy and compatibility parser isolation;private provider implementation detail is not recorded
FPR-P2-CLUSTER-00169,clickhouse,reference_surface:tablet_placement,reference_surface:tablet_placement,cluster.placement.assign_tablet_range,required_new:sblr.cluster.placement.v1:cluster.placement.assign_tablet_range,required_new:sblr.cluster.placement.v1:cluster.placement.assign_tablet_range,docs/reference/compatibility_release_acquisition/clickhouse/25.12.10.7-stable/source/docs/changelogs/archive/v23.6.1.1524-stable.md#keyword:tablet,own_compatibility_surface_only,FPR-P2,not_cluster_query,cluster.assign_tablet_range,provider_routed_public_boundary_manifested,functionality_unsupported;kClusterSupportNotEnabledCode;unsupported_feature=cluster.provider;no_provider_call;fail_closed,functionality_unlicensed;kClusterHandshakeStubCompileLinkOnlyCode;unsupported_feature=cluster.provider.stub;public_compile_link_boundary_only;no_cluster_authority_or_production_behavior,private_internal_provider_required;provider_api_boundary=cluster.assign_tablet_range;no_private_source_or_implementation_detail,compile_flag_disabled_returns_functionality_unsupported;public_stub_enabled_returns_functionality_unlicensed;private_provider_required_for_execution,provider_boundary_route_required,FSE-P7-PROOF-00018,sblr_surface_fse_p7_execution_proof_gate,query.plan_operation_never_cluster_authority;local_query_sblr_remains_local_engine_authority,parser_emits_normalized_cluster_sblr_only;parser_execution_storage_finality_authority_forbidden,compatibility_cluster_execution_storage_transaction_finality_authority_forbidden,project/tests/compatibility_sql_parser_first_tranche/parser_remap_cluster_route_gate.py,parser_remap_cluster_route_gate,p2_cluster_route_remap_verified,row-level compatibility cluster surface remap preserves provider boundary compile policy and compatibility parser isolation;private provider implementation detail is not recorded
FPR-P2-CLUSTER-00170,clickhouse,reference_surface:galera_cluster,reference_surface:galera_cluster,cluster.reconcile.apply_merge_policy,required_new:sblr.cluster.reconciliation.v1:cluster.reconcile.apply_merge_policy,required_new:sblr.cluster.reconciliation.v1:cluster.reconcile.apply_merge_policy,docs/reference/compatibility_release_acquisition/clickhouse/25.12.10.7-stable/source/tests/queries/0_stateless/data_json/ghdata_sample.json#keyword:galera,own_compatibility_surface_only,FPR-P2,not_cluster_query,cluster.apply_merge_policy,provider_routed_public_boundary_manifested,functionality_unsupported;kClusterSupportNotEnabledCode;unsupported_feature=cluster.provider;no_provider_call;fail_closed,functionality_unlicensed;kClusterHandshakeStubCompileLinkOnlyCode;unsupported_feature=cluster.provider.stub;public_compile_link_boundary_only;no_cluster_authority_or_production_behavior,private_internal_provider_required;provider_api_boundary=cluster.apply_merge_policy;no_private_source_or_implementation_detail,compile_flag_disabled_returns_functionality_unsupported;public_stub_enabled_returns_functionality_unlicensed;private_provider_required_for_execution,provider_boundary_route_required,FSE-P7-PROOF-00031,sblr_surface_fse_p7_execution_proof_gate,query.plan_operation_never_cluster_authority;local_query_sblr_remains_local_engine_authority,parser_emits_normalized_cluster_sblr_only;parser_execution_storage_finality_authority_forbidden,compatibility_cluster_execution_storage_transaction_finality_authority_forbidden,project/tests/compatibility_sql_parser_first_tranche/parser_remap_cluster_route_gate.py,parser_remap_cluster_route_gate,p2_cluster_route_remap_verified,row-level compatibility cluster surface remap preserves provider boundary compile policy and compatibility parser isolation;private provider implementation detail is not recorded
FPR-P2-CLUSTER-00171,cockroachdb,reference_surface:cluster_topology_or_control,reference_surface:cluster_topology_or_control,cluster.job.start_controlled,sblr.cluster.control.v3:cluster.job.start_controlled,sblr.cluster.control.v3:cluster.job.start_controlled,docs/reference/compatibility-engines/cockroachdb/capability-summary.md#keyword:cluster,own_compatibility_surface_only,FPR-P2,not_cluster_query,cluster.start_job,provider_routed_public_boundary_manifested,functionality_unsupported;kClusterSupportNotEnabledCode;unsupported_feature=cluster.provider;no_provider_call;fail_closed,functionality_unlicensed;kClusterHandshakeStubCompileLinkOnlyCode;unsupported_feature=cluster.provider.stub;public_compile_link_boundary_only;no_cluster_authority_or_production_behavior,private_internal_provider_required;provider_api_boundary=cluster.start_job;no_private_source_or_implementation_detail,compile_flag_disabled_returns_functionality_unsupported;public_stub_enabled_returns_functionality_unlicensed;private_provider_required_for_execution,provider_boundary_route_required,FSE-P7-PROOF-00005,sblr_surface_fse_p7_execution_proof_gate,query.plan_operation_never_cluster_authority;local_query_sblr_remains_local_engine_authority,parser_emits_normalized_cluster_sblr_only;parser_execution_storage_finality_authority_forbidden,compatibility_cluster_execution_storage_transaction_finality_authority_forbidden,project/tests/compatibility_sql_parser_first_tranche/parser_remap_cluster_route_gate.py,parser_remap_cluster_route_gate,p2_cluster_route_remap_verified,row-level compatibility cluster surface remap preserves provider boundary compile policy and compatibility parser isolation;private provider implementation detail is not recorded
FPR-P2-CLUSTER-00172,cockroachdb,reference_surface:distributed_execution_or_control,reference_surface:distributed_execution_or_control,cluster.query.plan_distributed,required_new:sblr.cluster.query.v1:cluster.query.plan_distributed,required_new:sblr.cluster.query.v1:cluster.query.plan_distributed,docs/reference/compatibility-engines/cockroachdb/capability-summary.md#keyword:distributed,own_compatibility_surface_only,FPR-P2,cross_node_distributed_cluster_authority_not_local_query,cluster.query.plan_distributed,provider_routed_public_boundary_manifested,functionality_unsupported;kClusterSupportNotEnabledCode;unsupported_feature=cluster.provider;no_provider_call;fail_closed,functionality_unlicensed;kClusterHandshakeStubCompileLinkOnlyCode;unsupported_feature=cluster.provider.stub;public_compile_link_boundary_only;no_cluster_authority_or_production_behavior,private_internal_provider_required;provider_api_boundary=cluster.query.plan_distributed;no_private_source_or_implementation_detail,compile_flag_disabled_returns_functionality_unsupported;public_stub_enabled_returns_functionality_unlicensed;private_provider_required_for_execution,provider_boundary_route_required,FSE-P7-PROOF-00027,sblr_surface_fse_p7_execution_proof_gate,cluster_query_requires_provider_boundary;query.plan_operation_never_cluster_authority;local_query_sblr_remains_local_engine_authority,parser_emits_normalized_cluster_sblr_only;parser_execution_storage_finality_authority_forbidden,compatibility_cluster_execution_storage_transaction_finality_authority_forbidden,project/tests/compatibility_sql_parser_first_tranche/parser_remap_cluster_route_gate.py,parser_remap_cluster_route_gate,p2_cluster_route_remap_verified,row-level compatibility cluster surface remap preserves provider boundary compile policy and compatibility parser isolation;private provider implementation detail is not recorded
FPR-P2-CLUSTER-00173,cockroachdb,reference_surface:changefeed_stream,reference_surface:changefeed_stream,cluster.metrics.emit_event,sblr.cluster.report.v3:cluster.metrics.emit_event,sblr.cluster.report.v3:cluster.metrics.emit_event,docs/reference/compatibility-engines/cockroachdb/capability-summary.md#keyword:changefeed,own_compatibility_surface_only,FPR-P2,not_cluster_query,cluster.emit_event,provider_routed_public_boundary_manifested,functionality_unsupported;kClusterSupportNotEnabledCode;unsupported_feature=cluster.provider;no_provider_call;fail_closed,functionality_unlicensed;kClusterHandshakeStubCompileLinkOnlyCode;unsupported_feature=cluster.provider.stub;public_compile_link_boundary_only;no_cluster_authority_or_production_behavior,private_internal_provider_required;provider_api_boundary=cluster.emit_event;no_private_source_or_implementation_detail,compile_flag_disabled_returns_functionality_unsupported;public_stub_enabled_returns_functionality_unlicensed;private_provider_required_for_execution,provider_boundary_route_required,FSE-P7-PROOF-00008,sblr_surface_fse_p7_execution_proof_gate,query.plan_operation_never_cluster_authority;local_query_sblr_remains_local_engine_authority,parser_emits_normalized_cluster_sblr_only;parser_execution_storage_finality_authority_forbidden,compatibility_cluster_execution_storage_transaction_finality_authority_forbidden,project/tests/compatibility_sql_parser_first_tranche/parser_remap_cluster_route_gate.py,parser_remap_cluster_route_gate,p2_cluster_route_remap_verified,row-level compatibility cluster surface remap preserves provider boundary compile policy and compatibility parser isolation;private provider implementation detail is not recorded
FPR-P2-CLUSTER-00174,cockroachdb,reference_surface:range_placement,reference_surface:range_placement,cluster.placement.assign_tablet_range,required_new:sblr.cluster.placement.v1:cluster.placement.assign_tablet_range,required_new:sblr.cluster.placement.v1:cluster.placement.assign_tablet_range,docs/reference/compatibility-engines/cockroachdb/capability-summary.md#keyword:range,own_compatibility_surface_only,FPR-P2,not_cluster_query,cluster.assign_tablet_range,provider_routed_public_boundary_manifested,functionality_unsupported;kClusterSupportNotEnabledCode;unsupported_feature=cluster.provider;no_provider_call;fail_closed,functionality_unlicensed;kClusterHandshakeStubCompileLinkOnlyCode;unsupported_feature=cluster.provider.stub;public_compile_link_boundary_only;no_cluster_authority_or_production_behavior,private_internal_provider_required;provider_api_boundary=cluster.assign_tablet_range;no_private_source_or_implementation_detail,compile_flag_disabled_returns_functionality_unsupported;public_stub_enabled_returns_functionality_unlicensed;private_provider_required_for_execution,provider_boundary_route_required,FSE-P7-PROOF-00018,sblr_surface_fse_p7_execution_proof_gate,query.plan_operation_never_cluster_authority;local_query_sblr_remains_local_engine_authority,parser_emits_normalized_cluster_sblr_only;parser_execution_storage_finality_authority_forbidden,compatibility_cluster_execution_storage_transaction_finality_authority_forbidden,project/tests/compatibility_sql_parser_first_tranche/parser_remap_cluster_route_gate.py,parser_remap_cluster_route_gate,p2_cluster_route_remap_verified,row-level compatibility cluster surface remap preserves provider boundary compile policy and compatibility parser isolation;private provider implementation detail is not recorded
FPR-P2-CLUSTER-00175,cockroachdb,reference_surface:shard_placement,reference_surface:shard_placement,cluster.placement.assign_tablet_range,required_new:sblr.cluster.placement.v1:cluster.placement.assign_tablet_range,required_new:sblr.cluster.placement.v1:cluster.placement.assign_tablet_range,docs/reference/compatibility-engines/cockroachdb/index-and-optimizer-summary.md#keyword:shard,own_compatibility_surface_only,FPR-P2,not_cluster_query,cluster.assign_tablet_range,provider_routed_public_boundary_manifested,functionality_unsupported;kClusterSupportNotEnabledCode;unsupported_feature=cluster.provider;no_provider_call;fail_closed,functionality_unlicensed;kClusterHandshakeStubCompileLinkOnlyCode;unsupported_feature=cluster.provider.stub;public_compile_link_boundary_only;no_cluster_authority_or_production_behavior,private_internal_provider_required;provider_api_boundary=cluster.assign_tablet_range;no_private_source_or_implementation_detail,compile_flag_disabled_returns_functionality_unsupported;public_stub_enabled_returns_functionality_unlicensed;private_provider_required_for_execution,provider_boundary_route_required,FSE-P7-PROOF-00018,sblr_surface_fse_p7_execution_proof_gate,query.plan_operation_never_cluster_authority;local_query_sblr_remains_local_engine_authority,parser_emits_normalized_cluster_sblr_only;parser_execution_storage_finality_authority_forbidden,compatibility_cluster_execution_storage_transaction_finality_authority_forbidden,project/tests/compatibility_sql_parser_first_tranche/parser_remap_cluster_route_gate.py,parser_remap_cluster_route_gate,p2_cluster_route_remap_verified,row-level compatibility cluster surface remap preserves provider boundary compile policy and compatibility parser isolation;private provider implementation detail is not recorded
FPR-P2-CLUSTER-00176,cockroachdb,reference_surface:placement_policy,reference_surface:placement_policy,cluster.security.validate_policy_version,required_new:sblr.cluster.security.v1:cluster.security.validate_policy_version,required_new:sblr.cluster.security.v1:cluster.security.validate_policy_version,docs/reference/compatibility-engines/cockroachdb/transaction-and-cluster-summary.md#keyword:placement,own_compatibility_surface_only,FPR-P2,not_cluster_query,cluster.validate_policy_version,provider_routed_public_boundary_manifested,functionality_unsupported;kClusterSupportNotEnabledCode;unsupported_feature=cluster.provider;no_provider_call;fail_closed,functionality_unlicensed;kClusterHandshakeStubCompileLinkOnlyCode;unsupported_feature=cluster.provider.stub;public_compile_link_boundary_only;no_cluster_authority_or_production_behavior,private_internal_provider_required;provider_api_boundary=cluster.validate_policy_version;no_private_source_or_implementation_detail,compile_flag_disabled_returns_functionality_unsupported;public_stub_enabled_returns_functionality_unlicensed;private_provider_required_for_execution,provider_boundary_route_required,FSE-P7-PROOF-00045,sblr_surface_fse_p7_execution_proof_gate,query.plan_operation_never_cluster_authority;local_query_sblr_remains_local_engine_authority,parser_emits_normalized_cluster_sblr_only;parser_execution_storage_finality_authority_forbidden,compatibility_cluster_execution_storage_transaction_finality_authority_forbidden,project/tests/compatibility_sql_parser_first_tranche/parser_remap_cluster_route_gate.py,parser_remap_cluster_route_gate,p2_cluster_route_remap_verified,row-level compatibility cluster surface remap preserves provider boundary compile policy and compatibility parser isolation;private provider implementation detail is not recorded
FPR-P2-CLUSTER-00177,cockroachdb,reference_surface:replica_control,reference_surface:replica_control,cluster.tx.begin_distributed,required_new:sblr.cluster.transaction.v1:cluster.tx.begin_distributed,required_new:sblr.cluster.transaction.v1:cluster.tx.begin_distributed,docs/reference/compatibility-engines/cockroachdb/transaction-and-cluster-summary.md#keyword:replica,own_compatibility_surface_only,FPR-P2,not_cluster_query,cluster.begin_distributed_transaction,provider_routed_public_boundary_manifested,functionality_unsupported;kClusterSupportNotEnabledCode;unsupported_feature=cluster.provider;no_provider_call;fail_closed,functionality_unlicensed;kClusterHandshakeStubCompileLinkOnlyCode;unsupported_feature=cluster.provider.stub;public_compile_link_boundary_only;no_cluster_authority_or_production_behavior,private_internal_provider_required;provider_api_boundary=cluster.begin_distributed_transaction;no_private_source_or_implementation_detail,compile_flag_disabled_returns_functionality_unsupported;public_stub_enabled_returns_functionality_unlicensed;private_provider_required_for_execution,provider_boundary_route_required,FSE-P7-PROOF-00054,sblr_surface_fse_p7_execution_proof_gate,query.plan_operation_never_cluster_authority;local_query_sblr_remains_local_engine_authority,parser_emits_normalized_cluster_sblr_only;parser_execution_storage_finality_authority_forbidden,compatibility_cluster_execution_storage_transaction_finality_authority_forbidden,project/tests/compatibility_sql_parser_first_tranche/parser_remap_cluster_route_gate.py,parser_remap_cluster_route_gate,p2_cluster_route_remap_verified,row-level compatibility cluster surface remap preserves provider boundary compile policy and compatibility parser isolation;private provider implementation detail is not recorded
FPR-P2-CLUSTER-00178,cockroachdb,reference_surface:replication_control,reference_surface:replication_control,cluster.replication.consume_cluster_event,sblr.replication.consumer.v3:cluster.replication.consume_cluster_event,sblr.replication.consumer.v3:cluster.replication.consume_cluster_event,docs/reference/compatibility_catalog_seeds/cockroachdb/cockroachdb_beta2_full_seed_manifest.yaml#keyword:replication,own_compatibility_surface_only,FPR-P2,not_cluster_query,cluster.inspect_replication,provider_routed_public_boundary_manifested,functionality_unsupported;kClusterSupportNotEnabledCode;unsupported_feature=cluster.provider;no_provider_call;fail_closed,functionality_unlicensed;kClusterHandshakeStubCompileLinkOnlyCode;unsupported_feature=cluster.provider.stub;public_compile_link_boundary_only;no_cluster_authority_or_production_behavior,private_internal_provider_required;provider_api_boundary=cluster.inspect_replication;no_private_source_or_implementation_detail,compile_flag_disabled_returns_functionality_unsupported;public_stub_enabled_returns_functionality_unlicensed;private_provider_required_for_execution,provider_boundary_route_required,FSE-P7-PROOF-00036,sblr_surface_fse_p7_execution_proof_gate,query.plan_operation_never_cluster_authority;local_query_sblr_remains_local_engine_authority,parser_emits_normalized_cluster_sblr_only;parser_execution_storage_finality_authority_forbidden,compatibility_cluster_execution_storage_transaction_finality_authority_forbidden,project/tests/compatibility_sql_parser_first_tranche/parser_remap_cluster_route_gate.py,parser_remap_cluster_route_gate,p2_cluster_route_remap_verified,row-level compatibility cluster surface remap preserves provider boundary compile policy and compatibility parser isolation;private provider implementation detail is not recorded
FPR-P2-CLUSTER-00179,cockroachdb,reference_surface:cdc_stream,reference_surface:cdc_stream,cluster.metrics.emit_event,sblr.cluster.report.v3:cluster.metrics.emit_event,sblr.cluster.report.v3:cluster.metrics.emit_event,docs/reference/compatibility_catalog_seeds/cockroachdb/cockroachdb_beta2_full_seed_manifest.yaml#keyword:cdc,own_compatibility_surface_only,FPR-P2,not_cluster_query,cluster.emit_event,provider_routed_public_boundary_manifested,functionality_unsupported;kClusterSupportNotEnabledCode;unsupported_feature=cluster.provider;no_provider_call;fail_closed,functionality_unlicensed;kClusterHandshakeStubCompileLinkOnlyCode;unsupported_feature=cluster.provider.stub;public_compile_link_boundary_only;no_cluster_authority_or_production_behavior,private_internal_provider_required;provider_api_boundary=cluster.emit_event;no_private_source_or_implementation_detail,compile_flag_disabled_returns_functionality_unsupported;public_stub_enabled_returns_functionality_unlicensed;private_provider_required_for_execution,provider_boundary_route_required,FSE-P7-PROOF-00008,sblr_surface_fse_p7_execution_proof_gate,query.plan_operation_never_cluster_authority;local_query_sblr_remains_local_engine_authority,parser_emits_normalized_cluster_sblr_only;parser_execution_storage_finality_authority_forbidden,compatibility_cluster_execution_storage_transaction_finality_authority_forbidden,project/tests/compatibility_sql_parser_first_tranche/parser_remap_cluster_route_gate.py,parser_remap_cluster_route_gate,p2_cluster_route_remap_verified,row-level compatibility cluster surface remap preserves provider boundary compile policy and compatibility parser isolation;private provider implementation detail is not recorded
FPR-P2-CLUSTER-00180,cockroachdb,reference_surface:raft_consensus,reference_surface:raft_consensus,cluster.tx.validate_finality_proof,required_new:sblr.cluster.transaction.v1:cluster.tx.validate_finality_proof,required_new:sblr.cluster.transaction.v1:cluster.tx.validate_finality_proof,docs/reference/compatibility_release_acquisition/cockroachdb/26.1.3/source/.claude/agents/crdb-issue-finder.md#keyword:raft,own_compatibility_surface_only,FPR-P2,not_cluster_query,cluster.validate_finality_proof,provider_routed_public_boundary_manifested,functionality_unsupported;kClusterSupportNotEnabledCode;unsupported_feature=cluster.provider;no_provider_call;fail_closed,functionality_unlicensed;kClusterHandshakeStubCompileLinkOnlyCode;unsupported_feature=cluster.provider.stub;public_compile_link_boundary_only;no_cluster_authority_or_production_behavior,private_internal_provider_required;provider_api_boundary=cluster.validate_finality_proof;no_private_source_or_implementation_detail,compile_flag_disabled_returns_functionality_unsupported;public_stub_enabled_returns_functionality_unlicensed;private_provider_required_for_execution,provider_boundary_route_required,FSE-P7-PROOF-00059,sblr_surface_fse_p7_execution_proof_gate,query.plan_operation_never_cluster_authority;local_query_sblr_remains_local_engine_authority,parser_emits_normalized_cluster_sblr_only;parser_execution_storage_finality_authority_forbidden,compatibility_cluster_execution_storage_transaction_finality_authority_forbidden,project/tests/compatibility_sql_parser_first_tranche/parser_remap_cluster_route_gate.py,parser_remap_cluster_route_gate,p2_cluster_route_remap_verified,row-level compatibility cluster surface remap preserves provider boundary compile policy and compatibility parser isolation;private provider implementation detail is not recorded
FPR-P2-CLUSTER-00181,cockroachdb,reference_surface:partition_distribution,reference_surface:partition_distribution,cluster.placement.validate_partition_distribution,required_new:sblr.cluster.placement.v1:cluster.placement.validate_partition_distribution,required_new:sblr.cluster.placement.v1:cluster.placement.validate_partition_distribution,docs/reference/compatibility_release_acquisition/cockroachdb/26.1.3/source/CLAUDE.md#keyword:partition,own_compatibility_surface_only,FPR-P2,not_cluster_query,cluster.validate_partition_distribution,provider_routed_public_boundary_manifested,functionality_unsupported;kClusterSupportNotEnabledCode;unsupported_feature=cluster.provider;no_provider_call;fail_closed,functionality_unlicensed;kClusterHandshakeStubCompileLinkOnlyCode;unsupported_feature=cluster.provider.stub;public_compile_link_boundary_only;no_cluster_authority_or_production_behavior,private_internal_provider_required;provider_api_boundary=cluster.validate_partition_distribution;no_private_source_or_implementation_detail,compile_flag_disabled_returns_functionality_unsupported;public_stub_enabled_returns_functionality_unlicensed;private_provider_required_for_execution,provider_boundary_route_required,FSE-P7-PROOF-00021,sblr_surface_fse_p7_execution_proof_gate,query.plan_operation_never_cluster_authority;local_query_sblr_remains_local_engine_authority,parser_emits_normalized_cluster_sblr_only;parser_execution_storage_finality_authority_forbidden,compatibility_cluster_execution_storage_transaction_finality_authority_forbidden,project/tests/compatibility_sql_parser_first_tranche/parser_remap_cluster_route_gate.py,parser_remap_cluster_route_gate,p2_cluster_route_remap_verified,row-level compatibility cluster surface remap preserves provider boundary compile policy and compatibility parser isolation;private provider implementation detail is not recorded
FPR-P2-CLUSTER-00182,cockroachdb,reference_surface:leader_election,reference_surface:leader_election,cluster.node.set_role,sblr.cluster.control.v3:cluster.node.set_role,sblr.cluster.control.v3:cluster.node.set_role,docs/reference/compatibility_release_acquisition/cockroachdb/26.1.3/source/cloud/kubernetes/prometheus/alert-rules.yaml#keyword:leader,own_compatibility_surface_only,FPR-P2,not_cluster_query,cluster.set_node_role,provider_routed_public_boundary_manifested,functionality_unsupported;kClusterSupportNotEnabledCode;unsupported_feature=cluster.provider;no_provider_call;fail_closed,functionality_unlicensed;kClusterHandshakeStubCompileLinkOnlyCode;unsupported_feature=cluster.provider.stub;public_compile_link_boundary_only;no_cluster_authority_or_production_behavior,private_internal_provider_required;provider_api_boundary=cluster.set_node_role;no_private_source_or_implementation_detail,compile_flag_disabled_returns_functionality_unsupported;public_stub_enabled_returns_functionality_unlicensed;private_provider_required_for_execution,provider_boundary_route_required,FSE-P7-PROOF-00016,sblr_surface_fse_p7_execution_proof_gate,query.plan_operation_never_cluster_authority;local_query_sblr_remains_local_engine_authority,parser_emits_normalized_cluster_sblr_only;parser_execution_storage_finality_authority_forbidden,compatibility_cluster_execution_storage_transaction_finality_authority_forbidden,project/tests/compatibility_sql_parser_first_tranche/parser_remap_cluster_route_gate.py,parser_remap_cluster_route_gate,p2_cluster_route_remap_verified,row-level compatibility cluster surface remap preserves provider boundary compile policy and compatibility parser isolation;private provider implementation detail is not recorded
FPR-P2-CLUSTER-00183,cockroachdb,reference_surface:failover_control,reference_surface:failover_control,cluster.node.admit_member,sblr.cluster.control.v3:cluster.node.admit_member,sblr.cluster.control.v3:cluster.node.admit_member,docs/reference/compatibility_release_acquisition/cockroachdb/26.1.3/source/docs/RFCS/20150731_local_intent_resolution.md#keyword:failover,own_compatibility_surface_only,FPR-P2,not_cluster_query,cluster.admit_member,provider_routed_public_boundary_manifested,functionality_unsupported;kClusterSupportNotEnabledCode;unsupported_feature=cluster.provider;no_provider_call;fail_closed,functionality_unlicensed;kClusterHandshakeStubCompileLinkOnlyCode;unsupported_feature=cluster.provider.stub;public_compile_link_boundary_only;no_cluster_authority_or_production_behavior,private_internal_provider_required;provider_api_boundary=cluster.admit_member;no_private_source_or_implementation_detail,compile_flag_disabled_returns_functionality_unsupported;public_stub_enabled_returns_functionality_unlicensed;private_provider_required_for_execution,provider_boundary_route_required,FSE-P7-PROOF-00012,sblr_surface_fse_p7_execution_proof_gate,query.plan_operation_never_cluster_authority;local_query_sblr_remains_local_engine_authority,parser_emits_normalized_cluster_sblr_only;parser_execution_storage_finality_authority_forbidden,compatibility_cluster_execution_storage_transaction_finality_authority_forbidden,project/tests/compatibility_sql_parser_first_tranche/parser_remap_cluster_route_gate.py,parser_remap_cluster_route_gate,p2_cluster_route_remap_verified,row-level compatibility cluster surface remap preserves provider boundary compile policy and compatibility parser isolation;private provider implementation detail is not recorded
FPR-P2-CLUSTER-00184,cockroachdb,reference_surface:tablet_placement,reference_surface:tablet_placement,cluster.placement.assign_tablet_range,required_new:sblr.cluster.placement.v1:cluster.placement.assign_tablet_range,required_new:sblr.cluster.placement.v1:cluster.placement.assign_tablet_range,docs/reference/compatibility_release_acquisition/cockroachdb/26.1.3/source/docs/RFCS/20191009_temp_tables.md#keyword:tablet,own_compatibility_surface_only,FPR-P2,not_cluster_query,cluster.assign_tablet_range,provider_routed_public_boundary_manifested,functionality_unsupported;kClusterSupportNotEnabledCode;unsupported_feature=cluster.provider;no_provider_call;fail_closed,functionality_unlicensed;kClusterHandshakeStubCompileLinkOnlyCode;unsupported_feature=cluster.provider.stub;public_compile_link_boundary_only;no_cluster_authority_or_production_behavior,private_internal_provider_required;provider_api_boundary=cluster.assign_tablet_range;no_private_source_or_implementation_detail,compile_flag_disabled_returns_functionality_unsupported;public_stub_enabled_returns_functionality_unlicensed;private_provider_required_for_execution,provider_boundary_route_required,FSE-P7-PROOF-00018,sblr_surface_fse_p7_execution_proof_gate,query.plan_operation_never_cluster_authority;local_query_sblr_remains_local_engine_authority,parser_emits_normalized_cluster_sblr_only;parser_execution_storage_finality_authority_forbidden,compatibility_cluster_execution_storage_transaction_finality_authority_forbidden,project/tests/compatibility_sql_parser_first_tranche/parser_remap_cluster_route_gate.py,parser_remap_cluster_route_gate,p2_cluster_route_remap_verified,row-level compatibility cluster surface remap preserves provider boundary compile policy and compatibility parser isolation;private provider implementation detail is not recorded
FPR-P2-CLUSTER-00185,dolt,reference_surface:cluster_topology_or_control,reference_surface:cluster_topology_or_control,cluster.job.start_controlled,sblr.cluster.control.v3:cluster.job.start_controlled,sblr.cluster.control.v3:cluster.job.start_controlled,docs/reference/compatibility-engines/dolt/capability-summary.md#keyword:cluster,own_compatibility_surface_only,FPR-P2,not_cluster_query,cluster.start_job,provider_routed_public_boundary_manifested,functionality_unsupported;kClusterSupportNotEnabledCode;unsupported_feature=cluster.provider;no_provider_call;fail_closed,functionality_unlicensed;kClusterHandshakeStubCompileLinkOnlyCode;unsupported_feature=cluster.provider.stub;public_compile_link_boundary_only;no_cluster_authority_or_production_behavior,private_internal_provider_required;provider_api_boundary=cluster.start_job;no_private_source_or_implementation_detail,compile_flag_disabled_returns_functionality_unsupported;public_stub_enabled_returns_functionality_unlicensed;private_provider_required_for_execution,provider_boundary_route_required,FSE-P7-PROOF-00005,sblr_surface_fse_p7_execution_proof_gate,query.plan_operation_never_cluster_authority;local_query_sblr_remains_local_engine_authority,parser_emits_normalized_cluster_sblr_only;parser_execution_storage_finality_authority_forbidden,compatibility_cluster_execution_storage_transaction_finality_authority_forbidden,project/tests/compatibility_sql_parser_first_tranche/parser_remap_cluster_route_gate.py,parser_remap_cluster_route_gate,p2_cluster_route_remap_verified,row-level compatibility cluster surface remap preserves provider boundary compile policy and compatibility parser isolation;private provider implementation detail is not recorded
FPR-P2-CLUSTER-00186,dolt,reference_surface:cdc_stream,reference_surface:cdc_stream,cluster.metrics.emit_event,sblr.cluster.report.v3:cluster.metrics.emit_event,sblr.cluster.report.v3:cluster.metrics.emit_event,docs/reference/compatibility_catalog_seeds/dolt/dolt_beta2_full_seed_manifest.yaml#keyword:cdc,own_compatibility_surface_only,FPR-P2,not_cluster_query,cluster.emit_event,provider_routed_public_boundary_manifested,functionality_unsupported;kClusterSupportNotEnabledCode;unsupported_feature=cluster.provider;no_provider_call;fail_closed,functionality_unlicensed;kClusterHandshakeStubCompileLinkOnlyCode;unsupported_feature=cluster.provider.stub;public_compile_link_boundary_only;no_cluster_authority_or_production_behavior,private_internal_provider_required;provider_api_boundary=cluster.emit_event;no_private_source_or_implementation_detail,compile_flag_disabled_returns_functionality_unsupported;public_stub_enabled_returns_functionality_unlicensed;private_provider_required_for_execution,provider_boundary_route_required,FSE-P7-PROOF-00008,sblr_surface_fse_p7_execution_proof_gate,query.plan_operation_never_cluster_authority;local_query_sblr_remains_local_engine_authority,parser_emits_normalized_cluster_sblr_only;parser_execution_storage_finality_authority_forbidden,compatibility_cluster_execution_storage_transaction_finality_authority_forbidden,project/tests/compatibility_sql_parser_first_tranche/parser_remap_cluster_route_gate.py,parser_remap_cluster_route_gate,p2_cluster_route_remap_verified,row-level compatibility cluster surface remap preserves provider boundary compile policy and compatibility parser isolation;private provider implementation detail is not recorded
FPR-P2-CLUSTER-00187,dolt,reference_surface:distributed_execution_or_control,reference_surface:distributed_execution_or_control,cluster.query.plan_distributed,required_new:sblr.cluster.query.v1:cluster.query.plan_distributed,required_new:sblr.cluster.query.v1:cluster.query.plan_distributed,docs/reference/compatibility_release_acquisition/dolt/1.86.6/regression/SOURCE_POINTERS.md#keyword:distributed,own_compatibility_surface_only,FPR-P2,cross_node_distributed_cluster_authority_not_local_query,cluster.query.plan_distributed,provider_routed_public_boundary_manifested,functionality_unsupported;kClusterSupportNotEnabledCode;unsupported_feature=cluster.provider;no_provider_call;fail_closed,functionality_unlicensed;kClusterHandshakeStubCompileLinkOnlyCode;unsupported_feature=cluster.provider.stub;public_compile_link_boundary_only;no_cluster_authority_or_production_behavior,private_internal_provider_required;provider_api_boundary=cluster.query.plan_distributed;no_private_source_or_implementation_detail,compile_flag_disabled_returns_functionality_unsupported;public_stub_enabled_returns_functionality_unlicensed;private_provider_required_for_execution,provider_boundary_route_required,FSE-P7-PROOF-00027,sblr_surface_fse_p7_execution_proof_gate,cluster_query_requires_provider_boundary;query.plan_operation_never_cluster_authority;local_query_sblr_remains_local_engine_authority,parser_emits_normalized_cluster_sblr_only;parser_execution_storage_finality_authority_forbidden,compatibility_cluster_execution_storage_transaction_finality_authority_forbidden,project/tests/compatibility_sql_parser_first_tranche/parser_remap_cluster_route_gate.py,parser_remap_cluster_route_gate,p2_cluster_route_remap_verified,row-level compatibility cluster surface remap preserves provider boundary compile policy and compatibility parser isolation;private provider implementation detail is not recorded
FPR-P2-CLUSTER-00188,dolt,reference_surface:range_placement,reference_surface:range_placement,cluster.placement.assign_tablet_range,required_new:sblr.cluster.placement.v1:cluster.placement.assign_tablet_range,required_new:sblr.cluster.placement.v1:cluster.placement.assign_tablet_range,docs/reference/compatibility_release_acquisition/dolt/1.86.6/regression/SOURCE_POINTERS.md#keyword:range,own_compatibility_surface_only,FPR-P2,not_cluster_query,cluster.assign_tablet_range,provider_routed_public_boundary_manifested,functionality_unsupported;kClusterSupportNotEnabledCode;unsupported_feature=cluster.provider;no_provider_call;fail_closed,functionality_unlicensed;kClusterHandshakeStubCompileLinkOnlyCode;unsupported_feature=cluster.provider.stub;public_compile_link_boundary_only;no_cluster_authority_or_production_behavior,private_internal_provider_required;provider_api_boundary=cluster.assign_tablet_range;no_private_source_or_implementation_detail,compile_flag_disabled_returns_functionality_unsupported;public_stub_enabled_returns_functionality_unlicensed;private_provider_required_for_execution,provider_boundary_route_required,FSE-P7-PROOF-00018,sblr_surface_fse_p7_execution_proof_gate,query.plan_operation_never_cluster_authority;local_query_sblr_remains_local_engine_authority,parser_emits_normalized_cluster_sblr_only;parser_execution_storage_finality_authority_forbidden,compatibility_cluster_execution_storage_transaction_finality_authority_forbidden,project/tests/compatibility_sql_parser_first_tranche/parser_remap_cluster_route_gate.py,parser_remap_cluster_route_gate,p2_cluster_route_remap_verified,row-level compatibility cluster surface remap preserves provider boundary compile policy and compatibility parser isolation;private provider implementation detail is not recorded
FPR-P2-CLUSTER-00189,dolt,reference_surface:raft_consensus,reference_surface:raft_consensus,cluster.tx.validate_finality_proof,required_new:sblr.cluster.transaction.v1:cluster.tx.validate_finality_proof,required_new:sblr.cluster.transaction.v1:cluster.tx.validate_finality_proof,docs/reference/compatibility_release_acquisition/dolt/1.86.6/source/.github/workflows/cd-push-docker-image.yaml#keyword:raft,own_compatibility_surface_only,FPR-P2,not_cluster_query,cluster.validate_finality_proof,provider_routed_public_boundary_manifested,functionality_unsupported;kClusterSupportNotEnabledCode;unsupported_feature=cluster.provider;no_provider_call;fail_closed,functionality_unlicensed;kClusterHandshakeStubCompileLinkOnlyCode;unsupported_feature=cluster.provider.stub;public_compile_link_boundary_only;no_cluster_authority_or_production_behavior,private_internal_provider_required;provider_api_boundary=cluster.validate_finality_proof;no_private_source_or_implementation_detail,compile_flag_disabled_returns_functionality_unsupported;public_stub_enabled_returns_functionality_unlicensed;private_provider_required_for_execution,provider_boundary_route_required,FSE-P7-PROOF-00059,sblr_surface_fse_p7_execution_proof_gate,query.plan_operation_never_cluster_authority;local_query_sblr_remains_local_engine_authority,parser_emits_normalized_cluster_sblr_only;parser_execution_storage_finality_authority_forbidden,compatibility_cluster_execution_storage_transaction_finality_authority_forbidden,project/tests/compatibility_sql_parser_first_tranche/parser_remap_cluster_route_gate.py,parser_remap_cluster_route_gate,p2_cluster_route_remap_verified,row-level compatibility cluster surface remap preserves provider boundary compile policy and compatibility parser isolation;private provider implementation detail is not recorded
FPR-P2-CLUSTER-00190,dolt,reference_surface:replication_control,reference_surface:replication_control,cluster.replication.consume_cluster_event,sblr.replication.consumer.v3:cluster.replication.consume_cluster_event,sblr.replication.consumer.v3:cluster.replication.consume_cluster_event,docs/reference/compatibility_release_acquisition/dolt/1.86.6/source/.github/workflows/ci-binlog-tests.yaml#keyword:replication,own_compatibility_surface_only,FPR-P2,not_cluster_query,cluster.inspect_replication,provider_routed_public_boundary_manifested,functionality_unsupported;kClusterSupportNotEnabledCode;unsupported_feature=cluster.provider;no_provider_call;fail_closed,functionality_unlicensed;kClusterHandshakeStubCompileLinkOnlyCode;unsupported_feature=cluster.provider.stub;public_compile_link_boundary_only;no_cluster_authority_or_production_behavior,private_internal_provider_required;provider_api_boundary=cluster.inspect_replication;no_private_source_or_implementation_detail,compile_flag_disabled_returns_functionality_unsupported;public_stub_enabled_returns_functionality_unlicensed;private_provider_required_for_execution,provider_boundary_route_required,FSE-P7-PROOF-00036,sblr_surface_fse_p7_execution_proof_gate,query.plan_operation_never_cluster_authority;local_query_sblr_remains_local_engine_authority,parser_emits_normalized_cluster_sblr_only;parser_execution_storage_finality_authority_forbidden,compatibility_cluster_execution_storage_transaction_finality_authority_forbidden,project/tests/compatibility_sql_parser_first_tranche/parser_remap_cluster_route_gate.py,parser_remap_cluster_route_gate,p2_cluster_route_remap_verified,row-level compatibility cluster surface remap preserves provider boundary compile policy and compatibility parser isolation;private provider implementation detail is not recorded
FPR-P2-CLUSTER-00191,dolt,reference_surface:replica_control,reference_surface:replica_control,cluster.tx.begin_distributed,required_new:sblr.cluster.transaction.v1:cluster.tx.begin_distributed,required_new:sblr.cluster.transaction.v1:cluster.tx.begin_distributed,docs/reference/compatibility_release_acquisition/dolt/1.86.6/source/.github/workflows/ci-binlog-tests.yaml#keyword:replica,own_compatibility_surface_only,FPR-P2,not_cluster_query,cluster.begin_distributed_transaction,provider_routed_public_boundary_manifested,functionality_unsupported;kClusterSupportNotEnabledCode;unsupported_feature=cluster.provider;no_provider_call;fail_closed,functionality_unlicensed;kClusterHandshakeStubCompileLinkOnlyCode;unsupported_feature=cluster.provider.stub;public_compile_link_boundary_only;no_cluster_authority_or_production_behavior,private_internal_provider_required;provider_api_boundary=cluster.begin_distributed_transaction;no_private_source_or_implementation_detail,compile_flag_disabled_returns_functionality_unsupported;public_stub_enabled_returns_functionality_unlicensed;private_provider_required_for_execution,provider_boundary_route_required,FSE-P7-PROOF-00054,sblr_surface_fse_p7_execution_proof_gate,query.plan_operation_never_cluster_authority;local_query_sblr_remains_local_engine_authority,parser_emits_normalized_cluster_sblr_only;parser_execution_storage_finality_authority_forbidden,compatibility_cluster_execution_storage_transaction_finality_authority_forbidden,project/tests/compatibility_sql_parser_first_tranche/parser_remap_cluster_route_gate.py,parser_remap_cluster_route_gate,p2_cluster_route_remap_verified,row-level compatibility cluster surface remap preserves provider boundary compile policy and compatibility parser isolation;private provider implementation detail is not recorded
FPR-P2-CLUSTER-00192,dolt,reference_surface:partition_distribution,reference_surface:partition_distribution,cluster.placement.validate_partition_distribution,required_new:sblr.cluster.placement.v1:cluster.placement.validate_partition_distribution,required_new:sblr.cluster.placement.v1:cluster.placement.validate_partition_distribution,docs/reference/compatibility_release_acquisition/dolt/1.86.6/source/go/store/nbs/NBS-on-AWS.md#keyword:partition,own_compatibility_surface_only,FPR-P2,not_cluster_query,cluster.validate_partition_distribution,provider_routed_public_boundary_manifested,functionality_unsupported;kClusterSupportNotEnabledCode;unsupported_feature=cluster.provider;no_provider_call;fail_closed,functionality_unlicensed;kClusterHandshakeStubCompileLinkOnlyCode;unsupported_feature=cluster.provider.stub;public_compile_link_boundary_only;no_cluster_authority_or_production_behavior,private_internal_provider_required;provider_api_boundary=cluster.validate_partition_distribution;no_private_source_or_implementation_detail,compile_flag_disabled_returns_functionality_unsupported;public_stub_enabled_returns_functionality_unlicensed;private_provider_required_for_execution,provider_boundary_route_required,FSE-P7-PROOF-00021,sblr_surface_fse_p7_execution_proof_gate,query.plan_operation_never_cluster_authority;local_query_sblr_remains_local_engine_authority,parser_emits_normalized_cluster_sblr_only;parser_execution_storage_finality_authority_forbidden,compatibility_cluster_execution_storage_transaction_finality_authority_forbidden,project/tests/compatibility_sql_parser_first_tranche/parser_remap_cluster_route_gate.py,parser_remap_cluster_route_gate,p2_cluster_route_remap_verified,row-level compatibility cluster surface remap preserves provider boundary compile policy and compatibility parser isolation;private provider implementation detail is not recorded
FPR-P2-CLUSTER-00193,dolt,reference_surface:failover_control,reference_surface:failover_control,cluster.node.admit_member,sblr.cluster.control.v3:cluster.node.admit_member,sblr.cluster.control.v3:cluster.node.admit_member,docs/reference/compatibility_release_acquisition/dolt/1.86.6/source/integration-tests/go-sql-server-driver/tests/sql-server-cluster-tls.yaml#keyword:failover,own_compatibility_surface_only,FPR-P2,not_cluster_query,cluster.admit_member,provider_routed_public_boundary_manifested,functionality_unsupported;kClusterSupportNotEnabledCode;unsupported_feature=cluster.provider;no_provider_call;fail_closed,functionality_unlicensed;kClusterHandshakeStubCompileLinkOnlyCode;unsupported_feature=cluster.provider.stub;public_compile_link_boundary_only;no_cluster_authority_or_production_behavior,private_internal_provider_required;provider_api_boundary=cluster.admit_member;no_private_source_or_implementation_detail,compile_flag_disabled_returns_functionality_unsupported;public_stub_enabled_returns_functionality_unlicensed;private_provider_required_for_execution,provider_boundary_route_required,FSE-P7-PROOF-00012,sblr_surface_fse_p7_execution_proof_gate,query.plan_operation_never_cluster_authority;local_query_sblr_remains_local_engine_authority,parser_emits_normalized_cluster_sblr_only;parser_execution_storage_finality_authority_forbidden,compatibility_cluster_execution_storage_transaction_finality_authority_forbidden,project/tests/compatibility_sql_parser_first_tranche/parser_remap_cluster_route_gate.py,parser_remap_cluster_route_gate,p2_cluster_route_remap_verified,row-level compatibility cluster surface remap preserves provider boundary compile policy and compatibility parser isolation;private provider implementation detail is not recorded
FPR-P2-CLUSTER-00194,dolt,reference_surface:placement_policy,reference_surface:placement_policy,cluster.security.validate_policy_version,required_new:sblr.cluster.security.v1:cluster.security.validate_policy_version,required_new:sblr.cluster.security.v1:cluster.security.validate_policy_version,docs/reference/compatibility_release_acquisition/dolt/1.86.6/source/integration-tests/orm-tests/README.md#keyword:placement,own_compatibility_surface_only,FPR-P2,not_cluster_query,cluster.validate_policy_version,provider_routed_public_boundary_manifested,functionality_unsupported;kClusterSupportNotEnabledCode;unsupported_feature=cluster.provider;no_provider_call;fail_closed,functionality_unlicensed;kClusterHandshakeStubCompileLinkOnlyCode;unsupported_feature=cluster.provider.stub;public_compile_link_boundary_only;no_cluster_authority_or_production_behavior,private_internal_provider_required;provider_api_boundary=cluster.validate_policy_version;no_private_source_or_implementation_detail,compile_flag_disabled_returns_functionality_unsupported;public_stub_enabled_returns_functionality_unlicensed;private_provider_required_for_execution,provider_boundary_route_required,FSE-P7-PROOF-00045,sblr_surface_fse_p7_execution_proof_gate,query.plan_operation_never_cluster_authority;local_query_sblr_remains_local_engine_authority,parser_emits_normalized_cluster_sblr_only;parser_execution_storage_finality_authority_forbidden,compatibility_cluster_execution_storage_transaction_finality_authority_forbidden,project/tests/compatibility_sql_parser_first_tranche/parser_remap_cluster_route_gate.py,parser_remap_cluster_route_gate,p2_cluster_route_remap_verified,row-level compatibility cluster surface remap preserves provider boundary compile policy and compatibility parser isolation;private provider implementation detail is not recorded
FPR-P2-CLUSTER-00195,duckdb,reference_surface:cluster_topology_or_control,reference_surface:cluster_topology_or_control,cluster.job.start_controlled,sblr.cluster.control.v3:cluster.job.start_controlled,sblr.cluster.control.v3:cluster.job.start_controlled,docs/reference/compatibility_catalog_seeds/duckdb/duckdb_1_beta2_full_seed_manifest.yaml#keyword:cluster,own_compatibility_surface_only,FPR-P2,not_cluster_query,cluster.start_job,provider_routed_public_boundary_manifested,functionality_unsupported;kClusterSupportNotEnabledCode;unsupported_feature=cluster.provider;no_provider_call;fail_closed,functionality_unlicensed;kClusterHandshakeStubCompileLinkOnlyCode;unsupported_feature=cluster.provider.stub;public_compile_link_boundary_only;no_cluster_authority_or_production_behavior,private_internal_provider_required;provider_api_boundary=cluster.start_job;no_private_source_or_implementation_detail,compile_flag_disabled_returns_functionality_unsupported;public_stub_enabled_returns_functionality_unlicensed;private_provider_required_for_execution,provider_boundary_route_required,FSE-P7-PROOF-00005,sblr_surface_fse_p7_execution_proof_gate,query.plan_operation_never_cluster_authority;local_query_sblr_remains_local_engine_authority,parser_emits_normalized_cluster_sblr_only;parser_execution_storage_finality_authority_forbidden,compatibility_cluster_execution_storage_transaction_finality_authority_forbidden,project/tests/compatibility_sql_parser_first_tranche/parser_remap_cluster_route_gate.py,parser_remap_cluster_route_gate,p2_cluster_route_remap_verified,row-level compatibility cluster surface remap preserves provider boundary compile policy and compatibility parser isolation;private provider implementation detail is not recorded
FPR-P2-CLUSTER-00196,duckdb,reference_surface:replication_control,reference_surface:replication_control,cluster.replication.consume_cluster_event,sblr.replication.consumer.v3:cluster.replication.consume_cluster_event,sblr.replication.consumer.v3:cluster.replication.consume_cluster_event,docs/reference/compatibility_catalog_seeds/duckdb/duckdb_1_beta2_full_seed_manifest.yaml#keyword:replication,own_compatibility_surface_only,FPR-P2,not_cluster_query,cluster.inspect_replication,provider_routed_public_boundary_manifested,functionality_unsupported;kClusterSupportNotEnabledCode;unsupported_feature=cluster.provider;no_provider_call;fail_closed,functionality_unlicensed;kClusterHandshakeStubCompileLinkOnlyCode;unsupported_feature=cluster.provider.stub;public_compile_link_boundary_only;no_cluster_authority_or_production_behavior,private_internal_provider_required;provider_api_boundary=cluster.inspect_replication;no_private_source_or_implementation_detail,compile_flag_disabled_returns_functionality_unsupported;public_stub_enabled_returns_functionality_unlicensed;private_provider_required_for_execution,provider_boundary_route_required,FSE-P7-PROOF-00036,sblr_surface_fse_p7_execution_proof_gate,query.plan_operation_never_cluster_authority;local_query_sblr_remains_local_engine_authority,parser_emits_normalized_cluster_sblr_only;parser_execution_storage_finality_authority_forbidden,compatibility_cluster_execution_storage_transaction_finality_authority_forbidden,project/tests/compatibility_sql_parser_first_tranche/parser_remap_cluster_route_gate.py,parser_remap_cluster_route_gate,p2_cluster_route_remap_verified,row-level compatibility cluster surface remap preserves provider boundary compile policy and compatibility parser isolation;private provider implementation detail is not recorded
FPR-P2-CLUSTER-00197,duckdb,reference_surface:cdc_stream,reference_surface:cdc_stream,cluster.metrics.emit_event,sblr.cluster.report.v3:cluster.metrics.emit_event,sblr.cluster.report.v3:cluster.metrics.emit_event,docs/reference/compatibility_catalog_seeds/duckdb/duckdb_1_beta2_full_seed_manifest.yaml#keyword:cdc,own_compatibility_surface_only,FPR-P2,not_cluster_query,cluster.emit_event,provider_routed_public_boundary_manifested,functionality_unsupported;kClusterSupportNotEnabledCode;unsupported_feature=cluster.provider;no_provider_call;fail_closed,functionality_unlicensed;kClusterHandshakeStubCompileLinkOnlyCode;unsupported_feature=cluster.provider.stub;public_compile_link_boundary_only;no_cluster_authority_or_production_behavior,private_internal_provider_required;provider_api_boundary=cluster.emit_event;no_private_source_or_implementation_detail,compile_flag_disabled_returns_functionality_unsupported;public_stub_enabled_returns_functionality_unlicensed;private_provider_required_for_execution,provider_boundary_route_required,FSE-P7-PROOF-00008,sblr_surface_fse_p7_execution_proof_gate,query.plan_operation_never_cluster_authority;local_query_sblr_remains_local_engine_authority,parser_emits_normalized_cluster_sblr_only;parser_execution_storage_finality_authority_forbidden,compatibility_cluster_execution_storage_transaction_finality_authority_forbidden,project/tests/compatibility_sql_parser_first_tranche/parser_remap_cluster_route_gate.py,parser_remap_cluster_route_gate,p2_cluster_route_remap_verified,row-level compatibility cluster surface remap preserves provider boundary compile policy and compatibility parser isolation;private provider implementation detail is not recorded
FPR-P2-CLUSTER-00198,duckdb,reference_surface:placement_policy,reference_surface:placement_policy,cluster.security.validate_policy_version,required_new:sblr.cluster.security.v1:cluster.security.validate_policy_version,required_new:sblr.cluster.security.v1:cluster.security.validate_policy_version,docs/reference/compatibility_catalog_seeds/duckdb/duckdb_1_beta2_full_seed_manifest.yaml#keyword:placement,own_compatibility_surface_only,FPR-P2,not_cluster_query,cluster.validate_policy_version,provider_routed_public_boundary_manifested,functionality_unsupported;kClusterSupportNotEnabledCode;unsupported_feature=cluster.provider;no_provider_call;fail_closed,functionality_unlicensed;kClusterHandshakeStubCompileLinkOnlyCode;unsupported_feature=cluster.provider.stub;public_compile_link_boundary_only;no_cluster_authority_or_production_behavior,private_internal_provider_required;provider_api_boundary=cluster.validate_policy_version;no_private_source_or_implementation_detail,compile_flag_disabled_returns_functionality_unsupported;public_stub_enabled_returns_functionality_unlicensed;private_provider_required_for_execution,provider_boundary_route_required,FSE-P7-PROOF-00045,sblr_surface_fse_p7_execution_proof_gate,query.plan_operation_never_cluster_authority;local_query_sblr_remains_local_engine_authority,parser_emits_normalized_cluster_sblr_only;parser_execution_storage_finality_authority_forbidden,compatibility_cluster_execution_storage_transaction_finality_authority_forbidden,project/tests/compatibility_sql_parser_first_tranche/parser_remap_cluster_route_gate.py,parser_remap_cluster_route_gate,p2_cluster_route_remap_verified,row-level compatibility cluster surface remap preserves provider boundary compile policy and compatibility parser isolation;private provider implementation detail is not recorded
FPR-P2-CLUSTER-00199,duckdb,reference_surface:replica_control,reference_surface:replica_control,cluster.tx.begin_distributed,required_new:sblr.cluster.transaction.v1:cluster.tx.begin_distributed,required_new:sblr.cluster.transaction.v1:cluster.tx.begin_distributed,docs/reference/compatibility_catalog_seeds/duckdb/duckdb_1_beta2_full_seed_manifest.yaml#keyword:replica,own_compatibility_surface_only,FPR-P2,not_cluster_query,cluster.begin_distributed_transaction,provider_routed_public_boundary_manifested,functionality_unsupported;kClusterSupportNotEnabledCode;unsupported_feature=cluster.provider;no_provider_call;fail_closed,functionality_unlicensed;kClusterHandshakeStubCompileLinkOnlyCode;unsupported_feature=cluster.provider.stub;public_compile_link_boundary_only;no_cluster_authority_or_production_behavior,private_internal_provider_required;provider_api_boundary=cluster.begin_distributed_transaction;no_private_source_or_implementation_detail,compile_flag_disabled_returns_functionality_unsupported;public_stub_enabled_returns_functionality_unlicensed;private_provider_required_for_execution,provider_boundary_route_required,FSE-P7-PROOF-00054,sblr_surface_fse_p7_execution_proof_gate,query.plan_operation_never_cluster_authority;local_query_sblr_remains_local_engine_authority,parser_emits_normalized_cluster_sblr_only;parser_execution_storage_finality_authority_forbidden,compatibility_cluster_execution_storage_transaction_finality_authority_forbidden,project/tests/compatibility_sql_parser_first_tranche/parser_remap_cluster_route_gate.py,parser_remap_cluster_route_gate,p2_cluster_route_remap_verified,row-level compatibility cluster surface remap preserves provider boundary compile policy and compatibility parser isolation;private provider implementation detail is not recorded
FPR-P2-CLUSTER-00200,duckdb,reference_surface:range_placement,reference_surface:range_placement,cluster.placement.assign_tablet_range,required_new:sblr.cluster.placement.v1:cluster.placement.assign_tablet_range,required_new:sblr.cluster.placement.v1:cluster.placement.assign_tablet_range,docs/reference/compatibility_release_acquisition/duckdb/1.5.2/source/.codecov.yml#keyword:range,own_compatibility_surface_only,FPR-P2,not_cluster_query,cluster.assign_tablet_range,provider_routed_public_boundary_manifested,functionality_unsupported;kClusterSupportNotEnabledCode;unsupported_feature=cluster.provider;no_provider_call;fail_closed,functionality_unlicensed;kClusterHandshakeStubCompileLinkOnlyCode;unsupported_feature=cluster.provider.stub;public_compile_link_boundary_only;no_cluster_authority_or_production_behavior,private_internal_provider_required;provider_api_boundary=cluster.assign_tablet_range;no_private_source_or_implementation_detail,compile_flag_disabled_returns_functionality_unsupported;public_stub_enabled_returns_functionality_unlicensed;private_provider_required_for_execution,provider_boundary_route_required,FSE-P7-PROOF-00018,sblr_surface_fse_p7_execution_proof_gate,query.plan_operation_never_cluster_authority;local_query_sblr_remains_local_engine_authority,parser_emits_normalized_cluster_sblr_only;parser_execution_storage_finality_authority_forbidden,compatibility_cluster_execution_storage_transaction_finality_authority_forbidden,project/tests/compatibility_sql_parser_first_tranche/parser_remap_cluster_route_gate.py,parser_remap_cluster_route_gate,p2_cluster_route_remap_verified,row-level compatibility cluster surface remap preserves provider boundary compile policy and compatibility parser isolation;private provider implementation detail is not recorded
FPR-P2-CLUSTER-00201,duckdb,reference_surface:partition_distribution,reference_surface:partition_distribution,cluster.placement.validate_partition_distribution,required_new:sblr.cluster.placement.v1:cluster.placement.validate_partition_distribution,required_new:sblr.cluster.placement.v1:cluster.placement.validate_partition_distribution,docs/reference/compatibility_release_acquisition/duckdb/1.5.2/source/.github/regression/micro.csv#keyword:partition,own_compatibility_surface_only,FPR-P2,not_cluster_query,cluster.validate_partition_distribution,provider_routed_public_boundary_manifested,functionality_unsupported;kClusterSupportNotEnabledCode;unsupported_feature=cluster.provider;no_provider_call;fail_closed,functionality_unlicensed;kClusterHandshakeStubCompileLinkOnlyCode;unsupported_feature=cluster.provider.stub;public_compile_link_boundary_only;no_cluster_authority_or_production_behavior,private_internal_provider_required;provider_api_boundary=cluster.validate_partition_distribution;no_private_source_or_implementation_detail,compile_flag_disabled_returns_functionality_unsupported;public_stub_enabled_returns_functionality_unlicensed;private_provider_required_for_execution,provider_boundary_route_required,FSE-P7-PROOF-00021,sblr_surface_fse_p7_execution_proof_gate,query.plan_operation_never_cluster_authority;local_query_sblr_remains_local_engine_authority,parser_emits_normalized_cluster_sblr_only;parser_execution_storage_finality_authority_forbidden,compatibility_cluster_execution_storage_transaction_finality_authority_forbidden,project/tests/compatibility_sql_parser_first_tranche/parser_remap_cluster_route_gate.py,parser_remap_cluster_route_gate,p2_cluster_route_remap_verified,row-level compatibility cluster surface remap preserves provider boundary compile policy and compatibility parser isolation;private provider implementation detail is not recorded
FPR-P2-CLUSTER-00202,duckdb,reference_surface:raft_consensus,reference_surface:raft_consensus,cluster.tx.validate_finality_proof,required_new:sblr.cluster.transaction.v1:cluster.tx.validate_finality_proof,required_new:sblr.cluster.transaction.v1:cluster.tx.validate_finality_proof,docs/reference/compatibility_release_acquisition/duckdb/1.5.2/source/.github/workflows/CodeQuality.yml#keyword:raft,own_compatibility_surface_only,FPR-P2,not_cluster_query,cluster.validate_finality_proof,provider_routed_public_boundary_manifested,functionality_unsupported;kClusterSupportNotEnabledCode;unsupported_feature=cluster.provider;no_provider_call;fail_closed,functionality_unlicensed;kClusterHandshakeStubCompileLinkOnlyCode;unsupported_feature=cluster.provider.stub;public_compile_link_boundary_only;no_cluster_authority_or_production_behavior,private_internal_provider_required;provider_api_boundary=cluster.validate_finality_proof;no_private_source_or_implementation_detail,compile_flag_disabled_returns_functionality_unsupported;public_stub_enabled_returns_functionality_unlicensed;private_provider_required_for_execution,provider_boundary_route_required,FSE-P7-PROOF-00059,sblr_surface_fse_p7_execution_proof_gate,query.plan_operation_never_cluster_authority;local_query_sblr_remains_local_engine_authority,parser_emits_normalized_cluster_sblr_only;parser_execution_storage_finality_authority_forbidden,compatibility_cluster_execution_storage_transaction_finality_authority_forbidden,project/tests/compatibility_sql_parser_first_tranche/parser_remap_cluster_route_gate.py,parser_remap_cluster_route_gate,p2_cluster_route_remap_verified,row-level compatibility cluster surface remap preserves provider boundary compile policy and compatibility parser isolation;private provider implementation detail is not recorded
FPR-P2-CLUSTER-00203,duckdb,reference_surface:leader_election,reference_surface:leader_election,cluster.node.set_role,sblr.cluster.control.v3:cluster.node.set_role,sblr.cluster.control.v3:cluster.node.set_role,docs/reference/compatibility_release_acquisition/duckdb/1.5.2/source/benchmark/imdb/answers/08c.csv#keyword:leader,own_compatibility_surface_only,FPR-P2,not_cluster_query,cluster.set_node_role,provider_routed_public_boundary_manifested,functionality_unsupported;kClusterSupportNotEnabledCode;unsupported_feature=cluster.provider;no_provider_call;fail_closed,functionality_unlicensed;kClusterHandshakeStubCompileLinkOnlyCode;unsupported_feature=cluster.provider.stub;public_compile_link_boundary_only;no_cluster_authority_or_production_behavior,private_internal_provider_required;provider_api_boundary=cluster.set_node_role;no_private_source_or_implementation_detail,compile_flag_disabled_returns_functionality_unsupported;public_stub_enabled_returns_functionality_unlicensed;private_provider_required_for_execution,provider_boundary_route_required,FSE-P7-PROOF-00016,sblr_surface_fse_p7_execution_proof_gate,query.plan_operation_never_cluster_authority;local_query_sblr_remains_local_engine_authority,parser_emits_normalized_cluster_sblr_only;parser_execution_storage_finality_authority_forbidden,compatibility_cluster_execution_storage_transaction_finality_authority_forbidden,project/tests/compatibility_sql_parser_first_tranche/parser_remap_cluster_route_gate.py,parser_remap_cluster_route_gate,p2_cluster_route_remap_verified,row-level compatibility cluster surface remap preserves provider boundary compile policy and compatibility parser isolation;private provider implementation detail is not recorded
FPR-P2-CLUSTER-00204,duckdb,reference_surface:tablet_placement,reference_surface:tablet_placement,cluster.placement.assign_tablet_range,required_new:sblr.cluster.placement.v1:cluster.placement.assign_tablet_range,required_new:sblr.cluster.placement.v1:cluster.placement.assign_tablet_range,docs/reference/compatibility_release_acquisition/duckdb/1.5.2/source/data/csv/drug_exposure.csv#keyword:tablet,own_compatibility_surface_only,FPR-P2,not_cluster_query,cluster.assign_tablet_range,provider_routed_public_boundary_manifested,functionality_unsupported;kClusterSupportNotEnabledCode;unsupported_feature=cluster.provider;no_provider_call;fail_closed,functionality_unlicensed;kClusterHandshakeStubCompileLinkOnlyCode;unsupported_feature=cluster.provider.stub;public_compile_link_boundary_only;no_cluster_authority_or_production_behavior,private_internal_provider_required;provider_api_boundary=cluster.assign_tablet_range;no_private_source_or_implementation_detail,compile_flag_disabled_returns_functionality_unsupported;public_stub_enabled_returns_functionality_unlicensed;private_provider_required_for_execution,provider_boundary_route_required,FSE-P7-PROOF-00018,sblr_surface_fse_p7_execution_proof_gate,query.plan_operation_never_cluster_authority;local_query_sblr_remains_local_engine_authority,parser_emits_normalized_cluster_sblr_only;parser_execution_storage_finality_authority_forbidden,compatibility_cluster_execution_storage_transaction_finality_authority_forbidden,project/tests/compatibility_sql_parser_first_tranche/parser_remap_cluster_route_gate.py,parser_remap_cluster_route_gate,p2_cluster_route_remap_verified,row-level compatibility cluster surface remap preserves provider boundary compile policy and compatibility parser isolation;private provider implementation detail is not recorded
FPR-P2-CLUSTER-00205,duckdb,reference_surface:shard_placement,reference_surface:shard_placement,cluster.placement.assign_tablet_range,required_new:sblr.cluster.placement.v1:cluster.placement.assign_tablet_range,required_new:sblr.cluster.placement.v1:cluster.placement.assign_tablet_range,docs/reference/compatibility_release_acquisition/duckdb/1.5.2/source/data/csv/real/imdb_movie_info_escaped.csv#keyword:shard,own_compatibility_surface_only,FPR-P2,not_cluster_query,cluster.assign_tablet_range,provider_routed_public_boundary_manifested,functionality_unsupported;kClusterSupportNotEnabledCode;unsupported_feature=cluster.provider;no_provider_call;fail_closed,functionality_unlicensed;kClusterHandshakeStubCompileLinkOnlyCode;unsupported_feature=cluster.provider.stub;public_compile_link_boundary_only;no_cluster_authority_or_production_behavior,private_internal_provider_required;provider_api_boundary=cluster.assign_tablet_range;no_private_source_or_implementation_detail,compile_flag_disabled_returns_functionality_unsupported;public_stub_enabled_returns_functionality_unlicensed;private_provider_required_for_execution,provider_boundary_route_required,FSE-P7-PROOF-00018,sblr_surface_fse_p7_execution_proof_gate,query.plan_operation_never_cluster_authority;local_query_sblr_remains_local_engine_authority,parser_emits_normalized_cluster_sblr_only;parser_execution_storage_finality_authority_forbidden,compatibility_cluster_execution_storage_transaction_finality_authority_forbidden,project/tests/compatibility_sql_parser_first_tranche/parser_remap_cluster_route_gate.py,parser_remap_cluster_route_gate,p2_cluster_route_remap_verified,row-level compatibility cluster surface remap preserves provider boundary compile policy and compatibility parser isolation;private provider implementation detail is not recorded
FPR-P2-CLUSTER-00206,duckdb,reference_surface:distributed_execution_or_control,reference_surface:distributed_execution_or_control,cluster.query.plan_distributed,required_new:sblr.cluster.query.v1:cluster.query.plan_distributed,required_new:sblr.cluster.query.v1:cluster.query.plan_distributed,docs/reference/compatibility_release_acquisition/duckdb/1.5.2/source/data/parquet-testing/LICENSE.txt#keyword:distributed,own_compatibility_surface_only,FPR-P2,cross_node_distributed_cluster_authority_not_local_query,cluster.query.plan_distributed,provider_routed_public_boundary_manifested,functionality_unsupported;kClusterSupportNotEnabledCode;unsupported_feature=cluster.provider;no_provider_call;fail_closed,functionality_unlicensed;kClusterHandshakeStubCompileLinkOnlyCode;unsupported_feature=cluster.provider.stub;public_compile_link_boundary_only;no_cluster_authority_or_production_behavior,private_internal_provider_required;provider_api_boundary=cluster.query.plan_distributed;no_private_source_or_implementation_detail,compile_flag_disabled_returns_functionality_unsupported;public_stub_enabled_returns_functionality_unlicensed;private_provider_required_for_execution,provider_boundary_route_required,FSE-P7-PROOF-00027,sblr_surface_fse_p7_execution_proof_gate,cluster_query_requires_provider_boundary;query.plan_operation_never_cluster_authority;local_query_sblr_remains_local_engine_authority,parser_emits_normalized_cluster_sblr_only;parser_execution_storage_finality_authority_forbidden,compatibility_cluster_execution_storage_transaction_finality_authority_forbidden,project/tests/compatibility_sql_parser_first_tranche/parser_remap_cluster_route_gate.py,parser_remap_cluster_route_gate,p2_cluster_route_remap_verified,row-level compatibility cluster surface remap preserves provider boundary compile policy and compatibility parser isolation;private provider implementation detail is not recorded
FPR-P2-CLUSTER-00207,firebird,reference_surface:cluster_topology_or_control,reference_surface:cluster_topology_or_control,cluster.job.start_controlled,sblr.cluster.control.v3:cluster.job.start_controlled,sblr.cluster.control.v3:cluster.job.start_controlled,docs/reference/compatibility_catalog_seeds/firebird/firebird_5_beta2_full_seed_manifest.yaml#keyword:cluster,own_compatibility_surface_only,FPR-P2,not_cluster_query,cluster.start_job,provider_routed_public_boundary_manifested,functionality_unsupported;kClusterSupportNotEnabledCode;unsupported_feature=cluster.provider;no_provider_call;fail_closed,functionality_unlicensed;kClusterHandshakeStubCompileLinkOnlyCode;unsupported_feature=cluster.provider.stub;public_compile_link_boundary_only;no_cluster_authority_or_production_behavior,private_internal_provider_required;provider_api_boundary=cluster.start_job;no_private_source_or_implementation_detail,compile_flag_disabled_returns_functionality_unsupported;public_stub_enabled_returns_functionality_unlicensed;private_provider_required_for_execution,provider_boundary_route_required,FSE-P7-PROOF-00005,sblr_surface_fse_p7_execution_proof_gate,query.plan_operation_never_cluster_authority;local_query_sblr_remains_local_engine_authority,parser_emits_normalized_cluster_sblr_only;parser_execution_storage_finality_authority_forbidden,compatibility_cluster_execution_storage_transaction_finality_authority_forbidden,project/tests/compatibility_sql_parser_first_tranche/parser_remap_cluster_route_gate.py,parser_remap_cluster_route_gate,p2_cluster_route_remap_verified,row-level compatibility cluster surface remap preserves provider boundary compile policy and compatibility parser isolation;private provider implementation detail is not recorded
FPR-P2-CLUSTER-00208,firebird,reference_surface:replication_control,reference_surface:replication_control,cluster.replication.consume_cluster_event,sblr.replication.consumer.v3:cluster.replication.consume_cluster_event,sblr.replication.consumer.v3:cluster.replication.consume_cluster_event,docs/reference/compatibility_catalog_seeds/firebird/firebird_5_beta2_full_seed_manifest.yaml#keyword:replication,own_compatibility_surface_only,FPR-P2,not_cluster_query,cluster.inspect_replication,provider_routed_public_boundary_manifested,functionality_unsupported;kClusterSupportNotEnabledCode;unsupported_feature=cluster.provider;no_provider_call;fail_closed,functionality_unlicensed;kClusterHandshakeStubCompileLinkOnlyCode;unsupported_feature=cluster.provider.stub;public_compile_link_boundary_only;no_cluster_authority_or_production_behavior,private_internal_provider_required;provider_api_boundary=cluster.inspect_replication;no_private_source_or_implementation_detail,compile_flag_disabled_returns_functionality_unsupported;public_stub_enabled_returns_functionality_unlicensed;private_provider_required_for_execution,provider_boundary_route_required,FSE-P7-PROOF-00036,sblr_surface_fse_p7_execution_proof_gate,query.plan_operation_never_cluster_authority;local_query_sblr_remains_local_engine_authority,parser_emits_normalized_cluster_sblr_only;parser_execution_storage_finality_authority_forbidden,compatibility_cluster_execution_storage_transaction_finality_authority_forbidden,project/tests/compatibility_sql_parser_first_tranche/parser_remap_cluster_route_gate.py,parser_remap_cluster_route_gate,p2_cluster_route_remap_verified,row-level compatibility cluster surface remap preserves provider boundary compile policy and compatibility parser isolation;private provider implementation detail is not recorded
FPR-P2-CLUSTER-00209,firebird,reference_surface:placement_policy,reference_surface:placement_policy,cluster.security.validate_policy_version,required_new:sblr.cluster.security.v1:cluster.security.validate_policy_version,required_new:sblr.cluster.security.v1:cluster.security.validate_policy_version,docs/reference/compatibility_catalog_seeds/firebird/firebird_5_beta2_full_seed_manifest.yaml#keyword:placement,own_compatibility_surface_only,FPR-P2,not_cluster_query,cluster.validate_policy_version,provider_routed_public_boundary_manifested,functionality_unsupported;kClusterSupportNotEnabledCode;unsupported_feature=cluster.provider;no_provider_call;fail_closed,functionality_unlicensed;kClusterHandshakeStubCompileLinkOnlyCode;unsupported_feature=cluster.provider.stub;public_compile_link_boundary_only;no_cluster_authority_or_production_behavior,private_internal_provider_required;provider_api_boundary=cluster.validate_policy_version;no_private_source_or_implementation_detail,compile_flag_disabled_returns_functionality_unsupported;public_stub_enabled_returns_functionality_unlicensed;private_provider_required_for_execution,provider_boundary_route_required,FSE-P7-PROOF-00045,sblr_surface_fse_p7_execution_proof_gate,query.plan_operation_never_cluster_authority;local_query_sblr_remains_local_engine_authority,parser_emits_normalized_cluster_sblr_only;parser_execution_storage_finality_authority_forbidden,compatibility_cluster_execution_storage_transaction_finality_authority_forbidden,project/tests/compatibility_sql_parser_first_tranche/parser_remap_cluster_route_gate.py,parser_remap_cluster_route_gate,p2_cluster_route_remap_verified,row-level compatibility cluster surface remap preserves provider boundary compile policy and compatibility parser isolation;private provider implementation detail is not recorded
FPR-P2-CLUSTER-00210,firebird,reference_surface:replica_control,reference_surface:replica_control,cluster.tx.begin_distributed,required_new:sblr.cluster.transaction.v1:cluster.tx.begin_distributed,required_new:sblr.cluster.transaction.v1:cluster.tx.begin_distributed,docs/reference/compatibility_catalog_seeds/firebird/firebird_5_beta2_full_seed_manifest.yaml#keyword:replica,own_compatibility_surface_only,FPR-P2,not_cluster_query,cluster.begin_distributed_transaction,provider_routed_public_boundary_manifested,functionality_unsupported;kClusterSupportNotEnabledCode;unsupported_feature=cluster.provider;no_provider_call;fail_closed,functionality_unlicensed;kClusterHandshakeStubCompileLinkOnlyCode;unsupported_feature=cluster.provider.stub;public_compile_link_boundary_only;no_cluster_authority_or_production_behavior,private_internal_provider_required;provider_api_boundary=cluster.begin_distributed_transaction;no_private_source_or_implementation_detail,compile_flag_disabled_returns_functionality_unsupported;public_stub_enabled_returns_functionality_unlicensed;private_provider_required_for_execution,provider_boundary_route_required,FSE-P7-PROOF-00054,sblr_surface_fse_p7_execution_proof_gate,query.plan_operation_never_cluster_authority;local_query_sblr_remains_local_engine_authority,parser_emits_normalized_cluster_sblr_only;parser_execution_storage_finality_authority_forbidden,compatibility_cluster_execution_storage_transaction_finality_authority_forbidden,project/tests/compatibility_sql_parser_first_tranche/parser_remap_cluster_route_gate.py,parser_remap_cluster_route_gate,p2_cluster_route_remap_verified,row-level compatibility cluster surface remap preserves provider boundary compile policy and compatibility parser isolation;private provider implementation detail is not recorded
FPR-P2-CLUSTER-00211,firebird,reference_surface:raft_consensus,reference_surface:raft_consensus,cluster.tx.validate_finality_proof,required_new:sblr.cluster.transaction.v1:cluster.tx.validate_finality_proof,required_new:sblr.cluster.transaction.v1:cluster.tx.validate_finality_proof,docs/reference/compatibility_catalog_seeds/firebird/firebird_5_seed_manifest.yaml#keyword:raft,own_compatibility_surface_only,FPR-P2,not_cluster_query,cluster.validate_finality_proof,provider_routed_public_boundary_manifested,functionality_unsupported;kClusterSupportNotEnabledCode;unsupported_feature=cluster.provider;no_provider_call;fail_closed,functionality_unlicensed;kClusterHandshakeStubCompileLinkOnlyCode;unsupported_feature=cluster.provider.stub;public_compile_link_boundary_only;no_cluster_authority_or_production_behavior,private_internal_provider_required;provider_api_boundary=cluster.validate_finality_proof;no_private_source_or_implementation_detail,compile_flag_disabled_returns_functionality_unsupported;public_stub_enabled_returns_functionality_unlicensed;private_provider_required_for_execution,provider_boundary_route_required,FSE-P7-PROOF-00059,sblr_surface_fse_p7_execution_proof_gate,query.plan_operation_never_cluster_authority;local_query_sblr_remains_local_engine_authority,parser_emits_normalized_cluster_sblr_only;parser_execution_storage_finality_authority_forbidden,compatibility_cluster_execution_storage_transaction_finality_authority_forbidden,project/tests/compatibility_sql_parser_first_tranche/parser_remap_cluster_route_gate.py,parser_remap_cluster_route_gate,p2_cluster_route_remap_verified,row-level compatibility cluster surface remap preserves provider boundary compile policy and compatibility parser isolation;private provider implementation detail is not recorded
FPR-P2-CLUSTER-00212,firebird,reference_surface:cdc_stream,reference_surface:cdc_stream,cluster.metrics.emit_event,sblr.cluster.report.v3:cluster.metrics.emit_event,sblr.cluster.report.v3:cluster.metrics.emit_event,docs/reference/compatibility_release_acquisition/firebird/5.0.4/regression/FIREBIRD_QA_CANDIDATE_ASSET_HASH_MANIFEST.csv#keyword:cdc,own_compatibility_surface_only,FPR-P2,not_cluster_query,cluster.emit_event,provider_routed_public_boundary_manifested,functionality_unsupported;kClusterSupportNotEnabledCode;unsupported_feature=cluster.provider;no_provider_call;fail_closed,functionality_unlicensed;kClusterHandshakeStubCompileLinkOnlyCode;unsupported_feature=cluster.provider.stub;public_compile_link_boundary_only;no_cluster_authority_or_production_behavior,private_internal_provider_required;provider_api_boundary=cluster.emit_event;no_private_source_or_implementation_detail,compile_flag_disabled_returns_functionality_unsupported;public_stub_enabled_returns_functionality_unlicensed;private_provider_required_for_execution,provider_boundary_route_required,FSE-P7-PROOF-00008,sblr_surface_fse_p7_execution_proof_gate,query.plan_operation_never_cluster_authority;local_query_sblr_remains_local_engine_authority,parser_emits_normalized_cluster_sblr_only;parser_execution_storage_finality_authority_forbidden,compatibility_cluster_execution_storage_transaction_finality_authority_forbidden,project/tests/compatibility_sql_parser_first_tranche/parser_remap_cluster_route_gate.py,parser_remap_cluster_route_gate,p2_cluster_route_remap_verified,row-level compatibility cluster surface remap preserves provider boundary compile policy and compatibility parser isolation;private provider implementation detail is not recorded
FPR-P2-CLUSTER-00213,firebird,reference_surface:range_placement,reference_surface:range_placement,cluster.placement.assign_tablet_range,required_new:sblr.cluster.placement.v1:cluster.placement.assign_tablet_range,required_new:sblr.cluster.placement.v1:cluster.placement.assign_tablet_range,docs/reference/compatibility_release_acquisition/firebird/5.0.4/source/CHANGELOG.md#keyword:range,own_compatibility_surface_only,FPR-P2,not_cluster_query,cluster.assign_tablet_range,provider_routed_public_boundary_manifested,functionality_unsupported;kClusterSupportNotEnabledCode;unsupported_feature=cluster.provider;no_provider_call;fail_closed,functionality_unlicensed;kClusterHandshakeStubCompileLinkOnlyCode;unsupported_feature=cluster.provider.stub;public_compile_link_boundary_only;no_cluster_authority_or_production_behavior,private_internal_provider_required;provider_api_boundary=cluster.assign_tablet_range;no_private_source_or_implementation_detail,compile_flag_disabled_returns_functionality_unsupported;public_stub_enabled_returns_functionality_unlicensed;private_provider_required_for_execution,provider_boundary_route_required,FSE-P7-PROOF-00018,sblr_surface_fse_p7_execution_proof_gate,query.plan_operation_never_cluster_authority;local_query_sblr_remains_local_engine_authority,parser_emits_normalized_cluster_sblr_only;parser_execution_storage_finality_authority_forbidden,compatibility_cluster_execution_storage_transaction_finality_authority_forbidden,project/tests/compatibility_sql_parser_first_tranche/parser_remap_cluster_route_gate.py,parser_remap_cluster_route_gate,p2_cluster_route_remap_verified,row-level compatibility cluster surface remap preserves provider boundary compile policy and compatibility parser isolation;private provider implementation detail is not recorded
FPR-P2-CLUSTER-00214,firebird,reference_surface:partition_distribution,reference_surface:partition_distribution,cluster.placement.validate_partition_distribution,required_new:sblr.cluster.placement.v1:cluster.placement.validate_partition_distribution,required_new:sblr.cluster.placement.v1:cluster.placement.validate_partition_distribution,docs/reference/compatibility_release_acquisition/firebird/5.0.4/source/CHANGELOG.md#keyword:partition,own_compatibility_surface_only,FPR-P2,not_cluster_query,cluster.validate_partition_distribution,provider_routed_public_boundary_manifested,functionality_unsupported;kClusterSupportNotEnabledCode;unsupported_feature=cluster.provider;no_provider_call;fail_closed,functionality_unlicensed;kClusterHandshakeStubCompileLinkOnlyCode;unsupported_feature=cluster.provider.stub;public_compile_link_boundary_only;no_cluster_authority_or_production_behavior,private_internal_provider_required;provider_api_boundary=cluster.validate_partition_distribution;no_private_source_or_implementation_detail,compile_flag_disabled_returns_functionality_unsupported;public_stub_enabled_returns_functionality_unlicensed;private_provider_required_for_execution,provider_boundary_route_required,FSE-P7-PROOF-00021,sblr_surface_fse_p7_execution_proof_gate,query.plan_operation_never_cluster_authority;local_query_sblr_remains_local_engine_authority,parser_emits_normalized_cluster_sblr_only;parser_execution_storage_finality_authority_forbidden,compatibility_cluster_execution_storage_transaction_finality_authority_forbidden,project/tests/compatibility_sql_parser_first_tranche/parser_remap_cluster_route_gate.py,parser_remap_cluster_route_gate,p2_cluster_route_remap_verified,row-level compatibility cluster surface remap preserves provider boundary compile policy and compatibility parser isolation;private provider implementation detail is not recorded
FPR-P2-CLUSTER-00215,firebird,reference_surface:distributed_execution_or_control,reference_surface:distributed_execution_or_control,cluster.query.plan_distributed,required_new:sblr.cluster.query.v1:cluster.query.plan_distributed,required_new:sblr.cluster.query.v1:cluster.query.plan_distributed,docs/reference/compatibility_release_acquisition/firebird/5.0.4/source/builds/install/arch-specific/darwin/License.txt#keyword:distributed,own_compatibility_surface_only,FPR-P2,cross_node_distributed_cluster_authority_not_local_query,cluster.query.plan_distributed,provider_routed_public_boundary_manifested,functionality_unsupported;kClusterSupportNotEnabledCode;unsupported_feature=cluster.provider;no_provider_call;fail_closed,functionality_unlicensed;kClusterHandshakeStubCompileLinkOnlyCode;unsupported_feature=cluster.provider.stub;public_compile_link_boundary_only;no_cluster_authority_or_production_behavior,private_internal_provider_required;provider_api_boundary=cluster.query.plan_distributed;no_private_source_or_implementation_detail,compile_flag_disabled_returns_functionality_unsupported;public_stub_enabled_returns_functionality_unlicensed;private_provider_required_for_execution,provider_boundary_route_required,FSE-P7-PROOF-00027,sblr_surface_fse_p7_execution_proof_gate,cluster_query_requires_provider_boundary;query.plan_operation_never_cluster_authority;local_query_sblr_remains_local_engine_authority,parser_emits_normalized_cluster_sblr_only;parser_execution_storage_finality_authority_forbidden,compatibility_cluster_execution_storage_transaction_finality_authority_forbidden,project/tests/compatibility_sql_parser_first_tranche/parser_remap_cluster_route_gate.py,parser_remap_cluster_route_gate,p2_cluster_route_remap_verified,row-level compatibility cluster surface remap preserves provider boundary compile policy and compatibility parser isolation;private provider implementation detail is not recorded
FPR-P2-CLUSTER-00216,firebird,reference_surface:shard_placement,reference_surface:shard_placement,cluster.placement.assign_tablet_range,required_new:sblr.cluster.placement.v1:cluster.placement.assign_tablet_range,required_new:sblr.cluster.placement.v1:cluster.placement.assign_tablet_range,docs/reference/compatibility_release_acquisition/firebird/5.0.4/source/extern/libcds/test/stress/data/text.txt#keyword:shard,own_compatibility_surface_only,FPR-P2,not_cluster_query,cluster.assign_tablet_range,provider_routed_public_boundary_manifested,functionality_unsupported;kClusterSupportNotEnabledCode;unsupported_feature=cluster.provider;no_provider_call;fail_closed,functionality_unlicensed;kClusterHandshakeStubCompileLinkOnlyCode;unsupported_feature=cluster.provider.stub;public_compile_link_boundary_only;no_cluster_authority_or_production_behavior,private_internal_provider_required;provider_api_boundary=cluster.assign_tablet_range;no_private_source_or_implementation_detail,compile_flag_disabled_returns_functionality_unsupported;public_stub_enabled_returns_functionality_unlicensed;private_provider_required_for_execution,provider_boundary_route_required,FSE-P7-PROOF-00018,sblr_surface_fse_p7_execution_proof_gate,query.plan_operation_never_cluster_authority;local_query_sblr_remains_local_engine_authority,parser_emits_normalized_cluster_sblr_only;parser_execution_storage_finality_authority_forbidden,compatibility_cluster_execution_storage_transaction_finality_authority_forbidden,project/tests/compatibility_sql_parser_first_tranche/parser_remap_cluster_route_gate.py,parser_remap_cluster_route_gate,p2_cluster_route_remap_verified,row-level compatibility cluster surface remap preserves provider boundary compile policy and compatibility parser isolation;private provider implementation detail is not recorded
FPR-P2-CLUSTER-00217,firebird,reference_surface:tablet_placement,reference_surface:tablet_placement,cluster.placement.assign_tablet_range,required_new:sblr.cluster.placement.v1:cluster.placement.assign_tablet_range,required_new:sblr.cluster.placement.v1:cluster.placement.assign_tablet_range,docs/reference/compatibility_release_acquisition/firebird/5.0.4/source/extern/libcds/test/stress/data/text.txt#keyword:tablet,own_compatibility_surface_only,FPR-P2,not_cluster_query,cluster.assign_tablet_range,provider_routed_public_boundary_manifested,functionality_unsupported;kClusterSupportNotEnabledCode;unsupported_feature=cluster.provider;no_provider_call;fail_closed,functionality_unlicensed;kClusterHandshakeStubCompileLinkOnlyCode;unsupported_feature=cluster.provider.stub;public_compile_link_boundary_only;no_cluster_authority_or_production_behavior,private_internal_provider_required;provider_api_boundary=cluster.assign_tablet_range;no_private_source_or_implementation_detail,compile_flag_disabled_returns_functionality_unsupported;public_stub_enabled_returns_functionality_unlicensed;private_provider_required_for_execution,provider_boundary_route_required,FSE-P7-PROOF-00018,sblr_surface_fse_p7_execution_proof_gate,query.plan_operation_never_cluster_authority;local_query_sblr_remains_local_engine_authority,parser_emits_normalized_cluster_sblr_only;parser_execution_storage_finality_authority_forbidden,compatibility_cluster_execution_storage_transaction_finality_authority_forbidden,project/tests/compatibility_sql_parser_first_tranche/parser_remap_cluster_route_gate.py,parser_remap_cluster_route_gate,p2_cluster_route_remap_verified,row-level compatibility cluster surface remap preserves provider boundary compile policy and compatibility parser isolation;private provider implementation detail is not recorded
FPR-P2-CLUSTER-00218,foundationdb,reference_surface:cluster_topology_or_control,reference_surface:cluster_topology_or_control,cluster.job.start_controlled,sblr.cluster.control.v3:cluster.job.start_controlled,sblr.cluster.control.v3:cluster.job.start_controlled,docs/reference/compatibility-engines/foundationdb/capability-summary.md#keyword:cluster,own_compatibility_surface_only,FPR-P2,not_cluster_query,cluster.start_job,provider_routed_public_boundary_manifested,functionality_unsupported;kClusterSupportNotEnabledCode;unsupported_feature=cluster.provider;no_provider_call;fail_closed,functionality_unlicensed;kClusterHandshakeStubCompileLinkOnlyCode;unsupported_feature=cluster.provider.stub;public_compile_link_boundary_only;no_cluster_authority_or_production_behavior,private_internal_provider_required;provider_api_boundary=cluster.start_job;no_private_source_or_implementation_detail,compile_flag_disabled_returns_functionality_unsupported;public_stub_enabled_returns_functionality_unlicensed;private_provider_required_for_execution,provider_boundary_route_required,FSE-P7-PROOF-00005,sblr_surface_fse_p7_execution_proof_gate,query.plan_operation_never_cluster_authority;local_query_sblr_remains_local_engine_authority,parser_emits_normalized_cluster_sblr_only;parser_execution_storage_finality_authority_forbidden,compatibility_cluster_execution_storage_transaction_finality_authority_forbidden,project/tests/compatibility_sql_parser_first_tranche/parser_remap_cluster_route_gate.py,parser_remap_cluster_route_gate,p2_cluster_route_remap_verified,row-level compatibility cluster surface remap preserves provider boundary compile policy and compatibility parser isolation;private provider implementation detail is not recorded
FPR-P2-CLUSTER-00219,foundationdb,reference_surface:range_placement,reference_surface:range_placement,cluster.placement.assign_tablet_range,required_new:sblr.cluster.placement.v1:cluster.placement.assign_tablet_range,required_new:sblr.cluster.placement.v1:cluster.placement.assign_tablet_range,docs/reference/compatibility-engines/foundationdb/capability-summary.md#keyword:range,own_compatibility_surface_only,FPR-P2,not_cluster_query,cluster.assign_tablet_range,provider_routed_public_boundary_manifested,functionality_unsupported;kClusterSupportNotEnabledCode;unsupported_feature=cluster.provider;no_provider_call;fail_closed,functionality_unlicensed;kClusterHandshakeStubCompileLinkOnlyCode;unsupported_feature=cluster.provider.stub;public_compile_link_boundary_only;no_cluster_authority_or_production_behavior,private_internal_provider_required;provider_api_boundary=cluster.assign_tablet_range;no_private_source_or_implementation_detail,compile_flag_disabled_returns_functionality_unsupported;public_stub_enabled_returns_functionality_unlicensed;private_provider_required_for_execution,provider_boundary_route_required,FSE-P7-PROOF-00018,sblr_surface_fse_p7_execution_proof_gate,query.plan_operation_never_cluster_authority;local_query_sblr_remains_local_engine_authority,parser_emits_normalized_cluster_sblr_only;parser_execution_storage_finality_authority_forbidden,compatibility_cluster_execution_storage_transaction_finality_authority_forbidden,project/tests/compatibility_sql_parser_first_tranche/parser_remap_cluster_route_gate.py,parser_remap_cluster_route_gate,p2_cluster_route_remap_verified,row-level compatibility cluster surface remap preserves provider boundary compile policy and compatibility parser isolation;private provider implementation detail is not recorded
FPR-P2-CLUSTER-00220,foundationdb,reference_surface:placement_policy,reference_surface:placement_policy,cluster.security.validate_policy_version,required_new:sblr.cluster.security.v1:cluster.security.validate_policy_version,required_new:sblr.cluster.security.v1:cluster.security.validate_policy_version,docs/reference/compatibility-engines/foundationdb/transaction-and-cluster-summary.md#keyword:placement,own_compatibility_surface_only,FPR-P2,not_cluster_query,cluster.validate_policy_version,provider_routed_public_boundary_manifested,functionality_unsupported;kClusterSupportNotEnabledCode;unsupported_feature=cluster.provider;no_provider_call;fail_closed,functionality_unlicensed;kClusterHandshakeStubCompileLinkOnlyCode;unsupported_feature=cluster.provider.stub;public_compile_link_boundary_only;no_cluster_authority_or_production_behavior,private_internal_provider_required;provider_api_boundary=cluster.validate_policy_version;no_private_source_or_implementation_detail,compile_flag_disabled_returns_functionality_unsupported;public_stub_enabled_returns_functionality_unlicensed;private_provider_required_for_execution,provider_boundary_route_required,FSE-P7-PROOF-00045,sblr_surface_fse_p7_execution_proof_gate,query.plan_operation_never_cluster_authority;local_query_sblr_remains_local_engine_authority,parser_emits_normalized_cluster_sblr_only;parser_execution_storage_finality_authority_forbidden,compatibility_cluster_execution_storage_transaction_finality_authority_forbidden,project/tests/compatibility_sql_parser_first_tranche/parser_remap_cluster_route_gate.py,parser_remap_cluster_route_gate,p2_cluster_route_remap_verified,row-level compatibility cluster surface remap preserves provider boundary compile policy and compatibility parser isolation;private provider implementation detail is not recorded
FPR-P2-CLUSTER-00221,foundationdb,reference_surface:cdc_stream,reference_surface:cdc_stream,cluster.metrics.emit_event,sblr.cluster.report.v3:cluster.metrics.emit_event,sblr.cluster.report.v3:cluster.metrics.emit_event,docs/reference/compatibility_catalog_seeds/foundationdb/foundationdb_beta2_full_seed_manifest.yaml#keyword:cdc,own_compatibility_surface_only,FPR-P2,not_cluster_query,cluster.emit_event,provider_routed_public_boundary_manifested,functionality_unsupported;kClusterSupportNotEnabledCode;unsupported_feature=cluster.provider;no_provider_call;fail_closed,functionality_unlicensed;kClusterHandshakeStubCompileLinkOnlyCode;unsupported_feature=cluster.provider.stub;public_compile_link_boundary_only;no_cluster_authority_or_production_behavior,private_internal_provider_required;provider_api_boundary=cluster.emit_event;no_private_source_or_implementation_detail,compile_flag_disabled_returns_functionality_unsupported;public_stub_enabled_returns_functionality_unlicensed;private_provider_required_for_execution,provider_boundary_route_required,FSE-P7-PROOF-00008,sblr_surface_fse_p7_execution_proof_gate,query.plan_operation_never_cluster_authority;local_query_sblr_remains_local_engine_authority,parser_emits_normalized_cluster_sblr_only;parser_execution_storage_finality_authority_forbidden,compatibility_cluster_execution_storage_transaction_finality_authority_forbidden,project/tests/compatibility_sql_parser_first_tranche/parser_remap_cluster_route_gate.py,parser_remap_cluster_route_gate,p2_cluster_route_remap_verified,row-level compatibility cluster surface remap preserves provider boundary compile policy and compatibility parser isolation;private provider implementation detail is not recorded
FPR-P2-CLUSTER-00222,foundationdb,reference_surface:replica_control,reference_surface:replica_control,cluster.tx.begin_distributed,required_new:sblr.cluster.transaction.v1:cluster.tx.begin_distributed,required_new:sblr.cluster.transaction.v1:cluster.tx.begin_distributed,docs/reference/compatibility_catalog_seeds/foundationdb/foundationdb_beta2_full_seed_manifest.yaml#keyword:replica,own_compatibility_surface_only,FPR-P2,not_cluster_query,cluster.begin_distributed_transaction,provider_routed_public_boundary_manifested,functionality_unsupported;kClusterSupportNotEnabledCode;unsupported_feature=cluster.provider;no_provider_call;fail_closed,functionality_unlicensed;kClusterHandshakeStubCompileLinkOnlyCode;unsupported_feature=cluster.provider.stub;public_compile_link_boundary_only;no_cluster_authority_or_production_behavior,private_internal_provider_required;provider_api_boundary=cluster.begin_distributed_transaction;no_private_source_or_implementation_detail,compile_flag_disabled_returns_functionality_unsupported;public_stub_enabled_returns_functionality_unlicensed;private_provider_required_for_execution,provider_boundary_route_required,FSE-P7-PROOF-00054,sblr_surface_fse_p7_execution_proof_gate,query.plan_operation_never_cluster_authority;local_query_sblr_remains_local_engine_authority,parser_emits_normalized_cluster_sblr_only;parser_execution_storage_finality_authority_forbidden,compatibility_cluster_execution_storage_transaction_finality_authority_forbidden,project/tests/compatibility_sql_parser_first_tranche/parser_remap_cluster_route_gate.py,parser_remap_cluster_route_gate,p2_cluster_route_remap_verified,row-level compatibility cluster surface remap preserves provider boundary compile policy and compatibility parser isolation;private provider implementation detail is not recorded
FPR-P2-CLUSTER-00223,foundationdb,reference_surface:distributed_execution_or_control,reference_surface:distributed_execution_or_control,cluster.query.plan_distributed,required_new:sblr.cluster.query.v1:cluster.query.plan_distributed,required_new:sblr.cluster.query.v1:cluster.query.plan_distributed,docs/reference/compatibility_release_acquisition/foundationdb/7.3.77/clean-room/NOTES.md#keyword:distributed,own_compatibility_surface_only,FPR-P2,cross_node_distributed_cluster_authority_not_local_query,cluster.query.plan_distributed,provider_routed_public_boundary_manifested,functionality_unsupported;kClusterSupportNotEnabledCode;unsupported_feature=cluster.provider;no_provider_call;fail_closed,functionality_unlicensed;kClusterHandshakeStubCompileLinkOnlyCode;unsupported_feature=cluster.provider.stub;public_compile_link_boundary_only;no_cluster_authority_or_production_behavior,private_internal_provider_required;provider_api_boundary=cluster.query.plan_distributed;no_private_source_or_implementation_detail,compile_flag_disabled_returns_functionality_unsupported;public_stub_enabled_returns_functionality_unlicensed;private_provider_required_for_execution,provider_boundary_route_required,FSE-P7-PROOF-00027,sblr_surface_fse_p7_execution_proof_gate,cluster_query_requires_provider_boundary;query.plan_operation_never_cluster_authority;local_query_sblr_remains_local_engine_authority,parser_emits_normalized_cluster_sblr_only;parser_execution_storage_finality_authority_forbidden,compatibility_cluster_execution_storage_transaction_finality_authority_forbidden,project/tests/compatibility_sql_parser_first_tranche/parser_remap_cluster_route_gate.py,parser_remap_cluster_route_gate,p2_cluster_route_remap_verified,row-level compatibility cluster surface remap preserves provider boundary compile policy and compatibility parser isolation;private provider implementation detail is not recorded
FPR-P2-CLUSTER-00224,foundationdb,reference_surface:leader_election,reference_surface:leader_election,cluster.node.set_role,sblr.cluster.control.v3:cluster.node.set_role,sblr.cluster.control.v3:cluster.node.set_role,docs/reference/compatibility_release_acquisition/foundationdb/7.3.77/source/CODE_OF_CONDUCT.md#keyword:leader,own_compatibility_surface_only,FPR-P2,not_cluster_query,cluster.set_node_role,provider_routed_public_boundary_manifested,functionality_unsupported;kClusterSupportNotEnabledCode;unsupported_feature=cluster.provider;no_provider_call;fail_closed,functionality_unlicensed;kClusterHandshakeStubCompileLinkOnlyCode;unsupported_feature=cluster.provider.stub;public_compile_link_boundary_only;no_cluster_authority_or_production_behavior,private_internal_provider_required;provider_api_boundary=cluster.set_node_role;no_private_source_or_implementation_detail,compile_flag_disabled_returns_functionality_unsupported;public_stub_enabled_returns_functionality_unlicensed;private_provider_required_for_execution,provider_boundary_route_required,FSE-P7-PROOF-00016,sblr_surface_fse_p7_execution_proof_gate,query.plan_operation_never_cluster_authority;local_query_sblr_remains_local_engine_authority,parser_emits_normalized_cluster_sblr_only;parser_execution_storage_finality_authority_forbidden,compatibility_cluster_execution_storage_transaction_finality_authority_forbidden,project/tests/compatibility_sql_parser_first_tranche/parser_remap_cluster_route_gate.py,parser_remap_cluster_route_gate,p2_cluster_route_remap_verified,row-level compatibility cluster surface remap preserves provider boundary compile policy and compatibility parser isolation;private provider implementation detail is not recorded
FPR-P2-CLUSTER-00225,foundationdb,reference_surface:partition_distribution,reference_surface:partition_distribution,cluster.placement.validate_partition_distribution,required_new:sblr.cluster.placement.v1:cluster.placement.validate_partition_distribution,required_new:sblr.cluster.placement.v1:cluster.placement.validate_partition_distribution,docs/reference/compatibility_release_acquisition/foundationdb/7.3.77/source/bindings/flow/CMakeLists.txt#keyword:partition,own_compatibility_surface_only,FPR-P2,not_cluster_query,cluster.validate_partition_distribution,provider_routed_public_boundary_manifested,functionality_unsupported;kClusterSupportNotEnabledCode;unsupported_feature=cluster.provider;no_provider_call;fail_closed,functionality_unlicensed;kClusterHandshakeStubCompileLinkOnlyCode;unsupported_feature=cluster.provider.stub;public_compile_link_boundary_only;no_cluster_authority_or_production_behavior,private_internal_provider_required;provider_api_boundary=cluster.validate_partition_distribution;no_private_source_or_implementation_detail,compile_flag_disabled_returns_functionality_unsupported;public_stub_enabled_returns_functionality_unlicensed;private_provider_required_for_execution,provider_boundary_route_required,FSE-P7-PROOF-00021,sblr_surface_fse_p7_execution_proof_gate,query.plan_operation_never_cluster_authority;local_query_sblr_remains_local_engine_authority,parser_emits_normalized_cluster_sblr_only;parser_execution_storage_finality_authority_forbidden,compatibility_cluster_execution_storage_transaction_finality_authority_forbidden,project/tests/compatibility_sql_parser_first_tranche/parser_remap_cluster_route_gate.py,parser_remap_cluster_route_gate,p2_cluster_route_remap_verified,row-level compatibility cluster surface remap preserves provider boundary compile policy and compatibility parser isolation;private provider implementation detail is not recorded
FPR-P2-CLUSTER-00226,foundationdb,reference_surface:replication_control,reference_surface:replication_control,cluster.replication.consume_cluster_event,sblr.replication.consumer.v3:cluster.replication.consume_cluster_event,sblr.replication.consumer.v3:cluster.replication.consume_cluster_event,docs/reference/compatibility_release_acquisition/foundationdb/7.3.77/source/design/data-distributor-internals.md#keyword:replication,own_compatibility_surface_only,FPR-P2,not_cluster_query,cluster.inspect_replication,provider_routed_public_boundary_manifested,functionality_unsupported;kClusterSupportNotEnabledCode;unsupported_feature=cluster.provider;no_provider_call;fail_closed,functionality_unlicensed;kClusterHandshakeStubCompileLinkOnlyCode;unsupported_feature=cluster.provider.stub;public_compile_link_boundary_only;no_cluster_authority_or_production_behavior,private_internal_provider_required;provider_api_boundary=cluster.inspect_replication;no_private_source_or_implementation_detail,compile_flag_disabled_returns_functionality_unsupported;public_stub_enabled_returns_functionality_unlicensed;private_provider_required_for_execution,provider_boundary_route_required,FSE-P7-PROOF-00036,sblr_surface_fse_p7_execution_proof_gate,query.plan_operation_never_cluster_authority;local_query_sblr_remains_local_engine_authority,parser_emits_normalized_cluster_sblr_only;parser_execution_storage_finality_authority_forbidden,compatibility_cluster_execution_storage_transaction_finality_authority_forbidden,project/tests/compatibility_sql_parser_first_tranche/parser_remap_cluster_route_gate.py,parser_remap_cluster_route_gate,p2_cluster_route_remap_verified,row-level compatibility cluster surface remap preserves provider boundary compile policy and compatibility parser isolation;private provider implementation detail is not recorded
FPR-P2-CLUSTER-00227,foundationdb,reference_surface:shard_placement,reference_surface:shard_placement,cluster.placement.assign_tablet_range,required_new:sblr.cluster.placement.v1:cluster.placement.assign_tablet_range,required_new:sblr.cluster.placement.v1:cluster.placement.assign_tablet_range,docs/reference/compatibility_release_acquisition/foundationdb/7.3.77/source/design/data-distributor-internals.md#keyword:shard,own_compatibility_surface_only,FPR-P2,not_cluster_query,cluster.assign_tablet_range,provider_routed_public_boundary_manifested,functionality_unsupported;kClusterSupportNotEnabledCode;unsupported_feature=cluster.provider;no_provider_call;fail_closed,functionality_unlicensed;kClusterHandshakeStubCompileLinkOnlyCode;unsupported_feature=cluster.provider.stub;public_compile_link_boundary_only;no_cluster_authority_or_production_behavior,private_internal_provider_required;provider_api_boundary=cluster.assign_tablet_range;no_private_source_or_implementation_detail,compile_flag_disabled_returns_functionality_unsupported;public_stub_enabled_returns_functionality_unlicensed;private_provider_required_for_execution,provider_boundary_route_required,FSE-P7-PROOF-00018,sblr_surface_fse_p7_execution_proof_gate,query.plan_operation_never_cluster_authority;local_query_sblr_remains_local_engine_authority,parser_emits_normalized_cluster_sblr_only;parser_execution_storage_finality_authority_forbidden,compatibility_cluster_execution_storage_transaction_finality_authority_forbidden,project/tests/compatibility_sql_parser_first_tranche/parser_remap_cluster_route_gate.py,parser_remap_cluster_route_gate,p2_cluster_route_remap_verified,row-level compatibility cluster surface remap preserves provider boundary compile policy and compatibility parser isolation;private provider implementation detail is not recorded
FPR-P2-CLUSTER-00228,foundationdb,reference_surface:raft_consensus,reference_surface:raft_consensus,cluster.tx.validate_finality_proof,required_new:sblr.cluster.transaction.v1:cluster.tx.validate_finality_proof,required_new:sblr.cluster.transaction.v1:cluster.tx.validate_finality_proof,docs/reference/compatibility_release_acquisition/foundationdb/7.3.77/source/tests/AsyncFileCorrectness.txt#keyword:raft,own_compatibility_surface_only,FPR-P2,not_cluster_query,cluster.validate_finality_proof,provider_routed_public_boundary_manifested,functionality_unsupported;kClusterSupportNotEnabledCode;unsupported_feature=cluster.provider;no_provider_call;fail_closed,functionality_unlicensed;kClusterHandshakeStubCompileLinkOnlyCode;unsupported_feature=cluster.provider.stub;public_compile_link_boundary_only;no_cluster_authority_or_production_behavior,private_internal_provider_required;provider_api_boundary=cluster.validate_finality_proof;no_private_source_or_implementation_detail,compile_flag_disabled_returns_functionality_unsupported;public_stub_enabled_returns_functionality_unlicensed;private_provider_required_for_execution,provider_boundary_route_required,FSE-P7-PROOF-00059,sblr_surface_fse_p7_execution_proof_gate,query.plan_operation_never_cluster_authority;local_query_sblr_remains_local_engine_authority,parser_emits_normalized_cluster_sblr_only;parser_execution_storage_finality_authority_forbidden,compatibility_cluster_execution_storage_transaction_finality_authority_forbidden,project/tests/compatibility_sql_parser_first_tranche/parser_remap_cluster_route_gate.py,parser_remap_cluster_route_gate,p2_cluster_route_remap_verified,row-level compatibility cluster surface remap preserves provider boundary compile policy and compatibility parser isolation;private provider implementation detail is not recorded
FPR-P2-CLUSTER-00229,foundationdb,reference_surface:changefeed_stream,reference_surface:changefeed_stream,cluster.metrics.emit_event,sblr.cluster.report.v3:cluster.metrics.emit_event,sblr.cluster.report.v3:cluster.metrics.emit_event,docs/reference/compatibility_release_acquisition/foundationdb/7.3.77/source/tests/CMakeLists.txt#keyword:changefeed,own_compatibility_surface_only,FPR-P2,not_cluster_query,cluster.emit_event,provider_routed_public_boundary_manifested,functionality_unsupported;kClusterSupportNotEnabledCode;unsupported_feature=cluster.provider;no_provider_call;fail_closed,functionality_unlicensed;kClusterHandshakeStubCompileLinkOnlyCode;unsupported_feature=cluster.provider.stub;public_compile_link_boundary_only;no_cluster_authority_or_production_behavior,private_internal_provider_required;provider_api_boundary=cluster.emit_event;no_private_source_or_implementation_detail,compile_flag_disabled_returns_functionality_unsupported;public_stub_enabled_returns_functionality_unlicensed;private_provider_required_for_execution,provider_boundary_route_required,FSE-P7-PROOF-00008,sblr_surface_fse_p7_execution_proof_gate,query.plan_operation_never_cluster_authority;local_query_sblr_remains_local_engine_authority,parser_emits_normalized_cluster_sblr_only;parser_execution_storage_finality_authority_forbidden,compatibility_cluster_execution_storage_transaction_finality_authority_forbidden,project/tests/compatibility_sql_parser_first_tranche/parser_remap_cluster_route_gate.py,parser_remap_cluster_route_gate,p2_cluster_route_remap_verified,row-level compatibility cluster surface remap preserves provider boundary compile policy and compatibility parser isolation;private provider implementation detail is not recorded
FPR-P2-CLUSTER-00230,immudb,reference_surface:cluster_topology_or_control,reference_surface:cluster_topology_or_control,cluster.job.start_controlled,sblr.cluster.control.v3:cluster.job.start_controlled,sblr.cluster.control.v3:cluster.job.start_controlled,docs/reference/compatibility-engines/immudb/capability-summary.md#keyword:cluster,own_compatibility_surface_only,FPR-P2,not_cluster_query,cluster.start_job,provider_routed_public_boundary_manifested,functionality_unsupported;kClusterSupportNotEnabledCode;unsupported_feature=cluster.provider;no_provider_call;fail_closed,functionality_unlicensed;kClusterHandshakeStubCompileLinkOnlyCode;unsupported_feature=cluster.provider.stub;public_compile_link_boundary_only;no_cluster_authority_or_production_behavior,private_internal_provider_required;provider_api_boundary=cluster.start_job;no_private_source_or_implementation_detail,compile_flag_disabled_returns_functionality_unsupported;public_stub_enabled_returns_functionality_unlicensed;private_provider_required_for_execution,provider_boundary_route_required,FSE-P7-PROOF-00005,sblr_surface_fse_p7_execution_proof_gate,query.plan_operation_never_cluster_authority;local_query_sblr_remains_local_engine_authority,parser_emits_normalized_cluster_sblr_only;parser_execution_storage_finality_authority_forbidden,compatibility_cluster_execution_storage_transaction_finality_authority_forbidden,project/tests/compatibility_sql_parser_first_tranche/parser_remap_cluster_route_gate.py,parser_remap_cluster_route_gate,p2_cluster_route_remap_verified,row-level compatibility cluster surface remap preserves provider boundary compile policy and compatibility parser isolation;private provider implementation detail is not recorded
FPR-P2-CLUSTER-00231,immudb,reference_surface:cdc_stream,reference_surface:cdc_stream,cluster.metrics.emit_event,sblr.cluster.report.v3:cluster.metrics.emit_event,sblr.cluster.report.v3:cluster.metrics.emit_event,docs/reference/compatibility_release_acquisition/immudb/1.11.0/RELEASE_EVIDENCE_MANIFEST.yaml#keyword:cdc,own_compatibility_surface_only,FPR-P2,not_cluster_query,cluster.emit_event,provider_routed_public_boundary_manifested,functionality_unsupported;kClusterSupportNotEnabledCode;unsupported_feature=cluster.provider;no_provider_call;fail_closed,functionality_unlicensed;kClusterHandshakeStubCompileLinkOnlyCode;unsupported_feature=cluster.provider.stub;public_compile_link_boundary_only;no_cluster_authority_or_production_behavior,private_internal_provider_required;provider_api_boundary=cluster.emit_event;no_private_source_or_implementation_detail,compile_flag_disabled_returns_functionality_unsupported;public_stub_enabled_returns_functionality_unlicensed;private_provider_required_for_execution,provider_boundary_route_required,FSE-P7-PROOF-00008,sblr_surface_fse_p7_execution_proof_gate,query.plan_operation_never_cluster_authority;local_query_sblr_remains_local_engine_authority,parser_emits_normalized_cluster_sblr_only;parser_execution_storage_finality_authority_forbidden,compatibility_cluster_execution_storage_transaction_finality_authority_forbidden,project/tests/compatibility_sql_parser_first_tranche/parser_remap_cluster_route_gate.py,parser_remap_cluster_route_gate,p2_cluster_route_remap_verified,row-level compatibility cluster surface remap preserves provider boundary compile policy and compatibility parser isolation;private provider implementation detail is not recorded
FPR-P2-CLUSTER-00232,immudb,reference_surface:distributed_execution_or_control,reference_surface:distributed_execution_or_control,cluster.query.plan_distributed,required_new:sblr.cluster.query.v1:cluster.query.plan_distributed,required_new:sblr.cluster.query.v1:cluster.query.plan_distributed,docs/reference/compatibility_release_acquisition/immudb/1.11.0/regression/SOURCE_POINTERS.md#keyword:distributed,own_compatibility_surface_only,FPR-P2,cross_node_distributed_cluster_authority_not_local_query,cluster.query.plan_distributed,provider_routed_public_boundary_manifested,functionality_unsupported;kClusterSupportNotEnabledCode;unsupported_feature=cluster.provider;no_provider_call;fail_closed,functionality_unlicensed;kClusterHandshakeStubCompileLinkOnlyCode;unsupported_feature=cluster.provider.stub;public_compile_link_boundary_only;no_cluster_authority_or_production_behavior,private_internal_provider_required;provider_api_boundary=cluster.query.plan_distributed;no_private_source_or_implementation_detail,compile_flag_disabled_returns_functionality_unsupported;public_stub_enabled_returns_functionality_unlicensed;private_provider_required_for_execution,provider_boundary_route_required,FSE-P7-PROOF-00027,sblr_surface_fse_p7_execution_proof_gate,cluster_query_requires_provider_boundary;query.plan_operation_never_cluster_authority;local_query_sblr_remains_local_engine_authority,parser_emits_normalized_cluster_sblr_only;parser_execution_storage_finality_authority_forbidden,compatibility_cluster_execution_storage_transaction_finality_authority_forbidden,project/tests/compatibility_sql_parser_first_tranche/parser_remap_cluster_route_gate.py,parser_remap_cluster_route_gate,p2_cluster_route_remap_verified,row-level compatibility cluster surface remap preserves provider boundary compile policy and compatibility parser isolation;private provider implementation detail is not recorded
FPR-P2-CLUSTER-00233,immudb,reference_surface:shard_placement,reference_surface:shard_placement,cluster.placement.assign_tablet_range,required_new:sblr.cluster.placement.v1:cluster.placement.assign_tablet_range,required_new:sblr.cluster.placement.v1:cluster.placement.assign_tablet_range,docs/reference/compatibility_release_acquisition/immudb/1.11.0/release-notes/RELEASE_NOTES_SOURCE.md#keyword:shard,own_compatibility_surface_only,FPR-P2,not_cluster_query,cluster.assign_tablet_range,provider_routed_public_boundary_manifested,functionality_unsupported;kClusterSupportNotEnabledCode;unsupported_feature=cluster.provider;no_provider_call;fail_closed,functionality_unlicensed;kClusterHandshakeStubCompileLinkOnlyCode;unsupported_feature=cluster.provider.stub;public_compile_link_boundary_only;no_cluster_authority_or_production_behavior,private_internal_provider_required;provider_api_boundary=cluster.assign_tablet_range;no_private_source_or_implementation_detail,compile_flag_disabled_returns_functionality_unsupported;public_stub_enabled_returns_functionality_unlicensed;private_provider_required_for_execution,provider_boundary_route_required,FSE-P7-PROOF-00018,sblr_surface_fse_p7_execution_proof_gate,query.plan_operation_never_cluster_authority;local_query_sblr_remains_local_engine_authority,parser_emits_normalized_cluster_sblr_only;parser_execution_storage_finality_authority_forbidden,compatibility_cluster_execution_storage_transaction_finality_authority_forbidden,project/tests/compatibility_sql_parser_first_tranche/parser_remap_cluster_route_gate.py,parser_remap_cluster_route_gate,p2_cluster_route_remap_verified,row-level compatibility cluster surface remap preserves provider boundary compile policy and compatibility parser isolation;private provider implementation detail is not recorded
FPR-P2-CLUSTER-00234,immudb,reference_surface:range_placement,reference_surface:range_placement,cluster.placement.assign_tablet_range,required_new:sblr.cluster.placement.v1:cluster.placement.assign_tablet_range,required_new:sblr.cluster.placement.v1:cluster.placement.assign_tablet_range,docs/reference/compatibility_release_acquisition/immudb/1.11.0/release-notes/RELEASE_NOTES_SOURCE.md#keyword:range,own_compatibility_surface_only,FPR-P2,not_cluster_query,cluster.assign_tablet_range,provider_routed_public_boundary_manifested,functionality_unsupported;kClusterSupportNotEnabledCode;unsupported_feature=cluster.provider;no_provider_call;fail_closed,functionality_unlicensed;kClusterHandshakeStubCompileLinkOnlyCode;unsupported_feature=cluster.provider.stub;public_compile_link_boundary_only;no_cluster_authority_or_production_behavior,private_internal_provider_required;provider_api_boundary=cluster.assign_tablet_range;no_private_source_or_implementation_detail,compile_flag_disabled_returns_functionality_unsupported;public_stub_enabled_returns_functionality_unlicensed;private_provider_required_for_execution,provider_boundary_route_required,FSE-P7-PROOF-00018,sblr_surface_fse_p7_execution_proof_gate,query.plan_operation_never_cluster_authority;local_query_sblr_remains_local_engine_authority,parser_emits_normalized_cluster_sblr_only;parser_execution_storage_finality_authority_forbidden,compatibility_cluster_execution_storage_transaction_finality_authority_forbidden,project/tests/compatibility_sql_parser_first_tranche/parser_remap_cluster_route_gate.py,parser_remap_cluster_route_gate,p2_cluster_route_remap_verified,row-level compatibility cluster surface remap preserves provider boundary compile policy and compatibility parser isolation;private provider implementation detail is not recorded
FPR-P2-CLUSTER-00235,immudb,reference_surface:partition_distribution,reference_surface:partition_distribution,cluster.placement.validate_partition_distribution,required_new:sblr.cluster.placement.v1:cluster.placement.validate_partition_distribution,required_new:sblr.cluster.placement.v1:cluster.placement.validate_partition_distribution,docs/reference/compatibility_release_acquisition/immudb/1.11.0/release-notes/RELEASE_NOTES_SOURCE.md#keyword:partition,own_compatibility_surface_only,FPR-P2,not_cluster_query,cluster.validate_partition_distribution,provider_routed_public_boundary_manifested,functionality_unsupported;kClusterSupportNotEnabledCode;unsupported_feature=cluster.provider;no_provider_call;fail_closed,functionality_unlicensed;kClusterHandshakeStubCompileLinkOnlyCode;unsupported_feature=cluster.provider.stub;public_compile_link_boundary_only;no_cluster_authority_or_production_behavior,private_internal_provider_required;provider_api_boundary=cluster.validate_partition_distribution;no_private_source_or_implementation_detail,compile_flag_disabled_returns_functionality_unsupported;public_stub_enabled_returns_functionality_unlicensed;private_provider_required_for_execution,provider_boundary_route_required,FSE-P7-PROOF-00021,sblr_surface_fse_p7_execution_proof_gate,query.plan_operation_never_cluster_authority;local_query_sblr_remains_local_engine_authority,parser_emits_normalized_cluster_sblr_only;parser_execution_storage_finality_authority_forbidden,compatibility_cluster_execution_storage_transaction_finality_authority_forbidden,project/tests/compatibility_sql_parser_first_tranche/parser_remap_cluster_route_gate.py,parser_remap_cluster_route_gate,p2_cluster_route_remap_verified,row-level compatibility cluster surface remap preserves provider boundary compile policy and compatibility parser isolation;private provider implementation detail is not recorded
FPR-P2-CLUSTER-00236,immudb,reference_surface:replication_control,reference_surface:replication_control,cluster.replication.consume_cluster_event,sblr.replication.consumer.v3:cluster.replication.consume_cluster_event,sblr.replication.consumer.v3:cluster.replication.consume_cluster_event,docs/reference/compatibility_release_acquisition/immudb/1.11.0/source/CHANGELOG.md#keyword:replication,own_compatibility_surface_only,FPR-P2,not_cluster_query,cluster.inspect_replication,provider_routed_public_boundary_manifested,functionality_unsupported;kClusterSupportNotEnabledCode;unsupported_feature=cluster.provider;no_provider_call;fail_closed,functionality_unlicensed;kClusterHandshakeStubCompileLinkOnlyCode;unsupported_feature=cluster.provider.stub;public_compile_link_boundary_only;no_cluster_authority_or_production_behavior,private_internal_provider_required;provider_api_boundary=cluster.inspect_replication;no_private_source_or_implementation_detail,compile_flag_disabled_returns_functionality_unsupported;public_stub_enabled_returns_functionality_unlicensed;private_provider_required_for_execution,provider_boundary_route_required,FSE-P7-PROOF-00036,sblr_surface_fse_p7_execution_proof_gate,query.plan_operation_never_cluster_authority;local_query_sblr_remains_local_engine_authority,parser_emits_normalized_cluster_sblr_only;parser_execution_storage_finality_authority_forbidden,compatibility_cluster_execution_storage_transaction_finality_authority_forbidden,project/tests/compatibility_sql_parser_first_tranche/parser_remap_cluster_route_gate.py,parser_remap_cluster_route_gate,p2_cluster_route_remap_verified,row-level compatibility cluster surface remap preserves provider boundary compile policy and compatibility parser isolation;private provider implementation detail is not recorded
FPR-P2-CLUSTER-00237,immudb,reference_surface:raft_consensus,reference_surface:raft_consensus,cluster.tx.validate_finality_proof,required_new:sblr.cluster.transaction.v1:cluster.tx.validate_finality_proof,required_new:sblr.cluster.transaction.v1:cluster.tx.validate_finality_proof,docs/reference/compatibility_release_acquisition/immudb/1.11.0/source/CHANGELOG.md#keyword:raft,own_compatibility_surface_only,FPR-P2,not_cluster_query,cluster.validate_finality_proof,provider_routed_public_boundary_manifested,functionality_unsupported;kClusterSupportNotEnabledCode;unsupported_feature=cluster.provider;no_provider_call;fail_closed,functionality_unlicensed;kClusterHandshakeStubCompileLinkOnlyCode;unsupported_feature=cluster.provider.stub;public_compile_link_boundary_only;no_cluster_authority_or_production_behavior,private_internal_provider_required;provider_api_boundary=cluster.validate_finality_proof;no_private_source_or_implementation_detail,compile_flag_disabled_returns_functionality_unsupported;public_stub_enabled_returns_functionality_unlicensed;private_provider_required_for_execution,provider_boundary_route_required,FSE-P7-PROOF-00059,sblr_surface_fse_p7_execution_proof_gate,query.plan_operation_never_cluster_authority;local_query_sblr_remains_local_engine_authority,parser_emits_normalized_cluster_sblr_only;parser_execution_storage_finality_authority_forbidden,compatibility_cluster_execution_storage_transaction_finality_authority_forbidden,project/tests/compatibility_sql_parser_first_tranche/parser_remap_cluster_route_gate.py,parser_remap_cluster_route_gate,p2_cluster_route_remap_verified,row-level compatibility cluster surface remap preserves provider boundary compile policy and compatibility parser isolation;private provider implementation detail is not recorded
FPR-P2-CLUSTER-00238,immudb,reference_surface:placement_policy,reference_surface:placement_policy,cluster.security.validate_policy_version,required_new:sblr.cluster.security.v1:cluster.security.validate_policy_version,required_new:sblr.cluster.security.v1:cluster.security.validate_policy_version,docs/reference/compatibility_release_acquisition/immudb/1.11.0/source/CHANGELOG.md#keyword:placement,own_compatibility_surface_only,FPR-P2,not_cluster_query,cluster.validate_policy_version,provider_routed_public_boundary_manifested,functionality_unsupported;kClusterSupportNotEnabledCode;unsupported_feature=cluster.provider;no_provider_call;fail_closed,functionality_unlicensed;kClusterHandshakeStubCompileLinkOnlyCode;unsupported_feature=cluster.provider.stub;public_compile_link_boundary_only;no_cluster_authority_or_production_behavior,private_internal_provider_required;provider_api_boundary=cluster.validate_policy_version;no_private_source_or_implementation_detail,compile_flag_disabled_returns_functionality_unsupported;public_stub_enabled_returns_functionality_unlicensed;private_provider_required_for_execution,provider_boundary_route_required,FSE-P7-PROOF-00045,sblr_surface_fse_p7_execution_proof_gate,query.plan_operation_never_cluster_authority;local_query_sblr_remains_local_engine_authority,parser_emits_normalized_cluster_sblr_only;parser_execution_storage_finality_authority_forbidden,compatibility_cluster_execution_storage_transaction_finality_authority_forbidden,project/tests/compatibility_sql_parser_first_tranche/parser_remap_cluster_route_gate.py,parser_remap_cluster_route_gate,p2_cluster_route_remap_verified,row-level compatibility cluster surface remap preserves provider boundary compile policy and compatibility parser isolation;private provider implementation detail is not recorded
FPR-P2-CLUSTER-00239,immudb,reference_surface:replica_control,reference_surface:replica_control,cluster.tx.begin_distributed,required_new:sblr.cluster.transaction.v1:cluster.tx.begin_distributed,required_new:sblr.cluster.transaction.v1:cluster.tx.begin_distributed,docs/reference/compatibility_release_acquisition/immudb/1.11.0/source/CHANGELOG.md#keyword:replica,own_compatibility_surface_only,FPR-P2,not_cluster_query,cluster.begin_distributed_transaction,provider_routed_public_boundary_manifested,functionality_unsupported;kClusterSupportNotEnabledCode;unsupported_feature=cluster.provider;no_provider_call;fail_closed,functionality_unlicensed;kClusterHandshakeStubCompileLinkOnlyCode;unsupported_feature=cluster.provider.stub;public_compile_link_boundary_only;no_cluster_authority_or_production_behavior,private_internal_provider_required;provider_api_boundary=cluster.begin_distributed_transaction;no_private_source_or_implementation_detail,compile_flag_disabled_returns_functionality_unsupported;public_stub_enabled_returns_functionality_unlicensed;private_provider_required_for_execution,provider_boundary_route_required,FSE-P7-PROOF-00054,sblr_surface_fse_p7_execution_proof_gate,query.plan_operation_never_cluster_authority;local_query_sblr_remains_local_engine_authority,parser_emits_normalized_cluster_sblr_only;parser_execution_storage_finality_authority_forbidden,compatibility_cluster_execution_storage_transaction_finality_authority_forbidden,project/tests/compatibility_sql_parser_first_tranche/parser_remap_cluster_route_gate.py,parser_remap_cluster_route_gate,p2_cluster_route_remap_verified,row-level compatibility cluster surface remap preserves provider boundary compile policy and compatibility parser isolation;private provider implementation detail is not recorded
FPR-P2-CLUSTER-00240,immudb,reference_surface:leader_election,reference_surface:leader_election,cluster.node.set_role,sblr.cluster.control.v3:cluster.node.set_role,sblr.cluster.control.v3:cluster.node.set_role,docs/reference/compatibility_release_acquisition/immudb/1.11.0/source/CODE_OF_CONDUCT.md#keyword:leader,own_compatibility_surface_only,FPR-P2,not_cluster_query,cluster.set_node_role,provider_routed_public_boundary_manifested,functionality_unsupported;kClusterSupportNotEnabledCode;unsupported_feature=cluster.provider;no_provider_call;fail_closed,functionality_unlicensed;kClusterHandshakeStubCompileLinkOnlyCode;unsupported_feature=cluster.provider.stub;public_compile_link_boundary_only;no_cluster_authority_or_production_behavior,private_internal_provider_required;provider_api_boundary=cluster.set_node_role;no_private_source_or_implementation_detail,compile_flag_disabled_returns_functionality_unsupported;public_stub_enabled_returns_functionality_unlicensed;private_provider_required_for_execution,provider_boundary_route_required,FSE-P7-PROOF-00016,sblr_surface_fse_p7_execution_proof_gate,query.plan_operation_never_cluster_authority;local_query_sblr_remains_local_engine_authority,parser_emits_normalized_cluster_sblr_only;parser_execution_storage_finality_authority_forbidden,compatibility_cluster_execution_storage_transaction_finality_authority_forbidden,project/tests/compatibility_sql_parser_first_tranche/parser_remap_cluster_route_gate.py,parser_remap_cluster_route_gate,p2_cluster_route_remap_verified,row-level compatibility cluster surface remap preserves provider boundary compile policy and compatibility parser isolation;private provider implementation detail is not recorded
FPR-P2-CLUSTER-00241,influxdb,reference_surface:cluster_topology_or_control,reference_surface:cluster_topology_or_control,cluster.job.start_controlled,sblr.cluster.control.v3:cluster.job.start_controlled,sblr.cluster.control.v3:cluster.job.start_controlled,docs/reference/compatibility_catalog_seeds/influxdb/influxdb_3_beta2_full_seed_manifest.yaml#keyword:cluster,own_compatibility_surface_only,FPR-P2,not_cluster_query,cluster.start_job,provider_routed_public_boundary_manifested,functionality_unsupported;kClusterSupportNotEnabledCode;unsupported_feature=cluster.provider;no_provider_call;fail_closed,functionality_unlicensed;kClusterHandshakeStubCompileLinkOnlyCode;unsupported_feature=cluster.provider.stub;public_compile_link_boundary_only;no_cluster_authority_or_production_behavior,private_internal_provider_required;provider_api_boundary=cluster.start_job;no_private_source_or_implementation_detail,compile_flag_disabled_returns_functionality_unsupported;public_stub_enabled_returns_functionality_unlicensed;private_provider_required_for_execution,provider_boundary_route_required,FSE-P7-PROOF-00005,sblr_surface_fse_p7_execution_proof_gate,query.plan_operation_never_cluster_authority;local_query_sblr_remains_local_engine_authority,parser_emits_normalized_cluster_sblr_only;parser_execution_storage_finality_authority_forbidden,compatibility_cluster_execution_storage_transaction_finality_authority_forbidden,project/tests/compatibility_sql_parser_first_tranche/parser_remap_cluster_route_gate.py,parser_remap_cluster_route_gate,p2_cluster_route_remap_verified,row-level compatibility cluster surface remap preserves provider boundary compile policy and compatibility parser isolation;private provider implementation detail is not recorded
FPR-P2-CLUSTER-00242,influxdb,reference_surface:replication_control,reference_surface:replication_control,cluster.replication.consume_cluster_event,sblr.replication.consumer.v3:cluster.replication.consume_cluster_event,sblr.replication.consumer.v3:cluster.replication.consume_cluster_event,docs/reference/compatibility_catalog_seeds/influxdb/influxdb_3_beta2_full_seed_manifest.yaml#keyword:replication,own_compatibility_surface_only,FPR-P2,not_cluster_query,cluster.inspect_replication,provider_routed_public_boundary_manifested,functionality_unsupported;kClusterSupportNotEnabledCode;unsupported_feature=cluster.provider;no_provider_call;fail_closed,functionality_unlicensed;kClusterHandshakeStubCompileLinkOnlyCode;unsupported_feature=cluster.provider.stub;public_compile_link_boundary_only;no_cluster_authority_or_production_behavior,private_internal_provider_required;provider_api_boundary=cluster.inspect_replication;no_private_source_or_implementation_detail,compile_flag_disabled_returns_functionality_unsupported;public_stub_enabled_returns_functionality_unlicensed;private_provider_required_for_execution,provider_boundary_route_required,FSE-P7-PROOF-00036,sblr_surface_fse_p7_execution_proof_gate,query.plan_operation_never_cluster_authority;local_query_sblr_remains_local_engine_authority,parser_emits_normalized_cluster_sblr_only;parser_execution_storage_finality_authority_forbidden,compatibility_cluster_execution_storage_transaction_finality_authority_forbidden,project/tests/compatibility_sql_parser_first_tranche/parser_remap_cluster_route_gate.py,parser_remap_cluster_route_gate,p2_cluster_route_remap_verified,row-level compatibility cluster surface remap preserves provider boundary compile policy and compatibility parser isolation;private provider implementation detail is not recorded
FPR-P2-CLUSTER-00243,influxdb,reference_surface:cdc_stream,reference_surface:cdc_stream,cluster.metrics.emit_event,sblr.cluster.report.v3:cluster.metrics.emit_event,sblr.cluster.report.v3:cluster.metrics.emit_event,docs/reference/compatibility_catalog_seeds/influxdb/influxdb_3_beta2_full_seed_manifest.yaml#keyword:cdc,own_compatibility_surface_only,FPR-P2,not_cluster_query,cluster.emit_event,provider_routed_public_boundary_manifested,functionality_unsupported;kClusterSupportNotEnabledCode;unsupported_feature=cluster.provider;no_provider_call;fail_closed,functionality_unlicensed;kClusterHandshakeStubCompileLinkOnlyCode;unsupported_feature=cluster.provider.stub;public_compile_link_boundary_only;no_cluster_authority_or_production_behavior,private_internal_provider_required;provider_api_boundary=cluster.emit_event;no_private_source_or_implementation_detail,compile_flag_disabled_returns_functionality_unsupported;public_stub_enabled_returns_functionality_unlicensed;private_provider_required_for_execution,provider_boundary_route_required,FSE-P7-PROOF-00008,sblr_surface_fse_p7_execution_proof_gate,query.plan_operation_never_cluster_authority;local_query_sblr_remains_local_engine_authority,parser_emits_normalized_cluster_sblr_only;parser_execution_storage_finality_authority_forbidden,compatibility_cluster_execution_storage_transaction_finality_authority_forbidden,project/tests/compatibility_sql_parser_first_tranche/parser_remap_cluster_route_gate.py,parser_remap_cluster_route_gate,p2_cluster_route_remap_verified,row-level compatibility cluster surface remap preserves provider boundary compile policy and compatibility parser isolation;private provider implementation detail is not recorded
FPR-P2-CLUSTER-00244,influxdb,reference_surface:shard_placement,reference_surface:shard_placement,cluster.placement.assign_tablet_range,required_new:sblr.cluster.placement.v1:cluster.placement.assign_tablet_range,required_new:sblr.cluster.placement.v1:cluster.placement.assign_tablet_range,docs/reference/compatibility_catalog_seeds/influxdb/influxdb_3_beta2_full_seed_manifest.yaml#keyword:shard,own_compatibility_surface_only,FPR-P2,not_cluster_query,cluster.assign_tablet_range,provider_routed_public_boundary_manifested,functionality_unsupported;kClusterSupportNotEnabledCode;unsupported_feature=cluster.provider;no_provider_call;fail_closed,functionality_unlicensed;kClusterHandshakeStubCompileLinkOnlyCode;unsupported_feature=cluster.provider.stub;public_compile_link_boundary_only;no_cluster_authority_or_production_behavior,private_internal_provider_required;provider_api_boundary=cluster.assign_tablet_range;no_private_source_or_implementation_detail,compile_flag_disabled_returns_functionality_unsupported;public_stub_enabled_returns_functionality_unlicensed;private_provider_required_for_execution,provider_boundary_route_required,FSE-P7-PROOF-00018,sblr_surface_fse_p7_execution_proof_gate,query.plan_operation_never_cluster_authority;local_query_sblr_remains_local_engine_authority,parser_emits_normalized_cluster_sblr_only;parser_execution_storage_finality_authority_forbidden,compatibility_cluster_execution_storage_transaction_finality_authority_forbidden,project/tests/compatibility_sql_parser_first_tranche/parser_remap_cluster_route_gate.py,parser_remap_cluster_route_gate,p2_cluster_route_remap_verified,row-level compatibility cluster surface remap preserves provider boundary compile policy and compatibility parser isolation;private provider implementation detail is not recorded
FPR-P2-CLUSTER-00245,influxdb,reference_surface:placement_policy,reference_surface:placement_policy,cluster.security.validate_policy_version,required_new:sblr.cluster.security.v1:cluster.security.validate_policy_version,required_new:sblr.cluster.security.v1:cluster.security.validate_policy_version,docs/reference/compatibility_catalog_seeds/influxdb/influxdb_3_beta2_full_seed_manifest.yaml#keyword:placement,own_compatibility_surface_only,FPR-P2,not_cluster_query,cluster.validate_policy_version,provider_routed_public_boundary_manifested,functionality_unsupported;kClusterSupportNotEnabledCode;unsupported_feature=cluster.provider;no_provider_call;fail_closed,functionality_unlicensed;kClusterHandshakeStubCompileLinkOnlyCode;unsupported_feature=cluster.provider.stub;public_compile_link_boundary_only;no_cluster_authority_or_production_behavior,private_internal_provider_required;provider_api_boundary=cluster.validate_policy_version;no_private_source_or_implementation_detail,compile_flag_disabled_returns_functionality_unsupported;public_stub_enabled_returns_functionality_unlicensed;private_provider_required_for_execution,provider_boundary_route_required,FSE-P7-PROOF-00045,sblr_surface_fse_p7_execution_proof_gate,query.plan_operation_never_cluster_authority;local_query_sblr_remains_local_engine_authority,parser_emits_normalized_cluster_sblr_only;parser_execution_storage_finality_authority_forbidden,compatibility_cluster_execution_storage_transaction_finality_authority_forbidden,project/tests/compatibility_sql_parser_first_tranche/parser_remap_cluster_route_gate.py,parser_remap_cluster_route_gate,p2_cluster_route_remap_verified,row-level compatibility cluster surface remap preserves provider boundary compile policy and compatibility parser isolation;private provider implementation detail is not recorded
FPR-P2-CLUSTER-00246,influxdb,reference_surface:replica_control,reference_surface:replica_control,cluster.tx.begin_distributed,required_new:sblr.cluster.transaction.v1:cluster.tx.begin_distributed,required_new:sblr.cluster.transaction.v1:cluster.tx.begin_distributed,docs/reference/compatibility_catalog_seeds/influxdb/influxdb_3_beta2_full_seed_manifest.yaml#keyword:replica,own_compatibility_surface_only,FPR-P2,not_cluster_query,cluster.begin_distributed_transaction,provider_routed_public_boundary_manifested,functionality_unsupported;kClusterSupportNotEnabledCode;unsupported_feature=cluster.provider;no_provider_call;fail_closed,functionality_unlicensed;kClusterHandshakeStubCompileLinkOnlyCode;unsupported_feature=cluster.provider.stub;public_compile_link_boundary_only;no_cluster_authority_or_production_behavior,private_internal_provider_required;provider_api_boundary=cluster.begin_distributed_transaction;no_private_source_or_implementation_detail,compile_flag_disabled_returns_functionality_unsupported;public_stub_enabled_returns_functionality_unlicensed;private_provider_required_for_execution,provider_boundary_route_required,FSE-P7-PROOF-00054,sblr_surface_fse_p7_execution_proof_gate,query.plan_operation_never_cluster_authority;local_query_sblr_remains_local_engine_authority,parser_emits_normalized_cluster_sblr_only;parser_execution_storage_finality_authority_forbidden,compatibility_cluster_execution_storage_transaction_finality_authority_forbidden,project/tests/compatibility_sql_parser_first_tranche/parser_remap_cluster_route_gate.py,parser_remap_cluster_route_gate,p2_cluster_route_remap_verified,row-level compatibility cluster surface remap preserves provider boundary compile policy and compatibility parser isolation;private provider implementation detail is not recorded
FPR-P2-CLUSTER-00247,influxdb,reference_surface:range_placement,reference_surface:range_placement,cluster.placement.assign_tablet_range,required_new:sblr.cluster.placement.v1:cluster.placement.assign_tablet_range,required_new:sblr.cluster.placement.v1:cluster.placement.assign_tablet_range,docs/reference/compatibility_release_acquisition/influxdb/3.9.0/source/.circleci/config.yml#keyword:range,own_compatibility_surface_only,FPR-P2,not_cluster_query,cluster.assign_tablet_range,provider_routed_public_boundary_manifested,functionality_unsupported;kClusterSupportNotEnabledCode;unsupported_feature=cluster.provider;no_provider_call;fail_closed,functionality_unlicensed;kClusterHandshakeStubCompileLinkOnlyCode;unsupported_feature=cluster.provider.stub;public_compile_link_boundary_only;no_cluster_authority_or_production_behavior,private_internal_provider_required;provider_api_boundary=cluster.assign_tablet_range;no_private_source_or_implementation_detail,compile_flag_disabled_returns_functionality_unsupported;public_stub_enabled_returns_functionality_unlicensed;private_provider_required_for_execution,provider_boundary_route_required,FSE-P7-PROOF-00018,sblr_surface_fse_p7_execution_proof_gate,query.plan_operation_never_cluster_authority;local_query_sblr_remains_local_engine_authority,parser_emits_normalized_cluster_sblr_only;parser_execution_storage_finality_authority_forbidden,compatibility_cluster_execution_storage_transaction_finality_authority_forbidden,project/tests/compatibility_sql_parser_first_tranche/parser_remap_cluster_route_gate.py,parser_remap_cluster_route_gate,p2_cluster_route_remap_verified,row-level compatibility cluster surface remap preserves provider boundary compile policy and compatibility parser isolation;private provider implementation detail is not recorded
FPR-P2-CLUSTER-00248,influxdb,reference_surface:distributed_execution_or_control,reference_surface:distributed_execution_or_control,cluster.query.plan_distributed,required_new:sblr.cluster.query.v1:cluster.query.plan_distributed,required_new:sblr.cluster.query.v1:cluster.query.plan_distributed,docs/reference/compatibility_release_acquisition/influxdb/3.9.0/source/README_processing_engine.md#keyword:distributed,own_compatibility_surface_only,FPR-P2,cross_node_distributed_cluster_authority_not_local_query,cluster.query.plan_distributed,provider_routed_public_boundary_manifested,functionality_unsupported;kClusterSupportNotEnabledCode;unsupported_feature=cluster.provider;no_provider_call;fail_closed,functionality_unlicensed;kClusterHandshakeStubCompileLinkOnlyCode;unsupported_feature=cluster.provider.stub;public_compile_link_boundary_only;no_cluster_authority_or_production_behavior,private_internal_provider_required;provider_api_boundary=cluster.query.plan_distributed;no_private_source_or_implementation_detail,compile_flag_disabled_returns_functionality_unsupported;public_stub_enabled_returns_functionality_unlicensed;private_provider_required_for_execution,provider_boundary_route_required,FSE-P7-PROOF-00027,sblr_surface_fse_p7_execution_proof_gate,cluster_query_requires_provider_boundary;query.plan_operation_never_cluster_authority;local_query_sblr_remains_local_engine_authority,parser_emits_normalized_cluster_sblr_only;parser_execution_storage_finality_authority_forbidden,compatibility_cluster_execution_storage_transaction_finality_authority_forbidden,project/tests/compatibility_sql_parser_first_tranche/parser_remap_cluster_route_gate.py,parser_remap_cluster_route_gate,p2_cluster_route_remap_verified,row-level compatibility cluster surface remap preserves provider boundary compile policy and compatibility parser isolation;private provider implementation detail is not recorded
FPR-P2-CLUSTER-00249,influxdb,reference_surface:changefeed_stream,reference_surface:changefeed_stream,cluster.metrics.emit_event,sblr.cluster.report.v3:cluster.metrics.emit_event,sblr.cluster.report.v3:cluster.metrics.emit_event,docs/specifications/chapters/compatibilitys/influxdb/README.md#keyword:changefeed,own_compatibility_surface_only,FPR-P2,not_cluster_query,cluster.emit_event,provider_routed_public_boundary_manifested,functionality_unsupported;kClusterSupportNotEnabledCode;unsupported_feature=cluster.provider;no_provider_call;fail_closed,functionality_unlicensed;kClusterHandshakeStubCompileLinkOnlyCode;unsupported_feature=cluster.provider.stub;public_compile_link_boundary_only;no_cluster_authority_or_production_behavior,private_internal_provider_required;provider_api_boundary=cluster.emit_event;no_private_source_or_implementation_detail,compile_flag_disabled_returns_functionality_unsupported;public_stub_enabled_returns_functionality_unlicensed;private_provider_required_for_execution,provider_boundary_route_required,FSE-P7-PROOF-00008,sblr_surface_fse_p7_execution_proof_gate,query.plan_operation_never_cluster_authority;local_query_sblr_remains_local_engine_authority,parser_emits_normalized_cluster_sblr_only;parser_execution_storage_finality_authority_forbidden,compatibility_cluster_execution_storage_transaction_finality_authority_forbidden,project/tests/compatibility_sql_parser_first_tranche/parser_remap_cluster_route_gate.py,parser_remap_cluster_route_gate,p2_cluster_route_remap_verified,row-level compatibility cluster surface remap preserves provider boundary compile policy and compatibility parser isolation;private provider implementation detail is not recorded
FPR-P2-CLUSTER-00250,influxdb,reference_surface:partition_distribution,reference_surface:partition_distribution,cluster.placement.validate_partition_distribution,required_new:sblr.cluster.placement.v1:cluster.placement.validate_partition_distribution,required_new:sblr.cluster.placement.v1:cluster.placement.validate_partition_distribution,docs/specifications/chapters/compatibilitys/influxdb/appendix-compatibility-influxdb-exact-extraction-slice-4-migration-changefeed-retention-compaction-and-query-optimization-profile.md#keyword:partition,own_compatibility_surface_only,FPR-P2,not_cluster_query,cluster.validate_partition_distribution,provider_routed_public_boundary_manifested,functionality_unsupported;kClusterSupportNotEnabledCode;unsupported_feature=cluster.provider;no_provider_call;fail_closed,functionality_unlicensed;kClusterHandshakeStubCompileLinkOnlyCode;unsupported_feature=cluster.provider.stub;public_compile_link_boundary_only;no_cluster_authority_or_production_behavior,private_internal_provider_required;provider_api_boundary=cluster.validate_partition_distribution;no_private_source_or_implementation_detail,compile_flag_disabled_returns_functionality_unsupported;public_stub_enabled_returns_functionality_unlicensed;private_provider_required_for_execution,provider_boundary_route_required,FSE-P7-PROOF-00021,sblr_surface_fse_p7_execution_proof_gate,query.plan_operation_never_cluster_authority;local_query_sblr_remains_local_engine_authority,parser_emits_normalized_cluster_sblr_only;parser_execution_storage_finality_authority_forbidden,compatibility_cluster_execution_storage_transaction_finality_authority_forbidden,project/tests/compatibility_sql_parser_first_tranche/parser_remap_cluster_route_gate.py,parser_remap_cluster_route_gate,p2_cluster_route_remap_verified,row-level compatibility cluster surface remap preserves provider boundary compile policy and compatibility parser isolation;private provider implementation detail is not recorded
FPR-P2-CLUSTER-00251,mariadb,reference_surface:cluster_topology_or_control,reference_surface:cluster_topology_or_control,cluster.job.start_controlled,sblr.cluster.control.v3:cluster.job.start_controlled,sblr.cluster.control.v3:cluster.job.start_controlled,docs/reference/compatibility_catalog_seeds/mariadb/mariadb_11_4_beta2_full_seed_manifest.yaml#keyword:cluster,own_compatibility_surface_only,FPR-P2,not_cluster_query,cluster.start_job,provider_routed_public_boundary_manifested,functionality_unsupported;kClusterSupportNotEnabledCode;unsupported_feature=cluster.provider;no_provider_call;fail_closed,functionality_unlicensed;kClusterHandshakeStubCompileLinkOnlyCode;unsupported_feature=cluster.provider.stub;public_compile_link_boundary_only;no_cluster_authority_or_production_behavior,private_internal_provider_required;provider_api_boundary=cluster.start_job;no_private_source_or_implementation_detail,compile_flag_disabled_returns_functionality_unsupported;public_stub_enabled_returns_functionality_unlicensed;private_provider_required_for_execution,provider_boundary_route_required,FSE-P7-PROOF-00005,sblr_surface_fse_p7_execution_proof_gate,query.plan_operation_never_cluster_authority;local_query_sblr_remains_local_engine_authority,parser_emits_normalized_cluster_sblr_only;parser_execution_storage_finality_authority_forbidden,compatibility_cluster_execution_storage_transaction_finality_authority_forbidden,project/tests/compatibility_sql_parser_first_tranche/parser_remap_cluster_route_gate.py,parser_remap_cluster_route_gate,p2_cluster_route_remap_verified,row-level compatibility cluster surface remap preserves provider boundary compile policy and compatibility parser isolation;private provider implementation detail is not recorded
FPR-P2-CLUSTER-00252,mariadb,reference_surface:replication_control,reference_surface:replication_control,cluster.replication.consume_cluster_event,sblr.replication.consumer.v3:cluster.replication.consume_cluster_event,sblr.replication.consumer.v3:cluster.replication.consume_cluster_event,docs/reference/compatibility_catalog_seeds/mariadb/mariadb_11_4_beta2_full_seed_manifest.yaml#keyword:replication,own_compatibility_surface_only,FPR-P2,not_cluster_query,cluster.inspect_replication,provider_routed_public_boundary_manifested,functionality_unsupported;kClusterSupportNotEnabledCode;unsupported_feature=cluster.provider;no_provider_call;fail_closed,functionality_unlicensed;kClusterHandshakeStubCompileLinkOnlyCode;unsupported_feature=cluster.provider.stub;public_compile_link_boundary_only;no_cluster_authority_or_production_behavior,private_internal_provider_required;provider_api_boundary=cluster.inspect_replication;no_private_source_or_implementation_detail,compile_flag_disabled_returns_functionality_unsupported;public_stub_enabled_returns_functionality_unlicensed;private_provider_required_for_execution,provider_boundary_route_required,FSE-P7-PROOF-00036,sblr_surface_fse_p7_execution_proof_gate,query.plan_operation_never_cluster_authority;local_query_sblr_remains_local_engine_authority,parser_emits_normalized_cluster_sblr_only;parser_execution_storage_finality_authority_forbidden,compatibility_cluster_execution_storage_transaction_finality_authority_forbidden,project/tests/compatibility_sql_parser_first_tranche/parser_remap_cluster_route_gate.py,parser_remap_cluster_route_gate,p2_cluster_route_remap_verified,row-level compatibility cluster surface remap preserves provider boundary compile policy and compatibility parser isolation;private provider implementation detail is not recorded
FPR-P2-CLUSTER-00253,mariadb,reference_surface:cdc_stream,reference_surface:cdc_stream,cluster.metrics.emit_event,sblr.cluster.report.v3:cluster.metrics.emit_event,sblr.cluster.report.v3:cluster.metrics.emit_event,docs/reference/compatibility_catalog_seeds/mariadb/mariadb_11_4_beta2_full_seed_manifest.yaml#keyword:cdc,own_compatibility_surface_only,FPR-P2,not_cluster_query,cluster.emit_event,provider_routed_public_boundary_manifested,functionality_unsupported;kClusterSupportNotEnabledCode;unsupported_feature=cluster.provider;no_provider_call;fail_closed,functionality_unlicensed;kClusterHandshakeStubCompileLinkOnlyCode;unsupported_feature=cluster.provider.stub;public_compile_link_boundary_only;no_cluster_authority_or_production_behavior,private_internal_provider_required;provider_api_boundary=cluster.emit_event;no_private_source_or_implementation_detail,compile_flag_disabled_returns_functionality_unsupported;public_stub_enabled_returns_functionality_unlicensed;private_provider_required_for_execution,provider_boundary_route_required,FSE-P7-PROOF-00008,sblr_surface_fse_p7_execution_proof_gate,query.plan_operation_never_cluster_authority;local_query_sblr_remains_local_engine_authority,parser_emits_normalized_cluster_sblr_only;parser_execution_storage_finality_authority_forbidden,compatibility_cluster_execution_storage_transaction_finality_authority_forbidden,project/tests/compatibility_sql_parser_first_tranche/parser_remap_cluster_route_gate.py,parser_remap_cluster_route_gate,p2_cluster_route_remap_verified,row-level compatibility cluster surface remap preserves provider boundary compile policy and compatibility parser isolation;private provider implementation detail is not recorded
FPR-P2-CLUSTER-00254,mariadb,reference_surface:galera_cluster,reference_surface:galera_cluster,cluster.reconcile.apply_merge_policy,required_new:sblr.cluster.reconciliation.v1:cluster.reconcile.apply_merge_policy,required_new:sblr.cluster.reconciliation.v1:cluster.reconcile.apply_merge_policy,docs/reference/compatibility_catalog_seeds/mariadb/mariadb_11_4_beta2_full_seed_manifest.yaml#keyword:galera,own_compatibility_surface_only,FPR-P2,not_cluster_query,cluster.apply_merge_policy,provider_routed_public_boundary_manifested,functionality_unsupported;kClusterSupportNotEnabledCode;unsupported_feature=cluster.provider;no_provider_call;fail_closed,functionality_unlicensed;kClusterHandshakeStubCompileLinkOnlyCode;unsupported_feature=cluster.provider.stub;public_compile_link_boundary_only;no_cluster_authority_or_production_behavior,private_internal_provider_required;provider_api_boundary=cluster.apply_merge_policy;no_private_source_or_implementation_detail,compile_flag_disabled_returns_functionality_unsupported;public_stub_enabled_returns_functionality_unlicensed;private_provider_required_for_execution,provider_boundary_route_required,FSE-P7-PROOF-00031,sblr_surface_fse_p7_execution_proof_gate,query.plan_operation_never_cluster_authority;local_query_sblr_remains_local_engine_authority,parser_emits_normalized_cluster_sblr_only;parser_execution_storage_finality_authority_forbidden,compatibility_cluster_execution_storage_transaction_finality_authority_forbidden,project/tests/compatibility_sql_parser_first_tranche/parser_remap_cluster_route_gate.py,parser_remap_cluster_route_gate,p2_cluster_route_remap_verified,row-level compatibility cluster surface remap preserves provider boundary compile policy and compatibility parser isolation;private provider implementation detail is not recorded
FPR-P2-CLUSTER-00255,mariadb,reference_surface:placement_policy,reference_surface:placement_policy,cluster.security.validate_policy_version,required_new:sblr.cluster.security.v1:cluster.security.validate_policy_version,required_new:sblr.cluster.security.v1:cluster.security.validate_policy_version,docs/reference/compatibility_catalog_seeds/mariadb/mariadb_11_4_beta2_full_seed_manifest.yaml#keyword:placement,own_compatibility_surface_only,FPR-P2,not_cluster_query,cluster.validate_policy_version,provider_routed_public_boundary_manifested,functionality_unsupported;kClusterSupportNotEnabledCode;unsupported_feature=cluster.provider;no_provider_call;fail_closed,functionality_unlicensed;kClusterHandshakeStubCompileLinkOnlyCode;unsupported_feature=cluster.provider.stub;public_compile_link_boundary_only;no_cluster_authority_or_production_behavior,private_internal_provider_required;provider_api_boundary=cluster.validate_policy_version;no_private_source_or_implementation_detail,compile_flag_disabled_returns_functionality_unsupported;public_stub_enabled_returns_functionality_unlicensed;private_provider_required_for_execution,provider_boundary_route_required,FSE-P7-PROOF-00045,sblr_surface_fse_p7_execution_proof_gate,query.plan_operation_never_cluster_authority;local_query_sblr_remains_local_engine_authority,parser_emits_normalized_cluster_sblr_only;parser_execution_storage_finality_authority_forbidden,compatibility_cluster_execution_storage_transaction_finality_authority_forbidden,project/tests/compatibility_sql_parser_first_tranche/parser_remap_cluster_route_gate.py,parser_remap_cluster_route_gate,p2_cluster_route_remap_verified,row-level compatibility cluster surface remap preserves provider boundary compile policy and compatibility parser isolation;private provider implementation detail is not recorded
FPR-P2-CLUSTER-00256,mariadb,reference_surface:replica_control,reference_surface:replica_control,cluster.tx.begin_distributed,required_new:sblr.cluster.transaction.v1:cluster.tx.begin_distributed,required_new:sblr.cluster.transaction.v1:cluster.tx.begin_distributed,docs/reference/compatibility_catalog_seeds/mariadb/mariadb_11_4_beta2_full_seed_manifest.yaml#keyword:replica,own_compatibility_surface_only,FPR-P2,not_cluster_query,cluster.begin_distributed_transaction,provider_routed_public_boundary_manifested,functionality_unsupported;kClusterSupportNotEnabledCode;unsupported_feature=cluster.provider;no_provider_call;fail_closed,functionality_unlicensed;kClusterHandshakeStubCompileLinkOnlyCode;unsupported_feature=cluster.provider.stub;public_compile_link_boundary_only;no_cluster_authority_or_production_behavior,private_internal_provider_required;provider_api_boundary=cluster.begin_distributed_transaction;no_private_source_or_implementation_detail,compile_flag_disabled_returns_functionality_unsupported;public_stub_enabled_returns_functionality_unlicensed;private_provider_required_for_execution,provider_boundary_route_required,FSE-P7-PROOF-00054,sblr_surface_fse_p7_execution_proof_gate,query.plan_operation_never_cluster_authority;local_query_sblr_remains_local_engine_authority,parser_emits_normalized_cluster_sblr_only;parser_execution_storage_finality_authority_forbidden,compatibility_cluster_execution_storage_transaction_finality_authority_forbidden,project/tests/compatibility_sql_parser_first_tranche/parser_remap_cluster_route_gate.py,parser_remap_cluster_route_gate,p2_cluster_route_remap_verified,row-level compatibility cluster surface remap preserves provider boundary compile policy and compatibility parser isolation;private provider implementation detail is not recorded
FPR-P2-CLUSTER-00257,mariadb,reference_surface:raft_consensus,reference_surface:raft_consensus,cluster.tx.validate_finality_proof,required_new:sblr.cluster.transaction.v1:cluster.tx.validate_finality_proof,required_new:sblr.cluster.transaction.v1:cluster.tx.validate_finality_proof,docs/reference/compatibility_catalog_seeds/mariadb/mariadb_catalog_object_mapping.csv#keyword:raft,own_compatibility_surface_only,FPR-P2,not_cluster_query,cluster.validate_finality_proof,provider_routed_public_boundary_manifested,functionality_unsupported;kClusterSupportNotEnabledCode;unsupported_feature=cluster.provider;no_provider_call;fail_closed,functionality_unlicensed;kClusterHandshakeStubCompileLinkOnlyCode;unsupported_feature=cluster.provider.stub;public_compile_link_boundary_only;no_cluster_authority_or_production_behavior,private_internal_provider_required;provider_api_boundary=cluster.validate_finality_proof;no_private_source_or_implementation_detail,compile_flag_disabled_returns_functionality_unsupported;public_stub_enabled_returns_functionality_unlicensed;private_provider_required_for_execution,provider_boundary_route_required,FSE-P7-PROOF-00059,sblr_surface_fse_p7_execution_proof_gate,query.plan_operation_never_cluster_authority;local_query_sblr_remains_local_engine_authority,parser_emits_normalized_cluster_sblr_only;parser_execution_storage_finality_authority_forbidden,compatibility_cluster_execution_storage_transaction_finality_authority_forbidden,project/tests/compatibility_sql_parser_first_tranche/parser_remap_cluster_route_gate.py,parser_remap_cluster_route_gate,p2_cluster_route_remap_verified,row-level compatibility cluster surface remap preserves provider boundary compile policy and compatibility parser isolation;private provider implementation detail is not recorded
FPR-P2-CLUSTER-00258,mariadb,reference_surface:distributed_execution_or_control,reference_surface:distributed_execution_or_control,cluster.query.plan_distributed,required_new:sblr.cluster.query.v1:cluster.query.plan_distributed,required_new:sblr.cluster.query.v1:cluster.query.plan_distributed,docs/reference/compatibility_release_acquisition/mariadb/12.2.2/regression/mysql-test/CMakeLists.txt#keyword:distributed,own_compatibility_surface_only,FPR-P2,cross_node_distributed_cluster_authority_not_local_query,cluster.query.plan_distributed,provider_routed_public_boundary_manifested,functionality_unsupported;kClusterSupportNotEnabledCode;unsupported_feature=cluster.provider;no_provider_call;fail_closed,functionality_unlicensed;kClusterHandshakeStubCompileLinkOnlyCode;unsupported_feature=cluster.provider.stub;public_compile_link_boundary_only;no_cluster_authority_or_production_behavior,private_internal_provider_required;provider_api_boundary=cluster.query.plan_distributed;no_private_source_or_implementation_detail,compile_flag_disabled_returns_functionality_unsupported;public_stub_enabled_returns_functionality_unlicensed;private_provider_required_for_execution,provider_boundary_route_required,FSE-P7-PROOF-00027,sblr_surface_fse_p7_execution_proof_gate,cluster_query_requires_provider_boundary;query.plan_operation_never_cluster_authority;local_query_sblr_remains_local_engine_authority,parser_emits_normalized_cluster_sblr_only;parser_execution_storage_finality_authority_forbidden,compatibility_cluster_execution_storage_transaction_finality_authority_forbidden,project/tests/compatibility_sql_parser_first_tranche/parser_remap_cluster_route_gate.py,parser_remap_cluster_route_gate,p2_cluster_route_remap_verified,row-level compatibility cluster surface remap preserves provider boundary compile policy and compatibility parser isolation;private provider implementation detail is not recorded
FPR-P2-CLUSTER-00259,mariadb,reference_surface:partition_distribution,reference_surface:partition_distribution,cluster.placement.validate_partition_distribution,required_new:sblr.cluster.placement.v1:cluster.placement.validate_partition_distribution,required_new:sblr.cluster.placement.v1:cluster.placement.validate_partition_distribution,docs/reference/compatibility_release_acquisition/mariadb/12.2.2/regression/mysql-test/CMakeLists.txt#keyword:partition,own_compatibility_surface_only,FPR-P2,not_cluster_query,cluster.validate_partition_distribution,provider_routed_public_boundary_manifested,functionality_unsupported;kClusterSupportNotEnabledCode;unsupported_feature=cluster.provider;no_provider_call;fail_closed,functionality_unlicensed;kClusterHandshakeStubCompileLinkOnlyCode;unsupported_feature=cluster.provider.stub;public_compile_link_boundary_only;no_cluster_authority_or_production_behavior,private_internal_provider_required;provider_api_boundary=cluster.validate_partition_distribution;no_private_source_or_implementation_detail,compile_flag_disabled_returns_functionality_unsupported;public_stub_enabled_returns_functionality_unlicensed;private_provider_required_for_execution,provider_boundary_route_required,FSE-P7-PROOF-00021,sblr_surface_fse_p7_execution_proof_gate,query.plan_operation_never_cluster_authority;local_query_sblr_remains_local_engine_authority,parser_emits_normalized_cluster_sblr_only;parser_execution_storage_finality_authority_forbidden,compatibility_cluster_execution_storage_transaction_finality_authority_forbidden,project/tests/compatibility_sql_parser_first_tranche/parser_remap_cluster_route_gate.py,parser_remap_cluster_route_gate,p2_cluster_route_remap_verified,row-level compatibility cluster surface remap preserves provider boundary compile policy and compatibility parser isolation;private provider implementation detail is not recorded
FPR-P2-CLUSTER-00260,mariadb,reference_surface:range_placement,reference_surface:range_placement,cluster.placement.assign_tablet_range,required_new:sblr.cluster.placement.v1:cluster.placement.assign_tablet_range,required_new:sblr.cluster.placement.v1:cluster.placement.assign_tablet_range,docs/reference/compatibility_release_acquisition/mariadb/12.2.2/regression/mysql-test/std_data/unicode/allkeys1400.txt#keyword:range,own_compatibility_surface_only,FPR-P2,not_cluster_query,cluster.assign_tablet_range,provider_routed_public_boundary_manifested,functionality_unsupported;kClusterSupportNotEnabledCode;unsupported_feature=cluster.provider;no_provider_call;fail_closed,functionality_unlicensed;kClusterHandshakeStubCompileLinkOnlyCode;unsupported_feature=cluster.provider.stub;public_compile_link_boundary_only;no_cluster_authority_or_production_behavior,private_internal_provider_required;provider_api_boundary=cluster.assign_tablet_range;no_private_source_or_implementation_detail,compile_flag_disabled_returns_functionality_unsupported;public_stub_enabled_returns_functionality_unlicensed;private_provider_required_for_execution,provider_boundary_route_required,FSE-P7-PROOF-00018,sblr_surface_fse_p7_execution_proof_gate,query.plan_operation_never_cluster_authority;local_query_sblr_remains_local_engine_authority,parser_emits_normalized_cluster_sblr_only;parser_execution_storage_finality_authority_forbidden,compatibility_cluster_execution_storage_transaction_finality_authority_forbidden,project/tests/compatibility_sql_parser_first_tranche/parser_remap_cluster_route_gate.py,parser_remap_cluster_route_gate,p2_cluster_route_remap_verified,row-level compatibility cluster surface remap preserves provider boundary compile policy and compatibility parser isolation;private provider implementation detail is not recorded
FPR-P2-CLUSTER-00261,mariadb,reference_surface:leader_election,reference_surface:leader_election,cluster.node.set_role,sblr.cluster.control.v3:cluster.node.set_role,sblr.cluster.control.v3:cluster.node.set_role,docs/reference/compatibility_release_acquisition/mariadb/12.2.2/regression/mysql-test/std_data/unicode/allkeys1400.txt#keyword:leader,own_compatibility_surface_only,FPR-P2,not_cluster_query,cluster.set_node_role,provider_routed_public_boundary_manifested,functionality_unsupported;kClusterSupportNotEnabledCode;unsupported_feature=cluster.provider;no_provider_call;fail_closed,functionality_unlicensed;kClusterHandshakeStubCompileLinkOnlyCode;unsupported_feature=cluster.provider.stub;public_compile_link_boundary_only;no_cluster_authority_or_production_behavior,private_internal_provider_required;provider_api_boundary=cluster.set_node_role;no_private_source_or_implementation_detail,compile_flag_disabled_returns_functionality_unsupported;public_stub_enabled_returns_functionality_unlicensed;private_provider_required_for_execution,provider_boundary_route_required,FSE-P7-PROOF-00016,sblr_surface_fse_p7_execution_proof_gate,query.plan_operation_never_cluster_authority;local_query_sblr_remains_local_engine_authority,parser_emits_normalized_cluster_sblr_only;parser_execution_storage_finality_authority_forbidden,compatibility_cluster_execution_storage_transaction_finality_authority_forbidden,project/tests/compatibility_sql_parser_first_tranche/parser_remap_cluster_route_gate.py,parser_remap_cluster_route_gate,p2_cluster_route_remap_verified,row-level compatibility cluster surface remap preserves provider boundary compile policy and compatibility parser isolation;private provider implementation detail is not recorded
FPR-P2-CLUSTER-00262,mariadb,reference_surface:failover_control,reference_surface:failover_control,cluster.node.admit_member,sblr.cluster.control.v3:cluster.node.admit_member,sblr.cluster.control.v3:cluster.node.admit_member,docs/reference/compatibility_release_acquisition/mariadb/12.2.2/source/storage/columnstore/columnstore/cmapi/CMakeLists.txt#keyword:failover,own_compatibility_surface_only,FPR-P2,not_cluster_query,cluster.admit_member,provider_routed_public_boundary_manifested,functionality_unsupported;kClusterSupportNotEnabledCode;unsupported_feature=cluster.provider;no_provider_call;fail_closed,functionality_unlicensed;kClusterHandshakeStubCompileLinkOnlyCode;unsupported_feature=cluster.provider.stub;public_compile_link_boundary_only;no_cluster_authority_or_production_behavior,private_internal_provider_required;provider_api_boundary=cluster.admit_member;no_private_source_or_implementation_detail,compile_flag_disabled_returns_functionality_unsupported;public_stub_enabled_returns_functionality_unlicensed;private_provider_required_for_execution,provider_boundary_route_required,FSE-P7-PROOF-00012,sblr_surface_fse_p7_execution_proof_gate,query.plan_operation_never_cluster_authority;local_query_sblr_remains_local_engine_authority,parser_emits_normalized_cluster_sblr_only;parser_execution_storage_finality_authority_forbidden,compatibility_cluster_execution_storage_transaction_finality_authority_forbidden,project/tests/compatibility_sql_parser_first_tranche/parser_remap_cluster_route_gate.py,parser_remap_cluster_route_gate,p2_cluster_route_remap_verified,row-level compatibility cluster surface remap preserves provider boundary compile policy and compatibility parser isolation;private provider implementation detail is not recorded
FPR-P2-CLUSTER-00263,mariadb,reference_surface:shard_placement,reference_surface:shard_placement,cluster.placement.assign_tablet_range,required_new:sblr.cluster.placement.v1:cluster.placement.assign_tablet_range,required_new:sblr.cluster.placement.v1:cluster.placement.assign_tablet_range,docs/reference/compatibility_release_acquisition/mariadb/12.2.2/source/storage/mroonga/vendor/groonga/plugins/CMakeLists.txt#keyword:shard,own_compatibility_surface_only,FPR-P2,not_cluster_query,cluster.assign_tablet_range,provider_routed_public_boundary_manifested,functionality_unsupported;kClusterSupportNotEnabledCode;unsupported_feature=cluster.provider;no_provider_call;fail_closed,functionality_unlicensed;kClusterHandshakeStubCompileLinkOnlyCode;unsupported_feature=cluster.provider.stub;public_compile_link_boundary_only;no_cluster_authority_or_production_behavior,private_internal_provider_required;provider_api_boundary=cluster.assign_tablet_range;no_private_source_or_implementation_detail,compile_flag_disabled_returns_functionality_unsupported;public_stub_enabled_returns_functionality_unlicensed;private_provider_required_for_execution,provider_boundary_route_required,FSE-P7-PROOF-00018,sblr_surface_fse_p7_execution_proof_gate,query.plan_operation_never_cluster_authority;local_query_sblr_remains_local_engine_authority,parser_emits_normalized_cluster_sblr_only;parser_execution_storage_finality_authority_forbidden,compatibility_cluster_execution_storage_transaction_finality_authority_forbidden,project/tests/compatibility_sql_parser_first_tranche/parser_remap_cluster_route_gate.py,parser_remap_cluster_route_gate,p2_cluster_route_remap_verified,row-level compatibility cluster surface remap preserves provider boundary compile policy and compatibility parser isolation;private provider implementation detail is not recorded
FPR-P2-CLUSTER-00264,mariadb,reference_surface:tablet_placement,reference_surface:tablet_placement,cluster.placement.assign_tablet_range,required_new:sblr.cluster.placement.v1:cluster.placement.assign_tablet_range,required_new:sblr.cluster.placement.v1:cluster.placement.assign_tablet_range,docs/reference/compatibility_release_acquisition/mariadb/12.2.2/source/storage/rocksdb/rocksdb/USERS.md#keyword:tablet,own_compatibility_surface_only,FPR-P2,not_cluster_query,cluster.assign_tablet_range,provider_routed_public_boundary_manifested,functionality_unsupported;kClusterSupportNotEnabledCode;unsupported_feature=cluster.provider;no_provider_call;fail_closed,functionality_unlicensed;kClusterHandshakeStubCompileLinkOnlyCode;unsupported_feature=cluster.provider.stub;public_compile_link_boundary_only;no_cluster_authority_or_production_behavior,private_internal_provider_required;provider_api_boundary=cluster.assign_tablet_range;no_private_source_or_implementation_detail,compile_flag_disabled_returns_functionality_unsupported;public_stub_enabled_returns_functionality_unlicensed;private_provider_required_for_execution,provider_boundary_route_required,FSE-P7-PROOF-00018,sblr_surface_fse_p7_execution_proof_gate,query.plan_operation_never_cluster_authority;local_query_sblr_remains_local_engine_authority,parser_emits_normalized_cluster_sblr_only;parser_execution_storage_finality_authority_forbidden,compatibility_cluster_execution_storage_transaction_finality_authority_forbidden,project/tests/compatibility_sql_parser_first_tranche/parser_remap_cluster_route_gate.py,parser_remap_cluster_route_gate,p2_cluster_route_remap_verified,row-level compatibility cluster surface remap preserves provider boundary compile policy and compatibility parser isolation;private provider implementation detail is not recorded
FPR-P2-CLUSTER-00265,milvus,reference_surface:cluster_topology_or_control,reference_surface:cluster_topology_or_control,cluster.job.start_controlled,sblr.cluster.control.v3:cluster.job.start_controlled,sblr.cluster.control.v3:cluster.job.start_controlled,docs/reference/compatibility_catalog_seeds/milvus/milvus_2_beta2_full_seed_manifest.yaml#keyword:cluster,own_compatibility_surface_only,FPR-P2,not_cluster_query,cluster.start_job,provider_routed_public_boundary_manifested,functionality_unsupported;kClusterSupportNotEnabledCode;unsupported_feature=cluster.provider;no_provider_call;fail_closed,functionality_unlicensed;kClusterHandshakeStubCompileLinkOnlyCode;unsupported_feature=cluster.provider.stub;public_compile_link_boundary_only;no_cluster_authority_or_production_behavior,private_internal_provider_required;provider_api_boundary=cluster.start_job;no_private_source_or_implementation_detail,compile_flag_disabled_returns_functionality_unsupported;public_stub_enabled_returns_functionality_unlicensed;private_provider_required_for_execution,provider_boundary_route_required,FSE-P7-PROOF-00005,sblr_surface_fse_p7_execution_proof_gate,query.plan_operation_never_cluster_authority;local_query_sblr_remains_local_engine_authority,parser_emits_normalized_cluster_sblr_only;parser_execution_storage_finality_authority_forbidden,compatibility_cluster_execution_storage_transaction_finality_authority_forbidden,project/tests/compatibility_sql_parser_first_tranche/parser_remap_cluster_route_gate.py,parser_remap_cluster_route_gate,p2_cluster_route_remap_verified,row-level compatibility cluster surface remap preserves provider boundary compile policy and compatibility parser isolation;private provider implementation detail is not recorded
FPR-P2-CLUSTER-00266,milvus,reference_surface:replication_control,reference_surface:replication_control,cluster.replication.consume_cluster_event,sblr.replication.consumer.v3:cluster.replication.consume_cluster_event,sblr.replication.consumer.v3:cluster.replication.consume_cluster_event,docs/reference/compatibility_catalog_seeds/milvus/milvus_2_beta2_full_seed_manifest.yaml#keyword:replication,own_compatibility_surface_only,FPR-P2,not_cluster_query,cluster.inspect_replication,provider_routed_public_boundary_manifested,functionality_unsupported;kClusterSupportNotEnabledCode;unsupported_feature=cluster.provider;no_provider_call;fail_closed,functionality_unlicensed;kClusterHandshakeStubCompileLinkOnlyCode;unsupported_feature=cluster.provider.stub;public_compile_link_boundary_only;no_cluster_authority_or_production_behavior,private_internal_provider_required;provider_api_boundary=cluster.inspect_replication;no_private_source_or_implementation_detail,compile_flag_disabled_returns_functionality_unsupported;public_stub_enabled_returns_functionality_unlicensed;private_provider_required_for_execution,provider_boundary_route_required,FSE-P7-PROOF-00036,sblr_surface_fse_p7_execution_proof_gate,query.plan_operation_never_cluster_authority;local_query_sblr_remains_local_engine_authority,parser_emits_normalized_cluster_sblr_only;parser_execution_storage_finality_authority_forbidden,compatibility_cluster_execution_storage_transaction_finality_authority_forbidden,project/tests/compatibility_sql_parser_first_tranche/parser_remap_cluster_route_gate.py,parser_remap_cluster_route_gate,p2_cluster_route_remap_verified,row-level compatibility cluster surface remap preserves provider boundary compile policy and compatibility parser isolation;private provider implementation detail is not recorded
FPR-P2-CLUSTER-00267,milvus,reference_surface:placement_policy,reference_surface:placement_policy,cluster.security.validate_policy_version,required_new:sblr.cluster.security.v1:cluster.security.validate_policy_version,required_new:sblr.cluster.security.v1:cluster.security.validate_policy_version,docs/reference/compatibility_catalog_seeds/milvus/milvus_2_beta2_full_seed_manifest.yaml#keyword:placement,own_compatibility_surface_only,FPR-P2,not_cluster_query,cluster.validate_policy_version,provider_routed_public_boundary_manifested,functionality_unsupported;kClusterSupportNotEnabledCode;unsupported_feature=cluster.provider;no_provider_call;fail_closed,functionality_unlicensed;kClusterHandshakeStubCompileLinkOnlyCode;unsupported_feature=cluster.provider.stub;public_compile_link_boundary_only;no_cluster_authority_or_production_behavior,private_internal_provider_required;provider_api_boundary=cluster.validate_policy_version;no_private_source_or_implementation_detail,compile_flag_disabled_returns_functionality_unsupported;public_stub_enabled_returns_functionality_unlicensed;private_provider_required_for_execution,provider_boundary_route_required,FSE-P7-PROOF-00045,sblr_surface_fse_p7_execution_proof_gate,query.plan_operation_never_cluster_authority;local_query_sblr_remains_local_engine_authority,parser_emits_normalized_cluster_sblr_only;parser_execution_storage_finality_authority_forbidden,compatibility_cluster_execution_storage_transaction_finality_authority_forbidden,project/tests/compatibility_sql_parser_first_tranche/parser_remap_cluster_route_gate.py,parser_remap_cluster_route_gate,p2_cluster_route_remap_verified,row-level compatibility cluster surface remap preserves provider boundary compile policy and compatibility parser isolation;private provider implementation detail is not recorded
FPR-P2-CLUSTER-00268,milvus,reference_surface:replica_control,reference_surface:replica_control,cluster.tx.begin_distributed,required_new:sblr.cluster.transaction.v1:cluster.tx.begin_distributed,required_new:sblr.cluster.transaction.v1:cluster.tx.begin_distributed,docs/reference/compatibility_catalog_seeds/milvus/milvus_2_beta2_full_seed_manifest.yaml#keyword:replica,own_compatibility_surface_only,FPR-P2,not_cluster_query,cluster.begin_distributed_transaction,provider_routed_public_boundary_manifested,functionality_unsupported;kClusterSupportNotEnabledCode;unsupported_feature=cluster.provider;no_provider_call;fail_closed,functionality_unlicensed;kClusterHandshakeStubCompileLinkOnlyCode;unsupported_feature=cluster.provider.stub;public_compile_link_boundary_only;no_cluster_authority_or_production_behavior,private_internal_provider_required;provider_api_boundary=cluster.begin_distributed_transaction;no_private_source_or_implementation_detail,compile_flag_disabled_returns_functionality_unsupported;public_stub_enabled_returns_functionality_unlicensed;private_provider_required_for_execution,provider_boundary_route_required,FSE-P7-PROOF-00054,sblr_surface_fse_p7_execution_proof_gate,query.plan_operation_never_cluster_authority;local_query_sblr_remains_local_engine_authority,parser_emits_normalized_cluster_sblr_only;parser_execution_storage_finality_authority_forbidden,compatibility_cluster_execution_storage_transaction_finality_authority_forbidden,project/tests/compatibility_sql_parser_first_tranche/parser_remap_cluster_route_gate.py,parser_remap_cluster_route_gate,p2_cluster_route_remap_verified,row-level compatibility cluster surface remap preserves provider boundary compile policy and compatibility parser isolation;private provider implementation detail is not recorded
FPR-P2-CLUSTER-00269,milvus,reference_surface:partition_distribution,reference_surface:partition_distribution,cluster.placement.validate_partition_distribution,required_new:sblr.cluster.placement.v1:cluster.placement.validate_partition_distribution,required_new:sblr.cluster.placement.v1:cluster.placement.validate_partition_distribution,docs/reference/compatibility_catalog_seeds/milvus/milvus_2_beta2_full_seed_manifest.yaml#keyword:partition,own_compatibility_surface_only,FPR-P2,not_cluster_query,cluster.validate_partition_distribution,provider_routed_public_boundary_manifested,functionality_unsupported;kClusterSupportNotEnabledCode;unsupported_feature=cluster.provider;no_provider_call;fail_closed,functionality_unlicensed;kClusterHandshakeStubCompileLinkOnlyCode;unsupported_feature=cluster.provider.stub;public_compile_link_boundary_only;no_cluster_authority_or_production_behavior,private_internal_provider_required;provider_api_boundary=cluster.validate_partition_distribution;no_private_source_or_implementation_detail,compile_flag_disabled_returns_functionality_unsupported;public_stub_enabled_returns_functionality_unlicensed;private_provider_required_for_execution,provider_boundary_route_required,FSE-P7-PROOF-00021,sblr_surface_fse_p7_execution_proof_gate,query.plan_operation_never_cluster_authority;local_query_sblr_remains_local_engine_authority,parser_emits_normalized_cluster_sblr_only;parser_execution_storage_finality_authority_forbidden,compatibility_cluster_execution_storage_transaction_finality_authority_forbidden,project/tests/compatibility_sql_parser_first_tranche/parser_remap_cluster_route_gate.py,parser_remap_cluster_route_gate,p2_cluster_route_remap_verified,row-level compatibility cluster surface remap preserves provider boundary compile policy and compatibility parser isolation;private provider implementation detail is not recorded
FPR-P2-CLUSTER-00270,milvus,reference_surface:distributed_execution_or_control,reference_surface:distributed_execution_or_control,cluster.query.plan_distributed,required_new:sblr.cluster.query.v1:cluster.query.plan_distributed,required_new:sblr.cluster.query.v1:cluster.query.plan_distributed,docs/reference/compatibility_release_acquisition/milvus/2.6.5/release-notes/README.md#keyword:distributed,own_compatibility_surface_only,FPR-P2,cross_node_distributed_cluster_authority_not_local_query,cluster.query.plan_distributed,provider_routed_public_boundary_manifested,functionality_unsupported;kClusterSupportNotEnabledCode;unsupported_feature=cluster.provider;no_provider_call;fail_closed,functionality_unlicensed;kClusterHandshakeStubCompileLinkOnlyCode;unsupported_feature=cluster.provider.stub;public_compile_link_boundary_only;no_cluster_authority_or_production_behavior,private_internal_provider_required;provider_api_boundary=cluster.query.plan_distributed;no_private_source_or_implementation_detail,compile_flag_disabled_returns_functionality_unsupported;public_stub_enabled_returns_functionality_unlicensed;private_provider_required_for_execution,provider_boundary_route_required,FSE-P7-PROOF-00027,sblr_surface_fse_p7_execution_proof_gate,cluster_query_requires_provider_boundary;query.plan_operation_never_cluster_authority;local_query_sblr_remains_local_engine_authority,parser_emits_normalized_cluster_sblr_only;parser_execution_storage_finality_authority_forbidden,compatibility_cluster_execution_storage_transaction_finality_authority_forbidden,project/tests/compatibility_sql_parser_first_tranche/parser_remap_cluster_route_gate.py,parser_remap_cluster_route_gate,p2_cluster_route_remap_verified,row-level compatibility cluster surface remap preserves provider boundary compile policy and compatibility parser isolation;private provider implementation detail is not recorded
FPR-P2-CLUSTER-00271,milvus,reference_surface:cdc_stream,reference_surface:cdc_stream,cluster.metrics.emit_event,sblr.cluster.report.v3:cluster.metrics.emit_event,sblr.cluster.report.v3:cluster.metrics.emit_event,docs/reference/compatibility_release_acquisition/milvus/2.6.5/release-notes/README.md#keyword:cdc,own_compatibility_surface_only,FPR-P2,not_cluster_query,cluster.emit_event,provider_routed_public_boundary_manifested,functionality_unsupported;kClusterSupportNotEnabledCode;unsupported_feature=cluster.provider;no_provider_call;fail_closed,functionality_unlicensed;kClusterHandshakeStubCompileLinkOnlyCode;unsupported_feature=cluster.provider.stub;public_compile_link_boundary_only;no_cluster_authority_or_production_behavior,private_internal_provider_required;provider_api_boundary=cluster.emit_event;no_private_source_or_implementation_detail,compile_flag_disabled_returns_functionality_unsupported;public_stub_enabled_returns_functionality_unlicensed;private_provider_required_for_execution,provider_boundary_route_required,FSE-P7-PROOF-00008,sblr_surface_fse_p7_execution_proof_gate,query.plan_operation_never_cluster_authority;local_query_sblr_remains_local_engine_authority,parser_emits_normalized_cluster_sblr_only;parser_execution_storage_finality_authority_forbidden,compatibility_cluster_execution_storage_transaction_finality_authority_forbidden,project/tests/compatibility_sql_parser_first_tranche/parser_remap_cluster_route_gate.py,parser_remap_cluster_route_gate,p2_cluster_route_remap_verified,row-level compatibility cluster surface remap preserves provider boundary compile policy and compatibility parser isolation;private provider implementation detail is not recorded
FPR-P2-CLUSTER-00272,milvus,reference_surface:range_placement,reference_surface:range_placement,cluster.placement.assign_tablet_range,required_new:sblr.cluster.placement.v1:cluster.placement.assign_tablet_range,required_new:sblr.cluster.placement.v1:cluster.placement.assign_tablet_range,docs/reference/compatibility_release_acquisition/milvus/2.6.5/release-notes/README.md#keyword:range,own_compatibility_surface_only,FPR-P2,not_cluster_query,cluster.assign_tablet_range,provider_routed_public_boundary_manifested,functionality_unsupported;kClusterSupportNotEnabledCode;unsupported_feature=cluster.provider;no_provider_call;fail_closed,functionality_unlicensed;kClusterHandshakeStubCompileLinkOnlyCode;unsupported_feature=cluster.provider.stub;public_compile_link_boundary_only;no_cluster_authority_or_production_behavior,private_internal_provider_required;provider_api_boundary=cluster.assign_tablet_range;no_private_source_or_implementation_detail,compile_flag_disabled_returns_functionality_unsupported;public_stub_enabled_returns_functionality_unlicensed;private_provider_required_for_execution,provider_boundary_route_required,FSE-P7-PROOF-00018,sblr_surface_fse_p7_execution_proof_gate,query.plan_operation_never_cluster_authority;local_query_sblr_remains_local_engine_authority,parser_emits_normalized_cluster_sblr_only;parser_execution_storage_finality_authority_forbidden,compatibility_cluster_execution_storage_transaction_finality_authority_forbidden,project/tests/compatibility_sql_parser_first_tranche/parser_remap_cluster_route_gate.py,parser_remap_cluster_route_gate,p2_cluster_route_remap_verified,row-level compatibility cluster surface remap preserves provider boundary compile policy and compatibility parser isolation;private provider implementation detail is not recorded
FPR-P2-CLUSTER-00273,milvus,reference_surface:leader_election,reference_surface:leader_election,cluster.node.set_role,sblr.cluster.control.v3:cluster.node.set_role,sblr.cluster.control.v3:cluster.node.set_role,docs/reference/compatibility_release_acquisition/milvus/2.6.5/source/CODE_OF_CONDUCT.md#keyword:leader,own_compatibility_surface_only,FPR-P2,not_cluster_query,cluster.set_node_role,provider_routed_public_boundary_manifested,functionality_unsupported;kClusterSupportNotEnabledCode;unsupported_feature=cluster.provider;no_provider_call;fail_closed,functionality_unlicensed;kClusterHandshakeStubCompileLinkOnlyCode;unsupported_feature=cluster.provider.stub;public_compile_link_boundary_only;no_cluster_authority_or_production_behavior,private_internal_provider_required;provider_api_boundary=cluster.set_node_role;no_private_source_or_implementation_detail,compile_flag_disabled_returns_functionality_unsupported;public_stub_enabled_returns_functionality_unlicensed;private_provider_required_for_execution,provider_boundary_route_required,FSE-P7-PROOF-00016,sblr_surface_fse_p7_execution_proof_gate,query.plan_operation_never_cluster_authority;local_query_sblr_remains_local_engine_authority,parser_emits_normalized_cluster_sblr_only;parser_execution_storage_finality_authority_forbidden,compatibility_cluster_execution_storage_transaction_finality_authority_forbidden,project/tests/compatibility_sql_parser_first_tranche/parser_remap_cluster_route_gate.py,parser_remap_cluster_route_gate,p2_cluster_route_remap_verified,row-level compatibility cluster surface remap preserves provider boundary compile policy and compatibility parser isolation;private provider implementation detail is not recorded
FPR-P2-CLUSTER-00274,milvus,reference_surface:shard_placement,reference_surface:shard_placement,cluster.placement.assign_tablet_range,required_new:sblr.cluster.placement.v1:cluster.placement.assign_tablet_range,required_new:sblr.cluster.placement.v1:cluster.placement.assign_tablet_range,docs/reference/compatibility_release_acquisition/milvus/2.6.5/source/configs/milvus.yaml#keyword:shard,own_compatibility_surface_only,FPR-P2,not_cluster_query,cluster.assign_tablet_range,provider_routed_public_boundary_manifested,functionality_unsupported;kClusterSupportNotEnabledCode;unsupported_feature=cluster.provider;no_provider_call;fail_closed,functionality_unlicensed;kClusterHandshakeStubCompileLinkOnlyCode;unsupported_feature=cluster.provider.stub;public_compile_link_boundary_only;no_cluster_authority_or_production_behavior,private_internal_provider_required;provider_api_boundary=cluster.assign_tablet_range;no_private_source_or_implementation_detail,compile_flag_disabled_returns_functionality_unsupported;public_stub_enabled_returns_functionality_unlicensed;private_provider_required_for_execution,provider_boundary_route_required,FSE-P7-PROOF-00018,sblr_surface_fse_p7_execution_proof_gate,query.plan_operation_never_cluster_authority;local_query_sblr_remains_local_engine_authority,parser_emits_normalized_cluster_sblr_only;parser_execution_storage_finality_authority_forbidden,compatibility_cluster_execution_storage_transaction_finality_authority_forbidden,project/tests/compatibility_sql_parser_first_tranche/parser_remap_cluster_route_gate.py,parser_remap_cluster_route_gate,p2_cluster_route_remap_verified,row-level compatibility cluster surface remap preserves provider boundary compile policy and compatibility parser isolation;private provider implementation detail is not recorded
FPR-P2-CLUSTER-00275,milvus,reference_surface:raft_consensus,reference_surface:raft_consensus,cluster.tx.validate_finality_proof,required_new:sblr.cluster.transaction.v1:cluster.tx.validate_finality_proof,required_new:sblr.cluster.transaction.v1:cluster.tx.validate_finality_proof,docs/reference/compatibility_release_acquisition/milvus/2.6.5/source/docs/developer_guides/how_to_develop_with_local_milvus_proto.md#keyword:raft,own_compatibility_surface_only,FPR-P2,not_cluster_query,cluster.validate_finality_proof,provider_routed_public_boundary_manifested,functionality_unsupported;kClusterSupportNotEnabledCode;unsupported_feature=cluster.provider;no_provider_call;fail_closed,functionality_unlicensed;kClusterHandshakeStubCompileLinkOnlyCode;unsupported_feature=cluster.provider.stub;public_compile_link_boundary_only;no_cluster_authority_or_production_behavior,private_internal_provider_required;provider_api_boundary=cluster.validate_finality_proof;no_private_source_or_implementation_detail,compile_flag_disabled_returns_functionality_unsupported;public_stub_enabled_returns_functionality_unlicensed;private_provider_required_for_execution,provider_boundary_route_required,FSE-P7-PROOF-00059,sblr_surface_fse_p7_execution_proof_gate,query.plan_operation_never_cluster_authority;local_query_sblr_remains_local_engine_authority,parser_emits_normalized_cluster_sblr_only;parser_execution_storage_finality_authority_forbidden,compatibility_cluster_execution_storage_transaction_finality_authority_forbidden,project/tests/compatibility_sql_parser_first_tranche/parser_remap_cluster_route_gate.py,parser_remap_cluster_route_gate,p2_cluster_route_remap_verified,row-level compatibility cluster surface remap preserves provider boundary compile policy and compatibility parser isolation;private provider implementation detail is not recorded
FPR-P2-CLUSTER-00276,milvus,reference_surface:tablet_placement,reference_surface:tablet_placement,cluster.placement.assign_tablet_range,required_new:sblr.cluster.placement.v1:cluster.placement.assign_tablet_range,required_new:sblr.cluster.placement.v1:cluster.placement.assign_tablet_range,docs/reference/compatibility_release_acquisition/milvus/2.6.5/source/pkg/.mockery_pkg.yaml#keyword:tablet,own_compatibility_surface_only,FPR-P2,not_cluster_query,cluster.assign_tablet_range,provider_routed_public_boundary_manifested,functionality_unsupported;kClusterSupportNotEnabledCode;unsupported_feature=cluster.provider;no_provider_call;fail_closed,functionality_unlicensed;kClusterHandshakeStubCompileLinkOnlyCode;unsupported_feature=cluster.provider.stub;public_compile_link_boundary_only;no_cluster_authority_or_production_behavior,private_internal_provider_required;provider_api_boundary=cluster.assign_tablet_range;no_private_source_or_implementation_detail,compile_flag_disabled_returns_functionality_unsupported;public_stub_enabled_returns_functionality_unlicensed;private_provider_required_for_execution,provider_boundary_route_required,FSE-P7-PROOF-00018,sblr_surface_fse_p7_execution_proof_gate,query.plan_operation_never_cluster_authority;local_query_sblr_remains_local_engine_authority,parser_emits_normalized_cluster_sblr_only;parser_execution_storage_finality_authority_forbidden,compatibility_cluster_execution_storage_transaction_finality_authority_forbidden,project/tests/compatibility_sql_parser_first_tranche/parser_remap_cluster_route_gate.py,parser_remap_cluster_route_gate,p2_cluster_route_remap_verified,row-level compatibility cluster surface remap preserves provider boundary compile policy and compatibility parser isolation;private provider implementation detail is not recorded
FPR-P2-CLUSTER-00277,mongodb,reference_surface:cluster_topology_or_control,reference_surface:cluster_topology_or_control,cluster.job.start_controlled,sblr.cluster.control.v3:cluster.job.start_controlled,sblr.cluster.control.v3:cluster.job.start_controlled,docs/reference/compatibility_catalog_seeds/mongodb/mongodb_8_beta2_full_seed_manifest.yaml#keyword:cluster,own_compatibility_surface_only,FPR-P2,not_cluster_query,cluster.start_job,provider_routed_public_boundary_manifested,functionality_unsupported;kClusterSupportNotEnabledCode;unsupported_feature=cluster.provider;no_provider_call;fail_closed,functionality_unlicensed;kClusterHandshakeStubCompileLinkOnlyCode;unsupported_feature=cluster.provider.stub;public_compile_link_boundary_only;no_cluster_authority_or_production_behavior,private_internal_provider_required;provider_api_boundary=cluster.start_job;no_private_source_or_implementation_detail,compile_flag_disabled_returns_functionality_unsupported;public_stub_enabled_returns_functionality_unlicensed;private_provider_required_for_execution,provider_boundary_route_required,FSE-P7-PROOF-00005,sblr_surface_fse_p7_execution_proof_gate,query.plan_operation_never_cluster_authority;local_query_sblr_remains_local_engine_authority,parser_emits_normalized_cluster_sblr_only;parser_execution_storage_finality_authority_forbidden,compatibility_cluster_execution_storage_transaction_finality_authority_forbidden,project/tests/compatibility_sql_parser_first_tranche/parser_remap_cluster_route_gate.py,parser_remap_cluster_route_gate,p2_cluster_route_remap_verified,row-level compatibility cluster surface remap preserves provider boundary compile policy and compatibility parser isolation;private provider implementation detail is not recorded
FPR-P2-CLUSTER-00278,mongodb,reference_surface:replication_control,reference_surface:replication_control,cluster.replication.consume_cluster_event,sblr.replication.consumer.v3:cluster.replication.consume_cluster_event,sblr.replication.consumer.v3:cluster.replication.consume_cluster_event,docs/reference/compatibility_catalog_seeds/mongodb/mongodb_8_beta2_full_seed_manifest.yaml#keyword:replication,own_compatibility_surface_only,FPR-P2,not_cluster_query,cluster.inspect_replication,provider_routed_public_boundary_manifested,functionality_unsupported;kClusterSupportNotEnabledCode;unsupported_feature=cluster.provider;no_provider_call;fail_closed,functionality_unlicensed;kClusterHandshakeStubCompileLinkOnlyCode;unsupported_feature=cluster.provider.stub;public_compile_link_boundary_only;no_cluster_authority_or_production_behavior,private_internal_provider_required;provider_api_boundary=cluster.inspect_replication;no_private_source_or_implementation_detail,compile_flag_disabled_returns_functionality_unsupported;public_stub_enabled_returns_functionality_unlicensed;private_provider_required_for_execution,provider_boundary_route_required,FSE-P7-PROOF-00036,sblr_surface_fse_p7_execution_proof_gate,query.plan_operation_never_cluster_authority;local_query_sblr_remains_local_engine_authority,parser_emits_normalized_cluster_sblr_only;parser_execution_storage_finality_authority_forbidden,compatibility_cluster_execution_storage_transaction_finality_authority_forbidden,project/tests/compatibility_sql_parser_first_tranche/parser_remap_cluster_route_gate.py,parser_remap_cluster_route_gate,p2_cluster_route_remap_verified,row-level compatibility cluster surface remap preserves provider boundary compile policy and compatibility parser isolation;private provider implementation detail is not recorded
FPR-P2-CLUSTER-00279,mongodb,reference_surface:shard_placement,reference_surface:shard_placement,cluster.placement.assign_tablet_range,required_new:sblr.cluster.placement.v1:cluster.placement.assign_tablet_range,required_new:sblr.cluster.placement.v1:cluster.placement.assign_tablet_range,docs/reference/compatibility_catalog_seeds/mongodb/mongodb_8_beta2_full_seed_manifest.yaml#keyword:shard,own_compatibility_surface_only,FPR-P2,not_cluster_query,cluster.assign_tablet_range,provider_routed_public_boundary_manifested,functionality_unsupported;kClusterSupportNotEnabledCode;unsupported_feature=cluster.provider;no_provider_call;fail_closed,functionality_unlicensed;kClusterHandshakeStubCompileLinkOnlyCode;unsupported_feature=cluster.provider.stub;public_compile_link_boundary_only;no_cluster_authority_or_production_behavior,private_internal_provider_required;provider_api_boundary=cluster.assign_tablet_range;no_private_source_or_implementation_detail,compile_flag_disabled_returns_functionality_unsupported;public_stub_enabled_returns_functionality_unlicensed;private_provider_required_for_execution,provider_boundary_route_required,FSE-P7-PROOF-00018,sblr_surface_fse_p7_execution_proof_gate,query.plan_operation_never_cluster_authority;local_query_sblr_remains_local_engine_authority,parser_emits_normalized_cluster_sblr_only;parser_execution_storage_finality_authority_forbidden,compatibility_cluster_execution_storage_transaction_finality_authority_forbidden,project/tests/compatibility_sql_parser_first_tranche/parser_remap_cluster_route_gate.py,parser_remap_cluster_route_gate,p2_cluster_route_remap_verified,row-level compatibility cluster surface remap preserves provider boundary compile policy and compatibility parser isolation;private provider implementation detail is not recorded
FPR-P2-CLUSTER-00280,mongodb,reference_surface:placement_policy,reference_surface:placement_policy,cluster.security.validate_policy_version,required_new:sblr.cluster.security.v1:cluster.security.validate_policy_version,required_new:sblr.cluster.security.v1:cluster.security.validate_policy_version,docs/reference/compatibility_catalog_seeds/mongodb/mongodb_8_beta2_full_seed_manifest.yaml#keyword:placement,own_compatibility_surface_only,FPR-P2,not_cluster_query,cluster.validate_policy_version,provider_routed_public_boundary_manifested,functionality_unsupported;kClusterSupportNotEnabledCode;unsupported_feature=cluster.provider;no_provider_call;fail_closed,functionality_unlicensed;kClusterHandshakeStubCompileLinkOnlyCode;unsupported_feature=cluster.provider.stub;public_compile_link_boundary_only;no_cluster_authority_or_production_behavior,private_internal_provider_required;provider_api_boundary=cluster.validate_policy_version;no_private_source_or_implementation_detail,compile_flag_disabled_returns_functionality_unsupported;public_stub_enabled_returns_functionality_unlicensed;private_provider_required_for_execution,provider_boundary_route_required,FSE-P7-PROOF-00045,sblr_surface_fse_p7_execution_proof_gate,query.plan_operation_never_cluster_authority;local_query_sblr_remains_local_engine_authority,parser_emits_normalized_cluster_sblr_only;parser_execution_storage_finality_authority_forbidden,compatibility_cluster_execution_storage_transaction_finality_authority_forbidden,project/tests/compatibility_sql_parser_first_tranche/parser_remap_cluster_route_gate.py,parser_remap_cluster_route_gate,p2_cluster_route_remap_verified,row-level compatibility cluster surface remap preserves provider boundary compile policy and compatibility parser isolation;private provider implementation detail is not recorded
FPR-P2-CLUSTER-00281,mongodb,reference_surface:replica_control,reference_surface:replica_control,cluster.tx.begin_distributed,required_new:sblr.cluster.transaction.v1:cluster.tx.begin_distributed,required_new:sblr.cluster.transaction.v1:cluster.tx.begin_distributed,docs/reference/compatibility_catalog_seeds/mongodb/mongodb_8_beta2_full_seed_manifest.yaml#keyword:replica,own_compatibility_surface_only,FPR-P2,not_cluster_query,cluster.begin_distributed_transaction,provider_routed_public_boundary_manifested,functionality_unsupported;kClusterSupportNotEnabledCode;unsupported_feature=cluster.provider;no_provider_call;fail_closed,functionality_unlicensed;kClusterHandshakeStubCompileLinkOnlyCode;unsupported_feature=cluster.provider.stub;public_compile_link_boundary_only;no_cluster_authority_or_production_behavior,private_internal_provider_required;provider_api_boundary=cluster.begin_distributed_transaction;no_private_source_or_implementation_detail,compile_flag_disabled_returns_functionality_unsupported;public_stub_enabled_returns_functionality_unlicensed;private_provider_required_for_execution,provider_boundary_route_required,FSE-P7-PROOF-00054,sblr_surface_fse_p7_execution_proof_gate,query.plan_operation_never_cluster_authority;local_query_sblr_remains_local_engine_authority,parser_emits_normalized_cluster_sblr_only;parser_execution_storage_finality_authority_forbidden,compatibility_cluster_execution_storage_transaction_finality_authority_forbidden,project/tests/compatibility_sql_parser_first_tranche/parser_remap_cluster_route_gate.py,parser_remap_cluster_route_gate,p2_cluster_route_remap_verified,row-level compatibility cluster surface remap preserves provider boundary compile policy and compatibility parser isolation;private provider implementation detail is not recorded
FPR-P2-CLUSTER-00282,mongodb,reference_surface:range_placement,reference_surface:range_placement,cluster.placement.assign_tablet_range,required_new:sblr.cluster.placement.v1:cluster.placement.assign_tablet_range,required_new:sblr.cluster.placement.v1:cluster.placement.assign_tablet_range,docs/reference/compatibility_release_acquisition/mongodb/8.2.6/license/LICENSE_SOURCE.txt#keyword:range,own_compatibility_surface_only,FPR-P2,not_cluster_query,cluster.assign_tablet_range,provider_routed_public_boundary_manifested,functionality_unsupported;kClusterSupportNotEnabledCode;unsupported_feature=cluster.provider;no_provider_call;fail_closed,functionality_unlicensed;kClusterHandshakeStubCompileLinkOnlyCode;unsupported_feature=cluster.provider.stub;public_compile_link_boundary_only;no_cluster_authority_or_production_behavior,private_internal_provider_required;provider_api_boundary=cluster.assign_tablet_range;no_private_source_or_implementation_detail,compile_flag_disabled_returns_functionality_unsupported;public_stub_enabled_returns_functionality_unlicensed;private_provider_required_for_execution,provider_boundary_route_required,FSE-P7-PROOF-00018,sblr_surface_fse_p7_execution_proof_gate,query.plan_operation_never_cluster_authority;local_query_sblr_remains_local_engine_authority,parser_emits_normalized_cluster_sblr_only;parser_execution_storage_finality_authority_forbidden,compatibility_cluster_execution_storage_transaction_finality_authority_forbidden,project/tests/compatibility_sql_parser_first_tranche/parser_remap_cluster_route_gate.py,parser_remap_cluster_route_gate,p2_cluster_route_remap_verified,row-level compatibility cluster surface remap preserves provider boundary compile policy and compatibility parser isolation;private provider implementation detail is not recorded
FPR-P2-CLUSTER-00283,mongodb,reference_surface:distributed_execution_or_control,reference_surface:distributed_execution_or_control,cluster.query.plan_distributed,required_new:sblr.cluster.query.v1:cluster.query.plan_distributed,required_new:sblr.cluster.query.v1:cluster.query.plan_distributed,docs/reference/compatibility_release_acquisition/mongodb/8.2.6/regression/SOURCE_POINTERS.md#keyword:distributed,own_compatibility_surface_only,FPR-P2,cross_node_distributed_cluster_authority_not_local_query,cluster.query.plan_distributed,provider_routed_public_boundary_manifested,functionality_unsupported;kClusterSupportNotEnabledCode;unsupported_feature=cluster.provider;no_provider_call;fail_closed,functionality_unlicensed;kClusterHandshakeStubCompileLinkOnlyCode;unsupported_feature=cluster.provider.stub;public_compile_link_boundary_only;no_cluster_authority_or_production_behavior,private_internal_provider_required;provider_api_boundary=cluster.query.plan_distributed;no_private_source_or_implementation_detail,compile_flag_disabled_returns_functionality_unsupported;public_stub_enabled_returns_functionality_unlicensed;private_provider_required_for_execution,provider_boundary_route_required,FSE-P7-PROOF-00027,sblr_surface_fse_p7_execution_proof_gate,cluster_query_requires_provider_boundary;query.plan_operation_never_cluster_authority;local_query_sblr_remains_local_engine_authority,parser_emits_normalized_cluster_sblr_only;parser_execution_storage_finality_authority_forbidden,compatibility_cluster_execution_storage_transaction_finality_authority_forbidden,project/tests/compatibility_sql_parser_first_tranche/parser_remap_cluster_route_gate.py,parser_remap_cluster_route_gate,p2_cluster_route_remap_verified,row-level compatibility cluster surface remap preserves provider boundary compile policy and compatibility parser isolation;private provider implementation detail is not recorded
FPR-P2-CLUSTER-00284,mongodb,reference_surface:cdc_stream,reference_surface:cdc_stream,cluster.metrics.emit_event,sblr.cluster.report.v3:cluster.metrics.emit_event,sblr.cluster.report.v3:cluster.metrics.emit_event,docs/reference/compatibility_release_acquisition/mongodb/8.2.6/source/README.third_party.md#keyword:cdc,own_compatibility_surface_only,FPR-P2,not_cluster_query,cluster.emit_event,provider_routed_public_boundary_manifested,functionality_unsupported;kClusterSupportNotEnabledCode;unsupported_feature=cluster.provider;no_provider_call;fail_closed,functionality_unlicensed;kClusterHandshakeStubCompileLinkOnlyCode;unsupported_feature=cluster.provider.stub;public_compile_link_boundary_only;no_cluster_authority_or_production_behavior,private_internal_provider_required;provider_api_boundary=cluster.emit_event;no_private_source_or_implementation_detail,compile_flag_disabled_returns_functionality_unsupported;public_stub_enabled_returns_functionality_unlicensed;private_provider_required_for_execution,provider_boundary_route_required,FSE-P7-PROOF-00008,sblr_surface_fse_p7_execution_proof_gate,query.plan_operation_never_cluster_authority;local_query_sblr_remains_local_engine_authority,parser_emits_normalized_cluster_sblr_only;parser_execution_storage_finality_authority_forbidden,compatibility_cluster_execution_storage_transaction_finality_authority_forbidden,project/tests/compatibility_sql_parser_first_tranche/parser_remap_cluster_route_gate.py,parser_remap_cluster_route_gate,p2_cluster_route_remap_verified,row-level compatibility cluster surface remap preserves provider boundary compile policy and compatibility parser isolation;private provider implementation detail is not recorded
FPR-P2-CLUSTER-00285,mongodb,reference_surface:tablet_placement,reference_surface:tablet_placement,cluster.placement.assign_tablet_range,required_new:sblr.cluster.placement.v1:cluster.placement.assign_tablet_range,required_new:sblr.cluster.placement.v1:cluster.placement.assign_tablet_range,docs/reference/compatibility_release_acquisition/mongodb/8.2.6/source/buildscripts/idl/compatibility_rules.yml#keyword:tablet,own_compatibility_surface_only,FPR-P2,not_cluster_query,cluster.assign_tablet_range,provider_routed_public_boundary_manifested,functionality_unsupported;kClusterSupportNotEnabledCode;unsupported_feature=cluster.provider;no_provider_call;fail_closed,functionality_unlicensed;kClusterHandshakeStubCompileLinkOnlyCode;unsupported_feature=cluster.provider.stub;public_compile_link_boundary_only;no_cluster_authority_or_production_behavior,private_internal_provider_required;provider_api_boundary=cluster.assign_tablet_range;no_private_source_or_implementation_detail,compile_flag_disabled_returns_functionality_unsupported;public_stub_enabled_returns_functionality_unlicensed;private_provider_required_for_execution,provider_boundary_route_required,FSE-P7-PROOF-00018,sblr_surface_fse_p7_execution_proof_gate,query.plan_operation_never_cluster_authority;local_query_sblr_remains_local_engine_authority,parser_emits_normalized_cluster_sblr_only;parser_execution_storage_finality_authority_forbidden,compatibility_cluster_execution_storage_transaction_finality_authority_forbidden,project/tests/compatibility_sql_parser_first_tranche/parser_remap_cluster_route_gate.py,parser_remap_cluster_route_gate,p2_cluster_route_remap_verified,row-level compatibility cluster surface remap preserves provider boundary compile policy and compatibility parser isolation;private provider implementation detail is not recorded
FPR-P2-CLUSTER-00286,mongodb,reference_surface:raft_consensus,reference_surface:raft_consensus,cluster.tx.validate_finality_proof,required_new:sblr.cluster.transaction.v1:cluster.tx.validate_finality_proof,required_new:sblr.cluster.transaction.v1:cluster.tx.validate_finality_proof,docs/reference/compatibility_release_acquisition/mongodb/8.2.6/source/buildscripts/idl/idl_schema.yml#keyword:raft,own_compatibility_surface_only,FPR-P2,not_cluster_query,cluster.validate_finality_proof,provider_routed_public_boundary_manifested,functionality_unsupported;kClusterSupportNotEnabledCode;unsupported_feature=cluster.provider;no_provider_call;fail_closed,functionality_unlicensed;kClusterHandshakeStubCompileLinkOnlyCode;unsupported_feature=cluster.provider.stub;public_compile_link_boundary_only;no_cluster_authority_or_production_behavior,private_internal_provider_required;provider_api_boundary=cluster.validate_finality_proof;no_private_source_or_implementation_detail,compile_flag_disabled_returns_functionality_unsupported;public_stub_enabled_returns_functionality_unlicensed;private_provider_required_for_execution,provider_boundary_route_required,FSE-P7-PROOF-00059,sblr_surface_fse_p7_execution_proof_gate,query.plan_operation_never_cluster_authority;local_query_sblr_remains_local_engine_authority,parser_emits_normalized_cluster_sblr_only;parser_execution_storage_finality_authority_forbidden,compatibility_cluster_execution_storage_transaction_finality_authority_forbidden,project/tests/compatibility_sql_parser_first_tranche/parser_remap_cluster_route_gate.py,parser_remap_cluster_route_gate,p2_cluster_route_remap_verified,row-level compatibility cluster surface remap preserves provider boundary compile policy and compatibility parser isolation;private provider implementation detail is not recorded
FPR-P2-CLUSTER-00287,mongodb,reference_surface:failover_control,reference_surface:failover_control,cluster.node.admit_member,sblr.cluster.control.v3:cluster.node.admit_member,sblr.cluster.control.v3:cluster.node.admit_member,docs/reference/compatibility_release_acquisition/mongodb/8.2.6/source/buildscripts/resmokeconfig/matrix_suites/mappings/no_causal_consistency_replica_sets_kill_stepdown_terminate_jscore_passthrough.yml#keyword:failover,own_compatibility_surface_only,FPR-P2,not_cluster_query,cluster.admit_member,provider_routed_public_boundary_manifested,functionality_unsupported;kClusterSupportNotEnabledCode;unsupported_feature=cluster.provider;no_provider_call;fail_closed,functionality_unlicensed;kClusterHandshakeStubCompileLinkOnlyCode;unsupported_feature=cluster.provider.stub;public_compile_link_boundary_only;no_cluster_authority_or_production_behavior,private_internal_provider_required;provider_api_boundary=cluster.admit_member;no_private_source_or_implementation_detail,compile_flag_disabled_returns_functionality_unsupported;public_stub_enabled_returns_functionality_unlicensed;private_provider_required_for_execution,provider_boundary_route_required,FSE-P7-PROOF-00012,sblr_surface_fse_p7_execution_proof_gate,query.plan_operation_never_cluster_authority;local_query_sblr_remains_local_engine_authority,parser_emits_normalized_cluster_sblr_only;parser_execution_storage_finality_authority_forbidden,compatibility_cluster_execution_storage_transaction_finality_authority_forbidden,project/tests/compatibility_sql_parser_first_tranche/parser_remap_cluster_route_gate.py,parser_remap_cluster_route_gate,p2_cluster_route_remap_verified,row-level compatibility cluster surface remap preserves provider boundary compile policy and compatibility parser isolation;private provider implementation detail is not recorded
FPR-P2-CLUSTER-00288,mongodb,reference_surface:partition_distribution,reference_surface:partition_distribution,cluster.placement.assign_tablet_range,required_new:sblr.cluster.placement.v1:cluster.placement.assign_tablet_range,required_new:sblr.cluster.placement.v1:cluster.placement.assign_tablet_range,docs/reference/compatibility_release_acquisition/mongodb/8.2.6/source/buildscripts/resmokeconfig/suites/concurrency_sharded_multi_stmt_txn_stepdown_terminate_kill_primary.yml#keyword:partition,own_compatibility_surface_only,FPR-P2,not_cluster_query,cluster.assign_tablet_range,provider_routed_public_boundary_manifested,functionality_unsupported;kClusterSupportNotEnabledCode;unsupported_feature=cluster.provider;no_provider_call;fail_closed,functionality_unlicensed;kClusterHandshakeStubCompileLinkOnlyCode;unsupported_feature=cluster.provider.stub;public_compile_link_boundary_only;no_cluster_authority_or_production_behavior,private_internal_provider_required;provider_api_boundary=cluster.assign_tablet_range;no_private_source_or_implementation_detail,compile_flag_disabled_returns_functionality_unsupported;public_stub_enabled_returns_functionality_unlicensed;private_provider_required_for_execution,provider_boundary_route_required,FSE-P7-PROOF-00018,sblr_surface_fse_p7_execution_proof_gate,query.plan_operation_never_cluster_authority;local_query_sblr_remains_local_engine_authority,parser_emits_normalized_cluster_sblr_only;parser_execution_storage_finality_authority_forbidden,compatibility_cluster_execution_storage_transaction_finality_authority_forbidden,project/tests/compatibility_sql_parser_first_tranche/parser_remap_cluster_route_gate.py,parser_remap_cluster_route_gate,p2_cluster_route_remap_verified,row-level compatibility cluster surface remap preserves provider boundary compile policy and compatibility parser isolation;private provider implementation detail is not recorded
FPR-P2-CLUSTER-00289,mongodb,reference_surface:leader_election,reference_surface:leader_election,cluster.node.set_role,sblr.cluster.control.v3:cluster.node.set_role,sblr.cluster.control.v3:cluster.node.set_role,docs/reference/compatibility_release_acquisition/mongodb/8.2.6/source/src/mongo/db/repl/README.md#keyword:leader,own_compatibility_surface_only,FPR-P2,not_cluster_query,cluster.set_node_role,provider_routed_public_boundary_manifested,functionality_unsupported;kClusterSupportNotEnabledCode;unsupported_feature=cluster.provider;no_provider_call;fail_closed,functionality_unlicensed;kClusterHandshakeStubCompileLinkOnlyCode;unsupported_feature=cluster.provider.stub;public_compile_link_boundary_only;no_cluster_authority_or_production_behavior,private_internal_provider_required;provider_api_boundary=cluster.set_node_role;no_private_source_or_implementation_detail,compile_flag_disabled_returns_functionality_unsupported;public_stub_enabled_returns_functionality_unlicensed;private_provider_required_for_execution,provider_boundary_route_required,FSE-P7-PROOF-00016,sblr_surface_fse_p7_execution_proof_gate,query.plan_operation_never_cluster_authority;local_query_sblr_remains_local_engine_authority,parser_emits_normalized_cluster_sblr_only;parser_execution_storage_finality_authority_forbidden,compatibility_cluster_execution_storage_transaction_finality_authority_forbidden,project/tests/compatibility_sql_parser_first_tranche/parser_remap_cluster_route_gate.py,parser_remap_cluster_route_gate,p2_cluster_route_remap_verified,row-level compatibility cluster surface remap preserves provider boundary compile policy and compatibility parser isolation;private provider implementation detail is not recorded
FPR-P2-CLUSTER-00290,mongodb,reference_surface:changefeed_stream,reference_surface:changefeed_stream,cluster.metrics.emit_event,sblr.cluster.report.v3:cluster.metrics.emit_event,sblr.cluster.report.v3:cluster.metrics.emit_event,docs/specifications/chapters/compatibilitys/mongodb/appendix-compatibility-mongodb-exact-extraction-slice-5-sharding-index-migration-cdc-and-optimizer-profile.md#keyword:changefeed,own_compatibility_surface_only,FPR-P2,not_cluster_query,cluster.emit_event,provider_routed_public_boundary_manifested,functionality_unsupported;kClusterSupportNotEnabledCode;unsupported_feature=cluster.provider;no_provider_call;fail_closed,functionality_unlicensed;kClusterHandshakeStubCompileLinkOnlyCode;unsupported_feature=cluster.provider.stub;public_compile_link_boundary_only;no_cluster_authority_or_production_behavior,private_internal_provider_required;provider_api_boundary=cluster.emit_event;no_private_source_or_implementation_detail,compile_flag_disabled_returns_functionality_unsupported;public_stub_enabled_returns_functionality_unlicensed;private_provider_required_for_execution,provider_boundary_route_required,FSE-P7-PROOF-00008,sblr_surface_fse_p7_execution_proof_gate,query.plan_operation_never_cluster_authority;local_query_sblr_remains_local_engine_authority,parser_emits_normalized_cluster_sblr_only;parser_execution_storage_finality_authority_forbidden,compatibility_cluster_execution_storage_transaction_finality_authority_forbidden,project/tests/compatibility_sql_parser_first_tranche/parser_remap_cluster_route_gate.py,parser_remap_cluster_route_gate,p2_cluster_route_remap_verified,row-level compatibility cluster surface remap preserves provider boundary compile policy and compatibility parser isolation;private provider implementation detail is not recorded
FPR-P2-CLUSTER-00291,mysql,reference_surface:cluster_topology_or_control,reference_surface:cluster_topology_or_control,cluster.job.start_controlled,sblr.cluster.control.v3:cluster.job.start_controlled,sblr.cluster.control.v3:cluster.job.start_controlled,docs/reference/compatibility_catalog_seeds/mysql/mysql_8_4_beta2_full_seed_manifest.yaml#keyword:cluster,own_compatibility_surface_only,FPR-P2,not_cluster_query,cluster.start_job,provider_routed_public_boundary_manifested,functionality_unsupported;kClusterSupportNotEnabledCode;unsupported_feature=cluster.provider;no_provider_call;fail_closed,functionality_unlicensed;kClusterHandshakeStubCompileLinkOnlyCode;unsupported_feature=cluster.provider.stub;public_compile_link_boundary_only;no_cluster_authority_or_production_behavior,private_internal_provider_required;provider_api_boundary=cluster.start_job;no_private_source_or_implementation_detail,compile_flag_disabled_returns_functionality_unsupported;public_stub_enabled_returns_functionality_unlicensed;private_provider_required_for_execution,provider_boundary_route_required,FSE-P7-PROOF-00005,sblr_surface_fse_p7_execution_proof_gate,query.plan_operation_never_cluster_authority;local_query_sblr_remains_local_engine_authority,parser_emits_normalized_cluster_sblr_only;parser_execution_storage_finality_authority_forbidden,compatibility_cluster_execution_storage_transaction_finality_authority_forbidden,project/tests/compatibility_sql_parser_first_tranche/parser_remap_cluster_route_gate.py,parser_remap_cluster_route_gate,p2_cluster_route_remap_verified,row-level compatibility cluster surface remap preserves provider boundary compile policy and compatibility parser isolation;private provider implementation detail is not recorded
FPR-P2-CLUSTER-00292,mysql,reference_surface:replication_control,reference_surface:replication_control,cluster.replication.consume_cluster_event,sblr.replication.consumer.v3:cluster.replication.consume_cluster_event,sblr.replication.consumer.v3:cluster.replication.consume_cluster_event,docs/reference/compatibility_catalog_seeds/mysql/mysql_8_4_beta2_full_seed_manifest.yaml#keyword:replication,own_compatibility_surface_only,FPR-P2,not_cluster_query,cluster.inspect_replication,provider_routed_public_boundary_manifested,functionality_unsupported;kClusterSupportNotEnabledCode;unsupported_feature=cluster.provider;no_provider_call;fail_closed,functionality_unlicensed;kClusterHandshakeStubCompileLinkOnlyCode;unsupported_feature=cluster.provider.stub;public_compile_link_boundary_only;no_cluster_authority_or_production_behavior,private_internal_provider_required;provider_api_boundary=cluster.inspect_replication;no_private_source_or_implementation_detail,compile_flag_disabled_returns_functionality_unsupported;public_stub_enabled_returns_functionality_unlicensed;private_provider_required_for_execution,provider_boundary_route_required,FSE-P7-PROOF-00036,sblr_surface_fse_p7_execution_proof_gate,query.plan_operation_never_cluster_authority;local_query_sblr_remains_local_engine_authority,parser_emits_normalized_cluster_sblr_only;parser_execution_storage_finality_authority_forbidden,compatibility_cluster_execution_storage_transaction_finality_authority_forbidden,project/tests/compatibility_sql_parser_first_tranche/parser_remap_cluster_route_gate.py,parser_remap_cluster_route_gate,p2_cluster_route_remap_verified,row-level compatibility cluster surface remap preserves provider boundary compile policy and compatibility parser isolation;private provider implementation detail is not recorded
FPR-P2-CLUSTER-00293,mysql,reference_surface:cdc_stream,reference_surface:cdc_stream,cluster.metrics.emit_event,sblr.cluster.report.v3:cluster.metrics.emit_event,sblr.cluster.report.v3:cluster.metrics.emit_event,docs/reference/compatibility_catalog_seeds/mysql/mysql_8_4_beta2_full_seed_manifest.yaml#keyword:cdc,own_compatibility_surface_only,FPR-P2,not_cluster_query,cluster.emit_event,provider_routed_public_boundary_manifested,functionality_unsupported;kClusterSupportNotEnabledCode;unsupported_feature=cluster.provider;no_provider_call;fail_closed,functionality_unlicensed;kClusterHandshakeStubCompileLinkOnlyCode;unsupported_feature=cluster.provider.stub;public_compile_link_boundary_only;no_cluster_authority_or_production_behavior,private_internal_provider_required;provider_api_boundary=cluster.emit_event;no_private_source_or_implementation_detail,compile_flag_disabled_returns_functionality_unsupported;public_stub_enabled_returns_functionality_unlicensed;private_provider_required_for_execution,provider_boundary_route_required,FSE-P7-PROOF-00008,sblr_surface_fse_p7_execution_proof_gate,query.plan_operation_never_cluster_authority;local_query_sblr_remains_local_engine_authority,parser_emits_normalized_cluster_sblr_only;parser_execution_storage_finality_authority_forbidden,compatibility_cluster_execution_storage_transaction_finality_authority_forbidden,project/tests/compatibility_sql_parser_first_tranche/parser_remap_cluster_route_gate.py,parser_remap_cluster_route_gate,p2_cluster_route_remap_verified,row-level compatibility cluster surface remap preserves provider boundary compile policy and compatibility parser isolation;private provider implementation detail is not recorded
FPR-P2-CLUSTER-00294,mysql,reference_surface:placement_policy,reference_surface:placement_policy,cluster.security.validate_policy_version,required_new:sblr.cluster.security.v1:cluster.security.validate_policy_version,required_new:sblr.cluster.security.v1:cluster.security.validate_policy_version,docs/reference/compatibility_catalog_seeds/mysql/mysql_8_4_beta2_full_seed_manifest.yaml#keyword:placement,own_compatibility_surface_only,FPR-P2,not_cluster_query,cluster.validate_policy_version,provider_routed_public_boundary_manifested,functionality_unsupported;kClusterSupportNotEnabledCode;unsupported_feature=cluster.provider;no_provider_call;fail_closed,functionality_unlicensed;kClusterHandshakeStubCompileLinkOnlyCode;unsupported_feature=cluster.provider.stub;public_compile_link_boundary_only;no_cluster_authority_or_production_behavior,private_internal_provider_required;provider_api_boundary=cluster.validate_policy_version;no_private_source_or_implementation_detail,compile_flag_disabled_returns_functionality_unsupported;public_stub_enabled_returns_functionality_unlicensed;private_provider_required_for_execution,provider_boundary_route_required,FSE-P7-PROOF-00045,sblr_surface_fse_p7_execution_proof_gate,query.plan_operation_never_cluster_authority;local_query_sblr_remains_local_engine_authority,parser_emits_normalized_cluster_sblr_only;parser_execution_storage_finality_authority_forbidden,compatibility_cluster_execution_storage_transaction_finality_authority_forbidden,project/tests/compatibility_sql_parser_first_tranche/parser_remap_cluster_route_gate.py,parser_remap_cluster_route_gate,p2_cluster_route_remap_verified,row-level compatibility cluster surface remap preserves provider boundary compile policy and compatibility parser isolation;private provider implementation detail is not recorded
FPR-P2-CLUSTER-00295,mysql,reference_surface:replica_control,reference_surface:replica_control,cluster.tx.begin_distributed,required_new:sblr.cluster.transaction.v1:cluster.tx.begin_distributed,required_new:sblr.cluster.transaction.v1:cluster.tx.begin_distributed,docs/reference/compatibility_catalog_seeds/mysql/mysql_8_4_beta2_full_seed_manifest.yaml#keyword:replica,own_compatibility_surface_only,FPR-P2,not_cluster_query,cluster.begin_distributed_transaction,provider_routed_public_boundary_manifested,functionality_unsupported;kClusterSupportNotEnabledCode;unsupported_feature=cluster.provider;no_provider_call;fail_closed,functionality_unlicensed;kClusterHandshakeStubCompileLinkOnlyCode;unsupported_feature=cluster.provider.stub;public_compile_link_boundary_only;no_cluster_authority_or_production_behavior,private_internal_provider_required;provider_api_boundary=cluster.begin_distributed_transaction;no_private_source_or_implementation_detail,compile_flag_disabled_returns_functionality_unsupported;public_stub_enabled_returns_functionality_unlicensed;private_provider_required_for_execution,provider_boundary_route_required,FSE-P7-PROOF-00054,sblr_surface_fse_p7_execution_proof_gate,query.plan_operation_never_cluster_authority;local_query_sblr_remains_local_engine_authority,parser_emits_normalized_cluster_sblr_only;parser_execution_storage_finality_authority_forbidden,compatibility_cluster_execution_storage_transaction_finality_authority_forbidden,project/tests/compatibility_sql_parser_first_tranche/parser_remap_cluster_route_gate.py,parser_remap_cluster_route_gate,p2_cluster_route_remap_verified,row-level compatibility cluster surface remap preserves provider boundary compile policy and compatibility parser isolation;private provider implementation detail is not recorded
FPR-P2-CLUSTER-00296,mysql,reference_surface:distributed_execution_or_control,reference_surface:distributed_execution_or_control,cluster.query.plan_distributed,required_new:sblr.cluster.query.v1:cluster.query.plan_distributed,required_new:sblr.cluster.query.v1:cluster.query.plan_distributed,docs/reference/compatibility_release_acquisition/mysql/8.4.8/source/CMakeLists.txt#keyword:distributed,own_compatibility_surface_only,FPR-P2,cross_node_distributed_cluster_authority_not_local_query,cluster.query.plan_distributed,provider_routed_public_boundary_manifested,functionality_unsupported;kClusterSupportNotEnabledCode;unsupported_feature=cluster.provider;no_provider_call;fail_closed,functionality_unlicensed;kClusterHandshakeStubCompileLinkOnlyCode;unsupported_feature=cluster.provider.stub;public_compile_link_boundary_only;no_cluster_authority_or_production_behavior,private_internal_provider_required;provider_api_boundary=cluster.query.plan_distributed;no_private_source_or_implementation_detail,compile_flag_disabled_returns_functionality_unsupported;public_stub_enabled_returns_functionality_unlicensed;private_provider_required_for_execution,provider_boundary_route_required,FSE-P7-PROOF-00027,sblr_surface_fse_p7_execution_proof_gate,cluster_query_requires_provider_boundary;query.plan_operation_never_cluster_authority;local_query_sblr_remains_local_engine_authority,parser_emits_normalized_cluster_sblr_only;parser_execution_storage_finality_authority_forbidden,compatibility_cluster_execution_storage_transaction_finality_authority_forbidden,project/tests/compatibility_sql_parser_first_tranche/parser_remap_cluster_route_gate.py,parser_remap_cluster_route_gate,p2_cluster_route_remap_verified,row-level compatibility cluster surface remap preserves provider boundary compile policy and compatibility parser isolation;private provider implementation detail is not recorded
FPR-P2-CLUSTER-00297,mysql,reference_surface:range_placement,reference_surface:range_placement,cluster.placement.assign_tablet_range,required_new:sblr.cluster.placement.v1:cluster.placement.assign_tablet_range,required_new:sblr.cluster.placement.v1:cluster.placement.assign_tablet_range,docs/reference/compatibility_release_acquisition/mysql/8.4.8/source/Docs/sp-imp-spec.txt#keyword:range,own_compatibility_surface_only,FPR-P2,not_cluster_query,cluster.assign_tablet_range,provider_routed_public_boundary_manifested,functionality_unsupported;kClusterSupportNotEnabledCode;unsupported_feature=cluster.provider;no_provider_call;fail_closed,functionality_unlicensed;kClusterHandshakeStubCompileLinkOnlyCode;unsupported_feature=cluster.provider.stub;public_compile_link_boundary_only;no_cluster_authority_or_production_behavior,private_internal_provider_required;provider_api_boundary=cluster.assign_tablet_range;no_private_source_or_implementation_detail,compile_flag_disabled_returns_functionality_unsupported;public_stub_enabled_returns_functionality_unlicensed;private_provider_required_for_execution,provider_boundary_route_required,FSE-P7-PROOF-00018,sblr_surface_fse_p7_execution_proof_gate,query.plan_operation_never_cluster_authority;local_query_sblr_remains_local_engine_authority,parser_emits_normalized_cluster_sblr_only;parser_execution_storage_finality_authority_forbidden,compatibility_cluster_execution_storage_transaction_finality_authority_forbidden,project/tests/compatibility_sql_parser_first_tranche/parser_remap_cluster_route_gate.py,parser_remap_cluster_route_gate,p2_cluster_route_remap_verified,row-level compatibility cluster surface remap preserves provider boundary compile policy and compatibility parser isolation;private provider implementation detail is not recorded
FPR-P2-CLUSTER-00298,mysql,reference_surface:raft_consensus,reference_surface:raft_consensus,cluster.tx.validate_finality_proof,required_new:sblr.cluster.transaction.v1:cluster.tx.validate_finality_proof,required_new:sblr.cluster.transaction.v1:cluster.tx.validate_finality_proof,docs/reference/compatibility_release_acquisition/mysql/8.4.8/source/extra/libedit/libedit-20240808-3.1/src/CMakeLists.txt#keyword:raft,own_compatibility_surface_only,FPR-P2,not_cluster_query,cluster.validate_finality_proof,provider_routed_public_boundary_manifested,functionality_unsupported;kClusterSupportNotEnabledCode;unsupported_feature=cluster.provider;no_provider_call;fail_closed,functionality_unlicensed;kClusterHandshakeStubCompileLinkOnlyCode;unsupported_feature=cluster.provider.stub;public_compile_link_boundary_only;no_cluster_authority_or_production_behavior,private_internal_provider_required;provider_api_boundary=cluster.validate_finality_proof;no_private_source_or_implementation_detail,compile_flag_disabled_returns_functionality_unsupported;public_stub_enabled_returns_functionality_unlicensed;private_provider_required_for_execution,provider_boundary_route_required,FSE-P7-PROOF-00059,sblr_surface_fse_p7_execution_proof_gate,query.plan_operation_never_cluster_authority;local_query_sblr_remains_local_engine_authority,parser_emits_normalized_cluster_sblr_only;parser_execution_storage_finality_authority_forbidden,compatibility_cluster_execution_storage_transaction_finality_authority_forbidden,project/tests/compatibility_sql_parser_first_tranche/parser_remap_cluster_route_gate.py,parser_remap_cluster_route_gate,p2_cluster_route_remap_verified,row-level compatibility cluster surface remap preserves provider boundary compile policy and compatibility parser isolation;private provider implementation detail is not recorded
FPR-P2-CLUSTER-00299,mysql,reference_surface:shard_placement,reference_surface:shard_placement,cluster.placement.assign_tablet_range,required_new:sblr.cluster.placement.v1:cluster.placement.assign_tablet_range,required_new:sblr.cluster.placement.v1:cluster.placement.assign_tablet_range,docs/reference/compatibility_release_acquisition/mysql/8.4.8/source/mysql-test/lock_order_dependencies.txt#keyword:shard,own_compatibility_surface_only,FPR-P2,not_cluster_query,cluster.assign_tablet_range,provider_routed_public_boundary_manifested,functionality_unsupported;kClusterSupportNotEnabledCode;unsupported_feature=cluster.provider;no_provider_call;fail_closed,functionality_unlicensed;kClusterHandshakeStubCompileLinkOnlyCode;unsupported_feature=cluster.provider.stub;public_compile_link_boundary_only;no_cluster_authority_or_production_behavior,private_internal_provider_required;provider_api_boundary=cluster.assign_tablet_range;no_private_source_or_implementation_detail,compile_flag_disabled_returns_functionality_unsupported;public_stub_enabled_returns_functionality_unlicensed;private_provider_required_for_execution,provider_boundary_route_required,FSE-P7-PROOF-00018,sblr_surface_fse_p7_execution_proof_gate,query.plan_operation_never_cluster_authority;local_query_sblr_remains_local_engine_authority,parser_emits_normalized_cluster_sblr_only;parser_execution_storage_finality_authority_forbidden,compatibility_cluster_execution_storage_transaction_finality_authority_forbidden,project/tests/compatibility_sql_parser_first_tranche/parser_remap_cluster_route_gate.py,parser_remap_cluster_route_gate,p2_cluster_route_remap_verified,row-level compatibility cluster surface remap preserves provider boundary compile policy and compatibility parser isolation;private provider implementation detail is not recorded
FPR-P2-CLUSTER-00300,mysql,reference_surface:partition_distribution,reference_surface:partition_distribution,cluster.placement.validate_partition_distribution,required_new:sblr.cluster.placement.v1:cluster.placement.validate_partition_distribution,required_new:sblr.cluster.placement.v1:cluster.placement.validate_partition_distribution,docs/reference/compatibility_release_acquisition/mysql/8.4.8/source/mysql-test/lock_order_dependencies.txt#keyword:partition,own_compatibility_surface_only,FPR-P2,not_cluster_query,cluster.validate_partition_distribution,provider_routed_public_boundary_manifested,functionality_unsupported;kClusterSupportNotEnabledCode;unsupported_feature=cluster.provider;no_provider_call;fail_closed,functionality_unlicensed;kClusterHandshakeStubCompileLinkOnlyCode;unsupported_feature=cluster.provider.stub;public_compile_link_boundary_only;no_cluster_authority_or_production_behavior,private_internal_provider_required;provider_api_boundary=cluster.validate_partition_distribution;no_private_source_or_implementation_detail,compile_flag_disabled_returns_functionality_unsupported;public_stub_enabled_returns_functionality_unlicensed;private_provider_required_for_execution,provider_boundary_route_required,FSE-P7-PROOF-00021,sblr_surface_fse_p7_execution_proof_gate,query.plan_operation_never_cluster_authority;local_query_sblr_remains_local_engine_authority,parser_emits_normalized_cluster_sblr_only;parser_execution_storage_finality_authority_forbidden,compatibility_cluster_execution_storage_transaction_finality_authority_forbidden,project/tests/compatibility_sql_parser_first_tranche/parser_remap_cluster_route_gate.py,parser_remap_cluster_route_gate,p2_cluster_route_remap_verified,row-level compatibility cluster surface remap preserves provider boundary compile policy and compatibility parser isolation;private provider implementation detail is not recorded
FPR-P2-CLUSTER-00301,mysql,reference_surface:failover_control,reference_surface:failover_control,cluster.node.admit_member,sblr.cluster.control.v3:cluster.node.admit_member,sblr.cluster.control.v3:cluster.node.admit_member,docs/reference/compatibility_release_acquisition/mysql/8.4.8/source/mysql-test/std_data/dd/sdi/innodb_sdi/mysql.json#keyword:failover,own_compatibility_surface_only,FPR-P2,not_cluster_query,cluster.admit_member,provider_routed_public_boundary_manifested,functionality_unsupported;kClusterSupportNotEnabledCode;unsupported_feature=cluster.provider;no_provider_call;fail_closed,functionality_unlicensed;kClusterHandshakeStubCompileLinkOnlyCode;unsupported_feature=cluster.provider.stub;public_compile_link_boundary_only;no_cluster_authority_or_production_behavior,private_internal_provider_required;provider_api_boundary=cluster.admit_member;no_private_source_or_implementation_detail,compile_flag_disabled_returns_functionality_unsupported;public_stub_enabled_returns_functionality_unlicensed;private_provider_required_for_execution,provider_boundary_route_required,FSE-P7-PROOF-00012,sblr_surface_fse_p7_execution_proof_gate,query.plan_operation_never_cluster_authority;local_query_sblr_remains_local_engine_authority,parser_emits_normalized_cluster_sblr_only;parser_execution_storage_finality_authority_forbidden,compatibility_cluster_execution_storage_transaction_finality_authority_forbidden,project/tests/compatibility_sql_parser_first_tranche/parser_remap_cluster_route_gate.py,parser_remap_cluster_route_gate,p2_cluster_route_remap_verified,row-level compatibility cluster surface remap preserves provider boundary compile policy and compatibility parser isolation;private provider implementation detail is not recorded
FPR-P2-CLUSTER-00302,mysql,reference_surface:leader_election,reference_surface:leader_election,cluster.node.set_role,sblr.cluster.control.v3:cluster.node.set_role,sblr.cluster.control.v3:cluster.node.set_role,docs/reference/compatibility_release_acquisition/mysql/8.4.8/source/mysql-test/std_data/lob/frankenstein.txt#keyword:leader,own_compatibility_surface_only,FPR-P2,not_cluster_query,cluster.set_node_role,provider_routed_public_boundary_manifested,functionality_unsupported;kClusterSupportNotEnabledCode;unsupported_feature=cluster.provider;no_provider_call;fail_closed,functionality_unlicensed;kClusterHandshakeStubCompileLinkOnlyCode;unsupported_feature=cluster.provider.stub;public_compile_link_boundary_only;no_cluster_authority_or_production_behavior,private_internal_provider_required;provider_api_boundary=cluster.set_node_role;no_private_source_or_implementation_detail,compile_flag_disabled_returns_functionality_unsupported;public_stub_enabled_returns_functionality_unlicensed;private_provider_required_for_execution,provider_boundary_route_required,FSE-P7-PROOF-00016,sblr_surface_fse_p7_execution_proof_gate,query.plan_operation_never_cluster_authority;local_query_sblr_remains_local_engine_authority,parser_emits_normalized_cluster_sblr_only;parser_execution_storage_finality_authority_forbidden,compatibility_cluster_execution_storage_transaction_finality_authority_forbidden,project/tests/compatibility_sql_parser_first_tranche/parser_remap_cluster_route_gate.py,parser_remap_cluster_route_gate,p2_cluster_route_remap_verified,row-level compatibility cluster surface remap preserves provider boundary compile policy and compatibility parser isolation;private provider implementation detail is not recorded
FPR-P2-CLUSTER-00303,neo4j,reference_surface:cluster_topology_or_control,reference_surface:cluster_topology_or_control,cluster.job.start_controlled,sblr.cluster.control.v3:cluster.job.start_controlled,sblr.cluster.control.v3:cluster.job.start_controlled,docs/reference/compatibility_catalog_seeds/neo4j/neo4j_2025_beta2_full_seed_manifest.yaml#keyword:cluster,own_compatibility_surface_only,FPR-P2,not_cluster_query,cluster.start_job,provider_routed_public_boundary_manifested,functionality_unsupported;kClusterSupportNotEnabledCode;unsupported_feature=cluster.provider;no_provider_call;fail_closed,functionality_unlicensed;kClusterHandshakeStubCompileLinkOnlyCode;unsupported_feature=cluster.provider.stub;public_compile_link_boundary_only;no_cluster_authority_or_production_behavior,private_internal_provider_required;provider_api_boundary=cluster.start_job;no_private_source_or_implementation_detail,compile_flag_disabled_returns_functionality_unsupported;public_stub_enabled_returns_functionality_unlicensed;private_provider_required_for_execution,provider_boundary_route_required,FSE-P7-PROOF-00005,sblr_surface_fse_p7_execution_proof_gate,query.plan_operation_never_cluster_authority;local_query_sblr_remains_local_engine_authority,parser_emits_normalized_cluster_sblr_only;parser_execution_storage_finality_authority_forbidden,compatibility_cluster_execution_storage_transaction_finality_authority_forbidden,project/tests/compatibility_sql_parser_first_tranche/parser_remap_cluster_route_gate.py,parser_remap_cluster_route_gate,p2_cluster_route_remap_verified,row-level compatibility cluster surface remap preserves provider boundary compile policy and compatibility parser isolation;private provider implementation detail is not recorded
FPR-P2-CLUSTER-00304,neo4j,reference_surface:replication_control,reference_surface:replication_control,cluster.replication.consume_cluster_event,sblr.replication.consumer.v3:cluster.replication.consume_cluster_event,sblr.replication.consumer.v3:cluster.replication.consume_cluster_event,docs/reference/compatibility_catalog_seeds/neo4j/neo4j_2025_beta2_full_seed_manifest.yaml#keyword:replication,own_compatibility_surface_only,FPR-P2,not_cluster_query,cluster.inspect_replication,provider_routed_public_boundary_manifested,functionality_unsupported;kClusterSupportNotEnabledCode;unsupported_feature=cluster.provider;no_provider_call;fail_closed,functionality_unlicensed;kClusterHandshakeStubCompileLinkOnlyCode;unsupported_feature=cluster.provider.stub;public_compile_link_boundary_only;no_cluster_authority_or_production_behavior,private_internal_provider_required;provider_api_boundary=cluster.inspect_replication;no_private_source_or_implementation_detail,compile_flag_disabled_returns_functionality_unsupported;public_stub_enabled_returns_functionality_unlicensed;private_provider_required_for_execution,provider_boundary_route_required,FSE-P7-PROOF-00036,sblr_surface_fse_p7_execution_proof_gate,query.plan_operation_never_cluster_authority;local_query_sblr_remains_local_engine_authority,parser_emits_normalized_cluster_sblr_only;parser_execution_storage_finality_authority_forbidden,compatibility_cluster_execution_storage_transaction_finality_authority_forbidden,project/tests/compatibility_sql_parser_first_tranche/parser_remap_cluster_route_gate.py,parser_remap_cluster_route_gate,p2_cluster_route_remap_verified,row-level compatibility cluster surface remap preserves provider boundary compile policy and compatibility parser isolation;private provider implementation detail is not recorded
FPR-P2-CLUSTER-00305,neo4j,reference_surface:cdc_stream,reference_surface:cdc_stream,cluster.metrics.emit_event,sblr.cluster.report.v3:cluster.metrics.emit_event,sblr.cluster.report.v3:cluster.metrics.emit_event,docs/reference/compatibility_catalog_seeds/neo4j/neo4j_2025_beta2_full_seed_manifest.yaml#keyword:cdc,own_compatibility_surface_only,FPR-P2,not_cluster_query,cluster.emit_event,provider_routed_public_boundary_manifested,functionality_unsupported;kClusterSupportNotEnabledCode;unsupported_feature=cluster.provider;no_provider_call;fail_closed,functionality_unlicensed;kClusterHandshakeStubCompileLinkOnlyCode;unsupported_feature=cluster.provider.stub;public_compile_link_boundary_only;no_cluster_authority_or_production_behavior,private_internal_provider_required;provider_api_boundary=cluster.emit_event;no_private_source_or_implementation_detail,compile_flag_disabled_returns_functionality_unsupported;public_stub_enabled_returns_functionality_unlicensed;private_provider_required_for_execution,provider_boundary_route_required,FSE-P7-PROOF-00008,sblr_surface_fse_p7_execution_proof_gate,query.plan_operation_never_cluster_authority;local_query_sblr_remains_local_engine_authority,parser_emits_normalized_cluster_sblr_only;parser_execution_storage_finality_authority_forbidden,compatibility_cluster_execution_storage_transaction_finality_authority_forbidden,project/tests/compatibility_sql_parser_first_tranche/parser_remap_cluster_route_gate.py,parser_remap_cluster_route_gate,p2_cluster_route_remap_verified,row-level compatibility cluster surface remap preserves provider boundary compile policy and compatibility parser isolation;private provider implementation detail is not recorded
FPR-P2-CLUSTER-00306,neo4j,reference_surface:placement_policy,reference_surface:placement_policy,cluster.security.validate_policy_version,required_new:sblr.cluster.security.v1:cluster.security.validate_policy_version,required_new:sblr.cluster.security.v1:cluster.security.validate_policy_version,docs/reference/compatibility_catalog_seeds/neo4j/neo4j_2025_beta2_full_seed_manifest.yaml#keyword:placement,own_compatibility_surface_only,FPR-P2,not_cluster_query,cluster.validate_policy_version,provider_routed_public_boundary_manifested,functionality_unsupported;kClusterSupportNotEnabledCode;unsupported_feature=cluster.provider;no_provider_call;fail_closed,functionality_unlicensed;kClusterHandshakeStubCompileLinkOnlyCode;unsupported_feature=cluster.provider.stub;public_compile_link_boundary_only;no_cluster_authority_or_production_behavior,private_internal_provider_required;provider_api_boundary=cluster.validate_policy_version;no_private_source_or_implementation_detail,compile_flag_disabled_returns_functionality_unsupported;public_stub_enabled_returns_functionality_unlicensed;private_provider_required_for_execution,provider_boundary_route_required,FSE-P7-PROOF-00045,sblr_surface_fse_p7_execution_proof_gate,query.plan_operation_never_cluster_authority;local_query_sblr_remains_local_engine_authority,parser_emits_normalized_cluster_sblr_only;parser_execution_storage_finality_authority_forbidden,compatibility_cluster_execution_storage_transaction_finality_authority_forbidden,project/tests/compatibility_sql_parser_first_tranche/parser_remap_cluster_route_gate.py,parser_remap_cluster_route_gate,p2_cluster_route_remap_verified,row-level compatibility cluster surface remap preserves provider boundary compile policy and compatibility parser isolation;private provider implementation detail is not recorded
FPR-P2-CLUSTER-00307,neo4j,reference_surface:replica_control,reference_surface:replica_control,cluster.tx.begin_distributed,required_new:sblr.cluster.transaction.v1:cluster.tx.begin_distributed,required_new:sblr.cluster.transaction.v1:cluster.tx.begin_distributed,docs/reference/compatibility_catalog_seeds/neo4j/neo4j_2025_beta2_full_seed_manifest.yaml#keyword:replica,own_compatibility_surface_only,FPR-P2,not_cluster_query,cluster.begin_distributed_transaction,provider_routed_public_boundary_manifested,functionality_unsupported;kClusterSupportNotEnabledCode;unsupported_feature=cluster.provider;no_provider_call;fail_closed,functionality_unlicensed;kClusterHandshakeStubCompileLinkOnlyCode;unsupported_feature=cluster.provider.stub;public_compile_link_boundary_only;no_cluster_authority_or_production_behavior,private_internal_provider_required;provider_api_boundary=cluster.begin_distributed_transaction;no_private_source_or_implementation_detail,compile_flag_disabled_returns_functionality_unsupported;public_stub_enabled_returns_functionality_unlicensed;private_provider_required_for_execution,provider_boundary_route_required,FSE-P7-PROOF-00054,sblr_surface_fse_p7_execution_proof_gate,query.plan_operation_never_cluster_authority;local_query_sblr_remains_local_engine_authority,parser_emits_normalized_cluster_sblr_only;parser_execution_storage_finality_authority_forbidden,compatibility_cluster_execution_storage_transaction_finality_authority_forbidden,project/tests/compatibility_sql_parser_first_tranche/parser_remap_cluster_route_gate.py,parser_remap_cluster_route_gate,p2_cluster_route_remap_verified,row-level compatibility cluster surface remap preserves provider boundary compile policy and compatibility parser isolation;private provider implementation detail is not recorded
FPR-P2-CLUSTER-00308,neo4j,reference_surface:distributed_execution_or_control,reference_surface:distributed_execution_or_control,cluster.query.plan_distributed,required_new:sblr.cluster.query.v1:cluster.query.plan_distributed,required_new:sblr.cluster.query.v1:cluster.query.plan_distributed,docs/reference/compatibility_release_acquisition/neo4j/2026.04.0/license/LICENSE_SOURCE.txt#keyword:distributed,own_compatibility_surface_only,FPR-P2,cross_node_distributed_cluster_authority_not_local_query,cluster.query.plan_distributed,provider_routed_public_boundary_manifested,functionality_unsupported;kClusterSupportNotEnabledCode;unsupported_feature=cluster.provider;no_provider_call;fail_closed,functionality_unlicensed;kClusterHandshakeStubCompileLinkOnlyCode;unsupported_feature=cluster.provider.stub;public_compile_link_boundary_only;no_cluster_authority_or_production_behavior,private_internal_provider_required;provider_api_boundary=cluster.query.plan_distributed;no_private_source_or_implementation_detail,compile_flag_disabled_returns_functionality_unsupported;public_stub_enabled_returns_functionality_unlicensed;private_provider_required_for_execution,provider_boundary_route_required,FSE-P7-PROOF-00027,sblr_surface_fse_p7_execution_proof_gate,cluster_query_requires_provider_boundary;query.plan_operation_never_cluster_authority;local_query_sblr_remains_local_engine_authority,parser_emits_normalized_cluster_sblr_only;parser_execution_storage_finality_authority_forbidden,compatibility_cluster_execution_storage_transaction_finality_authority_forbidden,project/tests/compatibility_sql_parser_first_tranche/parser_remap_cluster_route_gate.py,parser_remap_cluster_route_gate,p2_cluster_route_remap_verified,row-level compatibility cluster surface remap preserves provider boundary compile policy and compatibility parser isolation;private provider implementation detail is not recorded
FPR-P2-CLUSTER-00309,neo4j,reference_surface:range_placement,reference_surface:range_placement,cluster.placement.assign_tablet_range,required_new:sblr.cluster.placement.v1:cluster.placement.assign_tablet_range,required_new:sblr.cluster.placement.v1:cluster.placement.assign_tablet_range,docs/reference/compatibility_release_acquisition/neo4j/2026.04.0/license/LICENSE_SOURCE.txt#keyword:range,own_compatibility_surface_only,FPR-P2,not_cluster_query,cluster.assign_tablet_range,provider_routed_public_boundary_manifested,functionality_unsupported;kClusterSupportNotEnabledCode;unsupported_feature=cluster.provider;no_provider_call;fail_closed,functionality_unlicensed;kClusterHandshakeStubCompileLinkOnlyCode;unsupported_feature=cluster.provider.stub;public_compile_link_boundary_only;no_cluster_authority_or_production_behavior,private_internal_provider_required;provider_api_boundary=cluster.assign_tablet_range;no_private_source_or_implementation_detail,compile_flag_disabled_returns_functionality_unsupported;public_stub_enabled_returns_functionality_unlicensed;private_provider_required_for_execution,provider_boundary_route_required,FSE-P7-PROOF-00018,sblr_surface_fse_p7_execution_proof_gate,query.plan_operation_never_cluster_authority;local_query_sblr_remains_local_engine_authority,parser_emits_normalized_cluster_sblr_only;parser_execution_storage_finality_authority_forbidden,compatibility_cluster_execution_storage_transaction_finality_authority_forbidden,project/tests/compatibility_sql_parser_first_tranche/parser_remap_cluster_route_gate.py,parser_remap_cluster_route_gate,p2_cluster_route_remap_verified,row-level compatibility cluster surface remap preserves provider boundary compile policy and compatibility parser isolation;private provider implementation detail is not recorded
FPR-P2-CLUSTER-00310,neo4j,reference_surface:raft_consensus,reference_surface:raft_consensus,cluster.tx.validate_finality_proof,required_new:sblr.cluster.transaction.v1:cluster.tx.validate_finality_proof,required_new:sblr.cluster.transaction.v1:cluster.tx.validate_finality_proof,docs/reference/compatibility_release_acquisition/neo4j/2026.04.0/source/community/bolt/ThirdPartyLicenses.txt#keyword:raft,own_compatibility_surface_only,FPR-P2,not_cluster_query,cluster.validate_finality_proof,provider_routed_public_boundary_manifested,functionality_unsupported;kClusterSupportNotEnabledCode;unsupported_feature=cluster.provider;no_provider_call;fail_closed,functionality_unlicensed;kClusterHandshakeStubCompileLinkOnlyCode;unsupported_feature=cluster.provider.stub;public_compile_link_boundary_only;no_cluster_authority_or_production_behavior,private_internal_provider_required;provider_api_boundary=cluster.validate_finality_proof;no_private_source_or_implementation_detail,compile_flag_disabled_returns_functionality_unsupported;public_stub_enabled_returns_functionality_unlicensed;private_provider_required_for_execution,provider_boundary_route_required,FSE-P7-PROOF-00059,sblr_surface_fse_p7_execution_proof_gate,query.plan_operation_never_cluster_authority;local_query_sblr_remains_local_engine_authority,parser_emits_normalized_cluster_sblr_only;parser_execution_storage_finality_authority_forbidden,compatibility_cluster_execution_storage_transaction_finality_authority_forbidden,project/tests/compatibility_sql_parser_first_tranche/parser_remap_cluster_route_gate.py,parser_remap_cluster_route_gate,p2_cluster_route_remap_verified,row-level compatibility cluster surface remap preserves provider boundary compile policy and compatibility parser isolation;private provider implementation detail is not recorded
FPR-P2-CLUSTER-00311,neo4j,reference_surface:shard_placement,reference_surface:shard_placement,cluster.placement.assign_tablet_range,required_new:sblr.cluster.placement.v1:cluster.placement.assign_tablet_range,required_new:sblr.cluster.placement.v1:cluster.placement.assign_tablet_range,docs/reference/compatibility_release_acquisition/neo4j/2026.04.0/source/community/common/PublicApi.txt#keyword:shard,own_compatibility_surface_only,FPR-P2,not_cluster_query,cluster.assign_tablet_range,provider_routed_public_boundary_manifested,functionality_unsupported;kClusterSupportNotEnabledCode;unsupported_feature=cluster.provider;no_provider_call;fail_closed,functionality_unlicensed;kClusterHandshakeStubCompileLinkOnlyCode;unsupported_feature=cluster.provider.stub;public_compile_link_boundary_only;no_cluster_authority_or_production_behavior,private_internal_provider_required;provider_api_boundary=cluster.assign_tablet_range;no_private_source_or_implementation_detail,compile_flag_disabled_returns_functionality_unsupported;public_stub_enabled_returns_functionality_unlicensed;private_provider_required_for_execution,provider_boundary_route_required,FSE-P7-PROOF-00018,sblr_surface_fse_p7_execution_proof_gate,query.plan_operation_never_cluster_authority;local_query_sblr_remains_local_engine_authority,parser_emits_normalized_cluster_sblr_only;parser_execution_storage_finality_authority_forbidden,compatibility_cluster_execution_storage_transaction_finality_authority_forbidden,project/tests/compatibility_sql_parser_first_tranche/parser_remap_cluster_route_gate.py,parser_remap_cluster_route_gate,p2_cluster_route_remap_verified,row-level compatibility cluster surface remap preserves provider boundary compile policy and compatibility parser isolation;private provider implementation detail is not recorded
FPR-P2-CLUSTER-00312,neo4j,reference_surface:leader_election,reference_surface:leader_election,cluster.node.set_role,sblr.cluster.control.v3:cluster.node.set_role,sblr.cluster.control.v3:cluster.node.set_role,docs/reference/compatibility_release_acquisition/neo4j/2026.04.0/source/community/common/PublicApi.txt#keyword:leader,own_compatibility_surface_only,FPR-P2,not_cluster_query,cluster.set_node_role,provider_routed_public_boundary_manifested,functionality_unsupported;kClusterSupportNotEnabledCode;unsupported_feature=cluster.provider;no_provider_call;fail_closed,functionality_unlicensed;kClusterHandshakeStubCompileLinkOnlyCode;unsupported_feature=cluster.provider.stub;public_compile_link_boundary_only;no_cluster_authority_or_production_behavior,private_internal_provider_required;provider_api_boundary=cluster.set_node_role;no_private_source_or_implementation_detail,compile_flag_disabled_returns_functionality_unsupported;public_stub_enabled_returns_functionality_unlicensed;private_provider_required_for_execution,provider_boundary_route_required,FSE-P7-PROOF-00016,sblr_surface_fse_p7_execution_proof_gate,query.plan_operation_never_cluster_authority;local_query_sblr_remains_local_engine_authority,parser_emits_normalized_cluster_sblr_only;parser_execution_storage_finality_authority_forbidden,compatibility_cluster_execution_storage_transaction_finality_authority_forbidden,project/tests/compatibility_sql_parser_first_tranche/parser_remap_cluster_route_gate.py,parser_remap_cluster_route_gate,p2_cluster_route_remap_verified,row-level compatibility cluster surface remap preserves provider boundary compile policy and compatibility parser isolation;private provider implementation detail is not recorded
FPR-P2-CLUSTER-00313,opensearch,reference_surface:cluster_topology_or_control,reference_surface:cluster_topology_or_control,cluster.job.start_controlled,sblr.cluster.control.v3:cluster.job.start_controlled,sblr.cluster.control.v3:cluster.job.start_controlled,docs/reference/compatibility_catalog_seeds/opensearch/opensearch_2_beta2_full_seed_manifest.yaml#keyword:cluster,own_compatibility_surface_only,FPR-P2,not_cluster_query,cluster.start_job,provider_routed_public_boundary_manifested,functionality_unsupported;kClusterSupportNotEnabledCode;unsupported_feature=cluster.provider;no_provider_call;fail_closed,functionality_unlicensed;kClusterHandshakeStubCompileLinkOnlyCode;unsupported_feature=cluster.provider.stub;public_compile_link_boundary_only;no_cluster_authority_or_production_behavior,private_internal_provider_required;provider_api_boundary=cluster.start_job;no_private_source_or_implementation_detail,compile_flag_disabled_returns_functionality_unsupported;public_stub_enabled_returns_functionality_unlicensed;private_provider_required_for_execution,provider_boundary_route_required,FSE-P7-PROOF-00005,sblr_surface_fse_p7_execution_proof_gate,query.plan_operation_never_cluster_authority;local_query_sblr_remains_local_engine_authority,parser_emits_normalized_cluster_sblr_only;parser_execution_storage_finality_authority_forbidden,compatibility_cluster_execution_storage_transaction_finality_authority_forbidden,project/tests/compatibility_sql_parser_first_tranche/parser_remap_cluster_route_gate.py,parser_remap_cluster_route_gate,p2_cluster_route_remap_verified,row-level compatibility cluster surface remap preserves provider boundary compile policy and compatibility parser isolation;private provider implementation detail is not recorded
FPR-P2-CLUSTER-00314,opensearch,reference_surface:replication_control,reference_surface:replication_control,cluster.replication.consume_cluster_event,sblr.replication.consumer.v3:cluster.replication.consume_cluster_event,sblr.replication.consumer.v3:cluster.replication.consume_cluster_event,docs/reference/compatibility_catalog_seeds/opensearch/opensearch_2_beta2_full_seed_manifest.yaml#keyword:replication,own_compatibility_surface_only,FPR-P2,not_cluster_query,cluster.inspect_replication,provider_routed_public_boundary_manifested,functionality_unsupported;kClusterSupportNotEnabledCode;unsupported_feature=cluster.provider;no_provider_call;fail_closed,functionality_unlicensed;kClusterHandshakeStubCompileLinkOnlyCode;unsupported_feature=cluster.provider.stub;public_compile_link_boundary_only;no_cluster_authority_or_production_behavior,private_internal_provider_required;provider_api_boundary=cluster.inspect_replication;no_private_source_or_implementation_detail,compile_flag_disabled_returns_functionality_unsupported;public_stub_enabled_returns_functionality_unlicensed;private_provider_required_for_execution,provider_boundary_route_required,FSE-P7-PROOF-00036,sblr_surface_fse_p7_execution_proof_gate,query.plan_operation_never_cluster_authority;local_query_sblr_remains_local_engine_authority,parser_emits_normalized_cluster_sblr_only;parser_execution_storage_finality_authority_forbidden,compatibility_cluster_execution_storage_transaction_finality_authority_forbidden,project/tests/compatibility_sql_parser_first_tranche/parser_remap_cluster_route_gate.py,parser_remap_cluster_route_gate,p2_cluster_route_remap_verified,row-level compatibility cluster surface remap preserves provider boundary compile policy and compatibility parser isolation;private provider implementation detail is not recorded
FPR-P2-CLUSTER-00315,opensearch,reference_surface:cdc_stream,reference_surface:cdc_stream,cluster.metrics.emit_event,sblr.cluster.report.v3:cluster.metrics.emit_event,sblr.cluster.report.v3:cluster.metrics.emit_event,docs/reference/compatibility_catalog_seeds/opensearch/opensearch_2_beta2_full_seed_manifest.yaml#keyword:cdc,own_compatibility_surface_only,FPR-P2,not_cluster_query,cluster.emit_event,provider_routed_public_boundary_manifested,functionality_unsupported;kClusterSupportNotEnabledCode;unsupported_feature=cluster.provider;no_provider_call;fail_closed,functionality_unlicensed;kClusterHandshakeStubCompileLinkOnlyCode;unsupported_feature=cluster.provider.stub;public_compile_link_boundary_only;no_cluster_authority_or_production_behavior,private_internal_provider_required;provider_api_boundary=cluster.emit_event;no_private_source_or_implementation_detail,compile_flag_disabled_returns_functionality_unsupported;public_stub_enabled_returns_functionality_unlicensed;private_provider_required_for_execution,provider_boundary_route_required,FSE-P7-PROOF-00008,sblr_surface_fse_p7_execution_proof_gate,query.plan_operation_never_cluster_authority;local_query_sblr_remains_local_engine_authority,parser_emits_normalized_cluster_sblr_only;parser_execution_storage_finality_authority_forbidden,compatibility_cluster_execution_storage_transaction_finality_authority_forbidden,project/tests/compatibility_sql_parser_first_tranche/parser_remap_cluster_route_gate.py,parser_remap_cluster_route_gate,p2_cluster_route_remap_verified,row-level compatibility cluster surface remap preserves provider boundary compile policy and compatibility parser isolation;private provider implementation detail is not recorded
FPR-P2-CLUSTER-00316,opensearch,reference_surface:shard_placement,reference_surface:shard_placement,cluster.placement.assign_tablet_range,required_new:sblr.cluster.placement.v1:cluster.placement.assign_tablet_range,required_new:sblr.cluster.placement.v1:cluster.placement.assign_tablet_range,docs/reference/compatibility_catalog_seeds/opensearch/opensearch_2_beta2_full_seed_manifest.yaml#keyword:shard,own_compatibility_surface_only,FPR-P2,not_cluster_query,cluster.assign_tablet_range,provider_routed_public_boundary_manifested,functionality_unsupported;kClusterSupportNotEnabledCode;unsupported_feature=cluster.provider;no_provider_call;fail_closed,functionality_unlicensed;kClusterHandshakeStubCompileLinkOnlyCode;unsupported_feature=cluster.provider.stub;public_compile_link_boundary_only;no_cluster_authority_or_production_behavior,private_internal_provider_required;provider_api_boundary=cluster.assign_tablet_range;no_private_source_or_implementation_detail,compile_flag_disabled_returns_functionality_unsupported;public_stub_enabled_returns_functionality_unlicensed;private_provider_required_for_execution,provider_boundary_route_required,FSE-P7-PROOF-00018,sblr_surface_fse_p7_execution_proof_gate,query.plan_operation_never_cluster_authority;local_query_sblr_remains_local_engine_authority,parser_emits_normalized_cluster_sblr_only;parser_execution_storage_finality_authority_forbidden,compatibility_cluster_execution_storage_transaction_finality_authority_forbidden,project/tests/compatibility_sql_parser_first_tranche/parser_remap_cluster_route_gate.py,parser_remap_cluster_route_gate,p2_cluster_route_remap_verified,row-level compatibility cluster surface remap preserves provider boundary compile policy and compatibility parser isolation;private provider implementation detail is not recorded
FPR-P2-CLUSTER-00317,opensearch,reference_surface:placement_policy,reference_surface:placement_policy,cluster.security.validate_policy_version,required_new:sblr.cluster.security.v1:cluster.security.validate_policy_version,required_new:sblr.cluster.security.v1:cluster.security.validate_policy_version,docs/reference/compatibility_catalog_seeds/opensearch/opensearch_2_beta2_full_seed_manifest.yaml#keyword:placement,own_compatibility_surface_only,FPR-P2,not_cluster_query,cluster.validate_policy_version,provider_routed_public_boundary_manifested,functionality_unsupported;kClusterSupportNotEnabledCode;unsupported_feature=cluster.provider;no_provider_call;fail_closed,functionality_unlicensed;kClusterHandshakeStubCompileLinkOnlyCode;unsupported_feature=cluster.provider.stub;public_compile_link_boundary_only;no_cluster_authority_or_production_behavior,private_internal_provider_required;provider_api_boundary=cluster.validate_policy_version;no_private_source_or_implementation_detail,compile_flag_disabled_returns_functionality_unsupported;public_stub_enabled_returns_functionality_unlicensed;private_provider_required_for_execution,provider_boundary_route_required,FSE-P7-PROOF-00045,sblr_surface_fse_p7_execution_proof_gate,query.plan_operation_never_cluster_authority;local_query_sblr_remains_local_engine_authority,parser_emits_normalized_cluster_sblr_only;parser_execution_storage_finality_authority_forbidden,compatibility_cluster_execution_storage_transaction_finality_authority_forbidden,project/tests/compatibility_sql_parser_first_tranche/parser_remap_cluster_route_gate.py,parser_remap_cluster_route_gate,p2_cluster_route_remap_verified,row-level compatibility cluster surface remap preserves provider boundary compile policy and compatibility parser isolation;private provider implementation detail is not recorded
FPR-P2-CLUSTER-00318,opensearch,reference_surface:replica_control,reference_surface:replica_control,cluster.tx.begin_distributed,required_new:sblr.cluster.transaction.v1:cluster.tx.begin_distributed,required_new:sblr.cluster.transaction.v1:cluster.tx.begin_distributed,docs/reference/compatibility_catalog_seeds/opensearch/opensearch_2_beta2_full_seed_manifest.yaml#keyword:replica,own_compatibility_surface_only,FPR-P2,not_cluster_query,cluster.begin_distributed_transaction,provider_routed_public_boundary_manifested,functionality_unsupported;kClusterSupportNotEnabledCode;unsupported_feature=cluster.provider;no_provider_call;fail_closed,functionality_unlicensed;kClusterHandshakeStubCompileLinkOnlyCode;unsupported_feature=cluster.provider.stub;public_compile_link_boundary_only;no_cluster_authority_or_production_behavior,private_internal_provider_required;provider_api_boundary=cluster.begin_distributed_transaction;no_private_source_or_implementation_detail,compile_flag_disabled_returns_functionality_unsupported;public_stub_enabled_returns_functionality_unlicensed;private_provider_required_for_execution,provider_boundary_route_required,FSE-P7-PROOF-00054,sblr_surface_fse_p7_execution_proof_gate,query.plan_operation_never_cluster_authority;local_query_sblr_remains_local_engine_authority,parser_emits_normalized_cluster_sblr_only;parser_execution_storage_finality_authority_forbidden,compatibility_cluster_execution_storage_transaction_finality_authority_forbidden,project/tests/compatibility_sql_parser_first_tranche/parser_remap_cluster_route_gate.py,parser_remap_cluster_route_gate,p2_cluster_route_remap_verified,row-level compatibility cluster surface remap preserves provider boundary compile policy and compatibility parser isolation;private provider implementation detail is not recorded
FPR-P2-CLUSTER-00319,opensearch,reference_surface:distributed_execution_or_control,reference_surface:distributed_execution_or_control,cluster.query.fanout_search,required_new:sblr.cluster.query.v1:cluster.query.fanout_search,required_new:sblr.cluster.query.v1:cluster.query.fanout_search,docs/reference/compatibility_release_acquisition/opensearch/3.6.0/license/LICENSE.txt#keyword:distributed,own_compatibility_surface_only,FPR-P2,cross_node_distributed_cluster_authority_not_local_query,cluster.query.fanout_search,provider_routed_public_boundary_manifested,functionality_unsupported;kClusterSupportNotEnabledCode;unsupported_feature=cluster.provider;no_provider_call;fail_closed,functionality_unlicensed;kClusterHandshakeStubCompileLinkOnlyCode;unsupported_feature=cluster.provider.stub;public_compile_link_boundary_only;no_cluster_authority_or_production_behavior,private_internal_provider_required;provider_api_boundary=cluster.query.fanout_search;no_private_source_or_implementation_detail,compile_flag_disabled_returns_functionality_unsupported;public_stub_enabled_returns_functionality_unlicensed;private_provider_required_for_execution,provider_boundary_route_required,FSE-P7-PROOF-00025,sblr_surface_fse_p7_execution_proof_gate,cluster_query_requires_provider_boundary;query.plan_operation_never_cluster_authority;local_query_sblr_remains_local_engine_authority,parser_emits_normalized_cluster_sblr_only;parser_execution_storage_finality_authority_forbidden,compatibility_cluster_execution_storage_transaction_finality_authority_forbidden,project/tests/compatibility_sql_parser_first_tranche/parser_remap_cluster_route_gate.py,parser_remap_cluster_route_gate,p2_cluster_route_remap_verified,row-level compatibility cluster surface remap preserves provider boundary compile policy and compatibility parser isolation;private provider implementation detail is not recorded
FPR-P2-CLUSTER-00320,opensearch,reference_surface:range_placement,reference_surface:range_placement,cluster.placement.assign_tablet_range,required_new:sblr.cluster.placement.v1:cluster.placement.assign_tablet_range,required_new:sblr.cluster.placement.v1:cluster.placement.assign_tablet_range,docs/reference/compatibility_release_acquisition/opensearch/3.6.0/source/.github/benchmark-configs.json#keyword:range,own_compatibility_surface_only,FPR-P2,not_cluster_query,cluster.assign_tablet_range,provider_routed_public_boundary_manifested,functionality_unsupported;kClusterSupportNotEnabledCode;unsupported_feature=cluster.provider;no_provider_call;fail_closed,functionality_unlicensed;kClusterHandshakeStubCompileLinkOnlyCode;unsupported_feature=cluster.provider.stub;public_compile_link_boundary_only;no_cluster_authority_or_production_behavior,private_internal_provider_required;provider_api_boundary=cluster.assign_tablet_range;no_private_source_or_implementation_detail,compile_flag_disabled_returns_functionality_unsupported;public_stub_enabled_returns_functionality_unlicensed;private_provider_required_for_execution,provider_boundary_route_required,FSE-P7-PROOF-00018,sblr_surface_fse_p7_execution_proof_gate,query.plan_operation_never_cluster_authority;local_query_sblr_remains_local_engine_authority,parser_emits_normalized_cluster_sblr_only;parser_execution_storage_finality_authority_forbidden,compatibility_cluster_execution_storage_transaction_finality_authority_forbidden,project/tests/compatibility_sql_parser_first_tranche/parser_remap_cluster_route_gate.py,parser_remap_cluster_route_gate,p2_cluster_route_remap_verified,row-level compatibility cluster surface remap preserves provider boundary compile policy and compatibility parser isolation;private provider implementation detail is not recorded
FPR-P2-CLUSTER-00321,opensearch,reference_surface:partition_distribution,reference_surface:partition_distribution,cluster.placement.validate_partition_distribution,required_new:sblr.cluster.placement.v1:cluster.placement.validate_partition_distribution,required_new:sblr.cluster.placement.v1:cluster.placement.validate_partition_distribution,docs/reference/compatibility_release_acquisition/opensearch/3.6.0/source/.github/benchmark-configs.json#keyword:partition,own_compatibility_surface_only,FPR-P2,not_cluster_query,cluster.validate_partition_distribution,provider_routed_public_boundary_manifested,functionality_unsupported;kClusterSupportNotEnabledCode;unsupported_feature=cluster.provider;no_provider_call;fail_closed,functionality_unlicensed;kClusterHandshakeStubCompileLinkOnlyCode;unsupported_feature=cluster.provider.stub;public_compile_link_boundary_only;no_cluster_authority_or_production_behavior,private_internal_provider_required;provider_api_boundary=cluster.validate_partition_distribution;no_private_source_or_implementation_detail,compile_flag_disabled_returns_functionality_unsupported;public_stub_enabled_returns_functionality_unlicensed;private_provider_required_for_execution,provider_boundary_route_required,FSE-P7-PROOF-00021,sblr_surface_fse_p7_execution_proof_gate,query.plan_operation_never_cluster_authority;local_query_sblr_remains_local_engine_authority,parser_emits_normalized_cluster_sblr_only;parser_execution_storage_finality_authority_forbidden,compatibility_cluster_execution_storage_transaction_finality_authority_forbidden,project/tests/compatibility_sql_parser_first_tranche/parser_remap_cluster_route_gate.py,parser_remap_cluster_route_gate,p2_cluster_route_remap_verified,row-level compatibility cluster surface remap preserves provider boundary compile policy and compatibility parser isolation;private provider implementation detail is not recorded
FPR-P2-CLUSTER-00322,opensearch,reference_surface:raft_consensus,reference_surface:raft_consensus,cluster.tx.validate_finality_proof,required_new:sblr.cluster.transaction.v1:cluster.tx.validate_finality_proof,required_new:sblr.cluster.transaction.v1:cluster.tx.validate_finality_proof,docs/reference/compatibility_release_acquisition/opensearch/3.6.0/source/AGENTS.md#keyword:raft,own_compatibility_surface_only,FPR-P2,not_cluster_query,cluster.validate_finality_proof,provider_routed_public_boundary_manifested,functionality_unsupported;kClusterSupportNotEnabledCode;unsupported_feature=cluster.provider;no_provider_call;fail_closed,functionality_unlicensed;kClusterHandshakeStubCompileLinkOnlyCode;unsupported_feature=cluster.provider.stub;public_compile_link_boundary_only;no_cluster_authority_or_production_behavior,private_internal_provider_required;provider_api_boundary=cluster.validate_finality_proof;no_private_source_or_implementation_detail,compile_flag_disabled_returns_functionality_unsupported;public_stub_enabled_returns_functionality_unlicensed;private_provider_required_for_execution,provider_boundary_route_required,FSE-P7-PROOF-00059,sblr_surface_fse_p7_execution_proof_gate,query.plan_operation_never_cluster_authority;local_query_sblr_remains_local_engine_authority,parser_emits_normalized_cluster_sblr_only;parser_execution_storage_finality_authority_forbidden,compatibility_cluster_execution_storage_transaction_finality_authority_forbidden,project/tests/compatibility_sql_parser_first_tranche/parser_remap_cluster_route_gate.py,parser_remap_cluster_route_gate,p2_cluster_route_remap_verified,row-level compatibility cluster surface remap preserves provider boundary compile policy and compatibility parser isolation;private provider implementation detail is not recorded
FPR-P2-CLUSTER-00323,opensearch,reference_surface:tablet_placement,reference_surface:tablet_placement,cluster.placement.assign_tablet_range,required_new:sblr.cluster.placement.v1:cluster.placement.assign_tablet_range,required_new:sblr.cluster.placement.v1:cluster.placement.assign_tablet_range,docs/reference/compatibility_release_acquisition/opensearch/3.6.0/source/CHANGELOG.md#keyword:tablet,own_compatibility_surface_only,FPR-P2,not_cluster_query,cluster.assign_tablet_range,provider_routed_public_boundary_manifested,functionality_unsupported;kClusterSupportNotEnabledCode;unsupported_feature=cluster.provider;no_provider_call;fail_closed,functionality_unlicensed;kClusterHandshakeStubCompileLinkOnlyCode;unsupported_feature=cluster.provider.stub;public_compile_link_boundary_only;no_cluster_authority_or_production_behavior,private_internal_provider_required;provider_api_boundary=cluster.assign_tablet_range;no_private_source_or_implementation_detail,compile_flag_disabled_returns_functionality_unsupported;public_stub_enabled_returns_functionality_unlicensed;private_provider_required_for_execution,provider_boundary_route_required,FSE-P7-PROOF-00018,sblr_surface_fse_p7_execution_proof_gate,query.plan_operation_never_cluster_authority;local_query_sblr_remains_local_engine_authority,parser_emits_normalized_cluster_sblr_only;parser_execution_storage_finality_authority_forbidden,compatibility_cluster_execution_storage_transaction_finality_authority_forbidden,project/tests/compatibility_sql_parser_first_tranche/parser_remap_cluster_route_gate.py,parser_remap_cluster_route_gate,p2_cluster_route_remap_verified,row-level compatibility cluster surface remap preserves provider boundary compile policy and compatibility parser isolation;private provider implementation detail is not recorded
FPR-P2-CLUSTER-00324,opensearch,reference_surface:leader_election,reference_surface:leader_election,cluster.node.set_role,sblr.cluster.control.v3:cluster.node.set_role,sblr.cluster.control.v3:cluster.node.set_role,docs/reference/compatibility_release_acquisition/opensearch/3.6.0/source/modules/analysis-common/src/yamlRestTest/resources/rest-api-spec/test/search.suggest/20_phrase.yml#keyword:leader,own_compatibility_surface_only,FPR-P2,not_cluster_query,cluster.set_node_role,provider_routed_public_boundary_manifested,functionality_unsupported;kClusterSupportNotEnabledCode;unsupported_feature=cluster.provider;no_provider_call;fail_closed,functionality_unlicensed;kClusterHandshakeStubCompileLinkOnlyCode;unsupported_feature=cluster.provider.stub;public_compile_link_boundary_only;no_cluster_authority_or_production_behavior,private_internal_provider_required;provider_api_boundary=cluster.set_node_role;no_private_source_or_implementation_detail,compile_flag_disabled_returns_functionality_unsupported;public_stub_enabled_returns_functionality_unlicensed;private_provider_required_for_execution,provider_boundary_route_required,FSE-P7-PROOF-00016,sblr_surface_fse_p7_execution_proof_gate,query.plan_operation_never_cluster_authority;local_query_sblr_remains_local_engine_authority,parser_emits_normalized_cluster_sblr_only;parser_execution_storage_finality_authority_forbidden,compatibility_cluster_execution_storage_transaction_finality_authority_forbidden,project/tests/compatibility_sql_parser_first_tranche/parser_remap_cluster_route_gate.py,parser_remap_cluster_route_gate,p2_cluster_route_remap_verified,row-level compatibility cluster surface remap preserves provider boundary compile policy and compatibility parser isolation;private provider implementation detail is not recorded
FPR-P2-CLUSTER-00325,opensearch,reference_surface:failover_control,reference_surface:failover_control,cluster.node.admit_member,sblr.cluster.control.v3:cluster.node.admit_member,sblr.cluster.control.v3:cluster.node.admit_member,docs/reference/compatibility_release_acquisition/opensearch/3.6.0/source/release-notes/opensearch.release-notes-1.2.0.md#keyword:failover,own_compatibility_surface_only,FPR-P2,not_cluster_query,cluster.admit_member,provider_routed_public_boundary_manifested,functionality_unsupported;kClusterSupportNotEnabledCode;unsupported_feature=cluster.provider;no_provider_call;fail_closed,functionality_unlicensed;kClusterHandshakeStubCompileLinkOnlyCode;unsupported_feature=cluster.provider.stub;public_compile_link_boundary_only;no_cluster_authority_or_production_behavior,private_internal_provider_required;provider_api_boundary=cluster.admit_member;no_private_source_or_implementation_detail,compile_flag_disabled_returns_functionality_unsupported;public_stub_enabled_returns_functionality_unlicensed;private_provider_required_for_execution,provider_boundary_route_required,FSE-P7-PROOF-00012,sblr_surface_fse_p7_execution_proof_gate,query.plan_operation_never_cluster_authority;local_query_sblr_remains_local_engine_authority,parser_emits_normalized_cluster_sblr_only;parser_execution_storage_finality_authority_forbidden,compatibility_cluster_execution_storage_transaction_finality_authority_forbidden,project/tests/compatibility_sql_parser_first_tranche/parser_remap_cluster_route_gate.py,parser_remap_cluster_route_gate,p2_cluster_route_remap_verified,row-level compatibility cluster surface remap preserves provider boundary compile policy and compatibility parser isolation;private provider implementation detail is not recorded
FPR-P2-CLUSTER-00326,opensearch,reference_surface:raft_consensus,reference_surface:raft_consensus,cluster.tx.validate_finality_proof,required_new:sblr.cluster.transaction.v1:cluster.tx.validate_finality_proof,required_new:sblr.cluster.transaction.v1:cluster.tx.validate_finality_proof,docs/reference/compatibility_release_acquisition/opensearch_sql_ppl/source/.claude/harness/ppl-bugfix-harness.md#keyword:raft,own_compatibility_surface_only,FPR-P2,not_cluster_query,cluster.validate_finality_proof,provider_routed_public_boundary_manifested,functionality_unsupported;kClusterSupportNotEnabledCode;unsupported_feature=cluster.provider;no_provider_call;fail_closed,functionality_unlicensed;kClusterHandshakeStubCompileLinkOnlyCode;unsupported_feature=cluster.provider.stub;public_compile_link_boundary_only;no_cluster_authority_or_production_behavior,private_internal_provider_required;provider_api_boundary=cluster.validate_finality_proof;no_private_source_or_implementation_detail,compile_flag_disabled_returns_functionality_unsupported;public_stub_enabled_returns_functionality_unlicensed;private_provider_required_for_execution,provider_boundary_route_required,FSE-P7-PROOF-00059,sblr_surface_fse_p7_execution_proof_gate,query.plan_operation_never_cluster_authority;local_query_sblr_remains_local_engine_authority,parser_emits_normalized_cluster_sblr_only;parser_execution_storage_finality_authority_forbidden,compatibility_cluster_execution_storage_transaction_finality_authority_forbidden,project/tests/compatibility_sql_parser_first_tranche/parser_remap_cluster_route_gate.py,parser_remap_cluster_route_gate,p2_cluster_route_remap_verified,row-level compatibility cluster surface remap preserves provider boundary compile policy and compatibility parser isolation;private provider implementation detail is not recorded
FPR-P2-CLUSTER-00327,opensearch,reference_surface:shard_placement,reference_surface:shard_placement,cluster.placement.assign_tablet_range,required_new:sblr.cluster.placement.v1:cluster.placement.assign_tablet_range,required_new:sblr.cluster.placement.v1:cluster.placement.assign_tablet_range,docs/reference/compatibility_release_acquisition/opensearch_sql_ppl/source/.claude/harness/ppl-bugfix-reference.md#keyword:shard,own_compatibility_surface_only,FPR-P2,not_cluster_query,cluster.assign_tablet_range,provider_routed_public_boundary_manifested,functionality_unsupported;kClusterSupportNotEnabledCode;unsupported_feature=cluster.provider;no_provider_call;fail_closed,functionality_unlicensed;kClusterHandshakeStubCompileLinkOnlyCode;unsupported_feature=cluster.provider.stub;public_compile_link_boundary_only;no_cluster_authority_or_production_behavior,private_internal_provider_required;provider_api_boundary=cluster.assign_tablet_range;no_private_source_or_implementation_detail,compile_flag_disabled_returns_functionality_unsupported;public_stub_enabled_returns_functionality_unlicensed;private_provider_required_for_execution,provider_boundary_route_required,FSE-P7-PROOF-00018,sblr_surface_fse_p7_execution_proof_gate,query.plan_operation_never_cluster_authority;local_query_sblr_remains_local_engine_authority,parser_emits_normalized_cluster_sblr_only;parser_execution_storage_finality_authority_forbidden,compatibility_cluster_execution_storage_transaction_finality_authority_forbidden,project/tests/compatibility_sql_parser_first_tranche/parser_remap_cluster_route_gate.py,parser_remap_cluster_route_gate,p2_cluster_route_remap_verified,row-level compatibility cluster surface remap preserves provider boundary compile policy and compatibility parser isolation;private provider implementation detail is not recorded
FPR-P2-CLUSTER-00328,opensearch,reference_surface:replica_control,reference_surface:replica_control,cluster.tx.begin_distributed,required_new:sblr.cluster.transaction.v1:cluster.tx.begin_distributed,required_new:sblr.cluster.transaction.v1:cluster.tx.begin_distributed,docs/reference/compatibility_release_acquisition/opensearch_sql_ppl/source/.claude/harness/ppl-bugfix-reference.md#keyword:replica,own_compatibility_surface_only,FPR-P2,not_cluster_query,cluster.begin_distributed_transaction,provider_routed_public_boundary_manifested,functionality_unsupported;kClusterSupportNotEnabledCode;unsupported_feature=cluster.provider;no_provider_call;fail_closed,functionality_unlicensed;kClusterHandshakeStubCompileLinkOnlyCode;unsupported_feature=cluster.provider.stub;public_compile_link_boundary_only;no_cluster_authority_or_production_behavior,private_internal_provider_required;provider_api_boundary=cluster.begin_distributed_transaction;no_private_source_or_implementation_detail,compile_flag_disabled_returns_functionality_unsupported;public_stub_enabled_returns_functionality_unlicensed;private_provider_required_for_execution,provider_boundary_route_required,FSE-P7-PROOF-00054,sblr_surface_fse_p7_execution_proof_gate,query.plan_operation_never_cluster_authority;local_query_sblr_remains_local_engine_authority,parser_emits_normalized_cluster_sblr_only;parser_execution_storage_finality_authority_forbidden,compatibility_cluster_execution_storage_transaction_finality_authority_forbidden,project/tests/compatibility_sql_parser_first_tranche/parser_remap_cluster_route_gate.py,parser_remap_cluster_route_gate,p2_cluster_route_remap_verified,row-level compatibility cluster surface remap preserves provider boundary compile policy and compatibility parser isolation;private provider implementation detail is not recorded
FPR-P2-CLUSTER-00329,opensearch,reference_surface:cluster_topology_or_control,reference_surface:cluster_topology_or_control,cluster.job.start_controlled,sblr.cluster.control.v3:cluster.job.start_controlled,sblr.cluster.control.v3:cluster.job.start_controlled,docs/reference/compatibility_release_acquisition/opensearch_sql_ppl/source/.github/workflows/integ-tests-with-security.yml#keyword:cluster,own_compatibility_surface_only,FPR-P2,not_cluster_query,cluster.start_job,provider_routed_public_boundary_manifested,functionality_unsupported;kClusterSupportNotEnabledCode;unsupported_feature=cluster.provider;no_provider_call;fail_closed,functionality_unlicensed;kClusterHandshakeStubCompileLinkOnlyCode;unsupported_feature=cluster.provider.stub;public_compile_link_boundary_only;no_cluster_authority_or_production_behavior,private_internal_provider_required;provider_api_boundary=cluster.start_job;no_private_source_or_implementation_detail,compile_flag_disabled_returns_functionality_unsupported;public_stub_enabled_returns_functionality_unlicensed;private_provider_required_for_execution,provider_boundary_route_required,FSE-P7-PROOF-00005,sblr_surface_fse_p7_execution_proof_gate,query.plan_operation_never_cluster_authority;local_query_sblr_remains_local_engine_authority,parser_emits_normalized_cluster_sblr_only;parser_execution_storage_finality_authority_forbidden,compatibility_cluster_execution_storage_transaction_finality_authority_forbidden,project/tests/compatibility_sql_parser_first_tranche/parser_remap_cluster_route_gate.py,parser_remap_cluster_route_gate,p2_cluster_route_remap_verified,row-level compatibility cluster surface remap preserves provider boundary compile policy and compatibility parser isolation;private provider implementation detail is not recorded
FPR-P2-CLUSTER-00330,opensearch,reference_surface:distributed_execution_or_control,reference_surface:distributed_execution_or_control,cluster.query.fanout_search,required_new:sblr.cluster.query.v1:cluster.query.fanout_search,required_new:sblr.cluster.query.v1:cluster.query.fanout_search,docs/reference/compatibility_release_acquisition/opensearch_sql_ppl/source/CONTRIBUTING.md#keyword:distributed,own_compatibility_surface_only,FPR-P2,cross_node_distributed_cluster_authority_not_local_query,cluster.query.fanout_search,provider_routed_public_boundary_manifested,functionality_unsupported;kClusterSupportNotEnabledCode;unsupported_feature=cluster.provider;no_provider_call;fail_closed,functionality_unlicensed;kClusterHandshakeStubCompileLinkOnlyCode;unsupported_feature=cluster.provider.stub;public_compile_link_boundary_only;no_cluster_authority_or_production_behavior,private_internal_provider_required;provider_api_boundary=cluster.query.fanout_search;no_private_source_or_implementation_detail,compile_flag_disabled_returns_functionality_unsupported;public_stub_enabled_returns_functionality_unlicensed;private_provider_required_for_execution,provider_boundary_route_required,FSE-P7-PROOF-00025,sblr_surface_fse_p7_execution_proof_gate,cluster_query_requires_provider_boundary;query.plan_operation_never_cluster_authority;local_query_sblr_remains_local_engine_authority,parser_emits_normalized_cluster_sblr_only;parser_execution_storage_finality_authority_forbidden,compatibility_cluster_execution_storage_transaction_finality_authority_forbidden,project/tests/compatibility_sql_parser_first_tranche/parser_remap_cluster_route_gate.py,parser_remap_cluster_route_gate,p2_cluster_route_remap_verified,row-level compatibility cluster surface remap preserves provider boundary compile policy and compatibility parser isolation;private provider implementation detail is not recorded
FPR-P2-CLUSTER-00331,opensearch,reference_surface:range_placement,reference_surface:range_placement,cluster.placement.assign_tablet_range,required_new:sblr.cluster.placement.v1:cluster.placement.assign_tablet_range,required_new:sblr.cluster.placement.v1:cluster.placement.assign_tablet_range,docs/reference/compatibility_release_acquisition/opensearch_sql_ppl/source/docs/dev/datasource-prometheus.md#keyword:range,own_compatibility_surface_only,FPR-P2,not_cluster_query,cluster.assign_tablet_range,provider_routed_public_boundary_manifested,functionality_unsupported;kClusterSupportNotEnabledCode;unsupported_feature=cluster.provider;no_provider_call;fail_closed,functionality_unlicensed;kClusterHandshakeStubCompileLinkOnlyCode;unsupported_feature=cluster.provider.stub;public_compile_link_boundary_only;no_cluster_authority_or_production_behavior,private_internal_provider_required;provider_api_boundary=cluster.assign_tablet_range;no_private_source_or_implementation_detail,compile_flag_disabled_returns_functionality_unsupported;public_stub_enabled_returns_functionality_unlicensed;private_provider_required_for_execution,provider_boundary_route_required,FSE-P7-PROOF-00018,sblr_surface_fse_p7_execution_proof_gate,query.plan_operation_never_cluster_authority;local_query_sblr_remains_local_engine_authority,parser_emits_normalized_cluster_sblr_only;parser_execution_storage_finality_authority_forbidden,compatibility_cluster_execution_storage_transaction_finality_authority_forbidden,project/tests/compatibility_sql_parser_first_tranche/parser_remap_cluster_route_gate.py,parser_remap_cluster_route_gate,p2_cluster_route_remap_verified,row-level compatibility cluster surface remap preserves provider boundary compile policy and compatibility parser isolation;private provider implementation detail is not recorded
FPR-P2-CLUSTER-00332,opensearch,reference_surface:partition_distribution,reference_surface:partition_distribution,cluster.placement.validate_partition_distribution,required_new:sblr.cluster.placement.v1:cluster.placement.validate_partition_distribution,required_new:sblr.cluster.placement.v1:cluster.placement.validate_partition_distribution,docs/reference/compatibility_release_acquisition/opensearch_sql_ppl/source/docs/dev/datasource-query-s3.md#keyword:partition,own_compatibility_surface_only,FPR-P2,not_cluster_query,cluster.validate_partition_distribution,provider_routed_public_boundary_manifested,functionality_unsupported;kClusterSupportNotEnabledCode;unsupported_feature=cluster.provider;no_provider_call;fail_closed,functionality_unlicensed;kClusterHandshakeStubCompileLinkOnlyCode;unsupported_feature=cluster.provider.stub;public_compile_link_boundary_only;no_cluster_authority_or_production_behavior,private_internal_provider_required;provider_api_boundary=cluster.validate_partition_distribution;no_private_source_or_implementation_detail,compile_flag_disabled_returns_functionality_unsupported;public_stub_enabled_returns_functionality_unlicensed;private_provider_required_for_execution,provider_boundary_route_required,FSE-P7-PROOF-00021,sblr_surface_fse_p7_execution_proof_gate,query.plan_operation_never_cluster_authority;local_query_sblr_remains_local_engine_authority,parser_emits_normalized_cluster_sblr_only;parser_execution_storage_finality_authority_forbidden,compatibility_cluster_execution_storage_transaction_finality_authority_forbidden,project/tests/compatibility_sql_parser_first_tranche/parser_remap_cluster_route_gate.py,parser_remap_cluster_route_gate,p2_cluster_route_remap_verified,row-level compatibility cluster surface remap preserves provider boundary compile policy and compatibility parser isolation;private provider implementation detail is not recorded
FPR-P2-CLUSTER-00333,opensearch,reference_surface:placement_policy,reference_surface:placement_policy,cluster.security.validate_policy_version,required_new:sblr.cluster.security.v1:cluster.security.validate_policy_version,required_new:sblr.cluster.security.v1:cluster.security.validate_policy_version,docs/reference/compatibility_release_acquisition/opensearch_sql_ppl/source/docs/user/ppl/cmd/fillnull.md#keyword:placement,own_compatibility_surface_only,FPR-P2,not_cluster_query,cluster.validate_policy_version,provider_routed_public_boundary_manifested,functionality_unsupported;kClusterSupportNotEnabledCode;unsupported_feature=cluster.provider;no_provider_call;fail_closed,functionality_unlicensed;kClusterHandshakeStubCompileLinkOnlyCode;unsupported_feature=cluster.provider.stub;public_compile_link_boundary_only;no_cluster_authority_or_production_behavior,private_internal_provider_required;provider_api_boundary=cluster.validate_policy_version;no_private_source_or_implementation_detail,compile_flag_disabled_returns_functionality_unsupported;public_stub_enabled_returns_functionality_unlicensed;private_provider_required_for_execution,provider_boundary_route_required,FSE-P7-PROOF-00045,sblr_surface_fse_p7_execution_proof_gate,query.plan_operation_never_cluster_authority;local_query_sblr_remains_local_engine_authority,parser_emits_normalized_cluster_sblr_only;parser_execution_storage_finality_authority_forbidden,compatibility_cluster_execution_storage_transaction_finality_authority_forbidden,project/tests/compatibility_sql_parser_first_tranche/parser_remap_cluster_route_gate.py,parser_remap_cluster_route_gate,p2_cluster_route_remap_verified,row-level compatibility cluster surface remap preserves provider boundary compile policy and compatibility parser isolation;private provider implementation detail is not recorded
FPR-P2-CLUSTER-00334,opensearch,reference_surface:tablet_placement,reference_surface:tablet_placement,cluster.placement.assign_tablet_range,required_new:sblr.cluster.placement.v1:cluster.placement.assign_tablet_range,required_new:sblr.cluster.placement.v1:cluster.placement.assign_tablet_range,docs/reference/compatibility_release_acquisition/opensearch_sql_ppl/source/docs/user/ppl/functions/condition.md#keyword:tablet,own_compatibility_surface_only,FPR-P2,not_cluster_query,cluster.assign_tablet_range,provider_routed_public_boundary_manifested,functionality_unsupported;kClusterSupportNotEnabledCode;unsupported_feature=cluster.provider;no_provider_call;fail_closed,functionality_unlicensed;kClusterHandshakeStubCompileLinkOnlyCode;unsupported_feature=cluster.provider.stub;public_compile_link_boundary_only;no_cluster_authority_or_production_behavior,private_internal_provider_required;provider_api_boundary=cluster.assign_tablet_range;no_private_source_or_implementation_detail,compile_flag_disabled_returns_functionality_unsupported;public_stub_enabled_returns_functionality_unlicensed;private_provider_required_for_execution,provider_boundary_route_required,FSE-P7-PROOF-00018,sblr_surface_fse_p7_execution_proof_gate,query.plan_operation_never_cluster_authority;local_query_sblr_remains_local_engine_authority,parser_emits_normalized_cluster_sblr_only;parser_execution_storage_finality_authority_forbidden,compatibility_cluster_execution_storage_transaction_finality_authority_forbidden,project/tests/compatibility_sql_parser_first_tranche/parser_remap_cluster_route_gate.py,parser_remap_cluster_route_gate,p2_cluster_route_remap_verified,row-level compatibility cluster surface remap preserves provider boundary compile policy and compatibility parser isolation;private provider implementation detail is not recorded
FPR-P2-CLUSTER-00335,opensearch,reference_surface:replication_control,reference_surface:replication_control,cluster.replication.consume_cluster_event,sblr.replication.consumer.v3:cluster.replication.consume_cluster_event,sblr.replication.consumer.v3:cluster.replication.consume_cluster_event,docs/reference/compatibility_release_acquisition/opensearch_sql_ppl/source/release-notes/opensearch-sql.release-notes-2.10.0.0.md#keyword:replication,own_compatibility_surface_only,FPR-P2,not_cluster_query,cluster.inspect_replication,provider_routed_public_boundary_manifested,functionality_unsupported;kClusterSupportNotEnabledCode;unsupported_feature=cluster.provider;no_provider_call;fail_closed,functionality_unlicensed;kClusterHandshakeStubCompileLinkOnlyCode;unsupported_feature=cluster.provider.stub;public_compile_link_boundary_only;no_cluster_authority_or_production_behavior,private_internal_provider_required;provider_api_boundary=cluster.inspect_replication;no_private_source_or_implementation_detail,compile_flag_disabled_returns_functionality_unsupported;public_stub_enabled_returns_functionality_unlicensed;private_provider_required_for_execution,provider_boundary_route_required,FSE-P7-PROOF-00036,sblr_surface_fse_p7_execution_proof_gate,query.plan_operation_never_cluster_authority;local_query_sblr_remains_local_engine_authority,parser_emits_normalized_cluster_sblr_only;parser_execution_storage_finality_authority_forbidden,compatibility_cluster_execution_storage_transaction_finality_authority_forbidden,project/tests/compatibility_sql_parser_first_tranche/parser_remap_cluster_route_gate.py,parser_remap_cluster_route_gate,p2_cluster_route_remap_verified,row-level compatibility cluster surface remap preserves provider boundary compile policy and compatibility parser isolation;private provider implementation detail is not recorded
FPR-P2-CLUSTER-00336,postgresql,reference_surface:cluster_topology_or_control,reference_surface:cluster_topology_or_control,cluster.job.start_controlled,sblr.cluster.control.v3:cluster.job.start_controlled,sblr.cluster.control.v3:cluster.job.start_controlled,docs/reference/compatibility_catalog_seeds/postgresql/postgresql_18_1_beta2_full_seed_manifest.yaml#keyword:cluster,own_compatibility_surface_only,FPR-P2,not_cluster_query,cluster.start_job,provider_routed_public_boundary_manifested,functionality_unsupported;kClusterSupportNotEnabledCode;unsupported_feature=cluster.provider;no_provider_call;fail_closed,functionality_unlicensed;kClusterHandshakeStubCompileLinkOnlyCode;unsupported_feature=cluster.provider.stub;public_compile_link_boundary_only;no_cluster_authority_or_production_behavior,private_internal_provider_required;provider_api_boundary=cluster.start_job;no_private_source_or_implementation_detail,compile_flag_disabled_returns_functionality_unsupported;public_stub_enabled_returns_functionality_unlicensed;private_provider_required_for_execution,provider_boundary_route_required,FSE-P7-PROOF-00005,sblr_surface_fse_p7_execution_proof_gate,query.plan_operation_never_cluster_authority;local_query_sblr_remains_local_engine_authority,parser_emits_normalized_cluster_sblr_only;parser_execution_storage_finality_authority_forbidden,compatibility_cluster_execution_storage_transaction_finality_authority_forbidden,project/tests/compatibility_sql_parser_first_tranche/parser_remap_cluster_route_gate.py,parser_remap_cluster_route_gate,p2_cluster_route_remap_verified,row-level compatibility cluster surface remap preserves provider boundary compile policy and compatibility parser isolation;private provider implementation detail is not recorded
FPR-P2-CLUSTER-00337,postgresql,reference_surface:replication_control,reference_surface:replication_control,cluster.replication.consume_cluster_event,sblr.replication.consumer.v3:cluster.replication.consume_cluster_event,sblr.replication.consumer.v3:cluster.replication.consume_cluster_event,docs/reference/compatibility_catalog_seeds/postgresql/postgresql_18_1_beta2_full_seed_manifest.yaml#keyword:replication,own_compatibility_surface_only,FPR-P2,not_cluster_query,cluster.inspect_replication,provider_routed_public_boundary_manifested,functionality_unsupported;kClusterSupportNotEnabledCode;unsupported_feature=cluster.provider;no_provider_call;fail_closed,functionality_unlicensed;kClusterHandshakeStubCompileLinkOnlyCode;unsupported_feature=cluster.provider.stub;public_compile_link_boundary_only;no_cluster_authority_or_production_behavior,private_internal_provider_required;provider_api_boundary=cluster.inspect_replication;no_private_source_or_implementation_detail,compile_flag_disabled_returns_functionality_unsupported;public_stub_enabled_returns_functionality_unlicensed;private_provider_required_for_execution,provider_boundary_route_required,FSE-P7-PROOF-00036,sblr_surface_fse_p7_execution_proof_gate,query.plan_operation_never_cluster_authority;local_query_sblr_remains_local_engine_authority,parser_emits_normalized_cluster_sblr_only;parser_execution_storage_finality_authority_forbidden,compatibility_cluster_execution_storage_transaction_finality_authority_forbidden,project/tests/compatibility_sql_parser_first_tranche/parser_remap_cluster_route_gate.py,parser_remap_cluster_route_gate,p2_cluster_route_remap_verified,row-level compatibility cluster surface remap preserves provider boundary compile policy and compatibility parser isolation;private provider implementation detail is not recorded
FPR-P2-CLUSTER-00338,postgresql,reference_surface:cdc_stream,reference_surface:cdc_stream,cluster.metrics.emit_event,sblr.cluster.report.v3:cluster.metrics.emit_event,sblr.cluster.report.v3:cluster.metrics.emit_event,docs/reference/compatibility_catalog_seeds/postgresql/postgresql_18_1_beta2_full_seed_manifest.yaml#keyword:cdc,own_compatibility_surface_only,FPR-P2,not_cluster_query,cluster.emit_event,provider_routed_public_boundary_manifested,functionality_unsupported;kClusterSupportNotEnabledCode;unsupported_feature=cluster.provider;no_provider_call;fail_closed,functionality_unlicensed;kClusterHandshakeStubCompileLinkOnlyCode;unsupported_feature=cluster.provider.stub;public_compile_link_boundary_only;no_cluster_authority_or_production_behavior,private_internal_provider_required;provider_api_boundary=cluster.emit_event;no_private_source_or_implementation_detail,compile_flag_disabled_returns_functionality_unsupported;public_stub_enabled_returns_functionality_unlicensed;private_provider_required_for_execution,provider_boundary_route_required,FSE-P7-PROOF-00008,sblr_surface_fse_p7_execution_proof_gate,query.plan_operation_never_cluster_authority;local_query_sblr_remains_local_engine_authority,parser_emits_normalized_cluster_sblr_only;parser_execution_storage_finality_authority_forbidden,compatibility_cluster_execution_storage_transaction_finality_authority_forbidden,project/tests/compatibility_sql_parser_first_tranche/parser_remap_cluster_route_gate.py,parser_remap_cluster_route_gate,p2_cluster_route_remap_verified,row-level compatibility cluster surface remap preserves provider boundary compile policy and compatibility parser isolation;private provider implementation detail is not recorded
FPR-P2-CLUSTER-00339,postgresql,reference_surface:placement_policy,reference_surface:placement_policy,cluster.security.validate_policy_version,required_new:sblr.cluster.security.v1:cluster.security.validate_policy_version,required_new:sblr.cluster.security.v1:cluster.security.validate_policy_version,docs/reference/compatibility_catalog_seeds/postgresql/postgresql_18_1_beta2_full_seed_manifest.yaml#keyword:placement,own_compatibility_surface_only,FPR-P2,not_cluster_query,cluster.validate_policy_version,provider_routed_public_boundary_manifested,functionality_unsupported;kClusterSupportNotEnabledCode;unsupported_feature=cluster.provider;no_provider_call;fail_closed,functionality_unlicensed;kClusterHandshakeStubCompileLinkOnlyCode;unsupported_feature=cluster.provider.stub;public_compile_link_boundary_only;no_cluster_authority_or_production_behavior,private_internal_provider_required;provider_api_boundary=cluster.validate_policy_version;no_private_source_or_implementation_detail,compile_flag_disabled_returns_functionality_unsupported;public_stub_enabled_returns_functionality_unlicensed;private_provider_required_for_execution,provider_boundary_route_required,FSE-P7-PROOF-00045,sblr_surface_fse_p7_execution_proof_gate,query.plan_operation_never_cluster_authority;local_query_sblr_remains_local_engine_authority,parser_emits_normalized_cluster_sblr_only;parser_execution_storage_finality_authority_forbidden,compatibility_cluster_execution_storage_transaction_finality_authority_forbidden,project/tests/compatibility_sql_parser_first_tranche/parser_remap_cluster_route_gate.py,parser_remap_cluster_route_gate,p2_cluster_route_remap_verified,row-level compatibility cluster surface remap preserves provider boundary compile policy and compatibility parser isolation;private provider implementation detail is not recorded
FPR-P2-CLUSTER-00340,postgresql,reference_surface:replica_control,reference_surface:replica_control,cluster.tx.begin_distributed,required_new:sblr.cluster.transaction.v1:cluster.tx.begin_distributed,required_new:sblr.cluster.transaction.v1:cluster.tx.begin_distributed,docs/reference/compatibility_catalog_seeds/postgresql/postgresql_18_1_beta2_full_seed_manifest.yaml#keyword:replica,own_compatibility_surface_only,FPR-P2,not_cluster_query,cluster.begin_distributed_transaction,provider_routed_public_boundary_manifested,functionality_unsupported;kClusterSupportNotEnabledCode;unsupported_feature=cluster.provider;no_provider_call;fail_closed,functionality_unlicensed;kClusterHandshakeStubCompileLinkOnlyCode;unsupported_feature=cluster.provider.stub;public_compile_link_boundary_only;no_cluster_authority_or_production_behavior,private_internal_provider_required;provider_api_boundary=cluster.begin_distributed_transaction;no_private_source_or_implementation_detail,compile_flag_disabled_returns_functionality_unsupported;public_stub_enabled_returns_functionality_unlicensed;private_provider_required_for_execution,provider_boundary_route_required,FSE-P7-PROOF-00054,sblr_surface_fse_p7_execution_proof_gate,query.plan_operation_never_cluster_authority;local_query_sblr_remains_local_engine_authority,parser_emits_normalized_cluster_sblr_only;parser_execution_storage_finality_authority_forbidden,compatibility_cluster_execution_storage_transaction_finality_authority_forbidden,project/tests/compatibility_sql_parser_first_tranche/parser_remap_cluster_route_gate.py,parser_remap_cluster_route_gate,p2_cluster_route_remap_verified,row-level compatibility cluster surface remap preserves provider boundary compile policy and compatibility parser isolation;private provider implementation detail is not recorded
FPR-P2-CLUSTER-00341,postgresql,reference_surface:range_placement,reference_surface:range_placement,cluster.placement.assign_tablet_range,required_new:sblr.cluster.placement.v1:cluster.placement.assign_tablet_range,required_new:sblr.cluster.placement.v1:cluster.placement.assign_tablet_range,docs/reference/compatibility_catalog_seeds/postgresql/postgresql_18_1_catalog_inventory.csv#keyword:range,own_compatibility_surface_only,FPR-P2,not_cluster_query,cluster.assign_tablet_range,provider_routed_public_boundary_manifested,functionality_unsupported;kClusterSupportNotEnabledCode;unsupported_feature=cluster.provider;no_provider_call;fail_closed,functionality_unlicensed;kClusterHandshakeStubCompileLinkOnlyCode;unsupported_feature=cluster.provider.stub;public_compile_link_boundary_only;no_cluster_authority_or_production_behavior,private_internal_provider_required;provider_api_boundary=cluster.assign_tablet_range;no_private_source_or_implementation_detail,compile_flag_disabled_returns_functionality_unsupported;public_stub_enabled_returns_functionality_unlicensed;private_provider_required_for_execution,provider_boundary_route_required,FSE-P7-PROOF-00018,sblr_surface_fse_p7_execution_proof_gate,query.plan_operation_never_cluster_authority;local_query_sblr_remains_local_engine_authority,parser_emits_normalized_cluster_sblr_only;parser_execution_storage_finality_authority_forbidden,compatibility_cluster_execution_storage_transaction_finality_authority_forbidden,project/tests/compatibility_sql_parser_first_tranche/parser_remap_cluster_route_gate.py,parser_remap_cluster_route_gate,p2_cluster_route_remap_verified,row-level compatibility cluster surface remap preserves provider boundary compile policy and compatibility parser isolation;private provider implementation detail is not recorded
FPR-P2-CLUSTER-00342,postgresql,reference_surface:partition_distribution,reference_surface:partition_distribution,cluster.placement.validate_partition_distribution,required_new:sblr.cluster.placement.v1:cluster.placement.validate_partition_distribution,required_new:sblr.cluster.placement.v1:cluster.placement.validate_partition_distribution,docs/reference/compatibility_catalog_seeds/postgresql/postgresql_18_1_catalog_inventory.csv#keyword:partition,own_compatibility_surface_only,FPR-P2,not_cluster_query,cluster.validate_partition_distribution,provider_routed_public_boundary_manifested,functionality_unsupported;kClusterSupportNotEnabledCode;unsupported_feature=cluster.provider;no_provider_call;fail_closed,functionality_unlicensed;kClusterHandshakeStubCompileLinkOnlyCode;unsupported_feature=cluster.provider.stub;public_compile_link_boundary_only;no_cluster_authority_or_production_behavior,private_internal_provider_required;provider_api_boundary=cluster.validate_partition_distribution;no_private_source_or_implementation_detail,compile_flag_disabled_returns_functionality_unsupported;public_stub_enabled_returns_functionality_unlicensed;private_provider_required_for_execution,provider_boundary_route_required,FSE-P7-PROOF-00021,sblr_surface_fse_p7_execution_proof_gate,query.plan_operation_never_cluster_authority;local_query_sblr_remains_local_engine_authority,parser_emits_normalized_cluster_sblr_only;parser_execution_storage_finality_authority_forbidden,compatibility_cluster_execution_storage_transaction_finality_authority_forbidden,project/tests/compatibility_sql_parser_first_tranche/parser_remap_cluster_route_gate.py,parser_remap_cluster_route_gate,p2_cluster_route_remap_verified,row-level compatibility cluster surface remap preserves provider boundary compile policy and compatibility parser isolation;private provider implementation detail is not recorded
FPR-P2-CLUSTER-00343,postgresql,reference_surface:raft_consensus,reference_surface:raft_consensus,cluster.tx.validate_finality_proof,required_new:sblr.cluster.transaction.v1:cluster.tx.validate_finality_proof,required_new:sblr.cluster.transaction.v1:cluster.tx.validate_finality_proof,docs/reference/compatibility_catalog_seeds/postgresql/postgresql_18_1_seed_manifest.yaml#keyword:raft,own_compatibility_surface_only,FPR-P2,not_cluster_query,cluster.validate_finality_proof,provider_routed_public_boundary_manifested,functionality_unsupported;kClusterSupportNotEnabledCode;unsupported_feature=cluster.provider;no_provider_call;fail_closed,functionality_unlicensed;kClusterHandshakeStubCompileLinkOnlyCode;unsupported_feature=cluster.provider.stub;public_compile_link_boundary_only;no_cluster_authority_or_production_behavior,private_internal_provider_required;provider_api_boundary=cluster.validate_finality_proof;no_private_source_or_implementation_detail,compile_flag_disabled_returns_functionality_unsupported;public_stub_enabled_returns_functionality_unlicensed;private_provider_required_for_execution,provider_boundary_route_required,FSE-P7-PROOF-00059,sblr_surface_fse_p7_execution_proof_gate,query.plan_operation_never_cluster_authority;local_query_sblr_remains_local_engine_authority,parser_emits_normalized_cluster_sblr_only;parser_execution_storage_finality_authority_forbidden,compatibility_cluster_execution_storage_transaction_finality_authority_forbidden,project/tests/compatibility_sql_parser_first_tranche/parser_remap_cluster_route_gate.py,parser_remap_cluster_route_gate,p2_cluster_route_remap_verified,row-level compatibility cluster surface remap preserves provider boundary compile policy and compatibility parser isolation;private provider implementation detail is not recorded
FPR-P2-CLUSTER-00344,postgresql,reference_surface:leader_election,reference_surface:leader_election,cluster.node.set_role,sblr.cluster.control.v3:cluster.node.set_role,sblr.cluster.control.v3:cluster.node.set_role,docs/reference/compatibility_release_acquisition/postgresql/18.3/source/src/backend/utils/activity/wait_event_names.txt#keyword:leader,own_compatibility_surface_only,FPR-P2,not_cluster_query,cluster.set_node_role,provider_routed_public_boundary_manifested,functionality_unsupported;kClusterSupportNotEnabledCode;unsupported_feature=cluster.provider;no_provider_call;fail_closed,functionality_unlicensed;kClusterHandshakeStubCompileLinkOnlyCode;unsupported_feature=cluster.provider.stub;public_compile_link_boundary_only;no_cluster_authority_or_production_behavior,private_internal_provider_required;provider_api_boundary=cluster.set_node_role;no_private_source_or_implementation_detail,compile_flag_disabled_returns_functionality_unsupported;public_stub_enabled_returns_functionality_unlicensed;private_provider_required_for_execution,provider_boundary_route_required,FSE-P7-PROOF-00016,sblr_surface_fse_p7_execution_proof_gate,query.plan_operation_never_cluster_authority;local_query_sblr_remains_local_engine_authority,parser_emits_normalized_cluster_sblr_only;parser_execution_storage_finality_authority_forbidden,compatibility_cluster_execution_storage_transaction_finality_authority_forbidden,project/tests/compatibility_sql_parser_first_tranche/parser_remap_cluster_route_gate.py,parser_remap_cluster_route_gate,p2_cluster_route_remap_verified,row-level compatibility cluster surface remap preserves provider boundary compile policy and compatibility parser isolation;private provider implementation detail is not recorded
FPR-P2-CLUSTER-00345,postgresql,reference_surface:failover_control,reference_surface:failover_control,cluster.node.admit_member,sblr.cluster.control.v3:cluster.node.admit_member,sblr.cluster.control.v3:cluster.node.admit_member,docs/specifications/chapters/compatibilitys/postgresql/README.md#keyword:failover,own_compatibility_surface_only,FPR-P2,not_cluster_query,cluster.admit_member,provider_routed_public_boundary_manifested,functionality_unsupported;kClusterSupportNotEnabledCode;unsupported_feature=cluster.provider;no_provider_call;fail_closed,functionality_unlicensed;kClusterHandshakeStubCompileLinkOnlyCode;unsupported_feature=cluster.provider.stub;public_compile_link_boundary_only;no_cluster_authority_or_production_behavior,private_internal_provider_required;provider_api_boundary=cluster.admit_member;no_private_source_or_implementation_detail,compile_flag_disabled_returns_functionality_unsupported;public_stub_enabled_returns_functionality_unlicensed;private_provider_required_for_execution,provider_boundary_route_required,FSE-P7-PROOF-00012,sblr_surface_fse_p7_execution_proof_gate,query.plan_operation_never_cluster_authority;local_query_sblr_remains_local_engine_authority,parser_emits_normalized_cluster_sblr_only;parser_execution_storage_finality_authority_forbidden,compatibility_cluster_execution_storage_transaction_finality_authority_forbidden,project/tests/compatibility_sql_parser_first_tranche/parser_remap_cluster_route_gate.py,parser_remap_cluster_route_gate,p2_cluster_route_remap_verified,row-level compatibility cluster surface remap preserves provider boundary compile policy and compatibility parser isolation;private provider implementation detail is not recorded
FPR-P2-CLUSTER-00346,postgresql,reference_surface:distributed_execution_or_control,reference_surface:distributed_execution_or_control,cluster.query.plan_distributed,required_new:sblr.cluster.query.v1:cluster.query.plan_distributed,required_new:sblr.cluster.query.v1:cluster.query.plan_distributed,docs/specifications/chapters/compatibilitys/postgresql/appendix-compatibility-postgresql-go-readiness-exact-extraction-closure.md#keyword:distributed,own_compatibility_surface_only,FPR-P2,cross_node_distributed_cluster_authority_not_local_query,cluster.query.plan_distributed,provider_routed_public_boundary_manifested,functionality_unsupported;kClusterSupportNotEnabledCode;unsupported_feature=cluster.provider;no_provider_call;fail_closed,functionality_unlicensed;kClusterHandshakeStubCompileLinkOnlyCode;unsupported_feature=cluster.provider.stub;public_compile_link_boundary_only;no_cluster_authority_or_production_behavior,private_internal_provider_required;provider_api_boundary=cluster.query.plan_distributed;no_private_source_or_implementation_detail,compile_flag_disabled_returns_functionality_unsupported;public_stub_enabled_returns_functionality_unlicensed;private_provider_required_for_execution,provider_boundary_route_required,FSE-P7-PROOF-00027,sblr_surface_fse_p7_execution_proof_gate,cluster_query_requires_provider_boundary;query.plan_operation_never_cluster_authority;local_query_sblr_remains_local_engine_authority,parser_emits_normalized_cluster_sblr_only;parser_execution_storage_finality_authority_forbidden,compatibility_cluster_execution_storage_transaction_finality_authority_forbidden,project/tests/compatibility_sql_parser_first_tranche/parser_remap_cluster_route_gate.py,parser_remap_cluster_route_gate,p2_cluster_route_remap_verified,row-level compatibility cluster surface remap preserves provider boundary compile policy and compatibility parser isolation;private provider implementation detail is not recorded
FPR-P2-CLUSTER-00347,redis,reference_surface:cluster_topology_or_control,reference_surface:cluster_topology_or_control,cluster.job.start_controlled,sblr.cluster.control.v3:cluster.job.start_controlled,sblr.cluster.control.v3:cluster.job.start_controlled,docs/reference/compatibility_catalog_seeds/redis/redis_8_beta2_full_seed_manifest.yaml#keyword:cluster,own_compatibility_surface_only,FPR-P2,not_cluster_query,cluster.start_job,provider_routed_public_boundary_manifested,functionality_unsupported;kClusterSupportNotEnabledCode;unsupported_feature=cluster.provider;no_provider_call;fail_closed,functionality_unlicensed;kClusterHandshakeStubCompileLinkOnlyCode;unsupported_feature=cluster.provider.stub;public_compile_link_boundary_only;no_cluster_authority_or_production_behavior,private_internal_provider_required;provider_api_boundary=cluster.start_job;no_private_source_or_implementation_detail,compile_flag_disabled_returns_functionality_unsupported;public_stub_enabled_returns_functionality_unlicensed;private_provider_required_for_execution,provider_boundary_route_required,FSE-P7-PROOF-00005,sblr_surface_fse_p7_execution_proof_gate,query.plan_operation_never_cluster_authority;local_query_sblr_remains_local_engine_authority,parser_emits_normalized_cluster_sblr_only;parser_execution_storage_finality_authority_forbidden,compatibility_cluster_execution_storage_transaction_finality_authority_forbidden,project/tests/compatibility_sql_parser_first_tranche/parser_remap_cluster_route_gate.py,parser_remap_cluster_route_gate,p2_cluster_route_remap_verified,row-level compatibility cluster surface remap preserves provider boundary compile policy and compatibility parser isolation;private provider implementation detail is not recorded
FPR-P2-CLUSTER-00348,redis,reference_surface:replication_control,reference_surface:replication_control,cluster.replication.consume_cluster_event,sblr.replication.consumer.v3:cluster.replication.consume_cluster_event,sblr.replication.consumer.v3:cluster.replication.consume_cluster_event,docs/reference/compatibility_catalog_seeds/redis/redis_8_beta2_full_seed_manifest.yaml#keyword:replication,own_compatibility_surface_only,FPR-P2,not_cluster_query,cluster.inspect_replication,provider_routed_public_boundary_manifested,functionality_unsupported;kClusterSupportNotEnabledCode;unsupported_feature=cluster.provider;no_provider_call;fail_closed,functionality_unlicensed;kClusterHandshakeStubCompileLinkOnlyCode;unsupported_feature=cluster.provider.stub;public_compile_link_boundary_only;no_cluster_authority_or_production_behavior,private_internal_provider_required;provider_api_boundary=cluster.inspect_replication;no_private_source_or_implementation_detail,compile_flag_disabled_returns_functionality_unsupported;public_stub_enabled_returns_functionality_unlicensed;private_provider_required_for_execution,provider_boundary_route_required,FSE-P7-PROOF-00036,sblr_surface_fse_p7_execution_proof_gate,query.plan_operation_never_cluster_authority;local_query_sblr_remains_local_engine_authority,parser_emits_normalized_cluster_sblr_only;parser_execution_storage_finality_authority_forbidden,compatibility_cluster_execution_storage_transaction_finality_authority_forbidden,project/tests/compatibility_sql_parser_first_tranche/parser_remap_cluster_route_gate.py,parser_remap_cluster_route_gate,p2_cluster_route_remap_verified,row-level compatibility cluster surface remap preserves provider boundary compile policy and compatibility parser isolation;private provider implementation detail is not recorded
FPR-P2-CLUSTER-00349,redis,reference_surface:range_placement,reference_surface:range_placement,cluster.placement.assign_tablet_range,required_new:sblr.cluster.placement.v1:cluster.placement.assign_tablet_range,required_new:sblr.cluster.placement.v1:cluster.placement.assign_tablet_range,docs/reference/compatibility_catalog_seeds/redis/redis_8_beta2_full_seed_manifest.yaml#keyword:range,own_compatibility_surface_only,FPR-P2,not_cluster_query,cluster.assign_tablet_range,provider_routed_public_boundary_manifested,functionality_unsupported;kClusterSupportNotEnabledCode;unsupported_feature=cluster.provider;no_provider_call;fail_closed,functionality_unlicensed;kClusterHandshakeStubCompileLinkOnlyCode;unsupported_feature=cluster.provider.stub;public_compile_link_boundary_only;no_cluster_authority_or_production_behavior,private_internal_provider_required;provider_api_boundary=cluster.assign_tablet_range;no_private_source_or_implementation_detail,compile_flag_disabled_returns_functionality_unsupported;public_stub_enabled_returns_functionality_unlicensed;private_provider_required_for_execution,provider_boundary_route_required,FSE-P7-PROOF-00018,sblr_surface_fse_p7_execution_proof_gate,query.plan_operation_never_cluster_authority;local_query_sblr_remains_local_engine_authority,parser_emits_normalized_cluster_sblr_only;parser_execution_storage_finality_authority_forbidden,compatibility_cluster_execution_storage_transaction_finality_authority_forbidden,project/tests/compatibility_sql_parser_first_tranche/parser_remap_cluster_route_gate.py,parser_remap_cluster_route_gate,p2_cluster_route_remap_verified,row-level compatibility cluster surface remap preserves provider boundary compile policy and compatibility parser isolation;private provider implementation detail is not recorded
FPR-P2-CLUSTER-00350,redis,reference_surface:placement_policy,reference_surface:placement_policy,cluster.security.validate_policy_version,required_new:sblr.cluster.security.v1:cluster.security.validate_policy_version,required_new:sblr.cluster.security.v1:cluster.security.validate_policy_version,docs/reference/compatibility_catalog_seeds/redis/redis_8_beta2_full_seed_manifest.yaml#keyword:placement,own_compatibility_surface_only,FPR-P2,not_cluster_query,cluster.validate_policy_version,provider_routed_public_boundary_manifested,functionality_unsupported;kClusterSupportNotEnabledCode;unsupported_feature=cluster.provider;no_provider_call;fail_closed,functionality_unlicensed;kClusterHandshakeStubCompileLinkOnlyCode;unsupported_feature=cluster.provider.stub;public_compile_link_boundary_only;no_cluster_authority_or_production_behavior,private_internal_provider_required;provider_api_boundary=cluster.validate_policy_version;no_private_source_or_implementation_detail,compile_flag_disabled_returns_functionality_unsupported;public_stub_enabled_returns_functionality_unlicensed;private_provider_required_for_execution,provider_boundary_route_required,FSE-P7-PROOF-00045,sblr_surface_fse_p7_execution_proof_gate,query.plan_operation_never_cluster_authority;local_query_sblr_remains_local_engine_authority,parser_emits_normalized_cluster_sblr_only;parser_execution_storage_finality_authority_forbidden,compatibility_cluster_execution_storage_transaction_finality_authority_forbidden,project/tests/compatibility_sql_parser_first_tranche/parser_remap_cluster_route_gate.py,parser_remap_cluster_route_gate,p2_cluster_route_remap_verified,row-level compatibility cluster surface remap preserves provider boundary compile policy and compatibility parser isolation;private provider implementation detail is not recorded
FPR-P2-CLUSTER-00351,redis,reference_surface:replica_control,reference_surface:replica_control,cluster.tx.begin_distributed,required_new:sblr.cluster.transaction.v1:cluster.tx.begin_distributed,required_new:sblr.cluster.transaction.v1:cluster.tx.begin_distributed,docs/reference/compatibility_catalog_seeds/redis/redis_8_beta2_full_seed_manifest.yaml#keyword:replica,own_compatibility_surface_only,FPR-P2,not_cluster_query,cluster.begin_distributed_transaction,provider_routed_public_boundary_manifested,functionality_unsupported;kClusterSupportNotEnabledCode;unsupported_feature=cluster.provider;no_provider_call;fail_closed,functionality_unlicensed;kClusterHandshakeStubCompileLinkOnlyCode;unsupported_feature=cluster.provider.stub;public_compile_link_boundary_only;no_cluster_authority_or_production_behavior,private_internal_provider_required;provider_api_boundary=cluster.begin_distributed_transaction;no_private_source_or_implementation_detail,compile_flag_disabled_returns_functionality_unsupported;public_stub_enabled_returns_functionality_unlicensed;private_provider_required_for_execution,provider_boundary_route_required,FSE-P7-PROOF-00054,sblr_surface_fse_p7_execution_proof_gate,query.plan_operation_never_cluster_authority;local_query_sblr_remains_local_engine_authority,parser_emits_normalized_cluster_sblr_only;parser_execution_storage_finality_authority_forbidden,compatibility_cluster_execution_storage_transaction_finality_authority_forbidden,project/tests/compatibility_sql_parser_first_tranche/parser_remap_cluster_route_gate.py,parser_remap_cluster_route_gate,p2_cluster_route_remap_verified,row-level compatibility cluster surface remap preserves provider boundary compile policy and compatibility parser isolation;private provider implementation detail is not recorded
FPR-P2-CLUSTER-00352,redis,reference_surface:cdc_stream,reference_surface:cdc_stream,cluster.metrics.emit_event,sblr.cluster.report.v3:cluster.metrics.emit_event,sblr.cluster.report.v3:cluster.metrics.emit_event,docs/reference/compatibility_release_acquisition/redis/8.6.2/RELEASE_EVIDENCE_MANIFEST.yaml#keyword:cdc,own_compatibility_surface_only,FPR-P2,not_cluster_query,cluster.emit_event,provider_routed_public_boundary_manifested,functionality_unsupported;kClusterSupportNotEnabledCode;unsupported_feature=cluster.provider;no_provider_call;fail_closed,functionality_unlicensed;kClusterHandshakeStubCompileLinkOnlyCode;unsupported_feature=cluster.provider.stub;public_compile_link_boundary_only;no_cluster_authority_or_production_behavior,private_internal_provider_required;provider_api_boundary=cluster.emit_event;no_private_source_or_implementation_detail,compile_flag_disabled_returns_functionality_unsupported;public_stub_enabled_returns_functionality_unlicensed;private_provider_required_for_execution,provider_boundary_route_required,FSE-P7-PROOF-00008,sblr_surface_fse_p7_execution_proof_gate,query.plan_operation_never_cluster_authority;local_query_sblr_remains_local_engine_authority,parser_emits_normalized_cluster_sblr_only;parser_execution_storage_finality_authority_forbidden,compatibility_cluster_execution_storage_transaction_finality_authority_forbidden,project/tests/compatibility_sql_parser_first_tranche/parser_remap_cluster_route_gate.py,parser_remap_cluster_route_gate,p2_cluster_route_remap_verified,row-level compatibility cluster surface remap preserves provider boundary compile policy and compatibility parser isolation;private provider implementation detail is not recorded
FPR-P2-CLUSTER-00353,redis,reference_surface:distributed_execution_or_control,reference_surface:distributed_execution_or_control,cluster.query.plan_distributed,required_new:sblr.cluster.query.v1:cluster.query.plan_distributed,required_new:sblr.cluster.query.v1:cluster.query.plan_distributed,docs/reference/compatibility_release_acquisition/redis/8.6.2/license/LICENSE.txt#keyword:distributed,own_compatibility_surface_only,FPR-P2,cross_node_distributed_cluster_authority_not_local_query,cluster.query.plan_distributed,provider_routed_public_boundary_manifested,functionality_unsupported;kClusterSupportNotEnabledCode;unsupported_feature=cluster.provider;no_provider_call;fail_closed,functionality_unlicensed;kClusterHandshakeStubCompileLinkOnlyCode;unsupported_feature=cluster.provider.stub;public_compile_link_boundary_only;no_cluster_authority_or_production_behavior,private_internal_provider_required;provider_api_boundary=cluster.query.plan_distributed;no_private_source_or_implementation_detail,compile_flag_disabled_returns_functionality_unsupported;public_stub_enabled_returns_functionality_unlicensed;private_provider_required_for_execution,provider_boundary_route_required,FSE-P7-PROOF-00027,sblr_surface_fse_p7_execution_proof_gate,cluster_query_requires_provider_boundary;query.plan_operation_never_cluster_authority;local_query_sblr_remains_local_engine_authority,parser_emits_normalized_cluster_sblr_only;parser_execution_storage_finality_authority_forbidden,compatibility_cluster_execution_storage_transaction_finality_authority_forbidden,project/tests/compatibility_sql_parser_first_tranche/parser_remap_cluster_route_gate.py,parser_remap_cluster_route_gate,p2_cluster_route_remap_verified,row-level compatibility cluster surface remap preserves provider boundary compile policy and compatibility parser isolation;private provider implementation detail is not recorded
FPR-P2-CLUSTER-00354,redis,reference_surface:failover_control,reference_surface:failover_control,cluster.node.admit_member,sblr.cluster.control.v3:cluster.node.admit_member,sblr.cluster.control.v3:cluster.node.admit_member,docs/reference/compatibility_release_acquisition/redis/8.6.2/source/.github/workflows/daily.yml#keyword:failover,own_compatibility_surface_only,FPR-P2,not_cluster_query,cluster.admit_member,provider_routed_public_boundary_manifested,functionality_unsupported;kClusterSupportNotEnabledCode;unsupported_feature=cluster.provider;no_provider_call;fail_closed,functionality_unlicensed;kClusterHandshakeStubCompileLinkOnlyCode;unsupported_feature=cluster.provider.stub;public_compile_link_boundary_only;no_cluster_authority_or_production_behavior,private_internal_provider_required;provider_api_boundary=cluster.admit_member;no_private_source_or_implementation_detail,compile_flag_disabled_returns_functionality_unsupported;public_stub_enabled_returns_functionality_unlicensed;private_provider_required_for_execution,provider_boundary_route_required,FSE-P7-PROOF-00012,sblr_surface_fse_p7_execution_proof_gate,query.plan_operation_never_cluster_authority;local_query_sblr_remains_local_engine_authority,parser_emits_normalized_cluster_sblr_only;parser_execution_storage_finality_authority_forbidden,compatibility_cluster_execution_storage_transaction_finality_authority_forbidden,project/tests/compatibility_sql_parser_first_tranche/parser_remap_cluster_route_gate.py,parser_remap_cluster_route_gate,p2_cluster_route_remap_verified,row-level compatibility cluster surface remap preserves provider boundary compile policy and compatibility parser isolation;private provider implementation detail is not recorded
FPR-P2-CLUSTER-00355,redis,reference_surface:leader_election,reference_surface:leader_election,cluster.node.set_role,sblr.cluster.control.v3:cluster.node.set_role,sblr.cluster.control.v3:cluster.node.set_role,docs/reference/compatibility_release_acquisition/redis/8.6.2/source/CODE_OF_CONDUCT.md#keyword:leader,own_compatibility_surface_only,FPR-P2,not_cluster_query,cluster.set_node_role,provider_routed_public_boundary_manifested,functionality_unsupported;kClusterSupportNotEnabledCode;unsupported_feature=cluster.provider;no_provider_call;fail_closed,functionality_unlicensed;kClusterHandshakeStubCompileLinkOnlyCode;unsupported_feature=cluster.provider.stub;public_compile_link_boundary_only;no_cluster_authority_or_production_behavior,private_internal_provider_required;provider_api_boundary=cluster.set_node_role;no_private_source_or_implementation_detail,compile_flag_disabled_returns_functionality_unsupported;public_stub_enabled_returns_functionality_unlicensed;private_provider_required_for_execution,provider_boundary_route_required,FSE-P7-PROOF-00016,sblr_surface_fse_p7_execution_proof_gate,query.plan_operation_never_cluster_authority;local_query_sblr_remains_local_engine_authority,parser_emits_normalized_cluster_sblr_only;parser_execution_storage_finality_authority_forbidden,compatibility_cluster_execution_storage_transaction_finality_authority_forbidden,project/tests/compatibility_sql_parser_first_tranche/parser_remap_cluster_route_gate.py,parser_remap_cluster_route_gate,p2_cluster_route_remap_verified,row-level compatibility cluster surface remap preserves provider boundary compile policy and compatibility parser isolation;private provider implementation detail is not recorded
FPR-P2-CLUSTER-00356,redis,reference_surface:raft_consensus,reference_surface:raft_consensus,cluster.tx.validate_finality_proof,required_new:sblr.cluster.transaction.v1:cluster.tx.validate_finality_proof,required_new:sblr.cluster.transaction.v1:cluster.tx.validate_finality_proof,docs/reference/compatibility_release_acquisition/redis/8.6.2/source/deps/hiredis/.github/workflows/release-drafter.yml#keyword:raft,own_compatibility_surface_only,FPR-P2,not_cluster_query,cluster.validate_finality_proof,provider_routed_public_boundary_manifested,functionality_unsupported;kClusterSupportNotEnabledCode;unsupported_feature=cluster.provider;no_provider_call;fail_closed,functionality_unlicensed;kClusterHandshakeStubCompileLinkOnlyCode;unsupported_feature=cluster.provider.stub;public_compile_link_boundary_only;no_cluster_authority_or_production_behavior,private_internal_provider_required;provider_api_boundary=cluster.validate_finality_proof;no_private_source_or_implementation_detail,compile_flag_disabled_returns_functionality_unsupported;public_stub_enabled_returns_functionality_unlicensed;private_provider_required_for_execution,provider_boundary_route_required,FSE-P7-PROOF-00059,sblr_surface_fse_p7_execution_proof_gate,query.plan_operation_never_cluster_authority;local_query_sblr_remains_local_engine_authority,parser_emits_normalized_cluster_sblr_only;parser_execution_storage_finality_authority_forbidden,compatibility_cluster_execution_storage_transaction_finality_authority_forbidden,project/tests/compatibility_sql_parser_first_tranche/parser_remap_cluster_route_gate.py,parser_remap_cluster_route_gate,p2_cluster_route_remap_verified,row-level compatibility cluster surface remap preserves provider boundary compile policy and compatibility parser isolation;private provider implementation detail is not recorded
FPR-P2-CLUSTER-00357,redis,reference_surface:partition_distribution,reference_surface:partition_distribution,cluster.placement.validate_partition_distribution,required_new:sblr.cluster.placement.v1:cluster.placement.validate_partition_distribution,required_new:sblr.cluster.placement.v1:cluster.placement.validate_partition_distribution,docs/reference/compatibility_release_acquisition/redis/8.6.2/source/modules/vector-sets/README.md#keyword:partition,own_compatibility_surface_only,FPR-P2,not_cluster_query,cluster.validate_partition_distribution,provider_routed_public_boundary_manifested,functionality_unsupported;kClusterSupportNotEnabledCode;unsupported_feature=cluster.provider;no_provider_call;fail_closed,functionality_unlicensed;kClusterHandshakeStubCompileLinkOnlyCode;unsupported_feature=cluster.provider.stub;public_compile_link_boundary_only;no_cluster_authority_or_production_behavior,private_internal_provider_required;provider_api_boundary=cluster.validate_partition_distribution;no_private_source_or_implementation_detail,compile_flag_disabled_returns_functionality_unsupported;public_stub_enabled_returns_functionality_unlicensed;private_provider_required_for_execution,provider_boundary_route_required,FSE-P7-PROOF-00021,sblr_surface_fse_p7_execution_proof_gate,query.plan_operation_never_cluster_authority;local_query_sblr_remains_local_engine_authority,parser_emits_normalized_cluster_sblr_only;parser_execution_storage_finality_authority_forbidden,compatibility_cluster_execution_storage_transaction_finality_authority_forbidden,project/tests/compatibility_sql_parser_first_tranche/parser_remap_cluster_route_gate.py,parser_remap_cluster_route_gate,p2_cluster_route_remap_verified,row-level compatibility cluster surface remap preserves provider boundary compile policy and compatibility parser isolation;private provider implementation detail is not recorded
FPR-P2-CLUSTER-00358,redis,reference_surface:shard_placement,reference_surface:shard_placement,cluster.placement.assign_tablet_range,required_new:sblr.cluster.placement.v1:cluster.placement.assign_tablet_range,required_new:sblr.cluster.placement.v1:cluster.placement.assign_tablet_range,docs/reference/compatibility_release_acquisition/redis/8.6.2/source/src/commands/cluster-myshardid.json#keyword:shard,own_compatibility_surface_only,FPR-P2,not_cluster_query,cluster.assign_tablet_range,provider_routed_public_boundary_manifested,functionality_unsupported;kClusterSupportNotEnabledCode;unsupported_feature=cluster.provider;no_provider_call;fail_closed,functionality_unlicensed;kClusterHandshakeStubCompileLinkOnlyCode;unsupported_feature=cluster.provider.stub;public_compile_link_boundary_only;no_cluster_authority_or_production_behavior,private_internal_provider_required;provider_api_boundary=cluster.assign_tablet_range;no_private_source_or_implementation_detail,compile_flag_disabled_returns_functionality_unsupported;public_stub_enabled_returns_functionality_unlicensed;private_provider_required_for_execution,provider_boundary_route_required,FSE-P7-PROOF-00018,sblr_surface_fse_p7_execution_proof_gate,query.plan_operation_never_cluster_authority;local_query_sblr_remains_local_engine_authority,parser_emits_normalized_cluster_sblr_only;parser_execution_storage_finality_authority_forbidden,compatibility_cluster_execution_storage_transaction_finality_authority_forbidden,project/tests/compatibility_sql_parser_first_tranche/parser_remap_cluster_route_gate.py,parser_remap_cluster_route_gate,p2_cluster_route_remap_verified,row-level compatibility cluster surface remap preserves provider boundary compile policy and compatibility parser isolation;private provider implementation detail is not recorded
FPR-P2-CLUSTER-00359,sqlite,reference_surface:cluster_topology_or_control,reference_surface:cluster_topology_or_control,cluster.job.start_controlled,sblr.cluster.control.v3:cluster.job.start_controlled,sblr.cluster.control.v3:cluster.job.start_controlled,docs/reference/compatibility_catalog_seeds/sqlite/sqlite_3_beta2_full_seed_manifest.yaml#keyword:cluster,own_compatibility_surface_only,FPR-P2,not_cluster_query,cluster.start_job,provider_routed_public_boundary_manifested,functionality_unsupported;kClusterSupportNotEnabledCode;unsupported_feature=cluster.provider;no_provider_call;fail_closed,functionality_unlicensed;kClusterHandshakeStubCompileLinkOnlyCode;unsupported_feature=cluster.provider.stub;public_compile_link_boundary_only;no_cluster_authority_or_production_behavior,private_internal_provider_required;provider_api_boundary=cluster.start_job;no_private_source_or_implementation_detail,compile_flag_disabled_returns_functionality_unsupported;public_stub_enabled_returns_functionality_unlicensed;private_provider_required_for_execution,provider_boundary_route_required,FSE-P7-PROOF-00005,sblr_surface_fse_p7_execution_proof_gate,query.plan_operation_never_cluster_authority;local_query_sblr_remains_local_engine_authority,parser_emits_normalized_cluster_sblr_only;parser_execution_storage_finality_authority_forbidden,compatibility_cluster_execution_storage_transaction_finality_authority_forbidden,project/tests/compatibility_sql_parser_first_tranche/parser_remap_cluster_route_gate.py,parser_remap_cluster_route_gate,p2_cluster_route_remap_verified,row-level compatibility cluster surface remap preserves provider boundary compile policy and compatibility parser isolation;private provider implementation detail is not recorded
FPR-P2-CLUSTER-00360,sqlite,reference_surface:replication_control,reference_surface:replication_control,cluster.replication.consume_cluster_event,sblr.replication.consumer.v3:cluster.replication.consume_cluster_event,sblr.replication.consumer.v3:cluster.replication.consume_cluster_event,docs/reference/compatibility_catalog_seeds/sqlite/sqlite_3_beta2_full_seed_manifest.yaml#keyword:replication,own_compatibility_surface_only,FPR-P2,not_cluster_query,cluster.inspect_replication,provider_routed_public_boundary_manifested,functionality_unsupported;kClusterSupportNotEnabledCode;unsupported_feature=cluster.provider;no_provider_call;fail_closed,functionality_unlicensed;kClusterHandshakeStubCompileLinkOnlyCode;unsupported_feature=cluster.provider.stub;public_compile_link_boundary_only;no_cluster_authority_or_production_behavior,private_internal_provider_required;provider_api_boundary=cluster.inspect_replication;no_private_source_or_implementation_detail,compile_flag_disabled_returns_functionality_unsupported;public_stub_enabled_returns_functionality_unlicensed;private_provider_required_for_execution,provider_boundary_route_required,FSE-P7-PROOF-00036,sblr_surface_fse_p7_execution_proof_gate,query.plan_operation_never_cluster_authority;local_query_sblr_remains_local_engine_authority,parser_emits_normalized_cluster_sblr_only;parser_execution_storage_finality_authority_forbidden,compatibility_cluster_execution_storage_transaction_finality_authority_forbidden,project/tests/compatibility_sql_parser_first_tranche/parser_remap_cluster_route_gate.py,parser_remap_cluster_route_gate,p2_cluster_route_remap_verified,row-level compatibility cluster surface remap preserves provider boundary compile policy and compatibility parser isolation;private provider implementation detail is not recorded
FPR-P2-CLUSTER-00361,sqlite,reference_surface:placement_policy,reference_surface:placement_policy,cluster.security.validate_policy_version,required_new:sblr.cluster.security.v1:cluster.security.validate_policy_version,required_new:sblr.cluster.security.v1:cluster.security.validate_policy_version,docs/reference/compatibility_catalog_seeds/sqlite/sqlite_3_beta2_full_seed_manifest.yaml#keyword:placement,own_compatibility_surface_only,FPR-P2,not_cluster_query,cluster.validate_policy_version,provider_routed_public_boundary_manifested,functionality_unsupported;kClusterSupportNotEnabledCode;unsupported_feature=cluster.provider;no_provider_call;fail_closed,functionality_unlicensed;kClusterHandshakeStubCompileLinkOnlyCode;unsupported_feature=cluster.provider.stub;public_compile_link_boundary_only;no_cluster_authority_or_production_behavior,private_internal_provider_required;provider_api_boundary=cluster.validate_policy_version;no_private_source_or_implementation_detail,compile_flag_disabled_returns_functionality_unsupported;public_stub_enabled_returns_functionality_unlicensed;private_provider_required_for_execution,provider_boundary_route_required,FSE-P7-PROOF-00045,sblr_surface_fse_p7_execution_proof_gate,query.plan_operation_never_cluster_authority;local_query_sblr_remains_local_engine_authority,parser_emits_normalized_cluster_sblr_only;parser_execution_storage_finality_authority_forbidden,compatibility_cluster_execution_storage_transaction_finality_authority_forbidden,project/tests/compatibility_sql_parser_first_tranche/parser_remap_cluster_route_gate.py,parser_remap_cluster_route_gate,p2_cluster_route_remap_verified,row-level compatibility cluster surface remap preserves provider boundary compile policy and compatibility parser isolation;private provider implementation detail is not recorded
FPR-P2-CLUSTER-00362,sqlite,reference_surface:replica_control,reference_surface:replica_control,cluster.tx.begin_distributed,required_new:sblr.cluster.transaction.v1:cluster.tx.begin_distributed,required_new:sblr.cluster.transaction.v1:cluster.tx.begin_distributed,docs/reference/compatibility_catalog_seeds/sqlite/sqlite_3_beta2_full_seed_manifest.yaml#keyword:replica,own_compatibility_surface_only,FPR-P2,not_cluster_query,cluster.begin_distributed_transaction,provider_routed_public_boundary_manifested,functionality_unsupported;kClusterSupportNotEnabledCode;unsupported_feature=cluster.provider;no_provider_call;fail_closed,functionality_unlicensed;kClusterHandshakeStubCompileLinkOnlyCode;unsupported_feature=cluster.provider.stub;public_compile_link_boundary_only;no_cluster_authority_or_production_behavior,private_internal_provider_required;provider_api_boundary=cluster.begin_distributed_transaction;no_private_source_or_implementation_detail,compile_flag_disabled_returns_functionality_unsupported;public_stub_enabled_returns_functionality_unlicensed;private_provider_required_for_execution,provider_boundary_route_required,FSE-P7-PROOF-00054,sblr_surface_fse_p7_execution_proof_gate,query.plan_operation_never_cluster_authority;local_query_sblr_remains_local_engine_authority,parser_emits_normalized_cluster_sblr_only;parser_execution_storage_finality_authority_forbidden,compatibility_cluster_execution_storage_transaction_finality_authority_forbidden,project/tests/compatibility_sql_parser_first_tranche/parser_remap_cluster_route_gate.py,parser_remap_cluster_route_gate,p2_cluster_route_remap_verified,row-level compatibility cluster surface remap preserves provider boundary compile policy and compatibility parser isolation;private provider implementation detail is not recorded
FPR-P2-CLUSTER-00363,sqlite,reference_surface:distributed_execution_or_control,reference_surface:distributed_execution_or_control,cluster.query.plan_distributed,required_new:sblr.cluster.query.v1:cluster.query.plan_distributed,required_new:sblr.cluster.query.v1:cluster.query.plan_distributed,docs/reference/compatibility_release_acquisition/sqlite/3.53.0/release-notes/RELEASE_NOTES_SOURCE.md#keyword:distributed,own_compatibility_surface_only,FPR-P2,cross_node_distributed_cluster_authority_not_local_query,cluster.query.plan_distributed,provider_routed_public_boundary_manifested,functionality_unsupported;kClusterSupportNotEnabledCode;unsupported_feature=cluster.provider;no_provider_call;fail_closed,functionality_unlicensed;kClusterHandshakeStubCompileLinkOnlyCode;unsupported_feature=cluster.provider.stub;public_compile_link_boundary_only;no_cluster_authority_or_production_behavior,private_internal_provider_required;provider_api_boundary=cluster.query.plan_distributed;no_private_source_or_implementation_detail,compile_flag_disabled_returns_functionality_unsupported;public_stub_enabled_returns_functionality_unlicensed;private_provider_required_for_execution,provider_boundary_route_required,FSE-P7-PROOF-00027,sblr_surface_fse_p7_execution_proof_gate,cluster_query_requires_provider_boundary;query.plan_operation_never_cluster_authority;local_query_sblr_remains_local_engine_authority,parser_emits_normalized_cluster_sblr_only;parser_execution_storage_finality_authority_forbidden,compatibility_cluster_execution_storage_transaction_finality_authority_forbidden,project/tests/compatibility_sql_parser_first_tranche/parser_remap_cluster_route_gate.py,parser_remap_cluster_route_gate,p2_cluster_route_remap_verified,row-level compatibility cluster surface remap preserves provider boundary compile policy and compatibility parser isolation;private provider implementation detail is not recorded
FPR-P2-CLUSTER-00364,sqlite,reference_surface:range_placement,reference_surface:range_placement,cluster.placement.assign_tablet_range,required_new:sblr.cluster.placement.v1:cluster.placement.assign_tablet_range,required_new:sblr.cluster.placement.v1:cluster.placement.assign_tablet_range,docs/reference/compatibility_release_acquisition/sqlite/3.53.0/source/doc/jsonb.md#keyword:range,own_compatibility_surface_only,FPR-P2,not_cluster_query,cluster.assign_tablet_range,provider_routed_public_boundary_manifested,functionality_unsupported;kClusterSupportNotEnabledCode;unsupported_feature=cluster.provider;no_provider_call;fail_closed,functionality_unlicensed;kClusterHandshakeStubCompileLinkOnlyCode;unsupported_feature=cluster.provider.stub;public_compile_link_boundary_only;no_cluster_authority_or_production_behavior,private_internal_provider_required;provider_api_boundary=cluster.assign_tablet_range;no_private_source_or_implementation_detail,compile_flag_disabled_returns_functionality_unsupported;public_stub_enabled_returns_functionality_unlicensed;private_provider_required_for_execution,provider_boundary_route_required,FSE-P7-PROOF-00018,sblr_surface_fse_p7_execution_proof_gate,query.plan_operation_never_cluster_authority;local_query_sblr_remains_local_engine_authority,parser_emits_normalized_cluster_sblr_only;parser_execution_storage_finality_authority_forbidden,compatibility_cluster_execution_storage_transaction_finality_authority_forbidden,project/tests/compatibility_sql_parser_first_tranche/parser_remap_cluster_route_gate.py,parser_remap_cluster_route_gate,p2_cluster_route_remap_verified,row-level compatibility cluster surface remap preserves provider boundary compile policy and compatibility parser isolation;private provider implementation detail is not recorded
FPR-P2-CLUSTER-00365,sqlite,reference_surface:cdc_stream,reference_surface:cdc_stream,cluster.metrics.emit_event,sblr.cluster.report.v3:cluster.metrics.emit_event,sblr.cluster.report.v3:cluster.metrics.emit_event,docs/reference/compatibility_release_acquisition/sqlite/3.53.0/source/ext/fts3/unicode/CaseFolding.txt#keyword:cdc,own_compatibility_surface_only,FPR-P2,not_cluster_query,cluster.emit_event,provider_routed_public_boundary_manifested,functionality_unsupported;kClusterSupportNotEnabledCode;unsupported_feature=cluster.provider;no_provider_call;fail_closed,functionality_unlicensed;kClusterHandshakeStubCompileLinkOnlyCode;unsupported_feature=cluster.provider.stub;public_compile_link_boundary_only;no_cluster_authority_or_production_behavior,private_internal_provider_required;provider_api_boundary=cluster.emit_event;no_private_source_or_implementation_detail,compile_flag_disabled_returns_functionality_unsupported;public_stub_enabled_returns_functionality_unlicensed;private_provider_required_for_execution,provider_boundary_route_required,FSE-P7-PROOF-00008,sblr_surface_fse_p7_execution_proof_gate,query.plan_operation_never_cluster_authority;local_query_sblr_remains_local_engine_authority,parser_emits_normalized_cluster_sblr_only;parser_execution_storage_finality_authority_forbidden,compatibility_cluster_execution_storage_transaction_finality_authority_forbidden,project/tests/compatibility_sql_parser_first_tranche/parser_remap_cluster_route_gate.py,parser_remap_cluster_route_gate,p2_cluster_route_remap_verified,row-level compatibility cluster surface remap preserves provider boundary compile policy and compatibility parser isolation;private provider implementation detail is not recorded
FPR-P2-CLUSTER-00366,sqlite,reference_surface:raft_consensus,reference_surface:raft_consensus,cluster.tx.validate_finality_proof,required_new:sblr.cluster.transaction.v1:cluster.tx.validate_finality_proof,required_new:sblr.cluster.transaction.v1:cluster.tx.validate_finality_proof,docs/reference/compatibility_release_acquisition/sqlite/3.53.0/source/ext/fts3/unicode/UnicodeData.txt#keyword:raft,own_compatibility_surface_only,FPR-P2,not_cluster_query,cluster.validate_finality_proof,provider_routed_public_boundary_manifested,functionality_unsupported;kClusterSupportNotEnabledCode;unsupported_feature=cluster.provider;no_provider_call;fail_closed,functionality_unlicensed;kClusterHandshakeStubCompileLinkOnlyCode;unsupported_feature=cluster.provider.stub;public_compile_link_boundary_only;no_cluster_authority_or_production_behavior,private_internal_provider_required;provider_api_boundary=cluster.validate_finality_proof;no_private_source_or_implementation_detail,compile_flag_disabled_returns_functionality_unsupported;public_stub_enabled_returns_functionality_unlicensed;private_provider_required_for_execution,provider_boundary_route_required,FSE-P7-PROOF-00059,sblr_surface_fse_p7_execution_proof_gate,query.plan_operation_never_cluster_authority;local_query_sblr_remains_local_engine_authority,parser_emits_normalized_cluster_sblr_only;parser_execution_storage_finality_authority_forbidden,compatibility_cluster_execution_storage_transaction_finality_authority_forbidden,project/tests/compatibility_sql_parser_first_tranche/parser_remap_cluster_route_gate.py,parser_remap_cluster_route_gate,p2_cluster_route_remap_verified,row-level compatibility cluster surface remap preserves provider boundary compile policy and compatibility parser isolation;private provider implementation detail is not recorded
FPR-P2-CLUSTER-00367,sqlite,reference_surface:leader_election,reference_surface:leader_election,cluster.node.set_role,sblr.cluster.control.v3:cluster.node.set_role,sblr.cluster.control.v3:cluster.node.set_role,docs/reference/compatibility_release_acquisition/sqlite/3.53.0/source/ext/fts3/unicode/UnicodeData.txt#keyword:leader,own_compatibility_surface_only,FPR-P2,not_cluster_query,cluster.set_node_role,provider_routed_public_boundary_manifested,functionality_unsupported;kClusterSupportNotEnabledCode;unsupported_feature=cluster.provider;no_provider_call;fail_closed,functionality_unlicensed;kClusterHandshakeStubCompileLinkOnlyCode;unsupported_feature=cluster.provider.stub;public_compile_link_boundary_only;no_cluster_authority_or_production_behavior,private_internal_provider_required;provider_api_boundary=cluster.set_node_role;no_private_source_or_implementation_detail,compile_flag_disabled_returns_functionality_unsupported;public_stub_enabled_returns_functionality_unlicensed;private_provider_required_for_execution,provider_boundary_route_required,FSE-P7-PROOF-00016,sblr_surface_fse_p7_execution_proof_gate,query.plan_operation_never_cluster_authority;local_query_sblr_remains_local_engine_authority,parser_emits_normalized_cluster_sblr_only;parser_execution_storage_finality_authority_forbidden,compatibility_cluster_execution_storage_transaction_finality_authority_forbidden,project/tests/compatibility_sql_parser_first_tranche/parser_remap_cluster_route_gate.py,parser_remap_cluster_route_gate,p2_cluster_route_remap_verified,row-level compatibility cluster surface remap preserves provider boundary compile policy and compatibility parser isolation;private provider implementation detail is not recorded
FPR-P2-CLUSTER-00368,sqlite,reference_surface:tablet_placement,reference_surface:tablet_placement,cluster.placement.assign_tablet_range,required_new:sblr.cluster.placement.v1:cluster.placement.assign_tablet_range,required_new:sblr.cluster.placement.v1:cluster.placement.assign_tablet_range,docs/reference/compatibility_release_acquisition/sqlite/3.53.0/source/tool/dbtotxt.md#keyword:tablet,own_compatibility_surface_only,FPR-P2,not_cluster_query,cluster.assign_tablet_range,provider_routed_public_boundary_manifested,functionality_unsupported;kClusterSupportNotEnabledCode;unsupported_feature=cluster.provider;no_provider_call;fail_closed,functionality_unlicensed;kClusterHandshakeStubCompileLinkOnlyCode;unsupported_feature=cluster.provider.stub;public_compile_link_boundary_only;no_cluster_authority_or_production_behavior,private_internal_provider_required;provider_api_boundary=cluster.assign_tablet_range;no_private_source_or_implementation_detail,compile_flag_disabled_returns_functionality_unsupported;public_stub_enabled_returns_functionality_unlicensed;private_provider_required_for_execution,provider_boundary_route_required,FSE-P7-PROOF-00018,sblr_surface_fse_p7_execution_proof_gate,query.plan_operation_never_cluster_authority;local_query_sblr_remains_local_engine_authority,parser_emits_normalized_cluster_sblr_only;parser_execution_storage_finality_authority_forbidden,compatibility_cluster_execution_storage_transaction_finality_authority_forbidden,project/tests/compatibility_sql_parser_first_tranche/parser_remap_cluster_route_gate.py,parser_remap_cluster_route_gate,p2_cluster_route_remap_verified,row-level compatibility cluster surface remap preserves provider boundary compile policy and compatibility parser isolation;private provider implementation detail is not recorded
FPR-P2-CLUSTER-00369,sqlite,reference_surface:partition_distribution,reference_surface:partition_distribution,cluster.placement.validate_partition_distribution,required_new:sblr.cluster.placement.v1:cluster.placement.validate_partition_distribution,required_new:sblr.cluster.placement.v1:cluster.placement.validate_partition_distribution,docs/specifications/chapters/compatibilitys/sqlite/appendix-compatibility-sqlite-exact-extraction-slice-12-aggregate-window-and-select-expression-runtime-profile.md#keyword:partition,own_compatibility_surface_only,FPR-P2,not_cluster_query,cluster.validate_partition_distribution,provider_routed_public_boundary_manifested,functionality_unsupported;kClusterSupportNotEnabledCode;unsupported_feature=cluster.provider;no_provider_call;fail_closed,functionality_unlicensed;kClusterHandshakeStubCompileLinkOnlyCode;unsupported_feature=cluster.provider.stub;public_compile_link_boundary_only;no_cluster_authority_or_production_behavior,private_internal_provider_required;provider_api_boundary=cluster.validate_partition_distribution;no_private_source_or_implementation_detail,compile_flag_disabled_returns_functionality_unsupported;public_stub_enabled_returns_functionality_unlicensed;private_provider_required_for_execution,provider_boundary_route_required,FSE-P7-PROOF-00021,sblr_surface_fse_p7_execution_proof_gate,query.plan_operation_never_cluster_authority;local_query_sblr_remains_local_engine_authority,parser_emits_normalized_cluster_sblr_only;parser_execution_storage_finality_authority_forbidden,compatibility_cluster_execution_storage_transaction_finality_authority_forbidden,project/tests/compatibility_sql_parser_first_tranche/parser_remap_cluster_route_gate.py,parser_remap_cluster_route_gate,p2_cluster_route_remap_verified,row-level compatibility cluster surface remap preserves provider boundary compile policy and compatibility parser isolation;private provider implementation detail is not recorded
FPR-P2-CLUSTER-00370,tidb,reference_surface:cluster_topology_or_control,reference_surface:cluster_topology_or_control,cluster.job.start_controlled,sblr.cluster.control.v3:cluster.job.start_controlled,sblr.cluster.control.v3:cluster.job.start_controlled,docs/reference/compatibility-engines/tidb/capability-summary.md#keyword:cluster,own_compatibility_surface_only,FPR-P2,not_cluster_query,cluster.start_job,provider_routed_public_boundary_manifested,functionality_unsupported;kClusterSupportNotEnabledCode;unsupported_feature=cluster.provider;no_provider_call;fail_closed,functionality_unlicensed;kClusterHandshakeStubCompileLinkOnlyCode;unsupported_feature=cluster.provider.stub;public_compile_link_boundary_only;no_cluster_authority_or_production_behavior,private_internal_provider_required;provider_api_boundary=cluster.start_job;no_private_source_or_implementation_detail,compile_flag_disabled_returns_functionality_unsupported;public_stub_enabled_returns_functionality_unlicensed;private_provider_required_for_execution,provider_boundary_route_required,FSE-P7-PROOF-00005,sblr_surface_fse_p7_execution_proof_gate,query.plan_operation_never_cluster_authority;local_query_sblr_remains_local_engine_authority,parser_emits_normalized_cluster_sblr_only;parser_execution_storage_finality_authority_forbidden,compatibility_cluster_execution_storage_transaction_finality_authority_forbidden,project/tests/compatibility_sql_parser_first_tranche/parser_remap_cluster_route_gate.py,parser_remap_cluster_route_gate,p2_cluster_route_remap_verified,row-level compatibility cluster surface remap preserves provider boundary compile policy and compatibility parser isolation;private provider implementation detail is not recorded
FPR-P2-CLUSTER-00371,tidb,reference_surface:distributed_execution_or_control,reference_surface:distributed_execution_or_control,cluster.query.plan_distributed,required_new:sblr.cluster.query.v1:cluster.query.plan_distributed,required_new:sblr.cluster.query.v1:cluster.query.plan_distributed,docs/reference/compatibility-engines/tidb/capability-summary.md#keyword:distributed,own_compatibility_surface_only,FPR-P2,cross_node_distributed_cluster_authority_not_local_query,cluster.query.plan_distributed,provider_routed_public_boundary_manifested,functionality_unsupported;kClusterSupportNotEnabledCode;unsupported_feature=cluster.provider;no_provider_call;fail_closed,functionality_unlicensed;kClusterHandshakeStubCompileLinkOnlyCode;unsupported_feature=cluster.provider.stub;public_compile_link_boundary_only;no_cluster_authority_or_production_behavior,private_internal_provider_required;provider_api_boundary=cluster.query.plan_distributed;no_private_source_or_implementation_detail,compile_flag_disabled_returns_functionality_unsupported;public_stub_enabled_returns_functionality_unlicensed;private_provider_required_for_execution,provider_boundary_route_required,FSE-P7-PROOF-00027,sblr_surface_fse_p7_execution_proof_gate,cluster_query_requires_provider_boundary;query.plan_operation_never_cluster_authority;local_query_sblr_remains_local_engine_authority,parser_emits_normalized_cluster_sblr_only;parser_execution_storage_finality_authority_forbidden,compatibility_cluster_execution_storage_transaction_finality_authority_forbidden,project/tests/compatibility_sql_parser_first_tranche/parser_remap_cluster_route_gate.py,parser_remap_cluster_route_gate,p2_cluster_route_remap_verified,row-level compatibility cluster surface remap preserves provider boundary compile policy and compatibility parser isolation;private provider implementation detail is not recorded
FPR-P2-CLUSTER-00372,tidb,reference_surface:changefeed_stream,reference_surface:changefeed_stream,cluster.metrics.emit_event,sblr.cluster.report.v3:cluster.metrics.emit_event,sblr.cluster.report.v3:cluster.metrics.emit_event,docs/reference/compatibility-engines/tidb/capability-summary.md#keyword:changefeed,own_compatibility_surface_only,FPR-P2,not_cluster_query,cluster.emit_event,provider_routed_public_boundary_manifested,functionality_unsupported;kClusterSupportNotEnabledCode;unsupported_feature=cluster.provider;no_provider_call;fail_closed,functionality_unlicensed;kClusterHandshakeStubCompileLinkOnlyCode;unsupported_feature=cluster.provider.stub;public_compile_link_boundary_only;no_cluster_authority_or_production_behavior,private_internal_provider_required;provider_api_boundary=cluster.emit_event;no_private_source_or_implementation_detail,compile_flag_disabled_returns_functionality_unsupported;public_stub_enabled_returns_functionality_unlicensed;private_provider_required_for_execution,provider_boundary_route_required,FSE-P7-PROOF-00008,sblr_surface_fse_p7_execution_proof_gate,query.plan_operation_never_cluster_authority;local_query_sblr_remains_local_engine_authority,parser_emits_normalized_cluster_sblr_only;parser_execution_storage_finality_authority_forbidden,compatibility_cluster_execution_storage_transaction_finality_authority_forbidden,project/tests/compatibility_sql_parser_first_tranche/parser_remap_cluster_route_gate.py,parser_remap_cluster_route_gate,p2_cluster_route_remap_verified,row-level compatibility cluster surface remap preserves provider boundary compile policy and compatibility parser isolation;private provider implementation detail is not recorded
FPR-P2-CLUSTER-00373,tidb,reference_surface:cdc_stream,reference_surface:cdc_stream,cluster.metrics.emit_event,sblr.cluster.report.v3:cluster.metrics.emit_event,sblr.cluster.report.v3:cluster.metrics.emit_event,docs/reference/compatibility-engines/tidb/capability-summary.md#keyword:cdc,own_compatibility_surface_only,FPR-P2,not_cluster_query,cluster.emit_event,provider_routed_public_boundary_manifested,functionality_unsupported;kClusterSupportNotEnabledCode;unsupported_feature=cluster.provider;no_provider_call;fail_closed,functionality_unlicensed;kClusterHandshakeStubCompileLinkOnlyCode;unsupported_feature=cluster.provider.stub;public_compile_link_boundary_only;no_cluster_authority_or_production_behavior,private_internal_provider_required;provider_api_boundary=cluster.emit_event;no_private_source_or_implementation_detail,compile_flag_disabled_returns_functionality_unsupported;public_stub_enabled_returns_functionality_unlicensed;private_provider_required_for_execution,provider_boundary_route_required,FSE-P7-PROOF-00008,sblr_surface_fse_p7_execution_proof_gate,query.plan_operation_never_cluster_authority;local_query_sblr_remains_local_engine_authority,parser_emits_normalized_cluster_sblr_only;parser_execution_storage_finality_authority_forbidden,compatibility_cluster_execution_storage_transaction_finality_authority_forbidden,project/tests/compatibility_sql_parser_first_tranche/parser_remap_cluster_route_gate.py,parser_remap_cluster_route_gate,p2_cluster_route_remap_verified,row-level compatibility cluster surface remap preserves provider boundary compile policy and compatibility parser isolation;private provider implementation detail is not recorded
FPR-P2-CLUSTER-00374,tidb,reference_surface:placement_policy,reference_surface:placement_policy,cluster.security.validate_policy_version,required_new:sblr.cluster.security.v1:cluster.security.validate_policy_version,required_new:sblr.cluster.security.v1:cluster.security.validate_policy_version,docs/reference/compatibility-engines/tidb/capability-summary.md#keyword:placement,own_compatibility_surface_only,FPR-P2,not_cluster_query,cluster.validate_policy_version,provider_routed_public_boundary_manifested,functionality_unsupported;kClusterSupportNotEnabledCode;unsupported_feature=cluster.provider;no_provider_call;fail_closed,functionality_unlicensed;kClusterHandshakeStubCompileLinkOnlyCode;unsupported_feature=cluster.provider.stub;public_compile_link_boundary_only;no_cluster_authority_or_production_behavior,private_internal_provider_required;provider_api_boundary=cluster.validate_policy_version;no_private_source_or_implementation_detail,compile_flag_disabled_returns_functionality_unsupported;public_stub_enabled_returns_functionality_unlicensed;private_provider_required_for_execution,provider_boundary_route_required,FSE-P7-PROOF-00045,sblr_surface_fse_p7_execution_proof_gate,query.plan_operation_never_cluster_authority;local_query_sblr_remains_local_engine_authority,parser_emits_normalized_cluster_sblr_only;parser_execution_storage_finality_authority_forbidden,compatibility_cluster_execution_storage_transaction_finality_authority_forbidden,project/tests/compatibility_sql_parser_first_tranche/parser_remap_cluster_route_gate.py,parser_remap_cluster_route_gate,p2_cluster_route_remap_verified,row-level compatibility cluster surface remap preserves provider boundary compile policy and compatibility parser isolation;private provider implementation detail is not recorded
FPR-P2-CLUSTER-00375,tidb,reference_surface:replica_control,reference_surface:replica_control,cluster.tx.begin_distributed,required_new:sblr.cluster.transaction.v1:cluster.tx.begin_distributed,required_new:sblr.cluster.transaction.v1:cluster.tx.begin_distributed,docs/reference/compatibility-engines/tidb/capability-summary.md#keyword:replica,own_compatibility_surface_only,FPR-P2,not_cluster_query,cluster.begin_distributed_transaction,provider_routed_public_boundary_manifested,functionality_unsupported;kClusterSupportNotEnabledCode;unsupported_feature=cluster.provider;no_provider_call;fail_closed,functionality_unlicensed;kClusterHandshakeStubCompileLinkOnlyCode;unsupported_feature=cluster.provider.stub;public_compile_link_boundary_only;no_cluster_authority_or_production_behavior,private_internal_provider_required;provider_api_boundary=cluster.begin_distributed_transaction;no_private_source_or_implementation_detail,compile_flag_disabled_returns_functionality_unsupported;public_stub_enabled_returns_functionality_unlicensed;private_provider_required_for_execution,provider_boundary_route_required,FSE-P7-PROOF-00054,sblr_surface_fse_p7_execution_proof_gate,query.plan_operation_never_cluster_authority;local_query_sblr_remains_local_engine_authority,parser_emits_normalized_cluster_sblr_only;parser_execution_storage_finality_authority_forbidden,compatibility_cluster_execution_storage_transaction_finality_authority_forbidden,project/tests/compatibility_sql_parser_first_tranche/parser_remap_cluster_route_gate.py,parser_remap_cluster_route_gate,p2_cluster_route_remap_verified,row-level compatibility cluster surface remap preserves provider boundary compile policy and compatibility parser isolation;private provider implementation detail is not recorded
FPR-P2-CLUSTER-00376,tidb,reference_surface:partition_distribution,reference_surface:partition_distribution,cluster.placement.validate_partition_distribution,required_new:sblr.cluster.placement.v1:cluster.placement.validate_partition_distribution,required_new:sblr.cluster.placement.v1:cluster.placement.validate_partition_distribution,docs/reference/compatibility-engines/tidb/datatype-summary.md#keyword:partition,own_compatibility_surface_only,FPR-P2,not_cluster_query,cluster.validate_partition_distribution,provider_routed_public_boundary_manifested,functionality_unsupported;kClusterSupportNotEnabledCode;unsupported_feature=cluster.provider;no_provider_call;fail_closed,functionality_unlicensed;kClusterHandshakeStubCompileLinkOnlyCode;unsupported_feature=cluster.provider.stub;public_compile_link_boundary_only;no_cluster_authority_or_production_behavior,private_internal_provider_required;provider_api_boundary=cluster.validate_partition_distribution;no_private_source_or_implementation_detail,compile_flag_disabled_returns_functionality_unsupported;public_stub_enabled_returns_functionality_unlicensed;private_provider_required_for_execution,provider_boundary_route_required,FSE-P7-PROOF-00021,sblr_surface_fse_p7_execution_proof_gate,query.plan_operation_never_cluster_authority;local_query_sblr_remains_local_engine_authority,parser_emits_normalized_cluster_sblr_only;parser_execution_storage_finality_authority_forbidden,compatibility_cluster_execution_storage_transaction_finality_authority_forbidden,project/tests/compatibility_sql_parser_first_tranche/parser_remap_cluster_route_gate.py,parser_remap_cluster_route_gate,p2_cluster_route_remap_verified,row-level compatibility cluster surface remap preserves provider boundary compile policy and compatibility parser isolation;private provider implementation detail is not recorded
FPR-P2-CLUSTER-00377,tidb,reference_surface:leader_election,reference_surface:leader_election,cluster.node.set_role,sblr.cluster.control.v3:cluster.node.set_role,sblr.cluster.control.v3:cluster.node.set_role,docs/reference/compatibility_release_acquisition/tidb/8.5.6/regression/SOURCE_POINTERS.md#keyword:leader,own_compatibility_surface_only,FPR-P2,not_cluster_query,cluster.set_node_role,provider_routed_public_boundary_manifested,functionality_unsupported;kClusterSupportNotEnabledCode;unsupported_feature=cluster.provider;no_provider_call;fail_closed,functionality_unlicensed;kClusterHandshakeStubCompileLinkOnlyCode;unsupported_feature=cluster.provider.stub;public_compile_link_boundary_only;no_cluster_authority_or_production_behavior,private_internal_provider_required;provider_api_boundary=cluster.set_node_role;no_private_source_or_implementation_detail,compile_flag_disabled_returns_functionality_unsupported;public_stub_enabled_returns_functionality_unlicensed;private_provider_required_for_execution,provider_boundary_route_required,FSE-P7-PROOF-00016,sblr_surface_fse_p7_execution_proof_gate,query.plan_operation_never_cluster_authority;local_query_sblr_remains_local_engine_authority,parser_emits_normalized_cluster_sblr_only;parser_execution_storage_finality_authority_forbidden,compatibility_cluster_execution_storage_transaction_finality_authority_forbidden,project/tests/compatibility_sql_parser_first_tranche/parser_remap_cluster_route_gate.py,parser_remap_cluster_route_gate,p2_cluster_route_remap_verified,row-level compatibility cluster surface remap preserves provider boundary compile policy and compatibility parser isolation;private provider implementation detail is not recorded
FPR-P2-CLUSTER-00378,tidb,reference_surface:raft_consensus,reference_surface:raft_consensus,cluster.tx.validate_finality_proof,required_new:sblr.cluster.transaction.v1:cluster.tx.validate_finality_proof,required_new:sblr.cluster.transaction.v1:cluster.tx.validate_finality_proof,docs/reference/compatibility_release_acquisition/tidb/8.5.6/release-notes/RELEASE_NOTES_SOURCE.md#keyword:raft,own_compatibility_surface_only,FPR-P2,not_cluster_query,cluster.validate_finality_proof,provider_routed_public_boundary_manifested,functionality_unsupported;kClusterSupportNotEnabledCode;unsupported_feature=cluster.provider;no_provider_call;fail_closed,functionality_unlicensed;kClusterHandshakeStubCompileLinkOnlyCode;unsupported_feature=cluster.provider.stub;public_compile_link_boundary_only;no_cluster_authority_or_production_behavior,private_internal_provider_required;provider_api_boundary=cluster.validate_finality_proof;no_private_source_or_implementation_detail,compile_flag_disabled_returns_functionality_unsupported;public_stub_enabled_returns_functionality_unlicensed;private_provider_required_for_execution,provider_boundary_route_required,FSE-P7-PROOF-00059,sblr_surface_fse_p7_execution_proof_gate,query.plan_operation_never_cluster_authority;local_query_sblr_remains_local_engine_authority,parser_emits_normalized_cluster_sblr_only;parser_execution_storage_finality_authority_forbidden,compatibility_cluster_execution_storage_transaction_finality_authority_forbidden,project/tests/compatibility_sql_parser_first_tranche/parser_remap_cluster_route_gate.py,parser_remap_cluster_route_gate,p2_cluster_route_remap_verified,row-level compatibility cluster surface remap preserves provider boundary compile policy and compatibility parser isolation;private provider implementation detail is not recorded
FPR-P2-CLUSTER-00379,tidb,reference_surface:failover_control,reference_surface:failover_control,cluster.node.admit_member,sblr.cluster.control.v3:cluster.node.admit_member,sblr.cluster.control.v3:cluster.node.admit_member,docs/reference/compatibility_release_acquisition/tidb/8.5.6/release-notes/RELEASE_NOTES_SOURCE.md#keyword:failover,own_compatibility_surface_only,FPR-P2,not_cluster_query,cluster.admit_member,provider_routed_public_boundary_manifested,functionality_unsupported;kClusterSupportNotEnabledCode;unsupported_feature=cluster.provider;no_provider_call;fail_closed,functionality_unlicensed;kClusterHandshakeStubCompileLinkOnlyCode;unsupported_feature=cluster.provider.stub;public_compile_link_boundary_only;no_cluster_authority_or_production_behavior,private_internal_provider_required;provider_api_boundary=cluster.admit_member;no_private_source_or_implementation_detail,compile_flag_disabled_returns_functionality_unsupported;public_stub_enabled_returns_functionality_unlicensed;private_provider_required_for_execution,provider_boundary_route_required,FSE-P7-PROOF-00012,sblr_surface_fse_p7_execution_proof_gate,query.plan_operation_never_cluster_authority;local_query_sblr_remains_local_engine_authority,parser_emits_normalized_cluster_sblr_only;parser_execution_storage_finality_authority_forbidden,compatibility_cluster_execution_storage_transaction_finality_authority_forbidden,project/tests/compatibility_sql_parser_first_tranche/parser_remap_cluster_route_gate.py,parser_remap_cluster_route_gate,p2_cluster_route_remap_verified,row-level compatibility cluster surface remap preserves provider boundary compile policy and compatibility parser isolation;private provider implementation detail is not recorded
FPR-P2-CLUSTER-00380,tidb,reference_surface:range_placement,reference_surface:range_placement,cluster.placement.assign_tablet_range,required_new:sblr.cluster.placement.v1:cluster.placement.assign_tablet_range,required_new:sblr.cluster.placement.v1:cluster.placement.assign_tablet_range,docs/reference/compatibility_release_acquisition/tidb/8.5.6/source/.codecov.yml#keyword:range,own_compatibility_surface_only,FPR-P2,not_cluster_query,cluster.assign_tablet_range,provider_routed_public_boundary_manifested,functionality_unsupported;kClusterSupportNotEnabledCode;unsupported_feature=cluster.provider;no_provider_call;fail_closed,functionality_unlicensed;kClusterHandshakeStubCompileLinkOnlyCode;unsupported_feature=cluster.provider.stub;public_compile_link_boundary_only;no_cluster_authority_or_production_behavior,private_internal_provider_required;provider_api_boundary=cluster.assign_tablet_range;no_private_source_or_implementation_detail,compile_flag_disabled_returns_functionality_unsupported;public_stub_enabled_returns_functionality_unlicensed;private_provider_required_for_execution,provider_boundary_route_required,FSE-P7-PROOF-00018,sblr_surface_fse_p7_execution_proof_gate,query.plan_operation_never_cluster_authority;local_query_sblr_remains_local_engine_authority,parser_emits_normalized_cluster_sblr_only;parser_execution_storage_finality_authority_forbidden,compatibility_cluster_execution_storage_transaction_finality_authority_forbidden,project/tests/compatibility_sql_parser_first_tranche/parser_remap_cluster_route_gate.py,parser_remap_cluster_route_gate,p2_cluster_route_remap_verified,row-level compatibility cluster surface remap preserves provider boundary compile policy and compatibility parser isolation;private provider implementation detail is not recorded
FPR-P2-CLUSTER-00381,tidb,reference_surface:tablet_placement,reference_surface:tablet_placement,cluster.placement.assign_tablet_range,required_new:sblr.cluster.placement.v1:cluster.placement.assign_tablet_range,required_new:sblr.cluster.placement.v1:cluster.placement.assign_tablet_range,docs/reference/compatibility_release_acquisition/tidb/8.5.6/source/build/nogo_config.json#keyword:tablet,own_compatibility_surface_only,FPR-P2,not_cluster_query,cluster.assign_tablet_range,provider_routed_public_boundary_manifested,functionality_unsupported;kClusterSupportNotEnabledCode;unsupported_feature=cluster.provider;no_provider_call;fail_closed,functionality_unlicensed;kClusterHandshakeStubCompileLinkOnlyCode;unsupported_feature=cluster.provider.stub;public_compile_link_boundary_only;no_cluster_authority_or_production_behavior,private_internal_provider_required;provider_api_boundary=cluster.assign_tablet_range;no_private_source_or_implementation_detail,compile_flag_disabled_returns_functionality_unsupported;public_stub_enabled_returns_functionality_unlicensed;private_provider_required_for_execution,provider_boundary_route_required,FSE-P7-PROOF-00018,sblr_surface_fse_p7_execution_proof_gate,query.plan_operation_never_cluster_authority;local_query_sblr_remains_local_engine_authority,parser_emits_normalized_cluster_sblr_only;parser_execution_storage_finality_authority_forbidden,compatibility_cluster_execution_storage_transaction_finality_authority_forbidden,project/tests/compatibility_sql_parser_first_tranche/parser_remap_cluster_route_gate.py,parser_remap_cluster_route_gate,p2_cluster_route_remap_verified,row-level compatibility cluster surface remap preserves provider boundary compile policy and compatibility parser isolation;private provider implementation detail is not recorded
FPR-P2-CLUSTER-00382,tidb,reference_surface:shard_placement,reference_surface:shard_placement,cluster.placement.assign_tablet_range,required_new:sblr.cluster.placement.v1:cluster.placement.assign_tablet_range,required_new:sblr.cluster.placement.v1:cluster.placement.assign_tablet_range,docs/reference/compatibility_release_acquisition/tidb/8.5.6/source/docs/design/2018-10-22-the-column-pool.md#keyword:shard,own_compatibility_surface_only,FPR-P2,not_cluster_query,cluster.assign_tablet_range,provider_routed_public_boundary_manifested,functionality_unsupported;kClusterSupportNotEnabledCode;unsupported_feature=cluster.provider;no_provider_call;fail_closed,functionality_unlicensed;kClusterHandshakeStubCompileLinkOnlyCode;unsupported_feature=cluster.provider.stub;public_compile_link_boundary_only;no_cluster_authority_or_production_behavior,private_internal_provider_required;provider_api_boundary=cluster.assign_tablet_range;no_private_source_or_implementation_detail,compile_flag_disabled_returns_functionality_unsupported;public_stub_enabled_returns_functionality_unlicensed;private_provider_required_for_execution,provider_boundary_route_required,FSE-P7-PROOF-00018,sblr_surface_fse_p7_execution_proof_gate,query.plan_operation_never_cluster_authority;local_query_sblr_remains_local_engine_authority,parser_emits_normalized_cluster_sblr_only;parser_execution_storage_finality_authority_forbidden,compatibility_cluster_execution_storage_transaction_finality_authority_forbidden,project/tests/compatibility_sql_parser_first_tranche/parser_remap_cluster_route_gate.py,parser_remap_cluster_route_gate,p2_cluster_route_remap_verified,row-level compatibility cluster surface remap preserves provider boundary compile policy and compatibility parser isolation;private provider implementation detail is not recorded
FPR-P2-CLUSTER-00383,tidb,reference_surface:replication_control,reference_surface:replication_control,cluster.replication.consume_cluster_event,sblr.replication.consumer.v3:cluster.replication.consume_cluster_event,sblr.replication.consumer.v3:cluster.replication.consume_cluster_event,docs/reference/compatibility_release_acquisition/tidb/8.5.6/source/docs/design/2020-01-24-collations.md#keyword:replication,own_compatibility_surface_only,FPR-P2,not_cluster_query,cluster.inspect_replication,provider_routed_public_boundary_manifested,functionality_unsupported;kClusterSupportNotEnabledCode;unsupported_feature=cluster.provider;no_provider_call;fail_closed,functionality_unlicensed;kClusterHandshakeStubCompileLinkOnlyCode;unsupported_feature=cluster.provider.stub;public_compile_link_boundary_only;no_cluster_authority_or_production_behavior,private_internal_provider_required;provider_api_boundary=cluster.inspect_replication;no_private_source_or_implementation_detail,compile_flag_disabled_returns_functionality_unsupported;public_stub_enabled_returns_functionality_unlicensed;private_provider_required_for_execution,provider_boundary_route_required,FSE-P7-PROOF-00036,sblr_surface_fse_p7_execution_proof_gate,query.plan_operation_never_cluster_authority;local_query_sblr_remains_local_engine_authority,parser_emits_normalized_cluster_sblr_only;parser_execution_storage_finality_authority_forbidden,compatibility_cluster_execution_storage_transaction_finality_authority_forbidden,project/tests/compatibility_sql_parser_first_tranche/parser_remap_cluster_route_gate.py,parser_remap_cluster_route_gate,p2_cluster_route_remap_verified,row-level compatibility cluster surface remap preserves provider boundary compile policy and compatibility parser isolation;private provider implementation detail is not recorded
FPR-P2-CLUSTER-00384,tikv,reference_surface:cluster_topology_or_control,reference_surface:cluster_topology_or_control,cluster.job.start_controlled,sblr.cluster.control.v3:cluster.job.start_controlled,sblr.cluster.control.v3:cluster.job.start_controlled,docs/reference/compatibility-engines/tikv/capability-summary.md#keyword:cluster,own_compatibility_surface_only,FPR-P2,not_cluster_query,cluster.start_job,provider_routed_public_boundary_manifested,functionality_unsupported;kClusterSupportNotEnabledCode;unsupported_feature=cluster.provider;no_provider_call;fail_closed,functionality_unlicensed;kClusterHandshakeStubCompileLinkOnlyCode;unsupported_feature=cluster.provider.stub;public_compile_link_boundary_only;no_cluster_authority_or_production_behavior,private_internal_provider_required;provider_api_boundary=cluster.start_job;no_private_source_or_implementation_detail,compile_flag_disabled_returns_functionality_unsupported;public_stub_enabled_returns_functionality_unlicensed;private_provider_required_for_execution,provider_boundary_route_required,FSE-P7-PROOF-00005,sblr_surface_fse_p7_execution_proof_gate,query.plan_operation_never_cluster_authority;local_query_sblr_remains_local_engine_authority,parser_emits_normalized_cluster_sblr_only;parser_execution_storage_finality_authority_forbidden,compatibility_cluster_execution_storage_transaction_finality_authority_forbidden,project/tests/compatibility_sql_parser_first_tranche/parser_remap_cluster_route_gate.py,parser_remap_cluster_route_gate,p2_cluster_route_remap_verified,row-level compatibility cluster surface remap preserves provider boundary compile policy and compatibility parser isolation;private provider implementation detail is not recorded
FPR-P2-CLUSTER-00385,tikv,reference_surface:raft_consensus,reference_surface:raft_consensus,cluster.tx.validate_finality_proof,required_new:sblr.cluster.transaction.v1:cluster.tx.validate_finality_proof,required_new:sblr.cluster.transaction.v1:cluster.tx.validate_finality_proof,docs/reference/compatibility-engines/tikv/capability-summary.md#keyword:raft,own_compatibility_surface_only,FPR-P2,not_cluster_query,cluster.validate_finality_proof,provider_routed_public_boundary_manifested,functionality_unsupported;kClusterSupportNotEnabledCode;unsupported_feature=cluster.provider;no_provider_call;fail_closed,functionality_unlicensed;kClusterHandshakeStubCompileLinkOnlyCode;unsupported_feature=cluster.provider.stub;public_compile_link_boundary_only;no_cluster_authority_or_production_behavior,private_internal_provider_required;provider_api_boundary=cluster.validate_finality_proof;no_private_source_or_implementation_detail,compile_flag_disabled_returns_functionality_unsupported;public_stub_enabled_returns_functionality_unlicensed;private_provider_required_for_execution,provider_boundary_route_required,FSE-P7-PROOF-00059,sblr_surface_fse_p7_execution_proof_gate,query.plan_operation_never_cluster_authority;local_query_sblr_remains_local_engine_authority,parser_emits_normalized_cluster_sblr_only;parser_execution_storage_finality_authority_forbidden,compatibility_cluster_execution_storage_transaction_finality_authority_forbidden,project/tests/compatibility_sql_parser_first_tranche/parser_remap_cluster_route_gate.py,parser_remap_cluster_route_gate,p2_cluster_route_remap_verified,row-level compatibility cluster surface remap preserves provider boundary compile policy and compatibility parser isolation;private provider implementation detail is not recorded
FPR-P2-CLUSTER-00386,tikv,reference_surface:placement_policy,reference_surface:placement_policy,cluster.security.validate_policy_version,required_new:sblr.cluster.security.v1:cluster.security.validate_policy_version,required_new:sblr.cluster.security.v1:cluster.security.validate_policy_version,docs/reference/compatibility-engines/tikv/capability-summary.md#keyword:placement,own_compatibility_surface_only,FPR-P2,not_cluster_query,cluster.validate_policy_version,provider_routed_public_boundary_manifested,functionality_unsupported;kClusterSupportNotEnabledCode;unsupported_feature=cluster.provider;no_provider_call;fail_closed,functionality_unlicensed;kClusterHandshakeStubCompileLinkOnlyCode;unsupported_feature=cluster.provider.stub;public_compile_link_boundary_only;no_cluster_authority_or_production_behavior,private_internal_provider_required;provider_api_boundary=cluster.validate_policy_version;no_private_source_or_implementation_detail,compile_flag_disabled_returns_functionality_unsupported;public_stub_enabled_returns_functionality_unlicensed;private_provider_required_for_execution,provider_boundary_route_required,FSE-P7-PROOF-00045,sblr_surface_fse_p7_execution_proof_gate,query.plan_operation_never_cluster_authority;local_query_sblr_remains_local_engine_authority,parser_emits_normalized_cluster_sblr_only;parser_execution_storage_finality_authority_forbidden,compatibility_cluster_execution_storage_transaction_finality_authority_forbidden,project/tests/compatibility_sql_parser_first_tranche/parser_remap_cluster_route_gate.py,parser_remap_cluster_route_gate,p2_cluster_route_remap_verified,row-level compatibility cluster surface remap preserves provider boundary compile policy and compatibility parser isolation;private provider implementation detail is not recorded
FPR-P2-CLUSTER-00387,tikv,reference_surface:range_placement,reference_surface:range_placement,cluster.placement.assign_tablet_range,required_new:sblr.cluster.placement.v1:cluster.placement.assign_tablet_range,required_new:sblr.cluster.placement.v1:cluster.placement.assign_tablet_range,docs/reference/compatibility-engines/tikv/index-and-optimizer-summary.md#keyword:range,own_compatibility_surface_only,FPR-P2,not_cluster_query,cluster.assign_tablet_range,provider_routed_public_boundary_manifested,functionality_unsupported;kClusterSupportNotEnabledCode;unsupported_feature=cluster.provider;no_provider_call;fail_closed,functionality_unlicensed;kClusterHandshakeStubCompileLinkOnlyCode;unsupported_feature=cluster.provider.stub;public_compile_link_boundary_only;no_cluster_authority_or_production_behavior,private_internal_provider_required;provider_api_boundary=cluster.assign_tablet_range;no_private_source_or_implementation_detail,compile_flag_disabled_returns_functionality_unsupported;public_stub_enabled_returns_functionality_unlicensed;private_provider_required_for_execution,provider_boundary_route_required,FSE-P7-PROOF-00018,sblr_surface_fse_p7_execution_proof_gate,query.plan_operation_never_cluster_authority;local_query_sblr_remains_local_engine_authority,parser_emits_normalized_cluster_sblr_only;parser_execution_storage_finality_authority_forbidden,compatibility_cluster_execution_storage_transaction_finality_authority_forbidden,project/tests/compatibility_sql_parser_first_tranche/parser_remap_cluster_route_gate.py,parser_remap_cluster_route_gate,p2_cluster_route_remap_verified,row-level compatibility cluster surface remap preserves provider boundary compile policy and compatibility parser isolation;private provider implementation detail is not recorded
FPR-P2-CLUSTER-00388,tikv,reference_surface:distributed_execution_or_control,reference_surface:distributed_execution_or_control,cluster.query.plan_distributed,required_new:sblr.cluster.query.v1:cluster.query.plan_distributed,required_new:sblr.cluster.query.v1:cluster.query.plan_distributed,docs/reference/compatibility_release_acquisition/tikv/8.1.2/clean-room/NOTES.md#keyword:distributed,own_compatibility_surface_only,FPR-P2,cross_node_distributed_cluster_authority_not_local_query,cluster.query.plan_distributed,provider_routed_public_boundary_manifested,functionality_unsupported;kClusterSupportNotEnabledCode;unsupported_feature=cluster.provider;no_provider_call;fail_closed,functionality_unlicensed;kClusterHandshakeStubCompileLinkOnlyCode;unsupported_feature=cluster.provider.stub;public_compile_link_boundary_only;no_cluster_authority_or_production_behavior,private_internal_provider_required;provider_api_boundary=cluster.query.plan_distributed;no_private_source_or_implementation_detail,compile_flag_disabled_returns_functionality_unsupported;public_stub_enabled_returns_functionality_unlicensed;private_provider_required_for_execution,provider_boundary_route_required,FSE-P7-PROOF-00027,sblr_surface_fse_p7_execution_proof_gate,cluster_query_requires_provider_boundary;query.plan_operation_never_cluster_authority;local_query_sblr_remains_local_engine_authority,parser_emits_normalized_cluster_sblr_only;parser_execution_storage_finality_authority_forbidden,compatibility_cluster_execution_storage_transaction_finality_authority_forbidden,project/tests/compatibility_sql_parser_first_tranche/parser_remap_cluster_route_gate.py,parser_remap_cluster_route_gate,p2_cluster_route_remap_verified,row-level compatibility cluster surface remap preserves provider boundary compile policy and compatibility parser isolation;private provider implementation detail is not recorded
FPR-P2-CLUSTER-00389,tikv,reference_surface:changefeed_stream,reference_surface:changefeed_stream,cluster.metrics.emit_event,sblr.cluster.report.v3:cluster.metrics.emit_event,sblr.cluster.report.v3:cluster.metrics.emit_event,docs/reference/compatibility_release_acquisition/tikv/8.1.2/release-notes/RELEASE_NOTES_SOURCE.md#keyword:changefeed,own_compatibility_surface_only,FPR-P2,not_cluster_query,cluster.emit_event,provider_routed_public_boundary_manifested,functionality_unsupported;kClusterSupportNotEnabledCode;unsupported_feature=cluster.provider;no_provider_call;fail_closed,functionality_unlicensed;kClusterHandshakeStubCompileLinkOnlyCode;unsupported_feature=cluster.provider.stub;public_compile_link_boundary_only;no_cluster_authority_or_production_behavior,private_internal_provider_required;provider_api_boundary=cluster.emit_event;no_private_source_or_implementation_detail,compile_flag_disabled_returns_functionality_unsupported;public_stub_enabled_returns_functionality_unlicensed;private_provider_required_for_execution,provider_boundary_route_required,FSE-P7-PROOF-00008,sblr_surface_fse_p7_execution_proof_gate,query.plan_operation_never_cluster_authority;local_query_sblr_remains_local_engine_authority,parser_emits_normalized_cluster_sblr_only;parser_execution_storage_finality_authority_forbidden,compatibility_cluster_execution_storage_transaction_finality_authority_forbidden,project/tests/compatibility_sql_parser_first_tranche/parser_remap_cluster_route_gate.py,parser_remap_cluster_route_gate,p2_cluster_route_remap_verified,row-level compatibility cluster surface remap preserves provider boundary compile policy and compatibility parser isolation;private provider implementation detail is not recorded
FPR-P2-CLUSTER-00390,tikv,reference_surface:cdc_stream,reference_surface:cdc_stream,cluster.metrics.emit_event,sblr.cluster.report.v3:cluster.metrics.emit_event,sblr.cluster.report.v3:cluster.metrics.emit_event,docs/reference/compatibility_release_acquisition/tikv/8.1.2/release-notes/RELEASE_NOTES_SOURCE.md#keyword:cdc,own_compatibility_surface_only,FPR-P2,not_cluster_query,cluster.emit_event,provider_routed_public_boundary_manifested,functionality_unsupported;kClusterSupportNotEnabledCode;unsupported_feature=cluster.provider;no_provider_call;fail_closed,functionality_unlicensed;kClusterHandshakeStubCompileLinkOnlyCode;unsupported_feature=cluster.provider.stub;public_compile_link_boundary_only;no_cluster_authority_or_production_behavior,private_internal_provider_required;provider_api_boundary=cluster.emit_event;no_private_source_or_implementation_detail,compile_flag_disabled_returns_functionality_unsupported;public_stub_enabled_returns_functionality_unlicensed;private_provider_required_for_execution,provider_boundary_route_required,FSE-P7-PROOF-00008,sblr_surface_fse_p7_execution_proof_gate,query.plan_operation_never_cluster_authority;local_query_sblr_remains_local_engine_authority,parser_emits_normalized_cluster_sblr_only;parser_execution_storage_finality_authority_forbidden,compatibility_cluster_execution_storage_transaction_finality_authority_forbidden,project/tests/compatibility_sql_parser_first_tranche/parser_remap_cluster_route_gate.py,parser_remap_cluster_route_gate,p2_cluster_route_remap_verified,row-level compatibility cluster surface remap preserves provider boundary compile policy and compatibility parser isolation;private provider implementation detail is not recorded
FPR-P2-CLUSTER-00391,tikv,reference_surface:leader_election,reference_surface:leader_election,cluster.node.set_role,sblr.cluster.control.v3:cluster.node.set_role,sblr.cluster.control.v3:cluster.node.set_role,docs/reference/compatibility_release_acquisition/tikv/8.1.2/release-notes/RELEASE_NOTES_SOURCE.md#keyword:leader,own_compatibility_surface_only,FPR-P2,not_cluster_query,cluster.set_node_role,provider_routed_public_boundary_manifested,functionality_unsupported;kClusterSupportNotEnabledCode;unsupported_feature=cluster.provider;no_provider_call;fail_closed,functionality_unlicensed;kClusterHandshakeStubCompileLinkOnlyCode;unsupported_feature=cluster.provider.stub;public_compile_link_boundary_only;no_cluster_authority_or_production_behavior,private_internal_provider_required;provider_api_boundary=cluster.set_node_role;no_private_source_or_implementation_detail,compile_flag_disabled_returns_functionality_unsupported;public_stub_enabled_returns_functionality_unlicensed;private_provider_required_for_execution,provider_boundary_route_required,FSE-P7-PROOF-00016,sblr_surface_fse_p7_execution_proof_gate,query.plan_operation_never_cluster_authority;local_query_sblr_remains_local_engine_authority,parser_emits_normalized_cluster_sblr_only;parser_execution_storage_finality_authority_forbidden,compatibility_cluster_execution_storage_transaction_finality_authority_forbidden,project/tests/compatibility_sql_parser_first_tranche/parser_remap_cluster_route_gate.py,parser_remap_cluster_route_gate,p2_cluster_route_remap_verified,row-level compatibility cluster surface remap preserves provider boundary compile policy and compatibility parser isolation;private provider implementation detail is not recorded
FPR-P2-CLUSTER-00392,tikv,reference_surface:replica_control,reference_surface:replica_control,cluster.tx.begin_distributed,required_new:sblr.cluster.transaction.v1:cluster.tx.begin_distributed,required_new:sblr.cluster.transaction.v1:cluster.tx.begin_distributed,docs/reference/compatibility_release_acquisition/tikv/8.1.2/release-notes/RELEASE_NOTES_SOURCE.md#keyword:replica,own_compatibility_surface_only,FPR-P2,not_cluster_query,cluster.begin_distributed_transaction,provider_routed_public_boundary_manifested,functionality_unsupported;kClusterSupportNotEnabledCode;unsupported_feature=cluster.provider;no_provider_call;fail_closed,functionality_unlicensed;kClusterHandshakeStubCompileLinkOnlyCode;unsupported_feature=cluster.provider.stub;public_compile_link_boundary_only;no_cluster_authority_or_production_behavior,private_internal_provider_required;provider_api_boundary=cluster.begin_distributed_transaction;no_private_source_or_implementation_detail,compile_flag_disabled_returns_functionality_unsupported;public_stub_enabled_returns_functionality_unlicensed;private_provider_required_for_execution,provider_boundary_route_required,FSE-P7-PROOF-00054,sblr_surface_fse_p7_execution_proof_gate,query.plan_operation_never_cluster_authority;local_query_sblr_remains_local_engine_authority,parser_emits_normalized_cluster_sblr_only;parser_execution_storage_finality_authority_forbidden,compatibility_cluster_execution_storage_transaction_finality_authority_forbidden,project/tests/compatibility_sql_parser_first_tranche/parser_remap_cluster_route_gate.py,parser_remap_cluster_route_gate,p2_cluster_route_remap_verified,row-level compatibility cluster surface remap preserves provider boundary compile policy and compatibility parser isolation;private provider implementation detail is not recorded
FPR-P2-CLUSTER-00393,tikv,reference_surface:partition_distribution,reference_surface:partition_distribution,cluster.placement.validate_partition_distribution,required_new:sblr.cluster.placement.v1:cluster.placement.validate_partition_distribution,required_new:sblr.cluster.placement.v1:cluster.placement.validate_partition_distribution,docs/reference/compatibility_release_acquisition/tikv/8.1.2/release-notes/RELEASE_NOTES_SOURCE.md#keyword:partition,own_compatibility_surface_only,FPR-P2,not_cluster_query,cluster.validate_partition_distribution,provider_routed_public_boundary_manifested,functionality_unsupported;kClusterSupportNotEnabledCode;unsupported_feature=cluster.provider;no_provider_call;fail_closed,functionality_unlicensed;kClusterHandshakeStubCompileLinkOnlyCode;unsupported_feature=cluster.provider.stub;public_compile_link_boundary_only;no_cluster_authority_or_production_behavior,private_internal_provider_required;provider_api_boundary=cluster.validate_partition_distribution;no_private_source_or_implementation_detail,compile_flag_disabled_returns_functionality_unsupported;public_stub_enabled_returns_functionality_unlicensed;private_provider_required_for_execution,provider_boundary_route_required,FSE-P7-PROOF-00021,sblr_surface_fse_p7_execution_proof_gate,query.plan_operation_never_cluster_authority;local_query_sblr_remains_local_engine_authority,parser_emits_normalized_cluster_sblr_only;parser_execution_storage_finality_authority_forbidden,compatibility_cluster_execution_storage_transaction_finality_authority_forbidden,project/tests/compatibility_sql_parser_first_tranche/parser_remap_cluster_route_gate.py,parser_remap_cluster_route_gate,p2_cluster_route_remap_verified,row-level compatibility cluster surface remap preserves provider boundary compile policy and compatibility parser isolation;private provider implementation detail is not recorded
FPR-P2-CLUSTER-00394,tikv,reference_surface:replication_control,reference_surface:replication_control,cluster.replication.consume_cluster_event,sblr.replication.consumer.v3:cluster.replication.consume_cluster_event,sblr.replication.consumer.v3:cluster.replication.consume_cluster_event,docs/reference/compatibility_release_acquisition/tikv/8.1.2/source/README.md#keyword:replication,own_compatibility_surface_only,FPR-P2,not_cluster_query,cluster.inspect_replication,provider_routed_public_boundary_manifested,functionality_unsupported;kClusterSupportNotEnabledCode;unsupported_feature=cluster.provider;no_provider_call;fail_closed,functionality_unlicensed;kClusterHandshakeStubCompileLinkOnlyCode;unsupported_feature=cluster.provider.stub;public_compile_link_boundary_only;no_cluster_authority_or_production_behavior,private_internal_provider_required;provider_api_boundary=cluster.inspect_replication;no_private_source_or_implementation_detail,compile_flag_disabled_returns_functionality_unsupported;public_stub_enabled_returns_functionality_unlicensed;private_provider_required_for_execution,provider_boundary_route_required,FSE-P7-PROOF-00036,sblr_surface_fse_p7_execution_proof_gate,query.plan_operation_never_cluster_authority;local_query_sblr_remains_local_engine_authority,parser_emits_normalized_cluster_sblr_only;parser_execution_storage_finality_authority_forbidden,compatibility_cluster_execution_storage_transaction_finality_authority_forbidden,project/tests/compatibility_sql_parser_first_tranche/parser_remap_cluster_route_gate.py,parser_remap_cluster_route_gate,p2_cluster_route_remap_verified,row-level compatibility cluster surface remap preserves provider boundary compile policy and compatibility parser isolation;private provider implementation detail is not recorded
FPR-P2-CLUSTER-00395,tikv,reference_surface:shard_placement,reference_surface:shard_placement,cluster.placement.assign_tablet_range,required_new:sblr.cluster.placement.v1:cluster.placement.assign_tablet_range,required_new:sblr.cluster.placement.v1:cluster.placement.assign_tablet_range,docs/reference/compatibility_release_acquisition/tikv/8.1.2/source/README.md#keyword:shard,own_compatibility_surface_only,FPR-P2,not_cluster_query,cluster.assign_tablet_range,provider_routed_public_boundary_manifested,functionality_unsupported;kClusterSupportNotEnabledCode;unsupported_feature=cluster.provider;no_provider_call;fail_closed,functionality_unlicensed;kClusterHandshakeStubCompileLinkOnlyCode;unsupported_feature=cluster.provider.stub;public_compile_link_boundary_only;no_cluster_authority_or_production_behavior,private_internal_provider_required;provider_api_boundary=cluster.assign_tablet_range;no_private_source_or_implementation_detail,compile_flag_disabled_returns_functionality_unsupported;public_stub_enabled_returns_functionality_unlicensed;private_provider_required_for_execution,provider_boundary_route_required,FSE-P7-PROOF-00018,sblr_surface_fse_p7_execution_proof_gate,query.plan_operation_never_cluster_authority;local_query_sblr_remains_local_engine_authority,parser_emits_normalized_cluster_sblr_only;parser_execution_storage_finality_authority_forbidden,compatibility_cluster_execution_storage_transaction_finality_authority_forbidden,project/tests/compatibility_sql_parser_first_tranche/parser_remap_cluster_route_gate.py,parser_remap_cluster_route_gate,p2_cluster_route_remap_verified,row-level compatibility cluster surface remap preserves provider boundary compile policy and compatibility parser isolation;private provider implementation detail is not recorded
FPR-P2-CLUSTER-00396,vitess,reference_surface:cluster_topology_or_control,reference_surface:cluster_topology_or_control,cluster.job.start_controlled,sblr.cluster.control.v3:cluster.job.start_controlled,sblr.cluster.control.v3:cluster.job.start_controlled,docs/reference/compatibility-engines/vitess/capability-summary.md#keyword:cluster,own_compatibility_surface_only,FPR-P2,not_cluster_query,cluster.start_job,provider_routed_public_boundary_manifested,functionality_unsupported;kClusterSupportNotEnabledCode;unsupported_feature=cluster.provider;no_provider_call;fail_closed,functionality_unlicensed;kClusterHandshakeStubCompileLinkOnlyCode;unsupported_feature=cluster.provider.stub;public_compile_link_boundary_only;no_cluster_authority_or_production_behavior,private_internal_provider_required;provider_api_boundary=cluster.start_job;no_private_source_or_implementation_detail,compile_flag_disabled_returns_functionality_unsupported;public_stub_enabled_returns_functionality_unlicensed;private_provider_required_for_execution,provider_boundary_route_required,FSE-P7-PROOF-00005,sblr_surface_fse_p7_execution_proof_gate,query.plan_operation_never_cluster_authority;local_query_sblr_remains_local_engine_authority,parser_emits_normalized_cluster_sblr_only;parser_execution_storage_finality_authority_forbidden,compatibility_cluster_execution_storage_transaction_finality_authority_forbidden,project/tests/compatibility_sql_parser_first_tranche/parser_remap_cluster_route_gate.py,parser_remap_cluster_route_gate,p2_cluster_route_remap_verified,row-level compatibility cluster surface remap preserves provider boundary compile policy and compatibility parser isolation;private provider implementation detail is not recorded
FPR-P2-CLUSTER-00397,vitess,reference_surface:replication_control,reference_surface:replication_control,cluster.replication.consume_cluster_event,sblr.replication.consumer.v3:cluster.replication.consume_cluster_event,sblr.replication.consumer.v3:cluster.replication.consume_cluster_event,docs/reference/compatibility-engines/vitess/capability-summary.md#keyword:replication,own_compatibility_surface_only,FPR-P2,not_cluster_query,cluster.inspect_replication,provider_routed_public_boundary_manifested,functionality_unsupported;kClusterSupportNotEnabledCode;unsupported_feature=cluster.provider;no_provider_call;fail_closed,functionality_unlicensed;kClusterHandshakeStubCompileLinkOnlyCode;unsupported_feature=cluster.provider.stub;public_compile_link_boundary_only;no_cluster_authority_or_production_behavior,private_internal_provider_required;provider_api_boundary=cluster.inspect_replication;no_private_source_or_implementation_detail,compile_flag_disabled_returns_functionality_unsupported;public_stub_enabled_returns_functionality_unlicensed;private_provider_required_for_execution,provider_boundary_route_required,FSE-P7-PROOF-00036,sblr_surface_fse_p7_execution_proof_gate,query.plan_operation_never_cluster_authority;local_query_sblr_remains_local_engine_authority,parser_emits_normalized_cluster_sblr_only;parser_execution_storage_finality_authority_forbidden,compatibility_cluster_execution_storage_transaction_finality_authority_forbidden,project/tests/compatibility_sql_parser_first_tranche/parser_remap_cluster_route_gate.py,parser_remap_cluster_route_gate,p2_cluster_route_remap_verified,row-level compatibility cluster surface remap preserves provider boundary compile policy and compatibility parser isolation;private provider implementation detail is not recorded
FPR-P2-CLUSTER-00398,vitess,reference_surface:shard_placement,reference_surface:shard_placement,cluster.placement.assign_tablet_range,required_new:sblr.cluster.placement.v1:cluster.placement.assign_tablet_range,required_new:sblr.cluster.placement.v1:cluster.placement.assign_tablet_range,docs/reference/compatibility-engines/vitess/capability-summary.md#keyword:shard,own_compatibility_surface_only,FPR-P2,not_cluster_query,cluster.assign_tablet_range,provider_routed_public_boundary_manifested,functionality_unsupported;kClusterSupportNotEnabledCode;unsupported_feature=cluster.provider;no_provider_call;fail_closed,functionality_unlicensed;kClusterHandshakeStubCompileLinkOnlyCode;unsupported_feature=cluster.provider.stub;public_compile_link_boundary_only;no_cluster_authority_or_production_behavior,private_internal_provider_required;provider_api_boundary=cluster.assign_tablet_range;no_private_source_or_implementation_detail,compile_flag_disabled_returns_functionality_unsupported;public_stub_enabled_returns_functionality_unlicensed;private_provider_required_for_execution,provider_boundary_route_required,FSE-P7-PROOF-00018,sblr_surface_fse_p7_execution_proof_gate,query.plan_operation_never_cluster_authority;local_query_sblr_remains_local_engine_authority,parser_emits_normalized_cluster_sblr_only;parser_execution_storage_finality_authority_forbidden,compatibility_cluster_execution_storage_transaction_finality_authority_forbidden,project/tests/compatibility_sql_parser_first_tranche/parser_remap_cluster_route_gate.py,parser_remap_cluster_route_gate,p2_cluster_route_remap_verified,row-level compatibility cluster surface remap preserves provider boundary compile policy and compatibility parser isolation;private provider implementation detail is not recorded
FPR-P2-CLUSTER-00399,vitess,reference_surface:tablet_placement,reference_surface:tablet_placement,cluster.placement.assign_tablet_range,required_new:sblr.cluster.placement.v1:cluster.placement.assign_tablet_range,required_new:sblr.cluster.placement.v1:cluster.placement.assign_tablet_range,docs/reference/compatibility-engines/vitess/capability-summary.md#keyword:tablet,own_compatibility_surface_only,FPR-P2,not_cluster_query,cluster.assign_tablet_range,provider_routed_public_boundary_manifested,functionality_unsupported;kClusterSupportNotEnabledCode;unsupported_feature=cluster.provider;no_provider_call;fail_closed,functionality_unlicensed;kClusterHandshakeStubCompileLinkOnlyCode;unsupported_feature=cluster.provider.stub;public_compile_link_boundary_only;no_cluster_authority_or_production_behavior,private_internal_provider_required;provider_api_boundary=cluster.assign_tablet_range;no_private_source_or_implementation_detail,compile_flag_disabled_returns_functionality_unsupported;public_stub_enabled_returns_functionality_unlicensed;private_provider_required_for_execution,provider_boundary_route_required,FSE-P7-PROOF-00018,sblr_surface_fse_p7_execution_proof_gate,query.plan_operation_never_cluster_authority;local_query_sblr_remains_local_engine_authority,parser_emits_normalized_cluster_sblr_only;parser_execution_storage_finality_authority_forbidden,compatibility_cluster_execution_storage_transaction_finality_authority_forbidden,project/tests/compatibility_sql_parser_first_tranche/parser_remap_cluster_route_gate.py,parser_remap_cluster_route_gate,p2_cluster_route_remap_verified,row-level compatibility cluster surface remap preserves provider boundary compile policy and compatibility parser isolation;private provider implementation detail is not recorded
FPR-P2-CLUSTER-00400,vitess,reference_surface:vtgate_route,reference_surface:vtgate_route,cluster.query.route_shard_read,required_new:sblr.cluster.query.v1:cluster.query.route_shard_read,required_new:sblr.cluster.query.v1:cluster.query.route_shard_read,docs/reference/compatibility-engines/vitess/capability-summary.md#keyword:vtgate,own_compatibility_surface_only,FPR-P2,cross_node_distributed_cluster_authority_not_local_query,cluster.query.route_shard_read,provider_routed_public_boundary_manifested,functionality_unsupported;kClusterSupportNotEnabledCode;unsupported_feature=cluster.provider;no_provider_call;fail_closed,functionality_unlicensed;kClusterHandshakeStubCompileLinkOnlyCode;unsupported_feature=cluster.provider.stub;public_compile_link_boundary_only;no_cluster_authority_or_production_behavior,private_internal_provider_required;provider_api_boundary=cluster.query.route_shard_read;no_private_source_or_implementation_detail,compile_flag_disabled_returns_functionality_unsupported;public_stub_enabled_returns_functionality_unlicensed;private_provider_required_for_execution,provider_boundary_route_required,FSE-P7-PROOF-00029,sblr_surface_fse_p7_execution_proof_gate,cluster_query_requires_provider_boundary;query.plan_operation_never_cluster_authority;local_query_sblr_remains_local_engine_authority,parser_emits_normalized_cluster_sblr_only;parser_execution_storage_finality_authority_forbidden,compatibility_cluster_execution_storage_transaction_finality_authority_forbidden,project/tests/compatibility_sql_parser_first_tranche/parser_remap_cluster_route_gate.py,parser_remap_cluster_route_gate,p2_cluster_route_remap_verified,row-level compatibility cluster surface remap preserves provider boundary compile policy and compatibility parser isolation;private provider implementation detail is not recorded
FPR-P2-CLUSTER-00401,vitess,reference_surface:replica_control,reference_surface:replica_control,cluster.tx.begin_distributed,required_new:sblr.cluster.transaction.v1:cluster.tx.begin_distributed,required_new:sblr.cluster.transaction.v1:cluster.tx.begin_distributed,docs/reference/compatibility-engines/vitess/capability-summary.md#keyword:replica,own_compatibility_surface_only,FPR-P2,not_cluster_query,cluster.begin_distributed_transaction,provider_routed_public_boundary_manifested,functionality_unsupported;kClusterSupportNotEnabledCode;unsupported_feature=cluster.provider;no_provider_call;fail_closed,functionality_unlicensed;kClusterHandshakeStubCompileLinkOnlyCode;unsupported_feature=cluster.provider.stub;public_compile_link_boundary_only;no_cluster_authority_or_production_behavior,private_internal_provider_required;provider_api_boundary=cluster.begin_distributed_transaction;no_private_source_or_implementation_detail,compile_flag_disabled_returns_functionality_unsupported;public_stub_enabled_returns_functionality_unlicensed;private_provider_required_for_execution,provider_boundary_route_required,FSE-P7-PROOF-00054,sblr_surface_fse_p7_execution_proof_gate,query.plan_operation_never_cluster_authority;local_query_sblr_remains_local_engine_authority,parser_emits_normalized_cluster_sblr_only;parser_execution_storage_finality_authority_forbidden,compatibility_cluster_execution_storage_transaction_finality_authority_forbidden,project/tests/compatibility_sql_parser_first_tranche/parser_remap_cluster_route_gate.py,parser_remap_cluster_route_gate,p2_cluster_route_remap_verified,row-level compatibility cluster surface remap preserves provider boundary compile policy and compatibility parser isolation;private provider implementation detail is not recorded
FPR-P2-CLUSTER-00402,vitess,reference_surface:placement_policy,reference_surface:placement_policy,cluster.security.validate_policy_version,required_new:sblr.cluster.security.v1:cluster.security.validate_policy_version,required_new:sblr.cluster.security.v1:cluster.security.validate_policy_version,docs/reference/compatibility-engines/vitess/transaction-and-cluster-summary.md#keyword:placement,own_compatibility_surface_only,FPR-P2,not_cluster_query,cluster.validate_policy_version,provider_routed_public_boundary_manifested,functionality_unsupported;kClusterSupportNotEnabledCode;unsupported_feature=cluster.provider;no_provider_call;fail_closed,functionality_unlicensed;kClusterHandshakeStubCompileLinkOnlyCode;unsupported_feature=cluster.provider.stub;public_compile_link_boundary_only;no_cluster_authority_or_production_behavior,private_internal_provider_required;provider_api_boundary=cluster.validate_policy_version;no_private_source_or_implementation_detail,compile_flag_disabled_returns_functionality_unsupported;public_stub_enabled_returns_functionality_unlicensed;private_provider_required_for_execution,provider_boundary_route_required,FSE-P7-PROOF-00045,sblr_surface_fse_p7_execution_proof_gate,query.plan_operation_never_cluster_authority;local_query_sblr_remains_local_engine_authority,parser_emits_normalized_cluster_sblr_only;parser_execution_storage_finality_authority_forbidden,compatibility_cluster_execution_storage_transaction_finality_authority_forbidden,project/tests/compatibility_sql_parser_first_tranche/parser_remap_cluster_route_gate.py,parser_remap_cluster_route_gate,p2_cluster_route_remap_verified,row-level compatibility cluster surface remap preserves provider boundary compile policy and compatibility parser isolation;private provider implementation detail is not recorded
FPR-P2-CLUSTER-00403,vitess,reference_surface:cdc_stream,reference_surface:cdc_stream,cluster.metrics.emit_event,sblr.cluster.report.v3:cluster.metrics.emit_event,sblr.cluster.report.v3:cluster.metrics.emit_event,docs/reference/compatibility_catalog_seeds/vitess/vitess_beta2_full_seed_manifest.yaml#keyword:cdc,own_compatibility_surface_only,FPR-P2,not_cluster_query,cluster.emit_event,provider_routed_public_boundary_manifested,functionality_unsupported;kClusterSupportNotEnabledCode;unsupported_feature=cluster.provider;no_provider_call;fail_closed,functionality_unlicensed;kClusterHandshakeStubCompileLinkOnlyCode;unsupported_feature=cluster.provider.stub;public_compile_link_boundary_only;no_cluster_authority_or_production_behavior,private_internal_provider_required;provider_api_boundary=cluster.emit_event;no_private_source_or_implementation_detail,compile_flag_disabled_returns_functionality_unsupported;public_stub_enabled_returns_functionality_unlicensed;private_provider_required_for_execution,provider_boundary_route_required,FSE-P7-PROOF-00008,sblr_surface_fse_p7_execution_proof_gate,query.plan_operation_never_cluster_authority;local_query_sblr_remains_local_engine_authority,parser_emits_normalized_cluster_sblr_only;parser_execution_storage_finality_authority_forbidden,compatibility_cluster_execution_storage_transaction_finality_authority_forbidden,project/tests/compatibility_sql_parser_first_tranche/parser_remap_cluster_route_gate.py,parser_remap_cluster_route_gate,p2_cluster_route_remap_verified,row-level compatibility cluster surface remap preserves provider boundary compile policy and compatibility parser isolation;private provider implementation detail is not recorded
FPR-P2-CLUSTER-00404,vitess,reference_surface:distributed_execution_or_control,reference_surface:distributed_execution_or_control,cluster.query.plan_distributed,required_new:sblr.cluster.query.v1:cluster.query.plan_distributed,required_new:sblr.cluster.query.v1:cluster.query.plan_distributed,docs/reference/compatibility_release_acquisition/vitess/23.0.3/release-notes/README.md#keyword:distributed,own_compatibility_surface_only,FPR-P2,cross_node_distributed_cluster_authority_not_local_query,cluster.query.plan_distributed,provider_routed_public_boundary_manifested,functionality_unsupported;kClusterSupportNotEnabledCode;unsupported_feature=cluster.provider;no_provider_call;fail_closed,functionality_unlicensed;kClusterHandshakeStubCompileLinkOnlyCode;unsupported_feature=cluster.provider.stub;public_compile_link_boundary_only;no_cluster_authority_or_production_behavior,private_internal_provider_required;provider_api_boundary=cluster.query.plan_distributed;no_private_source_or_implementation_detail,compile_flag_disabled_returns_functionality_unsupported;public_stub_enabled_returns_functionality_unlicensed;private_provider_required_for_execution,provider_boundary_route_required,FSE-P7-PROOF-00027,sblr_surface_fse_p7_execution_proof_gate,cluster_query_requires_provider_boundary;query.plan_operation_never_cluster_authority;local_query_sblr_remains_local_engine_authority,parser_emits_normalized_cluster_sblr_only;parser_execution_storage_finality_authority_forbidden,compatibility_cluster_execution_storage_transaction_finality_authority_forbidden,project/tests/compatibility_sql_parser_first_tranche/parser_remap_cluster_route_gate.py,parser_remap_cluster_route_gate,p2_cluster_route_remap_verified,row-level compatibility cluster surface remap preserves provider boundary compile policy and compatibility parser isolation;private provider implementation detail is not recorded
FPR-P2-CLUSTER-00405,vitess,reference_surface:range_placement,reference_surface:range_placement,cluster.placement.assign_tablet_range,required_new:sblr.cluster.placement.v1:cluster.placement.assign_tablet_range,required_new:sblr.cluster.placement.v1:cluster.placement.assign_tablet_range,docs/reference/compatibility_release_acquisition/vitess/23.0.3/source/.github/actions/tune-os/action.yml#keyword:range,own_compatibility_surface_only,FPR-P2,not_cluster_query,cluster.assign_tablet_range,provider_routed_public_boundary_manifested,functionality_unsupported;kClusterSupportNotEnabledCode;unsupported_feature=cluster.provider;no_provider_call;fail_closed,functionality_unlicensed;kClusterHandshakeStubCompileLinkOnlyCode;unsupported_feature=cluster.provider.stub;public_compile_link_boundary_only;no_cluster_authority_or_production_behavior,private_internal_provider_required;provider_api_boundary=cluster.assign_tablet_range;no_private_source_or_implementation_detail,compile_flag_disabled_returns_functionality_unsupported;public_stub_enabled_returns_functionality_unlicensed;private_provider_required_for_execution,provider_boundary_route_required,FSE-P7-PROOF-00018,sblr_surface_fse_p7_execution_proof_gate,query.plan_operation_never_cluster_authority;local_query_sblr_remains_local_engine_authority,parser_emits_normalized_cluster_sblr_only;parser_execution_storage_finality_authority_forbidden,compatibility_cluster_execution_storage_transaction_finality_authority_forbidden,project/tests/compatibility_sql_parser_first_tranche/parser_remap_cluster_route_gate.py,parser_remap_cluster_route_gate,p2_cluster_route_remap_verified,row-level compatibility cluster surface remap preserves provider boundary compile policy and compatibility parser isolation;private provider implementation detail is not recorded
FPR-P2-CLUSTER-00406,vitess,reference_surface:raft_consensus,reference_surface:raft_consensus,cluster.tx.validate_finality_proof,required_new:sblr.cluster.transaction.v1:cluster.tx.validate_finality_proof,required_new:sblr.cluster.transaction.v1:cluster.tx.validate_finality_proof,docs/reference/compatibility_release_acquisition/vitess/23.0.3/source/.github/pull_request_template.md#keyword:raft,own_compatibility_surface_only,FPR-P2,not_cluster_query,cluster.validate_finality_proof,provider_routed_public_boundary_manifested,functionality_unsupported;kClusterSupportNotEnabledCode;unsupported_feature=cluster.provider;no_provider_call;fail_closed,functionality_unlicensed;kClusterHandshakeStubCompileLinkOnlyCode;unsupported_feature=cluster.provider.stub;public_compile_link_boundary_only;no_cluster_authority_or_production_behavior,private_internal_provider_required;provider_api_boundary=cluster.validate_finality_proof;no_private_source_or_implementation_detail,compile_flag_disabled_returns_functionality_unsupported;public_stub_enabled_returns_functionality_unlicensed;private_provider_required_for_execution,provider_boundary_route_required,FSE-P7-PROOF-00059,sblr_surface_fse_p7_execution_proof_gate,query.plan_operation_never_cluster_authority;local_query_sblr_remains_local_engine_authority,parser_emits_normalized_cluster_sblr_only;parser_execution_storage_finality_authority_forbidden,compatibility_cluster_execution_storage_transaction_finality_authority_forbidden,project/tests/compatibility_sql_parser_first_tranche/parser_remap_cluster_route_gate.py,parser_remap_cluster_route_gate,p2_cluster_route_remap_verified,row-level compatibility cluster surface remap preserves provider boundary compile policy and compatibility parser isolation;private provider implementation detail is not recorded
FPR-P2-CLUSTER-00407,vitess,reference_surface:vttablet_route,reference_surface:vttablet_route,cluster.query.route_shard_read,required_new:sblr.cluster.query.v1:cluster.query.route_shard_read,required_new:sblr.cluster.query.v1:cluster.query.route_shard_read,docs/reference/compatibility_release_acquisition/vitess/23.0.3/source/.github/workflows/docker_build_images.yml#keyword:vttablet,own_compatibility_surface_only,FPR-P2,cross_node_distributed_cluster_authority_not_local_query,cluster.query.route_shard_read,provider_routed_public_boundary_manifested,functionality_unsupported;kClusterSupportNotEnabledCode;unsupported_feature=cluster.provider;no_provider_call;fail_closed,functionality_unlicensed;kClusterHandshakeStubCompileLinkOnlyCode;unsupported_feature=cluster.provider.stub;public_compile_link_boundary_only;no_cluster_authority_or_production_behavior,private_internal_provider_required;provider_api_boundary=cluster.query.route_shard_read;no_private_source_or_implementation_detail,compile_flag_disabled_returns_functionality_unsupported;public_stub_enabled_returns_functionality_unlicensed;private_provider_required_for_execution,provider_boundary_route_required,FSE-P7-PROOF-00029,sblr_surface_fse_p7_execution_proof_gate,cluster_query_requires_provider_boundary;query.plan_operation_never_cluster_authority;local_query_sblr_remains_local_engine_authority,parser_emits_normalized_cluster_sblr_only;parser_execution_storage_finality_authority_forbidden,compatibility_cluster_execution_storage_transaction_finality_authority_forbidden,project/tests/compatibility_sql_parser_first_tranche/parser_remap_cluster_route_gate.py,parser_remap_cluster_route_gate,p2_cluster_route_remap_verified,row-level compatibility cluster surface remap preserves provider boundary compile policy and compatibility parser isolation;private provider implementation detail is not recorded
FPR-P2-CLUSTER-00408,vitess,reference_surface:failover_control,reference_surface:failover_control,cluster.node.admit_member,sblr.cluster.control.v3:cluster.node.admit_member,sblr.cluster.control.v3:cluster.node.admit_member,docs/reference/compatibility_release_acquisition/vitess/23.0.3/source/changelog/12.0/12.0.0/release_notes.md#keyword:failover,own_compatibility_surface_only,FPR-P2,not_cluster_query,cluster.admit_member,provider_routed_public_boundary_manifested,functionality_unsupported;kClusterSupportNotEnabledCode;unsupported_feature=cluster.provider;no_provider_call;fail_closed,functionality_unlicensed;kClusterHandshakeStubCompileLinkOnlyCode;unsupported_feature=cluster.provider.stub;public_compile_link_boundary_only;no_cluster_authority_or_production_behavior,private_internal_provider_required;provider_api_boundary=cluster.admit_member;no_private_source_or_implementation_detail,compile_flag_disabled_returns_functionality_unsupported;public_stub_enabled_returns_functionality_unlicensed;private_provider_required_for_execution,provider_boundary_route_required,FSE-P7-PROOF-00012,sblr_surface_fse_p7_execution_proof_gate,query.plan_operation_never_cluster_authority;local_query_sblr_remains_local_engine_authority,parser_emits_normalized_cluster_sblr_only;parser_execution_storage_finality_authority_forbidden,compatibility_cluster_execution_storage_transaction_finality_authority_forbidden,project/tests/compatibility_sql_parser_first_tranche/parser_remap_cluster_route_gate.py,parser_remap_cluster_route_gate,p2_cluster_route_remap_verified,row-level compatibility cluster surface remap preserves provider boundary compile policy and compatibility parser isolation;private provider implementation detail is not recorded
FPR-P2-CLUSTER-00409,vitess,reference_surface:partition_distribution,reference_surface:partition_distribution,cluster.placement.validate_partition_distribution,required_new:sblr.cluster.placement.v1:cluster.placement.validate_partition_distribution,required_new:sblr.cluster.placement.v1:cluster.placement.validate_partition_distribution,docs/reference/compatibility_release_acquisition/vitess/23.0.3/source/changelog/12.0/12.0.0/release_notes.md#keyword:partition,own_compatibility_surface_only,FPR-P2,not_cluster_query,cluster.validate_partition_distribution,provider_routed_public_boundary_manifested,functionality_unsupported;kClusterSupportNotEnabledCode;unsupported_feature=cluster.provider;no_provider_call;fail_closed,functionality_unlicensed;kClusterHandshakeStubCompileLinkOnlyCode;unsupported_feature=cluster.provider.stub;public_compile_link_boundary_only;no_cluster_authority_or_production_behavior,private_internal_provider_required;provider_api_boundary=cluster.validate_partition_distribution;no_private_source_or_implementation_detail,compile_flag_disabled_returns_functionality_unsupported;public_stub_enabled_returns_functionality_unlicensed;private_provider_required_for_execution,provider_boundary_route_required,FSE-P7-PROOF-00021,sblr_surface_fse_p7_execution_proof_gate,query.plan_operation_never_cluster_authority;local_query_sblr_remains_local_engine_authority,parser_emits_normalized_cluster_sblr_only;parser_execution_storage_finality_authority_forbidden,compatibility_cluster_execution_storage_transaction_finality_authority_forbidden,project/tests/compatibility_sql_parser_first_tranche/parser_remap_cluster_route_gate.py,parser_remap_cluster_route_gate,p2_cluster_route_remap_verified,row-level compatibility cluster surface remap preserves provider boundary compile policy and compatibility parser isolation;private provider implementation detail is not recorded
FPR-P2-CLUSTER-00410,vitess,reference_surface:leader_election,reference_surface:leader_election,cluster.node.set_role,sblr.cluster.control.v3:cluster.node.set_role,sblr.cluster.control.v3:cluster.node.set_role,docs/reference/compatibility_release_acquisition/vitess/23.0.3/source/changelog/17.0/17.0.3/changelog.md#keyword:leader,own_compatibility_surface_only,FPR-P2,not_cluster_query,cluster.set_node_role,provider_routed_public_boundary_manifested,functionality_unsupported;kClusterSupportNotEnabledCode;unsupported_feature=cluster.provider;no_provider_call;fail_closed,functionality_unlicensed;kClusterHandshakeStubCompileLinkOnlyCode;unsupported_feature=cluster.provider.stub;public_compile_link_boundary_only;no_cluster_authority_or_production_behavior,private_internal_provider_required;provider_api_boundary=cluster.set_node_role;no_private_source_or_implementation_detail,compile_flag_disabled_returns_functionality_unsupported;public_stub_enabled_returns_functionality_unlicensed;private_provider_required_for_execution,provider_boundary_route_required,FSE-P7-PROOF-00016,sblr_surface_fse_p7_execution_proof_gate,query.plan_operation_never_cluster_authority;local_query_sblr_remains_local_engine_authority,parser_emits_normalized_cluster_sblr_only;parser_execution_storage_finality_authority_forbidden,compatibility_cluster_execution_storage_transaction_finality_authority_forbidden,project/tests/compatibility_sql_parser_first_tranche/parser_remap_cluster_route_gate.py,parser_remap_cluster_route_gate,p2_cluster_route_remap_verified,row-level compatibility cluster surface remap preserves provider boundary compile policy and compatibility parser isolation;private provider implementation detail is not recorded
FPR-P2-CLUSTER-00411,xtdb,reference_surface:cluster_topology_or_control,reference_surface:cluster_topology_or_control,cluster.job.start_controlled,sblr.cluster.control.v3:cluster.job.start_controlled,sblr.cluster.control.v3:cluster.job.start_controlled,docs/reference/compatibility-engines/xtdb/capability-summary.md#keyword:cluster,own_compatibility_surface_only,FPR-P2,not_cluster_query,cluster.start_job,provider_routed_public_boundary_manifested,functionality_unsupported;kClusterSupportNotEnabledCode;unsupported_feature=cluster.provider;no_provider_call;fail_closed,functionality_unlicensed;kClusterHandshakeStubCompileLinkOnlyCode;unsupported_feature=cluster.provider.stub;public_compile_link_boundary_only;no_cluster_authority_or_production_behavior,private_internal_provider_required;provider_api_boundary=cluster.start_job;no_private_source_or_implementation_detail,compile_flag_disabled_returns_functionality_unsupported;public_stub_enabled_returns_functionality_unlicensed;private_provider_required_for_execution,provider_boundary_route_required,FSE-P7-PROOF-00005,sblr_surface_fse_p7_execution_proof_gate,query.plan_operation_never_cluster_authority;local_query_sblr_remains_local_engine_authority,parser_emits_normalized_cluster_sblr_only;parser_execution_storage_finality_authority_forbidden,compatibility_cluster_execution_storage_transaction_finality_authority_forbidden,project/tests/compatibility_sql_parser_first_tranche/parser_remap_cluster_route_gate.py,parser_remap_cluster_route_gate,p2_cluster_route_remap_verified,row-level compatibility cluster surface remap preserves provider boundary compile policy and compatibility parser isolation;private provider implementation detail is not recorded
FPR-P2-CLUSTER-00412,xtdb,reference_surface:cdc_stream,reference_surface:cdc_stream,cluster.metrics.emit_event,sblr.cluster.report.v3:cluster.metrics.emit_event,sblr.cluster.report.v3:cluster.metrics.emit_event,docs/reference/compatibility_catalog_seeds/xtdb/xtdb_beta2_full_seed_manifest.yaml#keyword:cdc,own_compatibility_surface_only,FPR-P2,not_cluster_query,cluster.emit_event,provider_routed_public_boundary_manifested,functionality_unsupported;kClusterSupportNotEnabledCode;unsupported_feature=cluster.provider;no_provider_call;fail_closed,functionality_unlicensed;kClusterHandshakeStubCompileLinkOnlyCode;unsupported_feature=cluster.provider.stub;public_compile_link_boundary_only;no_cluster_authority_or_production_behavior,private_internal_provider_required;provider_api_boundary=cluster.emit_event;no_private_source_or_implementation_detail,compile_flag_disabled_returns_functionality_unsupported;public_stub_enabled_returns_functionality_unlicensed;private_provider_required_for_execution,provider_boundary_route_required,FSE-P7-PROOF-00008,sblr_surface_fse_p7_execution_proof_gate,query.plan_operation_never_cluster_authority;local_query_sblr_remains_local_engine_authority,parser_emits_normalized_cluster_sblr_only;parser_execution_storage_finality_authority_forbidden,compatibility_cluster_execution_storage_transaction_finality_authority_forbidden,project/tests/compatibility_sql_parser_first_tranche/parser_remap_cluster_route_gate.py,parser_remap_cluster_route_gate,p2_cluster_route_remap_verified,row-level compatibility cluster surface remap preserves provider boundary compile policy and compatibility parser isolation;private provider implementation detail is not recorded
FPR-P2-CLUSTER-00413,xtdb,reference_surface:range_placement,reference_surface:range_placement,cluster.placement.assign_tablet_range,required_new:sblr.cluster.placement.v1:cluster.placement.assign_tablet_range,required_new:sblr.cluster.placement.v1:cluster.placement.assign_tablet_range,docs/reference/compatibility_catalog_seeds/xtdb/xtdb_beta2_full_seed_manifest.yaml#keyword:range,own_compatibility_surface_only,FPR-P2,not_cluster_query,cluster.assign_tablet_range,provider_routed_public_boundary_manifested,functionality_unsupported;kClusterSupportNotEnabledCode;unsupported_feature=cluster.provider;no_provider_call;fail_closed,functionality_unlicensed;kClusterHandshakeStubCompileLinkOnlyCode;unsupported_feature=cluster.provider.stub;public_compile_link_boundary_only;no_cluster_authority_or_production_behavior,private_internal_provider_required;provider_api_boundary=cluster.assign_tablet_range;no_private_source_or_implementation_detail,compile_flag_disabled_returns_functionality_unsupported;public_stub_enabled_returns_functionality_unlicensed;private_provider_required_for_execution,provider_boundary_route_required,FSE-P7-PROOF-00018,sblr_surface_fse_p7_execution_proof_gate,query.plan_operation_never_cluster_authority;local_query_sblr_remains_local_engine_authority,parser_emits_normalized_cluster_sblr_only;parser_execution_storage_finality_authority_forbidden,compatibility_cluster_execution_storage_transaction_finality_authority_forbidden,project/tests/compatibility_sql_parser_first_tranche/parser_remap_cluster_route_gate.py,parser_remap_cluster_route_gate,p2_cluster_route_remap_verified,row-level compatibility cluster surface remap preserves provider boundary compile policy and compatibility parser isolation;private provider implementation detail is not recorded
FPR-P2-CLUSTER-00414,xtdb,reference_surface:raft_consensus,reference_surface:raft_consensus,cluster.tx.validate_finality_proof,required_new:sblr.cluster.transaction.v1:cluster.tx.validate_finality_proof,required_new:sblr.cluster.transaction.v1:cluster.tx.validate_finality_proof,docs/reference/compatibility_release_acquisition/xtdb/2.1.0/source/.github/workflows/build.yml#keyword:raft,own_compatibility_surface_only,FPR-P2,not_cluster_query,cluster.validate_finality_proof,provider_routed_public_boundary_manifested,functionality_unsupported;kClusterSupportNotEnabledCode;unsupported_feature=cluster.provider;no_provider_call;fail_closed,functionality_unlicensed;kClusterHandshakeStubCompileLinkOnlyCode;unsupported_feature=cluster.provider.stub;public_compile_link_boundary_only;no_cluster_authority_or_production_behavior,private_internal_provider_required;provider_api_boundary=cluster.validate_finality_proof;no_private_source_or_implementation_detail,compile_flag_disabled_returns_functionality_unsupported;public_stub_enabled_returns_functionality_unlicensed;private_provider_required_for_execution,provider_boundary_route_required,FSE-P7-PROOF-00059,sblr_surface_fse_p7_execution_proof_gate,query.plan_operation_never_cluster_authority;local_query_sblr_remains_local_engine_authority,parser_emits_normalized_cluster_sblr_only;parser_execution_storage_finality_authority_forbidden,compatibility_cluster_execution_storage_transaction_finality_authority_forbidden,project/tests/compatibility_sql_parser_first_tranche/parser_remap_cluster_route_gate.py,parser_remap_cluster_route_gate,p2_cluster_route_remap_verified,row-level compatibility cluster surface remap preserves provider boundary compile policy and compatibility parser isolation;private provider implementation detail is not recorded
FPR-P2-CLUSTER-00415,xtdb,reference_surface:replica_control,reference_surface:replica_control,cluster.tx.begin_distributed,required_new:sblr.cluster.transaction.v1:cluster.tx.begin_distributed,required_new:sblr.cluster.transaction.v1:cluster.tx.begin_distributed,docs/reference/compatibility_release_acquisition/xtdb/2.1.0/source/aws/helm/templates/statefulset.yaml#keyword:replica,own_compatibility_surface_only,FPR-P2,not_cluster_query,cluster.begin_distributed_transaction,provider_routed_public_boundary_manifested,functionality_unsupported;kClusterSupportNotEnabledCode;unsupported_feature=cluster.provider;no_provider_call;fail_closed,functionality_unlicensed;kClusterHandshakeStubCompileLinkOnlyCode;unsupported_feature=cluster.provider.stub;public_compile_link_boundary_only;no_cluster_authority_or_production_behavior,private_internal_provider_required;provider_api_boundary=cluster.begin_distributed_transaction;no_private_source_or_implementation_detail,compile_flag_disabled_returns_functionality_unsupported;public_stub_enabled_returns_functionality_unlicensed;private_provider_required_for_execution,provider_boundary_route_required,FSE-P7-PROOF-00054,sblr_surface_fse_p7_execution_proof_gate,query.plan_operation_never_cluster_authority;local_query_sblr_remains_local_engine_authority,parser_emits_normalized_cluster_sblr_only;parser_execution_storage_finality_authority_forbidden,compatibility_cluster_execution_storage_transaction_finality_authority_forbidden,project/tests/compatibility_sql_parser_first_tranche/parser_remap_cluster_route_gate.py,parser_remap_cluster_route_gate,p2_cluster_route_remap_verified,row-level compatibility cluster surface remap preserves provider boundary compile policy and compatibility parser isolation;private provider implementation detail is not recorded
FPR-P2-CLUSTER-00416,xtdb,reference_surface:placement_policy,reference_surface:placement_policy,cluster.security.validate_policy_version,required_new:sblr.cluster.security.v1:cluster.security.validate_policy_version,required_new:sblr.cluster.security.v1:cluster.security.validate_policy_version,docs/reference/compatibility_release_acquisition/xtdb/2.1.0/source/cloudformation/xtdb_ecs.yml#keyword:placement,own_compatibility_surface_only,FPR-P2,not_cluster_query,cluster.validate_policy_version,provider_routed_public_boundary_manifested,functionality_unsupported;kClusterSupportNotEnabledCode;unsupported_feature=cluster.provider;no_provider_call;fail_closed,functionality_unlicensed;kClusterHandshakeStubCompileLinkOnlyCode;unsupported_feature=cluster.provider.stub;public_compile_link_boundary_only;no_cluster_authority_or_production_behavior,private_internal_provider_required;provider_api_boundary=cluster.validate_policy_version;no_private_source_or_implementation_detail,compile_flag_disabled_returns_functionality_unsupported;public_stub_enabled_returns_functionality_unlicensed;private_provider_required_for_execution,provider_boundary_route_required,FSE-P7-PROOF-00045,sblr_surface_fse_p7_execution_proof_gate,query.plan_operation_never_cluster_authority;local_query_sblr_remains_local_engine_authority,parser_emits_normalized_cluster_sblr_only;parser_execution_storage_finality_authority_forbidden,compatibility_cluster_execution_storage_transaction_finality_authority_forbidden,project/tests/compatibility_sql_parser_first_tranche/parser_remap_cluster_route_gate.py,parser_remap_cluster_route_gate,p2_cluster_route_remap_verified,row-level compatibility cluster surface remap preserves provider boundary compile policy and compatibility parser isolation;private provider implementation detail is not recorded
FPR-P2-CLUSTER-00417,xtdb,reference_surface:replication_control,reference_surface:replication_control,cluster.replication.consume_cluster_event,sblr.replication.consumer.v3:cluster.replication.consume_cluster_event,sblr.replication.consumer.v3:cluster.replication.consume_cluster_event,docs/reference/compatibility_release_acquisition/xtdb/2.1.0/source/docker/docker-compose/docker-compose.yaml#keyword:replication,own_compatibility_surface_only,FPR-P2,not_cluster_query,cluster.inspect_replication,provider_routed_public_boundary_manifested,functionality_unsupported;kClusterSupportNotEnabledCode;unsupported_feature=cluster.provider;no_provider_call;fail_closed,functionality_unlicensed;kClusterHandshakeStubCompileLinkOnlyCode;unsupported_feature=cluster.provider.stub;public_compile_link_boundary_only;no_cluster_authority_or_production_behavior,private_internal_provider_required;provider_api_boundary=cluster.inspect_replication;no_private_source_or_implementation_detail,compile_flag_disabled_returns_functionality_unsupported;public_stub_enabled_returns_functionality_unlicensed;private_provider_required_for_execution,provider_boundary_route_required,FSE-P7-PROOF-00036,sblr_surface_fse_p7_execution_proof_gate,query.plan_operation_never_cluster_authority;local_query_sblr_remains_local_engine_authority,parser_emits_normalized_cluster_sblr_only;parser_execution_storage_finality_authority_forbidden,compatibility_cluster_execution_storage_transaction_finality_authority_forbidden,project/tests/compatibility_sql_parser_first_tranche/parser_remap_cluster_route_gate.py,parser_remap_cluster_route_gate,p2_cluster_route_remap_verified,row-level compatibility cluster surface remap preserves provider boundary compile policy and compatibility parser isolation;private provider implementation detail is not recorded
FPR-P2-CLUSTER-00418,xtdb,reference_surface:partition_distribution,reference_surface:partition_distribution,cluster.placement.validate_partition_distribution,required_new:sblr.cluster.placement.v1:cluster.placement.validate_partition_distribution,required_new:sblr.cluster.placement.v1:cluster.placement.validate_partition_distribution,docs/reference/compatibility_release_acquisition/xtdb/2.1.0/source/docs/src/content/docs/about/dbs-in-xtdb.md#keyword:partition,own_compatibility_surface_only,FPR-P2,not_cluster_query,cluster.validate_partition_distribution,provider_routed_public_boundary_manifested,functionality_unsupported;kClusterSupportNotEnabledCode;unsupported_feature=cluster.provider;no_provider_call;fail_closed,functionality_unlicensed;kClusterHandshakeStubCompileLinkOnlyCode;unsupported_feature=cluster.provider.stub;public_compile_link_boundary_only;no_cluster_authority_or_production_behavior,private_internal_provider_required;provider_api_boundary=cluster.validate_partition_distribution;no_private_source_or_implementation_detail,compile_flag_disabled_returns_functionality_unsupported;public_stub_enabled_returns_functionality_unlicensed;private_provider_required_for_execution,provider_boundary_route_required,FSE-P7-PROOF-00021,sblr_surface_fse_p7_execution_proof_gate,query.plan_operation_never_cluster_authority;local_query_sblr_remains_local_engine_authority,parser_emits_normalized_cluster_sblr_only;parser_execution_storage_finality_authority_forbidden,compatibility_cluster_execution_storage_transaction_finality_authority_forbidden,project/tests/compatibility_sql_parser_first_tranche/parser_remap_cluster_route_gate.py,parser_remap_cluster_route_gate,p2_cluster_route_remap_verified,row-level compatibility cluster surface remap preserves provider boundary compile policy and compatibility parser isolation;private provider implementation detail is not recorded
FPR-P2-CLUSTER-00419,xtdb,reference_surface:shard_placement,reference_surface:shard_placement,cluster.placement.assign_tablet_range,required_new:sblr.cluster.placement.v1:cluster.placement.assign_tablet_range,required_new:sblr.cluster.placement.v1:cluster.placement.assign_tablet_range,docs/reference/compatibility_release_acquisition/xtdb/2.1.0/source/docs/src/content/docs/concepts/key-concepts.md#keyword:shard,own_compatibility_surface_only,FPR-P2,not_cluster_query,cluster.assign_tablet_range,provider_routed_public_boundary_manifested,functionality_unsupported;kClusterSupportNotEnabledCode;unsupported_feature=cluster.provider;no_provider_call;fail_closed,functionality_unlicensed;kClusterHandshakeStubCompileLinkOnlyCode;unsupported_feature=cluster.provider.stub;public_compile_link_boundary_only;no_cluster_authority_or_production_behavior,private_internal_provider_required;provider_api_boundary=cluster.assign_tablet_range;no_private_source_or_implementation_detail,compile_flag_disabled_returns_functionality_unsupported;public_stub_enabled_returns_functionality_unlicensed;private_provider_required_for_execution,provider_boundary_route_required,FSE-P7-PROOF-00018,sblr_surface_fse_p7_execution_proof_gate,query.plan_operation_never_cluster_authority;local_query_sblr_remains_local_engine_authority,parser_emits_normalized_cluster_sblr_only;parser_execution_storage_finality_authority_forbidden,compatibility_cluster_execution_storage_transaction_finality_authority_forbidden,project/tests/compatibility_sql_parser_first_tranche/parser_remap_cluster_route_gate.py,parser_remap_cluster_route_gate,p2_cluster_route_remap_verified,row-level compatibility cluster surface remap preserves provider boundary compile policy and compatibility parser isolation;private provider implementation detail is not recorded
FPR-P2-CLUSTER-00420,xtdb,reference_surface:distributed_execution_or_control,reference_surface:distributed_execution_or_control,cluster.query.plan_distributed,required_new:sblr.cluster.query.v1:cluster.query.plan_distributed,required_new:sblr.cluster.query.v1:cluster.query.plan_distributed,docs/reference/compatibility_release_acquisition/xtdb/2.1.0/source/docs/src/content/docs/intro/installation-via-docker.md#keyword:distributed,own_compatibility_surface_only,FPR-P2,cross_node_distributed_cluster_authority_not_local_query,cluster.query.plan_distributed,provider_routed_public_boundary_manifested,functionality_unsupported;kClusterSupportNotEnabledCode;unsupported_feature=cluster.provider;no_provider_call;fail_closed,functionality_unlicensed;kClusterHandshakeStubCompileLinkOnlyCode;unsupported_feature=cluster.provider.stub;public_compile_link_boundary_only;no_cluster_authority_or_production_behavior,private_internal_provider_required;provider_api_boundary=cluster.query.plan_distributed;no_private_source_or_implementation_detail,compile_flag_disabled_returns_functionality_unsupported;public_stub_enabled_returns_functionality_unlicensed;private_provider_required_for_execution,provider_boundary_route_required,FSE-P7-PROOF-00027,sblr_surface_fse_p7_execution_proof_gate,cluster_query_requires_provider_boundary;query.plan_operation_never_cluster_authority;local_query_sblr_remains_local_engine_authority,parser_emits_normalized_cluster_sblr_only;parser_execution_storage_finality_authority_forbidden,compatibility_cluster_execution_storage_transaction_finality_authority_forbidden,project/tests/compatibility_sql_parser_first_tranche/parser_remap_cluster_route_gate.py,parser_remap_cluster_route_gate,p2_cluster_route_remap_verified,row-level compatibility cluster surface remap preserves provider boundary compile policy and compatibility parser isolation;private provider implementation detail is not recorded
FPR-P2-CLUSTER-00421,xtdb,reference_surface:changefeed_stream,reference_surface:changefeed_stream,cluster.metrics.emit_event,sblr.cluster.report.v3:cluster.metrics.emit_event,sblr.cluster.report.v3:cluster.metrics.emit_event,docs/specifications/chapters/compatibilitys/xtdb/appendix-compatibility-xtdb-exact-extraction-slice-3-catalog-datatype-index-storage-migration-and-optimizer-profile.md#keyword:changefeed,own_compatibility_surface_only,FPR-P2,not_cluster_query,cluster.emit_event,provider_routed_public_boundary_manifested,functionality_unsupported;kClusterSupportNotEnabledCode;unsupported_feature=cluster.provider;no_provider_call;fail_closed,functionality_unlicensed;kClusterHandshakeStubCompileLinkOnlyCode;unsupported_feature=cluster.provider.stub;public_compile_link_boundary_only;no_cluster_authority_or_production_behavior,private_internal_provider_required;provider_api_boundary=cluster.emit_event;no_private_source_or_implementation_detail,compile_flag_disabled_returns_functionality_unsupported;public_stub_enabled_returns_functionality_unlicensed;private_provider_required_for_execution,provider_boundary_route_required,FSE-P7-PROOF-00008,sblr_surface_fse_p7_execution_proof_gate,query.plan_operation_never_cluster_authority;local_query_sblr_remains_local_engine_authority,parser_emits_normalized_cluster_sblr_only;parser_execution_storage_finality_authority_forbidden,compatibility_cluster_execution_storage_transaction_finality_authority_forbidden,project/tests/compatibility_sql_parser_first_tranche/parser_remap_cluster_route_gate.py,parser_remap_cluster_route_gate,p2_cluster_route_remap_verified,row-level compatibility cluster surface remap preserves provider boundary compile policy and compatibility parser isolation;private provider implementation detail is not recorded
FPR-P2-CLUSTER-00422,yugabytedb,reference_surface:cluster_topology_or_control,reference_surface:cluster_topology_or_control,cluster.job.start_controlled,sblr.cluster.control.v3:cluster.job.start_controlled,sblr.cluster.control.v3:cluster.job.start_controlled,docs/reference/compatibility-engines/yugabytedb/capability-summary.md#keyword:cluster,own_compatibility_surface_only,FPR-P2,not_cluster_query,cluster.start_job,provider_routed_public_boundary_manifested,functionality_unsupported;kClusterSupportNotEnabledCode;unsupported_feature=cluster.provider;no_provider_call;fail_closed,functionality_unlicensed;kClusterHandshakeStubCompileLinkOnlyCode;unsupported_feature=cluster.provider.stub;public_compile_link_boundary_only;no_cluster_authority_or_production_behavior,private_internal_provider_required;provider_api_boundary=cluster.start_job;no_private_source_or_implementation_detail,compile_flag_disabled_returns_functionality_unsupported;public_stub_enabled_returns_functionality_unlicensed;private_provider_required_for_execution,provider_boundary_route_required,FSE-P7-PROOF-00005,sblr_surface_fse_p7_execution_proof_gate,query.plan_operation_never_cluster_authority;local_query_sblr_remains_local_engine_authority,parser_emits_normalized_cluster_sblr_only;parser_execution_storage_finality_authority_forbidden,compatibility_cluster_execution_storage_transaction_finality_authority_forbidden,project/tests/compatibility_sql_parser_first_tranche/parser_remap_cluster_route_gate.py,parser_remap_cluster_route_gate,p2_cluster_route_remap_verified,row-level compatibility cluster surface remap preserves provider boundary compile policy and compatibility parser isolation;private provider implementation detail is not recorded
FPR-P2-CLUSTER-00423,yugabytedb,reference_surface:distributed_execution_or_control,reference_surface:distributed_execution_or_control,cluster.query.plan_distributed,required_new:sblr.cluster.query.v1:cluster.query.plan_distributed,required_new:sblr.cluster.query.v1:cluster.query.plan_distributed,docs/reference/compatibility-engines/yugabytedb/capability-summary.md#keyword:distributed,own_compatibility_surface_only,FPR-P2,cross_node_distributed_cluster_authority_not_local_query,cluster.query.plan_distributed,provider_routed_public_boundary_manifested,functionality_unsupported;kClusterSupportNotEnabledCode;unsupported_feature=cluster.provider;no_provider_call;fail_closed,functionality_unlicensed;kClusterHandshakeStubCompileLinkOnlyCode;unsupported_feature=cluster.provider.stub;public_compile_link_boundary_only;no_cluster_authority_or_production_behavior,private_internal_provider_required;provider_api_boundary=cluster.query.plan_distributed;no_private_source_or_implementation_detail,compile_flag_disabled_returns_functionality_unsupported;public_stub_enabled_returns_functionality_unlicensed;private_provider_required_for_execution,provider_boundary_route_required,FSE-P7-PROOF-00027,sblr_surface_fse_p7_execution_proof_gate,cluster_query_requires_provider_boundary;query.plan_operation_never_cluster_authority;local_query_sblr_remains_local_engine_authority,parser_emits_normalized_cluster_sblr_only;parser_execution_storage_finality_authority_forbidden,compatibility_cluster_execution_storage_transaction_finality_authority_forbidden,project/tests/compatibility_sql_parser_first_tranche/parser_remap_cluster_route_gate.py,parser_remap_cluster_route_gate,p2_cluster_route_remap_verified,row-level compatibility cluster surface remap preserves provider boundary compile policy and compatibility parser isolation;private provider implementation detail is not recorded
FPR-P2-CLUSTER-00424,yugabytedb,reference_surface:replication_control,reference_surface:replication_control,cluster.replication.consume_cluster_event,sblr.replication.consumer.v3:cluster.replication.consume_cluster_event,sblr.replication.consumer.v3:cluster.replication.consume_cluster_event,docs/reference/compatibility-engines/yugabytedb/capability-summary.md#keyword:replication,own_compatibility_surface_only,FPR-P2,not_cluster_query,cluster.inspect_replication,provider_routed_public_boundary_manifested,functionality_unsupported;kClusterSupportNotEnabledCode;unsupported_feature=cluster.provider;no_provider_call;fail_closed,functionality_unlicensed;kClusterHandshakeStubCompileLinkOnlyCode;unsupported_feature=cluster.provider.stub;public_compile_link_boundary_only;no_cluster_authority_or_production_behavior,private_internal_provider_required;provider_api_boundary=cluster.inspect_replication;no_private_source_or_implementation_detail,compile_flag_disabled_returns_functionality_unsupported;public_stub_enabled_returns_functionality_unlicensed;private_provider_required_for_execution,provider_boundary_route_required,FSE-P7-PROOF-00036,sblr_surface_fse_p7_execution_proof_gate,query.plan_operation_never_cluster_authority;local_query_sblr_remains_local_engine_authority,parser_emits_normalized_cluster_sblr_only;parser_execution_storage_finality_authority_forbidden,compatibility_cluster_execution_storage_transaction_finality_authority_forbidden,project/tests/compatibility_sql_parser_first_tranche/parser_remap_cluster_route_gate.py,parser_remap_cluster_route_gate,p2_cluster_route_remap_verified,row-level compatibility cluster surface remap preserves provider boundary compile policy and compatibility parser isolation;private provider implementation detail is not recorded
FPR-P2-CLUSTER-00425,yugabytedb,reference_surface:cdc_stream,reference_surface:cdc_stream,cluster.metrics.emit_event,sblr.cluster.report.v3:cluster.metrics.emit_event,sblr.cluster.report.v3:cluster.metrics.emit_event,docs/reference/compatibility-engines/yugabytedb/capability-summary.md#keyword:cdc,own_compatibility_surface_only,FPR-P2,not_cluster_query,cluster.emit_event,provider_routed_public_boundary_manifested,functionality_unsupported;kClusterSupportNotEnabledCode;unsupported_feature=cluster.provider;no_provider_call;fail_closed,functionality_unlicensed;kClusterHandshakeStubCompileLinkOnlyCode;unsupported_feature=cluster.provider.stub;public_compile_link_boundary_only;no_cluster_authority_or_production_behavior,private_internal_provider_required;provider_api_boundary=cluster.emit_event;no_private_source_or_implementation_detail,compile_flag_disabled_returns_functionality_unsupported;public_stub_enabled_returns_functionality_unlicensed;private_provider_required_for_execution,provider_boundary_route_required,FSE-P7-PROOF-00008,sblr_surface_fse_p7_execution_proof_gate,query.plan_operation_never_cluster_authority;local_query_sblr_remains_local_engine_authority,parser_emits_normalized_cluster_sblr_only;parser_execution_storage_finality_authority_forbidden,compatibility_cluster_execution_storage_transaction_finality_authority_forbidden,project/tests/compatibility_sql_parser_first_tranche/parser_remap_cluster_route_gate.py,parser_remap_cluster_route_gate,p2_cluster_route_remap_verified,row-level compatibility cluster surface remap preserves provider boundary compile policy and compatibility parser isolation;private provider implementation detail is not recorded
FPR-P2-CLUSTER-00426,yugabytedb,reference_surface:tablet_placement,reference_surface:tablet_placement,cluster.placement.assign_tablet_range,required_new:sblr.cluster.placement.v1:cluster.placement.assign_tablet_range,required_new:sblr.cluster.placement.v1:cluster.placement.assign_tablet_range,docs/reference/compatibility-engines/yugabytedb/capability-summary.md#keyword:tablet,own_compatibility_surface_only,FPR-P2,not_cluster_query,cluster.assign_tablet_range,provider_routed_public_boundary_manifested,functionality_unsupported;kClusterSupportNotEnabledCode;unsupported_feature=cluster.provider;no_provider_call;fail_closed,functionality_unlicensed;kClusterHandshakeStubCompileLinkOnlyCode;unsupported_feature=cluster.provider.stub;public_compile_link_boundary_only;no_cluster_authority_or_production_behavior,private_internal_provider_required;provider_api_boundary=cluster.assign_tablet_range;no_private_source_or_implementation_detail,compile_flag_disabled_returns_functionality_unsupported;public_stub_enabled_returns_functionality_unlicensed;private_provider_required_for_execution,provider_boundary_route_required,FSE-P7-PROOF-00018,sblr_surface_fse_p7_execution_proof_gate,query.plan_operation_never_cluster_authority;local_query_sblr_remains_local_engine_authority,parser_emits_normalized_cluster_sblr_only;parser_execution_storage_finality_authority_forbidden,compatibility_cluster_execution_storage_transaction_finality_authority_forbidden,project/tests/compatibility_sql_parser_first_tranche/parser_remap_cluster_route_gate.py,parser_remap_cluster_route_gate,p2_cluster_route_remap_verified,row-level compatibility cluster surface remap preserves provider boundary compile policy and compatibility parser isolation;private provider implementation detail is not recorded
FPR-P2-CLUSTER-00427,yugabytedb,reference_surface:replica_control,reference_surface:replica_control,cluster.tx.begin_distributed,required_new:sblr.cluster.transaction.v1:cluster.tx.begin_distributed,required_new:sblr.cluster.transaction.v1:cluster.tx.begin_distributed,docs/reference/compatibility-engines/yugabytedb/capability-summary.md#keyword:replica,own_compatibility_surface_only,FPR-P2,not_cluster_query,cluster.begin_distributed_transaction,provider_routed_public_boundary_manifested,functionality_unsupported;kClusterSupportNotEnabledCode;unsupported_feature=cluster.provider;no_provider_call;fail_closed,functionality_unlicensed;kClusterHandshakeStubCompileLinkOnlyCode;unsupported_feature=cluster.provider.stub;public_compile_link_boundary_only;no_cluster_authority_or_production_behavior,private_internal_provider_required;provider_api_boundary=cluster.begin_distributed_transaction;no_private_source_or_implementation_detail,compile_flag_disabled_returns_functionality_unsupported;public_stub_enabled_returns_functionality_unlicensed;private_provider_required_for_execution,provider_boundary_route_required,FSE-P7-PROOF-00054,sblr_surface_fse_p7_execution_proof_gate,query.plan_operation_never_cluster_authority;local_query_sblr_remains_local_engine_authority,parser_emits_normalized_cluster_sblr_only;parser_execution_storage_finality_authority_forbidden,compatibility_cluster_execution_storage_transaction_finality_authority_forbidden,project/tests/compatibility_sql_parser_first_tranche/parser_remap_cluster_route_gate.py,parser_remap_cluster_route_gate,p2_cluster_route_remap_verified,row-level compatibility cluster surface remap preserves provider boundary compile policy and compatibility parser isolation;private provider implementation detail is not recorded
FPR-P2-CLUSTER-00428,yugabytedb,reference_surface:range_placement,reference_surface:range_placement,cluster.placement.assign_tablet_range,required_new:sblr.cluster.placement.v1:cluster.placement.assign_tablet_range,required_new:sblr.cluster.placement.v1:cluster.placement.assign_tablet_range,docs/reference/compatibility-engines/yugabytedb/index-and-optimizer-summary.md#keyword:range,own_compatibility_surface_only,FPR-P2,not_cluster_query,cluster.assign_tablet_range,provider_routed_public_boundary_manifested,functionality_unsupported;kClusterSupportNotEnabledCode;unsupported_feature=cluster.provider;no_provider_call;fail_closed,functionality_unlicensed;kClusterHandshakeStubCompileLinkOnlyCode;unsupported_feature=cluster.provider.stub;public_compile_link_boundary_only;no_cluster_authority_or_production_behavior,private_internal_provider_required;provider_api_boundary=cluster.assign_tablet_range;no_private_source_or_implementation_detail,compile_flag_disabled_returns_functionality_unsupported;public_stub_enabled_returns_functionality_unlicensed;private_provider_required_for_execution,provider_boundary_route_required,FSE-P7-PROOF-00018,sblr_surface_fse_p7_execution_proof_gate,query.plan_operation_never_cluster_authority;local_query_sblr_remains_local_engine_authority,parser_emits_normalized_cluster_sblr_only;parser_execution_storage_finality_authority_forbidden,compatibility_cluster_execution_storage_transaction_finality_authority_forbidden,project/tests/compatibility_sql_parser_first_tranche/parser_remap_cluster_route_gate.py,parser_remap_cluster_route_gate,p2_cluster_route_remap_verified,row-level compatibility cluster surface remap preserves provider boundary compile policy and compatibility parser isolation;private provider implementation detail is not recorded
FPR-P2-CLUSTER-00429,yugabytedb,reference_surface:partition_distribution,reference_surface:partition_distribution,cluster.placement.validate_partition_distribution,required_new:sblr.cluster.placement.v1:cluster.placement.validate_partition_distribution,required_new:sblr.cluster.placement.v1:cluster.placement.validate_partition_distribution,docs/reference/compatibility-engines/yugabytedb/index-and-optimizer-summary.md#keyword:partition,own_compatibility_surface_only,FPR-P2,not_cluster_query,cluster.validate_partition_distribution,provider_routed_public_boundary_manifested,functionality_unsupported;kClusterSupportNotEnabledCode;unsupported_feature=cluster.provider;no_provider_call;fail_closed,functionality_unlicensed;kClusterHandshakeStubCompileLinkOnlyCode;unsupported_feature=cluster.provider.stub;public_compile_link_boundary_only;no_cluster_authority_or_production_behavior,private_internal_provider_required;provider_api_boundary=cluster.validate_partition_distribution;no_private_source_or_implementation_detail,compile_flag_disabled_returns_functionality_unsupported;public_stub_enabled_returns_functionality_unlicensed;private_provider_required_for_execution,provider_boundary_route_required,FSE-P7-PROOF-00021,sblr_surface_fse_p7_execution_proof_gate,query.plan_operation_never_cluster_authority;local_query_sblr_remains_local_engine_authority,parser_emits_normalized_cluster_sblr_only;parser_execution_storage_finality_authority_forbidden,compatibility_cluster_execution_storage_transaction_finality_authority_forbidden,project/tests/compatibility_sql_parser_first_tranche/parser_remap_cluster_route_gate.py,parser_remap_cluster_route_gate,p2_cluster_route_remap_verified,row-level compatibility cluster surface remap preserves provider boundary compile policy and compatibility parser isolation;private provider implementation detail is not recorded
FPR-P2-CLUSTER-00430,yugabytedb,reference_surface:placement_policy,reference_surface:placement_policy,cluster.security.validate_policy_version,required_new:sblr.cluster.security.v1:cluster.security.validate_policy_version,required_new:sblr.cluster.security.v1:cluster.security.validate_policy_version,docs/reference/compatibility-engines/yugabytedb/transaction-and-cluster-summary.md#keyword:placement,own_compatibility_surface_only,FPR-P2,not_cluster_query,cluster.validate_policy_version,provider_routed_public_boundary_manifested,functionality_unsupported;kClusterSupportNotEnabledCode;unsupported_feature=cluster.provider;no_provider_call;fail_closed,functionality_unlicensed;kClusterHandshakeStubCompileLinkOnlyCode;unsupported_feature=cluster.provider.stub;public_compile_link_boundary_only;no_cluster_authority_or_production_behavior,private_internal_provider_required;provider_api_boundary=cluster.validate_policy_version;no_private_source_or_implementation_detail,compile_flag_disabled_returns_functionality_unsupported;public_stub_enabled_returns_functionality_unlicensed;private_provider_required_for_execution,provider_boundary_route_required,FSE-P7-PROOF-00045,sblr_surface_fse_p7_execution_proof_gate,query.plan_operation_never_cluster_authority;local_query_sblr_remains_local_engine_authority,parser_emits_normalized_cluster_sblr_only;parser_execution_storage_finality_authority_forbidden,compatibility_cluster_execution_storage_transaction_finality_authority_forbidden,project/tests/compatibility_sql_parser_first_tranche/parser_remap_cluster_route_gate.py,parser_remap_cluster_route_gate,p2_cluster_route_remap_verified,row-level compatibility cluster surface remap preserves provider boundary compile policy and compatibility parser isolation;private provider implementation detail is not recorded
FPR-P2-CLUSTER-00431,yugabytedb,reference_surface:raft_consensus,reference_surface:raft_consensus,cluster.tx.validate_finality_proof,required_new:sblr.cluster.transaction.v1:cluster.tx.validate_finality_proof,required_new:sblr.cluster.transaction.v1:cluster.tx.validate_finality_proof,docs/reference/compatibility_release_acquisition/yugabytedb/2025.2.2.2/release-notes/RELEASE_NOTES_SOURCE.md#keyword:raft,own_compatibility_surface_only,FPR-P2,not_cluster_query,cluster.validate_finality_proof,provider_routed_public_boundary_manifested,functionality_unsupported;kClusterSupportNotEnabledCode;unsupported_feature=cluster.provider;no_provider_call;fail_closed,functionality_unlicensed;kClusterHandshakeStubCompileLinkOnlyCode;unsupported_feature=cluster.provider.stub;public_compile_link_boundary_only;no_cluster_authority_or_production_behavior,private_internal_provider_required;provider_api_boundary=cluster.validate_finality_proof;no_private_source_or_implementation_detail,compile_flag_disabled_returns_functionality_unsupported;public_stub_enabled_returns_functionality_unlicensed;private_provider_required_for_execution,provider_boundary_route_required,FSE-P7-PROOF-00059,sblr_surface_fse_p7_execution_proof_gate,query.plan_operation_never_cluster_authority;local_query_sblr_remains_local_engine_authority,parser_emits_normalized_cluster_sblr_only;parser_execution_storage_finality_authority_forbidden,compatibility_cluster_execution_storage_transaction_finality_authority_forbidden,project/tests/compatibility_sql_parser_first_tranche/parser_remap_cluster_route_gate.py,parser_remap_cluster_route_gate,p2_cluster_route_remap_verified,row-level compatibility cluster surface remap preserves provider boundary compile policy and compatibility parser isolation;private provider implementation detail is not recorded
FPR-P2-CLUSTER-00432,yugabytedb,reference_surface:failover_control,reference_surface:failover_control,cluster.node.admit_member,sblr.cluster.control.v3:cluster.node.admit_member,sblr.cluster.control.v3:cluster.node.admit_member,docs/reference/compatibility_release_acquisition/yugabytedb/2025.2.2.2/release-notes/RELEASE_NOTES_SOURCE.md#keyword:failover,own_compatibility_surface_only,FPR-P2,not_cluster_query,cluster.admit_member,provider_routed_public_boundary_manifested,functionality_unsupported;kClusterSupportNotEnabledCode;unsupported_feature=cluster.provider;no_provider_call;fail_closed,functionality_unlicensed;kClusterHandshakeStubCompileLinkOnlyCode;unsupported_feature=cluster.provider.stub;public_compile_link_boundary_only;no_cluster_authority_or_production_behavior,private_internal_provider_required;provider_api_boundary=cluster.admit_member;no_private_source_or_implementation_detail,compile_flag_disabled_returns_functionality_unsupported;public_stub_enabled_returns_functionality_unlicensed;private_provider_required_for_execution,provider_boundary_route_required,FSE-P7-PROOF-00012,sblr_surface_fse_p7_execution_proof_gate,query.plan_operation_never_cluster_authority;local_query_sblr_remains_local_engine_authority,parser_emits_normalized_cluster_sblr_only;parser_execution_storage_finality_authority_forbidden,compatibility_cluster_execution_storage_transaction_finality_authority_forbidden,project/tests/compatibility_sql_parser_first_tranche/parser_remap_cluster_route_gate.py,parser_remap_cluster_route_gate,p2_cluster_route_remap_verified,row-level compatibility cluster surface remap preserves provider boundary compile policy and compatibility parser isolation;private provider implementation detail is not recorded
FPR-P2-CLUSTER-00433,yugabytedb,reference_surface:shard_placement,reference_surface:shard_placement,cluster.placement.assign_tablet_range,required_new:sblr.cluster.placement.v1:cluster.placement.assign_tablet_range,required_new:sblr.cluster.placement.v1:cluster.placement.assign_tablet_range,docs/reference/compatibility_release_acquisition/yugabytedb/2025.2.2.2/source/.github/vale-styles/Yugabyte/spelling-exceptions.txt#keyword:shard,own_compatibility_surface_only,FPR-P2,not_cluster_query,cluster.assign_tablet_range,provider_routed_public_boundary_manifested,functionality_unsupported;kClusterSupportNotEnabledCode;unsupported_feature=cluster.provider;no_provider_call;fail_closed,functionality_unlicensed;kClusterHandshakeStubCompileLinkOnlyCode;unsupported_feature=cluster.provider.stub;public_compile_link_boundary_only;no_cluster_authority_or_production_behavior,private_internal_provider_required;provider_api_boundary=cluster.assign_tablet_range;no_private_source_or_implementation_detail,compile_flag_disabled_returns_functionality_unsupported;public_stub_enabled_returns_functionality_unlicensed;private_provider_required_for_execution,provider_boundary_route_required,FSE-P7-PROOF-00018,sblr_surface_fse_p7_execution_proof_gate,query.plan_operation_never_cluster_authority;local_query_sblr_remains_local_engine_authority,parser_emits_normalized_cluster_sblr_only;parser_execution_storage_finality_authority_forbidden,compatibility_cluster_execution_storage_transaction_finality_authority_forbidden,project/tests/compatibility_sql_parser_first_tranche/parser_remap_cluster_route_gate.py,parser_remap_cluster_route_gate,p2_cluster_route_remap_verified,row-level compatibility cluster surface remap preserves provider boundary compile policy and compatibility parser isolation;private provider implementation detail is not recorded
FPR-P2-CLUSTER-00434,yugabytedb,reference_surface:leader_election,reference_surface:leader_election,cluster.node.set_role,sblr.cluster.control.v3:cluster.node.set_role,sblr.cluster.control.v3:cluster.node.set_role,docs/reference/compatibility_release_acquisition/yugabytedb/2025.2.2.2/source/architecture/design/distributed-backup-and-restore.md#keyword:leader,own_compatibility_surface_only,FPR-P2,not_cluster_query,cluster.set_node_role,provider_routed_public_boundary_manifested,functionality_unsupported;kClusterSupportNotEnabledCode;unsupported_feature=cluster.provider;no_provider_call;fail_closed,functionality_unlicensed;kClusterHandshakeStubCompileLinkOnlyCode;unsupported_feature=cluster.provider.stub;public_compile_link_boundary_only;no_cluster_authority_or_production_behavior,private_internal_provider_required;provider_api_boundary=cluster.set_node_role;no_private_source_or_implementation_detail,compile_flag_disabled_returns_functionality_unsupported;public_stub_enabled_returns_functionality_unlicensed;private_provider_required_for_execution,provider_boundary_route_required,FSE-P7-PROOF-00016,sblr_surface_fse_p7_execution_proof_gate,query.plan_operation_never_cluster_authority;local_query_sblr_remains_local_engine_authority,parser_emits_normalized_cluster_sblr_only;parser_execution_storage_finality_authority_forbidden,compatibility_cluster_execution_storage_transaction_finality_authority_forbidden,project/tests/compatibility_sql_parser_first_tranche/parser_remap_cluster_route_gate.py,parser_remap_cluster_route_gate,p2_cluster_route_remap_verified,row-level compatibility cluster surface remap preserves provider boundary compile policy and compatibility parser isolation;private provider implementation detail is not recorded
FPR-P2-CLUSTER-00435,yugabytedb,reference_surface:galera_cluster,reference_surface:galera_cluster,cluster.reconcile.apply_merge_policy,required_new:sblr.cluster.reconciliation.v1:cluster.reconcile.apply_merge_policy,required_new:sblr.cluster.reconciliation.v1:cluster.reconcile.apply_merge_policy,docs/reference/compatibility_release_acquisition/yugabytedb/2025.2.2.2/source/src/postgres/src/test/regress/data/all-airport-codes.csv#keyword:galera,own_compatibility_surface_only,FPR-P2,not_cluster_query,cluster.apply_merge_policy,provider_routed_public_boundary_manifested,functionality_unsupported;kClusterSupportNotEnabledCode;unsupported_feature=cluster.provider;no_provider_call;fail_closed,functionality_unlicensed;kClusterHandshakeStubCompileLinkOnlyCode;unsupported_feature=cluster.provider.stub;public_compile_link_boundary_only;no_cluster_authority_or_production_behavior,private_internal_provider_required;provider_api_boundary=cluster.apply_merge_policy;no_private_source_or_implementation_detail,compile_flag_disabled_returns_functionality_unsupported;public_stub_enabled_returns_functionality_unlicensed;private_provider_required_for_execution,provider_boundary_route_required,FSE-P7-PROOF-00031,sblr_surface_fse_p7_execution_proof_gate,query.plan_operation_never_cluster_authority;local_query_sblr_remains_local_engine_authority,parser_emits_normalized_cluster_sblr_only;parser_execution_storage_finality_authority_forbidden,compatibility_cluster_execution_storage_transaction_finality_authority_forbidden,project/tests/compatibility_sql_parser_first_tranche/parser_remap_cluster_route_gate.py,parser_remap_cluster_route_gate,p2_cluster_route_remap_verified,row-level compatibility cluster surface remap preserves provider boundary compile policy and compatibility parser isolation;private provider implementation detail is not recorded
FPR-P2-CLUSTER-00436,mongodb,catalog_overlay_surface:sharding,catalog_overlay_surface:sharding,cluster.placement.assign_tablet_range,required_new:sblr.cluster.placement.v1:cluster.placement.assign_tablet_range,required_new:sblr.cluster.placement.v1:cluster.placement.assign_tablet_range,project/src/parsers/compatibility/mongodb/mongodb_dialect.cpp#kCatalogSurfaces:sharding,own_compatibility_surface_only,FPR-P2,not_cluster_query,cluster.assign_tablet_range,provider_routed_public_boundary_manifested,functionality_unsupported;kClusterSupportNotEnabledCode;unsupported_feature=cluster.provider;no_provider_call;fail_closed,functionality_unlicensed;kClusterHandshakeStubCompileLinkOnlyCode;unsupported_feature=cluster.provider.stub;public_compile_link_boundary_only;no_cluster_authority_or_production_behavior,private_internal_provider_required;provider_api_boundary=cluster.assign_tablet_range;no_private_source_or_implementation_detail,compile_flag_disabled_returns_functionality_unsupported;public_stub_enabled_returns_functionality_unlicensed;private_provider_required_for_execution,provider_boundary_route_required,FSE-P7-PROOF-00018,sblr_surface_fse_p7_execution_proof_gate,query.plan_operation_never_cluster_authority;local_query_sblr_remains_local_engine_authority,parser_emits_normalized_cluster_sblr_only;parser_execution_storage_finality_authority_forbidden,compatibility_cluster_execution_storage_transaction_finality_authority_forbidden,project/tests/compatibility_sql_parser_first_tranche/parser_remap_cluster_route_gate.py,parser_remap_cluster_route_gate,p2_cluster_route_remap_verified,row-level compatibility cluster surface remap preserves provider boundary compile policy and compatibility parser isolation;private provider implementation detail is not recorded
FPR-P2-CLUSTER-00437,vitess,catalog_overlay_surface:shard,catalog_overlay_surface:shard,cluster.placement.assign_tablet_range,required_new:sblr.cluster.placement.v1:cluster.placement.assign_tablet_range,required_new:sblr.cluster.placement.v1:cluster.placement.assign_tablet_range,project/src/parsers/compatibility/vitess/vitess_dialect.cpp#kCatalogSurfaces:shard,own_compatibility_surface_only,FPR-P2,not_cluster_query,cluster.assign_tablet_range,provider_routed_public_boundary_manifested,functionality_unsupported;kClusterSupportNotEnabledCode;unsupported_feature=cluster.provider;no_provider_call;fail_closed,functionality_unlicensed;kClusterHandshakeStubCompileLinkOnlyCode;unsupported_feature=cluster.provider.stub;public_compile_link_boundary_only;no_cluster_authority_or_production_behavior,private_internal_provider_required;provider_api_boundary=cluster.assign_tablet_range;no_private_source_or_implementation_detail,compile_flag_disabled_returns_functionality_unsupported;public_stub_enabled_returns_functionality_unlicensed;private_provider_required_for_execution,provider_boundary_route_required,FSE-P7-PROOF-00018,sblr_surface_fse_p7_execution_proof_gate,query.plan_operation_never_cluster_authority;local_query_sblr_remains_local_engine_authority,parser_emits_normalized_cluster_sblr_only;parser_execution_storage_finality_authority_forbidden,compatibility_cluster_execution_storage_transaction_finality_authority_forbidden,project/tests/compatibility_sql_parser_first_tranche/parser_remap_cluster_route_gate.py,parser_remap_cluster_route_gate,p2_cluster_route_remap_verified,row-level compatibility cluster surface remap preserves provider boundary compile policy and compatibility parser isolation;private provider implementation detail is not recorded
FPR-P2-CLUSTER-00438,vitess,datatype_surface:sharding,datatype_surface:sharding,cluster.placement.assign_tablet_range,required_new:sblr.cluster.placement.v1:cluster.placement.assign_tablet_range,required_new:sblr.cluster.placement.v1:cluster.placement.assign_tablet_range,project/src/parsers/compatibility/vitess/vitess_dialect.cpp#kDatatypeSurfaces:sharding,own_compatibility_surface_only,FPR-P2,not_cluster_query,cluster.assign_tablet_range,provider_routed_public_boundary_manifested,functionality_unsupported;kClusterSupportNotEnabledCode;unsupported_feature=cluster.provider;no_provider_call;fail_closed,functionality_unlicensed;kClusterHandshakeStubCompileLinkOnlyCode;unsupported_feature=cluster.provider.stub;public_compile_link_boundary_only;no_cluster_authority_or_production_behavior,private_internal_provider_required;provider_api_boundary=cluster.assign_tablet_range;no_private_source_or_implementation_detail,compile_flag_disabled_returns_functionality_unsupported;public_stub_enabled_returns_functionality_unlicensed;private_provider_required_for_execution,provider_boundary_route_required,FSE-P7-PROOF-00018,sblr_surface_fse_p7_execution_proof_gate,query.plan_operation_never_cluster_authority;local_query_sblr_remains_local_engine_authority,parser_emits_normalized_cluster_sblr_only;parser_execution_storage_finality_authority_forbidden,compatibility_cluster_execution_storage_transaction_finality_authority_forbidden,project/tests/compatibility_sql_parser_first_tranche/parser_remap_cluster_route_gate.py,parser_remap_cluster_route_gate,p2_cluster_route_remap_verified,row-level compatibility cluster surface remap preserves provider boundary compile policy and compatibility parser isolation;private provider implementation detail is not recorded
FPR-P2-CLUSTER-00439,yugabytedb,diagnostic_surface:cdc,diagnostic_surface:cdc,cluster.metrics.emit_event,sblr.cluster.report.v3:cluster.metrics.emit_event,sblr.cluster.report.v3:cluster.metrics.emit_event,project/src/parsers/compatibility/yugabytedb/yugabytedb_dialect.cpp#kDiagnosticSurfaces:cdc,own_compatibility_surface_only,FPR-P2,not_cluster_query,cluster.emit_event,provider_routed_public_boundary_manifested,functionality_unsupported;kClusterSupportNotEnabledCode;unsupported_feature=cluster.provider;no_provider_call;fail_closed,functionality_unlicensed;kClusterHandshakeStubCompileLinkOnlyCode;unsupported_feature=cluster.provider.stub;public_compile_link_boundary_only;no_cluster_authority_or_production_behavior,private_internal_provider_required;provider_api_boundary=cluster.emit_event;no_private_source_or_implementation_detail,compile_flag_disabled_returns_functionality_unsupported;public_stub_enabled_returns_functionality_unlicensed;private_provider_required_for_execution,provider_boundary_route_required,FSE-P7-PROOF-00008,sblr_surface_fse_p7_execution_proof_gate,query.plan_operation_never_cluster_authority;local_query_sblr_remains_local_engine_authority,parser_emits_normalized_cluster_sblr_only;parser_execution_storage_finality_authority_forbidden,compatibility_cluster_execution_storage_transaction_finality_authority_forbidden,project/tests/compatibility_sql_parser_first_tranche/parser_remap_cluster_route_gate.py,parser_remap_cluster_route_gate,p2_cluster_route_remap_verified,row-level compatibility cluster surface remap preserves provider boundary compile policy and compatibility parser isolation;private provider implementation detail is not recorded
FPR-P2-CLUSTER-00440,yugabytedb,yugabytedb.cdc.create_stream,yugabytedb.cdc.create_stream,cluster.metrics.emit_event,sblr.cluster.report.v3:cluster.metrics.emit_event,sblr.cluster.report.v3:cluster.metrics.emit_event,project/src/parsers/compatibility/yugabytedb/yugabytedb_dialect.cpp#kPatterns:yugabytedb.cdc.create_stream,own_compatibility_surface_only,FPR-P2,not_cluster_query,cluster.emit_event,provider_routed_public_boundary_manifested,functionality_unsupported;kClusterSupportNotEnabledCode;unsupported_feature=cluster.provider;no_provider_call;fail_closed,functionality_unlicensed;kClusterHandshakeStubCompileLinkOnlyCode;unsupported_feature=cluster.provider.stub;public_compile_link_boundary_only;no_cluster_authority_or_production_behavior,private_internal_provider_required;provider_api_boundary=cluster.emit_event;no_private_source_or_implementation_detail,compile_flag_disabled_returns_functionality_unsupported;public_stub_enabled_returns_functionality_unlicensed;private_provider_required_for_execution,provider_boundary_route_required,FSE-P7-PROOF-00008,sblr_surface_fse_p7_execution_proof_gate,query.plan_operation_never_cluster_authority;local_query_sblr_remains_local_engine_authority,parser_emits_normalized_cluster_sblr_only;parser_execution_storage_finality_authority_forbidden,compatibility_cluster_execution_storage_transaction_finality_authority_forbidden,project/tests/compatibility_sql_parser_first_tranche/parser_remap_cluster_route_gate.py,parser_remap_cluster_route_gate,p2_cluster_route_remap_verified,row-level compatibility cluster surface remap preserves provider boundary compile policy and compatibility parser isolation;private provider implementation detail is not recorded
