compatibility,parser_surface,compatibility_surface,current_scratchbird_status,classification,downstream_owner,test_destination,source_search_key
apache_ignite,SQL_JDBC_ODBC_THIN_CACHE_API,apache_ignite.cache.create,parser_declares_noncluster_route_requiring_sblr_or_udr_expansion,IMPLEMENT_NONCLUSTER,sblr expansion lead,public_execution_plan/source-evidence/final-sblr-sbsql-sblr-expansion-closure/,project/src/parsers/compatibility/apache_ignite/apache_ignite_dialect.cpp#kPatterns:apache_ignite.cache.create
apache_ignite,SQL_JDBC_ODBC_THIN_CACHE_API,apache_ignite.cache.drop,parser_declares_noncluster_route_requiring_sblr_or_udr_expansion,IMPLEMENT_NONCLUSTER,sblr expansion lead,public_execution_plan/source-evidence/final-sblr-sbsql-sblr-expansion-closure/,project/src/parsers/compatibility/apache_ignite/apache_ignite_dialect.cpp#kPatterns:apache_ignite.cache.drop
apache_ignite,SQL_JDBC_ODBC_THIN_CACHE_API,apache_ignite.cache.get,parser_declares_route_requiring_parser_remap_or_existing_sblr_binding_verification,PARSER_REMAP_ONLY,parser remap lead,public_execution_plan/final-sblr-sbsql-parser-remap-closure/,project/src/parsers/compatibility/apache_ignite/apache_ignite_dialect.cpp#kPatterns:apache_ignite.cache.get
apache_ignite,SQL_JDBC_ODBC_THIN_CACHE_API,apache_ignite.cache.put,parser_declares_route_requiring_parser_remap_or_existing_sblr_binding_verification,PARSER_REMAP_ONLY,parser remap lead,public_execution_plan/final-sblr-sbsql-parser-remap-closure/,project/src/parsers/compatibility/apache_ignite/apache_ignite_dialect.cpp#kPatterns:apache_ignite.cache.put
apache_ignite,SQL_JDBC_ODBC_THIN_CACHE_API,apache_ignite.cache.remove,parser_declares_route_requiring_parser_remap_or_existing_sblr_binding_verification,PARSER_REMAP_ONLY,parser remap lead,public_execution_plan/final-sblr-sbsql-parser-remap-closure/,project/src/parsers/compatibility/apache_ignite/apache_ignite_dialect.cpp#kPatterns:apache_ignite.cache.remove
apache_ignite,SQL_JDBC_ODBC_THIN_CACHE_API,apache_ignite.cache.scan,parser_declares_noncluster_route_requiring_sblr_or_udr_expansion,IMPLEMENT_NONCLUSTER,sblr expansion lead,public_execution_plan/source-evidence/final-sblr-sbsql-sblr-expansion-closure/,project/src/parsers/compatibility/apache_ignite/apache_ignite_dialect.cpp#kPatterns:apache_ignite.cache.scan
apache_ignite,SQL_JDBC_ODBC_THIN_CACHE_API,apache_ignite.cache.continuous_query,parser_declares_noncluster_route_requiring_sblr_or_udr_expansion,IMPLEMENT_NONCLUSTER,sblr expansion lead,public_execution_plan/source-evidence/final-sblr-sbsql-sblr-expansion-closure/,project/src/parsers/compatibility/apache_ignite/apache_ignite_dialect.cpp#kPatterns:apache_ignite.cache.continuous_query
apache_ignite,SQL_JDBC_ODBC_THIN_CACHE_API,apache_ignite.ddl.create_table,parser_declares_route_requiring_parser_remap_or_existing_sblr_binding_verification,PARSER_REMAP_ONLY,parser remap lead,public_execution_plan/final-sblr-sbsql-parser-remap-closure/,project/src/parsers/compatibility/apache_ignite/apache_ignite_dialect.cpp#kPatterns:apache_ignite.ddl.create_table
apache_ignite,SQL_JDBC_ODBC_THIN_CACHE_API,apache_ignite.ddl.create_index,parser_declares_route_requiring_parser_remap_or_existing_sblr_binding_verification,PARSER_REMAP_ONLY,parser remap lead,public_execution_plan/final-sblr-sbsql-parser-remap-closure/,project/src/parsers/compatibility/apache_ignite/apache_ignite_dialect.cpp#kPatterns:apache_ignite.ddl.create_index
apache_ignite,SQL_JDBC_ODBC_THIN_CACHE_API,apache_ignite.ddl.drop_table,parser_declares_route_requiring_parser_remap_or_existing_sblr_binding_verification,PARSER_REMAP_ONLY,parser remap lead,public_execution_plan/final-sblr-sbsql-parser-remap-closure/,project/src/parsers/compatibility/apache_ignite/apache_ignite_dialect.cpp#kPatterns:apache_ignite.ddl.drop_table
apache_ignite,SQL_JDBC_ODBC_THIN_CACHE_API,apache_ignite.ddl.drop_index,parser_declares_route_requiring_parser_remap_or_existing_sblr_binding_verification,PARSER_REMAP_ONLY,parser remap lead,public_execution_plan/final-sblr-sbsql-parser-remap-closure/,project/src/parsers/compatibility/apache_ignite/apache_ignite_dialect.cpp#kPatterns:apache_ignite.ddl.drop_index
apache_ignite,SQL_JDBC_ODBC_THIN_CACHE_API,apache_ignite.ddl.alter_table,parser_declares_route_requiring_parser_remap_or_existing_sblr_binding_verification,PARSER_REMAP_ONLY,parser remap lead,public_execution_plan/final-sblr-sbsql-parser-remap-closure/,project/src/parsers/compatibility/apache_ignite/apache_ignite_dialect.cpp#kPatterns:apache_ignite.ddl.alter_table
apache_ignite,SQL_JDBC_ODBC_THIN_CACHE_API,apache_ignite.dml.merge,parser_declares_route_requiring_parser_remap_or_existing_sblr_binding_verification,PARSER_REMAP_ONLY,parser remap lead,public_execution_plan/final-sblr-sbsql-parser-remap-closure/,project/src/parsers/compatibility/apache_ignite/apache_ignite_dialect.cpp#kPatterns:apache_ignite.dml.merge
apache_ignite,SQL_JDBC_ODBC_THIN_CACHE_API,apache_ignite.dml.insert,parser_declares_route_requiring_parser_remap_or_existing_sblr_binding_verification,PARSER_REMAP_ONLY,parser remap lead,public_execution_plan/final-sblr-sbsql-parser-remap-closure/,project/src/parsers/compatibility/apache_ignite/apache_ignite_dialect.cpp#kPatterns:apache_ignite.dml.insert
apache_ignite,SQL_JDBC_ODBC_THIN_CACHE_API,apache_ignite.dml.update,parser_declares_route_requiring_parser_remap_or_existing_sblr_binding_verification,PARSER_REMAP_ONLY,parser remap lead,public_execution_plan/final-sblr-sbsql-parser-remap-closure/,project/src/parsers/compatibility/apache_ignite/apache_ignite_dialect.cpp#kPatterns:apache_ignite.dml.update
apache_ignite,SQL_JDBC_ODBC_THIN_CACHE_API,apache_ignite.dml.delete,parser_declares_route_requiring_parser_remap_or_existing_sblr_binding_verification,PARSER_REMAP_ONLY,parser remap lead,public_execution_plan/final-sblr-sbsql-parser-remap-closure/,project/src/parsers/compatibility/apache_ignite/apache_ignite_dialect.cpp#kPatterns:apache_ignite.dml.delete
apache_ignite,SQL_JDBC_ODBC_THIN_CACHE_API,apache_ignite.query.select,parser_declares_route_requiring_parser_remap_or_existing_sblr_binding_verification,PARSER_REMAP_ONLY,parser remap lead,public_execution_plan/final-sblr-sbsql-parser-remap-closure/,project/src/parsers/compatibility/apache_ignite/apache_ignite_dialect.cpp#kPatterns:apache_ignite.query.select
apache_ignite,SQL_JDBC_ODBC_THIN_CACHE_API,apache_ignite.query.with,parser_declares_route_requiring_parser_remap_or_existing_sblr_binding_verification,PARSER_REMAP_ONLY,parser remap lead,public_execution_plan/final-sblr-sbsql-parser-remap-closure/,project/src/parsers/compatibility/apache_ignite/apache_ignite_dialect.cpp#kPatterns:apache_ignite.query.with
apache_ignite,SQL_JDBC_ODBC_THIN_CACHE_API,apache_ignite.optimizer.explain,parser_declares_route_requiring_parser_remap_or_existing_sblr_binding_verification,PARSER_REMAP_ONLY,parser remap lead,public_execution_plan/final-sblr-sbsql-parser-remap-closure/,project/src/parsers/compatibility/apache_ignite/apache_ignite_dialect.cpp#kPatterns:apache_ignite.optimizer.explain
apache_ignite,SQL_JDBC_ODBC_THIN_CACHE_API,apache_ignite.catalog.show,parser_declares_route_requiring_parser_remap_or_existing_sblr_binding_verification,PARSER_REMAP_ONLY,parser remap lead,public_execution_plan/final-sblr-sbsql-parser-remap-closure/,project/src/parsers/compatibility/apache_ignite/apache_ignite_dialect.cpp#kPatterns:apache_ignite.catalog.show
apache_ignite,SQL_JDBC_ODBC_THIN_CACHE_API,apache_ignite.security.create_user,parser_declares_noncluster_route_requiring_sblr_or_udr_expansion,IMPLEMENT_NONCLUSTER,sblr expansion lead,public_execution_plan/source-evidence/final-sblr-sbsql-sblr-expansion-closure/,project/src/parsers/compatibility/apache_ignite/apache_ignite_dialect.cpp#kPatterns:apache_ignite.security.create_user
apache_ignite,SQL_JDBC_ODBC_THIN_CACHE_API,apache_ignite.security.grant,parser_declares_noncluster_route_requiring_sblr_or_udr_expansion,IMPLEMENT_NONCLUSTER,sblr expansion lead,public_execution_plan/source-evidence/final-sblr-sbsql-sblr-expansion-closure/,project/src/parsers/compatibility/apache_ignite/apache_ignite_dialect.cpp#kPatterns:apache_ignite.security.grant
apache_ignite,SQL_JDBC_ODBC_THIN_CACHE_API,apache_ignite.security.revoke,parser_declares_noncluster_route_requiring_sblr_or_udr_expansion,IMPLEMENT_NONCLUSTER,sblr expansion lead,public_execution_plan/source-evidence/final-sblr-sbsql-sblr-expansion-closure/,project/src/parsers/compatibility/apache_ignite/apache_ignite_dialect.cpp#kPatterns:apache_ignite.security.revoke
apache_ignite,SQL_JDBC_ODBC_THIN_CACHE_API,apache_ignite.session.streaming,parser_declares_route_requiring_parser_remap_or_existing_sblr_binding_verification,PARSER_REMAP_ONLY,parser remap lead,public_execution_plan/final-sblr-sbsql-parser-remap-closure/,project/src/parsers/compatibility/apache_ignite/apache_ignite_dialect.cpp#kPatterns:apache_ignite.session.streaming
apache_ignite,SQL_JDBC_ODBC_THIN_CACHE_API,apache_ignite.session.set,parser_declares_route_requiring_parser_remap_or_existing_sblr_binding_verification,PARSER_REMAP_ONLY,parser remap lead,public_execution_plan/final-sblr-sbsql-parser-remap-closure/,project/src/parsers/compatibility/apache_ignite/apache_ignite_dialect.cpp#kPatterns:apache_ignite.session.set
apache_ignite,SQL_JDBC_ODBC_THIN_CACHE_API,apache_ignite.transaction.commit,parser_declares_route_requiring_parser_remap_or_existing_sblr_binding_verification,PARSER_REMAP_ONLY,parser remap lead,public_execution_plan/final-sblr-sbsql-parser-remap-closure/,project/src/parsers/compatibility/apache_ignite/apache_ignite_dialect.cpp#kPatterns:apache_ignite.transaction.commit
apache_ignite,SQL_JDBC_ODBC_THIN_CACHE_API,apache_ignite.transaction.rollback,parser_declares_route_requiring_parser_remap_or_existing_sblr_binding_verification,PARSER_REMAP_ONLY,parser remap lead,public_execution_plan/final-sblr-sbsql-parser-remap-closure/,project/src/parsers/compatibility/apache_ignite/apache_ignite_dialect.cpp#kPatterns:apache_ignite.transaction.rollback
apache_ignite,SQL_JDBC_ODBC_THIN_CACHE_API,datatype_surface:object,parser_declares_noncluster_route_requiring_sblr_or_udr_expansion,IMPLEMENT_NONCLUSTER,sblr expansion lead,public_execution_plan/source-evidence/final-sblr-sbsql-sblr-expansion-closure/,project/src/parsers/compatibility/apache_ignite/apache_ignite_dialect.cpp#kDatatypeSurfaces:object
apache_ignite,SQL_JDBC_ODBC_THIN_CACHE_API,datatype_surface:cache_key,parser_declares_route_requiring_parser_remap_or_existing_sblr_binding_verification,PARSER_REMAP_ONLY,parser remap lead,public_execution_plan/final-sblr-sbsql-parser-remap-closure/,project/src/parsers/compatibility/apache_ignite/apache_ignite_dialect.cpp#kDatatypeSurfaces:cache_key
apache_ignite,SQL_JDBC_ODBC_THIN_CACHE_API,datatype_surface:cache_policy,parser_declares_route_requiring_parser_remap_or_existing_sblr_binding_verification,PARSER_REMAP_ONLY,parser remap lead,public_execution_plan/final-sblr-sbsql-parser-remap-closure/,project/src/parsers/compatibility/apache_ignite/apache_ignite_dialect.cpp#kDatatypeSurfaces:cache_policy
apache_ignite,SQL_JDBC_ODBC_THIN_CACHE_API,datatype_surface:query_hint,parser_declares_route_requiring_parser_remap_or_existing_sblr_binding_verification,PARSER_REMAP_ONLY,parser remap lead,public_execution_plan/final-sblr-sbsql-parser-remap-closure/,project/src/parsers/compatibility/apache_ignite/apache_ignite_dialect.cpp#kDatatypeSurfaces:query_hint
apache_ignite,SQL_JDBC_ODBC_THIN_CACHE_API,datatype_surface:service,parser_declares_noncluster_route_requiring_sblr_or_udr_expansion,IMPLEMENT_NONCLUSTER,sblr expansion lead,public_execution_plan/source-evidence/final-sblr-sbsql-sblr-expansion-closure/,project/src/parsers/compatibility/apache_ignite/apache_ignite_dialect.cpp#kDatatypeSurfaces:service
apache_ignite,SQL_JDBC_ODBC_THIN_CACHE_API,builtin_function_surface:aggregate,parser_declares_route_requiring_parser_remap_or_existing_sblr_binding_verification,PARSER_REMAP_ONLY,parser remap lead,public_execution_plan/final-sblr-sbsql-parser-remap-closure/,project/src/parsers/compatibility/apache_ignite/apache_ignite_dialect.cpp#kBuiltinSurfaces:aggregate
apache_ignite,SQL_JDBC_ODBC_THIN_CACHE_API,builtin_function_surface:string,parser_declares_route_requiring_parser_remap_or_existing_sblr_binding_verification,PARSER_REMAP_ONLY,parser remap lead,public_execution_plan/final-sblr-sbsql-parser-remap-closure/,project/src/parsers/compatibility/apache_ignite/apache_ignite_dialect.cpp#kBuiltinSurfaces:string
apache_ignite,SQL_JDBC_ODBC_THIN_CACHE_API,builtin_function_surface:datetime,parser_declares_route_requiring_parser_remap_or_existing_sblr_binding_verification,PARSER_REMAP_ONLY,parser remap lead,public_execution_plan/final-sblr-sbsql-parser-remap-closure/,project/src/parsers/compatibility/apache_ignite/apache_ignite_dialect.cpp#kBuiltinSurfaces:datetime
apache_ignite,SQL_JDBC_ODBC_THIN_CACHE_API,builtin_function_surface:cache,parser_declares_route_requiring_parser_remap_or_existing_sblr_binding_verification,PARSER_REMAP_ONLY,parser remap lead,public_execution_plan/final-sblr-sbsql-parser-remap-closure/,project/src/parsers/compatibility/apache_ignite/apache_ignite_dialect.cpp#kBuiltinSurfaces:cache
apache_ignite,SQL_JDBC_ODBC_THIN_CACHE_API,builtin_function_surface:continuous_query,parser_declares_noncluster_route_requiring_sblr_or_udr_expansion,IMPLEMENT_NONCLUSTER,sblr expansion lead,public_execution_plan/source-evidence/final-sblr-sbsql-sblr-expansion-closure/,project/src/parsers/compatibility/apache_ignite/apache_ignite_dialect.cpp#kBuiltinSurfaces:continuous_query
apache_ignite,SQL_JDBC_ODBC_THIN_CACHE_API,builtin_function_surface:optimizer,parser_declares_route_requiring_parser_remap_or_existing_sblr_binding_verification,PARSER_REMAP_ONLY,parser remap lead,public_execution_plan/final-sblr-sbsql-parser-remap-closure/,project/src/parsers/compatibility/apache_ignite/apache_ignite_dialect.cpp#kBuiltinSurfaces:optimizer
apache_ignite,SQL_JDBC_ODBC_THIN_CACHE_API,builtin_function_surface:security,parser_declares_noncluster_route_requiring_sblr_or_udr_expansion,IMPLEMENT_NONCLUSTER,sblr expansion lead,public_execution_plan/source-evidence/final-sblr-sbsql-sblr-expansion-closure/,project/src/parsers/compatibility/apache_ignite/apache_ignite_dialect.cpp#kBuiltinSurfaces:security
apache_ignite,SQL_JDBC_ODBC_THIN_CACHE_API,builtin_function_surface:session,parser_declares_route_requiring_parser_remap_or_existing_sblr_binding_verification,PARSER_REMAP_ONLY,parser remap lead,public_execution_plan/final-sblr-sbsql-parser-remap-closure/,project/src/parsers/compatibility/apache_ignite/apache_ignite_dialect.cpp#kBuiltinSurfaces:session
apache_ignite,SQL_JDBC_ODBC_THIN_CACHE_API,catalog_overlay_surface:caches,parser_declares_route_requiring_parser_remap_or_existing_sblr_binding_verification,PARSER_REMAP_ONLY,parser remap lead,public_execution_plan/final-sblr-sbsql-parser-remap-closure/,project/src/parsers/compatibility/apache_ignite/apache_ignite_dialect.cpp#kCatalogSurfaces:caches
apache_ignite,SQL_JDBC_ODBC_THIN_CACHE_API,catalog_overlay_surface:tables,parser_declares_route_requiring_parser_remap_or_existing_sblr_binding_verification,PARSER_REMAP_ONLY,parser remap lead,public_execution_plan/final-sblr-sbsql-parser-remap-closure/,project/src/parsers/compatibility/apache_ignite/apache_ignite_dialect.cpp#kCatalogSurfaces:tables
apache_ignite,SQL_JDBC_ODBC_THIN_CACHE_API,catalog_overlay_surface:indexes,parser_declares_route_requiring_parser_remap_or_existing_sblr_binding_verification,PARSER_REMAP_ONLY,parser remap lead,public_execution_plan/final-sblr-sbsql-parser-remap-closure/,project/src/parsers/compatibility/apache_ignite/apache_ignite_dialect.cpp#kCatalogSurfaces:indexes
apache_ignite,SQL_JDBC_ODBC_THIN_CACHE_API,catalog_overlay_surface:query_views,parser_declares_route_requiring_parser_remap_or_existing_sblr_binding_verification,PARSER_REMAP_ONLY,parser remap lead,public_execution_plan/final-sblr-sbsql-parser-remap-closure/,project/src/parsers/compatibility/apache_ignite/apache_ignite_dialect.cpp#kCatalogSurfaces:query_views
apache_ignite,SQL_JDBC_ODBC_THIN_CACHE_API,catalog_overlay_surface:metrics,parser_declares_route_requiring_parser_remap_or_existing_sblr_binding_verification,PARSER_REMAP_ONLY,parser remap lead,public_execution_plan/final-sblr-sbsql-parser-remap-closure/,project/src/parsers/compatibility/apache_ignite/apache_ignite_dialect.cpp#kCatalogSurfaces:metrics
apache_ignite,SQL_JDBC_ODBC_THIN_CACHE_API,catalog_overlay_surface:system_views,parser_declares_route_requiring_parser_remap_or_existing_sblr_binding_verification,PARSER_REMAP_ONLY,parser remap lead,public_execution_plan/final-sblr-sbsql-parser-remap-closure/,project/src/parsers/compatibility/apache_ignite/apache_ignite_dialect.cpp#kCatalogSurfaces:system_views
apache_ignite,SQL_JDBC_ODBC_THIN_CACHE_API,catalog_overlay_surface:users,parser_declares_route_requiring_parser_remap_or_existing_sblr_binding_verification,PARSER_REMAP_ONLY,parser remap lead,public_execution_plan/final-sblr-sbsql-parser-remap-closure/,project/src/parsers/compatibility/apache_ignite/apache_ignite_dialect.cpp#kCatalogSurfaces:users
apache_ignite,SQL_JDBC_ODBC_THIN_CACHE_API,catalog_overlay_surface:roles,parser_declares_route_requiring_parser_remap_or_existing_sblr_binding_verification,PARSER_REMAP_ONLY,parser remap lead,public_execution_plan/final-sblr-sbsql-parser-remap-closure/,project/src/parsers/compatibility/apache_ignite/apache_ignite_dialect.cpp#kCatalogSurfaces:roles
apache_ignite,SQL_JDBC_ODBC_THIN_CACHE_API,diagnostic_surface:parse,parser_declares_route_requiring_parser_remap_or_existing_sblr_binding_verification,PARSER_REMAP_ONLY,parser remap lead,public_execution_plan/final-sblr-sbsql-parser-remap-closure/,project/src/parsers/compatibility/apache_ignite/apache_ignite_dialect.cpp#kDiagnosticSurfaces:parse
apache_ignite,SQL_JDBC_ODBC_THIN_CACHE_API,diagnostic_surface:udr,parser_declares_noncluster_route_requiring_sblr_or_udr_expansion,IMPLEMENT_NONCLUSTER,sblr expansion lead,public_execution_plan/source-evidence/final-sblr-sbsql-sblr-expansion-closure/,project/src/parsers/compatibility/apache_ignite/apache_ignite_dialect.cpp#kDiagnosticSurfaces:udr
apache_ignite,SQL_JDBC_ODBC_THIN_CACHE_API,diagnostic_surface:catalog,parser_declares_route_requiring_parser_remap_or_existing_sblr_binding_verification,PARSER_REMAP_ONLY,parser remap lead,public_execution_plan/final-sblr-sbsql-parser-remap-closure/,project/src/parsers/compatibility/apache_ignite/apache_ignite_dialect.cpp#kDiagnosticSurfaces:catalog
apache_ignite,SQL_JDBC_ODBC_THIN_CACHE_API,diagnostic_surface:session,parser_declares_route_requiring_parser_remap_or_existing_sblr_binding_verification,PARSER_REMAP_ONLY,parser remap lead,public_execution_plan/final-sblr-sbsql-parser-remap-closure/,project/src/parsers/compatibility/apache_ignite/apache_ignite_dialect.cpp#kDiagnosticSurfaces:session
apache_ignite,SQL_JDBC_ODBC_THIN_CACHE_API,diagnostic_surface:transaction,parser_declares_route_requiring_parser_remap_or_existing_sblr_binding_verification,PARSER_REMAP_ONLY,parser remap lead,public_execution_plan/final-sblr-sbsql-parser-remap-closure/,project/src/parsers/compatibility/apache_ignite/apache_ignite_dialect.cpp#kDiagnosticSurfaces:transaction
cassandra,CQL_NATIVE_PROTOCOL,cassandra.cqlsh.copy,parser_declares_noncluster_route_requiring_sblr_or_udr_expansion,IMPLEMENT_NONCLUSTER,sblr expansion lead,public_execution_plan/source-evidence/final-sblr-sbsql-sblr-expansion-closure/,project/src/parsers/compatibility/cassandra/cassandra_dialect.cpp#kPatterns:cassandra.cqlsh.copy
cassandra,CQL_NATIVE_PROTOCOL,cassandra.cqlsh.source,parser_declares_noncluster_route_requiring_sblr_or_udr_expansion,IMPLEMENT_NONCLUSTER,sblr expansion lead,public_execution_plan/source-evidence/final-sblr-sbsql-sblr-expansion-closure/,project/src/parsers/compatibility/cassandra/cassandra_dialect.cpp#kPatterns:cassandra.cqlsh.source
cassandra,CQL_NATIVE_PROTOCOL,cassandra.session.consistency,parser_declares_noncluster_route_requiring_sblr_or_udr_expansion,IMPLEMENT_NONCLUSTER,sblr expansion lead,public_execution_plan/source-evidence/final-sblr-sbsql-sblr-expansion-closure/,project/src/parsers/compatibility/cassandra/cassandra_dialect.cpp#kPatterns:cassandra.session.consistency
cassandra,CQL_NATIVE_PROTOCOL,cassandra.session.paging,parser_declares_noncluster_route_requiring_sblr_or_udr_expansion,IMPLEMENT_NONCLUSTER,sblr expansion lead,public_execution_plan/source-evidence/final-sblr-sbsql-sblr-expansion-closure/,project/src/parsers/compatibility/cassandra/cassandra_dialect.cpp#kPatterns:cassandra.session.paging
cassandra,CQL_NATIVE_PROTOCOL,cassandra.keyspace.create,parser_declares_noncluster_route_requiring_sblr_or_udr_expansion,IMPLEMENT_NONCLUSTER,sblr expansion lead,public_execution_plan/source-evidence/final-sblr-sbsql-sblr-expansion-closure/,project/src/parsers/compatibility/cassandra/cassandra_dialect.cpp#kPatterns:cassandra.keyspace.create
cassandra,CQL_NATIVE_PROTOCOL,cassandra.keyspace.alter,parser_declares_noncluster_route_requiring_sblr_or_udr_expansion,IMPLEMENT_NONCLUSTER,sblr expansion lead,public_execution_plan/source-evidence/final-sblr-sbsql-sblr-expansion-closure/,project/src/parsers/compatibility/cassandra/cassandra_dialect.cpp#kPatterns:cassandra.keyspace.alter
cassandra,CQL_NATIVE_PROTOCOL,cassandra.keyspace.drop,parser_declares_noncluster_route_requiring_sblr_or_udr_expansion,IMPLEMENT_NONCLUSTER,sblr expansion lead,public_execution_plan/source-evidence/final-sblr-sbsql-sblr-expansion-closure/,project/src/parsers/compatibility/cassandra/cassandra_dialect.cpp#kPatterns:cassandra.keyspace.drop
cassandra,CQL_NATIVE_PROTOCOL,cassandra.materialized_view.create,parser_declares_noncluster_route_requiring_sblr_or_udr_expansion,IMPLEMENT_NONCLUSTER,sblr expansion lead,public_execution_plan/source-evidence/final-sblr-sbsql-sblr-expansion-closure/,project/src/parsers/compatibility/cassandra/cassandra_dialect.cpp#kPatterns:cassandra.materialized_view.create
cassandra,CQL_NATIVE_PROTOCOL,cassandra.type.create,parser_declares_noncluster_route_requiring_sblr_or_udr_expansion,IMPLEMENT_NONCLUSTER,sblr expansion lead,public_execution_plan/source-evidence/final-sblr-sbsql-sblr-expansion-closure/,project/src/parsers/compatibility/cassandra/cassandra_dialect.cpp#kPatterns:cassandra.type.create
cassandra,CQL_NATIVE_PROTOCOL,cassandra.type.alter,parser_declares_noncluster_route_requiring_sblr_or_udr_expansion,IMPLEMENT_NONCLUSTER,sblr expansion lead,public_execution_plan/source-evidence/final-sblr-sbsql-sblr-expansion-closure/,project/src/parsers/compatibility/cassandra/cassandra_dialect.cpp#kPatterns:cassandra.type.alter
cassandra,CQL_NATIVE_PROTOCOL,cassandra.type.drop,parser_declares_noncluster_route_requiring_sblr_or_udr_expansion,IMPLEMENT_NONCLUSTER,sblr expansion lead,public_execution_plan/source-evidence/final-sblr-sbsql-sblr-expansion-closure/,project/src/parsers/compatibility/cassandra/cassandra_dialect.cpp#kPatterns:cassandra.type.drop
cassandra,CQL_NATIVE_PROTOCOL,cassandra.security.create_role,parser_declares_noncluster_route_requiring_sblr_or_udr_expansion,IMPLEMENT_NONCLUSTER,sblr expansion lead,public_execution_plan/source-evidence/final-sblr-sbsql-sblr-expansion-closure/,project/src/parsers/compatibility/cassandra/cassandra_dialect.cpp#kPatterns:cassandra.security.create_role
cassandra,CQL_NATIVE_PROTOCOL,cassandra.security.alter_role,parser_declares_noncluster_route_requiring_sblr_or_udr_expansion,IMPLEMENT_NONCLUSTER,sblr expansion lead,public_execution_plan/source-evidence/final-sblr-sbsql-sblr-expansion-closure/,project/src/parsers/compatibility/cassandra/cassandra_dialect.cpp#kPatterns:cassandra.security.alter_role
cassandra,CQL_NATIVE_PROTOCOL,cassandra.security.drop_role,parser_declares_noncluster_route_requiring_sblr_or_udr_expansion,IMPLEMENT_NONCLUSTER,sblr expansion lead,public_execution_plan/source-evidence/final-sblr-sbsql-sblr-expansion-closure/,project/src/parsers/compatibility/cassandra/cassandra_dialect.cpp#kPatterns:cassandra.security.drop_role
cassandra,CQL_NATIVE_PROTOCOL,cassandra.security.grant,parser_declares_noncluster_route_requiring_sblr_or_udr_expansion,IMPLEMENT_NONCLUSTER,sblr expansion lead,public_execution_plan/source-evidence/final-sblr-sbsql-sblr-expansion-closure/,project/src/parsers/compatibility/cassandra/cassandra_dialect.cpp#kPatterns:cassandra.security.grant
cassandra,CQL_NATIVE_PROTOCOL,cassandra.security.revoke,parser_declares_noncluster_route_requiring_sblr_or_udr_expansion,IMPLEMENT_NONCLUSTER,sblr expansion lead,public_execution_plan/source-evidence/final-sblr-sbsql-sblr-expansion-closure/,project/src/parsers/compatibility/cassandra/cassandra_dialect.cpp#kPatterns:cassandra.security.revoke
cassandra,CQL_NATIVE_PROTOCOL,cassandra.catalog.describe,parser_declares_route_requiring_parser_remap_or_existing_sblr_binding_verification,PARSER_REMAP_ONLY,parser remap lead,public_execution_plan/final-sblr-sbsql-parser-remap-closure/,project/src/parsers/compatibility/cassandra/cassandra_dialect.cpp#kPatterns:cassandra.catalog.describe
cassandra,CQL_NATIVE_PROTOCOL,cassandra.query.select_json,parser_declares_route_requiring_parser_remap_or_existing_sblr_binding_verification,PARSER_REMAP_ONLY,parser remap lead,public_execution_plan/final-sblr-sbsql-parser-remap-closure/,project/src/parsers/compatibility/cassandra/cassandra_dialect.cpp#kPatterns:cassandra.query.select_json
cassandra,CQL_NATIVE_PROTOCOL,cassandra.query.select,parser_declares_route_requiring_parser_remap_or_existing_sblr_binding_verification,PARSER_REMAP_ONLY,parser remap lead,public_execution_plan/final-sblr-sbsql-parser-remap-closure/,project/src/parsers/compatibility/cassandra/cassandra_dialect.cpp#kPatterns:cassandra.query.select
cassandra,CQL_NATIVE_PROTOCOL,cassandra.dml.insert_json,parser_declares_route_requiring_parser_remap_or_existing_sblr_binding_verification,PARSER_REMAP_ONLY,parser remap lead,public_execution_plan/final-sblr-sbsql-parser-remap-closure/,project/src/parsers/compatibility/cassandra/cassandra_dialect.cpp#kPatterns:cassandra.dml.insert_json
cassandra,CQL_NATIVE_PROTOCOL,cassandra.dml.insert,parser_declares_route_requiring_parser_remap_or_existing_sblr_binding_verification,PARSER_REMAP_ONLY,parser remap lead,public_execution_plan/final-sblr-sbsql-parser-remap-closure/,project/src/parsers/compatibility/cassandra/cassandra_dialect.cpp#kPatterns:cassandra.dml.insert
cassandra,CQL_NATIVE_PROTOCOL,cassandra.dml.update,parser_declares_route_requiring_parser_remap_or_existing_sblr_binding_verification,PARSER_REMAP_ONLY,parser remap lead,public_execution_plan/final-sblr-sbsql-parser-remap-closure/,project/src/parsers/compatibility/cassandra/cassandra_dialect.cpp#kPatterns:cassandra.dml.update
cassandra,CQL_NATIVE_PROTOCOL,cassandra.dml.delete,parser_declares_route_requiring_parser_remap_or_existing_sblr_binding_verification,PARSER_REMAP_ONLY,parser remap lead,public_execution_plan/final-sblr-sbsql-parser-remap-closure/,project/src/parsers/compatibility/cassandra/cassandra_dialect.cpp#kPatterns:cassandra.dml.delete
cassandra,CQL_NATIVE_PROTOCOL,cassandra.batch.begin,parser_declares_noncluster_route_requiring_sblr_or_udr_expansion,IMPLEMENT_NONCLUSTER,sblr expansion lead,public_execution_plan/source-evidence/final-sblr-sbsql-sblr-expansion-closure/,project/src/parsers/compatibility/cassandra/cassandra_dialect.cpp#kPatterns:cassandra.batch.begin
cassandra,CQL_NATIVE_PROTOCOL,cassandra.batch.apply,parser_declares_noncluster_route_requiring_sblr_or_udr_expansion,IMPLEMENT_NONCLUSTER,sblr expansion lead,public_execution_plan/source-evidence/final-sblr-sbsql-sblr-expansion-closure/,project/src/parsers/compatibility/cassandra/cassandra_dialect.cpp#kPatterns:cassandra.batch.apply
cassandra,CQL_NATIVE_PROTOCOL,cassandra.ddl.create_table,parser_declares_route_requiring_parser_remap_or_existing_sblr_binding_verification,PARSER_REMAP_ONLY,parser remap lead,public_execution_plan/final-sblr-sbsql-parser-remap-closure/,project/src/parsers/compatibility/cassandra/cassandra_dialect.cpp#kPatterns:cassandra.ddl.create_table
cassandra,CQL_NATIVE_PROTOCOL,cassandra.ddl.alter_table,parser_declares_route_requiring_parser_remap_or_existing_sblr_binding_verification,PARSER_REMAP_ONLY,parser remap lead,public_execution_plan/final-sblr-sbsql-parser-remap-closure/,project/src/parsers/compatibility/cassandra/cassandra_dialect.cpp#kPatterns:cassandra.ddl.alter_table
cassandra,CQL_NATIVE_PROTOCOL,cassandra.ddl.drop_table,parser_declares_route_requiring_parser_remap_or_existing_sblr_binding_verification,PARSER_REMAP_ONLY,parser remap lead,public_execution_plan/final-sblr-sbsql-parser-remap-closure/,project/src/parsers/compatibility/cassandra/cassandra_dialect.cpp#kPatterns:cassandra.ddl.drop_table
cassandra,CQL_NATIVE_PROTOCOL,cassandra.ddl.truncate,parser_declares_route_requiring_parser_remap_or_existing_sblr_binding_verification,PARSER_REMAP_ONLY,parser remap lead,public_execution_plan/final-sblr-sbsql-parser-remap-closure/,project/src/parsers/compatibility/cassandra/cassandra_dialect.cpp#kPatterns:cassandra.ddl.truncate
cassandra,CQL_NATIVE_PROTOCOL,cassandra.session.use_keyspace,parser_declares_route_requiring_parser_remap_or_existing_sblr_binding_verification,PARSER_REMAP_ONLY,parser remap lead,public_execution_plan/final-sblr-sbsql-parser-remap-closure/,project/src/parsers/compatibility/cassandra/cassandra_dialect.cpp#kPatterns:cassandra.session.use_keyspace
cassandra,CQL_NATIVE_PROTOCOL,datatype_surface:collection,parser_declares_noncluster_route_requiring_sblr_or_udr_expansion,IMPLEMENT_NONCLUSTER,sblr expansion lead,public_execution_plan/source-evidence/final-sblr-sbsql-sblr-expansion-closure/,project/src/parsers/compatibility/cassandra/cassandra_dialect.cpp#kDatatypeSurfaces:collection
cassandra,CQL_NATIVE_PROTOCOL,datatype_surface:tuple,parser_declares_noncluster_route_requiring_sblr_or_udr_expansion,IMPLEMENT_NONCLUSTER,sblr expansion lead,public_execution_plan/source-evidence/final-sblr-sbsql-sblr-expansion-closure/,project/src/parsers/compatibility/cassandra/cassandra_dialect.cpp#kDatatypeSurfaces:tuple
cassandra,CQL_NATIVE_PROTOCOL,datatype_surface:user_defined_type,parser_declares_noncluster_route_requiring_sblr_or_udr_expansion,IMPLEMENT_NONCLUSTER,sblr expansion lead,public_execution_plan/source-evidence/final-sblr-sbsql-sblr-expansion-closure/,project/src/parsers/compatibility/cassandra/cassandra_dialect.cpp#kDatatypeSurfaces:user_defined_type
cassandra,CQL_NATIVE_PROTOCOL,datatype_surface:vector,parser_declares_noncluster_route_requiring_sblr_or_udr_expansion,IMPLEMENT_NONCLUSTER,sblr expansion lead,public_execution_plan/source-evidence/final-sblr-sbsql-sblr-expansion-closure/,project/src/parsers/compatibility/cassandra/cassandra_dialect.cpp#kDatatypeSurfaces:vector
cassandra,CQL_NATIVE_PROTOCOL,builtin_function_surface:aggregate,parser_declares_route_requiring_parser_remap_or_existing_sblr_binding_verification,PARSER_REMAP_ONLY,parser remap lead,public_execution_plan/final-sblr-sbsql-parser-remap-closure/,project/src/parsers/compatibility/cassandra/cassandra_dialect.cpp#kBuiltinSurfaces:aggregate
cassandra,CQL_NATIVE_PROTOCOL,builtin_function_surface:collection,parser_declares_route_requiring_parser_remap_or_existing_sblr_binding_verification,PARSER_REMAP_ONLY,parser remap lead,public_execution_plan/final-sblr-sbsql-parser-remap-closure/,project/src/parsers/compatibility/cassandra/cassandra_dialect.cpp#kBuiltinSurfaces:collection
cassandra,CQL_NATIVE_PROTOCOL,builtin_function_surface:token,parser_declares_route_requiring_parser_remap_or_existing_sblr_binding_verification,PARSER_REMAP_ONLY,parser remap lead,public_execution_plan/final-sblr-sbsql-parser-remap-closure/,project/src/parsers/compatibility/cassandra/cassandra_dialect.cpp#kBuiltinSurfaces:token
cassandra,CQL_NATIVE_PROTOCOL,builtin_function_surface:uuid,parser_declares_route_requiring_parser_remap_or_existing_sblr_binding_verification,PARSER_REMAP_ONLY,parser remap lead,public_execution_plan/final-sblr-sbsql-parser-remap-closure/,project/src/parsers/compatibility/cassandra/cassandra_dialect.cpp#kBuiltinSurfaces:uuid
cassandra,CQL_NATIVE_PROTOCOL,builtin_function_surface:conversion,parser_declares_route_requiring_parser_remap_or_existing_sblr_binding_verification,PARSER_REMAP_ONLY,parser remap lead,public_execution_plan/final-sblr-sbsql-parser-remap-closure/,project/src/parsers/compatibility/cassandra/cassandra_dialect.cpp#kBuiltinSurfaces:conversion
cassandra,CQL_NATIVE_PROTOCOL,builtin_function_surface:json,parser_declares_route_requiring_parser_remap_or_existing_sblr_binding_verification,PARSER_REMAP_ONLY,parser remap lead,public_execution_plan/final-sblr-sbsql-parser-remap-closure/,project/src/parsers/compatibility/cassandra/cassandra_dialect.cpp#kBuiltinSurfaces:json
cassandra,CQL_NATIVE_PROTOCOL,builtin_function_surface:security,parser_declares_route_requiring_parser_remap_or_existing_sblr_binding_verification,PARSER_REMAP_ONLY,parser remap lead,public_execution_plan/final-sblr-sbsql-parser-remap-closure/,project/src/parsers/compatibility/cassandra/cassandra_dialect.cpp#kBuiltinSurfaces:security
cassandra,CQL_NATIVE_PROTOCOL,builtin_function_surface:ttl,parser_declares_route_requiring_parser_remap_or_existing_sblr_binding_verification,PARSER_REMAP_ONLY,parser remap lead,public_execution_plan/final-sblr-sbsql-parser-remap-closure/,project/src/parsers/compatibility/cassandra/cassandra_dialect.cpp#kBuiltinSurfaces:ttl
cassandra,CQL_NATIVE_PROTOCOL,builtin_function_surface:blob,parser_declares_noncluster_route_requiring_sblr_or_udr_expansion,IMPLEMENT_NONCLUSTER,sblr expansion lead,public_execution_plan/source-evidence/final-sblr-sbsql-sblr-expansion-closure/,project/src/parsers/compatibility/cassandra/cassandra_dialect.cpp#kBuiltinSurfaces:blob
cassandra,CQL_NATIVE_PROTOCOL,builtin_function_surface:vector,parser_declares_noncluster_route_requiring_sblr_or_udr_expansion,IMPLEMENT_NONCLUSTER,sblr expansion lead,public_execution_plan/source-evidence/final-sblr-sbsql-sblr-expansion-closure/,project/src/parsers/compatibility/cassandra/cassandra_dialect.cpp#kBuiltinSurfaces:vector
cassandra,CQL_NATIVE_PROTOCOL,catalog_overlay_surface:system_schema,parser_declares_route_requiring_parser_remap_or_existing_sblr_binding_verification,PARSER_REMAP_ONLY,parser remap lead,public_execution_plan/final-sblr-sbsql-parser-remap-closure/,project/src/parsers/compatibility/cassandra/cassandra_dialect.cpp#kCatalogSurfaces:system_schema
cassandra,CQL_NATIVE_PROTOCOL,catalog_overlay_surface:system_auth,parser_declares_route_requiring_parser_remap_or_existing_sblr_binding_verification,PARSER_REMAP_ONLY,parser remap lead,public_execution_plan/final-sblr-sbsql-parser-remap-closure/,project/src/parsers/compatibility/cassandra/cassandra_dialect.cpp#kCatalogSurfaces:system_auth
cassandra,CQL_NATIVE_PROTOCOL,catalog_overlay_surface:system_distributed,parser_declares_route_requiring_parser_remap_or_existing_sblr_binding_verification,PARSER_REMAP_ONLY,parser remap lead,public_execution_plan/final-sblr-sbsql-parser-remap-closure/,project/src/parsers/compatibility/cassandra/cassandra_dialect.cpp#kCatalogSurfaces:system_distributed
cassandra,CQL_NATIVE_PROTOCOL,catalog_overlay_surface:keyspace_metadata,parser_declares_route_requiring_parser_remap_or_existing_sblr_binding_verification,PARSER_REMAP_ONLY,parser remap lead,public_execution_plan/final-sblr-sbsql-parser-remap-closure/,project/src/parsers/compatibility/cassandra/cassandra_dialect.cpp#kCatalogSurfaces:keyspace_metadata
cassandra,CQL_NATIVE_PROTOCOL,catalog_overlay_surface:table_metadata,parser_declares_route_requiring_parser_remap_or_existing_sblr_binding_verification,PARSER_REMAP_ONLY,parser remap lead,public_execution_plan/final-sblr-sbsql-parser-remap-closure/,project/src/parsers/compatibility/cassandra/cassandra_dialect.cpp#kCatalogSurfaces:table_metadata
cassandra,CQL_NATIVE_PROTOCOL,catalog_overlay_surface:type_metadata,parser_declares_route_requiring_parser_remap_or_existing_sblr_binding_verification,PARSER_REMAP_ONLY,parser remap lead,public_execution_plan/final-sblr-sbsql-parser-remap-closure/,project/src/parsers/compatibility/cassandra/cassandra_dialect.cpp#kCatalogSurfaces:type_metadata
cassandra,CQL_NATIVE_PROTOCOL,catalog_overlay_surface:role_metadata,parser_declares_route_requiring_parser_remap_or_existing_sblr_binding_verification,PARSER_REMAP_ONLY,parser remap lead,public_execution_plan/final-sblr-sbsql-parser-remap-closure/,project/src/parsers/compatibility/cassandra/cassandra_dialect.cpp#kCatalogSurfaces:role_metadata
cassandra,CQL_NATIVE_PROTOCOL,catalog_overlay_surface:tracing,parser_declares_route_requiring_parser_remap_or_existing_sblr_binding_verification,PARSER_REMAP_ONLY,parser remap lead,public_execution_plan/final-sblr-sbsql-parser-remap-closure/,project/src/parsers/compatibility/cassandra/cassandra_dialect.cpp#kCatalogSurfaces:tracing
cassandra,CQL_NATIVE_PROTOCOL,catalog_overlay_surface:token_ring,parser_declares_route_requiring_parser_remap_or_existing_sblr_binding_verification,PARSER_REMAP_ONLY,parser remap lead,public_execution_plan/final-sblr-sbsql-parser-remap-closure/,project/src/parsers/compatibility/cassandra/cassandra_dialect.cpp#kCatalogSurfaces:token_ring
cassandra,CQL_NATIVE_PROTOCOL,diagnostic_surface:parse,parser_declares_route_requiring_parser_remap_or_existing_sblr_binding_verification,PARSER_REMAP_ONLY,parser remap lead,public_execution_plan/final-sblr-sbsql-parser-remap-closure/,project/src/parsers/compatibility/cassandra/cassandra_dialect.cpp#kDiagnosticSurfaces:parse
cassandra,CQL_NATIVE_PROTOCOL,diagnostic_surface:udr,parser_declares_noncluster_route_requiring_sblr_or_udr_expansion,IMPLEMENT_NONCLUSTER,sblr expansion lead,public_execution_plan/source-evidence/final-sblr-sbsql-sblr-expansion-closure/,project/src/parsers/compatibility/cassandra/cassandra_dialect.cpp#kDiagnosticSurfaces:udr
cassandra,CQL_NATIVE_PROTOCOL,diagnostic_surface:catalog,parser_declares_route_requiring_parser_remap_or_existing_sblr_binding_verification,PARSER_REMAP_ONLY,parser remap lead,public_execution_plan/final-sblr-sbsql-parser-remap-closure/,project/src/parsers/compatibility/cassandra/cassandra_dialect.cpp#kDiagnosticSurfaces:catalog
cassandra,CQL_NATIVE_PROTOCOL,diagnostic_surface:session,parser_declares_route_requiring_parser_remap_or_existing_sblr_binding_verification,PARSER_REMAP_ONLY,parser remap lead,public_execution_plan/final-sblr-sbsql-parser-remap-closure/,project/src/parsers/compatibility/cassandra/cassandra_dialect.cpp#kDiagnosticSurfaces:session
cassandra,CQL_NATIVE_PROTOCOL,diagnostic_surface:transaction,parser_declares_route_requiring_parser_remap_or_existing_sblr_binding_verification,PARSER_REMAP_ONLY,parser remap lead,public_execution_plan/final-sblr-sbsql-parser-remap-closure/,project/src/parsers/compatibility/cassandra/cassandra_dialect.cpp#kDiagnosticSurfaces:transaction
clickhouse,SQL_HTTP_NATIVE,clickhouse.security.create_user,parser_declares_noncluster_route_requiring_sblr_or_udr_expansion,IMPLEMENT_NONCLUSTER,sblr expansion lead,public_execution_plan/source-evidence/final-sblr-sbsql-sblr-expansion-closure/,project/src/parsers/compatibility/clickhouse/clickhouse_dialect.cpp#kPatterns:clickhouse.security.create_user
clickhouse,SQL_HTTP_NATIVE,clickhouse.security.alter_user,parser_declares_noncluster_route_requiring_sblr_or_udr_expansion,IMPLEMENT_NONCLUSTER,sblr expansion lead,public_execution_plan/source-evidence/final-sblr-sbsql-sblr-expansion-closure/,project/src/parsers/compatibility/clickhouse/clickhouse_dialect.cpp#kPatterns:clickhouse.security.alter_user
clickhouse,SQL_HTTP_NATIVE,clickhouse.security.drop_user,parser_declares_noncluster_route_requiring_sblr_or_udr_expansion,IMPLEMENT_NONCLUSTER,sblr expansion lead,public_execution_plan/source-evidence/final-sblr-sbsql-sblr-expansion-closure/,project/src/parsers/compatibility/clickhouse/clickhouse_dialect.cpp#kPatterns:clickhouse.security.drop_user
clickhouse,SQL_HTTP_NATIVE,clickhouse.security.create_role,parser_declares_noncluster_route_requiring_sblr_or_udr_expansion,IMPLEMENT_NONCLUSTER,sblr expansion lead,public_execution_plan/source-evidence/final-sblr-sbsql-sblr-expansion-closure/,project/src/parsers/compatibility/clickhouse/clickhouse_dialect.cpp#kPatterns:clickhouse.security.create_role
clickhouse,SQL_HTTP_NATIVE,clickhouse.security.create_row_policy,parser_declares_noncluster_route_requiring_sblr_or_udr_expansion,IMPLEMENT_NONCLUSTER,sblr expansion lead,public_execution_plan/source-evidence/final-sblr-sbsql-sblr-expansion-closure/,project/src/parsers/compatibility/clickhouse/clickhouse_dialect.cpp#kPatterns:clickhouse.security.create_row_policy
clickhouse,SQL_HTTP_NATIVE,clickhouse.security.create_quota,parser_declares_noncluster_route_requiring_sblr_or_udr_expansion,IMPLEMENT_NONCLUSTER,sblr expansion lead,public_execution_plan/source-evidence/final-sblr-sbsql-sblr-expansion-closure/,project/src/parsers/compatibility/clickhouse/clickhouse_dialect.cpp#kPatterns:clickhouse.security.create_quota
clickhouse,SQL_HTTP_NATIVE,clickhouse.security.create_settings_profile,parser_declares_noncluster_route_requiring_sblr_or_udr_expansion,IMPLEMENT_NONCLUSTER,sblr expansion lead,public_execution_plan/source-evidence/final-sblr-sbsql-sblr-expansion-closure/,project/src/parsers/compatibility/clickhouse/clickhouse_dialect.cpp#kPatterns:clickhouse.security.create_settings_profile
clickhouse,SQL_HTTP_NATIVE,clickhouse.security.grant,parser_declares_noncluster_route_requiring_sblr_or_udr_expansion,IMPLEMENT_NONCLUSTER,sblr expansion lead,public_execution_plan/source-evidence/final-sblr-sbsql-sblr-expansion-closure/,project/src/parsers/compatibility/clickhouse/clickhouse_dialect.cpp#kPatterns:clickhouse.security.grant
clickhouse,SQL_HTTP_NATIVE,clickhouse.security.revoke,parser_declares_noncluster_route_requiring_sblr_or_udr_expansion,IMPLEMENT_NONCLUSTER,sblr expansion lead,public_execution_plan/source-evidence/final-sblr-sbsql-sblr-expansion-closure/,project/src/parsers/compatibility/clickhouse/clickhouse_dialect.cpp#kPatterns:clickhouse.security.revoke
clickhouse,SQL_HTTP_NATIVE,clickhouse.routine.create_function,parser_declares_noncluster_route_requiring_sblr_or_udr_expansion,IMPLEMENT_NONCLUSTER,sblr expansion lead,public_execution_plan/source-evidence/final-sblr-sbsql-sblr-expansion-closure/,project/src/parsers/compatibility/clickhouse/clickhouse_dialect.cpp#kPatterns:clickhouse.routine.create_function
clickhouse,SQL_HTTP_NATIVE,clickhouse.maintenance.optimize,parser_declares_noncluster_route_requiring_sblr_or_udr_expansion,IMPLEMENT_NONCLUSTER,sblr expansion lead,public_execution_plan/source-evidence/final-sblr-sbsql-sblr-expansion-closure/,project/src/parsers/compatibility/clickhouse/clickhouse_dialect.cpp#kPatterns:clickhouse.maintenance.optimize
clickhouse,SQL_HTTP_NATIVE,clickhouse.maintenance.check_table,parser_declares_noncluster_route_requiring_sblr_or_udr_expansion,IMPLEMENT_NONCLUSTER,sblr expansion lead,public_execution_plan/source-evidence/final-sblr-sbsql-sblr-expansion-closure/,project/src/parsers/compatibility/clickhouse/clickhouse_dialect.cpp#kPatterns:clickhouse.maintenance.check_table
clickhouse,SQL_HTTP_NATIVE,clickhouse.ddl.exchange,parser_declares_route_requiring_parser_remap_or_existing_sblr_binding_verification,PARSER_REMAP_ONLY,parser remap lead,public_execution_plan/final-sblr-sbsql-parser-remap-closure/,project/src/parsers/compatibility/clickhouse/clickhouse_dialect.cpp#kPatterns:clickhouse.ddl.exchange
clickhouse,SQL_HTTP_NATIVE,clickhouse.ddl.rename,parser_declares_route_requiring_parser_remap_or_existing_sblr_binding_verification,PARSER_REMAP_ONLY,parser remap lead,public_execution_plan/final-sblr-sbsql-parser-remap-closure/,project/src/parsers/compatibility/clickhouse/clickhouse_dialect.cpp#kPatterns:clickhouse.ddl.rename
clickhouse,SQL_HTTP_NATIVE,clickhouse.ddl.truncate,parser_declares_route_requiring_parser_remap_or_existing_sblr_binding_verification,PARSER_REMAP_ONLY,parser remap lead,public_execution_plan/final-sblr-sbsql-parser-remap-closure/,project/src/parsers/compatibility/clickhouse/clickhouse_dialect.cpp#kPatterns:clickhouse.ddl.truncate
clickhouse,SQL_HTTP_NATIVE,clickhouse.optimizer.explain,parser_declares_route_requiring_parser_remap_or_existing_sblr_binding_verification,PARSER_REMAP_ONLY,parser remap lead,public_execution_plan/final-sblr-sbsql-parser-remap-closure/,project/src/parsers/compatibility/clickhouse/clickhouse_dialect.cpp#kPatterns:clickhouse.optimizer.explain
clickhouse,SQL_HTTP_NATIVE,clickhouse.catalog_overlay.describe,parser_declares_route_requiring_parser_remap_or_existing_sblr_binding_verification,PARSER_REMAP_ONLY,parser remap lead,public_execution_plan/final-sblr-sbsql-parser-remap-closure/,project/src/parsers/compatibility/clickhouse/clickhouse_dialect.cpp#kPatterns:clickhouse.catalog_overlay.describe
clickhouse,SQL_HTTP_NATIVE,clickhouse.catalog_overlay.desc,parser_declares_route_requiring_parser_remap_or_existing_sblr_binding_verification,PARSER_REMAP_ONLY,parser remap lead,public_execution_plan/final-sblr-sbsql-parser-remap-closure/,project/src/parsers/compatibility/clickhouse/clickhouse_dialect.cpp#kPatterns:clickhouse.catalog_overlay.desc
clickhouse,SQL_HTTP_NATIVE,clickhouse.catalog_overlay.show,parser_declares_route_requiring_parser_remap_or_existing_sblr_binding_verification,PARSER_REMAP_ONLY,parser remap lead,public_execution_plan/final-sblr-sbsql-parser-remap-closure/,project/src/parsers/compatibility/clickhouse/clickhouse_dialect.cpp#kPatterns:clickhouse.catalog_overlay.show
clickhouse,SQL_HTTP_NATIVE,clickhouse.session.use_database,parser_declares_route_requiring_parser_remap_or_existing_sblr_binding_verification,PARSER_REMAP_ONLY,parser remap lead,public_execution_plan/final-sblr-sbsql-parser-remap-closure/,project/src/parsers/compatibility/clickhouse/clickhouse_dialect.cpp#kPatterns:clickhouse.session.use_database
clickhouse,SQL_HTTP_NATIVE,clickhouse.session.set,parser_declares_route_requiring_parser_remap_or_existing_sblr_binding_verification,PARSER_REMAP_ONLY,parser remap lead,public_execution_plan/final-sblr-sbsql-parser-remap-closure/,project/src/parsers/compatibility/clickhouse/clickhouse_dialect.cpp#kPatterns:clickhouse.session.set
clickhouse,SQL_HTTP_NATIVE,clickhouse.transaction.begin,parser_declares_route_requiring_parser_remap_or_existing_sblr_binding_verification,PARSER_REMAP_ONLY,parser remap lead,public_execution_plan/final-sblr-sbsql-parser-remap-closure/,project/src/parsers/compatibility/clickhouse/clickhouse_dialect.cpp#kPatterns:clickhouse.transaction.begin
clickhouse,SQL_HTTP_NATIVE,clickhouse.transaction.commit,parser_declares_route_requiring_parser_remap_or_existing_sblr_binding_verification,PARSER_REMAP_ONLY,parser remap lead,public_execution_plan/final-sblr-sbsql-parser-remap-closure/,project/src/parsers/compatibility/clickhouse/clickhouse_dialect.cpp#kPatterns:clickhouse.transaction.commit
clickhouse,SQL_HTTP_NATIVE,clickhouse.transaction.rollback,parser_declares_route_requiring_parser_remap_or_existing_sblr_binding_verification,PARSER_REMAP_ONLY,parser remap lead,public_execution_plan/final-sblr-sbsql-parser-remap-closure/,project/src/parsers/compatibility/clickhouse/clickhouse_dialect.cpp#kPatterns:clickhouse.transaction.rollback
clickhouse,SQL_HTTP_NATIVE,clickhouse.ddl.create,parser_declares_route_requiring_parser_remap_or_existing_sblr_binding_verification,PARSER_REMAP_ONLY,parser remap lead,public_execution_plan/final-sblr-sbsql-parser-remap-closure/,project/src/parsers/compatibility/clickhouse/clickhouse_dialect.cpp#kPatterns:clickhouse.ddl.create
clickhouse,SQL_HTTP_NATIVE,clickhouse.ddl.alter,parser_declares_route_requiring_parser_remap_or_existing_sblr_binding_verification,PARSER_REMAP_ONLY,parser remap lead,public_execution_plan/final-sblr-sbsql-parser-remap-closure/,project/src/parsers/compatibility/clickhouse/clickhouse_dialect.cpp#kPatterns:clickhouse.ddl.alter
clickhouse,SQL_HTTP_NATIVE,clickhouse.ddl.drop,parser_declares_route_requiring_parser_remap_or_existing_sblr_binding_verification,PARSER_REMAP_ONLY,parser remap lead,public_execution_plan/final-sblr-sbsql-parser-remap-closure/,project/src/parsers/compatibility/clickhouse/clickhouse_dialect.cpp#kPatterns:clickhouse.ddl.drop
clickhouse,SQL_HTTP_NATIVE,clickhouse.dml.insert,parser_declares_route_requiring_parser_remap_or_existing_sblr_binding_verification,PARSER_REMAP_ONLY,parser remap lead,public_execution_plan/final-sblr-sbsql-parser-remap-closure/,project/src/parsers/compatibility/clickhouse/clickhouse_dialect.cpp#kPatterns:clickhouse.dml.insert
clickhouse,SQL_HTTP_NATIVE,clickhouse.dml.update,parser_declares_route_requiring_parser_remap_or_existing_sblr_binding_verification,PARSER_REMAP_ONLY,parser remap lead,public_execution_plan/final-sblr-sbsql-parser-remap-closure/,project/src/parsers/compatibility/clickhouse/clickhouse_dialect.cpp#kPatterns:clickhouse.dml.update
clickhouse,SQL_HTTP_NATIVE,clickhouse.dml.delete,parser_declares_route_requiring_parser_remap_or_existing_sblr_binding_verification,PARSER_REMAP_ONLY,parser remap lead,public_execution_plan/final-sblr-sbsql-parser-remap-closure/,project/src/parsers/compatibility/clickhouse/clickhouse_dialect.cpp#kPatterns:clickhouse.dml.delete
clickhouse,SQL_HTTP_NATIVE,clickhouse.query.select,parser_declares_route_requiring_parser_remap_or_existing_sblr_binding_verification,PARSER_REMAP_ONLY,parser remap lead,public_execution_plan/final-sblr-sbsql-parser-remap-closure/,project/src/parsers/compatibility/clickhouse/clickhouse_dialect.cpp#kPatterns:clickhouse.query.select
clickhouse,SQL_HTTP_NATIVE,clickhouse.query.with,parser_declares_route_requiring_parser_remap_or_existing_sblr_binding_verification,PARSER_REMAP_ONLY,parser remap lead,public_execution_plan/final-sblr-sbsql-parser-remap-closure/,project/src/parsers/compatibility/clickhouse/clickhouse_dialect.cpp#kPatterns:clickhouse.query.with
clickhouse,SQL_HTTP_NATIVE,datatype_surface:arrays,parser_declares_noncluster_route_requiring_sblr_or_udr_expansion,IMPLEMENT_NONCLUSTER,sblr expansion lead,public_execution_plan/source-evidence/final-sblr-sbsql-sblr-expansion-closure/,project/src/parsers/compatibility/clickhouse/clickhouse_dialect.cpp#kDatatypeSurfaces:arrays
clickhouse,SQL_HTTP_NATIVE,datatype_surface:variant,parser_declares_noncluster_route_requiring_sblr_or_udr_expansion,IMPLEMENT_NONCLUSTER,sblr expansion lead,public_execution_plan/source-evidence/final-sblr-sbsql-sblr-expansion-closure/,project/src/parsers/compatibility/clickhouse/clickhouse_dialect.cpp#kDatatypeSurfaces:variant
clickhouse,SQL_HTTP_NATIVE,datatype_surface:aggregate_state,parser_declares_noncluster_route_requiring_sblr_or_udr_expansion,IMPLEMENT_NONCLUSTER,sblr expansion lead,public_execution_plan/source-evidence/final-sblr-sbsql-sblr-expansion-closure/,project/src/parsers/compatibility/clickhouse/clickhouse_dialect.cpp#kDatatypeSurfaces:aggregate_state
clickhouse,SQL_HTTP_NATIVE,datatype_surface:geo,parser_declares_noncluster_route_requiring_sblr_or_udr_expansion,IMPLEMENT_NONCLUSTER,sblr expansion lead,public_execution_plan/source-evidence/final-sblr-sbsql-sblr-expansion-closure/,project/src/parsers/compatibility/clickhouse/clickhouse_dialect.cpp#kDatatypeSurfaces:geo
clickhouse,SQL_HTTP_NATIVE,builtin_function_surface:aggregate,parser_declares_route_requiring_parser_remap_or_existing_sblr_binding_verification,PARSER_REMAP_ONLY,parser remap lead,public_execution_plan/final-sblr-sbsql-parser-remap-closure/,project/src/parsers/compatibility/clickhouse/clickhouse_dialect.cpp#kBuiltinSurfaces:aggregate
clickhouse,SQL_HTTP_NATIVE,builtin_function_surface:array,parser_declares_noncluster_route_requiring_sblr_or_udr_expansion,IMPLEMENT_NONCLUSTER,sblr expansion lead,public_execution_plan/source-evidence/final-sblr-sbsql-sblr-expansion-closure/,project/src/parsers/compatibility/clickhouse/clickhouse_dialect.cpp#kBuiltinSurfaces:array
clickhouse,SQL_HTTP_NATIVE,builtin_function_surface:window,parser_declares_route_requiring_parser_remap_or_existing_sblr_binding_verification,PARSER_REMAP_ONLY,parser remap lead,public_execution_plan/final-sblr-sbsql-parser-remap-closure/,project/src/parsers/compatibility/clickhouse/clickhouse_dialect.cpp#kBuiltinSurfaces:window
clickhouse,SQL_HTTP_NATIVE,builtin_function_surface:string,parser_declares_route_requiring_parser_remap_or_existing_sblr_binding_verification,PARSER_REMAP_ONLY,parser remap lead,public_execution_plan/final-sblr-sbsql-parser-remap-closure/,project/src/parsers/compatibility/clickhouse/clickhouse_dialect.cpp#kBuiltinSurfaces:string
clickhouse,SQL_HTTP_NATIVE,builtin_function_surface:numeric,parser_declares_route_requiring_parser_remap_or_existing_sblr_binding_verification,PARSER_REMAP_ONLY,parser remap lead,public_execution_plan/final-sblr-sbsql-parser-remap-closure/,project/src/parsers/compatibility/clickhouse/clickhouse_dialect.cpp#kBuiltinSurfaces:numeric
clickhouse,SQL_HTTP_NATIVE,builtin_function_surface:temporal,parser_declares_route_requiring_parser_remap_or_existing_sblr_binding_verification,PARSER_REMAP_ONLY,parser remap lead,public_execution_plan/final-sblr-sbsql-parser-remap-closure/,project/src/parsers/compatibility/clickhouse/clickhouse_dialect.cpp#kBuiltinSurfaces:temporal
clickhouse,SQL_HTTP_NATIVE,builtin_function_surface:json,parser_declares_noncluster_route_requiring_sblr_or_udr_expansion,IMPLEMENT_NONCLUSTER,sblr expansion lead,public_execution_plan/source-evidence/final-sblr-sbsql-sblr-expansion-closure/,project/src/parsers/compatibility/clickhouse/clickhouse_dialect.cpp#kBuiltinSurfaces:json
clickhouse,SQL_HTTP_NATIVE,builtin_function_surface:hashing,parser_declares_route_requiring_parser_remap_or_existing_sblr_binding_verification,PARSER_REMAP_ONLY,parser remap lead,public_execution_plan/final-sblr-sbsql-parser-remap-closure/,project/src/parsers/compatibility/clickhouse/clickhouse_dialect.cpp#kBuiltinSurfaces:hashing
clickhouse,SQL_HTTP_NATIVE,builtin_function_surface:url_ip,parser_declares_route_requiring_parser_remap_or_existing_sblr_binding_verification,PARSER_REMAP_ONLY,parser remap lead,public_execution_plan/final-sblr-sbsql-parser-remap-closure/,project/src/parsers/compatibility/clickhouse/clickhouse_dialect.cpp#kBuiltinSurfaces:url_ip
clickhouse,SQL_HTTP_NATIVE,builtin_function_surface:dictionary,parser_declares_noncluster_route_requiring_sblr_or_udr_expansion,IMPLEMENT_NONCLUSTER,sblr expansion lead,public_execution_plan/source-evidence/final-sblr-sbsql-sblr-expansion-closure/,project/src/parsers/compatibility/clickhouse/clickhouse_dialect.cpp#kBuiltinSurfaces:dictionary
clickhouse,SQL_HTTP_NATIVE,catalog_overlay_surface:system_tables,parser_declares_route_requiring_parser_remap_or_existing_sblr_binding_verification,PARSER_REMAP_ONLY,parser remap lead,public_execution_plan/final-sblr-sbsql-parser-remap-closure/,project/src/parsers/compatibility/clickhouse/clickhouse_dialect.cpp#kCatalogSurfaces:system_tables
clickhouse,SQL_HTTP_NATIVE,catalog_overlay_surface:system_query,parser_declares_route_requiring_parser_remap_or_existing_sblr_binding_verification,PARSER_REMAP_ONLY,parser remap lead,public_execution_plan/final-sblr-sbsql-parser-remap-closure/,project/src/parsers/compatibility/clickhouse/clickhouse_dialect.cpp#kCatalogSurfaces:system_query
clickhouse,SQL_HTTP_NATIVE,catalog_overlay_surface:information_schema,parser_declares_route_requiring_parser_remap_or_existing_sblr_binding_verification,PARSER_REMAP_ONLY,parser remap lead,public_execution_plan/final-sblr-sbsql-parser-remap-closure/,project/src/parsers/compatibility/clickhouse/clickhouse_dialect.cpp#kCatalogSurfaces:information_schema
clickhouse,SQL_HTTP_NATIVE,catalog_overlay_surface:settings,parser_declares_route_requiring_parser_remap_or_existing_sblr_binding_verification,PARSER_REMAP_ONLY,parser remap lead,public_execution_plan/final-sblr-sbsql-parser-remap-closure/,project/src/parsers/compatibility/clickhouse/clickhouse_dialect.cpp#kCatalogSurfaces:settings
clickhouse,SQL_HTTP_NATIVE,catalog_overlay_surface:dictionaries,parser_declares_noncluster_route_requiring_sblr_or_udr_expansion,IMPLEMENT_NONCLUSTER,sblr expansion lead,public_execution_plan/source-evidence/final-sblr-sbsql-sblr-expansion-closure/,project/src/parsers/compatibility/clickhouse/clickhouse_dialect.cpp#kCatalogSurfaces:dictionaries
clickhouse,SQL_HTTP_NATIVE,catalog_overlay_surface:functions,parser_declares_route_requiring_parser_remap_or_existing_sblr_binding_verification,PARSER_REMAP_ONLY,parser remap lead,public_execution_plan/final-sblr-sbsql-parser-remap-closure/,project/src/parsers/compatibility/clickhouse/clickhouse_dialect.cpp#kCatalogSurfaces:functions
clickhouse,SQL_HTTP_NATIVE,diagnostic_surface:parse,parser_declares_route_requiring_parser_remap_or_existing_sblr_binding_verification,PARSER_REMAP_ONLY,parser remap lead,public_execution_plan/final-sblr-sbsql-parser-remap-closure/,project/src/parsers/compatibility/clickhouse/clickhouse_dialect.cpp#kDiagnosticSurfaces:parse
clickhouse,SQL_HTTP_NATIVE,diagnostic_surface:security,parser_declares_noncluster_route_requiring_sblr_or_udr_expansion,IMPLEMENT_NONCLUSTER,sblr expansion lead,public_execution_plan/source-evidence/final-sblr-sbsql-sblr-expansion-closure/,project/src/parsers/compatibility/clickhouse/clickhouse_dialect.cpp#kDiagnosticSurfaces:security
clickhouse,SQL_HTTP_NATIVE,diagnostic_surface:routine,parser_declares_noncluster_route_requiring_sblr_or_udr_expansion,IMPLEMENT_NONCLUSTER,sblr expansion lead,public_execution_plan/source-evidence/final-sblr-sbsql-sblr-expansion-closure/,project/src/parsers/compatibility/clickhouse/clickhouse_dialect.cpp#kDiagnosticSurfaces:routine
clickhouse,SQL_HTTP_NATIVE,diagnostic_surface:maintenance,parser_declares_noncluster_route_requiring_sblr_or_udr_expansion,IMPLEMENT_NONCLUSTER,sblr expansion lead,public_execution_plan/source-evidence/final-sblr-sbsql-sblr-expansion-closure/,project/src/parsers/compatibility/clickhouse/clickhouse_dialect.cpp#kDiagnosticSurfaces:maintenance
cockroachdb,POSTGRESQL_COMPATIBLE_SQL,cockroachdb.catalog_overlay.show_ranges,parser_declares_route_requiring_parser_remap_or_existing_sblr_binding_verification,PARSER_REMAP_ONLY,parser remap lead,public_execution_plan/final-sblr-sbsql-parser-remap-closure/,project/src/parsers/compatibility/cockroachdb/cockroachdb_dialect.cpp#kPatterns:cockroachdb.catalog_overlay.show_ranges
cockroachdb,POSTGRESQL_COMPATIBLE_SQL,cockroachdb.catalog_overlay.show_jobs,parser_declares_route_requiring_parser_remap_or_existing_sblr_binding_verification,PARSER_REMAP_ONLY,parser remap lead,public_execution_plan/final-sblr-sbsql-parser-remap-closure/,project/src/parsers/compatibility/cockroachdb/cockroachdb_dialect.cpp#kPatterns:cockroachdb.catalog_overlay.show_jobs
cockroachdb,POSTGRESQL_COMPATIBLE_SQL,cockroachdb.zone_config.alter_range,parser_declares_noncluster_route_requiring_sblr_or_udr_expansion,IMPLEMENT_NONCLUSTER,sblr expansion lead,public_execution_plan/source-evidence/final-sblr-sbsql-sblr-expansion-closure/,project/src/parsers/compatibility/cockroachdb/cockroachdb_dialect.cpp#kPatterns:cockroachdb.zone_config.alter_range
cockroachdb,POSTGRESQL_COMPATIBLE_SQL,cockroachdb.ddl.alter_table,parser_declares_route_requiring_parser_remap_or_existing_sblr_binding_verification,PARSER_REMAP_ONLY,parser remap lead,public_execution_plan/final-sblr-sbsql-parser-remap-closure/,project/src/parsers/compatibility/cockroachdb/cockroachdb_dialect.cpp#kPatterns:cockroachdb.ddl.alter_table
cockroachdb,POSTGRESQL_COMPATIBLE_SQL,cockroachdb.catalog_overlay.crdb_internal,parser_declares_route_requiring_parser_remap_or_existing_sblr_binding_verification,PARSER_REMAP_ONLY,parser remap lead,public_execution_plan/final-sblr-sbsql-parser-remap-closure/,project/src/parsers/compatibility/cockroachdb/cockroachdb_dialect.cpp#kPatterns:cockroachdb.catalog_overlay.crdb_internal
cockroachdb,POSTGRESQL_COMPATIBLE_SQL,cockroachdb.bulk_io.copy,parser_declares_noncluster_route_requiring_sblr_or_udr_expansion,IMPLEMENT_NONCLUSTER,sblr expansion lead,public_execution_plan/source-evidence/final-sblr-sbsql-sblr-expansion-closure/,project/src/parsers/compatibility/cockroachdb/cockroachdb_dialect.cpp#kPatterns:cockroachdb.bulk_io.copy
cockroachdb,POSTGRESQL_COMPATIBLE_SQL,cockroachdb.security.create_role,parser_declares_noncluster_route_requiring_sblr_or_udr_expansion,IMPLEMENT_NONCLUSTER,sblr expansion lead,public_execution_plan/source-evidence/final-sblr-sbsql-sblr-expansion-closure/,project/src/parsers/compatibility/cockroachdb/cockroachdb_dialect.cpp#kPatterns:cockroachdb.security.create_role
cockroachdb,POSTGRESQL_COMPATIBLE_SQL,cockroachdb.security.alter_role,parser_declares_noncluster_route_requiring_sblr_or_udr_expansion,IMPLEMENT_NONCLUSTER,sblr expansion lead,public_execution_plan/source-evidence/final-sblr-sbsql-sblr-expansion-closure/,project/src/parsers/compatibility/cockroachdb/cockroachdb_dialect.cpp#kPatterns:cockroachdb.security.alter_role
cockroachdb,POSTGRESQL_COMPATIBLE_SQL,cockroachdb.security.drop_role,parser_declares_noncluster_route_requiring_sblr_or_udr_expansion,IMPLEMENT_NONCLUSTER,sblr expansion lead,public_execution_plan/source-evidence/final-sblr-sbsql-sblr-expansion-closure/,project/src/parsers/compatibility/cockroachdb/cockroachdb_dialect.cpp#kPatterns:cockroachdb.security.drop_role
cockroachdb,POSTGRESQL_COMPATIBLE_SQL,cockroachdb.security.grant,parser_declares_noncluster_route_requiring_sblr_or_udr_expansion,IMPLEMENT_NONCLUSTER,sblr expansion lead,public_execution_plan/source-evidence/final-sblr-sbsql-sblr-expansion-closure/,project/src/parsers/compatibility/cockroachdb/cockroachdb_dialect.cpp#kPatterns:cockroachdb.security.grant
cockroachdb,POSTGRESQL_COMPATIBLE_SQL,cockroachdb.security.revoke,parser_declares_noncluster_route_requiring_sblr_or_udr_expansion,IMPLEMENT_NONCLUSTER,sblr expansion lead,public_execution_plan/source-evidence/final-sblr-sbsql-sblr-expansion-closure/,project/src/parsers/compatibility/cockroachdb/cockroachdb_dialect.cpp#kPatterns:cockroachdb.security.revoke
cockroachdb,POSTGRESQL_COMPATIBLE_SQL,cockroachdb.lifecycle.create_database,parser_declares_route_requiring_parser_remap_or_existing_sblr_binding_verification,PARSER_REMAP_ONLY,parser remap lead,public_execution_plan/final-sblr-sbsql-parser-remap-closure/,project/src/parsers/compatibility/cockroachdb/cockroachdb_dialect.cpp#kPatterns:cockroachdb.lifecycle.create_database
cockroachdb,POSTGRESQL_COMPATIBLE_SQL,cockroachdb.lifecycle.drop_database,parser_declares_route_requiring_parser_remap_or_existing_sblr_binding_verification,PARSER_REMAP_ONLY,parser remap lead,public_execution_plan/final-sblr-sbsql-parser-remap-closure/,project/src/parsers/compatibility/cockroachdb/cockroachdb_dialect.cpp#kPatterns:cockroachdb.lifecycle.drop_database
cockroachdb,POSTGRESQL_COMPATIBLE_SQL,cockroachdb.catalog_overlay.show,parser_declares_route_requiring_parser_remap_or_existing_sblr_binding_verification,PARSER_REMAP_ONLY,parser remap lead,public_execution_plan/final-sblr-sbsql-parser-remap-closure/,project/src/parsers/compatibility/cockroachdb/cockroachdb_dialect.cpp#kPatterns:cockroachdb.catalog_overlay.show
cockroachdb,POSTGRESQL_COMPATIBLE_SQL,cockroachdb.optimizer.explain,parser_declares_route_requiring_parser_remap_or_existing_sblr_binding_verification,PARSER_REMAP_ONLY,parser remap lead,public_execution_plan/final-sblr-sbsql-parser-remap-closure/,project/src/parsers/compatibility/cockroachdb/cockroachdb_dialect.cpp#kPatterns:cockroachdb.optimizer.explain
cockroachdb,POSTGRESQL_COMPATIBLE_SQL,cockroachdb.session.set,parser_declares_route_requiring_parser_remap_or_existing_sblr_binding_verification,PARSER_REMAP_ONLY,parser remap lead,public_execution_plan/final-sblr-sbsql-parser-remap-closure/,project/src/parsers/compatibility/cockroachdb/cockroachdb_dialect.cpp#kPatterns:cockroachdb.session.set
cockroachdb,POSTGRESQL_COMPATIBLE_SQL,cockroachdb.session.reset,parser_declares_route_requiring_parser_remap_or_existing_sblr_binding_verification,PARSER_REMAP_ONLY,parser remap lead,public_execution_plan/final-sblr-sbsql-parser-remap-closure/,project/src/parsers/compatibility/cockroachdb/cockroachdb_dialect.cpp#kPatterns:cockroachdb.session.reset
cockroachdb,POSTGRESQL_COMPATIBLE_SQL,cockroachdb.prepared.prepare,parser_declares_route_requiring_parser_remap_or_existing_sblr_binding_verification,PARSER_REMAP_ONLY,parser remap lead,public_execution_plan/final-sblr-sbsql-parser-remap-closure/,project/src/parsers/compatibility/cockroachdb/cockroachdb_dialect.cpp#kPatterns:cockroachdb.prepared.prepare
cockroachdb,POSTGRESQL_COMPATIBLE_SQL,cockroachdb.prepared.execute,parser_declares_route_requiring_parser_remap_or_existing_sblr_binding_verification,PARSER_REMAP_ONLY,parser remap lead,public_execution_plan/final-sblr-sbsql-parser-remap-closure/,project/src/parsers/compatibility/cockroachdb/cockroachdb_dialect.cpp#kPatterns:cockroachdb.prepared.execute
cockroachdb,POSTGRESQL_COMPATIBLE_SQL,cockroachdb.prepared.deallocate,parser_declares_route_requiring_parser_remap_or_existing_sblr_binding_verification,PARSER_REMAP_ONLY,parser remap lead,public_execution_plan/final-sblr-sbsql-parser-remap-closure/,project/src/parsers/compatibility/cockroachdb/cockroachdb_dialect.cpp#kPatterns:cockroachdb.prepared.deallocate
cockroachdb,POSTGRESQL_COMPATIBLE_SQL,cockroachdb.ddl.create,parser_declares_route_requiring_parser_remap_or_existing_sblr_binding_verification,PARSER_REMAP_ONLY,parser remap lead,public_execution_plan/final-sblr-sbsql-parser-remap-closure/,project/src/parsers/compatibility/cockroachdb/cockroachdb_dialect.cpp#kPatterns:cockroachdb.ddl.create
cockroachdb,POSTGRESQL_COMPATIBLE_SQL,cockroachdb.ddl.alter,parser_declares_route_requiring_parser_remap_or_existing_sblr_binding_verification,PARSER_REMAP_ONLY,parser remap lead,public_execution_plan/final-sblr-sbsql-parser-remap-closure/,project/src/parsers/compatibility/cockroachdb/cockroachdb_dialect.cpp#kPatterns:cockroachdb.ddl.alter
cockroachdb,POSTGRESQL_COMPATIBLE_SQL,cockroachdb.ddl.drop,parser_declares_route_requiring_parser_remap_or_existing_sblr_binding_verification,PARSER_REMAP_ONLY,parser remap lead,public_execution_plan/final-sblr-sbsql-parser-remap-closure/,project/src/parsers/compatibility/cockroachdb/cockroachdb_dialect.cpp#kPatterns:cockroachdb.ddl.drop
cockroachdb,POSTGRESQL_COMPATIBLE_SQL,cockroachdb.ddl.truncate,parser_declares_route_requiring_parser_remap_or_existing_sblr_binding_verification,PARSER_REMAP_ONLY,parser remap lead,public_execution_plan/final-sblr-sbsql-parser-remap-closure/,project/src/parsers/compatibility/cockroachdb/cockroachdb_dialect.cpp#kPatterns:cockroachdb.ddl.truncate
cockroachdb,POSTGRESQL_COMPATIBLE_SQL,cockroachdb.dml.merge,parser_declares_route_requiring_parser_remap_or_existing_sblr_binding_verification,PARSER_REMAP_ONLY,parser remap lead,public_execution_plan/final-sblr-sbsql-parser-remap-closure/,project/src/parsers/compatibility/cockroachdb/cockroachdb_dialect.cpp#kPatterns:cockroachdb.dml.merge
cockroachdb,POSTGRESQL_COMPATIBLE_SQL,cockroachdb.dml.insert,parser_declares_route_requiring_parser_remap_or_existing_sblr_binding_verification,PARSER_REMAP_ONLY,parser remap lead,public_execution_plan/final-sblr-sbsql-parser-remap-closure/,project/src/parsers/compatibility/cockroachdb/cockroachdb_dialect.cpp#kPatterns:cockroachdb.dml.insert
cockroachdb,POSTGRESQL_COMPATIBLE_SQL,cockroachdb.dml.update,parser_declares_route_requiring_parser_remap_or_existing_sblr_binding_verification,PARSER_REMAP_ONLY,parser remap lead,public_execution_plan/final-sblr-sbsql-parser-remap-closure/,project/src/parsers/compatibility/cockroachdb/cockroachdb_dialect.cpp#kPatterns:cockroachdb.dml.update
cockroachdb,POSTGRESQL_COMPATIBLE_SQL,cockroachdb.dml.delete,parser_declares_route_requiring_parser_remap_or_existing_sblr_binding_verification,PARSER_REMAP_ONLY,parser remap lead,public_execution_plan/final-sblr-sbsql-parser-remap-closure/,project/src/parsers/compatibility/cockroachdb/cockroachdb_dialect.cpp#kPatterns:cockroachdb.dml.delete
cockroachdb,POSTGRESQL_COMPATIBLE_SQL,cockroachdb.query.select,parser_declares_route_requiring_parser_remap_or_existing_sblr_binding_verification,PARSER_REMAP_ONLY,parser remap lead,public_execution_plan/final-sblr-sbsql-parser-remap-closure/,project/src/parsers/compatibility/cockroachdb/cockroachdb_dialect.cpp#kPatterns:cockroachdb.query.select
cockroachdb,POSTGRESQL_COMPATIBLE_SQL,cockroachdb.query.with,parser_declares_route_requiring_parser_remap_or_existing_sblr_binding_verification,PARSER_REMAP_ONLY,parser remap lead,public_execution_plan/final-sblr-sbsql-parser-remap-closure/,project/src/parsers/compatibility/cockroachdb/cockroachdb_dialect.cpp#kPatterns:cockroachdb.query.with
cockroachdb,POSTGRESQL_COMPATIBLE_SQL,cockroachdb.transaction.start,parser_declares_route_requiring_parser_remap_or_existing_sblr_binding_verification,PARSER_REMAP_ONLY,parser remap lead,public_execution_plan/final-sblr-sbsql-parser-remap-closure/,project/src/parsers/compatibility/cockroachdb/cockroachdb_dialect.cpp#kPatterns:cockroachdb.transaction.start
cockroachdb,POSTGRESQL_COMPATIBLE_SQL,cockroachdb.transaction.begin,parser_declares_route_requiring_parser_remap_or_existing_sblr_binding_verification,PARSER_REMAP_ONLY,parser remap lead,public_execution_plan/final-sblr-sbsql-parser-remap-closure/,project/src/parsers/compatibility/cockroachdb/cockroachdb_dialect.cpp#kPatterns:cockroachdb.transaction.begin
cockroachdb,POSTGRESQL_COMPATIBLE_SQL,cockroachdb.transaction.commit,parser_declares_route_requiring_parser_remap_or_existing_sblr_binding_verification,PARSER_REMAP_ONLY,parser remap lead,public_execution_plan/final-sblr-sbsql-parser-remap-closure/,project/src/parsers/compatibility/cockroachdb/cockroachdb_dialect.cpp#kPatterns:cockroachdb.transaction.commit
cockroachdb,POSTGRESQL_COMPATIBLE_SQL,cockroachdb.transaction.rollback,parser_declares_route_requiring_parser_remap_or_existing_sblr_binding_verification,PARSER_REMAP_ONLY,parser remap lead,public_execution_plan/final-sblr-sbsql-parser-remap-closure/,project/src/parsers/compatibility/cockroachdb/cockroachdb_dialect.cpp#kPatterns:cockroachdb.transaction.rollback
cockroachdb,POSTGRESQL_COMPATIBLE_SQL,cockroachdb.transaction.savepoint,parser_declares_route_requiring_parser_remap_or_existing_sblr_binding_verification,PARSER_REMAP_ONLY,parser remap lead,public_execution_plan/final-sblr-sbsql-parser-remap-closure/,project/src/parsers/compatibility/cockroachdb/cockroachdb_dialect.cpp#kPatterns:cockroachdb.transaction.savepoint
cockroachdb,POSTGRESQL_COMPATIBLE_SQL,cockroachdb.transaction.release_savepoint,parser_declares_route_requiring_parser_remap_or_existing_sblr_binding_verification,PARSER_REMAP_ONLY,parser remap lead,public_execution_plan/final-sblr-sbsql-parser-remap-closure/,project/src/parsers/compatibility/cockroachdb/cockroachdb_dialect.cpp#kPatterns:cockroachdb.transaction.release_savepoint
cockroachdb,POSTGRESQL_COMPATIBLE_SQL,datatype_surface:spatial,parser_declares_noncluster_route_requiring_sblr_or_udr_expansion,IMPLEMENT_NONCLUSTER,sblr expansion lead,public_execution_plan/source-evidence/final-sblr-sbsql-sblr-expansion-closure/,project/src/parsers/compatibility/cockroachdb/cockroachdb_dialect.cpp#kDatatypeSurfaces:spatial
cockroachdb,POSTGRESQL_COMPATIBLE_SQL,datatype_surface:enum,parser_declares_route_requiring_parser_remap_or_existing_sblr_binding_verification,PARSER_REMAP_ONLY,parser remap lead,public_execution_plan/final-sblr-sbsql-parser-remap-closure/,project/src/parsers/compatibility/cockroachdb/cockroachdb_dialect.cpp#kDatatypeSurfaces:enum
cockroachdb,POSTGRESQL_COMPATIBLE_SQL,datatype_surface:collated_string,parser_declares_route_requiring_parser_remap_or_existing_sblr_binding_verification,PARSER_REMAP_ONLY,parser remap lead,public_execution_plan/final-sblr-sbsql-parser-remap-closure/,project/src/parsers/compatibility/cockroachdb/cockroachdb_dialect.cpp#kDatatypeSurfaces:collated_string
cockroachdb,POSTGRESQL_COMPATIBLE_SQL,builtin_function_surface:aggregate,parser_declares_route_requiring_parser_remap_or_existing_sblr_binding_verification,PARSER_REMAP_ONLY,parser remap lead,public_execution_plan/final-sblr-sbsql-parser-remap-closure/,project/src/parsers/compatibility/cockroachdb/cockroachdb_dialect.cpp#kBuiltinSurfaces:aggregate
cockroachdb,POSTGRESQL_COMPATIBLE_SQL,builtin_function_surface:window,parser_declares_route_requiring_parser_remap_or_existing_sblr_binding_verification,PARSER_REMAP_ONLY,parser remap lead,public_execution_plan/final-sblr-sbsql-parser-remap-closure/,project/src/parsers/compatibility/cockroachdb/cockroachdb_dialect.cpp#kBuiltinSurfaces:window
cockroachdb,POSTGRESQL_COMPATIBLE_SQL,builtin_function_surface:string,parser_declares_route_requiring_parser_remap_or_existing_sblr_binding_verification,PARSER_REMAP_ONLY,parser remap lead,public_execution_plan/final-sblr-sbsql-parser-remap-closure/,project/src/parsers/compatibility/cockroachdb/cockroachdb_dialect.cpp#kBuiltinSurfaces:string
cockroachdb,POSTGRESQL_COMPATIBLE_SQL,builtin_function_surface:numeric,parser_declares_route_requiring_parser_remap_or_existing_sblr_binding_verification,PARSER_REMAP_ONLY,parser remap lead,public_execution_plan/final-sblr-sbsql-parser-remap-closure/,project/src/parsers/compatibility/cockroachdb/cockroachdb_dialect.cpp#kBuiltinSurfaces:numeric
cockroachdb,POSTGRESQL_COMPATIBLE_SQL,builtin_function_surface:temporal,parser_declares_route_requiring_parser_remap_or_existing_sblr_binding_verification,PARSER_REMAP_ONLY,parser remap lead,public_execution_plan/final-sblr-sbsql-parser-remap-closure/,project/src/parsers/compatibility/cockroachdb/cockroachdb_dialect.cpp#kBuiltinSurfaces:temporal
cockroachdb,POSTGRESQL_COMPATIBLE_SQL,builtin_function_surface:json,parser_declares_noncluster_route_requiring_sblr_or_udr_expansion,IMPLEMENT_NONCLUSTER,sblr expansion lead,public_execution_plan/source-evidence/final-sblr-sbsql-sblr-expansion-closure/,project/src/parsers/compatibility/cockroachdb/cockroachdb_dialect.cpp#kBuiltinSurfaces:json
cockroachdb,POSTGRESQL_COMPATIBLE_SQL,builtin_function_surface:spatial,parser_declares_noncluster_route_requiring_sblr_or_udr_expansion,IMPLEMENT_NONCLUSTER,sblr expansion lead,public_execution_plan/source-evidence/final-sblr-sbsql-sblr-expansion-closure/,project/src/parsers/compatibility/cockroachdb/cockroachdb_dialect.cpp#kBuiltinSurfaces:spatial
cockroachdb,POSTGRESQL_COMPATIBLE_SQL,builtin_function_surface:security,parser_declares_route_requiring_parser_remap_or_existing_sblr_binding_verification,PARSER_REMAP_ONLY,parser remap lead,public_execution_plan/final-sblr-sbsql-parser-remap-closure/,project/src/parsers/compatibility/cockroachdb/cockroachdb_dialect.cpp#kBuiltinSurfaces:security
cockroachdb,POSTGRESQL_COMPATIBLE_SQL,builtin_function_surface:catalog,parser_declares_route_requiring_parser_remap_or_existing_sblr_binding_verification,PARSER_REMAP_ONLY,parser remap lead,public_execution_plan/final-sblr-sbsql-parser-remap-closure/,project/src/parsers/compatibility/cockroachdb/cockroachdb_dialect.cpp#kBuiltinSurfaces:catalog
cockroachdb,POSTGRESQL_COMPATIBLE_SQL,builtin_function_surface:uuid,parser_declares_noncluster_route_requiring_sblr_or_udr_expansion,IMPLEMENT_NONCLUSTER,sblr expansion lead,public_execution_plan/source-evidence/final-sblr-sbsql-sblr-expansion-closure/,project/src/parsers/compatibility/cockroachdb/cockroachdb_dialect.cpp#kBuiltinSurfaces:uuid
cockroachdb,POSTGRESQL_COMPATIBLE_SQL,catalog_overlay_surface:crdb_internal,parser_declares_route_requiring_parser_remap_or_existing_sblr_binding_verification,PARSER_REMAP_ONLY,parser remap lead,public_execution_plan/final-sblr-sbsql-parser-remap-closure/,project/src/parsers/compatibility/cockroachdb/cockroachdb_dialect.cpp#kCatalogSurfaces:crdb_internal
cockroachdb,POSTGRESQL_COMPATIBLE_SQL,catalog_overlay_surface:information_schema,parser_declares_route_requiring_parser_remap_or_existing_sblr_binding_verification,PARSER_REMAP_ONLY,parser remap lead,public_execution_plan/final-sblr-sbsql-parser-remap-closure/,project/src/parsers/compatibility/cockroachdb/cockroachdb_dialect.cpp#kCatalogSurfaces:information_schema
cockroachdb,POSTGRESQL_COMPATIBLE_SQL,catalog_overlay_surface:system,parser_declares_route_requiring_parser_remap_or_existing_sblr_binding_verification,PARSER_REMAP_ONLY,parser remap lead,public_execution_plan/final-sblr-sbsql-parser-remap-closure/,project/src/parsers/compatibility/cockroachdb/cockroachdb_dialect.cpp#kCatalogSurfaces:system
cockroachdb,POSTGRESQL_COMPATIBLE_SQL,catalog_overlay_surface:ranges,parser_declares_route_requiring_parser_remap_or_existing_sblr_binding_verification,PARSER_REMAP_ONLY,parser remap lead,public_execution_plan/final-sblr-sbsql-parser-remap-closure/,project/src/parsers/compatibility/cockroachdb/cockroachdb_dialect.cpp#kCatalogSurfaces:ranges
cockroachdb,POSTGRESQL_COMPATIBLE_SQL,catalog_overlay_surface:jobs,parser_declares_route_requiring_parser_remap_or_existing_sblr_binding_verification,PARSER_REMAP_ONLY,parser remap lead,public_execution_plan/final-sblr-sbsql-parser-remap-closure/,project/src/parsers/compatibility/cockroachdb/cockroachdb_dialect.cpp#kCatalogSurfaces:jobs
cockroachdb,POSTGRESQL_COMPATIBLE_SQL,catalog_overlay_surface:zone_configs,parser_declares_route_requiring_parser_remap_or_existing_sblr_binding_verification,PARSER_REMAP_ONLY,parser remap lead,public_execution_plan/final-sblr-sbsql-parser-remap-closure/,project/src/parsers/compatibility/cockroachdb/cockroachdb_dialect.cpp#kCatalogSurfaces:zone_configs
cockroachdb,POSTGRESQL_COMPATIBLE_SQL,catalog_overlay_surface:statistics,parser_declares_route_requiring_parser_remap_or_existing_sblr_binding_verification,PARSER_REMAP_ONLY,parser remap lead,public_execution_plan/final-sblr-sbsql-parser-remap-closure/,project/src/parsers/compatibility/cockroachdb/cockroachdb_dialect.cpp#kCatalogSurfaces:statistics
cockroachdb,POSTGRESQL_COMPATIBLE_SQL,catalog_overlay_surface:users_roles,parser_declares_route_requiring_parser_remap_or_existing_sblr_binding_verification,PARSER_REMAP_ONLY,parser remap lead,public_execution_plan/final-sblr-sbsql-parser-remap-closure/,project/src/parsers/compatibility/cockroachdb/cockroachdb_dialect.cpp#kCatalogSurfaces:users_roles
cockroachdb,POSTGRESQL_COMPATIBLE_SQL,catalog_overlay_surface:descriptors,parser_declares_route_requiring_parser_remap_or_existing_sblr_binding_verification,PARSER_REMAP_ONLY,parser remap lead,public_execution_plan/final-sblr-sbsql-parser-remap-closure/,project/src/parsers/compatibility/cockroachdb/cockroachdb_dialect.cpp#kCatalogSurfaces:descriptors
cockroachdb,POSTGRESQL_COMPATIBLE_SQL,diagnostic_surface:parse,parser_declares_route_requiring_parser_remap_or_existing_sblr_binding_verification,PARSER_REMAP_ONLY,parser remap lead,public_execution_plan/final-sblr-sbsql-parser-remap-closure/,project/src/parsers/compatibility/cockroachdb/cockroachdb_dialect.cpp#kDiagnosticSurfaces:parse
cockroachdb,POSTGRESQL_COMPATIBLE_SQL,diagnostic_surface:zone,parser_declares_noncluster_route_requiring_sblr_or_udr_expansion,IMPLEMENT_NONCLUSTER,sblr expansion lead,public_execution_plan/source-evidence/final-sblr-sbsql-sblr-expansion-closure/,project/src/parsers/compatibility/cockroachdb/cockroachdb_dialect.cpp#kDiagnosticSurfaces:zone
cockroachdb,POSTGRESQL_COMPATIBLE_SQL,diagnostic_surface:security,parser_declares_noncluster_route_requiring_sblr_or_udr_expansion,IMPLEMENT_NONCLUSTER,sblr expansion lead,public_execution_plan/source-evidence/final-sblr-sbsql-sblr-expansion-closure/,project/src/parsers/compatibility/cockroachdb/cockroachdb_dialect.cpp#kDiagnosticSurfaces:security
dolt,MYSQL_COMPATIBLE_VERSIONED_DATA,dolt.version.commit,parser_declares_noncluster_route_requiring_sblr_or_udr_expansion,IMPLEMENT_NONCLUSTER,sblr expansion lead,public_execution_plan/source-evidence/final-sblr-sbsql-sblr-expansion-closure/,project/src/parsers/compatibility/dolt/dolt_dialect.cpp#kPatterns:dolt.version.commit
dolt,MYSQL_COMPATIBLE_VERSIONED_DATA,dolt.version.branch,parser_declares_noncluster_route_requiring_sblr_or_udr_expansion,IMPLEMENT_NONCLUSTER,sblr expansion lead,public_execution_plan/source-evidence/final-sblr-sbsql-sblr-expansion-closure/,project/src/parsers/compatibility/dolt/dolt_dialect.cpp#kPatterns:dolt.version.branch
dolt,MYSQL_COMPATIBLE_VERSIONED_DATA,dolt.version.checkout,parser_declares_noncluster_route_requiring_sblr_or_udr_expansion,IMPLEMENT_NONCLUSTER,sblr expansion lead,public_execution_plan/source-evidence/final-sblr-sbsql-sblr-expansion-closure/,project/src/parsers/compatibility/dolt/dolt_dialect.cpp#kPatterns:dolt.version.checkout
dolt,MYSQL_COMPATIBLE_VERSIONED_DATA,dolt.version.merge,parser_declares_noncluster_route_requiring_sblr_or_udr_expansion,IMPLEMENT_NONCLUSTER,sblr expansion lead,public_execution_plan/source-evidence/final-sblr-sbsql-sblr-expansion-closure/,project/src/parsers/compatibility/dolt/dolt_dialect.cpp#kPatterns:dolt.version.merge
dolt,MYSQL_COMPATIBLE_VERSIONED_DATA,dolt.version.stash,parser_declares_noncluster_route_requiring_sblr_or_udr_expansion,IMPLEMENT_NONCLUSTER,sblr expansion lead,public_execution_plan/source-evidence/final-sblr-sbsql-sblr-expansion-closure/,project/src/parsers/compatibility/dolt/dolt_dialect.cpp#kPatterns:dolt.version.stash
dolt,MYSQL_COMPATIBLE_VERSIONED_DATA,dolt.version.diff,parser_declares_route_requiring_parser_remap_or_existing_sblr_binding_verification,PARSER_REMAP_ONLY,parser remap lead,public_execution_plan/final-sblr-sbsql-parser-remap-closure/,project/src/parsers/compatibility/dolt/dolt_dialect.cpp#kPatterns:dolt.version.diff
dolt,MYSQL_COMPATIBLE_VERSIONED_DATA,dolt.version.log,parser_declares_route_requiring_parser_remap_or_existing_sblr_binding_verification,PARSER_REMAP_ONLY,parser remap lead,public_execution_plan/final-sblr-sbsql-parser-remap-closure/,project/src/parsers/compatibility/dolt/dolt_dialect.cpp#kPatterns:dolt.version.log
dolt,MYSQL_COMPATIBLE_VERSIONED_DATA,dolt.version.status,parser_declares_route_requiring_parser_remap_or_existing_sblr_binding_verification,PARSER_REMAP_ONLY,parser remap lead,public_execution_plan/final-sblr-sbsql-parser-remap-closure/,project/src/parsers/compatibility/dolt/dolt_dialect.cpp#kPatterns:dolt.version.status
dolt,MYSQL_COMPATIBLE_VERSIONED_DATA,dolt.version.branches,parser_declares_route_requiring_parser_remap_or_existing_sblr_binding_verification,PARSER_REMAP_ONLY,parser remap lead,public_execution_plan/final-sblr-sbsql-parser-remap-closure/,project/src/parsers/compatibility/dolt/dolt_dialect.cpp#kPatterns:dolt.version.branches
dolt,MYSQL_COMPATIBLE_VERSIONED_DATA,dolt.catalog.show,parser_declares_route_requiring_parser_remap_or_existing_sblr_binding_verification,PARSER_REMAP_ONLY,parser remap lead,public_execution_plan/final-sblr-sbsql-parser-remap-closure/,project/src/parsers/compatibility/dolt/dolt_dialect.cpp#kPatterns:dolt.catalog.show
dolt,MYSQL_COMPATIBLE_VERSIONED_DATA,dolt.catalog.describe,parser_declares_route_requiring_parser_remap_or_existing_sblr_binding_verification,PARSER_REMAP_ONLY,parser remap lead,public_execution_plan/final-sblr-sbsql-parser-remap-closure/,project/src/parsers/compatibility/dolt/dolt_dialect.cpp#kPatterns:dolt.catalog.describe
dolt,MYSQL_COMPATIBLE_VERSIONED_DATA,dolt.lifecycle.create_database,parser_declares_route_requiring_parser_remap_or_existing_sblr_binding_verification,PARSER_REMAP_ONLY,parser remap lead,public_execution_plan/final-sblr-sbsql-parser-remap-closure/,project/src/parsers/compatibility/dolt/dolt_dialect.cpp#kPatterns:dolt.lifecycle.create_database
dolt,MYSQL_COMPATIBLE_VERSIONED_DATA,dolt.lifecycle.drop_database,parser_declares_route_requiring_parser_remap_or_existing_sblr_binding_verification,PARSER_REMAP_ONLY,parser remap lead,public_execution_plan/final-sblr-sbsql-parser-remap-closure/,project/src/parsers/compatibility/dolt/dolt_dialect.cpp#kPatterns:dolt.lifecycle.drop_database
dolt,MYSQL_COMPATIBLE_VERSIONED_DATA,dolt.security.create_user,parser_declares_noncluster_route_requiring_sblr_or_udr_expansion,IMPLEMENT_NONCLUSTER,sblr expansion lead,public_execution_plan/source-evidence/final-sblr-sbsql-sblr-expansion-closure/,project/src/parsers/compatibility/dolt/dolt_dialect.cpp#kPatterns:dolt.security.create_user
dolt,MYSQL_COMPATIBLE_VERSIONED_DATA,dolt.security.grant,parser_declares_noncluster_route_requiring_sblr_or_udr_expansion,IMPLEMENT_NONCLUSTER,sblr expansion lead,public_execution_plan/source-evidence/final-sblr-sbsql-sblr-expansion-closure/,project/src/parsers/compatibility/dolt/dolt_dialect.cpp#kPatterns:dolt.security.grant
dolt,MYSQL_COMPATIBLE_VERSIONED_DATA,dolt.security.revoke,parser_declares_noncluster_route_requiring_sblr_or_udr_expansion,IMPLEMENT_NONCLUSTER,sblr expansion lead,public_execution_plan/source-evidence/final-sblr-sbsql-sblr-expansion-closure/,project/src/parsers/compatibility/dolt/dolt_dialect.cpp#kPatterns:dolt.security.revoke
dolt,MYSQL_COMPATIBLE_VERSIONED_DATA,dolt.session.set,parser_declares_route_requiring_parser_remap_or_existing_sblr_binding_verification,PARSER_REMAP_ONLY,parser remap lead,public_execution_plan/final-sblr-sbsql-parser-remap-closure/,project/src/parsers/compatibility/dolt/dolt_dialect.cpp#kPatterns:dolt.session.set
dolt,MYSQL_COMPATIBLE_VERSIONED_DATA,dolt.session.use_database,parser_declares_route_requiring_parser_remap_or_existing_sblr_binding_verification,PARSER_REMAP_ONLY,parser remap lead,public_execution_plan/final-sblr-sbsql-parser-remap-closure/,project/src/parsers/compatibility/dolt/dolt_dialect.cpp#kPatterns:dolt.session.use_database
dolt,MYSQL_COMPATIBLE_VERSIONED_DATA,dolt.ddl.create,parser_declares_route_requiring_parser_remap_or_existing_sblr_binding_verification,PARSER_REMAP_ONLY,parser remap lead,public_execution_plan/final-sblr-sbsql-parser-remap-closure/,project/src/parsers/compatibility/dolt/dolt_dialect.cpp#kPatterns:dolt.ddl.create
dolt,MYSQL_COMPATIBLE_VERSIONED_DATA,dolt.ddl.alter,parser_declares_route_requiring_parser_remap_or_existing_sblr_binding_verification,PARSER_REMAP_ONLY,parser remap lead,public_execution_plan/final-sblr-sbsql-parser-remap-closure/,project/src/parsers/compatibility/dolt/dolt_dialect.cpp#kPatterns:dolt.ddl.alter
dolt,MYSQL_COMPATIBLE_VERSIONED_DATA,dolt.ddl.drop,parser_declares_route_requiring_parser_remap_or_existing_sblr_binding_verification,PARSER_REMAP_ONLY,parser remap lead,public_execution_plan/final-sblr-sbsql-parser-remap-closure/,project/src/parsers/compatibility/dolt/dolt_dialect.cpp#kPatterns:dolt.ddl.drop
dolt,MYSQL_COMPATIBLE_VERSIONED_DATA,dolt.dml.insert,parser_declares_route_requiring_parser_remap_or_existing_sblr_binding_verification,PARSER_REMAP_ONLY,parser remap lead,public_execution_plan/final-sblr-sbsql-parser-remap-closure/,project/src/parsers/compatibility/dolt/dolt_dialect.cpp#kPatterns:dolt.dml.insert
dolt,MYSQL_COMPATIBLE_VERSIONED_DATA,dolt.dml.update,parser_declares_route_requiring_parser_remap_or_existing_sblr_binding_verification,PARSER_REMAP_ONLY,parser remap lead,public_execution_plan/final-sblr-sbsql-parser-remap-closure/,project/src/parsers/compatibility/dolt/dolt_dialect.cpp#kPatterns:dolt.dml.update
dolt,MYSQL_COMPATIBLE_VERSIONED_DATA,dolt.dml.delete,parser_declares_route_requiring_parser_remap_or_existing_sblr_binding_verification,PARSER_REMAP_ONLY,parser remap lead,public_execution_plan/final-sblr-sbsql-parser-remap-closure/,project/src/parsers/compatibility/dolt/dolt_dialect.cpp#kPatterns:dolt.dml.delete
dolt,MYSQL_COMPATIBLE_VERSIONED_DATA,dolt.query.select,parser_declares_route_requiring_parser_remap_or_existing_sblr_binding_verification,PARSER_REMAP_ONLY,parser remap lead,public_execution_plan/final-sblr-sbsql-parser-remap-closure/,project/src/parsers/compatibility/dolt/dolt_dialect.cpp#kPatterns:dolt.query.select
dolt,MYSQL_COMPATIBLE_VERSIONED_DATA,dolt.query.with,parser_declares_route_requiring_parser_remap_or_existing_sblr_binding_verification,PARSER_REMAP_ONLY,parser remap lead,public_execution_plan/final-sblr-sbsql-parser-remap-closure/,project/src/parsers/compatibility/dolt/dolt_dialect.cpp#kPatterns:dolt.query.with
dolt,MYSQL_COMPATIBLE_VERSIONED_DATA,dolt.transaction.start,parser_declares_route_requiring_parser_remap_or_existing_sblr_binding_verification,PARSER_REMAP_ONLY,parser remap lead,public_execution_plan/final-sblr-sbsql-parser-remap-closure/,project/src/parsers/compatibility/dolt/dolt_dialect.cpp#kPatterns:dolt.transaction.start
dolt,MYSQL_COMPATIBLE_VERSIONED_DATA,dolt.transaction.commit,parser_declares_route_requiring_parser_remap_or_existing_sblr_binding_verification,PARSER_REMAP_ONLY,parser remap lead,public_execution_plan/final-sblr-sbsql-parser-remap-closure/,project/src/parsers/compatibility/dolt/dolt_dialect.cpp#kPatterns:dolt.transaction.commit
dolt,MYSQL_COMPATIBLE_VERSIONED_DATA,dolt.transaction.rollback,parser_declares_route_requiring_parser_remap_or_existing_sblr_binding_verification,PARSER_REMAP_ONLY,parser remap lead,public_execution_plan/final-sblr-sbsql-parser-remap-closure/,project/src/parsers/compatibility/dolt/dolt_dialect.cpp#kPatterns:dolt.transaction.rollback
dolt,MYSQL_COMPATIBLE_VERSIONED_DATA,datatype_surface:enum_set,parser_declares_noncluster_route_requiring_sblr_or_udr_expansion,IMPLEMENT_NONCLUSTER,sblr expansion lead,public_execution_plan/source-evidence/final-sblr-sbsql-sblr-expansion-closure/,project/src/parsers/compatibility/dolt/dolt_dialect.cpp#kDatatypeSurfaces:enum_set
dolt,MYSQL_COMPATIBLE_VERSIONED_DATA,datatype_surface:spatial,parser_declares_noncluster_route_requiring_sblr_or_udr_expansion,IMPLEMENT_NONCLUSTER,sblr expansion lead,public_execution_plan/source-evidence/final-sblr-sbsql-sblr-expansion-closure/,project/src/parsers/compatibility/dolt/dolt_dialect.cpp#kDatatypeSurfaces:spatial
dolt,MYSQL_COMPATIBLE_VERSIONED_DATA,datatype_surface:version_hash,parser_declares_route_requiring_parser_remap_or_existing_sblr_binding_verification,PARSER_REMAP_ONLY,parser remap lead,public_execution_plan/final-sblr-sbsql-parser-remap-closure/,project/src/parsers/compatibility/dolt/dolt_dialect.cpp#kDatatypeSurfaces:version_hash
dolt,MYSQL_COMPATIBLE_VERSIONED_DATA,datatype_surface:revision_selector,parser_declares_route_requiring_parser_remap_or_existing_sblr_binding_verification,PARSER_REMAP_ONLY,parser remap lead,public_execution_plan/final-sblr-sbsql-parser-remap-closure/,project/src/parsers/compatibility/dolt/dolt_dialect.cpp#kDatatypeSurfaces:revision_selector
dolt,MYSQL_COMPATIBLE_VERSIONED_DATA,builtin_function_surface:aggregate,parser_declares_route_requiring_parser_remap_or_existing_sblr_binding_verification,PARSER_REMAP_ONLY,parser remap lead,public_execution_plan/final-sblr-sbsql-parser-remap-closure/,project/src/parsers/compatibility/dolt/dolt_dialect.cpp#kBuiltinSurfaces:aggregate
dolt,MYSQL_COMPATIBLE_VERSIONED_DATA,builtin_function_surface:string,parser_declares_route_requiring_parser_remap_or_existing_sblr_binding_verification,PARSER_REMAP_ONLY,parser remap lead,public_execution_plan/final-sblr-sbsql-parser-remap-closure/,project/src/parsers/compatibility/dolt/dolt_dialect.cpp#kBuiltinSurfaces:string
dolt,MYSQL_COMPATIBLE_VERSIONED_DATA,builtin_function_surface:json,parser_declares_route_requiring_parser_remap_or_existing_sblr_binding_verification,PARSER_REMAP_ONLY,parser remap lead,public_execution_plan/final-sblr-sbsql-parser-remap-closure/,project/src/parsers/compatibility/dolt/dolt_dialect.cpp#kBuiltinSurfaces:json
dolt,MYSQL_COMPATIBLE_VERSIONED_DATA,builtin_function_surface:version_control,parser_declares_noncluster_route_requiring_sblr_or_udr_expansion,IMPLEMENT_NONCLUSTER,sblr expansion lead,public_execution_plan/source-evidence/final-sblr-sbsql-sblr-expansion-closure/,project/src/parsers/compatibility/dolt/dolt_dialect.cpp#kBuiltinSurfaces:version_control
dolt,MYSQL_COMPATIBLE_VERSIONED_DATA,builtin_function_surface:diff,parser_declares_route_requiring_parser_remap_or_existing_sblr_binding_verification,PARSER_REMAP_ONLY,parser remap lead,public_execution_plan/final-sblr-sbsql-parser-remap-closure/,project/src/parsers/compatibility/dolt/dolt_dialect.cpp#kBuiltinSurfaces:diff
dolt,MYSQL_COMPATIBLE_VERSIONED_DATA,builtin_function_surface:history,parser_declares_route_requiring_parser_remap_or_existing_sblr_binding_verification,PARSER_REMAP_ONLY,parser remap lead,public_execution_plan/final-sblr-sbsql-parser-remap-closure/,project/src/parsers/compatibility/dolt/dolt_dialect.cpp#kBuiltinSurfaces:history
dolt,MYSQL_COMPATIBLE_VERSIONED_DATA,builtin_function_surface:security,parser_declares_noncluster_route_requiring_sblr_or_udr_expansion,IMPLEMENT_NONCLUSTER,sblr expansion lead,public_execution_plan/source-evidence/final-sblr-sbsql-sblr-expansion-closure/,project/src/parsers/compatibility/dolt/dolt_dialect.cpp#kBuiltinSurfaces:security
dolt,MYSQL_COMPATIBLE_VERSIONED_DATA,builtin_function_surface:session,parser_declares_route_requiring_parser_remap_or_existing_sblr_binding_verification,PARSER_REMAP_ONLY,parser remap lead,public_execution_plan/final-sblr-sbsql-parser-remap-closure/,project/src/parsers/compatibility/dolt/dolt_dialect.cpp#kBuiltinSurfaces:session
dolt,MYSQL_COMPATIBLE_VERSIONED_DATA,catalog_overlay_surface:branches,parser_declares_route_requiring_parser_remap_or_existing_sblr_binding_verification,PARSER_REMAP_ONLY,parser remap lead,public_execution_plan/final-sblr-sbsql-parser-remap-closure/,project/src/parsers/compatibility/dolt/dolt_dialect.cpp#kCatalogSurfaces:branches
dolt,MYSQL_COMPATIBLE_VERSIONED_DATA,catalog_overlay_surface:commits,parser_declares_route_requiring_parser_remap_or_existing_sblr_binding_verification,PARSER_REMAP_ONLY,parser remap lead,public_execution_plan/final-sblr-sbsql-parser-remap-closure/,project/src/parsers/compatibility/dolt/dolt_dialect.cpp#kCatalogSurfaces:commits
dolt,MYSQL_COMPATIBLE_VERSIONED_DATA,catalog_overlay_surface:status,parser_declares_route_requiring_parser_remap_or_existing_sblr_binding_verification,PARSER_REMAP_ONLY,parser remap lead,public_execution_plan/final-sblr-sbsql-parser-remap-closure/,project/src/parsers/compatibility/dolt/dolt_dialect.cpp#kCatalogSurfaces:status
dolt,MYSQL_COMPATIBLE_VERSIONED_DATA,catalog_overlay_surface:diff,parser_declares_route_requiring_parser_remap_or_existing_sblr_binding_verification,PARSER_REMAP_ONLY,parser remap lead,public_execution_plan/final-sblr-sbsql-parser-remap-closure/,project/src/parsers/compatibility/dolt/dolt_dialect.cpp#kCatalogSurfaces:diff
dolt,MYSQL_COMPATIBLE_VERSIONED_DATA,catalog_overlay_surface:conflicts,parser_declares_route_requiring_parser_remap_or_existing_sblr_binding_verification,PARSER_REMAP_ONLY,parser remap lead,public_execution_plan/final-sblr-sbsql-parser-remap-closure/,project/src/parsers/compatibility/dolt/dolt_dialect.cpp#kCatalogSurfaces:conflicts
dolt,MYSQL_COMPATIBLE_VERSIONED_DATA,catalog_overlay_surface:schemas,parser_declares_route_requiring_parser_remap_or_existing_sblr_binding_verification,PARSER_REMAP_ONLY,parser remap lead,public_execution_plan/final-sblr-sbsql-parser-remap-closure/,project/src/parsers/compatibility/dolt/dolt_dialect.cpp#kCatalogSurfaces:schemas
dolt,MYSQL_COMPATIBLE_VERSIONED_DATA,catalog_overlay_surface:docs,parser_declares_route_requiring_parser_remap_or_existing_sblr_binding_verification,PARSER_REMAP_ONLY,parser remap lead,public_execution_plan/final-sblr-sbsql-parser-remap-closure/,project/src/parsers/compatibility/dolt/dolt_dialect.cpp#kCatalogSurfaces:docs
dolt,MYSQL_COMPATIBLE_VERSIONED_DATA,catalog_overlay_surface:remotes,parser_declares_route_requiring_parser_remap_or_existing_sblr_binding_verification,PARSER_REMAP_ONLY,parser remap lead,public_execution_plan/final-sblr-sbsql-parser-remap-closure/,project/src/parsers/compatibility/dolt/dolt_dialect.cpp#kCatalogSurfaces:remotes
dolt,MYSQL_COMPATIBLE_VERSIONED_DATA,catalog_overlay_surface:tags,parser_declares_route_requiring_parser_remap_or_existing_sblr_binding_verification,PARSER_REMAP_ONLY,parser remap lead,public_execution_plan/final-sblr-sbsql-parser-remap-closure/,project/src/parsers/compatibility/dolt/dolt_dialect.cpp#kCatalogSurfaces:tags
dolt,MYSQL_COMPATIBLE_VERSIONED_DATA,catalog_overlay_surface:procedures,parser_declares_route_requiring_parser_remap_or_existing_sblr_binding_verification,PARSER_REMAP_ONLY,parser remap lead,public_execution_plan/final-sblr-sbsql-parser-remap-closure/,project/src/parsers/compatibility/dolt/dolt_dialect.cpp#kCatalogSurfaces:procedures
dolt,MYSQL_COMPATIBLE_VERSIONED_DATA,diagnostic_surface:parse,parser_declares_route_requiring_parser_remap_or_existing_sblr_binding_verification,PARSER_REMAP_ONLY,parser remap lead,public_execution_plan/final-sblr-sbsql-parser-remap-closure/,project/src/parsers/compatibility/dolt/dolt_dialect.cpp#kDiagnosticSurfaces:parse
dolt,MYSQL_COMPATIBLE_VERSIONED_DATA,diagnostic_surface:udr,parser_declares_noncluster_route_requiring_sblr_or_udr_expansion,IMPLEMENT_NONCLUSTER,sblr expansion lead,public_execution_plan/source-evidence/final-sblr-sbsql-sblr-expansion-closure/,project/src/parsers/compatibility/dolt/dolt_dialect.cpp#kDiagnosticSurfaces:udr
dolt,MYSQL_COMPATIBLE_VERSIONED_DATA,diagnostic_surface:catalog,parser_declares_route_requiring_parser_remap_or_existing_sblr_binding_verification,PARSER_REMAP_ONLY,parser remap lead,public_execution_plan/final-sblr-sbsql-parser-remap-closure/,project/src/parsers/compatibility/dolt/dolt_dialect.cpp#kDiagnosticSurfaces:catalog
dolt,MYSQL_COMPATIBLE_VERSIONED_DATA,diagnostic_surface:session,parser_declares_route_requiring_parser_remap_or_existing_sblr_binding_verification,PARSER_REMAP_ONLY,parser remap lead,public_execution_plan/final-sblr-sbsql-parser-remap-closure/,project/src/parsers/compatibility/dolt/dolt_dialect.cpp#kDiagnosticSurfaces:session
dolt,MYSQL_COMPATIBLE_VERSIONED_DATA,diagnostic_surface:transaction,parser_declares_route_requiring_parser_remap_or_existing_sblr_binding_verification,PARSER_REMAP_ONLY,parser remap lead,public_execution_plan/final-sblr-sbsql-parser-remap-closure/,project/src/parsers/compatibility/dolt/dolt_dialect.cpp#kDiagnosticSurfaces:transaction
duckdb,SQL_PRAGMA_EMBEDDED_API,duckdb.bulk_io.copy,parser_declares_noncluster_route_requiring_sblr_or_udr_expansion,IMPLEMENT_NONCLUSTER,sblr expansion lead,public_execution_plan/source-evidence/final-sblr-sbsql-sblr-expansion-closure/,project/src/parsers/compatibility/duckdb/duckdb_dialect.cpp#kPatterns:duckdb.bulk_io.copy
duckdb,SQL_PRAGMA_EMBEDDED_API,duckdb.security.create_secret,parser_declares_noncluster_route_requiring_sblr_or_udr_expansion,IMPLEMENT_NONCLUSTER,sblr expansion lead,public_execution_plan/source-evidence/final-sblr-sbsql-sblr-expansion-closure/,project/src/parsers/compatibility/duckdb/duckdb_dialect.cpp#kPatterns:duckdb.security.create_secret
duckdb,SQL_PRAGMA_EMBEDDED_API,duckdb.security.alter_secret,parser_declares_noncluster_route_requiring_sblr_or_udr_expansion,IMPLEMENT_NONCLUSTER,sblr expansion lead,public_execution_plan/source-evidence/final-sblr-sbsql-sblr-expansion-closure/,project/src/parsers/compatibility/duckdb/duckdb_dialect.cpp#kPatterns:duckdb.security.alter_secret
duckdb,SQL_PRAGMA_EMBEDDED_API,duckdb.security.drop_secret,parser_declares_noncluster_route_requiring_sblr_or_udr_expansion,IMPLEMENT_NONCLUSTER,sblr expansion lead,public_execution_plan/source-evidence/final-sblr-sbsql-sblr-expansion-closure/,project/src/parsers/compatibility/duckdb/duckdb_dialect.cpp#kPatterns:duckdb.security.drop_secret
duckdb,SQL_PRAGMA_EMBEDDED_API,duckdb.routine.create_macro,parser_declares_noncluster_route_requiring_sblr_or_udr_expansion,IMPLEMENT_NONCLUSTER,sblr expansion lead,public_execution_plan/source-evidence/final-sblr-sbsql-sblr-expansion-closure/,project/src/parsers/compatibility/duckdb/duckdb_dialect.cpp#kPatterns:duckdb.routine.create_macro
duckdb,SQL_PRAGMA_EMBEDDED_API,duckdb.routine.create_function,parser_declares_noncluster_route_requiring_sblr_or_udr_expansion,IMPLEMENT_NONCLUSTER,sblr expansion lead,public_execution_plan/source-evidence/final-sblr-sbsql-sblr-expansion-closure/,project/src/parsers/compatibility/duckdb/duckdb_dialect.cpp#kPatterns:duckdb.routine.create_function
duckdb,SQL_PRAGMA_EMBEDDED_API,duckdb.routine.call,parser_declares_noncluster_route_requiring_sblr_or_udr_expansion,IMPLEMENT_NONCLUSTER,sblr expansion lead,public_execution_plan/source-evidence/final-sblr-sbsql-sblr-expansion-closure/,project/src/parsers/compatibility/duckdb/duckdb_dialect.cpp#kPatterns:duckdb.routine.call
duckdb,SQL_PRAGMA_EMBEDDED_API,duckdb.pragma.generic,parser_declares_noncluster_route_requiring_sblr_or_udr_expansion,IMPLEMENT_NONCLUSTER,sblr expansion lead,public_execution_plan/source-evidence/final-sblr-sbsql-sblr-expansion-closure/,project/src/parsers/compatibility/duckdb/duckdb_dialect.cpp#kPatterns:duckdb.pragma.generic
duckdb,SQL_PRAGMA_EMBEDDED_API,duckdb.optimizer.summarize,parser_declares_route_requiring_parser_remap_or_existing_sblr_binding_verification,PARSER_REMAP_ONLY,parser remap lead,public_execution_plan/final-sblr-sbsql-parser-remap-closure/,project/src/parsers/compatibility/duckdb/duckdb_dialect.cpp#kPatterns:duckdb.optimizer.summarize
duckdb,SQL_PRAGMA_EMBEDDED_API,duckdb.query.pivot,parser_declares_route_requiring_parser_remap_or_existing_sblr_binding_verification,PARSER_REMAP_ONLY,parser remap lead,public_execution_plan/final-sblr-sbsql-parser-remap-closure/,project/src/parsers/compatibility/duckdb/duckdb_dialect.cpp#kPatterns:duckdb.query.pivot
duckdb,SQL_PRAGMA_EMBEDDED_API,duckdb.query.unpivot,parser_declares_route_requiring_parser_remap_or_existing_sblr_binding_verification,PARSER_REMAP_ONLY,parser remap lead,public_execution_plan/final-sblr-sbsql-parser-remap-closure/,project/src/parsers/compatibility/duckdb/duckdb_dialect.cpp#kPatterns:duckdb.query.unpivot
duckdb,SQL_PRAGMA_EMBEDDED_API,duckdb.catalog_overlay.describe,parser_declares_route_requiring_parser_remap_or_existing_sblr_binding_verification,PARSER_REMAP_ONLY,parser remap lead,public_execution_plan/final-sblr-sbsql-parser-remap-closure/,project/src/parsers/compatibility/duckdb/duckdb_dialect.cpp#kPatterns:duckdb.catalog_overlay.describe
duckdb,SQL_PRAGMA_EMBEDDED_API,duckdb.catalog_overlay.show,parser_declares_route_requiring_parser_remap_or_existing_sblr_binding_verification,PARSER_REMAP_ONLY,parser remap lead,public_execution_plan/final-sblr-sbsql-parser-remap-closure/,project/src/parsers/compatibility/duckdb/duckdb_dialect.cpp#kPatterns:duckdb.catalog_overlay.show
duckdb,SQL_PRAGMA_EMBEDDED_API,duckdb.optimizer.explain,parser_declares_route_requiring_parser_remap_or_existing_sblr_binding_verification,PARSER_REMAP_ONLY,parser remap lead,public_execution_plan/final-sblr-sbsql-parser-remap-closure/,project/src/parsers/compatibility/duckdb/duckdb_dialect.cpp#kPatterns:duckdb.optimizer.explain
duckdb,SQL_PRAGMA_EMBEDDED_API,duckdb.transaction.begin,parser_declares_route_requiring_parser_remap_or_existing_sblr_binding_verification,PARSER_REMAP_ONLY,parser remap lead,public_execution_plan/final-sblr-sbsql-parser-remap-closure/,project/src/parsers/compatibility/duckdb/duckdb_dialect.cpp#kPatterns:duckdb.transaction.begin
duckdb,SQL_PRAGMA_EMBEDDED_API,duckdb.transaction.start,parser_declares_route_requiring_parser_remap_or_existing_sblr_binding_verification,PARSER_REMAP_ONLY,parser remap lead,public_execution_plan/final-sblr-sbsql-parser-remap-closure/,project/src/parsers/compatibility/duckdb/duckdb_dialect.cpp#kPatterns:duckdb.transaction.start
duckdb,SQL_PRAGMA_EMBEDDED_API,duckdb.transaction.commit,parser_declares_route_requiring_parser_remap_or_existing_sblr_binding_verification,PARSER_REMAP_ONLY,parser remap lead,public_execution_plan/final-sblr-sbsql-parser-remap-closure/,project/src/parsers/compatibility/duckdb/duckdb_dialect.cpp#kPatterns:duckdb.transaction.commit
duckdb,SQL_PRAGMA_EMBEDDED_API,duckdb.transaction.rollback,parser_declares_route_requiring_parser_remap_or_existing_sblr_binding_verification,PARSER_REMAP_ONLY,parser remap lead,public_execution_plan/final-sblr-sbsql-parser-remap-closure/,project/src/parsers/compatibility/duckdb/duckdb_dialect.cpp#kPatterns:duckdb.transaction.rollback
duckdb,SQL_PRAGMA_EMBEDDED_API,duckdb.transaction.savepoint,parser_declares_route_requiring_parser_remap_or_existing_sblr_binding_verification,PARSER_REMAP_ONLY,parser remap lead,public_execution_plan/final-sblr-sbsql-parser-remap-closure/,project/src/parsers/compatibility/duckdb/duckdb_dialect.cpp#kPatterns:duckdb.transaction.savepoint
duckdb,SQL_PRAGMA_EMBEDDED_API,duckdb.transaction.release_savepoint,parser_declares_route_requiring_parser_remap_or_existing_sblr_binding_verification,PARSER_REMAP_ONLY,parser remap lead,public_execution_plan/final-sblr-sbsql-parser-remap-closure/,project/src/parsers/compatibility/duckdb/duckdb_dialect.cpp#kPatterns:duckdb.transaction.release_savepoint
duckdb,SQL_PRAGMA_EMBEDDED_API,duckdb.session.set,parser_declares_route_requiring_parser_remap_or_existing_sblr_binding_verification,PARSER_REMAP_ONLY,parser remap lead,public_execution_plan/final-sblr-sbsql-parser-remap-closure/,project/src/parsers/compatibility/duckdb/duckdb_dialect.cpp#kPatterns:duckdb.session.set
duckdb,SQL_PRAGMA_EMBEDDED_API,duckdb.session.reset,parser_declares_route_requiring_parser_remap_or_existing_sblr_binding_verification,PARSER_REMAP_ONLY,parser remap lead,public_execution_plan/final-sblr-sbsql-parser-remap-closure/,project/src/parsers/compatibility/duckdb/duckdb_dialect.cpp#kPatterns:duckdb.session.reset
duckdb,SQL_PRAGMA_EMBEDDED_API,duckdb.ddl.create,parser_declares_route_requiring_parser_remap_or_existing_sblr_binding_verification,PARSER_REMAP_ONLY,parser remap lead,public_execution_plan/final-sblr-sbsql-parser-remap-closure/,project/src/parsers/compatibility/duckdb/duckdb_dialect.cpp#kPatterns:duckdb.ddl.create
duckdb,SQL_PRAGMA_EMBEDDED_API,duckdb.ddl.alter,parser_declares_route_requiring_parser_remap_or_existing_sblr_binding_verification,PARSER_REMAP_ONLY,parser remap lead,public_execution_plan/final-sblr-sbsql-parser-remap-closure/,project/src/parsers/compatibility/duckdb/duckdb_dialect.cpp#kPatterns:duckdb.ddl.alter
duckdb,SQL_PRAGMA_EMBEDDED_API,duckdb.ddl.drop,parser_declares_route_requiring_parser_remap_or_existing_sblr_binding_verification,PARSER_REMAP_ONLY,parser remap lead,public_execution_plan/final-sblr-sbsql-parser-remap-closure/,project/src/parsers/compatibility/duckdb/duckdb_dialect.cpp#kPatterns:duckdb.ddl.drop
duckdb,SQL_PRAGMA_EMBEDDED_API,duckdb.dml.insert,parser_declares_route_requiring_parser_remap_or_existing_sblr_binding_verification,PARSER_REMAP_ONLY,parser remap lead,public_execution_plan/final-sblr-sbsql-parser-remap-closure/,project/src/parsers/compatibility/duckdb/duckdb_dialect.cpp#kPatterns:duckdb.dml.insert
duckdb,SQL_PRAGMA_EMBEDDED_API,duckdb.dml.update,parser_declares_route_requiring_parser_remap_or_existing_sblr_binding_verification,PARSER_REMAP_ONLY,parser remap lead,public_execution_plan/final-sblr-sbsql-parser-remap-closure/,project/src/parsers/compatibility/duckdb/duckdb_dialect.cpp#kPatterns:duckdb.dml.update
duckdb,SQL_PRAGMA_EMBEDDED_API,duckdb.dml.delete,parser_declares_route_requiring_parser_remap_or_existing_sblr_binding_verification,PARSER_REMAP_ONLY,parser remap lead,public_execution_plan/final-sblr-sbsql-parser-remap-closure/,project/src/parsers/compatibility/duckdb/duckdb_dialect.cpp#kPatterns:duckdb.dml.delete
duckdb,SQL_PRAGMA_EMBEDDED_API,duckdb.dml.merge,parser_declares_route_requiring_parser_remap_or_existing_sblr_binding_verification,PARSER_REMAP_ONLY,parser remap lead,public_execution_plan/final-sblr-sbsql-parser-remap-closure/,project/src/parsers/compatibility/duckdb/duckdb_dialect.cpp#kPatterns:duckdb.dml.merge
duckdb,SQL_PRAGMA_EMBEDDED_API,duckdb.query.select,parser_declares_route_requiring_parser_remap_or_existing_sblr_binding_verification,PARSER_REMAP_ONLY,parser remap lead,public_execution_plan/final-sblr-sbsql-parser-remap-closure/,project/src/parsers/compatibility/duckdb/duckdb_dialect.cpp#kPatterns:duckdb.query.select
duckdb,SQL_PRAGMA_EMBEDDED_API,duckdb.query.with,parser_declares_route_requiring_parser_remap_or_existing_sblr_binding_verification,PARSER_REMAP_ONLY,parser remap lead,public_execution_plan/final-sblr-sbsql-parser-remap-closure/,project/src/parsers/compatibility/duckdb/duckdb_dialect.cpp#kPatterns:duckdb.query.with
duckdb,SQL_PRAGMA_EMBEDDED_API,datatype_surface:nested,parser_declares_noncluster_route_requiring_sblr_or_udr_expansion,IMPLEMENT_NONCLUSTER,sblr expansion lead,public_execution_plan/source-evidence/final-sblr-sbsql-sblr-expansion-closure/,project/src/parsers/compatibility/duckdb/duckdb_dialect.cpp#kDatatypeSurfaces:nested
duckdb,SQL_PRAGMA_EMBEDDED_API,datatype_surface:json,parser_declares_noncluster_route_requiring_sblr_or_udr_expansion,IMPLEMENT_NONCLUSTER,sblr expansion lead,public_execution_plan/source-evidence/final-sblr-sbsql-sblr-expansion-closure/,project/src/parsers/compatibility/duckdb/duckdb_dialect.cpp#kDatatypeSurfaces:json
duckdb,SQL_PRAGMA_EMBEDDED_API,datatype_surface:enum,parser_declares_noncluster_route_requiring_sblr_or_udr_expansion,IMPLEMENT_NONCLUSTER,sblr expansion lead,public_execution_plan/source-evidence/final-sblr-sbsql-sblr-expansion-closure/,project/src/parsers/compatibility/duckdb/duckdb_dialect.cpp#kDatatypeSurfaces:enum
duckdb,SQL_PRAGMA_EMBEDDED_API,datatype_surface:spatial,parser_declares_noncluster_route_requiring_sblr_or_udr_expansion,IMPLEMENT_NONCLUSTER,sblr expansion lead,public_execution_plan/source-evidence/final-sblr-sbsql-sblr-expansion-closure/,project/src/parsers/compatibility/duckdb/duckdb_dialect.cpp#kDatatypeSurfaces:spatial
duckdb,SQL_PRAGMA_EMBEDDED_API,builtin_function_surface:aggregate,parser_declares_route_requiring_parser_remap_or_existing_sblr_binding_verification,PARSER_REMAP_ONLY,parser remap lead,public_execution_plan/final-sblr-sbsql-parser-remap-closure/,project/src/parsers/compatibility/duckdb/duckdb_dialect.cpp#kBuiltinSurfaces:aggregate
duckdb,SQL_PRAGMA_EMBEDDED_API,builtin_function_surface:window,parser_declares_route_requiring_parser_remap_or_existing_sblr_binding_verification,PARSER_REMAP_ONLY,parser remap lead,public_execution_plan/final-sblr-sbsql-parser-remap-closure/,project/src/parsers/compatibility/duckdb/duckdb_dialect.cpp#kBuiltinSurfaces:window
duckdb,SQL_PRAGMA_EMBEDDED_API,builtin_function_surface:string,parser_declares_route_requiring_parser_remap_or_existing_sblr_binding_verification,PARSER_REMAP_ONLY,parser remap lead,public_execution_plan/final-sblr-sbsql-parser-remap-closure/,project/src/parsers/compatibility/duckdb/duckdb_dialect.cpp#kBuiltinSurfaces:string
duckdb,SQL_PRAGMA_EMBEDDED_API,builtin_function_surface:numeric,parser_declares_route_requiring_parser_remap_or_existing_sblr_binding_verification,PARSER_REMAP_ONLY,parser remap lead,public_execution_plan/final-sblr-sbsql-parser-remap-closure/,project/src/parsers/compatibility/duckdb/duckdb_dialect.cpp#kBuiltinSurfaces:numeric
duckdb,SQL_PRAGMA_EMBEDDED_API,builtin_function_surface:temporal,parser_declares_route_requiring_parser_remap_or_existing_sblr_binding_verification,PARSER_REMAP_ONLY,parser remap lead,public_execution_plan/final-sblr-sbsql-parser-remap-closure/,project/src/parsers/compatibility/duckdb/duckdb_dialect.cpp#kBuiltinSurfaces:temporal
duckdb,SQL_PRAGMA_EMBEDDED_API,builtin_function_surface:json,parser_declares_noncluster_route_requiring_sblr_or_udr_expansion,IMPLEMENT_NONCLUSTER,sblr expansion lead,public_execution_plan/source-evidence/final-sblr-sbsql-sblr-expansion-closure/,project/src/parsers/compatibility/duckdb/duckdb_dialect.cpp#kBuiltinSurfaces:json
duckdb,SQL_PRAGMA_EMBEDDED_API,builtin_function_surface:list,parser_declares_noncluster_route_requiring_sblr_or_udr_expansion,IMPLEMENT_NONCLUSTER,sblr expansion lead,public_execution_plan/source-evidence/final-sblr-sbsql-sblr-expansion-closure/,project/src/parsers/compatibility/duckdb/duckdb_dialect.cpp#kBuiltinSurfaces:list
duckdb,SQL_PRAGMA_EMBEDDED_API,builtin_function_surface:map_struct,parser_declares_noncluster_route_requiring_sblr_or_udr_expansion,IMPLEMENT_NONCLUSTER,sblr expansion lead,public_execution_plan/source-evidence/final-sblr-sbsql-sblr-expansion-closure/,project/src/parsers/compatibility/duckdb/duckdb_dialect.cpp#kBuiltinSurfaces:map_struct
duckdb,SQL_PRAGMA_EMBEDDED_API,builtin_function_surface:stats,parser_declares_route_requiring_parser_remap_or_existing_sblr_binding_verification,PARSER_REMAP_ONLY,parser remap lead,public_execution_plan/final-sblr-sbsql-parser-remap-closure/,project/src/parsers/compatibility/duckdb/duckdb_dialect.cpp#kBuiltinSurfaces:stats
duckdb,SQL_PRAGMA_EMBEDDED_API,builtin_function_surface:secrets,parser_declares_noncluster_route_requiring_sblr_or_udr_expansion,IMPLEMENT_NONCLUSTER,sblr expansion lead,public_execution_plan/source-evidence/final-sblr-sbsql-sblr-expansion-closure/,project/src/parsers/compatibility/duckdb/duckdb_dialect.cpp#kBuiltinSurfaces:secrets
duckdb,SQL_PRAGMA_EMBEDDED_API,catalog_overlay_surface:information_schema,parser_declares_route_requiring_parser_remap_or_existing_sblr_binding_verification,PARSER_REMAP_ONLY,parser remap lead,public_execution_plan/final-sblr-sbsql-parser-remap-closure/,project/src/parsers/compatibility/duckdb/duckdb_dialect.cpp#kCatalogSurfaces:information_schema
duckdb,SQL_PRAGMA_EMBEDDED_API,catalog_overlay_surface:duckdb_catalog,parser_declares_route_requiring_parser_remap_or_existing_sblr_binding_verification,PARSER_REMAP_ONLY,parser remap lead,public_execution_plan/final-sblr-sbsql-parser-remap-closure/,project/src/parsers/compatibility/duckdb/duckdb_dialect.cpp#kCatalogSurfaces:duckdb_catalog
duckdb,SQL_PRAGMA_EMBEDDED_API,catalog_overlay_surface:pragma_metadata,parser_declares_route_requiring_parser_remap_or_existing_sblr_binding_verification,PARSER_REMAP_ONLY,parser remap lead,public_execution_plan/final-sblr-sbsql-parser-remap-closure/,project/src/parsers/compatibility/duckdb/duckdb_dialect.cpp#kCatalogSurfaces:pragma_metadata
duckdb,SQL_PRAGMA_EMBEDDED_API,catalog_overlay_surface:settings,parser_declares_route_requiring_parser_remap_or_existing_sblr_binding_verification,PARSER_REMAP_ONLY,parser remap lead,public_execution_plan/final-sblr-sbsql-parser-remap-closure/,project/src/parsers/compatibility/duckdb/duckdb_dialect.cpp#kCatalogSurfaces:settings
duckdb,SQL_PRAGMA_EMBEDDED_API,catalog_overlay_surface:macros,parser_declares_noncluster_route_requiring_sblr_or_udr_expansion,IMPLEMENT_NONCLUSTER,sblr expansion lead,public_execution_plan/source-evidence/final-sblr-sbsql-sblr-expansion-closure/,project/src/parsers/compatibility/duckdb/duckdb_dialect.cpp#kCatalogSurfaces:macros
duckdb,SQL_PRAGMA_EMBEDDED_API,diagnostic_surface:parse,parser_declares_route_requiring_parser_remap_or_existing_sblr_binding_verification,PARSER_REMAP_ONLY,parser remap lead,public_execution_plan/final-sblr-sbsql-parser-remap-closure/,project/src/parsers/compatibility/duckdb/duckdb_dialect.cpp#kDiagnosticSurfaces:parse
duckdb,SQL_PRAGMA_EMBEDDED_API,diagnostic_surface:copy,parser_declares_noncluster_route_requiring_sblr_or_udr_expansion,IMPLEMENT_NONCLUSTER,sblr expansion lead,public_execution_plan/source-evidence/final-sblr-sbsql-sblr-expansion-closure/,project/src/parsers/compatibility/duckdb/duckdb_dialect.cpp#kDiagnosticSurfaces:copy
duckdb,SQL_PRAGMA_EMBEDDED_API,diagnostic_surface:security,parser_declares_noncluster_route_requiring_sblr_or_udr_expansion,IMPLEMENT_NONCLUSTER,sblr expansion lead,public_execution_plan/source-evidence/final-sblr-sbsql-sblr-expansion-closure/,project/src/parsers/compatibility/duckdb/duckdb_dialect.cpp#kDiagnosticSurfaces:security
duckdb,SQL_PRAGMA_EMBEDDED_API,diagnostic_surface:routine,parser_declares_noncluster_route_requiring_sblr_or_udr_expansion,IMPLEMENT_NONCLUSTER,sblr expansion lead,public_execution_plan/source-evidence/final-sblr-sbsql-sblr-expansion-closure/,project/src/parsers/compatibility/duckdb/duckdb_dialect.cpp#kDiagnosticSurfaces:routine
duckdb,SQL_PRAGMA_EMBEDDED_API,diagnostic_surface:pragma,parser_declares_noncluster_route_requiring_sblr_or_udr_expansion,IMPLEMENT_NONCLUSTER,sblr expansion lead,public_execution_plan/source-evidence/final-sblr-sbsql-sblr-expansion-closure/,project/src/parsers/compatibility/duckdb/duckdb_dialect.cpp#kDiagnosticSurfaces:pragma
firebird,FIREBIRD_SQL_SERVICE_API,firebird.lifecycle.create_database,parser_declares_route_requiring_parser_remap_or_existing_sblr_binding_verification,PARSER_REMAP_ONLY,parser remap lead,public_execution_plan/final-sblr-sbsql-parser-remap-closure/,project/src/parsers/compatibility/firebird/firebird_dialect.cpp#FirebirdMappingStorage:firebird.lifecycle.create_database
firebird,FIREBIRD_SQL_SERVICE_API,firebird.lifecycle.drop_database,parser_declares_route_requiring_parser_remap_or_existing_sblr_binding_verification,PARSER_REMAP_ONLY,parser remap lead,public_execution_plan/final-sblr-sbsql-parser-remap-closure/,project/src/parsers/compatibility/firebird/firebird_dialect.cpp#FirebirdMappingStorage:firebird.lifecycle.drop_database
firebird,FIREBIRD_SQL_SERVICE_API,firebird.lifecycle.attach_database,parser_declares_route_requiring_parser_remap_or_existing_sblr_binding_verification,PARSER_REMAP_ONLY,parser remap lead,public_execution_plan/final-sblr-sbsql-parser-remap-closure/,project/src/parsers/compatibility/firebird/firebird_dialect.cpp#FirebirdMappingStorage:firebird.lifecycle.attach_database
firebird,FIREBIRD_SQL_SERVICE_API,firebird.lifecycle.detach_database,parser_declares_route_requiring_parser_remap_or_existing_sblr_binding_verification,PARSER_REMAP_ONLY,parser remap lead,public_execution_plan/final-sblr-sbsql-parser-remap-closure/,project/src/parsers/compatibility/firebird/firebird_dialect.cpp#FirebirdMappingStorage:firebird.lifecycle.detach_database
firebird,FIREBIRD_SQL_SERVICE_API,firebird.lifecycle.verify_database,parser_declares_route_requiring_parser_remap_or_existing_sblr_binding_verification,PARSER_REMAP_ONLY,parser remap lead,public_execution_plan/final-sblr-sbsql-parser-remap-closure/,project/src/parsers/compatibility/firebird/firebird_dialect.cpp#FirebirdMappingStorage:firebird.lifecycle.verify_database
firebird,FIREBIRD_SQL_SERVICE_API,firebird.lifecycle.repair_database,parser_declares_route_requiring_parser_remap_or_existing_sblr_binding_verification,PARSER_REMAP_ONLY,parser remap lead,public_execution_plan/final-sblr-sbsql-parser-remap-closure/,project/src/parsers/compatibility/firebird/firebird_dialect.cpp#FirebirdMappingStorage:firebird.lifecycle.repair_database
firebird,FIREBIRD_SQL_SERVICE_API,firebird.dml.insert.returning,parser_declares_route_requiring_parser_remap_or_existing_sblr_binding_verification,PARSER_REMAP_ONLY,parser remap lead,public_execution_plan/final-sblr-sbsql-parser-remap-closure/,project/src/parsers/compatibility/firebird/firebird_dialect.cpp#ClassifyDmlOperation:firebird.dml.insert.returning
firebird,FIREBIRD_SQL_SERVICE_API,firebird.dml.insert,parser_declares_route_requiring_parser_remap_or_existing_sblr_binding_verification,PARSER_REMAP_ONLY,parser remap lead,public_execution_plan/final-sblr-sbsql-parser-remap-closure/,project/src/parsers/compatibility/firebird/firebird_dialect.cpp#ClassifyDmlOperation:firebird.dml.insert
firebird,FIREBIRD_SQL_SERVICE_API,firebird.dml.update_or_insert.returning,parser_declares_route_requiring_parser_remap_or_existing_sblr_binding_verification,PARSER_REMAP_ONLY,parser remap lead,public_execution_plan/final-sblr-sbsql-parser-remap-closure/,project/src/parsers/compatibility/firebird/firebird_dialect.cpp#ClassifyDmlOperation:firebird.dml.update_or_insert.returning
firebird,FIREBIRD_SQL_SERVICE_API,firebird.dml.update_or_insert,parser_declares_route_requiring_parser_remap_or_existing_sblr_binding_verification,PARSER_REMAP_ONLY,parser remap lead,public_execution_plan/final-sblr-sbsql-parser-remap-closure/,project/src/parsers/compatibility/firebird/firebird_dialect.cpp#ClassifyDmlOperation:firebird.dml.update_or_insert
firebird,FIREBIRD_SQL_SERVICE_API,firebird.dml.update.returning,parser_declares_route_requiring_parser_remap_or_existing_sblr_binding_verification,PARSER_REMAP_ONLY,parser remap lead,public_execution_plan/final-sblr-sbsql-parser-remap-closure/,project/src/parsers/compatibility/firebird/firebird_dialect.cpp#ClassifyDmlOperation:firebird.dml.update.returning
firebird,FIREBIRD_SQL_SERVICE_API,firebird.dml.update,parser_declares_route_requiring_parser_remap_or_existing_sblr_binding_verification,PARSER_REMAP_ONLY,parser remap lead,public_execution_plan/final-sblr-sbsql-parser-remap-closure/,project/src/parsers/compatibility/firebird/firebird_dialect.cpp#ClassifyDmlOperation:firebird.dml.update
firebird,FIREBIRD_SQL_SERVICE_API,firebird.dml.delete.returning,parser_declares_route_requiring_parser_remap_or_existing_sblr_binding_verification,PARSER_REMAP_ONLY,parser remap lead,public_execution_plan/final-sblr-sbsql-parser-remap-closure/,project/src/parsers/compatibility/firebird/firebird_dialect.cpp#ClassifyDmlOperation:firebird.dml.delete.returning
firebird,FIREBIRD_SQL_SERVICE_API,firebird.dml.delete,parser_declares_route_requiring_parser_remap_or_existing_sblr_binding_verification,PARSER_REMAP_ONLY,parser remap lead,public_execution_plan/final-sblr-sbsql-parser-remap-closure/,project/src/parsers/compatibility/firebird/firebird_dialect.cpp#ClassifyDmlOperation:firebird.dml.delete
firebird,FIREBIRD_SQL_SERVICE_API,firebird.dml.merge.returning,parser_declares_route_requiring_parser_remap_or_existing_sblr_binding_verification,PARSER_REMAP_ONLY,parser remap lead,public_execution_plan/final-sblr-sbsql-parser-remap-closure/,project/src/parsers/compatibility/firebird/firebird_dialect.cpp#ClassifyDmlOperation:firebird.dml.merge.returning
firebird,FIREBIRD_SQL_SERVICE_API,firebird.dml.merge,parser_declares_route_requiring_parser_remap_or_existing_sblr_binding_verification,PARSER_REMAP_ONLY,parser remap lead,public_execution_plan/final-sblr-sbsql-parser-remap-closure/,project/src/parsers/compatibility/firebird/firebird_dialect.cpp#ClassifyDmlOperation:firebird.dml.merge
firebird,FIREBIRD_SQL_SERVICE_API,firebird.expression.generator.gen_id,parser_declares_noncluster_route_requiring_sblr_or_udr_expansion,IMPLEMENT_NONCLUSTER,sblr expansion lead,public_execution_plan/source-evidence/final-sblr-sbsql-sblr-expansion-closure/,project/src/parsers/compatibility/firebird/firebird_dialect.cpp#ClassifyExpressionOperation:firebird.expression.generator.gen_id
firebird,FIREBIRD_SQL_SERVICE_API,firebird.expression.generator.next_value_for,parser_declares_noncluster_route_requiring_sblr_or_udr_expansion,IMPLEMENT_NONCLUSTER,sblr expansion lead,public_execution_plan/source-evidence/final-sblr-sbsql-sblr-expansion-closure/,project/src/parsers/compatibility/firebird/firebird_dialect.cpp#ClassifyExpressionOperation:firebird.expression.generator.next_value_for
firebird,FIREBIRD_SQL_SERVICE_API,firebird.expression.context.get,parser_declares_noncluster_route_requiring_sblr_or_udr_expansion,IMPLEMENT_NONCLUSTER,sblr expansion lead,public_execution_plan/source-evidence/final-sblr-sbsql-sblr-expansion-closure/,project/src/parsers/compatibility/firebird/firebird_dialect.cpp#ClassifyExpressionOperation:firebird.expression.context.get
firebird,FIREBIRD_SQL_SERVICE_API,firebird.expression.context.set,parser_declares_noncluster_route_requiring_sblr_or_udr_expansion,IMPLEMENT_NONCLUSTER,sblr expansion lead,public_execution_plan/source-evidence/final-sblr-sbsql-sblr-expansion-closure/,project/src/parsers/compatibility/firebird/firebird_dialect.cpp#ClassifyExpressionOperation:firebird.expression.context.set
firebird,FIREBIRD_SQL_SERVICE_API,firebird.expression.context.variable,parser_declares_noncluster_route_requiring_sblr_or_udr_expansion,IMPLEMENT_NONCLUSTER,sblr expansion lead,public_execution_plan/source-evidence/final-sblr-sbsql-sblr-expansion-closure/,project/src/parsers/compatibility/firebird/firebird_dialect.cpp#ClassifyExpressionOperation:firebird.expression.context.variable
firebird,FIREBIRD_SQL_SERVICE_API,firebird.expression.uuid.uuid_to_char,parser_declares_noncluster_route_requiring_sblr_or_udr_expansion,IMPLEMENT_NONCLUSTER,sblr expansion lead,public_execution_plan/source-evidence/final-sblr-sbsql-sblr-expansion-closure/,project/src/parsers/compatibility/firebird/firebird_dialect.cpp#ClassifyExpressionOperation:firebird.expression.uuid.uuid_to_char
firebird,FIREBIRD_SQL_SERVICE_API,firebird.expression.uuid.char_to_uuid,parser_declares_noncluster_route_requiring_sblr_or_udr_expansion,IMPLEMENT_NONCLUSTER,sblr expansion lead,public_execution_plan/source-evidence/final-sblr-sbsql-sblr-expansion-closure/,project/src/parsers/compatibility/firebird/firebird_dialect.cpp#ClassifyExpressionOperation:firebird.expression.uuid.char_to_uuid
firebird,FIREBIRD_SQL_SERVICE_API,firebird.expression.hash.hash,parser_declares_noncluster_route_requiring_sblr_or_udr_expansion,IMPLEMENT_NONCLUSTER,sblr expansion lead,public_execution_plan/source-evidence/final-sblr-sbsql-sblr-expansion-closure/,project/src/parsers/compatibility/firebird/firebird_dialect.cpp#ClassifyExpressionOperation:firebird.expression.hash.hash
firebird,FIREBIRD_SQL_SERVICE_API,firebird.expression.temporal,parser_declares_noncluster_route_requiring_sblr_or_udr_expansion,IMPLEMENT_NONCLUSTER,sblr expansion lead,public_execution_plan/source-evidence/final-sblr-sbsql-sblr-expansion-closure/,project/src/parsers/compatibility/firebird/firebird_dialect.cpp#ClassifyExpressionOperation:firebird.expression.temporal
firebird,FIREBIRD_SQL_SERVICE_API,firebird.expression.aggregate_window,parser_declares_noncluster_route_requiring_sblr_or_udr_expansion,IMPLEMENT_NONCLUSTER,sblr expansion lead,public_execution_plan/source-evidence/final-sblr-sbsql-sblr-expansion-closure/,project/src/parsers/compatibility/firebird/firebird_dialect.cpp#ClassifyExpressionOperation:firebird.expression.aggregate_window
firebird,FIREBIRD_SQL_SERVICE_API,firebird.expression.conditional,parser_declares_noncluster_route_requiring_sblr_or_udr_expansion,IMPLEMENT_NONCLUSTER,sblr expansion lead,public_execution_plan/source-evidence/final-sblr-sbsql-sblr-expansion-closure/,project/src/parsers/compatibility/firebird/firebird_dialect.cpp#ClassifyExpressionOperation:firebird.expression.conditional
firebird,FIREBIRD_SQL_SERVICE_API,firebird.expression.string,parser_declares_noncluster_route_requiring_sblr_or_udr_expansion,IMPLEMENT_NONCLUSTER,sblr expansion lead,public_execution_plan/source-evidence/final-sblr-sbsql-sblr-expansion-closure/,project/src/parsers/compatibility/firebird/firebird_dialect.cpp#ClassifyExpressionOperation:firebird.expression.string
firebird,FIREBIRD_SQL_SERVICE_API,firebird.expression.numeric,parser_declares_noncluster_route_requiring_sblr_or_udr_expansion,IMPLEMENT_NONCLUSTER,sblr expansion lead,public_execution_plan/source-evidence/final-sblr-sbsql-sblr-expansion-closure/,project/src/parsers/compatibility/firebird/firebird_dialect.cpp#ClassifyExpressionOperation:firebird.expression.numeric
firebird,FIREBIRD_SQL_SERVICE_API,firebird.datatype.domain.create,parser_declares_route_requiring_parser_remap_or_existing_sblr_binding_verification,PARSER_REMAP_ONLY,parser remap lead,public_execution_plan/final-sblr-sbsql-parser-remap-closure/,project/src/parsers/compatibility/firebird/firebird_dialect.cpp#ClassifyDatatypeOperation:firebird.datatype.domain.create
firebird,FIREBIRD_SQL_SERVICE_API,firebird.datatype.domain.alter,parser_declares_route_requiring_parser_remap_or_existing_sblr_binding_verification,PARSER_REMAP_ONLY,parser remap lead,public_execution_plan/final-sblr-sbsql-parser-remap-closure/,project/src/parsers/compatibility/firebird/firebird_dialect.cpp#ClassifyDatatypeOperation:firebird.datatype.domain.alter
firebird,FIREBIRD_SQL_SERVICE_API,firebird.datatype.domain.drop,parser_declares_route_requiring_parser_remap_or_existing_sblr_binding_verification,PARSER_REMAP_ONLY,parser remap lead,public_execution_plan/final-sblr-sbsql-parser-remap-closure/,project/src/parsers/compatibility/firebird/firebird_dialect.cpp#ClassifyDatatypeOperation:firebird.datatype.domain.drop
firebird,FIREBIRD_SQL_SERVICE_API,firebird.datatype.cast,parser_declares_route_requiring_parser_remap_or_existing_sblr_binding_verification,PARSER_REMAP_ONLY,parser remap lead,public_execution_plan/final-sblr-sbsql-parser-remap-closure/,project/src/parsers/compatibility/firebird/firebird_dialect.cpp#ClassifyDatatypeOperation:firebird.datatype.cast
firebird,FIREBIRD_SQL_SERVICE_API,firebird.datatype.temporal_literal,parser_declares_route_requiring_parser_remap_or_existing_sblr_binding_verification,PARSER_REMAP_ONLY,parser remap lead,public_execution_plan/final-sblr-sbsql-parser-remap-closure/,project/src/parsers/compatibility/firebird/firebird_dialect.cpp#ClassifyDatatypeOperation:firebird.datatype.temporal_literal
firebird,FIREBIRD_SQL_SERVICE_API,firebird.datatype.exact_numeric_descriptor,parser_declares_route_requiring_parser_remap_or_existing_sblr_binding_verification,PARSER_REMAP_ONLY,parser remap lead,public_execution_plan/final-sblr-sbsql-parser-remap-closure/,project/src/parsers/compatibility/firebird/firebird_dialect.cpp#ClassifyDatatypeOperation:firebird.datatype.exact_numeric_descriptor
firebird,FIREBIRD_SQL_SERVICE_API,firebird.datatype.text_blob_descriptor,parser_declares_route_requiring_parser_remap_or_existing_sblr_binding_verification,PARSER_REMAP_ONLY,parser remap lead,public_execution_plan/final-sblr-sbsql-parser-remap-closure/,project/src/parsers/compatibility/firebird/firebird_dialect.cpp#ClassifyDatatypeOperation:firebird.datatype.text_blob_descriptor
firebird,FIREBIRD_SQL_SERVICE_API,firebird.datatype.boolean_literal,parser_declares_route_requiring_parser_remap_or_existing_sblr_binding_verification,PARSER_REMAP_ONLY,parser remap lead,public_execution_plan/final-sblr-sbsql-parser-remap-closure/,project/src/parsers/compatibility/firebird/firebird_dialect.cpp#ClassifyDatatypeOperation:firebird.datatype.boolean_literal
firebird,FIREBIRD_SQL_SERVICE_API,firebird.catalog_overlay.information_schema,parser_declares_route_requiring_parser_remap_or_existing_sblr_binding_verification,PARSER_REMAP_ONLY,parser remap lead,public_execution_plan/final-sblr-sbsql-parser-remap-closure/,project/src/parsers/compatibility/firebird/firebird_dialect.cpp#ClassifyCatalogOverlayOperation:firebird.catalog_overlay.information_schema
firebird,FIREBIRD_SQL_SERVICE_API,firebird.catalog_overlay.monitoring,parser_declares_route_requiring_parser_remap_or_existing_sblr_binding_verification,PARSER_REMAP_ONLY,parser remap lead,public_execution_plan/final-sblr-sbsql-parser-remap-closure/,project/src/parsers/compatibility/firebird/firebird_dialect.cpp#ClassifyCatalogOverlayOperation:firebird.catalog_overlay.monitoring
firebird,FIREBIRD_SQL_SERVICE_API,firebird.catalog_overlay.security,parser_declares_route_requiring_parser_remap_or_existing_sblr_binding_verification,PARSER_REMAP_ONLY,parser remap lead,public_execution_plan/final-sblr-sbsql-parser-remap-closure/,project/src/parsers/compatibility/firebird/firebird_dialect.cpp#ClassifyCatalogOverlayOperation:firebird.catalog_overlay.security
firebird,FIREBIRD_SQL_SERVICE_API,firebird.catalog_overlay.constraints_indexes,parser_declares_route_requiring_parser_remap_or_existing_sblr_binding_verification,PARSER_REMAP_ONLY,parser remap lead,public_execution_plan/final-sblr-sbsql-parser-remap-closure/,project/src/parsers/compatibility/firebird/firebird_dialect.cpp#ClassifyCatalogOverlayOperation:firebird.catalog_overlay.constraints_indexes
firebird,FIREBIRD_SQL_SERVICE_API,firebird.catalog_overlay.routines_triggers_packages,parser_declares_route_requiring_parser_remap_or_existing_sblr_binding_verification,PARSER_REMAP_ONLY,parser remap lead,public_execution_plan/final-sblr-sbsql-parser-remap-closure/,project/src/parsers/compatibility/firebird/firebird_dialect.cpp#ClassifyCatalogOverlayOperation:firebird.catalog_overlay.routines_triggers_packages
firebird,FIREBIRD_SQL_SERVICE_API,firebird.catalog_overlay.exceptions_collations_charsets,parser_declares_route_requiring_parser_remap_or_existing_sblr_binding_verification,PARSER_REMAP_ONLY,parser remap lead,public_execution_plan/final-sblr-sbsql-parser-remap-closure/,project/src/parsers/compatibility/firebird/firebird_dialect.cpp#ClassifyCatalogOverlayOperation:firebird.catalog_overlay.exceptions_collations_charsets
firebird,FIREBIRD_SQL_SERVICE_API,firebird.catalog_overlay.rdb_core,parser_declares_route_requiring_parser_remap_or_existing_sblr_binding_verification,PARSER_REMAP_ONLY,parser remap lead,public_execution_plan/final-sblr-sbsql-parser-remap-closure/,project/src/parsers/compatibility/firebird/firebird_dialect.cpp#ClassifyCatalogOverlayOperation:firebird.catalog_overlay.rdb_core
firebird,FIREBIRD_SQL_SERVICE_API,firebird.psql.execute_block,parser_declares_noncluster_route_requiring_sblr_or_udr_expansion,IMPLEMENT_NONCLUSTER,sblr expansion lead,public_execution_plan/source-evidence/final-sblr-sbsql-sblr-expansion-closure/,project/src/parsers/compatibility/firebird/firebird_dialect.cpp#ClassifyPsqlOperation:firebird.psql.execute_block
firebird,FIREBIRD_SQL_SERVICE_API,firebird.psql.execute_statement,parser_declares_noncluster_route_requiring_sblr_or_udr_expansion,IMPLEMENT_NONCLUSTER,sblr expansion lead,public_execution_plan/source-evidence/final-sblr-sbsql-sblr-expansion-closure/,project/src/parsers/compatibility/firebird/firebird_dialect.cpp#ClassifyPsqlOperation:firebird.psql.execute_statement
firebird,FIREBIRD_SQL_SERVICE_API,firebird.psql.block_fragment,parser_declares_noncluster_route_requiring_sblr_or_udr_expansion,IMPLEMENT_NONCLUSTER,sblr expansion lead,public_execution_plan/source-evidence/final-sblr-sbsql-sblr-expansion-closure/,project/src/parsers/compatibility/firebird/firebird_dialect.cpp#ClassifyPsqlOperation:firebird.psql.block_fragment
firebird,FIREBIRD_SQL_SERVICE_API,firebird.psql.assignment_fragment,parser_declares_noncluster_route_requiring_sblr_or_udr_expansion,IMPLEMENT_NONCLUSTER,sblr expansion lead,public_execution_plan/source-evidence/final-sblr-sbsql-sblr-expansion-closure/,project/src/parsers/compatibility/firebird/firebird_dialect.cpp#ClassifyPsqlOperation:firebird.psql.assignment_fragment
firebird,FIREBIRD_SQL_SERVICE_API,firebird.query.select.first_skip_rows,parser_declares_route_requiring_parser_remap_or_existing_sblr_binding_verification,PARSER_REMAP_ONLY,parser remap lead,public_execution_plan/final-sblr-sbsql-parser-remap-closure/,project/src/parsers/compatibility/firebird/firebird_dialect.cpp#ClassifyQueryOperation:firebird.query.select.first_skip_rows
firebird,FIREBIRD_SQL_SERVICE_API,firebird.query.cursor.for_update,parser_declares_route_requiring_parser_remap_or_existing_sblr_binding_verification,PARSER_REMAP_ONLY,parser remap lead,public_execution_plan/final-sblr-sbsql-parser-remap-closure/,project/src/parsers/compatibility/firebird/firebird_dialect.cpp#ClassifyQueryOperation:firebird.query.cursor.for_update
firebird,FIREBIRD_SQL_SERVICE_API,firebird.query.select,parser_declares_route_requiring_parser_remap_or_existing_sblr_binding_verification,PARSER_REMAP_ONLY,parser remap lead,public_execution_plan/final-sblr-sbsql-parser-remap-closure/,project/src/parsers/compatibility/firebird/firebird_dialect.cpp#ClassifyQueryOperation:firebird.query.select
firebird,FIREBIRD_SQL_SERVICE_API,firebird.dml.cursor.update_current_of,parser_declares_route_requiring_parser_remap_or_existing_sblr_binding_verification,PARSER_REMAP_ONLY,parser remap lead,public_execution_plan/final-sblr-sbsql-parser-remap-closure/,project/src/parsers/compatibility/firebird/firebird_dialect.cpp#ClassifyDmlOperation:firebird.dml.cursor.update_current_of
firebird,FIREBIRD_SQL_SERVICE_API,firebird.dml.cursor.delete_current_of,parser_declares_route_requiring_parser_remap_or_existing_sblr_binding_verification,PARSER_REMAP_ONLY,parser remap lead,public_execution_plan/final-sblr-sbsql-parser-remap-closure/,project/src/parsers/compatibility/firebird/firebird_dialect.cpp#ClassifyDmlOperation:firebird.dml.cursor.delete_current_of
firebird,FIREBIRD_SQL_SERVICE_API,firebird.dml.execute_procedure,parser_declares_route_requiring_parser_remap_or_existing_sblr_binding_verification,PARSER_REMAP_ONLY,parser remap lead,public_execution_plan/final-sblr-sbsql-parser-remap-closure/,project/src/parsers/compatibility/firebird/firebird_dialect.cpp#ClassifyDmlOperation:firebird.dml.execute_procedure
firebird,FIREBIRD_SQL_SERVICE_API,firebird.dml.call,parser_declares_route_requiring_parser_remap_or_existing_sblr_binding_verification,PARSER_REMAP_ONLY,parser remap lead,public_execution_plan/final-sblr-sbsql-parser-remap-closure/,project/src/parsers/compatibility/firebird/firebird_dialect.cpp#ClassifyDmlOperation:firebird.dml.call
firebird,FIREBIRD_SQL_SERVICE_API,firebird.ddl.create_or_alter,parser_declares_route_requiring_parser_remap_or_existing_sblr_binding_verification,PARSER_REMAP_ONLY,parser remap lead,public_execution_plan/final-sblr-sbsql-parser-remap-closure/,project/src/parsers/compatibility/firebird/firebird_dialect.cpp#ClassifyDdlOperation:firebird.ddl.create_or_alter
firebird,FIREBIRD_SQL_SERVICE_API,firebird.ddl.create,parser_declares_route_requiring_parser_remap_or_existing_sblr_binding_verification,PARSER_REMAP_ONLY,parser remap lead,public_execution_plan/final-sblr-sbsql-parser-remap-closure/,project/src/parsers/compatibility/firebird/firebird_dialect.cpp#ClassifyDdlOperation:firebird.ddl.create
firebird,FIREBIRD_SQL_SERVICE_API,firebird.ddl.alter,parser_declares_route_requiring_parser_remap_or_existing_sblr_binding_verification,PARSER_REMAP_ONLY,parser remap lead,public_execution_plan/final-sblr-sbsql-parser-remap-closure/,project/src/parsers/compatibility/firebird/firebird_dialect.cpp#ClassifyDdlOperation:firebird.ddl.alter
firebird,FIREBIRD_SQL_SERVICE_API,firebird.ddl.drop,parser_declares_route_requiring_parser_remap_or_existing_sblr_binding_verification,PARSER_REMAP_ONLY,parser remap lead,public_execution_plan/final-sblr-sbsql-parser-remap-closure/,project/src/parsers/compatibility/firebird/firebird_dialect.cpp#ClassifyDdlOperation:firebird.ddl.drop
firebird,FIREBIRD_SQL_SERVICE_API,firebird.ddl.recreate,parser_declares_route_requiring_parser_remap_or_existing_sblr_binding_verification,PARSER_REMAP_ONLY,parser remap lead,public_execution_plan/final-sblr-sbsql-parser-remap-closure/,project/src/parsers/compatibility/firebird/firebird_dialect.cpp#ClassifyDdlOperation:firebird.ddl.recreate
firebird,FIREBIRD_SQL_SERVICE_API,firebird.ddl.comment,parser_declares_route_requiring_parser_remap_or_existing_sblr_binding_verification,PARSER_REMAP_ONLY,parser remap lead,public_execution_plan/final-sblr-sbsql-parser-remap-closure/,project/src/parsers/compatibility/firebird/firebird_dialect.cpp#ClassifyDdlOperation:firebird.ddl.comment
firebird,FIREBIRD_SQL_SERVICE_API,firebird.ddl.grant,parser_declares_route_requiring_parser_remap_or_existing_sblr_binding_verification,PARSER_REMAP_ONLY,parser remap lead,public_execution_plan/final-sblr-sbsql-parser-remap-closure/,project/src/parsers/compatibility/firebird/firebird_dialect.cpp#ClassifyDdlOperation:firebird.ddl.grant
firebird,FIREBIRD_SQL_SERVICE_API,firebird.ddl.revoke,parser_declares_route_requiring_parser_remap_or_existing_sblr_binding_verification,PARSER_REMAP_ONLY,parser remap lead,public_execution_plan/final-sblr-sbsql-parser-remap-closure/,project/src/parsers/compatibility/firebird/firebird_dialect.cpp#ClassifyDdlOperation:firebird.ddl.revoke
firebird,FIREBIRD_SQL_SERVICE_API,firebird.ddl.create_or_alter.package_body,parser_declares_route_requiring_parser_remap_or_existing_sblr_binding_verification,PARSER_REMAP_ONLY,parser remap lead,public_execution_plan/final-sblr-sbsql-parser-remap-closure/,project/src/parsers/compatibility/firebird/firebird_dialect.cpp#ClassifyRoutineDdlOperation:firebird.ddl.create_or_alter.package_body
firebird,FIREBIRD_SQL_SERVICE_API,firebird.ddl.create_or_alter.procedure,parser_declares_route_requiring_parser_remap_or_existing_sblr_binding_verification,PARSER_REMAP_ONLY,parser remap lead,public_execution_plan/final-sblr-sbsql-parser-remap-closure/,project/src/parsers/compatibility/firebird/firebird_dialect.cpp#ClassifyRoutineDdlOperation:firebird.ddl.create_or_alter.procedure
firebird,FIREBIRD_SQL_SERVICE_API,firebird.ddl.create_or_alter.function,parser_declares_route_requiring_parser_remap_or_existing_sblr_binding_verification,PARSER_REMAP_ONLY,parser remap lead,public_execution_plan/final-sblr-sbsql-parser-remap-closure/,project/src/parsers/compatibility/firebird/firebird_dialect.cpp#ClassifyRoutineDdlOperation:firebird.ddl.create_or_alter.function
firebird,FIREBIRD_SQL_SERVICE_API,firebird.ddl.create_or_alter.package,parser_declares_route_requiring_parser_remap_or_existing_sblr_binding_verification,PARSER_REMAP_ONLY,parser remap lead,public_execution_plan/final-sblr-sbsql-parser-remap-closure/,project/src/parsers/compatibility/firebird/firebird_dialect.cpp#ClassifyRoutineDdlOperation:firebird.ddl.create_or_alter.package
firebird,FIREBIRD_SQL_SERVICE_API,firebird.ddl.create_or_alter.trigger,parser_declares_route_requiring_parser_remap_or_existing_sblr_binding_verification,PARSER_REMAP_ONLY,parser remap lead,public_execution_plan/final-sblr-sbsql-parser-remap-closure/,project/src/parsers/compatibility/firebird/firebird_dialect.cpp#ClassifyRoutineDdlOperation:firebird.ddl.create_or_alter.trigger
firebird,FIREBIRD_SQL_SERVICE_API,firebird.ddl.create_or_alter.exception,parser_declares_route_requiring_parser_remap_or_existing_sblr_binding_verification,PARSER_REMAP_ONLY,parser remap lead,public_execution_plan/final-sblr-sbsql-parser-remap-closure/,project/src/parsers/compatibility/firebird/firebird_dialect.cpp#ClassifyRoutineDdlOperation:firebird.ddl.create_or_alter.exception
firebird,FIREBIRD_SQL_SERVICE_API,firebird.ddl.create_or_alter.sequence,parser_declares_route_requiring_parser_remap_or_existing_sblr_binding_verification,PARSER_REMAP_ONLY,parser remap lead,public_execution_plan/final-sblr-sbsql-parser-remap-closure/,project/src/parsers/compatibility/firebird/firebird_dialect.cpp#ClassifyRoutineDdlOperation:firebird.ddl.create_or_alter.sequence
firebird,FIREBIRD_SQL_SERVICE_API,firebird.ddl.create_or_alter.role,parser_declares_route_requiring_parser_remap_or_existing_sblr_binding_verification,PARSER_REMAP_ONLY,parser remap lead,public_execution_plan/final-sblr-sbsql-parser-remap-closure/,project/src/parsers/compatibility/firebird/firebird_dialect.cpp#ClassifyRoutineDdlOperation:firebird.ddl.create_or_alter.role
firebird,FIREBIRD_SQL_SERVICE_API,firebird.ddl.create_or_alter.user,parser_declares_route_requiring_parser_remap_or_existing_sblr_binding_verification,PARSER_REMAP_ONLY,parser remap lead,public_execution_plan/final-sblr-sbsql-parser-remap-closure/,project/src/parsers/compatibility/firebird/firebird_dialect.cpp#ClassifyRoutineDdlOperation:firebird.ddl.create_or_alter.user
firebird,FIREBIRD_SQL_SERVICE_API,firebird.ddl.create.package_body,parser_declares_route_requiring_parser_remap_or_existing_sblr_binding_verification,PARSER_REMAP_ONLY,parser remap lead,public_execution_plan/final-sblr-sbsql-parser-remap-closure/,project/src/parsers/compatibility/firebird/firebird_dialect.cpp#ClassifyRoutineDdlOperation:firebird.ddl.create.package_body
firebird,FIREBIRD_SQL_SERVICE_API,firebird.ddl.create.procedure,parser_declares_route_requiring_parser_remap_or_existing_sblr_binding_verification,PARSER_REMAP_ONLY,parser remap lead,public_execution_plan/final-sblr-sbsql-parser-remap-closure/,project/src/parsers/compatibility/firebird/firebird_dialect.cpp#ClassifyRoutineDdlOperation:firebird.ddl.create.procedure
firebird,FIREBIRD_SQL_SERVICE_API,firebird.ddl.create.function,parser_declares_route_requiring_parser_remap_or_existing_sblr_binding_verification,PARSER_REMAP_ONLY,parser remap lead,public_execution_plan/final-sblr-sbsql-parser-remap-closure/,project/src/parsers/compatibility/firebird/firebird_dialect.cpp#ClassifyRoutineDdlOperation:firebird.ddl.create.function
firebird,FIREBIRD_SQL_SERVICE_API,firebird.ddl.create.package,parser_declares_route_requiring_parser_remap_or_existing_sblr_binding_verification,PARSER_REMAP_ONLY,parser remap lead,public_execution_plan/final-sblr-sbsql-parser-remap-closure/,project/src/parsers/compatibility/firebird/firebird_dialect.cpp#ClassifyRoutineDdlOperation:firebird.ddl.create.package
firebird,FIREBIRD_SQL_SERVICE_API,firebird.ddl.create.trigger,parser_declares_route_requiring_parser_remap_or_existing_sblr_binding_verification,PARSER_REMAP_ONLY,parser remap lead,public_execution_plan/final-sblr-sbsql-parser-remap-closure/,project/src/parsers/compatibility/firebird/firebird_dialect.cpp#ClassifyRoutineDdlOperation:firebird.ddl.create.trigger
firebird,FIREBIRD_SQL_SERVICE_API,firebird.ddl.create.exception,parser_declares_route_requiring_parser_remap_or_existing_sblr_binding_verification,PARSER_REMAP_ONLY,parser remap lead,public_execution_plan/final-sblr-sbsql-parser-remap-closure/,project/src/parsers/compatibility/firebird/firebird_dialect.cpp#ClassifyRoutineDdlOperation:firebird.ddl.create.exception
firebird,FIREBIRD_SQL_SERVICE_API,firebird.ddl.create.sequence,parser_declares_route_requiring_parser_remap_or_existing_sblr_binding_verification,PARSER_REMAP_ONLY,parser remap lead,public_execution_plan/final-sblr-sbsql-parser-remap-closure/,project/src/parsers/compatibility/firebird/firebird_dialect.cpp#ClassifyRoutineDdlOperation:firebird.ddl.create.sequence
firebird,FIREBIRD_SQL_SERVICE_API,firebird.ddl.create.role,parser_declares_route_requiring_parser_remap_or_existing_sblr_binding_verification,PARSER_REMAP_ONLY,parser remap lead,public_execution_plan/final-sblr-sbsql-parser-remap-closure/,project/src/parsers/compatibility/firebird/firebird_dialect.cpp#ClassifyRoutineDdlOperation:firebird.ddl.create.role
firebird,FIREBIRD_SQL_SERVICE_API,firebird.ddl.create.user,parser_declares_route_requiring_parser_remap_or_existing_sblr_binding_verification,PARSER_REMAP_ONLY,parser remap lead,public_execution_plan/final-sblr-sbsql-parser-remap-closure/,project/src/parsers/compatibility/firebird/firebird_dialect.cpp#ClassifyRoutineDdlOperation:firebird.ddl.create.user
firebird,FIREBIRD_SQL_SERVICE_API,firebird.ddl.alter.package_body,parser_declares_route_requiring_parser_remap_or_existing_sblr_binding_verification,PARSER_REMAP_ONLY,parser remap lead,public_execution_plan/final-sblr-sbsql-parser-remap-closure/,project/src/parsers/compatibility/firebird/firebird_dialect.cpp#ClassifyRoutineDdlOperation:firebird.ddl.alter.package_body
firebird,FIREBIRD_SQL_SERVICE_API,firebird.ddl.alter.procedure,parser_declares_route_requiring_parser_remap_or_existing_sblr_binding_verification,PARSER_REMAP_ONLY,parser remap lead,public_execution_plan/final-sblr-sbsql-parser-remap-closure/,project/src/parsers/compatibility/firebird/firebird_dialect.cpp#ClassifyRoutineDdlOperation:firebird.ddl.alter.procedure
firebird,FIREBIRD_SQL_SERVICE_API,firebird.ddl.alter.function,parser_declares_route_requiring_parser_remap_or_existing_sblr_binding_verification,PARSER_REMAP_ONLY,parser remap lead,public_execution_plan/final-sblr-sbsql-parser-remap-closure/,project/src/parsers/compatibility/firebird/firebird_dialect.cpp#ClassifyRoutineDdlOperation:firebird.ddl.alter.function
firebird,FIREBIRD_SQL_SERVICE_API,firebird.ddl.alter.package,parser_declares_route_requiring_parser_remap_or_existing_sblr_binding_verification,PARSER_REMAP_ONLY,parser remap lead,public_execution_plan/final-sblr-sbsql-parser-remap-closure/,project/src/parsers/compatibility/firebird/firebird_dialect.cpp#ClassifyRoutineDdlOperation:firebird.ddl.alter.package
firebird,FIREBIRD_SQL_SERVICE_API,firebird.ddl.alter.trigger,parser_declares_route_requiring_parser_remap_or_existing_sblr_binding_verification,PARSER_REMAP_ONLY,parser remap lead,public_execution_plan/final-sblr-sbsql-parser-remap-closure/,project/src/parsers/compatibility/firebird/firebird_dialect.cpp#ClassifyRoutineDdlOperation:firebird.ddl.alter.trigger
firebird,FIREBIRD_SQL_SERVICE_API,firebird.ddl.alter.exception,parser_declares_route_requiring_parser_remap_or_existing_sblr_binding_verification,PARSER_REMAP_ONLY,parser remap lead,public_execution_plan/final-sblr-sbsql-parser-remap-closure/,project/src/parsers/compatibility/firebird/firebird_dialect.cpp#ClassifyRoutineDdlOperation:firebird.ddl.alter.exception
firebird,FIREBIRD_SQL_SERVICE_API,firebird.ddl.alter.sequence,parser_declares_route_requiring_parser_remap_or_existing_sblr_binding_verification,PARSER_REMAP_ONLY,parser remap lead,public_execution_plan/final-sblr-sbsql-parser-remap-closure/,project/src/parsers/compatibility/firebird/firebird_dialect.cpp#ClassifyRoutineDdlOperation:firebird.ddl.alter.sequence
firebird,FIREBIRD_SQL_SERVICE_API,firebird.ddl.alter.role,parser_declares_route_requiring_parser_remap_or_existing_sblr_binding_verification,PARSER_REMAP_ONLY,parser remap lead,public_execution_plan/final-sblr-sbsql-parser-remap-closure/,project/src/parsers/compatibility/firebird/firebird_dialect.cpp#ClassifyRoutineDdlOperation:firebird.ddl.alter.role
firebird,FIREBIRD_SQL_SERVICE_API,firebird.ddl.alter.user,parser_declares_route_requiring_parser_remap_or_existing_sblr_binding_verification,PARSER_REMAP_ONLY,parser remap lead,public_execution_plan/final-sblr-sbsql-parser-remap-closure/,project/src/parsers/compatibility/firebird/firebird_dialect.cpp#ClassifyRoutineDdlOperation:firebird.ddl.alter.user
firebird,FIREBIRD_SQL_SERVICE_API,firebird.ddl.drop.package_body,parser_declares_route_requiring_parser_remap_or_existing_sblr_binding_verification,PARSER_REMAP_ONLY,parser remap lead,public_execution_plan/final-sblr-sbsql-parser-remap-closure/,project/src/parsers/compatibility/firebird/firebird_dialect.cpp#ClassifyRoutineDdlOperation:firebird.ddl.drop.package_body
firebird,FIREBIRD_SQL_SERVICE_API,firebird.ddl.drop.procedure,parser_declares_route_requiring_parser_remap_or_existing_sblr_binding_verification,PARSER_REMAP_ONLY,parser remap lead,public_execution_plan/final-sblr-sbsql-parser-remap-closure/,project/src/parsers/compatibility/firebird/firebird_dialect.cpp#ClassifyRoutineDdlOperation:firebird.ddl.drop.procedure
firebird,FIREBIRD_SQL_SERVICE_API,firebird.ddl.drop.function,parser_declares_route_requiring_parser_remap_or_existing_sblr_binding_verification,PARSER_REMAP_ONLY,parser remap lead,public_execution_plan/final-sblr-sbsql-parser-remap-closure/,project/src/parsers/compatibility/firebird/firebird_dialect.cpp#ClassifyRoutineDdlOperation:firebird.ddl.drop.function
firebird,FIREBIRD_SQL_SERVICE_API,firebird.ddl.drop.package,parser_declares_route_requiring_parser_remap_or_existing_sblr_binding_verification,PARSER_REMAP_ONLY,parser remap lead,public_execution_plan/final-sblr-sbsql-parser-remap-closure/,project/src/parsers/compatibility/firebird/firebird_dialect.cpp#ClassifyRoutineDdlOperation:firebird.ddl.drop.package
firebird,FIREBIRD_SQL_SERVICE_API,firebird.ddl.drop.trigger,parser_declares_route_requiring_parser_remap_or_existing_sblr_binding_verification,PARSER_REMAP_ONLY,parser remap lead,public_execution_plan/final-sblr-sbsql-parser-remap-closure/,project/src/parsers/compatibility/firebird/firebird_dialect.cpp#ClassifyRoutineDdlOperation:firebird.ddl.drop.trigger
firebird,FIREBIRD_SQL_SERVICE_API,firebird.ddl.drop.exception,parser_declares_route_requiring_parser_remap_or_existing_sblr_binding_verification,PARSER_REMAP_ONLY,parser remap lead,public_execution_plan/final-sblr-sbsql-parser-remap-closure/,project/src/parsers/compatibility/firebird/firebird_dialect.cpp#ClassifyRoutineDdlOperation:firebird.ddl.drop.exception
firebird,FIREBIRD_SQL_SERVICE_API,firebird.ddl.drop.sequence,parser_declares_route_requiring_parser_remap_or_existing_sblr_binding_verification,PARSER_REMAP_ONLY,parser remap lead,public_execution_plan/final-sblr-sbsql-parser-remap-closure/,project/src/parsers/compatibility/firebird/firebird_dialect.cpp#ClassifyRoutineDdlOperation:firebird.ddl.drop.sequence
firebird,FIREBIRD_SQL_SERVICE_API,firebird.ddl.drop.role,parser_declares_route_requiring_parser_remap_or_existing_sblr_binding_verification,PARSER_REMAP_ONLY,parser remap lead,public_execution_plan/final-sblr-sbsql-parser-remap-closure/,project/src/parsers/compatibility/firebird/firebird_dialect.cpp#ClassifyRoutineDdlOperation:firebird.ddl.drop.role
firebird,FIREBIRD_SQL_SERVICE_API,firebird.ddl.drop.user,parser_declares_route_requiring_parser_remap_or_existing_sblr_binding_verification,PARSER_REMAP_ONLY,parser remap lead,public_execution_plan/final-sblr-sbsql-parser-remap-closure/,project/src/parsers/compatibility/firebird/firebird_dialect.cpp#ClassifyRoutineDdlOperation:firebird.ddl.drop.user
firebird,FIREBIRD_SQL_SERVICE_API,firebird.transaction.set_transaction,parser_declares_route_requiring_parser_remap_or_existing_sblr_binding_verification,PARSER_REMAP_ONLY,parser remap lead,public_execution_plan/final-sblr-sbsql-parser-remap-closure/,project/src/parsers/compatibility/firebird/firebird_dialect.cpp#ParseStatement:firebird.transaction.set_transaction
firebird,FIREBIRD_SQL_SERVICE_API,firebird.transaction.savepoint,parser_declares_route_requiring_parser_remap_or_existing_sblr_binding_verification,PARSER_REMAP_ONLY,parser remap lead,public_execution_plan/final-sblr-sbsql-parser-remap-closure/,project/src/parsers/compatibility/firebird/firebird_dialect.cpp#ParseStatement:firebird.transaction.savepoint
firebird,FIREBIRD_SQL_SERVICE_API,firebird.transaction.control,parser_declares_route_requiring_parser_remap_or_existing_sblr_binding_verification,PARSER_REMAP_ONLY,parser remap lead,public_execution_plan/final-sblr-sbsql-parser-remap-closure/,project/src/parsers/compatibility/firebird/firebird_dialect.cpp#ParseStatement:firebird.transaction.control
foundationdb,TRANSACTION_KV_TUPLE_DIRECTORY_API,foundationdb.kv.get_range,parser_declares_route_requiring_parser_remap_or_existing_sblr_binding_verification,PARSER_REMAP_ONLY,parser remap lead,public_execution_plan/final-sblr-sbsql-parser-remap-closure/,project/src/parsers/compatibility/foundationdb/foundationdb_dialect.cpp#kPatterns:foundationdb.kv.get_range
foundationdb,TRANSACTION_KV_TUPLE_DIRECTORY_API,foundationdb.kv.get_key,parser_declares_route_requiring_parser_remap_or_existing_sblr_binding_verification,PARSER_REMAP_ONLY,parser remap lead,public_execution_plan/final-sblr-sbsql-parser-remap-closure/,project/src/parsers/compatibility/foundationdb/foundationdb_dialect.cpp#kPatterns:foundationdb.kv.get_key
foundationdb,TRANSACTION_KV_TUPLE_DIRECTORY_API,foundationdb.kv.get,parser_declares_route_requiring_parser_remap_or_existing_sblr_binding_verification,PARSER_REMAP_ONLY,parser remap lead,public_execution_plan/final-sblr-sbsql-parser-remap-closure/,project/src/parsers/compatibility/foundationdb/foundationdb_dialect.cpp#kPatterns:foundationdb.kv.get
foundationdb,TRANSACTION_KV_TUPLE_DIRECTORY_API,foundationdb.kv.clear_range,parser_declares_route_requiring_parser_remap_or_existing_sblr_binding_verification,PARSER_REMAP_ONLY,parser remap lead,public_execution_plan/final-sblr-sbsql-parser-remap-closure/,project/src/parsers/compatibility/foundationdb/foundationdb_dialect.cpp#kPatterns:foundationdb.kv.clear_range
foundationdb,TRANSACTION_KV_TUPLE_DIRECTORY_API,foundationdb.kv.clear,parser_declares_route_requiring_parser_remap_or_existing_sblr_binding_verification,PARSER_REMAP_ONLY,parser remap lead,public_execution_plan/final-sblr-sbsql-parser-remap-closure/,project/src/parsers/compatibility/foundationdb/foundationdb_dialect.cpp#kPatterns:foundationdb.kv.clear
foundationdb,TRANSACTION_KV_TUPLE_DIRECTORY_API,foundationdb.kv.set_versionstamped,parser_declares_noncluster_route_requiring_sblr_or_udr_expansion,IMPLEMENT_NONCLUSTER,sblr expansion lead,public_execution_plan/source-evidence/final-sblr-sbsql-sblr-expansion-closure/,project/src/parsers/compatibility/foundationdb/foundationdb_dialect.cpp#kPatterns:foundationdb.kv.set_versionstamped
foundationdb,TRANSACTION_KV_TUPLE_DIRECTORY_API,foundationdb.kv.set,parser_declares_route_requiring_parser_remap_or_existing_sblr_binding_verification,PARSER_REMAP_ONLY,parser remap lead,public_execution_plan/final-sblr-sbsql-parser-remap-closure/,project/src/parsers/compatibility/foundationdb/foundationdb_dialect.cpp#kPatterns:foundationdb.kv.set
foundationdb,TRANSACTION_KV_TUPLE_DIRECTORY_API,foundationdb.kv.atomic_op,parser_declares_noncluster_route_requiring_sblr_or_udr_expansion,IMPLEMENT_NONCLUSTER,sblr expansion lead,public_execution_plan/source-evidence/final-sblr-sbsql-sblr-expansion-closure/,project/src/parsers/compatibility/foundationdb/foundationdb_dialect.cpp#kPatterns:foundationdb.kv.atomic_op
foundationdb,TRANSACTION_KV_TUPLE_DIRECTORY_API,foundationdb.kv.watch,parser_declares_noncluster_route_requiring_sblr_or_udr_expansion,IMPLEMENT_NONCLUSTER,sblr expansion lead,public_execution_plan/source-evidence/final-sblr-sbsql-sblr-expansion-closure/,project/src/parsers/compatibility/foundationdb/foundationdb_dialect.cpp#kPatterns:foundationdb.kv.watch
foundationdb,TRANSACTION_KV_TUPLE_DIRECTORY_API,foundationdb.directory.create,parser_declares_noncluster_route_requiring_sblr_or_udr_expansion,IMPLEMENT_NONCLUSTER,sblr expansion lead,public_execution_plan/source-evidence/final-sblr-sbsql-sblr-expansion-closure/,project/src/parsers/compatibility/foundationdb/foundationdb_dialect.cpp#kPatterns:foundationdb.directory.create
foundationdb,TRANSACTION_KV_TUPLE_DIRECTORY_API,foundationdb.directory.open,parser_declares_route_requiring_parser_remap_or_existing_sblr_binding_verification,PARSER_REMAP_ONLY,parser remap lead,public_execution_plan/final-sblr-sbsql-parser-remap-closure/,project/src/parsers/compatibility/foundationdb/foundationdb_dialect.cpp#kPatterns:foundationdb.directory.open
foundationdb,TRANSACTION_KV_TUPLE_DIRECTORY_API,foundationdb.directory.remove,parser_declares_noncluster_route_requiring_sblr_or_udr_expansion,IMPLEMENT_NONCLUSTER,sblr expansion lead,public_execution_plan/source-evidence/final-sblr-sbsql-sblr-expansion-closure/,project/src/parsers/compatibility/foundationdb/foundationdb_dialect.cpp#kPatterns:foundationdb.directory.remove
foundationdb,TRANSACTION_KV_TUPLE_DIRECTORY_API,foundationdb.tuple.pack,parser_declares_noncluster_route_requiring_sblr_or_udr_expansion,IMPLEMENT_NONCLUSTER,sblr expansion lead,public_execution_plan/source-evidence/final-sblr-sbsql-sblr-expansion-closure/,project/src/parsers/compatibility/foundationdb/foundationdb_dialect.cpp#kPatterns:foundationdb.tuple.pack
foundationdb,TRANSACTION_KV_TUPLE_DIRECTORY_API,foundationdb.tuple.unpack,parser_declares_noncluster_route_requiring_sblr_or_udr_expansion,IMPLEMENT_NONCLUSTER,sblr expansion lead,public_execution_plan/source-evidence/final-sblr-sbsql-sblr-expansion-closure/,project/src/parsers/compatibility/foundationdb/foundationdb_dialect.cpp#kPatterns:foundationdb.tuple.unpack
foundationdb,TRANSACTION_KV_TUPLE_DIRECTORY_API,foundationdb.tenant.create,parser_declares_noncluster_route_requiring_sblr_or_udr_expansion,IMPLEMENT_NONCLUSTER,sblr expansion lead,public_execution_plan/source-evidence/final-sblr-sbsql-sblr-expansion-closure/,project/src/parsers/compatibility/foundationdb/foundationdb_dialect.cpp#kPatterns:foundationdb.tenant.create
foundationdb,TRANSACTION_KV_TUPLE_DIRECTORY_API,foundationdb.tenant.delete,parser_declares_noncluster_route_requiring_sblr_or_udr_expansion,IMPLEMENT_NONCLUSTER,sblr expansion lead,public_execution_plan/source-evidence/final-sblr-sbsql-sblr-expansion-closure/,project/src/parsers/compatibility/foundationdb/foundationdb_dialect.cpp#kPatterns:foundationdb.tenant.delete
foundationdb,TRANSACTION_KV_TUPLE_DIRECTORY_API,foundationdb.catalog.status,parser_declares_route_requiring_parser_remap_or_existing_sblr_binding_verification,PARSER_REMAP_ONLY,parser remap lead,public_execution_plan/final-sblr-sbsql-parser-remap-closure/,project/src/parsers/compatibility/foundationdb/foundationdb_dialect.cpp#kPatterns:foundationdb.catalog.status
foundationdb,TRANSACTION_KV_TUPLE_DIRECTORY_API,foundationdb.transaction.get_read_version,parser_declares_route_requiring_parser_remap_or_existing_sblr_binding_verification,PARSER_REMAP_ONLY,parser remap lead,public_execution_plan/final-sblr-sbsql-parser-remap-closure/,project/src/parsers/compatibility/foundationdb/foundationdb_dialect.cpp#kPatterns:foundationdb.transaction.get_read_version
foundationdb,TRANSACTION_KV_TUPLE_DIRECTORY_API,foundationdb.transaction.commit,parser_declares_route_requiring_parser_remap_or_existing_sblr_binding_verification,PARSER_REMAP_ONLY,parser remap lead,public_execution_plan/final-sblr-sbsql-parser-remap-closure/,project/src/parsers/compatibility/foundationdb/foundationdb_dialect.cpp#kPatterns:foundationdb.transaction.commit
foundationdb,TRANSACTION_KV_TUPLE_DIRECTORY_API,foundationdb.transaction.reset,parser_declares_route_requiring_parser_remap_or_existing_sblr_binding_verification,PARSER_REMAP_ONLY,parser remap lead,public_execution_plan/final-sblr-sbsql-parser-remap-closure/,project/src/parsers/compatibility/foundationdb/foundationdb_dialect.cpp#kPatterns:foundationdb.transaction.reset
foundationdb,TRANSACTION_KV_TUPLE_DIRECTORY_API,foundationdb.transaction.cancel,parser_declares_route_requiring_parser_remap_or_existing_sblr_binding_verification,PARSER_REMAP_ONLY,parser remap lead,public_execution_plan/final-sblr-sbsql-parser-remap-closure/,project/src/parsers/compatibility/foundationdb/foundationdb_dialect.cpp#kPatterns:foundationdb.transaction.cancel
foundationdb,TRANSACTION_KV_TUPLE_DIRECTORY_API,datatype_surface:tuple,parser_declares_noncluster_route_requiring_sblr_or_udr_expansion,IMPLEMENT_NONCLUSTER,sblr expansion lead,public_execution_plan/source-evidence/final-sblr-sbsql-sblr-expansion-closure/,project/src/parsers/compatibility/foundationdb/foundationdb_dialect.cpp#kDatatypeSurfaces:tuple
foundationdb,TRANSACTION_KV_TUPLE_DIRECTORY_API,datatype_surface:version,parser_declares_route_requiring_parser_remap_or_existing_sblr_binding_verification,PARSER_REMAP_ONLY,parser remap lead,public_execution_plan/final-sblr-sbsql-parser-remap-closure/,project/src/parsers/compatibility/foundationdb/foundationdb_dialect.cpp#kDatatypeSurfaces:version
foundationdb,TRANSACTION_KV_TUPLE_DIRECTORY_API,datatype_surface:tenant,parser_declares_route_requiring_parser_remap_or_existing_sblr_binding_verification,PARSER_REMAP_ONLY,parser remap lead,public_execution_plan/final-sblr-sbsql-parser-remap-closure/,project/src/parsers/compatibility/foundationdb/foundationdb_dialect.cpp#kDatatypeSurfaces:tenant
foundationdb,TRANSACTION_KV_TUPLE_DIRECTORY_API,datatype_surface:directory,parser_declares_noncluster_route_requiring_sblr_or_udr_expansion,IMPLEMENT_NONCLUSTER,sblr expansion lead,public_execution_plan/source-evidence/final-sblr-sbsql-sblr-expansion-closure/,project/src/parsers/compatibility/foundationdb/foundationdb_dialect.cpp#kDatatypeSurfaces:directory
foundationdb,TRANSACTION_KV_TUPLE_DIRECTORY_API,datatype_surface:watch,parser_declares_noncluster_route_requiring_sblr_or_udr_expansion,IMPLEMENT_NONCLUSTER,sblr expansion lead,public_execution_plan/source-evidence/final-sblr-sbsql-sblr-expansion-closure/,project/src/parsers/compatibility/foundationdb/foundationdb_dialect.cpp#kDatatypeSurfaces:watch
foundationdb,TRANSACTION_KV_TUPLE_DIRECTORY_API,builtin_function_surface:kv_read,parser_declares_route_requiring_parser_remap_or_existing_sblr_binding_verification,PARSER_REMAP_ONLY,parser remap lead,public_execution_plan/final-sblr-sbsql-parser-remap-closure/,project/src/parsers/compatibility/foundationdb/foundationdb_dialect.cpp#kBuiltinSurfaces:kv_read
foundationdb,TRANSACTION_KV_TUPLE_DIRECTORY_API,builtin_function_surface:kv_write,parser_declares_route_requiring_parser_remap_or_existing_sblr_binding_verification,PARSER_REMAP_ONLY,parser remap lead,public_execution_plan/final-sblr-sbsql-parser-remap-closure/,project/src/parsers/compatibility/foundationdb/foundationdb_dialect.cpp#kBuiltinSurfaces:kv_write
foundationdb,TRANSACTION_KV_TUPLE_DIRECTORY_API,builtin_function_surface:versionstamp,parser_declares_noncluster_route_requiring_sblr_or_udr_expansion,IMPLEMENT_NONCLUSTER,sblr expansion lead,public_execution_plan/source-evidence/final-sblr-sbsql-sblr-expansion-closure/,project/src/parsers/compatibility/foundationdb/foundationdb_dialect.cpp#kBuiltinSurfaces:versionstamp
foundationdb,TRANSACTION_KV_TUPLE_DIRECTORY_API,builtin_function_surface:tuple,parser_declares_noncluster_route_requiring_sblr_or_udr_expansion,IMPLEMENT_NONCLUSTER,sblr expansion lead,public_execution_plan/source-evidence/final-sblr-sbsql-sblr-expansion-closure/,project/src/parsers/compatibility/foundationdb/foundationdb_dialect.cpp#kBuiltinSurfaces:tuple
foundationdb,TRANSACTION_KV_TUPLE_DIRECTORY_API,builtin_function_surface:directory,parser_declares_noncluster_route_requiring_sblr_or_udr_expansion,IMPLEMENT_NONCLUSTER,sblr expansion lead,public_execution_plan/source-evidence/final-sblr-sbsql-sblr-expansion-closure/,project/src/parsers/compatibility/foundationdb/foundationdb_dialect.cpp#kBuiltinSurfaces:directory
foundationdb,TRANSACTION_KV_TUPLE_DIRECTORY_API,builtin_function_surface:tenant,parser_declares_noncluster_route_requiring_sblr_or_udr_expansion,IMPLEMENT_NONCLUSTER,sblr expansion lead,public_execution_plan/source-evidence/final-sblr-sbsql-sblr-expansion-closure/,project/src/parsers/compatibility/foundationdb/foundationdb_dialect.cpp#kBuiltinSurfaces:tenant
foundationdb,TRANSACTION_KV_TUPLE_DIRECTORY_API,builtin_function_surface:watch,parser_declares_noncluster_route_requiring_sblr_or_udr_expansion,IMPLEMENT_NONCLUSTER,sblr expansion lead,public_execution_plan/source-evidence/final-sblr-sbsql-sblr-expansion-closure/,project/src/parsers/compatibility/foundationdb/foundationdb_dialect.cpp#kBuiltinSurfaces:watch
foundationdb,TRANSACTION_KV_TUPLE_DIRECTORY_API,builtin_function_surface:transaction,parser_declares_route_requiring_parser_remap_or_existing_sblr_binding_verification,PARSER_REMAP_ONLY,parser remap lead,public_execution_plan/final-sblr-sbsql-parser-remap-closure/,project/src/parsers/compatibility/foundationdb/foundationdb_dialect.cpp#kBuiltinSurfaces:transaction
foundationdb,TRANSACTION_KV_TUPLE_DIRECTORY_API,catalog_overlay_surface:status,parser_declares_route_requiring_parser_remap_or_existing_sblr_binding_verification,PARSER_REMAP_ONLY,parser remap lead,public_execution_plan/final-sblr-sbsql-parser-remap-closure/,project/src/parsers/compatibility/foundationdb/foundationdb_dialect.cpp#kCatalogSurfaces:status
foundationdb,TRANSACTION_KV_TUPLE_DIRECTORY_API,catalog_overlay_surface:directories,parser_declares_route_requiring_parser_remap_or_existing_sblr_binding_verification,PARSER_REMAP_ONLY,parser remap lead,public_execution_plan/final-sblr-sbsql-parser-remap-closure/,project/src/parsers/compatibility/foundationdb/foundationdb_dialect.cpp#kCatalogSurfaces:directories
foundationdb,TRANSACTION_KV_TUPLE_DIRECTORY_API,catalog_overlay_surface:subspaces,parser_declares_route_requiring_parser_remap_or_existing_sblr_binding_verification,PARSER_REMAP_ONLY,parser remap lead,public_execution_plan/final-sblr-sbsql-parser-remap-closure/,project/src/parsers/compatibility/foundationdb/foundationdb_dialect.cpp#kCatalogSurfaces:subspaces
foundationdb,TRANSACTION_KV_TUPLE_DIRECTORY_API,catalog_overlay_surface:tenants,parser_declares_route_requiring_parser_remap_or_existing_sblr_binding_verification,PARSER_REMAP_ONLY,parser remap lead,public_execution_plan/final-sblr-sbsql-parser-remap-closure/,project/src/parsers/compatibility/foundationdb/foundationdb_dialect.cpp#kCatalogSurfaces:tenants
foundationdb,TRANSACTION_KV_TUPLE_DIRECTORY_API,catalog_overlay_surface:watches,parser_declares_route_requiring_parser_remap_or_existing_sblr_binding_verification,PARSER_REMAP_ONLY,parser remap lead,public_execution_plan/final-sblr-sbsql-parser-remap-closure/,project/src/parsers/compatibility/foundationdb/foundationdb_dialect.cpp#kCatalogSurfaces:watches
foundationdb,TRANSACTION_KV_TUPLE_DIRECTORY_API,catalog_overlay_surface:versions,parser_declares_route_requiring_parser_remap_or_existing_sblr_binding_verification,PARSER_REMAP_ONLY,parser remap lead,public_execution_plan/final-sblr-sbsql-parser-remap-closure/,project/src/parsers/compatibility/foundationdb/foundationdb_dialect.cpp#kCatalogSurfaces:versions
foundationdb,TRANSACTION_KV_TUPLE_DIRECTORY_API,catalog_overlay_surface:conflicts,parser_declares_route_requiring_parser_remap_or_existing_sblr_binding_verification,PARSER_REMAP_ONLY,parser remap lead,public_execution_plan/final-sblr-sbsql-parser-remap-closure/,project/src/parsers/compatibility/foundationdb/foundationdb_dialect.cpp#kCatalogSurfaces:conflicts
foundationdb,TRANSACTION_KV_TUPLE_DIRECTORY_API,catalog_overlay_surface:metrics,parser_declares_route_requiring_parser_remap_or_existing_sblr_binding_verification,PARSER_REMAP_ONLY,parser remap lead,public_execution_plan/final-sblr-sbsql-parser-remap-closure/,project/src/parsers/compatibility/foundationdb/foundationdb_dialect.cpp#kCatalogSurfaces:metrics
foundationdb,TRANSACTION_KV_TUPLE_DIRECTORY_API,diagnostic_surface:parse,parser_declares_route_requiring_parser_remap_or_existing_sblr_binding_verification,PARSER_REMAP_ONLY,parser remap lead,public_execution_plan/final-sblr-sbsql-parser-remap-closure/,project/src/parsers/compatibility/foundationdb/foundationdb_dialect.cpp#kDiagnosticSurfaces:parse
foundationdb,TRANSACTION_KV_TUPLE_DIRECTORY_API,diagnostic_surface:udr,parser_declares_noncluster_route_requiring_sblr_or_udr_expansion,IMPLEMENT_NONCLUSTER,sblr expansion lead,public_execution_plan/source-evidence/final-sblr-sbsql-sblr-expansion-closure/,project/src/parsers/compatibility/foundationdb/foundationdb_dialect.cpp#kDiagnosticSurfaces:udr
foundationdb,TRANSACTION_KV_TUPLE_DIRECTORY_API,diagnostic_surface:catalog,parser_declares_route_requiring_parser_remap_or_existing_sblr_binding_verification,PARSER_REMAP_ONLY,parser remap lead,public_execution_plan/final-sblr-sbsql-parser-remap-closure/,project/src/parsers/compatibility/foundationdb/foundationdb_dialect.cpp#kDiagnosticSurfaces:catalog
foundationdb,TRANSACTION_KV_TUPLE_DIRECTORY_API,diagnostic_surface:session,parser_declares_route_requiring_parser_remap_or_existing_sblr_binding_verification,PARSER_REMAP_ONLY,parser remap lead,public_execution_plan/final-sblr-sbsql-parser-remap-closure/,project/src/parsers/compatibility/foundationdb/foundationdb_dialect.cpp#kDiagnosticSurfaces:session
foundationdb,TRANSACTION_KV_TUPLE_DIRECTORY_API,diagnostic_surface:transaction,parser_declares_route_requiring_parser_remap_or_existing_sblr_binding_verification,PARSER_REMAP_ONLY,parser remap lead,public_execution_plan/final-sblr-sbsql-parser-remap-closure/,project/src/parsers/compatibility/foundationdb/foundationdb_dialect.cpp#kDiagnosticSurfaces:transaction
immudb,SQL_KV_VERIFIABLE_HISTORY_API,immudb.lifecycle.create_database,parser_declares_route_requiring_parser_remap_or_existing_sblr_binding_verification,PARSER_REMAP_ONLY,parser remap lead,public_execution_plan/final-sblr-sbsql-parser-remap-closure/,project/src/parsers/compatibility/immudb/immudb_dialect.cpp#kPatterns:immudb.lifecycle.create_database
immudb,SQL_KV_VERIFIABLE_HISTORY_API,immudb.lifecycle.drop_database,parser_declares_route_requiring_parser_remap_or_existing_sblr_binding_verification,PARSER_REMAP_ONLY,parser remap lead,public_execution_plan/final-sblr-sbsql-parser-remap-closure/,project/src/parsers/compatibility/immudb/immudb_dialect.cpp#kPatterns:immudb.lifecycle.drop_database
immudb,SQL_KV_VERIFIABLE_HISTORY_API,immudb.lifecycle.alter_database,parser_declares_noncluster_route_requiring_sblr_or_udr_expansion,IMPLEMENT_NONCLUSTER,sblr expansion lead,public_execution_plan/source-evidence/final-sblr-sbsql-sblr-expansion-closure/,project/src/parsers/compatibility/immudb/immudb_dialect.cpp#kPatterns:immudb.lifecycle.alter_database
immudb,SQL_KV_VERIFIABLE_HISTORY_API,immudb.session.use_database,parser_declares_route_requiring_parser_remap_or_existing_sblr_binding_verification,PARSER_REMAP_ONLY,parser remap lead,public_execution_plan/final-sblr-sbsql-parser-remap-closure/,project/src/parsers/compatibility/immudb/immudb_dialect.cpp#kPatterns:immudb.session.use_database
immudb,SQL_KV_VERIFIABLE_HISTORY_API,immudb.catalog.show_databases,parser_declares_route_requiring_parser_remap_or_existing_sblr_binding_verification,PARSER_REMAP_ONLY,parser remap lead,public_execution_plan/final-sblr-sbsql-parser-remap-closure/,project/src/parsers/compatibility/immudb/immudb_dialect.cpp#kPatterns:immudb.catalog.show_databases
immudb,SQL_KV_VERIFIABLE_HISTORY_API,immudb.catalog.show_tables,parser_declares_route_requiring_parser_remap_or_existing_sblr_binding_verification,PARSER_REMAP_ONLY,parser remap lead,public_execution_plan/final-sblr-sbsql-parser-remap-closure/,project/src/parsers/compatibility/immudb/immudb_dialect.cpp#kPatterns:immudb.catalog.show_tables
immudb,SQL_KV_VERIFIABLE_HISTORY_API,immudb.catalog.show_table,parser_declares_route_requiring_parser_remap_or_existing_sblr_binding_verification,PARSER_REMAP_ONLY,parser remap lead,public_execution_plan/final-sblr-sbsql-parser-remap-closure/,project/src/parsers/compatibility/immudb/immudb_dialect.cpp#kPatterns:immudb.catalog.show_table
immudb,SQL_KV_VERIFIABLE_HISTORY_API,immudb.catalog.databases,parser_declares_route_requiring_parser_remap_or_existing_sblr_binding_verification,PARSER_REMAP_ONLY,parser remap lead,public_execution_plan/final-sblr-sbsql-parser-remap-closure/,project/src/parsers/compatibility/immudb/immudb_dialect.cpp#kPatterns:immudb.catalog.databases
immudb,SQL_KV_VERIFIABLE_HISTORY_API,immudb.catalog.tables,parser_declares_route_requiring_parser_remap_or_existing_sblr_binding_verification,PARSER_REMAP_ONLY,parser remap lead,public_execution_plan/final-sblr-sbsql-parser-remap-closure/,project/src/parsers/compatibility/immudb/immudb_dialect.cpp#kPatterns:immudb.catalog.tables
immudb,SQL_KV_VERIFIABLE_HISTORY_API,immudb.catalog.columns,parser_declares_route_requiring_parser_remap_or_existing_sblr_binding_verification,PARSER_REMAP_ONLY,parser remap lead,public_execution_plan/final-sblr-sbsql-parser-remap-closure/,project/src/parsers/compatibility/immudb/immudb_dialect.cpp#kPatterns:immudb.catalog.columns
immudb,SQL_KV_VERIFIABLE_HISTORY_API,immudb.catalog.indexes,parser_declares_route_requiring_parser_remap_or_existing_sblr_binding_verification,PARSER_REMAP_ONLY,parser remap lead,public_execution_plan/final-sblr-sbsql-parser-remap-closure/,project/src/parsers/compatibility/immudb/immudb_dialect.cpp#kPatterns:immudb.catalog.indexes
immudb,SQL_KV_VERIFIABLE_HISTORY_API,immudb.kv.verified_set,parser_declares_noncluster_route_requiring_sblr_or_udr_expansion,IMPLEMENT_NONCLUSTER,sblr expansion lead,public_execution_plan/source-evidence/final-sblr-sbsql-sblr-expansion-closure/,project/src/parsers/compatibility/immudb/immudb_dialect.cpp#kPatterns:immudb.kv.verified_set
immudb,SQL_KV_VERIFIABLE_HISTORY_API,immudb.kv.set_reference,parser_declares_noncluster_route_requiring_sblr_or_udr_expansion,IMPLEMENT_NONCLUSTER,sblr expansion lead,public_execution_plan/source-evidence/final-sblr-sbsql-sblr-expansion-closure/,project/src/parsers/compatibility/immudb/immudb_dialect.cpp#kPatterns:immudb.kv.set_reference
immudb,SQL_KV_VERIFIABLE_HISTORY_API,immudb.kv.set,parser_declares_route_requiring_parser_remap_or_existing_sblr_binding_verification,PARSER_REMAP_ONLY,parser remap lead,public_execution_plan/final-sblr-sbsql-parser-remap-closure/,project/src/parsers/compatibility/immudb/immudb_dialect.cpp#kPatterns:immudb.kv.set
immudb,SQL_KV_VERIFIABLE_HISTORY_API,immudb.kv.verified_get,parser_declares_noncluster_route_requiring_sblr_or_udr_expansion,IMPLEMENT_NONCLUSTER,sblr expansion lead,public_execution_plan/source-evidence/final-sblr-sbsql-sblr-expansion-closure/,project/src/parsers/compatibility/immudb/immudb_dialect.cpp#kPatterns:immudb.kv.verified_get
immudb,SQL_KV_VERIFIABLE_HISTORY_API,immudb.kv.get,parser_declares_route_requiring_parser_remap_or_existing_sblr_binding_verification,PARSER_REMAP_ONLY,parser remap lead,public_execution_plan/final-sblr-sbsql-parser-remap-closure/,project/src/parsers/compatibility/immudb/immudb_dialect.cpp#kPatterns:immudb.kv.get
immudb,SQL_KV_VERIFIABLE_HISTORY_API,immudb.kv.scan,parser_declares_route_requiring_parser_remap_or_existing_sblr_binding_verification,PARSER_REMAP_ONLY,parser remap lead,public_execution_plan/final-sblr-sbsql-parser-remap-closure/,project/src/parsers/compatibility/immudb/immudb_dialect.cpp#kPatterns:immudb.kv.scan
immudb,SQL_KV_VERIFIABLE_HISTORY_API,immudb.kv.history,parser_declares_route_requiring_parser_remap_or_existing_sblr_binding_verification,PARSER_REMAP_ONLY,parser remap lead,public_execution_plan/final-sblr-sbsql-parser-remap-closure/,project/src/parsers/compatibility/immudb/immudb_dialect.cpp#kPatterns:immudb.kv.history
immudb,SQL_KV_VERIFIABLE_HISTORY_API,immudb.state.current,parser_declares_route_requiring_parser_remap_or_existing_sblr_binding_verification,PARSER_REMAP_ONLY,parser remap lead,public_execution_plan/final-sblr-sbsql-parser-remap-closure/,project/src/parsers/compatibility/immudb/immudb_dialect.cpp#kPatterns:immudb.state.current
immudb,SQL_KV_VERIFIABLE_HISTORY_API,immudb.state.tx_by_id,parser_declares_route_requiring_parser_remap_or_existing_sblr_binding_verification,PARSER_REMAP_ONLY,parser remap lead,public_execution_plan/final-sblr-sbsql-parser-remap-closure/,project/src/parsers/compatibility/immudb/immudb_dialect.cpp#kPatterns:immudb.state.tx_by_id
immudb,SQL_KV_VERIFIABLE_HISTORY_API,immudb.sorted_set.zadd,parser_declares_noncluster_route_requiring_sblr_or_udr_expansion,IMPLEMENT_NONCLUSTER,sblr expansion lead,public_execution_plan/source-evidence/final-sblr-sbsql-sblr-expansion-closure/,project/src/parsers/compatibility/immudb/immudb_dialect.cpp#kPatterns:immudb.sorted_set.zadd
immudb,SQL_KV_VERIFIABLE_HISTORY_API,immudb.sorted_set.zscan,parser_declares_noncluster_route_requiring_sblr_or_udr_expansion,IMPLEMENT_NONCLUSTER,sblr expansion lead,public_execution_plan/source-evidence/final-sblr-sbsql-sblr-expansion-closure/,project/src/parsers/compatibility/immudb/immudb_dialect.cpp#kPatterns:immudb.sorted_set.zscan
immudb,SQL_KV_VERIFIABLE_HISTORY_API,immudb.security.create_user,parser_declares_noncluster_route_requiring_sblr_or_udr_expansion,IMPLEMENT_NONCLUSTER,sblr expansion lead,public_execution_plan/source-evidence/final-sblr-sbsql-sblr-expansion-closure/,project/src/parsers/compatibility/immudb/immudb_dialect.cpp#kPatterns:immudb.security.create_user
immudb,SQL_KV_VERIFIABLE_HISTORY_API,immudb.security.grant,parser_declares_noncluster_route_requiring_sblr_or_udr_expansion,IMPLEMENT_NONCLUSTER,sblr expansion lead,public_execution_plan/source-evidence/final-sblr-sbsql-sblr-expansion-closure/,project/src/parsers/compatibility/immudb/immudb_dialect.cpp#kPatterns:immudb.security.grant
immudb,SQL_KV_VERIFIABLE_HISTORY_API,immudb.security.revoke,parser_declares_noncluster_route_requiring_sblr_or_udr_expansion,IMPLEMENT_NONCLUSTER,sblr expansion lead,public_execution_plan/source-evidence/final-sblr-sbsql-sblr-expansion-closure/,project/src/parsers/compatibility/immudb/immudb_dialect.cpp#kPatterns:immudb.security.revoke
immudb,SQL_KV_VERIFIABLE_HISTORY_API,immudb.ddl.create_table,parser_declares_route_requiring_parser_remap_or_existing_sblr_binding_verification,PARSER_REMAP_ONLY,parser remap lead,public_execution_plan/final-sblr-sbsql-parser-remap-closure/,project/src/parsers/compatibility/immudb/immudb_dialect.cpp#kPatterns:immudb.ddl.create_table
immudb,SQL_KV_VERIFIABLE_HISTORY_API,immudb.ddl.create_index,parser_declares_route_requiring_parser_remap_or_existing_sblr_binding_verification,PARSER_REMAP_ONLY,parser remap lead,public_execution_plan/final-sblr-sbsql-parser-remap-closure/,project/src/parsers/compatibility/immudb/immudb_dialect.cpp#kPatterns:immudb.ddl.create_index
immudb,SQL_KV_VERIFIABLE_HISTORY_API,immudb.ddl.alter_table,parser_declares_route_requiring_parser_remap_or_existing_sblr_binding_verification,PARSER_REMAP_ONLY,parser remap lead,public_execution_plan/final-sblr-sbsql-parser-remap-closure/,project/src/parsers/compatibility/immudb/immudb_dialect.cpp#kPatterns:immudb.ddl.alter_table
immudb,SQL_KV_VERIFIABLE_HISTORY_API,immudb.ddl.drop_table,parser_declares_route_requiring_parser_remap_or_existing_sblr_binding_verification,PARSER_REMAP_ONLY,parser remap lead,public_execution_plan/final-sblr-sbsql-parser-remap-closure/,project/src/parsers/compatibility/immudb/immudb_dialect.cpp#kPatterns:immudb.ddl.drop_table
immudb,SQL_KV_VERIFIABLE_HISTORY_API,immudb.dml.insert,parser_declares_route_requiring_parser_remap_or_existing_sblr_binding_verification,PARSER_REMAP_ONLY,parser remap lead,public_execution_plan/final-sblr-sbsql-parser-remap-closure/,project/src/parsers/compatibility/immudb/immudb_dialect.cpp#kPatterns:immudb.dml.insert
immudb,SQL_KV_VERIFIABLE_HISTORY_API,immudb.dml.upsert,parser_declares_route_requiring_parser_remap_or_existing_sblr_binding_verification,PARSER_REMAP_ONLY,parser remap lead,public_execution_plan/final-sblr-sbsql-parser-remap-closure/,project/src/parsers/compatibility/immudb/immudb_dialect.cpp#kPatterns:immudb.dml.upsert
immudb,SQL_KV_VERIFIABLE_HISTORY_API,immudb.dml.update,parser_declares_route_requiring_parser_remap_or_existing_sblr_binding_verification,PARSER_REMAP_ONLY,parser remap lead,public_execution_plan/final-sblr-sbsql-parser-remap-closure/,project/src/parsers/compatibility/immudb/immudb_dialect.cpp#kPatterns:immudb.dml.update
immudb,SQL_KV_VERIFIABLE_HISTORY_API,immudb.dml.delete,parser_declares_route_requiring_parser_remap_or_existing_sblr_binding_verification,PARSER_REMAP_ONLY,parser remap lead,public_execution_plan/final-sblr-sbsql-parser-remap-closure/,project/src/parsers/compatibility/immudb/immudb_dialect.cpp#kPatterns:immudb.dml.delete
immudb,SQL_KV_VERIFIABLE_HISTORY_API,immudb.query.select,parser_declares_route_requiring_parser_remap_or_existing_sblr_binding_verification,PARSER_REMAP_ONLY,parser remap lead,public_execution_plan/final-sblr-sbsql-parser-remap-closure/,project/src/parsers/compatibility/immudb/immudb_dialect.cpp#kPatterns:immudb.query.select
immudb,SQL_KV_VERIFIABLE_HISTORY_API,immudb.query.with,parser_declares_route_requiring_parser_remap_or_existing_sblr_binding_verification,PARSER_REMAP_ONLY,parser remap lead,public_execution_plan/final-sblr-sbsql-parser-remap-closure/,project/src/parsers/compatibility/immudb/immudb_dialect.cpp#kPatterns:immudb.query.with
immudb,SQL_KV_VERIFIABLE_HISTORY_API,immudb.transaction.begin,parser_declares_route_requiring_parser_remap_or_existing_sblr_binding_verification,PARSER_REMAP_ONLY,parser remap lead,public_execution_plan/final-sblr-sbsql-parser-remap-closure/,project/src/parsers/compatibility/immudb/immudb_dialect.cpp#kPatterns:immudb.transaction.begin
immudb,SQL_KV_VERIFIABLE_HISTORY_API,immudb.transaction.commit,parser_declares_route_requiring_parser_remap_or_existing_sblr_binding_verification,PARSER_REMAP_ONLY,parser remap lead,public_execution_plan/final-sblr-sbsql-parser-remap-closure/,project/src/parsers/compatibility/immudb/immudb_dialect.cpp#kPatterns:immudb.transaction.commit
immudb,SQL_KV_VERIFIABLE_HISTORY_API,immudb.transaction.rollback,parser_declares_route_requiring_parser_remap_or_existing_sblr_binding_verification,PARSER_REMAP_ONLY,parser remap lead,public_execution_plan/final-sblr-sbsql-parser-remap-closure/,project/src/parsers/compatibility/immudb/immudb_dialect.cpp#kPatterns:immudb.transaction.rollback
immudb,SQL_KV_VERIFIABLE_HISTORY_API,datatype_surface:json,parser_declares_noncluster_route_requiring_sblr_or_udr_expansion,IMPLEMENT_NONCLUSTER,sblr expansion lead,public_execution_plan/source-evidence/final-sblr-sbsql-sblr-expansion-closure/,project/src/parsers/compatibility/immudb/immudb_dialect.cpp#kDatatypeSurfaces:json
immudb,SQL_KV_VERIFIABLE_HISTORY_API,datatype_surface:proof,parser_declares_noncluster_route_requiring_sblr_or_udr_expansion,IMPLEMENT_NONCLUSTER,sblr expansion lead,public_execution_plan/source-evidence/final-sblr-sbsql-sblr-expansion-closure/,project/src/parsers/compatibility/immudb/immudb_dialect.cpp#kDatatypeSurfaces:proof
immudb,SQL_KV_VERIFIABLE_HISTORY_API,datatype_surface:sorted_set,parser_declares_noncluster_route_requiring_sblr_or_udr_expansion,IMPLEMENT_NONCLUSTER,sblr expansion lead,public_execution_plan/source-evidence/final-sblr-sbsql-sblr-expansion-closure/,project/src/parsers/compatibility/immudb/immudb_dialect.cpp#kDatatypeSurfaces:sorted_set
immudb,SQL_KV_VERIFIABLE_HISTORY_API,datatype_surface:catalog,parser_declares_route_requiring_parser_remap_or_existing_sblr_binding_verification,PARSER_REMAP_ONLY,parser remap lead,public_execution_plan/final-sblr-sbsql-parser-remap-closure/,project/src/parsers/compatibility/immudb/immudb_dialect.cpp#kDatatypeSurfaces:catalog
immudb,SQL_KV_VERIFIABLE_HISTORY_API,datatype_surface:security,parser_declares_noncluster_route_requiring_sblr_or_udr_expansion,IMPLEMENT_NONCLUSTER,sblr expansion lead,public_execution_plan/source-evidence/final-sblr-sbsql-sblr-expansion-closure/,project/src/parsers/compatibility/immudb/immudb_dialect.cpp#kDatatypeSurfaces:security
immudb,SQL_KV_VERIFIABLE_HISTORY_API,builtin_function_surface:sql,parser_declares_route_requiring_parser_remap_or_existing_sblr_binding_verification,PARSER_REMAP_ONLY,parser remap lead,public_execution_plan/final-sblr-sbsql-parser-remap-closure/,project/src/parsers/compatibility/immudb/immudb_dialect.cpp#kBuiltinSurfaces:sql
immudb,SQL_KV_VERIFIABLE_HISTORY_API,builtin_function_surface:kv,parser_declares_route_requiring_parser_remap_or_existing_sblr_binding_verification,PARSER_REMAP_ONLY,parser remap lead,public_execution_plan/final-sblr-sbsql-parser-remap-closure/,project/src/parsers/compatibility/immudb/immudb_dialect.cpp#kBuiltinSurfaces:kv
immudb,SQL_KV_VERIFIABLE_HISTORY_API,builtin_function_surface:verified_kv,parser_declares_noncluster_route_requiring_sblr_or_udr_expansion,IMPLEMENT_NONCLUSTER,sblr expansion lead,public_execution_plan/source-evidence/final-sblr-sbsql-sblr-expansion-closure/,project/src/parsers/compatibility/immudb/immudb_dialect.cpp#kBuiltinSurfaces:verified_kv
immudb,SQL_KV_VERIFIABLE_HISTORY_API,builtin_function_surface:sorted_set,parser_declares_noncluster_route_requiring_sblr_or_udr_expansion,IMPLEMENT_NONCLUSTER,sblr expansion lead,public_execution_plan/source-evidence/final-sblr-sbsql-sblr-expansion-closure/,project/src/parsers/compatibility/immudb/immudb_dialect.cpp#kBuiltinSurfaces:sorted_set
immudb,SQL_KV_VERIFIABLE_HISTORY_API,builtin_function_surface:catalog,parser_declares_route_requiring_parser_remap_or_existing_sblr_binding_verification,PARSER_REMAP_ONLY,parser remap lead,public_execution_plan/final-sblr-sbsql-parser-remap-closure/,project/src/parsers/compatibility/immudb/immudb_dialect.cpp#kBuiltinSurfaces:catalog
immudb,SQL_KV_VERIFIABLE_HISTORY_API,builtin_function_surface:security,parser_declares_noncluster_route_requiring_sblr_or_udr_expansion,IMPLEMENT_NONCLUSTER,sblr expansion lead,public_execution_plan/source-evidence/final-sblr-sbsql-sblr-expansion-closure/,project/src/parsers/compatibility/immudb/immudb_dialect.cpp#kBuiltinSurfaces:security
immudb,SQL_KV_VERIFIABLE_HISTORY_API,catalog_overlay_surface:pg_type,parser_declares_route_requiring_parser_remap_or_existing_sblr_binding_verification,PARSER_REMAP_ONLY,parser remap lead,public_execution_plan/final-sblr-sbsql-parser-remap-closure/,project/src/parsers/compatibility/immudb/immudb_dialect.cpp#kCatalogSurfaces:pg_type
immudb,SQL_KV_VERIFIABLE_HISTORY_API,catalog_overlay_surface:databases,parser_declares_route_requiring_parser_remap_or_existing_sblr_binding_verification,PARSER_REMAP_ONLY,parser remap lead,public_execution_plan/final-sblr-sbsql-parser-remap-closure/,project/src/parsers/compatibility/immudb/immudb_dialect.cpp#kCatalogSurfaces:databases
immudb,SQL_KV_VERIFIABLE_HISTORY_API,catalog_overlay_surface:tables,parser_declares_route_requiring_parser_remap_or_existing_sblr_binding_verification,PARSER_REMAP_ONLY,parser remap lead,public_execution_plan/final-sblr-sbsql-parser-remap-closure/,project/src/parsers/compatibility/immudb/immudb_dialect.cpp#kCatalogSurfaces:tables
immudb,SQL_KV_VERIFIABLE_HISTORY_API,catalog_overlay_surface:columns,parser_declares_route_requiring_parser_remap_or_existing_sblr_binding_verification,PARSER_REMAP_ONLY,parser remap lead,public_execution_plan/final-sblr-sbsql-parser-remap-closure/,project/src/parsers/compatibility/immudb/immudb_dialect.cpp#kCatalogSurfaces:columns
immudb,SQL_KV_VERIFIABLE_HISTORY_API,catalog_overlay_surface:indexes,parser_declares_route_requiring_parser_remap_or_existing_sblr_binding_verification,PARSER_REMAP_ONLY,parser remap lead,public_execution_plan/final-sblr-sbsql-parser-remap-closure/,project/src/parsers/compatibility/immudb/immudb_dialect.cpp#kCatalogSurfaces:indexes
immudb,SQL_KV_VERIFIABLE_HISTORY_API,catalog_overlay_surface:state,parser_declares_route_requiring_parser_remap_or_existing_sblr_binding_verification,PARSER_REMAP_ONLY,parser remap lead,public_execution_plan/final-sblr-sbsql-parser-remap-closure/,project/src/parsers/compatibility/immudb/immudb_dialect.cpp#kCatalogSurfaces:state
immudb,SQL_KV_VERIFIABLE_HISTORY_API,catalog_overlay_surface:security,parser_declares_route_requiring_parser_remap_or_existing_sblr_binding_verification,PARSER_REMAP_ONLY,parser remap lead,public_execution_plan/final-sblr-sbsql-parser-remap-closure/,project/src/parsers/compatibility/immudb/immudb_dialect.cpp#kCatalogSurfaces:security
immudb,SQL_KV_VERIFIABLE_HISTORY_API,diagnostic_surface:parse,parser_declares_route_requiring_parser_remap_or_existing_sblr_binding_verification,PARSER_REMAP_ONLY,parser remap lead,public_execution_plan/final-sblr-sbsql-parser-remap-closure/,project/src/parsers/compatibility/immudb/immudb_dialect.cpp#kDiagnosticSurfaces:parse
immudb,SQL_KV_VERIFIABLE_HISTORY_API,diagnostic_surface:udr,parser_declares_noncluster_route_requiring_sblr_or_udr_expansion,IMPLEMENT_NONCLUSTER,sblr expansion lead,public_execution_plan/source-evidence/final-sblr-sbsql-sblr-expansion-closure/,project/src/parsers/compatibility/immudb/immudb_dialect.cpp#kDiagnosticSurfaces:udr
immudb,SQL_KV_VERIFIABLE_HISTORY_API,diagnostic_surface:catalog,parser_declares_route_requiring_parser_remap_or_existing_sblr_binding_verification,PARSER_REMAP_ONLY,parser remap lead,public_execution_plan/final-sblr-sbsql-parser-remap-closure/,project/src/parsers/compatibility/immudb/immudb_dialect.cpp#kDiagnosticSurfaces:catalog
immudb,SQL_KV_VERIFIABLE_HISTORY_API,diagnostic_surface:session,parser_declares_route_requiring_parser_remap_or_existing_sblr_binding_verification,PARSER_REMAP_ONLY,parser remap lead,public_execution_plan/final-sblr-sbsql-parser-remap-closure/,project/src/parsers/compatibility/immudb/immudb_dialect.cpp#kDiagnosticSurfaces:session
immudb,SQL_KV_VERIFIABLE_HISTORY_API,diagnostic_surface:transaction,parser_declares_route_requiring_parser_remap_or_existing_sblr_binding_verification,PARSER_REMAP_ONLY,parser remap lead,public_execution_plan/final-sblr-sbsql-parser-remap-closure/,project/src/parsers/compatibility/immudb/immudb_dialect.cpp#kDiagnosticSurfaces:transaction
influxdb,LINE_PROTOCOL_INFLUXQL_FLUX_SQL_API,influxdb.flux.from,parser_declares_noncluster_route_requiring_sblr_or_udr_expansion,IMPLEMENT_NONCLUSTER,sblr expansion lead,public_execution_plan/source-evidence/final-sblr-sbsql-sblr-expansion-closure/,project/src/parsers/compatibility/influxdb/influxdb_dialect.cpp#kPatterns:influxdb.flux.from
influxdb,LINE_PROTOCOL_INFLUXQL_FLUX_SQL_API,influxdb.flux.range,parser_declares_noncluster_route_requiring_sblr_or_udr_expansion,IMPLEMENT_NONCLUSTER,sblr expansion lead,public_execution_plan/source-evidence/final-sblr-sbsql-sblr-expansion-closure/,project/src/parsers/compatibility/influxdb/influxdb_dialect.cpp#kPatterns:influxdb.flux.range
influxdb,LINE_PROTOCOL_INFLUXQL_FLUX_SQL_API,influxdb.flux.filter,parser_declares_noncluster_route_requiring_sblr_or_udr_expansion,IMPLEMENT_NONCLUSTER,sblr expansion lead,public_execution_plan/source-evidence/final-sblr-sbsql-sblr-expansion-closure/,project/src/parsers/compatibility/influxdb/influxdb_dialect.cpp#kPatterns:influxdb.flux.filter
influxdb,LINE_PROTOCOL_INFLUXQL_FLUX_SQL_API,influxdb.write.insert,parser_declares_route_requiring_parser_remap_or_existing_sblr_binding_verification,PARSER_REMAP_ONLY,parser remap lead,public_execution_plan/final-sblr-sbsql-parser-remap-closure/,project/src/parsers/compatibility/influxdb/influxdb_dialect.cpp#kPatterns:influxdb.write.insert
influxdb,LINE_PROTOCOL_INFLUXQL_FLUX_SQL_API,influxdb.write.line_protocol,parser_declares_noncluster_route_requiring_sblr_or_udr_expansion,IMPLEMENT_NONCLUSTER,sblr expansion lead,public_execution_plan/source-evidence/final-sblr-sbsql-sblr-expansion-closure/,project/src/parsers/compatibility/influxdb/influxdb_dialect.cpp#kPatterns:influxdb.write.line_protocol
influxdb,LINE_PROTOCOL_INFLUXQL_FLUX_SQL_API,influxdb.query.select,parser_declares_route_requiring_parser_remap_or_existing_sblr_binding_verification,PARSER_REMAP_ONLY,parser remap lead,public_execution_plan/final-sblr-sbsql-parser-remap-closure/,project/src/parsers/compatibility/influxdb/influxdb_dialect.cpp#kPatterns:influxdb.query.select
influxdb,LINE_PROTOCOL_INFLUXQL_FLUX_SQL_API,influxdb.dml.delete,parser_declares_route_requiring_parser_remap_or_existing_sblr_binding_verification,PARSER_REMAP_ONLY,parser remap lead,public_execution_plan/final-sblr-sbsql-parser-remap-closure/,project/src/parsers/compatibility/influxdb/influxdb_dialect.cpp#kPatterns:influxdb.dml.delete
influxdb,LINE_PROTOCOL_INFLUXQL_FLUX_SQL_API,influxdb.database.create,parser_declares_route_requiring_parser_remap_or_existing_sblr_binding_verification,PARSER_REMAP_ONLY,parser remap lead,public_execution_plan/final-sblr-sbsql-parser-remap-closure/,project/src/parsers/compatibility/influxdb/influxdb_dialect.cpp#kPatterns:influxdb.database.create
influxdb,LINE_PROTOCOL_INFLUXQL_FLUX_SQL_API,influxdb.database.drop,parser_declares_route_requiring_parser_remap_or_existing_sblr_binding_verification,PARSER_REMAP_ONLY,parser remap lead,public_execution_plan/final-sblr-sbsql-parser-remap-closure/,project/src/parsers/compatibility/influxdb/influxdb_dialect.cpp#kPatterns:influxdb.database.drop
influxdb,LINE_PROTOCOL_INFLUXQL_FLUX_SQL_API,influxdb.retention_policy.create,parser_declares_noncluster_route_requiring_sblr_or_udr_expansion,IMPLEMENT_NONCLUSTER,sblr expansion lead,public_execution_plan/source-evidence/final-sblr-sbsql-sblr-expansion-closure/,project/src/parsers/compatibility/influxdb/influxdb_dialect.cpp#kPatterns:influxdb.retention_policy.create
influxdb,LINE_PROTOCOL_INFLUXQL_FLUX_SQL_API,influxdb.retention_policy.alter,parser_declares_noncluster_route_requiring_sblr_or_udr_expansion,IMPLEMENT_NONCLUSTER,sblr expansion lead,public_execution_plan/source-evidence/final-sblr-sbsql-sblr-expansion-closure/,project/src/parsers/compatibility/influxdb/influxdb_dialect.cpp#kPatterns:influxdb.retention_policy.alter
influxdb,LINE_PROTOCOL_INFLUXQL_FLUX_SQL_API,influxdb.retention_policy.drop,parser_declares_noncluster_route_requiring_sblr_or_udr_expansion,IMPLEMENT_NONCLUSTER,sblr expansion lead,public_execution_plan/source-evidence/final-sblr-sbsql-sblr-expansion-closure/,project/src/parsers/compatibility/influxdb/influxdb_dialect.cpp#kPatterns:influxdb.retention_policy.drop
influxdb,LINE_PROTOCOL_INFLUXQL_FLUX_SQL_API,influxdb.continuous_query.create,parser_declares_noncluster_route_requiring_sblr_or_udr_expansion,IMPLEMENT_NONCLUSTER,sblr expansion lead,public_execution_plan/source-evidence/final-sblr-sbsql-sblr-expansion-closure/,project/src/parsers/compatibility/influxdb/influxdb_dialect.cpp#kPatterns:influxdb.continuous_query.create
influxdb,LINE_PROTOCOL_INFLUXQL_FLUX_SQL_API,influxdb.continuous_query.drop,parser_declares_noncluster_route_requiring_sblr_or_udr_expansion,IMPLEMENT_NONCLUSTER,sblr expansion lead,public_execution_plan/source-evidence/final-sblr-sbsql-sblr-expansion-closure/,project/src/parsers/compatibility/influxdb/influxdb_dialect.cpp#kPatterns:influxdb.continuous_query.drop
influxdb,LINE_PROTOCOL_INFLUXQL_FLUX_SQL_API,influxdb.subscription.create,parser_declares_noncluster_route_requiring_sblr_or_udr_expansion,IMPLEMENT_NONCLUSTER,sblr expansion lead,public_execution_plan/source-evidence/final-sblr-sbsql-sblr-expansion-closure/,project/src/parsers/compatibility/influxdb/influxdb_dialect.cpp#kPatterns:influxdb.subscription.create
influxdb,LINE_PROTOCOL_INFLUXQL_FLUX_SQL_API,influxdb.catalog.show,parser_declares_route_requiring_parser_remap_or_existing_sblr_binding_verification,PARSER_REMAP_ONLY,parser remap lead,public_execution_plan/final-sblr-sbsql-parser-remap-closure/,project/src/parsers/compatibility/influxdb/influxdb_dialect.cpp#kPatterns:influxdb.catalog.show
influxdb,LINE_PROTOCOL_INFLUXQL_FLUX_SQL_API,datatype_surface:line_protocol,parser_declares_noncluster_route_requiring_sblr_or_udr_expansion,IMPLEMENT_NONCLUSTER,sblr expansion lead,public_execution_plan/source-evidence/final-sblr-sbsql-sblr-expansion-closure/,project/src/parsers/compatibility/influxdb/influxdb_dialect.cpp#kDatatypeSurfaces:line_protocol
influxdb,LINE_PROTOCOL_INFLUXQL_FLUX_SQL_API,builtin_function_surface:aggregate,parser_declares_route_requiring_parser_remap_or_existing_sblr_binding_verification,PARSER_REMAP_ONLY,parser remap lead,public_execution_plan/final-sblr-sbsql-parser-remap-closure/,project/src/parsers/compatibility/influxdb/influxdb_dialect.cpp#kBuiltinSurfaces:aggregate
influxdb,LINE_PROTOCOL_INFLUXQL_FLUX_SQL_API,builtin_function_surface:selector,parser_declares_route_requiring_parser_remap_or_existing_sblr_binding_verification,PARSER_REMAP_ONLY,parser remap lead,public_execution_plan/final-sblr-sbsql-parser-remap-closure/,project/src/parsers/compatibility/influxdb/influxdb_dialect.cpp#kBuiltinSurfaces:selector
influxdb,LINE_PROTOCOL_INFLUXQL_FLUX_SQL_API,builtin_function_surface:transform,parser_declares_noncluster_route_requiring_sblr_or_udr_expansion,IMPLEMENT_NONCLUSTER,sblr expansion lead,public_execution_plan/source-evidence/final-sblr-sbsql-sblr-expansion-closure/,project/src/parsers/compatibility/influxdb/influxdb_dialect.cpp#kBuiltinSurfaces:transform
influxdb,LINE_PROTOCOL_INFLUXQL_FLUX_SQL_API,builtin_function_surface:time,parser_declares_route_requiring_parser_remap_or_existing_sblr_binding_verification,PARSER_REMAP_ONLY,parser remap lead,public_execution_plan/final-sblr-sbsql-parser-remap-closure/,project/src/parsers/compatibility/influxdb/influxdb_dialect.cpp#kBuiltinSurfaces:time
influxdb,LINE_PROTOCOL_INFLUXQL_FLUX_SQL_API,builtin_function_surface:flux,parser_declares_noncluster_route_requiring_sblr_or_udr_expansion,IMPLEMENT_NONCLUSTER,sblr expansion lead,public_execution_plan/source-evidence/final-sblr-sbsql-sblr-expansion-closure/,project/src/parsers/compatibility/influxdb/influxdb_dialect.cpp#kBuiltinSurfaces:flux
influxdb,LINE_PROTOCOL_INFLUXQL_FLUX_SQL_API,builtin_function_surface:math,parser_declares_route_requiring_parser_remap_or_existing_sblr_binding_verification,PARSER_REMAP_ONLY,parser remap lead,public_execution_plan/final-sblr-sbsql-parser-remap-closure/,project/src/parsers/compatibility/influxdb/influxdb_dialect.cpp#kBuiltinSurfaces:math
influxdb,LINE_PROTOCOL_INFLUXQL_FLUX_SQL_API,builtin_function_surface:fill,parser_declares_noncluster_route_requiring_sblr_or_udr_expansion,IMPLEMENT_NONCLUSTER,sblr expansion lead,public_execution_plan/source-evidence/final-sblr-sbsql-sblr-expansion-closure/,project/src/parsers/compatibility/influxdb/influxdb_dialect.cpp#kBuiltinSurfaces:fill
influxdb,LINE_PROTOCOL_INFLUXQL_FLUX_SQL_API,catalog_overlay_surface:databases,parser_declares_route_requiring_parser_remap_or_existing_sblr_binding_verification,PARSER_REMAP_ONLY,parser remap lead,public_execution_plan/final-sblr-sbsql-parser-remap-closure/,project/src/parsers/compatibility/influxdb/influxdb_dialect.cpp#kCatalogSurfaces:databases
influxdb,LINE_PROTOCOL_INFLUXQL_FLUX_SQL_API,catalog_overlay_surface:buckets,parser_declares_route_requiring_parser_remap_or_existing_sblr_binding_verification,PARSER_REMAP_ONLY,parser remap lead,public_execution_plan/final-sblr-sbsql-parser-remap-closure/,project/src/parsers/compatibility/influxdb/influxdb_dialect.cpp#kCatalogSurfaces:buckets
influxdb,LINE_PROTOCOL_INFLUXQL_FLUX_SQL_API,catalog_overlay_surface:measurements,parser_declares_route_requiring_parser_remap_or_existing_sblr_binding_verification,PARSER_REMAP_ONLY,parser remap lead,public_execution_plan/final-sblr-sbsql-parser-remap-closure/,project/src/parsers/compatibility/influxdb/influxdb_dialect.cpp#kCatalogSurfaces:measurements
influxdb,LINE_PROTOCOL_INFLUXQL_FLUX_SQL_API,catalog_overlay_surface:tag_keys,parser_declares_route_requiring_parser_remap_or_existing_sblr_binding_verification,PARSER_REMAP_ONLY,parser remap lead,public_execution_plan/final-sblr-sbsql-parser-remap-closure/,project/src/parsers/compatibility/influxdb/influxdb_dialect.cpp#kCatalogSurfaces:tag_keys
influxdb,LINE_PROTOCOL_INFLUXQL_FLUX_SQL_API,catalog_overlay_surface:field_keys,parser_declares_route_requiring_parser_remap_or_existing_sblr_binding_verification,PARSER_REMAP_ONLY,parser remap lead,public_execution_plan/final-sblr-sbsql-parser-remap-closure/,project/src/parsers/compatibility/influxdb/influxdb_dialect.cpp#kCatalogSurfaces:field_keys
influxdb,LINE_PROTOCOL_INFLUXQL_FLUX_SQL_API,catalog_overlay_surface:retention_policies,parser_declares_route_requiring_parser_remap_or_existing_sblr_binding_verification,PARSER_REMAP_ONLY,parser remap lead,public_execution_plan/final-sblr-sbsql-parser-remap-closure/,project/src/parsers/compatibility/influxdb/influxdb_dialect.cpp#kCatalogSurfaces:retention_policies
influxdb,LINE_PROTOCOL_INFLUXQL_FLUX_SQL_API,catalog_overlay_surface:continuous_queries,parser_declares_route_requiring_parser_remap_or_existing_sblr_binding_verification,PARSER_REMAP_ONLY,parser remap lead,public_execution_plan/final-sblr-sbsql-parser-remap-closure/,project/src/parsers/compatibility/influxdb/influxdb_dialect.cpp#kCatalogSurfaces:continuous_queries
influxdb,LINE_PROTOCOL_INFLUXQL_FLUX_SQL_API,catalog_overlay_surface:subscriptions,parser_declares_route_requiring_parser_remap_or_existing_sblr_binding_verification,PARSER_REMAP_ONLY,parser remap lead,public_execution_plan/final-sblr-sbsql-parser-remap-closure/,project/src/parsers/compatibility/influxdb/influxdb_dialect.cpp#kCatalogSurfaces:subscriptions
influxdb,LINE_PROTOCOL_INFLUXQL_FLUX_SQL_API,catalog_overlay_surface:tasks,parser_declares_route_requiring_parser_remap_or_existing_sblr_binding_verification,PARSER_REMAP_ONLY,parser remap lead,public_execution_plan/final-sblr-sbsql-parser-remap-closure/,project/src/parsers/compatibility/influxdb/influxdb_dialect.cpp#kCatalogSurfaces:tasks
influxdb,LINE_PROTOCOL_INFLUXQL_FLUX_SQL_API,diagnostic_surface:parse,parser_declares_route_requiring_parser_remap_or_existing_sblr_binding_verification,PARSER_REMAP_ONLY,parser remap lead,public_execution_plan/final-sblr-sbsql-parser-remap-closure/,project/src/parsers/compatibility/influxdb/influxdb_dialect.cpp#kDiagnosticSurfaces:parse
influxdb,LINE_PROTOCOL_INFLUXQL_FLUX_SQL_API,diagnostic_surface:udr,parser_declares_noncluster_route_requiring_sblr_or_udr_expansion,IMPLEMENT_NONCLUSTER,sblr expansion lead,public_execution_plan/source-evidence/final-sblr-sbsql-sblr-expansion-closure/,project/src/parsers/compatibility/influxdb/influxdb_dialect.cpp#kDiagnosticSurfaces:udr
influxdb,LINE_PROTOCOL_INFLUXQL_FLUX_SQL_API,diagnostic_surface:catalog,parser_declares_route_requiring_parser_remap_or_existing_sblr_binding_verification,PARSER_REMAP_ONLY,parser remap lead,public_execution_plan/final-sblr-sbsql-parser-remap-closure/,project/src/parsers/compatibility/influxdb/influxdb_dialect.cpp#kDiagnosticSurfaces:catalog
influxdb,LINE_PROTOCOL_INFLUXQL_FLUX_SQL_API,diagnostic_surface:session,parser_declares_route_requiring_parser_remap_or_existing_sblr_binding_verification,PARSER_REMAP_ONLY,parser remap lead,public_execution_plan/final-sblr-sbsql-parser-remap-closure/,project/src/parsers/compatibility/influxdb/influxdb_dialect.cpp#kDiagnosticSurfaces:session
influxdb,LINE_PROTOCOL_INFLUXQL_FLUX_SQL_API,diagnostic_surface:transaction,parser_declares_route_requiring_parser_remap_or_existing_sblr_binding_verification,PARSER_REMAP_ONLY,parser remap lead,public_execution_plan/final-sblr-sbsql-parser-remap-closure/,project/src/parsers/compatibility/influxdb/influxdb_dialect.cpp#kDiagnosticSurfaces:transaction
mariadb,MYSQL_COMPATIBLE_SQL_WIRE_PROCEDURAL,mariadb.sequence.create,parser_declares_route_requiring_parser_remap_or_existing_sblr_binding_verification,PARSER_REMAP_ONLY,parser remap lead,public_execution_plan/final-sblr-sbsql-parser-remap-closure/,project/src/parsers/compatibility/mariadb/mariadb_dialect.cpp#kPatterns:mariadb.sequence.create
mariadb,MYSQL_COMPATIBLE_SQL_WIRE_PROCEDURAL,mariadb.sequence.alter,parser_declares_route_requiring_parser_remap_or_existing_sblr_binding_verification,PARSER_REMAP_ONLY,parser remap lead,public_execution_plan/final-sblr-sbsql-parser-remap-closure/,project/src/parsers/compatibility/mariadb/mariadb_dialect.cpp#kPatterns:mariadb.sequence.alter
mariadb,MYSQL_COMPATIBLE_SQL_WIRE_PROCEDURAL,mariadb.sequence.drop,parser_declares_route_requiring_parser_remap_or_existing_sblr_binding_verification,PARSER_REMAP_ONLY,parser remap lead,public_execution_plan/final-sblr-sbsql-parser-remap-closure/,project/src/parsers/compatibility/mariadb/mariadb_dialect.cpp#kPatterns:mariadb.sequence.drop
mariadb,MYSQL_COMPATIBLE_SQL_WIRE_PROCEDURAL,mariadb.sequence.next_value_for,parser_declares_route_requiring_parser_remap_or_existing_sblr_binding_verification,PARSER_REMAP_ONLY,parser remap lead,public_execution_plan/final-sblr-sbsql-parser-remap-closure/,project/src/parsers/compatibility/mariadb/mariadb_dialect.cpp#kPatterns:mariadb.sequence.next_value_for
mariadb,MYSQL_COMPATIBLE_SQL_WIRE_PROCEDURAL,mariadb.dml.returning,parser_declares_route_requiring_parser_remap_or_existing_sblr_binding_verification,PARSER_REMAP_ONLY,parser remap lead,public_execution_plan/final-sblr-sbsql-parser-remap-closure/,project/src/parsers/compatibility/mariadb/mariadb_dialect.cpp#kPatterns:mariadb.dml.returning
mariadb,MYSQL_COMPATIBLE_SQL_WIRE_PROCEDURAL,mariadb.handler.cursor,parser_declares_noncluster_route_requiring_sblr_or_udr_expansion,IMPLEMENT_NONCLUSTER,sblr expansion lead,public_execution_plan/source-evidence/final-sblr-sbsql-sblr-expansion-closure/,project/src/parsers/compatibility/mariadb/mariadb_dialect.cpp#kPatterns:mariadb.handler.cursor
mariadb,MYSQL_COMPATIBLE_SQL_WIRE_PROCEDURAL,mariadb.ddl.create_or_replace,parser_declares_route_requiring_parser_remap_or_existing_sblr_binding_verification,PARSER_REMAP_ONLY,parser remap lead,public_execution_plan/final-sblr-sbsql-parser-remap-closure/,project/src/parsers/compatibility/mariadb/mariadb_dialect.cpp#kPatterns:mariadb.ddl.create_or_replace
mariadb,MYSQL_COMPATIBLE_SQL_WIRE_PROCEDURAL,mariadb.security.create_user,parser_declares_noncluster_route_requiring_sblr_or_udr_expansion,IMPLEMENT_NONCLUSTER,sblr expansion lead,public_execution_plan/source-evidence/final-sblr-sbsql-sblr-expansion-closure/,project/src/parsers/compatibility/mariadb/mariadb_dialect.cpp#kPatterns:mariadb.security.create_user
mariadb,MYSQL_COMPATIBLE_SQL_WIRE_PROCEDURAL,mariadb.security.alter_user,parser_declares_noncluster_route_requiring_sblr_or_udr_expansion,IMPLEMENT_NONCLUSTER,sblr expansion lead,public_execution_plan/source-evidence/final-sblr-sbsql-sblr-expansion-closure/,project/src/parsers/compatibility/mariadb/mariadb_dialect.cpp#kPatterns:mariadb.security.alter_user
mariadb,MYSQL_COMPATIBLE_SQL_WIRE_PROCEDURAL,mariadb.security.drop_user,parser_declares_noncluster_route_requiring_sblr_or_udr_expansion,IMPLEMENT_NONCLUSTER,sblr expansion lead,public_execution_plan/source-evidence/final-sblr-sbsql-sblr-expansion-closure/,project/src/parsers/compatibility/mariadb/mariadb_dialect.cpp#kPatterns:mariadb.security.drop_user
mariadb,MYSQL_COMPATIBLE_SQL_WIRE_PROCEDURAL,mariadb.security.create_role,parser_declares_noncluster_route_requiring_sblr_or_udr_expansion,IMPLEMENT_NONCLUSTER,sblr expansion lead,public_execution_plan/source-evidence/final-sblr-sbsql-sblr-expansion-closure/,project/src/parsers/compatibility/mariadb/mariadb_dialect.cpp#kPatterns:mariadb.security.create_role
mariadb,MYSQL_COMPATIBLE_SQL_WIRE_PROCEDURAL,mariadb.security.drop_role,parser_declares_noncluster_route_requiring_sblr_or_udr_expansion,IMPLEMENT_NONCLUSTER,sblr expansion lead,public_execution_plan/source-evidence/final-sblr-sbsql-sblr-expansion-closure/,project/src/parsers/compatibility/mariadb/mariadb_dialect.cpp#kPatterns:mariadb.security.drop_role
mariadb,MYSQL_COMPATIBLE_SQL_WIRE_PROCEDURAL,mariadb.security.grant,parser_declares_noncluster_route_requiring_sblr_or_udr_expansion,IMPLEMENT_NONCLUSTER,sblr expansion lead,public_execution_plan/source-evidence/final-sblr-sbsql-sblr-expansion-closure/,project/src/parsers/compatibility/mariadb/mariadb_dialect.cpp#kPatterns:mariadb.security.grant
mariadb,MYSQL_COMPATIBLE_SQL_WIRE_PROCEDURAL,mariadb.security.revoke,parser_declares_noncluster_route_requiring_sblr_or_udr_expansion,IMPLEMENT_NONCLUSTER,sblr expansion lead,public_execution_plan/source-evidence/final-sblr-sbsql-sblr-expansion-closure/,project/src/parsers/compatibility/mariadb/mariadb_dialect.cpp#kPatterns:mariadb.security.revoke
mariadb,MYSQL_COMPATIBLE_SQL_WIRE_PROCEDURAL,mariadb.routine.event.create,parser_declares_noncluster_route_requiring_sblr_or_udr_expansion,IMPLEMENT_NONCLUSTER,sblr expansion lead,public_execution_plan/source-evidence/final-sblr-sbsql-sblr-expansion-closure/,project/src/parsers/compatibility/mariadb/mariadb_dialect.cpp#kPatterns:mariadb.routine.event.create
mariadb,MYSQL_COMPATIBLE_SQL_WIRE_PROCEDURAL,mariadb.routine.trigger.create,parser_declares_noncluster_route_requiring_sblr_or_udr_expansion,IMPLEMENT_NONCLUSTER,sblr expansion lead,public_execution_plan/source-evidence/final-sblr-sbsql-sblr-expansion-closure/,project/src/parsers/compatibility/mariadb/mariadb_dialect.cpp#kPatterns:mariadb.routine.trigger.create
mariadb,MYSQL_COMPATIBLE_SQL_WIRE_PROCEDURAL,mariadb.routine.procedure.create,parser_declares_noncluster_route_requiring_sblr_or_udr_expansion,IMPLEMENT_NONCLUSTER,sblr expansion lead,public_execution_plan/source-evidence/final-sblr-sbsql-sblr-expansion-closure/,project/src/parsers/compatibility/mariadb/mariadb_dialect.cpp#kPatterns:mariadb.routine.procedure.create
mariadb,MYSQL_COMPATIBLE_SQL_WIRE_PROCEDURAL,mariadb.routine.function.create,parser_declares_noncluster_route_requiring_sblr_or_udr_expansion,IMPLEMENT_NONCLUSTER,sblr expansion lead,public_execution_plan/source-evidence/final-sblr-sbsql-sblr-expansion-closure/,project/src/parsers/compatibility/mariadb/mariadb_dialect.cpp#kPatterns:mariadb.routine.function.create
mariadb,MYSQL_COMPATIBLE_SQL_WIRE_PROCEDURAL,mariadb.lifecycle.create_database,parser_declares_route_requiring_parser_remap_or_existing_sblr_binding_verification,PARSER_REMAP_ONLY,parser remap lead,public_execution_plan/final-sblr-sbsql-parser-remap-closure/,project/src/parsers/compatibility/mariadb/mariadb_dialect.cpp#kPatterns:mariadb.lifecycle.create_database
mariadb,MYSQL_COMPATIBLE_SQL_WIRE_PROCEDURAL,mariadb.lifecycle.drop_database,parser_declares_route_requiring_parser_remap_or_existing_sblr_binding_verification,PARSER_REMAP_ONLY,parser remap lead,public_execution_plan/final-sblr-sbsql-parser-remap-closure/,project/src/parsers/compatibility/mariadb/mariadb_dialect.cpp#kPatterns:mariadb.lifecycle.drop_database
mariadb,MYSQL_COMPATIBLE_SQL_WIRE_PROCEDURAL,mariadb.session.use_database,parser_declares_route_requiring_parser_remap_or_existing_sblr_binding_verification,PARSER_REMAP_ONLY,parser remap lead,public_execution_plan/final-sblr-sbsql-parser-remap-closure/,project/src/parsers/compatibility/mariadb/mariadb_dialect.cpp#kPatterns:mariadb.session.use_database
mariadb,MYSQL_COMPATIBLE_SQL_WIRE_PROCEDURAL,mariadb.catalog_overlay.show,parser_declares_route_requiring_parser_remap_or_existing_sblr_binding_verification,PARSER_REMAP_ONLY,parser remap lead,public_execution_plan/final-sblr-sbsql-parser-remap-closure/,project/src/parsers/compatibility/mariadb/mariadb_dialect.cpp#kPatterns:mariadb.catalog_overlay.show
mariadb,MYSQL_COMPATIBLE_SQL_WIRE_PROCEDURAL,mariadb.catalog_overlay.describe,parser_declares_route_requiring_parser_remap_or_existing_sblr_binding_verification,PARSER_REMAP_ONLY,parser remap lead,public_execution_plan/final-sblr-sbsql-parser-remap-closure/,project/src/parsers/compatibility/mariadb/mariadb_dialect.cpp#kPatterns:mariadb.catalog_overlay.describe
mariadb,MYSQL_COMPATIBLE_SQL_WIRE_PROCEDURAL,mariadb.optimizer.explain,parser_declares_route_requiring_parser_remap_or_existing_sblr_binding_verification,PARSER_REMAP_ONLY,parser remap lead,public_execution_plan/final-sblr-sbsql-parser-remap-closure/,project/src/parsers/compatibility/mariadb/mariadb_dialect.cpp#kPatterns:mariadb.optimizer.explain
mariadb,MYSQL_COMPATIBLE_SQL_WIRE_PROCEDURAL,mariadb.prepared.prepare,parser_declares_route_requiring_parser_remap_or_existing_sblr_binding_verification,PARSER_REMAP_ONLY,parser remap lead,public_execution_plan/final-sblr-sbsql-parser-remap-closure/,project/src/parsers/compatibility/mariadb/mariadb_dialect.cpp#kPatterns:mariadb.prepared.prepare
mariadb,MYSQL_COMPATIBLE_SQL_WIRE_PROCEDURAL,mariadb.prepared.execute,parser_declares_route_requiring_parser_remap_or_existing_sblr_binding_verification,PARSER_REMAP_ONLY,parser remap lead,public_execution_plan/final-sblr-sbsql-parser-remap-closure/,project/src/parsers/compatibility/mariadb/mariadb_dialect.cpp#kPatterns:mariadb.prepared.execute
mariadb,MYSQL_COMPATIBLE_SQL_WIRE_PROCEDURAL,mariadb.prepared.deallocate,parser_declares_route_requiring_parser_remap_or_existing_sblr_binding_verification,PARSER_REMAP_ONLY,parser remap lead,public_execution_plan/final-sblr-sbsql-parser-remap-closure/,project/src/parsers/compatibility/mariadb/mariadb_dialect.cpp#kPatterns:mariadb.prepared.deallocate
mariadb,MYSQL_COMPATIBLE_SQL_WIRE_PROCEDURAL,mariadb.locking.lock_tables,parser_declares_route_requiring_parser_remap_or_existing_sblr_binding_verification,PARSER_REMAP_ONLY,parser remap lead,public_execution_plan/final-sblr-sbsql-parser-remap-closure/,project/src/parsers/compatibility/mariadb/mariadb_dialect.cpp#kPatterns:mariadb.locking.lock_tables
mariadb,MYSQL_COMPATIBLE_SQL_WIRE_PROCEDURAL,mariadb.locking.unlock_tables,parser_declares_route_requiring_parser_remap_or_existing_sblr_binding_verification,PARSER_REMAP_ONLY,parser remap lead,public_execution_plan/final-sblr-sbsql-parser-remap-closure/,project/src/parsers/compatibility/mariadb/mariadb_dialect.cpp#kPatterns:mariadb.locking.unlock_tables
mariadb,MYSQL_COMPATIBLE_SQL_WIRE_PROCEDURAL,mariadb.transaction.start,parser_declares_route_requiring_parser_remap_or_existing_sblr_binding_verification,PARSER_REMAP_ONLY,parser remap lead,public_execution_plan/final-sblr-sbsql-parser-remap-closure/,project/src/parsers/compatibility/mariadb/mariadb_dialect.cpp#kPatterns:mariadb.transaction.start
mariadb,MYSQL_COMPATIBLE_SQL_WIRE_PROCEDURAL,mariadb.transaction.begin,parser_declares_route_requiring_parser_remap_or_existing_sblr_binding_verification,PARSER_REMAP_ONLY,parser remap lead,public_execution_plan/final-sblr-sbsql-parser-remap-closure/,project/src/parsers/compatibility/mariadb/mariadb_dialect.cpp#kPatterns:mariadb.transaction.begin
mariadb,MYSQL_COMPATIBLE_SQL_WIRE_PROCEDURAL,mariadb.transaction.commit,parser_declares_route_requiring_parser_remap_or_existing_sblr_binding_verification,PARSER_REMAP_ONLY,parser remap lead,public_execution_plan/final-sblr-sbsql-parser-remap-closure/,project/src/parsers/compatibility/mariadb/mariadb_dialect.cpp#kPatterns:mariadb.transaction.commit
mariadb,MYSQL_COMPATIBLE_SQL_WIRE_PROCEDURAL,mariadb.transaction.rollback,parser_declares_route_requiring_parser_remap_or_existing_sblr_binding_verification,PARSER_REMAP_ONLY,parser remap lead,public_execution_plan/final-sblr-sbsql-parser-remap-closure/,project/src/parsers/compatibility/mariadb/mariadb_dialect.cpp#kPatterns:mariadb.transaction.rollback
mariadb,MYSQL_COMPATIBLE_SQL_WIRE_PROCEDURAL,mariadb.transaction.savepoint,parser_declares_route_requiring_parser_remap_or_existing_sblr_binding_verification,PARSER_REMAP_ONLY,parser remap lead,public_execution_plan/final-sblr-sbsql-parser-remap-closure/,project/src/parsers/compatibility/mariadb/mariadb_dialect.cpp#kPatterns:mariadb.transaction.savepoint
mariadb,MYSQL_COMPATIBLE_SQL_WIRE_PROCEDURAL,mariadb.transaction.release_savepoint,parser_declares_route_requiring_parser_remap_or_existing_sblr_binding_verification,PARSER_REMAP_ONLY,parser remap lead,public_execution_plan/final-sblr-sbsql-parser-remap-closure/,project/src/parsers/compatibility/mariadb/mariadb_dialect.cpp#kPatterns:mariadb.transaction.release_savepoint
mariadb,MYSQL_COMPATIBLE_SQL_WIRE_PROCEDURAL,mariadb.session.set,parser_declares_route_requiring_parser_remap_or_existing_sblr_binding_verification,PARSER_REMAP_ONLY,parser remap lead,public_execution_plan/final-sblr-sbsql-parser-remap-closure/,project/src/parsers/compatibility/mariadb/mariadb_dialect.cpp#kPatterns:mariadb.session.set
mariadb,MYSQL_COMPATIBLE_SQL_WIRE_PROCEDURAL,mariadb.ddl.create,parser_declares_route_requiring_parser_remap_or_existing_sblr_binding_verification,PARSER_REMAP_ONLY,parser remap lead,public_execution_plan/final-sblr-sbsql-parser-remap-closure/,project/src/parsers/compatibility/mariadb/mariadb_dialect.cpp#kPatterns:mariadb.ddl.create
mariadb,MYSQL_COMPATIBLE_SQL_WIRE_PROCEDURAL,mariadb.ddl.alter,parser_declares_route_requiring_parser_remap_or_existing_sblr_binding_verification,PARSER_REMAP_ONLY,parser remap lead,public_execution_plan/final-sblr-sbsql-parser-remap-closure/,project/src/parsers/compatibility/mariadb/mariadb_dialect.cpp#kPatterns:mariadb.ddl.alter
mariadb,MYSQL_COMPATIBLE_SQL_WIRE_PROCEDURAL,mariadb.ddl.drop,parser_declares_route_requiring_parser_remap_or_existing_sblr_binding_verification,PARSER_REMAP_ONLY,parser remap lead,public_execution_plan/final-sblr-sbsql-parser-remap-closure/,project/src/parsers/compatibility/mariadb/mariadb_dialect.cpp#kPatterns:mariadb.ddl.drop
mariadb,MYSQL_COMPATIBLE_SQL_WIRE_PROCEDURAL,mariadb.ddl.truncate,parser_declares_route_requiring_parser_remap_or_existing_sblr_binding_verification,PARSER_REMAP_ONLY,parser remap lead,public_execution_plan/final-sblr-sbsql-parser-remap-closure/,project/src/parsers/compatibility/mariadb/mariadb_dialect.cpp#kPatterns:mariadb.ddl.truncate
mariadb,MYSQL_COMPATIBLE_SQL_WIRE_PROCEDURAL,mariadb.dml.replace,parser_declares_route_requiring_parser_remap_or_existing_sblr_binding_verification,PARSER_REMAP_ONLY,parser remap lead,public_execution_plan/final-sblr-sbsql-parser-remap-closure/,project/src/parsers/compatibility/mariadb/mariadb_dialect.cpp#kPatterns:mariadb.dml.replace
mariadb,MYSQL_COMPATIBLE_SQL_WIRE_PROCEDURAL,mariadb.dml.insert,parser_declares_route_requiring_parser_remap_or_existing_sblr_binding_verification,PARSER_REMAP_ONLY,parser remap lead,public_execution_plan/final-sblr-sbsql-parser-remap-closure/,project/src/parsers/compatibility/mariadb/mariadb_dialect.cpp#kPatterns:mariadb.dml.insert
mariadb,MYSQL_COMPATIBLE_SQL_WIRE_PROCEDURAL,mariadb.dml.update,parser_declares_route_requiring_parser_remap_or_existing_sblr_binding_verification,PARSER_REMAP_ONLY,parser remap lead,public_execution_plan/final-sblr-sbsql-parser-remap-closure/,project/src/parsers/compatibility/mariadb/mariadb_dialect.cpp#kPatterns:mariadb.dml.update
mariadb,MYSQL_COMPATIBLE_SQL_WIRE_PROCEDURAL,mariadb.dml.delete,parser_declares_route_requiring_parser_remap_or_existing_sblr_binding_verification,PARSER_REMAP_ONLY,parser remap lead,public_execution_plan/final-sblr-sbsql-parser-remap-closure/,project/src/parsers/compatibility/mariadb/mariadb_dialect.cpp#kPatterns:mariadb.dml.delete
mariadb,MYSQL_COMPATIBLE_SQL_WIRE_PROCEDURAL,mariadb.query.select,parser_declares_route_requiring_parser_remap_or_existing_sblr_binding_verification,PARSER_REMAP_ONLY,parser remap lead,public_execution_plan/final-sblr-sbsql-parser-remap-closure/,project/src/parsers/compatibility/mariadb/mariadb_dialect.cpp#kPatterns:mariadb.query.select
mariadb,MYSQL_COMPATIBLE_SQL_WIRE_PROCEDURAL,mariadb.query.with,parser_declares_route_requiring_parser_remap_or_existing_sblr_binding_verification,PARSER_REMAP_ONLY,parser remap lead,public_execution_plan/final-sblr-sbsql-parser-remap-closure/,project/src/parsers/compatibility/mariadb/mariadb_dialect.cpp#kPatterns:mariadb.query.with
mariadb,MYSQL_COMPATIBLE_SQL_WIRE_PROCEDURAL,mariadb.routine.call,parser_declares_noncluster_route_requiring_sblr_or_udr_expansion,IMPLEMENT_NONCLUSTER,sblr expansion lead,public_execution_plan/source-evidence/final-sblr-sbsql-sblr-expansion-closure/,project/src/parsers/compatibility/mariadb/mariadb_dialect.cpp#kPatterns:mariadb.routine.call
mariadb,MYSQL_COMPATIBLE_SQL_WIRE_PROCEDURAL,mariadb.maintenance.analyze_table,parser_declares_noncluster_route_requiring_sblr_or_udr_expansion,IMPLEMENT_NONCLUSTER,sblr expansion lead,public_execution_plan/source-evidence/final-sblr-sbsql-sblr-expansion-closure/,project/src/parsers/compatibility/mariadb/mariadb_dialect.cpp#kPatterns:mariadb.maintenance.analyze_table
mariadb,MYSQL_COMPATIBLE_SQL_WIRE_PROCEDURAL,mariadb.maintenance.optimize_table,parser_declares_noncluster_route_requiring_sblr_or_udr_expansion,IMPLEMENT_NONCLUSTER,sblr expansion lead,public_execution_plan/source-evidence/final-sblr-sbsql-sblr-expansion-closure/,project/src/parsers/compatibility/mariadb/mariadb_dialect.cpp#kPatterns:mariadb.maintenance.optimize_table
mariadb,MYSQL_COMPATIBLE_SQL_WIRE_PROCEDURAL,mariadb.maintenance.check_table,parser_declares_noncluster_route_requiring_sblr_or_udr_expansion,IMPLEMENT_NONCLUSTER,sblr expansion lead,public_execution_plan/source-evidence/final-sblr-sbsql-sblr-expansion-closure/,project/src/parsers/compatibility/mariadb/mariadb_dialect.cpp#kPatterns:mariadb.maintenance.check_table
mariadb,MYSQL_COMPATIBLE_SQL_WIRE_PROCEDURAL,mariadb.maintenance.repair_table,parser_declares_noncluster_route_requiring_sblr_or_udr_expansion,IMPLEMENT_NONCLUSTER,sblr expansion lead,public_execution_plan/source-evidence/final-sblr-sbsql-sblr-expansion-closure/,project/src/parsers/compatibility/mariadb/mariadb_dialect.cpp#kPatterns:mariadb.maintenance.repair_table
mariadb,MYSQL_COMPATIBLE_SQL_WIRE_PROCEDURAL,mariadb.maintenance.flush,parser_declares_noncluster_route_requiring_sblr_or_udr_expansion,IMPLEMENT_NONCLUSTER,sblr expansion lead,public_execution_plan/source-evidence/final-sblr-sbsql-sblr-expansion-closure/,project/src/parsers/compatibility/mariadb/mariadb_dialect.cpp#kPatterns:mariadb.maintenance.flush
mariadb,MYSQL_COMPATIBLE_SQL_WIRE_PROCEDURAL,datatype_surface:enum_set,parser_declares_noncluster_route_requiring_sblr_or_udr_expansion,IMPLEMENT_NONCLUSTER,sblr expansion lead,public_execution_plan/source-evidence/final-sblr-sbsql-sblr-expansion-closure/,project/src/parsers/compatibility/mariadb/mariadb_dialect.cpp#kDatatypeSurfaces:enum_set
mariadb,MYSQL_COMPATIBLE_SQL_WIRE_PROCEDURAL,datatype_surface:spatial,parser_declares_noncluster_route_requiring_sblr_or_udr_expansion,IMPLEMENT_NONCLUSTER,sblr expansion lead,public_execution_plan/source-evidence/final-sblr-sbsql-sblr-expansion-closure/,project/src/parsers/compatibility/mariadb/mariadb_dialect.cpp#kDatatypeSurfaces:spatial
mariadb,MYSQL_COMPATIBLE_SQL_WIRE_PROCEDURAL,datatype_surface:charset_collation,parser_declares_route_requiring_parser_remap_or_existing_sblr_binding_verification,PARSER_REMAP_ONLY,parser remap lead,public_execution_plan/final-sblr-sbsql-parser-remap-closure/,project/src/parsers/compatibility/mariadb/mariadb_dialect.cpp#kDatatypeSurfaces:charset_collation
mariadb,MYSQL_COMPATIBLE_SQL_WIRE_PROCEDURAL,builtin_function_surface:aggregate,parser_declares_route_requiring_parser_remap_or_existing_sblr_binding_verification,PARSER_REMAP_ONLY,parser remap lead,public_execution_plan/final-sblr-sbsql-parser-remap-closure/,project/src/parsers/compatibility/mariadb/mariadb_dialect.cpp#kBuiltinSurfaces:aggregate
mariadb,MYSQL_COMPATIBLE_SQL_WIRE_PROCEDURAL,builtin_function_surface:window,parser_declares_route_requiring_parser_remap_or_existing_sblr_binding_verification,PARSER_REMAP_ONLY,parser remap lead,public_execution_plan/final-sblr-sbsql-parser-remap-closure/,project/src/parsers/compatibility/mariadb/mariadb_dialect.cpp#kBuiltinSurfaces:window
mariadb,MYSQL_COMPATIBLE_SQL_WIRE_PROCEDURAL,builtin_function_surface:string,parser_declares_route_requiring_parser_remap_or_existing_sblr_binding_verification,PARSER_REMAP_ONLY,parser remap lead,public_execution_plan/final-sblr-sbsql-parser-remap-closure/,project/src/parsers/compatibility/mariadb/mariadb_dialect.cpp#kBuiltinSurfaces:string
mariadb,MYSQL_COMPATIBLE_SQL_WIRE_PROCEDURAL,builtin_function_surface:numeric,parser_declares_route_requiring_parser_remap_or_existing_sblr_binding_verification,PARSER_REMAP_ONLY,parser remap lead,public_execution_plan/final-sblr-sbsql-parser-remap-closure/,project/src/parsers/compatibility/mariadb/mariadb_dialect.cpp#kBuiltinSurfaces:numeric
mariadb,MYSQL_COMPATIBLE_SQL_WIRE_PROCEDURAL,builtin_function_surface:temporal,parser_declares_route_requiring_parser_remap_or_existing_sblr_binding_verification,PARSER_REMAP_ONLY,parser remap lead,public_execution_plan/final-sblr-sbsql-parser-remap-closure/,project/src/parsers/compatibility/mariadb/mariadb_dialect.cpp#kBuiltinSurfaces:temporal
mariadb,MYSQL_COMPATIBLE_SQL_WIRE_PROCEDURAL,builtin_function_surface:json,parser_declares_noncluster_route_requiring_sblr_or_udr_expansion,IMPLEMENT_NONCLUSTER,sblr expansion lead,public_execution_plan/source-evidence/final-sblr-sbsql-sblr-expansion-closure/,project/src/parsers/compatibility/mariadb/mariadb_dialect.cpp#kBuiltinSurfaces:json
mariadb,MYSQL_COMPATIBLE_SQL_WIRE_PROCEDURAL,builtin_function_surface:sequence,parser_declares_route_requiring_parser_remap_or_existing_sblr_binding_verification,PARSER_REMAP_ONLY,parser remap lead,public_execution_plan/final-sblr-sbsql-parser-remap-closure/,project/src/parsers/compatibility/mariadb/mariadb_dialect.cpp#kBuiltinSurfaces:sequence
mariadb,MYSQL_COMPATIBLE_SQL_WIRE_PROCEDURAL,builtin_function_surface:regular_expression,parser_declares_route_requiring_parser_remap_or_existing_sblr_binding_verification,PARSER_REMAP_ONLY,parser remap lead,public_execution_plan/final-sblr-sbsql-parser-remap-closure/,project/src/parsers/compatibility/mariadb/mariadb_dialect.cpp#kBuiltinSurfaces:regular_expression
mariadb,MYSQL_COMPATIBLE_SQL_WIRE_PROCEDURAL,builtin_function_surface:security,parser_declares_route_requiring_parser_remap_or_existing_sblr_binding_verification,PARSER_REMAP_ONLY,parser remap lead,public_execution_plan/final-sblr-sbsql-parser-remap-closure/,project/src/parsers/compatibility/mariadb/mariadb_dialect.cpp#kBuiltinSurfaces:security
mariadb,MYSQL_COMPATIBLE_SQL_WIRE_PROCEDURAL,builtin_function_surface:spatial,parser_declares_noncluster_route_requiring_sblr_or_udr_expansion,IMPLEMENT_NONCLUSTER,sblr expansion lead,public_execution_plan/source-evidence/final-sblr-sbsql-sblr-expansion-closure/,project/src/parsers/compatibility/mariadb/mariadb_dialect.cpp#kBuiltinSurfaces:spatial
mariadb,MYSQL_COMPATIBLE_SQL_WIRE_PROCEDURAL,catalog_overlay_surface:information_schema,parser_declares_route_requiring_parser_remap_or_existing_sblr_binding_verification,PARSER_REMAP_ONLY,parser remap lead,public_execution_plan/final-sblr-sbsql-parser-remap-closure/,project/src/parsers/compatibility/mariadb/mariadb_dialect.cpp#kCatalogSurfaces:information_schema
mariadb,MYSQL_COMPATIBLE_SQL_WIRE_PROCEDURAL,catalog_overlay_surface:mysql_schema,parser_declares_route_requiring_parser_remap_or_existing_sblr_binding_verification,PARSER_REMAP_ONLY,parser remap lead,public_execution_plan/final-sblr-sbsql-parser-remap-closure/,project/src/parsers/compatibility/mariadb/mariadb_dialect.cpp#kCatalogSurfaces:mysql_schema
mariadb,MYSQL_COMPATIBLE_SQL_WIRE_PROCEDURAL,catalog_overlay_surface:performance_schema,parser_declares_route_requiring_parser_remap_or_existing_sblr_binding_verification,PARSER_REMAP_ONLY,parser remap lead,public_execution_plan/final-sblr-sbsql-parser-remap-closure/,project/src/parsers/compatibility/mariadb/mariadb_dialect.cpp#kCatalogSurfaces:performance_schema
mariadb,MYSQL_COMPATIBLE_SQL_WIRE_PROCEDURAL,catalog_overlay_surface:sys_schema,parser_declares_route_requiring_parser_remap_or_existing_sblr_binding_verification,PARSER_REMAP_ONLY,parser remap lead,public_execution_plan/final-sblr-sbsql-parser-remap-closure/,project/src/parsers/compatibility/mariadb/mariadb_dialect.cpp#kCatalogSurfaces:sys_schema
mariadb,MYSQL_COMPATIBLE_SQL_WIRE_PROCEDURAL,catalog_overlay_surface:sequence_metadata,parser_declares_route_requiring_parser_remap_or_existing_sblr_binding_verification,PARSER_REMAP_ONLY,parser remap lead,public_execution_plan/final-sblr-sbsql-parser-remap-closure/,project/src/parsers/compatibility/mariadb/mariadb_dialect.cpp#kCatalogSurfaces:sequence_metadata
mariadb,MYSQL_COMPATIBLE_SQL_WIRE_PROCEDURAL,catalog_overlay_surface:routine_metadata,parser_declares_route_requiring_parser_remap_or_existing_sblr_binding_verification,PARSER_REMAP_ONLY,parser remap lead,public_execution_plan/final-sblr-sbsql-parser-remap-closure/,project/src/parsers/compatibility/mariadb/mariadb_dialect.cpp#kCatalogSurfaces:routine_metadata
mariadb,MYSQL_COMPATIBLE_SQL_WIRE_PROCEDURAL,catalog_overlay_surface:table_metadata,parser_declares_route_requiring_parser_remap_or_existing_sblr_binding_verification,PARSER_REMAP_ONLY,parser remap lead,public_execution_plan/final-sblr-sbsql-parser-remap-closure/,project/src/parsers/compatibility/mariadb/mariadb_dialect.cpp#kCatalogSurfaces:table_metadata
mariadb,MYSQL_COMPATIBLE_SQL_WIRE_PROCEDURAL,catalog_overlay_surface:privilege_metadata,parser_declares_route_requiring_parser_remap_or_existing_sblr_binding_verification,PARSER_REMAP_ONLY,parser remap lead,public_execution_plan/final-sblr-sbsql-parser-remap-closure/,project/src/parsers/compatibility/mariadb/mariadb_dialect.cpp#kCatalogSurfaces:privilege_metadata
mariadb,MYSQL_COMPATIBLE_SQL_WIRE_PROCEDURAL,diagnostic_surface:parse,parser_declares_route_requiring_parser_remap_or_existing_sblr_binding_verification,PARSER_REMAP_ONLY,parser remap lead,public_execution_plan/final-sblr-sbsql-parser-remap-closure/,project/src/parsers/compatibility/mariadb/mariadb_dialect.cpp#kDiagnosticSurfaces:parse
mariadb,MYSQL_COMPATIBLE_SQL_WIRE_PROCEDURAL,diagnostic_surface:security,parser_declares_noncluster_route_requiring_sblr_or_udr_expansion,IMPLEMENT_NONCLUSTER,sblr expansion lead,public_execution_plan/source-evidence/final-sblr-sbsql-sblr-expansion-closure/,project/src/parsers/compatibility/mariadb/mariadb_dialect.cpp#kDiagnosticSurfaces:security
mariadb,MYSQL_COMPATIBLE_SQL_WIRE_PROCEDURAL,diagnostic_surface:routine,parser_declares_noncluster_route_requiring_sblr_or_udr_expansion,IMPLEMENT_NONCLUSTER,sblr expansion lead,public_execution_plan/source-evidence/final-sblr-sbsql-sblr-expansion-closure/,project/src/parsers/compatibility/mariadb/mariadb_dialect.cpp#kDiagnosticSurfaces:routine
mariadb,MYSQL_COMPATIBLE_SQL_WIRE_PROCEDURAL,diagnostic_surface:maintenance,parser_declares_noncluster_route_requiring_sblr_or_udr_expansion,IMPLEMENT_NONCLUSTER,sblr expansion lead,public_execution_plan/source-evidence/final-sblr-sbsql-sblr-expansion-closure/,project/src/parsers/compatibility/mariadb/mariadb_dialect.cpp#kDiagnosticSurfaces:maintenance
mariadb,MYSQL_COMPATIBLE_SQL_WIRE_PROCEDURAL,diagnostic_surface:sequence,parser_declares_route_requiring_parser_remap_or_existing_sblr_binding_verification,PARSER_REMAP_ONLY,parser remap lead,public_execution_plan/final-sblr-sbsql-parser-remap-closure/,project/src/parsers/compatibility/mariadb/mariadb_dialect.cpp#kDiagnosticSurfaces:sequence
mariadb,MYSQL_COMPATIBLE_SQL_WIRE_PROCEDURAL,diagnostic_surface:handler,parser_declares_noncluster_route_requiring_sblr_or_udr_expansion,IMPLEMENT_NONCLUSTER,sblr expansion lead,public_execution_plan/source-evidence/final-sblr-sbsql-sblr-expansion-closure/,project/src/parsers/compatibility/mariadb/mariadb_dialect.cpp#kDiagnosticSurfaces:handler
milvus,GRPC_REST_VECTOR_API,milvus.collection.create,parser_declares_route_requiring_parser_remap_or_existing_sblr_binding_verification,PARSER_REMAP_ONLY,parser remap lead,public_execution_plan/final-sblr-sbsql-parser-remap-closure/,project/src/parsers/compatibility/milvus/milvus_dialect.cpp#kPatterns:milvus.collection.create
milvus,GRPC_REST_VECTOR_API,milvus.collection.drop,parser_declares_route_requiring_parser_remap_or_existing_sblr_binding_verification,PARSER_REMAP_ONLY,parser remap lead,public_execution_plan/final-sblr-sbsql-parser-remap-closure/,project/src/parsers/compatibility/milvus/milvus_dialect.cpp#kPatterns:milvus.collection.drop
milvus,GRPC_REST_VECTOR_API,milvus.collection.has,parser_declares_route_requiring_parser_remap_or_existing_sblr_binding_verification,PARSER_REMAP_ONLY,parser remap lead,public_execution_plan/final-sblr-sbsql-parser-remap-closure/,project/src/parsers/compatibility/milvus/milvus_dialect.cpp#kPatterns:milvus.collection.has
milvus,GRPC_REST_VECTOR_API,milvus.collection.describe,parser_declares_route_requiring_parser_remap_or_existing_sblr_binding_verification,PARSER_REMAP_ONLY,parser remap lead,public_execution_plan/final-sblr-sbsql-parser-remap-closure/,project/src/parsers/compatibility/milvus/milvus_dialect.cpp#kPatterns:milvus.collection.describe
milvus,GRPC_REST_VECTOR_API,milvus.partition.create,parser_declares_route_requiring_parser_remap_or_existing_sblr_binding_verification,PARSER_REMAP_ONLY,parser remap lead,public_execution_plan/final-sblr-sbsql-parser-remap-closure/,project/src/parsers/compatibility/milvus/milvus_dialect.cpp#kPatterns:milvus.partition.create
milvus,GRPC_REST_VECTOR_API,milvus.partition.drop,parser_declares_route_requiring_parser_remap_or_existing_sblr_binding_verification,PARSER_REMAP_ONLY,parser remap lead,public_execution_plan/final-sblr-sbsql-parser-remap-closure/,project/src/parsers/compatibility/milvus/milvus_dialect.cpp#kPatterns:milvus.partition.drop
milvus,GRPC_REST_VECTOR_API,milvus.index.create,parser_declares_noncluster_route_requiring_sblr_or_udr_expansion,IMPLEMENT_NONCLUSTER,sblr expansion lead,public_execution_plan/source-evidence/final-sblr-sbsql-sblr-expansion-closure/,project/src/parsers/compatibility/milvus/milvus_dialect.cpp#kPatterns:milvus.index.create
milvus,GRPC_REST_VECTOR_API,milvus.index.drop,parser_declares_noncluster_route_requiring_sblr_or_udr_expansion,IMPLEMENT_NONCLUSTER,sblr expansion lead,public_execution_plan/source-evidence/final-sblr-sbsql-sblr-expansion-closure/,project/src/parsers/compatibility/milvus/milvus_dialect.cpp#kPatterns:milvus.index.drop
milvus,GRPC_REST_VECTOR_API,milvus.collection.load,parser_declares_noncluster_route_requiring_sblr_or_udr_expansion,IMPLEMENT_NONCLUSTER,sblr expansion lead,public_execution_plan/source-evidence/final-sblr-sbsql-sblr-expansion-closure/,project/src/parsers/compatibility/milvus/milvus_dialect.cpp#kPatterns:milvus.collection.load
milvus,GRPC_REST_VECTOR_API,milvus.collection.release,parser_declares_noncluster_route_requiring_sblr_or_udr_expansion,IMPLEMENT_NONCLUSTER,sblr expansion lead,public_execution_plan/source-evidence/final-sblr-sbsql-sblr-expansion-closure/,project/src/parsers/compatibility/milvus/milvus_dialect.cpp#kPatterns:milvus.collection.release
milvus,GRPC_REST_VECTOR_API,milvus.dml.insert,parser_declares_route_requiring_parser_remap_or_existing_sblr_binding_verification,PARSER_REMAP_ONLY,parser remap lead,public_execution_plan/final-sblr-sbsql-parser-remap-closure/,project/src/parsers/compatibility/milvus/milvus_dialect.cpp#kPatterns:milvus.dml.insert
milvus,GRPC_REST_VECTOR_API,milvus.dml.upsert,parser_declares_route_requiring_parser_remap_or_existing_sblr_binding_verification,PARSER_REMAP_ONLY,parser remap lead,public_execution_plan/final-sblr-sbsql-parser-remap-closure/,project/src/parsers/compatibility/milvus/milvus_dialect.cpp#kPatterns:milvus.dml.upsert
milvus,GRPC_REST_VECTOR_API,milvus.dml.delete,parser_declares_route_requiring_parser_remap_or_existing_sblr_binding_verification,PARSER_REMAP_ONLY,parser remap lead,public_execution_plan/final-sblr-sbsql-parser-remap-closure/,project/src/parsers/compatibility/milvus/milvus_dialect.cpp#kPatterns:milvus.dml.delete
milvus,GRPC_REST_VECTOR_API,milvus.query.hybrid_search,parser_declares_noncluster_route_requiring_sblr_or_udr_expansion,IMPLEMENT_NONCLUSTER,sblr expansion lead,public_execution_plan/source-evidence/final-sblr-sbsql-sblr-expansion-closure/,project/src/parsers/compatibility/milvus/milvus_dialect.cpp#kPatterns:milvus.query.hybrid_search
milvus,GRPC_REST_VECTOR_API,milvus.query.search,parser_declares_route_requiring_parser_remap_or_existing_sblr_binding_verification,PARSER_REMAP_ONLY,parser remap lead,public_execution_plan/final-sblr-sbsql-parser-remap-closure/,project/src/parsers/compatibility/milvus/milvus_dialect.cpp#kPatterns:milvus.query.search
milvus,GRPC_REST_VECTOR_API,milvus.query.scalar,parser_declares_route_requiring_parser_remap_or_existing_sblr_binding_verification,PARSER_REMAP_ONLY,parser remap lead,public_execution_plan/final-sblr-sbsql-parser-remap-closure/,project/src/parsers/compatibility/milvus/milvus_dialect.cpp#kPatterns:milvus.query.scalar
milvus,GRPC_REST_VECTOR_API,milvus.query.rerank,parser_declares_noncluster_route_requiring_sblr_or_udr_expansion,IMPLEMENT_NONCLUSTER,sblr expansion lead,public_execution_plan/source-evidence/final-sblr-sbsql-sblr-expansion-closure/,project/src/parsers/compatibility/milvus/milvus_dialect.cpp#kPatterns:milvus.query.rerank
milvus,GRPC_REST_VECTOR_API,milvus.security.create_user,parser_declares_noncluster_route_requiring_sblr_or_udr_expansion,IMPLEMENT_NONCLUSTER,sblr expansion lead,public_execution_plan/source-evidence/final-sblr-sbsql-sblr-expansion-closure/,project/src/parsers/compatibility/milvus/milvus_dialect.cpp#kPatterns:milvus.security.create_user
milvus,GRPC_REST_VECTOR_API,milvus.security.create_role,parser_declares_noncluster_route_requiring_sblr_or_udr_expansion,IMPLEMENT_NONCLUSTER,sblr expansion lead,public_execution_plan/source-evidence/final-sblr-sbsql-sblr-expansion-closure/,project/src/parsers/compatibility/milvus/milvus_dialect.cpp#kPatterns:milvus.security.create_role
milvus,GRPC_REST_VECTOR_API,milvus.security.grant,parser_declares_noncluster_route_requiring_sblr_or_udr_expansion,IMPLEMENT_NONCLUSTER,sblr expansion lead,public_execution_plan/source-evidence/final-sblr-sbsql-sblr-expansion-closure/,project/src/parsers/compatibility/milvus/milvus_dialect.cpp#kPatterns:milvus.security.grant
milvus,GRPC_REST_VECTOR_API,milvus.security.revoke,parser_declares_noncluster_route_requiring_sblr_or_udr_expansion,IMPLEMENT_NONCLUSTER,sblr expansion lead,public_execution_plan/source-evidence/final-sblr-sbsql-sblr-expansion-closure/,project/src/parsers/compatibility/milvus/milvus_dialect.cpp#kPatterns:milvus.security.revoke
milvus,GRPC_REST_VECTOR_API,datatype_surface:json,parser_declares_noncluster_route_requiring_sblr_or_udr_expansion,IMPLEMENT_NONCLUSTER,sblr expansion lead,public_execution_plan/source-evidence/final-sblr-sbsql-sblr-expansion-closure/,project/src/parsers/compatibility/milvus/milvus_dialect.cpp#kDatatypeSurfaces:json
milvus,GRPC_REST_VECTOR_API,datatype_surface:array,parser_declares_noncluster_route_requiring_sblr_or_udr_expansion,IMPLEMENT_NONCLUSTER,sblr expansion lead,public_execution_plan/source-evidence/final-sblr-sbsql-sblr-expansion-closure/,project/src/parsers/compatibility/milvus/milvus_dialect.cpp#kDatatypeSurfaces:array
milvus,GRPC_REST_VECTOR_API,datatype_surface:vector,parser_declares_noncluster_route_requiring_sblr_or_udr_expansion,IMPLEMENT_NONCLUSTER,sblr expansion lead,public_execution_plan/source-evidence/final-sblr-sbsql-sblr-expansion-closure/,project/src/parsers/compatibility/milvus/milvus_dialect.cpp#kDatatypeSurfaces:vector
milvus,GRPC_REST_VECTOR_API,datatype_surface:geometry,parser_declares_noncluster_route_requiring_sblr_or_udr_expansion,IMPLEMENT_NONCLUSTER,sblr expansion lead,public_execution_plan/source-evidence/final-sblr-sbsql-sblr-expansion-closure/,project/src/parsers/compatibility/milvus/milvus_dialect.cpp#kDatatypeSurfaces:geometry
milvus,GRPC_REST_VECTOR_API,datatype_surface:dynamic,parser_declares_noncluster_route_requiring_sblr_or_udr_expansion,IMPLEMENT_NONCLUSTER,sblr expansion lead,public_execution_plan/source-evidence/final-sblr-sbsql-sblr-expansion-closure/,project/src/parsers/compatibility/milvus/milvus_dialect.cpp#kDatatypeSurfaces:dynamic
milvus,GRPC_REST_VECTOR_API,builtin_function_surface:metric,parser_declares_noncluster_route_requiring_sblr_or_udr_expansion,IMPLEMENT_NONCLUSTER,sblr expansion lead,public_execution_plan/source-evidence/final-sblr-sbsql-sblr-expansion-closure/,project/src/parsers/compatibility/milvus/milvus_dialect.cpp#kBuiltinSurfaces:metric
milvus,GRPC_REST_VECTOR_API,builtin_function_surface:index,parser_declares_noncluster_route_requiring_sblr_or_udr_expansion,IMPLEMENT_NONCLUSTER,sblr expansion lead,public_execution_plan/source-evidence/final-sblr-sbsql-sblr-expansion-closure/,project/src/parsers/compatibility/milvus/milvus_dialect.cpp#kBuiltinSurfaces:index
milvus,GRPC_REST_VECTOR_API,builtin_function_surface:filter,parser_declares_route_requiring_parser_remap_or_existing_sblr_binding_verification,PARSER_REMAP_ONLY,parser remap lead,public_execution_plan/final-sblr-sbsql-parser-remap-closure/,project/src/parsers/compatibility/milvus/milvus_dialect.cpp#kBuiltinSurfaces:filter
milvus,GRPC_REST_VECTOR_API,builtin_function_surface:search,parser_declares_route_requiring_parser_remap_or_existing_sblr_binding_verification,PARSER_REMAP_ONLY,parser remap lead,public_execution_plan/final-sblr-sbsql-parser-remap-closure/,project/src/parsers/compatibility/milvus/milvus_dialect.cpp#kBuiltinSurfaces:search
milvus,GRPC_REST_VECTOR_API,builtin_function_surface:load,parser_declares_noncluster_route_requiring_sblr_or_udr_expansion,IMPLEMENT_NONCLUSTER,sblr expansion lead,public_execution_plan/source-evidence/final-sblr-sbsql-sblr-expansion-closure/,project/src/parsers/compatibility/milvus/milvus_dialect.cpp#kBuiltinSurfaces:load
milvus,GRPC_REST_VECTOR_API,builtin_function_surface:security,parser_declares_noncluster_route_requiring_sblr_or_udr_expansion,IMPLEMENT_NONCLUSTER,sblr expansion lead,public_execution_plan/source-evidence/final-sblr-sbsql-sblr-expansion-closure/,project/src/parsers/compatibility/milvus/milvus_dialect.cpp#kBuiltinSurfaces:security
milvus,GRPC_REST_VECTOR_API,catalog_overlay_surface:collections,parser_declares_route_requiring_parser_remap_or_existing_sblr_binding_verification,PARSER_REMAP_ONLY,parser remap lead,public_execution_plan/final-sblr-sbsql-parser-remap-closure/,project/src/parsers/compatibility/milvus/milvus_dialect.cpp#kCatalogSurfaces:collections
milvus,GRPC_REST_VECTOR_API,catalog_overlay_surface:partitions,parser_declares_route_requiring_parser_remap_or_existing_sblr_binding_verification,PARSER_REMAP_ONLY,parser remap lead,public_execution_plan/final-sblr-sbsql-parser-remap-closure/,project/src/parsers/compatibility/milvus/milvus_dialect.cpp#kCatalogSurfaces:partitions
milvus,GRPC_REST_VECTOR_API,catalog_overlay_surface:indexes,parser_declares_route_requiring_parser_remap_or_existing_sblr_binding_verification,PARSER_REMAP_ONLY,parser remap lead,public_execution_plan/final-sblr-sbsql-parser-remap-closure/,project/src/parsers/compatibility/milvus/milvus_dialect.cpp#kCatalogSurfaces:indexes
milvus,GRPC_REST_VECTOR_API,catalog_overlay_surface:segments,parser_declares_route_requiring_parser_remap_or_existing_sblr_binding_verification,PARSER_REMAP_ONLY,parser remap lead,public_execution_plan/final-sblr-sbsql-parser-remap-closure/,project/src/parsers/compatibility/milvus/milvus_dialect.cpp#kCatalogSurfaces:segments
milvus,GRPC_REST_VECTOR_API,catalog_overlay_surface:load_states,parser_declares_route_requiring_parser_remap_or_existing_sblr_binding_verification,PARSER_REMAP_ONLY,parser remap lead,public_execution_plan/final-sblr-sbsql-parser-remap-closure/,project/src/parsers/compatibility/milvus/milvus_dialect.cpp#kCatalogSurfaces:load_states
milvus,GRPC_REST_VECTOR_API,catalog_overlay_surface:users,parser_declares_route_requiring_parser_remap_or_existing_sblr_binding_verification,PARSER_REMAP_ONLY,parser remap lead,public_execution_plan/final-sblr-sbsql-parser-remap-closure/,project/src/parsers/compatibility/milvus/milvus_dialect.cpp#kCatalogSurfaces:users
milvus,GRPC_REST_VECTOR_API,catalog_overlay_surface:roles,parser_declares_route_requiring_parser_remap_or_existing_sblr_binding_verification,PARSER_REMAP_ONLY,parser remap lead,public_execution_plan/final-sblr-sbsql-parser-remap-closure/,project/src/parsers/compatibility/milvus/milvus_dialect.cpp#kCatalogSurfaces:roles
milvus,GRPC_REST_VECTOR_API,catalog_overlay_surface:privileges,parser_declares_route_requiring_parser_remap_or_existing_sblr_binding_verification,PARSER_REMAP_ONLY,parser remap lead,public_execution_plan/final-sblr-sbsql-parser-remap-closure/,project/src/parsers/compatibility/milvus/milvus_dialect.cpp#kCatalogSurfaces:privileges
milvus,GRPC_REST_VECTOR_API,catalog_overlay_surface:aliases,parser_declares_route_requiring_parser_remap_or_existing_sblr_binding_verification,PARSER_REMAP_ONLY,parser remap lead,public_execution_plan/final-sblr-sbsql-parser-remap-closure/,project/src/parsers/compatibility/milvus/milvus_dialect.cpp#kCatalogSurfaces:aliases
milvus,GRPC_REST_VECTOR_API,diagnostic_surface:parse,parser_declares_route_requiring_parser_remap_or_existing_sblr_binding_verification,PARSER_REMAP_ONLY,parser remap lead,public_execution_plan/final-sblr-sbsql-parser-remap-closure/,project/src/parsers/compatibility/milvus/milvus_dialect.cpp#kDiagnosticSurfaces:parse
milvus,GRPC_REST_VECTOR_API,diagnostic_surface:udr,parser_declares_noncluster_route_requiring_sblr_or_udr_expansion,IMPLEMENT_NONCLUSTER,sblr expansion lead,public_execution_plan/source-evidence/final-sblr-sbsql-sblr-expansion-closure/,project/src/parsers/compatibility/milvus/milvus_dialect.cpp#kDiagnosticSurfaces:udr
milvus,GRPC_REST_VECTOR_API,diagnostic_surface:catalog,parser_declares_route_requiring_parser_remap_or_existing_sblr_binding_verification,PARSER_REMAP_ONLY,parser remap lead,public_execution_plan/final-sblr-sbsql-parser-remap-closure/,project/src/parsers/compatibility/milvus/milvus_dialect.cpp#kDiagnosticSurfaces:catalog
milvus,GRPC_REST_VECTOR_API,diagnostic_surface:session,parser_declares_route_requiring_parser_remap_or_existing_sblr_binding_verification,PARSER_REMAP_ONLY,parser remap lead,public_execution_plan/final-sblr-sbsql-parser-remap-closure/,project/src/parsers/compatibility/milvus/milvus_dialect.cpp#kDiagnosticSurfaces:session
milvus,GRPC_REST_VECTOR_API,diagnostic_surface:transaction,parser_declares_route_requiring_parser_remap_or_existing_sblr_binding_verification,PARSER_REMAP_ONLY,parser remap lead,public_execution_plan/final-sblr-sbsql-parser-remap-closure/,project/src/parsers/compatibility/milvus/milvus_dialect.cpp#kDiagnosticSurfaces:transaction
mongodb,COMMAND_API_QUERY_LANGUAGE,mongodb.script.eval,parser_declares_noncluster_route_requiring_sblr_or_udr_expansion,IMPLEMENT_NONCLUSTER,sblr expansion lead,public_execution_plan/source-evidence/final-sblr-sbsql-sblr-expansion-closure/,project/src/parsers/compatibility/mongodb/mongodb_dialect.cpp#kPatterns:mongodb.script.eval
mongodb,COMMAND_API_QUERY_LANGUAGE,mongodb.script.map_reduce,parser_declares_noncluster_route_requiring_sblr_or_udr_expansion,IMPLEMENT_NONCLUSTER,sblr expansion lead,public_execution_plan/source-evidence/final-sblr-sbsql-sblr-expansion-closure/,project/src/parsers/compatibility/mongodb/mongodb_dialect.cpp#kPatterns:mongodb.script.map_reduce
mongodb,COMMAND_API_QUERY_LANGUAGE,mongodb.shell.load,parser_declares_noncluster_route_requiring_sblr_or_udr_expansion,IMPLEMENT_NONCLUSTER,sblr expansion lead,public_execution_plan/source-evidence/final-sblr-sbsql-sblr-expansion-closure/,project/src/parsers/compatibility/mongodb/mongodb_dialect.cpp#kPatterns:mongodb.shell.load
mongodb,COMMAND_API_QUERY_LANGUAGE,mongodb.catalog.server_status,parser_declares_route_requiring_parser_remap_or_existing_sblr_binding_verification,PARSER_REMAP_ONLY,parser remap lead,public_execution_plan/final-sblr-sbsql-parser-remap-closure/,project/src/parsers/compatibility/mongodb/mongodb_dialect.cpp#kPatterns:mongodb.catalog.server_status
mongodb,COMMAND_API_QUERY_LANGUAGE,mongodb.catalog.current_op,parser_declares_route_requiring_parser_remap_or_existing_sblr_binding_verification,PARSER_REMAP_ONLY,parser remap lead,public_execution_plan/final-sblr-sbsql-parser-remap-closure/,project/src/parsers/compatibility/mongodb/mongodb_dialect.cpp#kPatterns:mongodb.catalog.current_op
mongodb,COMMAND_API_QUERY_LANGUAGE,mongodb.index.create,parser_declares_noncluster_route_requiring_sblr_or_udr_expansion,IMPLEMENT_NONCLUSTER,sblr expansion lead,public_execution_plan/source-evidence/final-sblr-sbsql-sblr-expansion-closure/,project/src/parsers/compatibility/mongodb/mongodb_dialect.cpp#kPatterns:mongodb.index.create
mongodb,COMMAND_API_QUERY_LANGUAGE,mongodb.index.drop,parser_declares_noncluster_route_requiring_sblr_or_udr_expansion,IMPLEMENT_NONCLUSTER,sblr expansion lead,public_execution_plan/source-evidence/final-sblr-sbsql-sblr-expansion-closure/,project/src/parsers/compatibility/mongodb/mongodb_dialect.cpp#kPatterns:mongodb.index.drop
mongodb,COMMAND_API_QUERY_LANGUAGE,mongodb.aggregate.out,parser_declares_noncluster_route_requiring_sblr_or_udr_expansion,IMPLEMENT_NONCLUSTER,sblr expansion lead,public_execution_plan/source-evidence/final-sblr-sbsql-sblr-expansion-closure/,project/src/parsers/compatibility/mongodb/mongodb_dialect.cpp#kPatterns:mongodb.aggregate.out
mongodb,COMMAND_API_QUERY_LANGUAGE,mongodb.aggregate.merge,parser_declares_noncluster_route_requiring_sblr_or_udr_expansion,IMPLEMENT_NONCLUSTER,sblr expansion lead,public_execution_plan/source-evidence/final-sblr-sbsql-sblr-expansion-closure/,project/src/parsers/compatibility/mongodb/mongodb_dialect.cpp#kPatterns:mongodb.aggregate.merge
mongodb,COMMAND_API_QUERY_LANGUAGE,mongodb.ddl.create_collection,parser_declares_route_requiring_parser_remap_or_existing_sblr_binding_verification,PARSER_REMAP_ONLY,parser remap lead,public_execution_plan/final-sblr-sbsql-parser-remap-closure/,project/src/parsers/compatibility/mongodb/mongodb_dialect.cpp#kPatterns:mongodb.ddl.create_collection
mongodb,COMMAND_API_QUERY_LANGUAGE,mongodb.lifecycle.drop_database,parser_declares_route_requiring_parser_remap_or_existing_sblr_binding_verification,PARSER_REMAP_ONLY,parser remap lead,public_execution_plan/final-sblr-sbsql-parser-remap-closure/,project/src/parsers/compatibility/mongodb/mongodb_dialect.cpp#kPatterns:mongodb.lifecycle.drop_database
mongodb,COMMAND_API_QUERY_LANGUAGE,mongodb.security.create_user,parser_declares_noncluster_route_requiring_sblr_or_udr_expansion,IMPLEMENT_NONCLUSTER,sblr expansion lead,public_execution_plan/source-evidence/final-sblr-sbsql-sblr-expansion-closure/,project/src/parsers/compatibility/mongodb/mongodb_dialect.cpp#kPatterns:mongodb.security.create_user
mongodb,COMMAND_API_QUERY_LANGUAGE,mongodb.security.grant_roles,parser_declares_noncluster_route_requiring_sblr_or_udr_expansion,IMPLEMENT_NONCLUSTER,sblr expansion lead,public_execution_plan/source-evidence/final-sblr-sbsql-sblr-expansion-closure/,project/src/parsers/compatibility/mongodb/mongodb_dialect.cpp#kPatterns:mongodb.security.grant_roles
mongodb,COMMAND_API_QUERY_LANGUAGE,mongodb.dml.find_and_modify,parser_declares_route_requiring_parser_remap_or_existing_sblr_binding_verification,PARSER_REMAP_ONLY,parser remap lead,public_execution_plan/final-sblr-sbsql-parser-remap-closure/,project/src/parsers/compatibility/mongodb/mongodb_dialect.cpp#kPatterns:mongodb.dml.find_and_modify
mongodb,COMMAND_API_QUERY_LANGUAGE,mongodb.query.aggregate,parser_declares_route_requiring_parser_remap_or_existing_sblr_binding_verification,PARSER_REMAP_ONLY,parser remap lead,public_execution_plan/final-sblr-sbsql-parser-remap-closure/,project/src/parsers/compatibility/mongodb/mongodb_dialect.cpp#kPatterns:mongodb.query.aggregate
mongodb,COMMAND_API_QUERY_LANGUAGE,mongodb.query.find,parser_declares_route_requiring_parser_remap_or_existing_sblr_binding_verification,PARSER_REMAP_ONLY,parser remap lead,public_execution_plan/final-sblr-sbsql-parser-remap-closure/,project/src/parsers/compatibility/mongodb/mongodb_dialect.cpp#kPatterns:mongodb.query.find
mongodb,COMMAND_API_QUERY_LANGUAGE,mongodb.query.count,parser_declares_route_requiring_parser_remap_or_existing_sblr_binding_verification,PARSER_REMAP_ONLY,parser remap lead,public_execution_plan/final-sblr-sbsql-parser-remap-closure/,project/src/parsers/compatibility/mongodb/mongodb_dialect.cpp#kPatterns:mongodb.query.count
mongodb,COMMAND_API_QUERY_LANGUAGE,mongodb.query.distinct,parser_declares_route_requiring_parser_remap_or_existing_sblr_binding_verification,PARSER_REMAP_ONLY,parser remap lead,public_execution_plan/final-sblr-sbsql-parser-remap-closure/,project/src/parsers/compatibility/mongodb/mongodb_dialect.cpp#kPatterns:mongodb.query.distinct
mongodb,COMMAND_API_QUERY_LANGUAGE,mongodb.dml.insert,parser_declares_route_requiring_parser_remap_or_existing_sblr_binding_verification,PARSER_REMAP_ONLY,parser remap lead,public_execution_plan/final-sblr-sbsql-parser-remap-closure/,project/src/parsers/compatibility/mongodb/mongodb_dialect.cpp#kPatterns:mongodb.dml.insert
mongodb,COMMAND_API_QUERY_LANGUAGE,mongodb.dml.update,parser_declares_route_requiring_parser_remap_or_existing_sblr_binding_verification,PARSER_REMAP_ONLY,parser remap lead,public_execution_plan/final-sblr-sbsql-parser-remap-closure/,project/src/parsers/compatibility/mongodb/mongodb_dialect.cpp#kPatterns:mongodb.dml.update
mongodb,COMMAND_API_QUERY_LANGUAGE,mongodb.dml.delete,parser_declares_route_requiring_parser_remap_or_existing_sblr_binding_verification,PARSER_REMAP_ONLY,parser remap lead,public_execution_plan/final-sblr-sbsql-parser-remap-closure/,project/src/parsers/compatibility/mongodb/mongodb_dialect.cpp#kPatterns:mongodb.dml.delete
mongodb,COMMAND_API_QUERY_LANGUAGE,mongodb.session.start,parser_declares_route_requiring_parser_remap_or_existing_sblr_binding_verification,PARSER_REMAP_ONLY,parser remap lead,public_execution_plan/final-sblr-sbsql-parser-remap-closure/,project/src/parsers/compatibility/mongodb/mongodb_dialect.cpp#kPatterns:mongodb.session.start
mongodb,COMMAND_API_QUERY_LANGUAGE,mongodb.transaction.commit,parser_declares_route_requiring_parser_remap_or_existing_sblr_binding_verification,PARSER_REMAP_ONLY,parser remap lead,public_execution_plan/final-sblr-sbsql-parser-remap-closure/,project/src/parsers/compatibility/mongodb/mongodb_dialect.cpp#kPatterns:mongodb.transaction.commit
mongodb,COMMAND_API_QUERY_LANGUAGE,mongodb.transaction.abort,parser_declares_route_requiring_parser_remap_or_existing_sblr_binding_verification,PARSER_REMAP_ONLY,parser remap lead,public_execution_plan/final-sblr-sbsql-parser-remap-closure/,project/src/parsers/compatibility/mongodb/mongodb_dialect.cpp#kPatterns:mongodb.transaction.abort
mongodb,COMMAND_API_QUERY_LANGUAGE,datatype_surface:regex,parser_declares_noncluster_route_requiring_sblr_or_udr_expansion,IMPLEMENT_NONCLUSTER,sblr expansion lead,public_execution_plan/source-evidence/final-sblr-sbsql-sblr-expansion-closure/,project/src/parsers/compatibility/mongodb/mongodb_dialect.cpp#kDatatypeSurfaces:regex
mongodb,COMMAND_API_QUERY_LANGUAGE,datatype_surface:geo,parser_declares_noncluster_route_requiring_sblr_or_udr_expansion,IMPLEMENT_NONCLUSTER,sblr expansion lead,public_execution_plan/source-evidence/final-sblr-sbsql-sblr-expansion-closure/,project/src/parsers/compatibility/mongodb/mongodb_dialect.cpp#kDatatypeSurfaces:geo
mongodb,COMMAND_API_QUERY_LANGUAGE,builtin_function_surface:logical_operators,parser_declares_route_requiring_parser_remap_or_existing_sblr_binding_verification,PARSER_REMAP_ONLY,parser remap lead,public_execution_plan/final-sblr-sbsql-parser-remap-closure/,project/src/parsers/compatibility/mongodb/mongodb_dialect.cpp#kBuiltinSurfaces:logical_operators
mongodb,COMMAND_API_QUERY_LANGUAGE,builtin_function_surface:aggregate_accumulators,parser_declares_route_requiring_parser_remap_or_existing_sblr_binding_verification,PARSER_REMAP_ONLY,parser remap lead,public_execution_plan/final-sblr-sbsql-parser-remap-closure/,project/src/parsers/compatibility/mongodb/mongodb_dialect.cpp#kBuiltinSurfaces:aggregate_accumulators
mongodb,COMMAND_API_QUERY_LANGUAGE,builtin_function_surface:pipeline_stages,parser_declares_noncluster_route_requiring_sblr_or_udr_expansion,IMPLEMENT_NONCLUSTER,sblr expansion lead,public_execution_plan/source-evidence/final-sblr-sbsql-sblr-expansion-closure/,project/src/parsers/compatibility/mongodb/mongodb_dialect.cpp#kBuiltinSurfaces:pipeline_stages
mongodb,COMMAND_API_QUERY_LANGUAGE,builtin_function_surface:update_operators,parser_declares_route_requiring_parser_remap_or_existing_sblr_binding_verification,PARSER_REMAP_ONLY,parser remap lead,public_execution_plan/final-sblr-sbsql-parser-remap-closure/,project/src/parsers/compatibility/mongodb/mongodb_dialect.cpp#kBuiltinSurfaces:update_operators
mongodb,COMMAND_API_QUERY_LANGUAGE,builtin_function_surface:array_operators,parser_declares_route_requiring_parser_remap_or_existing_sblr_binding_verification,PARSER_REMAP_ONLY,parser remap lead,public_execution_plan/final-sblr-sbsql-parser-remap-closure/,project/src/parsers/compatibility/mongodb/mongodb_dialect.cpp#kBuiltinSurfaces:array_operators
mongodb,COMMAND_API_QUERY_LANGUAGE,builtin_function_surface:text_search,parser_declares_noncluster_route_requiring_sblr_or_udr_expansion,IMPLEMENT_NONCLUSTER,sblr expansion lead,public_execution_plan/source-evidence/final-sblr-sbsql-sblr-expansion-closure/,project/src/parsers/compatibility/mongodb/mongodb_dialect.cpp#kBuiltinSurfaces:text_search
mongodb,COMMAND_API_QUERY_LANGUAGE,builtin_function_surface:geospatial,parser_declares_noncluster_route_requiring_sblr_or_udr_expansion,IMPLEMENT_NONCLUSTER,sblr expansion lead,public_execution_plan/source-evidence/final-sblr-sbsql-sblr-expansion-closure/,project/src/parsers/compatibility/mongodb/mongodb_dialect.cpp#kBuiltinSurfaces:geospatial
mongodb,COMMAND_API_QUERY_LANGUAGE,builtin_function_surface:date_expression,parser_declares_route_requiring_parser_remap_or_existing_sblr_binding_verification,PARSER_REMAP_ONLY,parser remap lead,public_execution_plan/final-sblr-sbsql-parser-remap-closure/,project/src/parsers/compatibility/mongodb/mongodb_dialect.cpp#kBuiltinSurfaces:date_expression
mongodb,COMMAND_API_QUERY_LANGUAGE,builtin_function_surface:security,parser_declares_noncluster_route_requiring_sblr_or_udr_expansion,IMPLEMENT_NONCLUSTER,sblr expansion lead,public_execution_plan/source-evidence/final-sblr-sbsql-sblr-expansion-closure/,project/src/parsers/compatibility/mongodb/mongodb_dialect.cpp#kBuiltinSurfaces:security
mongodb,COMMAND_API_QUERY_LANGUAGE,catalog_overlay_surface:collections,parser_declares_route_requiring_parser_remap_or_existing_sblr_binding_verification,PARSER_REMAP_ONLY,parser remap lead,public_execution_plan/final-sblr-sbsql-parser-remap-closure/,project/src/parsers/compatibility/mongodb/mongodb_dialect.cpp#kCatalogSurfaces:collections
mongodb,COMMAND_API_QUERY_LANGUAGE,catalog_overlay_surface:indexes,parser_declares_route_requiring_parser_remap_or_existing_sblr_binding_verification,PARSER_REMAP_ONLY,parser remap lead,public_execution_plan/final-sblr-sbsql-parser-remap-closure/,project/src/parsers/compatibility/mongodb/mongodb_dialect.cpp#kCatalogSurfaces:indexes
mongodb,COMMAND_API_QUERY_LANGUAGE,catalog_overlay_surface:users_roles,parser_declares_route_requiring_parser_remap_or_existing_sblr_binding_verification,PARSER_REMAP_ONLY,parser remap lead,public_execution_plan/final-sblr-sbsql-parser-remap-closure/,project/src/parsers/compatibility/mongodb/mongodb_dialect.cpp#kCatalogSurfaces:users_roles
mongodb,COMMAND_API_QUERY_LANGUAGE,catalog_overlay_surface:server_status,parser_declares_route_requiring_parser_remap_or_existing_sblr_binding_verification,PARSER_REMAP_ONLY,parser remap lead,public_execution_plan/final-sblr-sbsql-parser-remap-closure/,project/src/parsers/compatibility/mongodb/mongodb_dialect.cpp#kCatalogSurfaces:server_status
mongodb,COMMAND_API_QUERY_LANGUAGE,catalog_overlay_surface:current_op,parser_declares_route_requiring_parser_remap_or_existing_sblr_binding_verification,PARSER_REMAP_ONLY,parser remap lead,public_execution_plan/final-sblr-sbsql-parser-remap-closure/,project/src/parsers/compatibility/mongodb/mongodb_dialect.cpp#kCatalogSurfaces:current_op
mongodb,COMMAND_API_QUERY_LANGUAGE,catalog_overlay_surface:profile,parser_declares_route_requiring_parser_remap_or_existing_sblr_binding_verification,PARSER_REMAP_ONLY,parser remap lead,public_execution_plan/final-sblr-sbsql-parser-remap-closure/,project/src/parsers/compatibility/mongodb/mongodb_dialect.cpp#kCatalogSurfaces:profile
mongodb,COMMAND_API_QUERY_LANGUAGE,catalog_overlay_surface:config,parser_declares_route_requiring_parser_remap_or_existing_sblr_binding_verification,PARSER_REMAP_ONLY,parser remap lead,public_execution_plan/final-sblr-sbsql-parser-remap-closure/,project/src/parsers/compatibility/mongodb/mongodb_dialect.cpp#kCatalogSurfaces:config
mongodb,COMMAND_API_QUERY_LANGUAGE,catalog_overlay_surface:change_streams,parser_declares_route_requiring_parser_remap_or_existing_sblr_binding_verification,PARSER_REMAP_ONLY,parser remap lead,public_execution_plan/final-sblr-sbsql-parser-remap-closure/,project/src/parsers/compatibility/mongodb/mongodb_dialect.cpp#kCatalogSurfaces:change_streams
mongodb,COMMAND_API_QUERY_LANGUAGE,diagnostic_surface:parse,parser_declares_route_requiring_parser_remap_or_existing_sblr_binding_verification,PARSER_REMAP_ONLY,parser remap lead,public_execution_plan/final-sblr-sbsql-parser-remap-closure/,project/src/parsers/compatibility/mongodb/mongodb_dialect.cpp#kDiagnosticSurfaces:parse
mongodb,COMMAND_API_QUERY_LANGUAGE,diagnostic_surface:udr,parser_declares_noncluster_route_requiring_sblr_or_udr_expansion,IMPLEMENT_NONCLUSTER,sblr expansion lead,public_execution_plan/source-evidence/final-sblr-sbsql-sblr-expansion-closure/,project/src/parsers/compatibility/mongodb/mongodb_dialect.cpp#kDiagnosticSurfaces:udr
mongodb,COMMAND_API_QUERY_LANGUAGE,diagnostic_surface:catalog,parser_declares_route_requiring_parser_remap_or_existing_sblr_binding_verification,PARSER_REMAP_ONLY,parser remap lead,public_execution_plan/final-sblr-sbsql-parser-remap-closure/,project/src/parsers/compatibility/mongodb/mongodb_dialect.cpp#kDiagnosticSurfaces:catalog
mongodb,COMMAND_API_QUERY_LANGUAGE,diagnostic_surface:session,parser_declares_route_requiring_parser_remap_or_existing_sblr_binding_verification,PARSER_REMAP_ONLY,parser remap lead,public_execution_plan/final-sblr-sbsql-parser-remap-closure/,project/src/parsers/compatibility/mongodb/mongodb_dialect.cpp#kDiagnosticSurfaces:session
mongodb,COMMAND_API_QUERY_LANGUAGE,diagnostic_surface:transaction,parser_declares_route_requiring_parser_remap_or_existing_sblr_binding_verification,PARSER_REMAP_ONLY,parser remap lead,public_execution_plan/final-sblr-sbsql-parser-remap-closure/,project/src/parsers/compatibility/mongodb/mongodb_dialect.cpp#kDiagnosticSurfaces:transaction
mysql,MYSQL_SQL_WIRE_STORED_PROGRAM,mysql.security.create_user,parser_declares_noncluster_route_requiring_sblr_or_udr_expansion,IMPLEMENT_NONCLUSTER,sblr expansion lead,public_execution_plan/source-evidence/final-sblr-sbsql-sblr-expansion-closure/,project/src/parsers/compatibility/mysql/mysql_dialect.cpp#kPatterns:mysql.security.create_user
mysql,MYSQL_SQL_WIRE_STORED_PROGRAM,mysql.security.alter_user,parser_declares_noncluster_route_requiring_sblr_or_udr_expansion,IMPLEMENT_NONCLUSTER,sblr expansion lead,public_execution_plan/source-evidence/final-sblr-sbsql-sblr-expansion-closure/,project/src/parsers/compatibility/mysql/mysql_dialect.cpp#kPatterns:mysql.security.alter_user
mysql,MYSQL_SQL_WIRE_STORED_PROGRAM,mysql.security.drop_user,parser_declares_noncluster_route_requiring_sblr_or_udr_expansion,IMPLEMENT_NONCLUSTER,sblr expansion lead,public_execution_plan/source-evidence/final-sblr-sbsql-sblr-expansion-closure/,project/src/parsers/compatibility/mysql/mysql_dialect.cpp#kPatterns:mysql.security.drop_user
mysql,MYSQL_SQL_WIRE_STORED_PROGRAM,mysql.security.create_role,parser_declares_noncluster_route_requiring_sblr_or_udr_expansion,IMPLEMENT_NONCLUSTER,sblr expansion lead,public_execution_plan/source-evidence/final-sblr-sbsql-sblr-expansion-closure/,project/src/parsers/compatibility/mysql/mysql_dialect.cpp#kPatterns:mysql.security.create_role
mysql,MYSQL_SQL_WIRE_STORED_PROGRAM,mysql.security.drop_role,parser_declares_noncluster_route_requiring_sblr_or_udr_expansion,IMPLEMENT_NONCLUSTER,sblr expansion lead,public_execution_plan/source-evidence/final-sblr-sbsql-sblr-expansion-closure/,project/src/parsers/compatibility/mysql/mysql_dialect.cpp#kPatterns:mysql.security.drop_role
mysql,MYSQL_SQL_WIRE_STORED_PROGRAM,mysql.security.grant,parser_declares_noncluster_route_requiring_sblr_or_udr_expansion,IMPLEMENT_NONCLUSTER,sblr expansion lead,public_execution_plan/source-evidence/final-sblr-sbsql-sblr-expansion-closure/,project/src/parsers/compatibility/mysql/mysql_dialect.cpp#kPatterns:mysql.security.grant
mysql,MYSQL_SQL_WIRE_STORED_PROGRAM,mysql.security.revoke,parser_declares_noncluster_route_requiring_sblr_or_udr_expansion,IMPLEMENT_NONCLUSTER,sblr expansion lead,public_execution_plan/source-evidence/final-sblr-sbsql-sblr-expansion-closure/,project/src/parsers/compatibility/mysql/mysql_dialect.cpp#kPatterns:mysql.security.revoke
mysql,MYSQL_SQL_WIRE_STORED_PROGRAM,mysql.routine.event.create,parser_declares_noncluster_route_requiring_sblr_or_udr_expansion,IMPLEMENT_NONCLUSTER,sblr expansion lead,public_execution_plan/source-evidence/final-sblr-sbsql-sblr-expansion-closure/,project/src/parsers/compatibility/mysql/mysql_dialect.cpp#kPatterns:mysql.routine.event.create
mysql,MYSQL_SQL_WIRE_STORED_PROGRAM,mysql.routine.trigger.create,parser_declares_noncluster_route_requiring_sblr_or_udr_expansion,IMPLEMENT_NONCLUSTER,sblr expansion lead,public_execution_plan/source-evidence/final-sblr-sbsql-sblr-expansion-closure/,project/src/parsers/compatibility/mysql/mysql_dialect.cpp#kPatterns:mysql.routine.trigger.create
mysql,MYSQL_SQL_WIRE_STORED_PROGRAM,mysql.routine.procedure.create,parser_declares_noncluster_route_requiring_sblr_or_udr_expansion,IMPLEMENT_NONCLUSTER,sblr expansion lead,public_execution_plan/source-evidence/final-sblr-sbsql-sblr-expansion-closure/,project/src/parsers/compatibility/mysql/mysql_dialect.cpp#kPatterns:mysql.routine.procedure.create
mysql,MYSQL_SQL_WIRE_STORED_PROGRAM,mysql.routine.function.create,parser_declares_noncluster_route_requiring_sblr_or_udr_expansion,IMPLEMENT_NONCLUSTER,sblr expansion lead,public_execution_plan/source-evidence/final-sblr-sbsql-sblr-expansion-closure/,project/src/parsers/compatibility/mysql/mysql_dialect.cpp#kPatterns:mysql.routine.function.create
mysql,MYSQL_SQL_WIRE_STORED_PROGRAM,mysql.lifecycle.create_database,parser_declares_route_requiring_parser_remap_or_existing_sblr_binding_verification,PARSER_REMAP_ONLY,parser remap lead,public_execution_plan/final-sblr-sbsql-parser-remap-closure/,project/src/parsers/compatibility/mysql/mysql_dialect.cpp#kPatterns:mysql.lifecycle.create_database
mysql,MYSQL_SQL_WIRE_STORED_PROGRAM,mysql.lifecycle.drop_database,parser_declares_route_requiring_parser_remap_or_existing_sblr_binding_verification,PARSER_REMAP_ONLY,parser remap lead,public_execution_plan/final-sblr-sbsql-parser-remap-closure/,project/src/parsers/compatibility/mysql/mysql_dialect.cpp#kPatterns:mysql.lifecycle.drop_database
mysql,MYSQL_SQL_WIRE_STORED_PROGRAM,mysql.session.use_database,parser_declares_route_requiring_parser_remap_or_existing_sblr_binding_verification,PARSER_REMAP_ONLY,parser remap lead,public_execution_plan/final-sblr-sbsql-parser-remap-closure/,project/src/parsers/compatibility/mysql/mysql_dialect.cpp#kPatterns:mysql.session.use_database
mysql,MYSQL_SQL_WIRE_STORED_PROGRAM,mysql.catalog_overlay.show,parser_declares_route_requiring_parser_remap_or_existing_sblr_binding_verification,PARSER_REMAP_ONLY,parser remap lead,public_execution_plan/final-sblr-sbsql-parser-remap-closure/,project/src/parsers/compatibility/mysql/mysql_dialect.cpp#kPatterns:mysql.catalog_overlay.show
mysql,MYSQL_SQL_WIRE_STORED_PROGRAM,mysql.catalog_overlay.describe,parser_declares_route_requiring_parser_remap_or_existing_sblr_binding_verification,PARSER_REMAP_ONLY,parser remap lead,public_execution_plan/final-sblr-sbsql-parser-remap-closure/,project/src/parsers/compatibility/mysql/mysql_dialect.cpp#kPatterns:mysql.catalog_overlay.describe
mysql,MYSQL_SQL_WIRE_STORED_PROGRAM,mysql.optimizer.explain,parser_declares_route_requiring_parser_remap_or_existing_sblr_binding_verification,PARSER_REMAP_ONLY,parser remap lead,public_execution_plan/final-sblr-sbsql-parser-remap-closure/,project/src/parsers/compatibility/mysql/mysql_dialect.cpp#kPatterns:mysql.optimizer.explain
mysql,MYSQL_SQL_WIRE_STORED_PROGRAM,mysql.prepared.prepare,parser_declares_route_requiring_parser_remap_or_existing_sblr_binding_verification,PARSER_REMAP_ONLY,parser remap lead,public_execution_plan/final-sblr-sbsql-parser-remap-closure/,project/src/parsers/compatibility/mysql/mysql_dialect.cpp#kPatterns:mysql.prepared.prepare
mysql,MYSQL_SQL_WIRE_STORED_PROGRAM,mysql.prepared.execute,parser_declares_route_requiring_parser_remap_or_existing_sblr_binding_verification,PARSER_REMAP_ONLY,parser remap lead,public_execution_plan/final-sblr-sbsql-parser-remap-closure/,project/src/parsers/compatibility/mysql/mysql_dialect.cpp#kPatterns:mysql.prepared.execute
mysql,MYSQL_SQL_WIRE_STORED_PROGRAM,mysql.prepared.deallocate,parser_declares_route_requiring_parser_remap_or_existing_sblr_binding_verification,PARSER_REMAP_ONLY,parser remap lead,public_execution_plan/final-sblr-sbsql-parser-remap-closure/,project/src/parsers/compatibility/mysql/mysql_dialect.cpp#kPatterns:mysql.prepared.deallocate
mysql,MYSQL_SQL_WIRE_STORED_PROGRAM,mysql.locking.lock_tables,parser_declares_route_requiring_parser_remap_or_existing_sblr_binding_verification,PARSER_REMAP_ONLY,parser remap lead,public_execution_plan/final-sblr-sbsql-parser-remap-closure/,project/src/parsers/compatibility/mysql/mysql_dialect.cpp#kPatterns:mysql.locking.lock_tables
mysql,MYSQL_SQL_WIRE_STORED_PROGRAM,mysql.locking.unlock_tables,parser_declares_route_requiring_parser_remap_or_existing_sblr_binding_verification,PARSER_REMAP_ONLY,parser remap lead,public_execution_plan/final-sblr-sbsql-parser-remap-closure/,project/src/parsers/compatibility/mysql/mysql_dialect.cpp#kPatterns:mysql.locking.unlock_tables
mysql,MYSQL_SQL_WIRE_STORED_PROGRAM,mysql.transaction.start,parser_declares_route_requiring_parser_remap_or_existing_sblr_binding_verification,PARSER_REMAP_ONLY,parser remap lead,public_execution_plan/final-sblr-sbsql-parser-remap-closure/,project/src/parsers/compatibility/mysql/mysql_dialect.cpp#kPatterns:mysql.transaction.start
mysql,MYSQL_SQL_WIRE_STORED_PROGRAM,mysql.transaction.begin,parser_declares_route_requiring_parser_remap_or_existing_sblr_binding_verification,PARSER_REMAP_ONLY,parser remap lead,public_execution_plan/final-sblr-sbsql-parser-remap-closure/,project/src/parsers/compatibility/mysql/mysql_dialect.cpp#kPatterns:mysql.transaction.begin
mysql,MYSQL_SQL_WIRE_STORED_PROGRAM,mysql.transaction.commit,parser_declares_route_requiring_parser_remap_or_existing_sblr_binding_verification,PARSER_REMAP_ONLY,parser remap lead,public_execution_plan/final-sblr-sbsql-parser-remap-closure/,project/src/parsers/compatibility/mysql/mysql_dialect.cpp#kPatterns:mysql.transaction.commit
mysql,MYSQL_SQL_WIRE_STORED_PROGRAM,mysql.transaction.rollback,parser_declares_route_requiring_parser_remap_or_existing_sblr_binding_verification,PARSER_REMAP_ONLY,parser remap lead,public_execution_plan/final-sblr-sbsql-parser-remap-closure/,project/src/parsers/compatibility/mysql/mysql_dialect.cpp#kPatterns:mysql.transaction.rollback
mysql,MYSQL_SQL_WIRE_STORED_PROGRAM,mysql.transaction.savepoint,parser_declares_route_requiring_parser_remap_or_existing_sblr_binding_verification,PARSER_REMAP_ONLY,parser remap lead,public_execution_plan/final-sblr-sbsql-parser-remap-closure/,project/src/parsers/compatibility/mysql/mysql_dialect.cpp#kPatterns:mysql.transaction.savepoint
mysql,MYSQL_SQL_WIRE_STORED_PROGRAM,mysql.transaction.release_savepoint,parser_declares_route_requiring_parser_remap_or_existing_sblr_binding_verification,PARSER_REMAP_ONLY,parser remap lead,public_execution_plan/final-sblr-sbsql-parser-remap-closure/,project/src/parsers/compatibility/mysql/mysql_dialect.cpp#kPatterns:mysql.transaction.release_savepoint
mysql,MYSQL_SQL_WIRE_STORED_PROGRAM,mysql.session.set,parser_declares_route_requiring_parser_remap_or_existing_sblr_binding_verification,PARSER_REMAP_ONLY,parser remap lead,public_execution_plan/final-sblr-sbsql-parser-remap-closure/,project/src/parsers/compatibility/mysql/mysql_dialect.cpp#kPatterns:mysql.session.set
mysql,MYSQL_SQL_WIRE_STORED_PROGRAM,mysql.ddl.create,parser_declares_route_requiring_parser_remap_or_existing_sblr_binding_verification,PARSER_REMAP_ONLY,parser remap lead,public_execution_plan/final-sblr-sbsql-parser-remap-closure/,project/src/parsers/compatibility/mysql/mysql_dialect.cpp#kPatterns:mysql.ddl.create
mysql,MYSQL_SQL_WIRE_STORED_PROGRAM,mysql.ddl.alter,parser_declares_route_requiring_parser_remap_or_existing_sblr_binding_verification,PARSER_REMAP_ONLY,parser remap lead,public_execution_plan/final-sblr-sbsql-parser-remap-closure/,project/src/parsers/compatibility/mysql/mysql_dialect.cpp#kPatterns:mysql.ddl.alter
mysql,MYSQL_SQL_WIRE_STORED_PROGRAM,mysql.ddl.drop,parser_declares_route_requiring_parser_remap_or_existing_sblr_binding_verification,PARSER_REMAP_ONLY,parser remap lead,public_execution_plan/final-sblr-sbsql-parser-remap-closure/,project/src/parsers/compatibility/mysql/mysql_dialect.cpp#kPatterns:mysql.ddl.drop
mysql,MYSQL_SQL_WIRE_STORED_PROGRAM,mysql.ddl.truncate,parser_declares_route_requiring_parser_remap_or_existing_sblr_binding_verification,PARSER_REMAP_ONLY,parser remap lead,public_execution_plan/final-sblr-sbsql-parser-remap-closure/,project/src/parsers/compatibility/mysql/mysql_dialect.cpp#kPatterns:mysql.ddl.truncate
mysql,MYSQL_SQL_WIRE_STORED_PROGRAM,mysql.dml.replace,parser_declares_route_requiring_parser_remap_or_existing_sblr_binding_verification,PARSER_REMAP_ONLY,parser remap lead,public_execution_plan/final-sblr-sbsql-parser-remap-closure/,project/src/parsers/compatibility/mysql/mysql_dialect.cpp#kPatterns:mysql.dml.replace
mysql,MYSQL_SQL_WIRE_STORED_PROGRAM,mysql.dml.insert,parser_declares_route_requiring_parser_remap_or_existing_sblr_binding_verification,PARSER_REMAP_ONLY,parser remap lead,public_execution_plan/final-sblr-sbsql-parser-remap-closure/,project/src/parsers/compatibility/mysql/mysql_dialect.cpp#kPatterns:mysql.dml.insert
mysql,MYSQL_SQL_WIRE_STORED_PROGRAM,mysql.dml.update,parser_declares_route_requiring_parser_remap_or_existing_sblr_binding_verification,PARSER_REMAP_ONLY,parser remap lead,public_execution_plan/final-sblr-sbsql-parser-remap-closure/,project/src/parsers/compatibility/mysql/mysql_dialect.cpp#kPatterns:mysql.dml.update
mysql,MYSQL_SQL_WIRE_STORED_PROGRAM,mysql.dml.delete,parser_declares_route_requiring_parser_remap_or_existing_sblr_binding_verification,PARSER_REMAP_ONLY,parser remap lead,public_execution_plan/final-sblr-sbsql-parser-remap-closure/,project/src/parsers/compatibility/mysql/mysql_dialect.cpp#kPatterns:mysql.dml.delete
mysql,MYSQL_SQL_WIRE_STORED_PROGRAM,mysql.query.select,parser_declares_route_requiring_parser_remap_or_existing_sblr_binding_verification,PARSER_REMAP_ONLY,parser remap lead,public_execution_plan/final-sblr-sbsql-parser-remap-closure/,project/src/parsers/compatibility/mysql/mysql_dialect.cpp#kPatterns:mysql.query.select
mysql,MYSQL_SQL_WIRE_STORED_PROGRAM,mysql.query.with,parser_declares_route_requiring_parser_remap_or_existing_sblr_binding_verification,PARSER_REMAP_ONLY,parser remap lead,public_execution_plan/final-sblr-sbsql-parser-remap-closure/,project/src/parsers/compatibility/mysql/mysql_dialect.cpp#kPatterns:mysql.query.with
mysql,MYSQL_SQL_WIRE_STORED_PROGRAM,mysql.routine.call,parser_declares_noncluster_route_requiring_sblr_or_udr_expansion,IMPLEMENT_NONCLUSTER,sblr expansion lead,public_execution_plan/source-evidence/final-sblr-sbsql-sblr-expansion-closure/,project/src/parsers/compatibility/mysql/mysql_dialect.cpp#kPatterns:mysql.routine.call
mysql,MYSQL_SQL_WIRE_STORED_PROGRAM,mysql.maintenance.analyze_table,parser_declares_noncluster_route_requiring_sblr_or_udr_expansion,IMPLEMENT_NONCLUSTER,sblr expansion lead,public_execution_plan/source-evidence/final-sblr-sbsql-sblr-expansion-closure/,project/src/parsers/compatibility/mysql/mysql_dialect.cpp#kPatterns:mysql.maintenance.analyze_table
mysql,MYSQL_SQL_WIRE_STORED_PROGRAM,mysql.maintenance.optimize_table,parser_declares_noncluster_route_requiring_sblr_or_udr_expansion,IMPLEMENT_NONCLUSTER,sblr expansion lead,public_execution_plan/source-evidence/final-sblr-sbsql-sblr-expansion-closure/,project/src/parsers/compatibility/mysql/mysql_dialect.cpp#kPatterns:mysql.maintenance.optimize_table
mysql,MYSQL_SQL_WIRE_STORED_PROGRAM,mysql.maintenance.check_table,parser_declares_noncluster_route_requiring_sblr_or_udr_expansion,IMPLEMENT_NONCLUSTER,sblr expansion lead,public_execution_plan/source-evidence/final-sblr-sbsql-sblr-expansion-closure/,project/src/parsers/compatibility/mysql/mysql_dialect.cpp#kPatterns:mysql.maintenance.check_table
mysql,MYSQL_SQL_WIRE_STORED_PROGRAM,mysql.maintenance.repair_table,parser_declares_noncluster_route_requiring_sblr_or_udr_expansion,IMPLEMENT_NONCLUSTER,sblr expansion lead,public_execution_plan/source-evidence/final-sblr-sbsql-sblr-expansion-closure/,project/src/parsers/compatibility/mysql/mysql_dialect.cpp#kPatterns:mysql.maintenance.repair_table
mysql,MYSQL_SQL_WIRE_STORED_PROGRAM,mysql.maintenance.flush,parser_declares_noncluster_route_requiring_sblr_or_udr_expansion,IMPLEMENT_NONCLUSTER,sblr expansion lead,public_execution_plan/source-evidence/final-sblr-sbsql-sblr-expansion-closure/,project/src/parsers/compatibility/mysql/mysql_dialect.cpp#kPatterns:mysql.maintenance.flush
mysql,MYSQL_SQL_WIRE_STORED_PROGRAM,datatype_surface:enum_set,parser_declares_noncluster_route_requiring_sblr_or_udr_expansion,IMPLEMENT_NONCLUSTER,sblr expansion lead,public_execution_plan/source-evidence/final-sblr-sbsql-sblr-expansion-closure/,project/src/parsers/compatibility/mysql/mysql_dialect.cpp#kDatatypeSurfaces:enum_set
mysql,MYSQL_SQL_WIRE_STORED_PROGRAM,datatype_surface:spatial,parser_declares_noncluster_route_requiring_sblr_or_udr_expansion,IMPLEMENT_NONCLUSTER,sblr expansion lead,public_execution_plan/source-evidence/final-sblr-sbsql-sblr-expansion-closure/,project/src/parsers/compatibility/mysql/mysql_dialect.cpp#kDatatypeSurfaces:spatial
mysql,MYSQL_SQL_WIRE_STORED_PROGRAM,datatype_surface:charset_collation,parser_declares_route_requiring_parser_remap_or_existing_sblr_binding_verification,PARSER_REMAP_ONLY,parser remap lead,public_execution_plan/final-sblr-sbsql-parser-remap-closure/,project/src/parsers/compatibility/mysql/mysql_dialect.cpp#kDatatypeSurfaces:charset_collation
mysql,MYSQL_SQL_WIRE_STORED_PROGRAM,builtin_function_surface:aggregate,parser_declares_route_requiring_parser_remap_or_existing_sblr_binding_verification,PARSER_REMAP_ONLY,parser remap lead,public_execution_plan/final-sblr-sbsql-parser-remap-closure/,project/src/parsers/compatibility/mysql/mysql_dialect.cpp#kBuiltinSurfaces:aggregate
mysql,MYSQL_SQL_WIRE_STORED_PROGRAM,builtin_function_surface:window,parser_declares_route_requiring_parser_remap_or_existing_sblr_binding_verification,PARSER_REMAP_ONLY,parser remap lead,public_execution_plan/final-sblr-sbsql-parser-remap-closure/,project/src/parsers/compatibility/mysql/mysql_dialect.cpp#kBuiltinSurfaces:window
mysql,MYSQL_SQL_WIRE_STORED_PROGRAM,builtin_function_surface:string,parser_declares_route_requiring_parser_remap_or_existing_sblr_binding_verification,PARSER_REMAP_ONLY,parser remap lead,public_execution_plan/final-sblr-sbsql-parser-remap-closure/,project/src/parsers/compatibility/mysql/mysql_dialect.cpp#kBuiltinSurfaces:string
mysql,MYSQL_SQL_WIRE_STORED_PROGRAM,builtin_function_surface:numeric,parser_declares_route_requiring_parser_remap_or_existing_sblr_binding_verification,PARSER_REMAP_ONLY,parser remap lead,public_execution_plan/final-sblr-sbsql-parser-remap-closure/,project/src/parsers/compatibility/mysql/mysql_dialect.cpp#kBuiltinSurfaces:numeric
mysql,MYSQL_SQL_WIRE_STORED_PROGRAM,builtin_function_surface:temporal,parser_declares_route_requiring_parser_remap_or_existing_sblr_binding_verification,PARSER_REMAP_ONLY,parser remap lead,public_execution_plan/final-sblr-sbsql-parser-remap-closure/,project/src/parsers/compatibility/mysql/mysql_dialect.cpp#kBuiltinSurfaces:temporal
mysql,MYSQL_SQL_WIRE_STORED_PROGRAM,builtin_function_surface:json,parser_declares_noncluster_route_requiring_sblr_or_udr_expansion,IMPLEMENT_NONCLUSTER,sblr expansion lead,public_execution_plan/source-evidence/final-sblr-sbsql-sblr-expansion-closure/,project/src/parsers/compatibility/mysql/mysql_dialect.cpp#kBuiltinSurfaces:json
mysql,MYSQL_SQL_WIRE_STORED_PROGRAM,builtin_function_surface:security,parser_declares_route_requiring_parser_remap_or_existing_sblr_binding_verification,PARSER_REMAP_ONLY,parser remap lead,public_execution_plan/final-sblr-sbsql-parser-remap-closure/,project/src/parsers/compatibility/mysql/mysql_dialect.cpp#kBuiltinSurfaces:security
mysql,MYSQL_SQL_WIRE_STORED_PROGRAM,builtin_function_surface:spatial,parser_declares_noncluster_route_requiring_sblr_or_udr_expansion,IMPLEMENT_NONCLUSTER,sblr expansion lead,public_execution_plan/source-evidence/final-sblr-sbsql-sblr-expansion-closure/,project/src/parsers/compatibility/mysql/mysql_dialect.cpp#kBuiltinSurfaces:spatial
mysql,MYSQL_SQL_WIRE_STORED_PROGRAM,catalog_overlay_surface:information_schema,parser_declares_route_requiring_parser_remap_or_existing_sblr_binding_verification,PARSER_REMAP_ONLY,parser remap lead,public_execution_plan/final-sblr-sbsql-parser-remap-closure/,project/src/parsers/compatibility/mysql/mysql_dialect.cpp#kCatalogSurfaces:information_schema
mysql,MYSQL_SQL_WIRE_STORED_PROGRAM,catalog_overlay_surface:mysql_schema,parser_declares_route_requiring_parser_remap_or_existing_sblr_binding_verification,PARSER_REMAP_ONLY,parser remap lead,public_execution_plan/final-sblr-sbsql-parser-remap-closure/,project/src/parsers/compatibility/mysql/mysql_dialect.cpp#kCatalogSurfaces:mysql_schema
mysql,MYSQL_SQL_WIRE_STORED_PROGRAM,catalog_overlay_surface:performance_schema,parser_declares_route_requiring_parser_remap_or_existing_sblr_binding_verification,PARSER_REMAP_ONLY,parser remap lead,public_execution_plan/final-sblr-sbsql-parser-remap-closure/,project/src/parsers/compatibility/mysql/mysql_dialect.cpp#kCatalogSurfaces:performance_schema
mysql,MYSQL_SQL_WIRE_STORED_PROGRAM,catalog_overlay_surface:sys_schema,parser_declares_route_requiring_parser_remap_or_existing_sblr_binding_verification,PARSER_REMAP_ONLY,parser remap lead,public_execution_plan/final-sblr-sbsql-parser-remap-closure/,project/src/parsers/compatibility/mysql/mysql_dialect.cpp#kCatalogSurfaces:sys_schema
mysql,MYSQL_SQL_WIRE_STORED_PROGRAM,catalog_overlay_surface:routine_metadata,parser_declares_route_requiring_parser_remap_or_existing_sblr_binding_verification,PARSER_REMAP_ONLY,parser remap lead,public_execution_plan/final-sblr-sbsql-parser-remap-closure/,project/src/parsers/compatibility/mysql/mysql_dialect.cpp#kCatalogSurfaces:routine_metadata
mysql,MYSQL_SQL_WIRE_STORED_PROGRAM,catalog_overlay_surface:table_metadata,parser_declares_route_requiring_parser_remap_or_existing_sblr_binding_verification,PARSER_REMAP_ONLY,parser remap lead,public_execution_plan/final-sblr-sbsql-parser-remap-closure/,project/src/parsers/compatibility/mysql/mysql_dialect.cpp#kCatalogSurfaces:table_metadata
mysql,MYSQL_SQL_WIRE_STORED_PROGRAM,catalog_overlay_surface:privilege_metadata,parser_declares_route_requiring_parser_remap_or_existing_sblr_binding_verification,PARSER_REMAP_ONLY,parser remap lead,public_execution_plan/final-sblr-sbsql-parser-remap-closure/,project/src/parsers/compatibility/mysql/mysql_dialect.cpp#kCatalogSurfaces:privilege_metadata
mysql,MYSQL_SQL_WIRE_STORED_PROGRAM,diagnostic_surface:parse,parser_declares_route_requiring_parser_remap_or_existing_sblr_binding_verification,PARSER_REMAP_ONLY,parser remap lead,public_execution_plan/final-sblr-sbsql-parser-remap-closure/,project/src/parsers/compatibility/mysql/mysql_dialect.cpp#kDiagnosticSurfaces:parse
mysql,MYSQL_SQL_WIRE_STORED_PROGRAM,diagnostic_surface:security,parser_declares_noncluster_route_requiring_sblr_or_udr_expansion,IMPLEMENT_NONCLUSTER,sblr expansion lead,public_execution_plan/source-evidence/final-sblr-sbsql-sblr-expansion-closure/,project/src/parsers/compatibility/mysql/mysql_dialect.cpp#kDiagnosticSurfaces:security
mysql,MYSQL_SQL_WIRE_STORED_PROGRAM,diagnostic_surface:routine,parser_declares_noncluster_route_requiring_sblr_or_udr_expansion,IMPLEMENT_NONCLUSTER,sblr expansion lead,public_execution_plan/source-evidence/final-sblr-sbsql-sblr-expansion-closure/,project/src/parsers/compatibility/mysql/mysql_dialect.cpp#kDiagnosticSurfaces:routine
mysql,MYSQL_SQL_WIRE_STORED_PROGRAM,diagnostic_surface:maintenance,parser_declares_noncluster_route_requiring_sblr_or_udr_expansion,IMPLEMENT_NONCLUSTER,sblr expansion lead,public_execution_plan/source-evidence/final-sblr-sbsql-sblr-expansion-closure/,project/src/parsers/compatibility/mysql/mysql_dialect.cpp#kDiagnosticSurfaces:maintenance
neo4j,CYPHER_BOLT_HTTP,neo4j.query.match,parser_declares_route_requiring_parser_remap_or_existing_sblr_binding_verification,PARSER_REMAP_ONLY,parser remap lead,public_execution_plan/final-sblr-sbsql-parser-remap-closure/,project/src/parsers/compatibility/neo4j/neo4j_dialect.cpp#kPatterns:neo4j.query.match
neo4j,CYPHER_BOLT_HTTP,neo4j.query.return,parser_declares_route_requiring_parser_remap_or_existing_sblr_binding_verification,PARSER_REMAP_ONLY,parser remap lead,public_execution_plan/final-sblr-sbsql-parser-remap-closure/,project/src/parsers/compatibility/neo4j/neo4j_dialect.cpp#kPatterns:neo4j.query.return
neo4j,CYPHER_BOLT_HTTP,neo4j.schema.constraint.create,parser_declares_noncluster_route_requiring_sblr_or_udr_expansion,IMPLEMENT_NONCLUSTER,sblr expansion lead,public_execution_plan/source-evidence/final-sblr-sbsql-sblr-expansion-closure/,project/src/parsers/compatibility/neo4j/neo4j_dialect.cpp#kPatterns:neo4j.schema.constraint.create
neo4j,CYPHER_BOLT_HTTP,neo4j.schema.constraint.drop,parser_declares_noncluster_route_requiring_sblr_or_udr_expansion,IMPLEMENT_NONCLUSTER,sblr expansion lead,public_execution_plan/source-evidence/final-sblr-sbsql-sblr-expansion-closure/,project/src/parsers/compatibility/neo4j/neo4j_dialect.cpp#kPatterns:neo4j.schema.constraint.drop
neo4j,CYPHER_BOLT_HTTP,neo4j.schema.index.create,parser_declares_noncluster_route_requiring_sblr_or_udr_expansion,IMPLEMENT_NONCLUSTER,sblr expansion lead,public_execution_plan/source-evidence/final-sblr-sbsql-sblr-expansion-closure/,project/src/parsers/compatibility/neo4j/neo4j_dialect.cpp#kPatterns:neo4j.schema.index.create
neo4j,CYPHER_BOLT_HTTP,neo4j.schema.index.drop,parser_declares_noncluster_route_requiring_sblr_or_udr_expansion,IMPLEMENT_NONCLUSTER,sblr expansion lead,public_execution_plan/source-evidence/final-sblr-sbsql-sblr-expansion-closure/,project/src/parsers/compatibility/neo4j/neo4j_dialect.cpp#kPatterns:neo4j.schema.index.drop
neo4j,CYPHER_BOLT_HTTP,neo4j.security.create_user,parser_declares_noncluster_route_requiring_sblr_or_udr_expansion,IMPLEMENT_NONCLUSTER,sblr expansion lead,public_execution_plan/source-evidence/final-sblr-sbsql-sblr-expansion-closure/,project/src/parsers/compatibility/neo4j/neo4j_dialect.cpp#kPatterns:neo4j.security.create_user
neo4j,CYPHER_BOLT_HTTP,neo4j.security.create_role,parser_declares_noncluster_route_requiring_sblr_or_udr_expansion,IMPLEMENT_NONCLUSTER,sblr expansion lead,public_execution_plan/source-evidence/final-sblr-sbsql-sblr-expansion-closure/,project/src/parsers/compatibility/neo4j/neo4j_dialect.cpp#kPatterns:neo4j.security.create_role
neo4j,CYPHER_BOLT_HTTP,neo4j.security.grant,parser_declares_noncluster_route_requiring_sblr_or_udr_expansion,IMPLEMENT_NONCLUSTER,sblr expansion lead,public_execution_plan/source-evidence/final-sblr-sbsql-sblr-expansion-closure/,project/src/parsers/compatibility/neo4j/neo4j_dialect.cpp#kPatterns:neo4j.security.grant
neo4j,CYPHER_BOLT_HTTP,neo4j.security.revoke,parser_declares_noncluster_route_requiring_sblr_or_udr_expansion,IMPLEMENT_NONCLUSTER,sblr expansion lead,public_execution_plan/source-evidence/final-sblr-sbsql-sblr-expansion-closure/,project/src/parsers/compatibility/neo4j/neo4j_dialect.cpp#kPatterns:neo4j.security.revoke
neo4j,CYPHER_BOLT_HTTP,neo4j.procedure.call,parser_declares_noncluster_route_requiring_sblr_or_udr_expansion,IMPLEMENT_NONCLUSTER,sblr expansion lead,public_execution_plan/source-evidence/final-sblr-sbsql-sblr-expansion-closure/,project/src/parsers/compatibility/neo4j/neo4j_dialect.cpp#kPatterns:neo4j.procedure.call
neo4j,CYPHER_BOLT_HTTP,neo4j.client_file.load_csv,parser_declares_noncluster_route_requiring_sblr_or_udr_expansion,IMPLEMENT_NONCLUSTER,sblr expansion lead,public_execution_plan/source-evidence/final-sblr-sbsql-sblr-expansion-closure/,project/src/parsers/compatibility/neo4j/neo4j_dialect.cpp#kPatterns:neo4j.client_file.load_csv
neo4j,CYPHER_BOLT_HTTP,neo4j.graph.merge,parser_declares_route_requiring_parser_remap_or_existing_sblr_binding_verification,PARSER_REMAP_ONLY,parser remap lead,public_execution_plan/final-sblr-sbsql-parser-remap-closure/,project/src/parsers/compatibility/neo4j/neo4j_dialect.cpp#kPatterns:neo4j.graph.merge
neo4j,CYPHER_BOLT_HTTP,neo4j.graph.create,parser_declares_route_requiring_parser_remap_or_existing_sblr_binding_verification,PARSER_REMAP_ONLY,parser remap lead,public_execution_plan/final-sblr-sbsql-parser-remap-closure/,project/src/parsers/compatibility/neo4j/neo4j_dialect.cpp#kPatterns:neo4j.graph.create
neo4j,CYPHER_BOLT_HTTP,neo4j.graph.detach_delete,parser_declares_route_requiring_parser_remap_or_existing_sblr_binding_verification,PARSER_REMAP_ONLY,parser remap lead,public_execution_plan/final-sblr-sbsql-parser-remap-closure/,project/src/parsers/compatibility/neo4j/neo4j_dialect.cpp#kPatterns:neo4j.graph.detach_delete
neo4j,CYPHER_BOLT_HTTP,neo4j.graph.delete,parser_declares_route_requiring_parser_remap_or_existing_sblr_binding_verification,PARSER_REMAP_ONLY,parser remap lead,public_execution_plan/final-sblr-sbsql-parser-remap-closure/,project/src/parsers/compatibility/neo4j/neo4j_dialect.cpp#kPatterns:neo4j.graph.delete
neo4j,CYPHER_BOLT_HTTP,neo4j.graph.set,parser_declares_route_requiring_parser_remap_or_existing_sblr_binding_verification,PARSER_REMAP_ONLY,parser remap lead,public_execution_plan/final-sblr-sbsql-parser-remap-closure/,project/src/parsers/compatibility/neo4j/neo4j_dialect.cpp#kPatterns:neo4j.graph.set
neo4j,CYPHER_BOLT_HTTP,neo4j.graph.remove,parser_declares_route_requiring_parser_remap_or_existing_sblr_binding_verification,PARSER_REMAP_ONLY,parser remap lead,public_execution_plan/final-sblr-sbsql-parser-remap-closure/,project/src/parsers/compatibility/neo4j/neo4j_dialect.cpp#kPatterns:neo4j.graph.remove
neo4j,CYPHER_BOLT_HTTP,neo4j.query.unwind,parser_declares_route_requiring_parser_remap_or_existing_sblr_binding_verification,PARSER_REMAP_ONLY,parser remap lead,public_execution_plan/final-sblr-sbsql-parser-remap-closure/,project/src/parsers/compatibility/neo4j/neo4j_dialect.cpp#kPatterns:neo4j.query.unwind
neo4j,CYPHER_BOLT_HTTP,neo4j.catalog.show,parser_declares_route_requiring_parser_remap_or_existing_sblr_binding_verification,PARSER_REMAP_ONLY,parser remap lead,public_execution_plan/final-sblr-sbsql-parser-remap-closure/,project/src/parsers/compatibility/neo4j/neo4j_dialect.cpp#kPatterns:neo4j.catalog.show
neo4j,CYPHER_BOLT_HTTP,neo4j.session.use,parser_declares_route_requiring_parser_remap_or_existing_sblr_binding_verification,PARSER_REMAP_ONLY,parser remap lead,public_execution_plan/final-sblr-sbsql-parser-remap-closure/,project/src/parsers/compatibility/neo4j/neo4j_dialect.cpp#kPatterns:neo4j.session.use
neo4j,CYPHER_BOLT_HTTP,neo4j.transaction.begin,parser_declares_route_requiring_parser_remap_or_existing_sblr_binding_verification,PARSER_REMAP_ONLY,parser remap lead,public_execution_plan/final-sblr-sbsql-parser-remap-closure/,project/src/parsers/compatibility/neo4j/neo4j_dialect.cpp#kPatterns:neo4j.transaction.begin
neo4j,CYPHER_BOLT_HTTP,neo4j.transaction.commit,parser_declares_route_requiring_parser_remap_or_existing_sblr_binding_verification,PARSER_REMAP_ONLY,parser remap lead,public_execution_plan/final-sblr-sbsql-parser-remap-closure/,project/src/parsers/compatibility/neo4j/neo4j_dialect.cpp#kPatterns:neo4j.transaction.commit
neo4j,CYPHER_BOLT_HTTP,neo4j.transaction.rollback,parser_declares_route_requiring_parser_remap_or_existing_sblr_binding_verification,PARSER_REMAP_ONLY,parser remap lead,public_execution_plan/final-sblr-sbsql-parser-remap-closure/,project/src/parsers/compatibility/neo4j/neo4j_dialect.cpp#kPatterns:neo4j.transaction.rollback
neo4j,CYPHER_BOLT_HTTP,datatype_surface:spatial,parser_declares_noncluster_route_requiring_sblr_or_udr_expansion,IMPLEMENT_NONCLUSTER,sblr expansion lead,public_execution_plan/source-evidence/final-sblr-sbsql-sblr-expansion-closure/,project/src/parsers/compatibility/neo4j/neo4j_dialect.cpp#kDatatypeSurfaces:spatial
neo4j,CYPHER_BOLT_HTTP,datatype_surface:collection,parser_declares_noncluster_route_requiring_sblr_or_udr_expansion,IMPLEMENT_NONCLUSTER,sblr expansion lead,public_execution_plan/source-evidence/final-sblr-sbsql-sblr-expansion-closure/,project/src/parsers/compatibility/neo4j/neo4j_dialect.cpp#kDatatypeSurfaces:collection
neo4j,CYPHER_BOLT_HTTP,builtin_function_surface:predicate,parser_declares_route_requiring_parser_remap_or_existing_sblr_binding_verification,PARSER_REMAP_ONLY,parser remap lead,public_execution_plan/final-sblr-sbsql-parser-remap-closure/,project/src/parsers/compatibility/neo4j/neo4j_dialect.cpp#kBuiltinSurfaces:predicate
neo4j,CYPHER_BOLT_HTTP,builtin_function_surface:aggregate,parser_declares_route_requiring_parser_remap_or_existing_sblr_binding_verification,PARSER_REMAP_ONLY,parser remap lead,public_execution_plan/final-sblr-sbsql-parser-remap-closure/,project/src/parsers/compatibility/neo4j/neo4j_dialect.cpp#kBuiltinSurfaces:aggregate
neo4j,CYPHER_BOLT_HTTP,builtin_function_surface:graph,parser_declares_noncluster_route_requiring_sblr_or_udr_expansion,IMPLEMENT_NONCLUSTER,sblr expansion lead,public_execution_plan/source-evidence/final-sblr-sbsql-sblr-expansion-closure/,project/src/parsers/compatibility/neo4j/neo4j_dialect.cpp#kBuiltinSurfaces:graph
neo4j,CYPHER_BOLT_HTTP,builtin_function_surface:string,parser_declares_route_requiring_parser_remap_or_existing_sblr_binding_verification,PARSER_REMAP_ONLY,parser remap lead,public_execution_plan/final-sblr-sbsql-parser-remap-closure/,project/src/parsers/compatibility/neo4j/neo4j_dialect.cpp#kBuiltinSurfaces:string
neo4j,CYPHER_BOLT_HTTP,builtin_function_surface:temporal,parser_declares_noncluster_route_requiring_sblr_or_udr_expansion,IMPLEMENT_NONCLUSTER,sblr expansion lead,public_execution_plan/source-evidence/final-sblr-sbsql-sblr-expansion-closure/,project/src/parsers/compatibility/neo4j/neo4j_dialect.cpp#kBuiltinSurfaces:temporal
neo4j,CYPHER_BOLT_HTTP,builtin_function_surface:spatial,parser_declares_noncluster_route_requiring_sblr_or_udr_expansion,IMPLEMENT_NONCLUSTER,sblr expansion lead,public_execution_plan/source-evidence/final-sblr-sbsql-sblr-expansion-closure/,project/src/parsers/compatibility/neo4j/neo4j_dialect.cpp#kBuiltinSurfaces:spatial
neo4j,CYPHER_BOLT_HTTP,builtin_function_surface:list,parser_declares_route_requiring_parser_remap_or_existing_sblr_binding_verification,PARSER_REMAP_ONLY,parser remap lead,public_execution_plan/final-sblr-sbsql-parser-remap-closure/,project/src/parsers/compatibility/neo4j/neo4j_dialect.cpp#kBuiltinSurfaces:list
neo4j,CYPHER_BOLT_HTTP,builtin_function_surface:procedure,parser_declares_noncluster_route_requiring_sblr_or_udr_expansion,IMPLEMENT_NONCLUSTER,sblr expansion lead,public_execution_plan/source-evidence/final-sblr-sbsql-sblr-expansion-closure/,project/src/parsers/compatibility/neo4j/neo4j_dialect.cpp#kBuiltinSurfaces:procedure
neo4j,CYPHER_BOLT_HTTP,catalog_overlay_surface:system_graph,parser_declares_route_requiring_parser_remap_or_existing_sblr_binding_verification,PARSER_REMAP_ONLY,parser remap lead,public_execution_plan/final-sblr-sbsql-parser-remap-closure/,project/src/parsers/compatibility/neo4j/neo4j_dialect.cpp#kCatalogSurfaces:system_graph
neo4j,CYPHER_BOLT_HTTP,catalog_overlay_surface:labels,parser_declares_route_requiring_parser_remap_or_existing_sblr_binding_verification,PARSER_REMAP_ONLY,parser remap lead,public_execution_plan/final-sblr-sbsql-parser-remap-closure/,project/src/parsers/compatibility/neo4j/neo4j_dialect.cpp#kCatalogSurfaces:labels
neo4j,CYPHER_BOLT_HTTP,catalog_overlay_surface:relationship_types,parser_declares_route_requiring_parser_remap_or_existing_sblr_binding_verification,PARSER_REMAP_ONLY,parser remap lead,public_execution_plan/final-sblr-sbsql-parser-remap-closure/,project/src/parsers/compatibility/neo4j/neo4j_dialect.cpp#kCatalogSurfaces:relationship_types
neo4j,CYPHER_BOLT_HTTP,catalog_overlay_surface:property_keys,parser_declares_route_requiring_parser_remap_or_existing_sblr_binding_verification,PARSER_REMAP_ONLY,parser remap lead,public_execution_plan/final-sblr-sbsql-parser-remap-closure/,project/src/parsers/compatibility/neo4j/neo4j_dialect.cpp#kCatalogSurfaces:property_keys
neo4j,CYPHER_BOLT_HTTP,catalog_overlay_surface:indexes,parser_declares_route_requiring_parser_remap_or_existing_sblr_binding_verification,PARSER_REMAP_ONLY,parser remap lead,public_execution_plan/final-sblr-sbsql-parser-remap-closure/,project/src/parsers/compatibility/neo4j/neo4j_dialect.cpp#kCatalogSurfaces:indexes
neo4j,CYPHER_BOLT_HTTP,catalog_overlay_surface:constraints,parser_declares_route_requiring_parser_remap_or_existing_sblr_binding_verification,PARSER_REMAP_ONLY,parser remap lead,public_execution_plan/final-sblr-sbsql-parser-remap-closure/,project/src/parsers/compatibility/neo4j/neo4j_dialect.cpp#kCatalogSurfaces:constraints
neo4j,CYPHER_BOLT_HTTP,catalog_overlay_surface:users,parser_declares_route_requiring_parser_remap_or_existing_sblr_binding_verification,PARSER_REMAP_ONLY,parser remap lead,public_execution_plan/final-sblr-sbsql-parser-remap-closure/,project/src/parsers/compatibility/neo4j/neo4j_dialect.cpp#kCatalogSurfaces:users
neo4j,CYPHER_BOLT_HTTP,catalog_overlay_surface:roles,parser_declares_route_requiring_parser_remap_or_existing_sblr_binding_verification,PARSER_REMAP_ONLY,parser remap lead,public_execution_plan/final-sblr-sbsql-parser-remap-closure/,project/src/parsers/compatibility/neo4j/neo4j_dialect.cpp#kCatalogSurfaces:roles
neo4j,CYPHER_BOLT_HTTP,catalog_overlay_surface:procedures,parser_declares_route_requiring_parser_remap_or_existing_sblr_binding_verification,PARSER_REMAP_ONLY,parser remap lead,public_execution_plan/final-sblr-sbsql-parser-remap-closure/,project/src/parsers/compatibility/neo4j/neo4j_dialect.cpp#kCatalogSurfaces:procedures
neo4j,CYPHER_BOLT_HTTP,diagnostic_surface:parse,parser_declares_route_requiring_parser_remap_or_existing_sblr_binding_verification,PARSER_REMAP_ONLY,parser remap lead,public_execution_plan/final-sblr-sbsql-parser-remap-closure/,project/src/parsers/compatibility/neo4j/neo4j_dialect.cpp#kDiagnosticSurfaces:parse
neo4j,CYPHER_BOLT_HTTP,diagnostic_surface:udr,parser_declares_noncluster_route_requiring_sblr_or_udr_expansion,IMPLEMENT_NONCLUSTER,sblr expansion lead,public_execution_plan/source-evidence/final-sblr-sbsql-sblr-expansion-closure/,project/src/parsers/compatibility/neo4j/neo4j_dialect.cpp#kDiagnosticSurfaces:udr
neo4j,CYPHER_BOLT_HTTP,diagnostic_surface:catalog,parser_declares_route_requiring_parser_remap_or_existing_sblr_binding_verification,PARSER_REMAP_ONLY,parser remap lead,public_execution_plan/final-sblr-sbsql-parser-remap-closure/,project/src/parsers/compatibility/neo4j/neo4j_dialect.cpp#kDiagnosticSurfaces:catalog
neo4j,CYPHER_BOLT_HTTP,diagnostic_surface:session,parser_declares_route_requiring_parser_remap_or_existing_sblr_binding_verification,PARSER_REMAP_ONLY,parser remap lead,public_execution_plan/final-sblr-sbsql-parser-remap-closure/,project/src/parsers/compatibility/neo4j/neo4j_dialect.cpp#kDiagnosticSurfaces:session
neo4j,CYPHER_BOLT_HTTP,diagnostic_surface:transaction,parser_declares_route_requiring_parser_remap_or_existing_sblr_binding_verification,PARSER_REMAP_ONLY,parser remap lead,public_execution_plan/final-sblr-sbsql-parser-remap-closure/,project/src/parsers/compatibility/neo4j/neo4j_dialect.cpp#kDiagnosticSurfaces:transaction
opensearch,REST_DSL,opensearch.search.query,parser_declares_route_requiring_parser_remap_or_existing_sblr_binding_verification,PARSER_REMAP_ONLY,parser remap lead,public_execution_plan/final-sblr-sbsql-parser-remap-closure/,project/src/parsers/compatibility/opensearch/opensearch_dialect.cpp#kPatterns:opensearch.search.query
opensearch,REST_DSL,opensearch.search.multi,parser_declares_noncluster_route_requiring_sblr_or_udr_expansion,IMPLEMENT_NONCLUSTER,sblr expansion lead,public_execution_plan/source-evidence/final-sblr-sbsql-sblr-expansion-closure/,project/src/parsers/compatibility/opensearch/opensearch_dialect.cpp#kPatterns:opensearch.search.multi
opensearch,REST_DSL,opensearch.bulk.write,parser_declares_noncluster_route_requiring_sblr_or_udr_expansion,IMPLEMENT_NONCLUSTER,sblr expansion lead,public_execution_plan/source-evidence/final-sblr-sbsql-sblr-expansion-closure/,project/src/parsers/compatibility/opensearch/opensearch_dialect.cpp#kPatterns:opensearch.bulk.write
opensearch,REST_DSL,opensearch.document.multi_get,parser_declares_route_requiring_parser_remap_or_existing_sblr_binding_verification,PARSER_REMAP_ONLY,parser remap lead,public_execution_plan/final-sblr-sbsql-parser-remap-closure/,project/src/parsers/compatibility/opensearch/opensearch_dialect.cpp#kPatterns:opensearch.document.multi_get
opensearch,REST_DSL,opensearch.index.create,parser_declares_route_requiring_parser_remap_or_existing_sblr_binding_verification,PARSER_REMAP_ONLY,parser remap lead,public_execution_plan/final-sblr-sbsql-parser-remap-closure/,project/src/parsers/compatibility/opensearch/opensearch_dialect.cpp#kPatterns:opensearch.index.create
opensearch,REST_DSL,opensearch.document.write,parser_declares_route_requiring_parser_remap_or_existing_sblr_binding_verification,PARSER_REMAP_ONLY,parser remap lead,public_execution_plan/final-sblr-sbsql-parser-remap-closure/,project/src/parsers/compatibility/opensearch/opensearch_dialect.cpp#kPatterns:opensearch.document.write
opensearch,REST_DSL,opensearch.document.delete,parser_declares_route_requiring_parser_remap_or_existing_sblr_binding_verification,PARSER_REMAP_ONLY,parser remap lead,public_execution_plan/final-sblr-sbsql-parser-remap-closure/,project/src/parsers/compatibility/opensearch/opensearch_dialect.cpp#kPatterns:opensearch.document.delete
opensearch,REST_DSL,opensearch.catalog.mapping,parser_declares_route_requiring_parser_remap_or_existing_sblr_binding_verification,PARSER_REMAP_ONLY,parser remap lead,public_execution_plan/final-sblr-sbsql-parser-remap-closure/,project/src/parsers/compatibility/opensearch/opensearch_dialect.cpp#kPatterns:opensearch.catalog.mapping
opensearch,REST_DSL,opensearch.catalog.aliases,parser_declares_noncluster_route_requiring_sblr_or_udr_expansion,IMPLEMENT_NONCLUSTER,sblr expansion lead,public_execution_plan/source-evidence/final-sblr-sbsql-sblr-expansion-closure/,project/src/parsers/compatibility/opensearch/opensearch_dialect.cpp#kPatterns:opensearch.catalog.aliases
opensearch,REST_DSL,opensearch.ingest.pipeline,parser_declares_noncluster_route_requiring_sblr_or_udr_expansion,IMPLEMENT_NONCLUSTER,sblr expansion lead,public_execution_plan/source-evidence/final-sblr-sbsql-sblr-expansion-closure/,project/src/parsers/compatibility/opensearch/opensearch_dialect.cpp#kPatterns:opensearch.ingest.pipeline
opensearch,REST_DSL,opensearch.security.route,parser_declares_noncluster_route_requiring_sblr_or_udr_expansion,IMPLEMENT_NONCLUSTER,sblr expansion lead,public_execution_plan/source-evidence/final-sblr-sbsql-sblr-expansion-closure/,project/src/parsers/compatibility/opensearch/opensearch_dialect.cpp#kPatterns:opensearch.security.route
opensearch,REST_DSL,opensearch.catalog.cat,parser_declares_route_requiring_parser_remap_or_existing_sblr_binding_verification,PARSER_REMAP_ONLY,parser remap lead,public_execution_plan/final-sblr-sbsql-parser-remap-closure/,project/src/parsers/compatibility/opensearch/opensearch_dialect.cpp#kPatterns:opensearch.catalog.cat
opensearch,REST_DSL,datatype_surface:geo,parser_declares_noncluster_route_requiring_sblr_or_udr_expansion,IMPLEMENT_NONCLUSTER,sblr expansion lead,public_execution_plan/source-evidence/final-sblr-sbsql-sblr-expansion-closure/,project/src/parsers/compatibility/opensearch/opensearch_dialect.cpp#kDatatypeSurfaces:geo
opensearch,REST_DSL,datatype_surface:range,parser_declares_noncluster_route_requiring_sblr_or_udr_expansion,IMPLEMENT_NONCLUSTER,sblr expansion lead,public_execution_plan/source-evidence/final-sblr-sbsql-sblr-expansion-closure/,project/src/parsers/compatibility/opensearch/opensearch_dialect.cpp#kDatatypeSurfaces:range
opensearch,REST_DSL,datatype_surface:object,parser_declares_noncluster_route_requiring_sblr_or_udr_expansion,IMPLEMENT_NONCLUSTER,sblr expansion lead,public_execution_plan/source-evidence/final-sblr-sbsql-sblr-expansion-closure/,project/src/parsers/compatibility/opensearch/opensearch_dialect.cpp#kDatatypeSurfaces:object
opensearch,REST_DSL,datatype_surface:rank,parser_declares_noncluster_route_requiring_sblr_or_udr_expansion,IMPLEMENT_NONCLUSTER,sblr expansion lead,public_execution_plan/source-evidence/final-sblr-sbsql-sblr-expansion-closure/,project/src/parsers/compatibility/opensearch/opensearch_dialect.cpp#kDatatypeSurfaces:rank
opensearch,REST_DSL,datatype_surface:vector,parser_declares_noncluster_route_requiring_sblr_or_udr_expansion,IMPLEMENT_NONCLUSTER,sblr expansion lead,public_execution_plan/source-evidence/final-sblr-sbsql-sblr-expansion-closure/,project/src/parsers/compatibility/opensearch/opensearch_dialect.cpp#kDatatypeSurfaces:vector
opensearch,REST_DSL,builtin_function_surface:query,parser_declares_route_requiring_parser_remap_or_existing_sblr_binding_verification,PARSER_REMAP_ONLY,parser remap lead,public_execution_plan/final-sblr-sbsql-parser-remap-closure/,project/src/parsers/compatibility/opensearch/opensearch_dialect.cpp#kBuiltinSurfaces:query
opensearch,REST_DSL,builtin_function_surface:aggregation,parser_declares_route_requiring_parser_remap_or_existing_sblr_binding_verification,PARSER_REMAP_ONLY,parser remap lead,public_execution_plan/final-sblr-sbsql-parser-remap-closure/,project/src/parsers/compatibility/opensearch/opensearch_dialect.cpp#kBuiltinSurfaces:aggregation
opensearch,REST_DSL,builtin_function_surface:script,parser_declares_noncluster_route_requiring_sblr_or_udr_expansion,IMPLEMENT_NONCLUSTER,sblr expansion lead,public_execution_plan/source-evidence/final-sblr-sbsql-sblr-expansion-closure/,project/src/parsers/compatibility/opensearch/opensearch_dialect.cpp#kBuiltinSurfaces:script
opensearch,REST_DSL,builtin_function_surface:geo,parser_declares_noncluster_route_requiring_sblr_or_udr_expansion,IMPLEMENT_NONCLUSTER,sblr expansion lead,public_execution_plan/source-evidence/final-sblr-sbsql-sblr-expansion-closure/,project/src/parsers/compatibility/opensearch/opensearch_dialect.cpp#kBuiltinSurfaces:geo
opensearch,REST_DSL,builtin_function_surface:highlight,parser_declares_noncluster_route_requiring_sblr_or_udr_expansion,IMPLEMENT_NONCLUSTER,sblr expansion lead,public_execution_plan/source-evidence/final-sblr-sbsql-sblr-expansion-closure/,project/src/parsers/compatibility/opensearch/opensearch_dialect.cpp#kBuiltinSurfaces:highlight
opensearch,REST_DSL,builtin_function_surface:sort,parser_declares_route_requiring_parser_remap_or_existing_sblr_binding_verification,PARSER_REMAP_ONLY,parser remap lead,public_execution_plan/final-sblr-sbsql-parser-remap-closure/,project/src/parsers/compatibility/opensearch/opensearch_dialect.cpp#kBuiltinSurfaces:sort
opensearch,REST_DSL,builtin_function_surface:analyzer,parser_declares_noncluster_route_requiring_sblr_or_udr_expansion,IMPLEMENT_NONCLUSTER,sblr expansion lead,public_execution_plan/source-evidence/final-sblr-sbsql-sblr-expansion-closure/,project/src/parsers/compatibility/opensearch/opensearch_dialect.cpp#kBuiltinSurfaces:analyzer
opensearch,REST_DSL,builtin_function_surface:security,parser_declares_noncluster_route_requiring_sblr_or_udr_expansion,IMPLEMENT_NONCLUSTER,sblr expansion lead,public_execution_plan/source-evidence/final-sblr-sbsql-sblr-expansion-closure/,project/src/parsers/compatibility/opensearch/opensearch_dialect.cpp#kBuiltinSurfaces:security
opensearch,REST_DSL,catalog_overlay_surface:indices,parser_declares_route_requiring_parser_remap_or_existing_sblr_binding_verification,PARSER_REMAP_ONLY,parser remap lead,public_execution_plan/final-sblr-sbsql-parser-remap-closure/,project/src/parsers/compatibility/opensearch/opensearch_dialect.cpp#kCatalogSurfaces:indices
opensearch,REST_DSL,catalog_overlay_surface:mappings,parser_declares_route_requiring_parser_remap_or_existing_sblr_binding_verification,PARSER_REMAP_ONLY,parser remap lead,public_execution_plan/final-sblr-sbsql-parser-remap-closure/,project/src/parsers/compatibility/opensearch/opensearch_dialect.cpp#kCatalogSurfaces:mappings
opensearch,REST_DSL,catalog_overlay_surface:aliases,parser_declares_route_requiring_parser_remap_or_existing_sblr_binding_verification,PARSER_REMAP_ONLY,parser remap lead,public_execution_plan/final-sblr-sbsql-parser-remap-closure/,project/src/parsers/compatibility/opensearch/opensearch_dialect.cpp#kCatalogSurfaces:aliases
opensearch,REST_DSL,catalog_overlay_surface:templates,parser_declares_route_requiring_parser_remap_or_existing_sblr_binding_verification,PARSER_REMAP_ONLY,parser remap lead,public_execution_plan/final-sblr-sbsql-parser-remap-closure/,project/src/parsers/compatibility/opensearch/opensearch_dialect.cpp#kCatalogSurfaces:templates
opensearch,REST_DSL,catalog_overlay_surface:ingest,parser_declares_route_requiring_parser_remap_or_existing_sblr_binding_verification,PARSER_REMAP_ONLY,parser remap lead,public_execution_plan/final-sblr-sbsql-parser-remap-closure/,project/src/parsers/compatibility/opensearch/opensearch_dialect.cpp#kCatalogSurfaces:ingest
opensearch,REST_DSL,catalog_overlay_surface:security,parser_declares_route_requiring_parser_remap_or_existing_sblr_binding_verification,PARSER_REMAP_ONLY,parser remap lead,public_execution_plan/final-sblr-sbsql-parser-remap-closure/,project/src/parsers/compatibility/opensearch/opensearch_dialect.cpp#kCatalogSurfaces:security
opensearch,REST_DSL,catalog_overlay_surface:cat,parser_declares_route_requiring_parser_remap_or_existing_sblr_binding_verification,PARSER_REMAP_ONLY,parser remap lead,public_execution_plan/final-sblr-sbsql-parser-remap-closure/,project/src/parsers/compatibility/opensearch/opensearch_dialect.cpp#kCatalogSurfaces:cat
opensearch,REST_DSL,catalog_overlay_surface:tasks,parser_declares_route_requiring_parser_remap_or_existing_sblr_binding_verification,PARSER_REMAP_ONLY,parser remap lead,public_execution_plan/final-sblr-sbsql-parser-remap-closure/,project/src/parsers/compatibility/opensearch/opensearch_dialect.cpp#kCatalogSurfaces:tasks
opensearch,REST_DSL,catalog_overlay_surface:snapshots,parser_declares_route_requiring_parser_remap_or_existing_sblr_binding_verification,PARSER_REMAP_ONLY,parser remap lead,public_execution_plan/final-sblr-sbsql-parser-remap-closure/,project/src/parsers/compatibility/opensearch/opensearch_dialect.cpp#kCatalogSurfaces:snapshots
opensearch,REST_DSL,catalog_overlay_surface:plugins,parser_declares_route_requiring_parser_remap_or_existing_sblr_binding_verification,PARSER_REMAP_ONLY,parser remap lead,public_execution_plan/final-sblr-sbsql-parser-remap-closure/,project/src/parsers/compatibility/opensearch/opensearch_dialect.cpp#kCatalogSurfaces:plugins
opensearch,REST_DSL,diagnostic_surface:parse,parser_declares_route_requiring_parser_remap_or_existing_sblr_binding_verification,PARSER_REMAP_ONLY,parser remap lead,public_execution_plan/final-sblr-sbsql-parser-remap-closure/,project/src/parsers/compatibility/opensearch/opensearch_dialect.cpp#kDiagnosticSurfaces:parse
opensearch,REST_DSL,diagnostic_surface:udr,parser_declares_noncluster_route_requiring_sblr_or_udr_expansion,IMPLEMENT_NONCLUSTER,sblr expansion lead,public_execution_plan/source-evidence/final-sblr-sbsql-sblr-expansion-closure/,project/src/parsers/compatibility/opensearch/opensearch_dialect.cpp#kDiagnosticSurfaces:udr
opensearch,REST_DSL,diagnostic_surface:catalog,parser_declares_route_requiring_parser_remap_or_existing_sblr_binding_verification,PARSER_REMAP_ONLY,parser remap lead,public_execution_plan/final-sblr-sbsql-parser-remap-closure/,project/src/parsers/compatibility/opensearch/opensearch_dialect.cpp#kDiagnosticSurfaces:catalog
opensearch,REST_DSL,diagnostic_surface:session,parser_declares_route_requiring_parser_remap_or_existing_sblr_binding_verification,PARSER_REMAP_ONLY,parser remap lead,public_execution_plan/final-sblr-sbsql-parser-remap-closure/,project/src/parsers/compatibility/opensearch/opensearch_dialect.cpp#kDiagnosticSurfaces:session
opensearch,REST_DSL,diagnostic_surface:transaction,parser_declares_route_requiring_parser_remap_or_existing_sblr_binding_verification,PARSER_REMAP_ONLY,parser remap lead,public_execution_plan/final-sblr-sbsql-parser-remap-closure/,project/src/parsers/compatibility/opensearch/opensearch_dialect.cpp#kDiagnosticSurfaces:transaction
opensearch,SQL_PPL,opensearch_sql_ppl.rest.get,parser_declares_noncluster_route_requiring_sblr_or_udr_expansion,IMPLEMENT_NONCLUSTER,sblr expansion lead,public_execution_plan/source-evidence/final-sblr-sbsql-sblr-expansion-closure/,project/src/parsers/compatibility/opensearch_sql_ppl/opensearch_sql_ppl_dialect.cpp#kPatterns:opensearch_sql_ppl.rest.get
opensearch,SQL_PPL,opensearch_sql_ppl.rest.post,parser_declares_noncluster_route_requiring_sblr_or_udr_expansion,IMPLEMENT_NONCLUSTER,sblr expansion lead,public_execution_plan/source-evidence/final-sblr-sbsql-sblr-expansion-closure/,project/src/parsers/compatibility/opensearch_sql_ppl/opensearch_sql_ppl_dialect.cpp#kPatterns:opensearch_sql_ppl.rest.post
opensearch,SQL_PPL,opensearch_sql_ppl.rest.put,parser_declares_noncluster_route_requiring_sblr_or_udr_expansion,IMPLEMENT_NONCLUSTER,sblr expansion lead,public_execution_plan/source-evidence/final-sblr-sbsql-sblr-expansion-closure/,project/src/parsers/compatibility/opensearch_sql_ppl/opensearch_sql_ppl_dialect.cpp#kPatterns:opensearch_sql_ppl.rest.put
opensearch,SQL_PPL,opensearch_sql_ppl.rest.delete,parser_declares_noncluster_route_requiring_sblr_or_udr_expansion,IMPLEMENT_NONCLUSTER,sblr expansion lead,public_execution_plan/source-evidence/final-sblr-sbsql-sblr-expansion-closure/,project/src/parsers/compatibility/opensearch_sql_ppl/opensearch_sql_ppl_dialect.cpp#kPatterns:opensearch_sql_ppl.rest.delete
opensearch,SQL_PPL,opensearch_sql_ppl.index.drop,parser_declares_noncluster_route_requiring_sblr_or_udr_expansion,IMPLEMENT_NONCLUSTER,sblr expansion lead,public_execution_plan/source-evidence/final-sblr-sbsql-sblr-expansion-closure/,project/src/parsers/compatibility/opensearch_sql_ppl/opensearch_sql_ppl_dialect.cpp#kPatterns:opensearch_sql_ppl.index.drop
opensearch,SQL_PPL,opensearch_sql_ppl.index.create,parser_declares_noncluster_route_requiring_sblr_or_udr_expansion,IMPLEMENT_NONCLUSTER,sblr expansion lead,public_execution_plan/source-evidence/final-sblr-sbsql-sblr-expansion-closure/,project/src/parsers/compatibility/opensearch_sql_ppl/opensearch_sql_ppl_dialect.cpp#kPatterns:opensearch_sql_ppl.index.create
opensearch,SQL_PPL,opensearch_sql_ppl.plugin.call,parser_declares_noncluster_route_requiring_sblr_or_udr_expansion,IMPLEMENT_NONCLUSTER,sblr expansion lead,public_execution_plan/source-evidence/final-sblr-sbsql-sblr-expansion-closure/,project/src/parsers/compatibility/opensearch_sql_ppl/opensearch_sql_ppl_dialect.cpp#kPatterns:opensearch_sql_ppl.plugin.call
opensearch,SQL_PPL,opensearch_sql_ppl.ml.command,parser_declares_noncluster_route_requiring_sblr_or_udr_expansion,IMPLEMENT_NONCLUSTER,sblr expansion lead,public_execution_plan/source-evidence/final-sblr-sbsql-sblr-expansion-closure/,project/src/parsers/compatibility/opensearch_sql_ppl/opensearch_sql_ppl_dialect.cpp#kPatterns:opensearch_sql_ppl.ml.command
opensearch,SQL_PPL,opensearch_sql_ppl.ad.command,parser_declares_noncluster_route_requiring_sblr_or_udr_expansion,IMPLEMENT_NONCLUSTER,sblr expansion lead,public_execution_plan/source-evidence/final-sblr-sbsql-sblr-expansion-closure/,project/src/parsers/compatibility/opensearch_sql_ppl/opensearch_sql_ppl_dialect.cpp#kPatterns:opensearch_sql_ppl.ad.command
opensearch,SQL_PPL,opensearch_sql_ppl.ppl.lookup,parser_declares_noncluster_route_requiring_sblr_or_udr_expansion,IMPLEMENT_NONCLUSTER,sblr expansion lead,public_execution_plan/source-evidence/final-sblr-sbsql-sblr-expansion-closure/,project/src/parsers/compatibility/opensearch_sql_ppl/opensearch_sql_ppl_dialect.cpp#kPatterns:opensearch_sql_ppl.ppl.lookup
opensearch,SQL_PPL,opensearch_sql_ppl.ppl.join,parser_declares_noncluster_route_requiring_sblr_or_udr_expansion,IMPLEMENT_NONCLUSTER,sblr expansion lead,public_execution_plan/source-evidence/final-sblr-sbsql-sblr-expansion-closure/,project/src/parsers/compatibility/opensearch_sql_ppl/opensearch_sql_ppl_dialect.cpp#kPatterns:opensearch_sql_ppl.ppl.join
opensearch,SQL_PPL,opensearch_sql_ppl.ppl.stats,parser_declares_route_requiring_parser_remap_or_existing_sblr_binding_verification,PARSER_REMAP_ONLY,parser remap lead,public_execution_plan/final-sblr-sbsql-parser-remap-closure/,project/src/parsers/compatibility/opensearch_sql_ppl/opensearch_sql_ppl_dialect.cpp#kPatterns:opensearch_sql_ppl.ppl.stats
opensearch,SQL_PPL,opensearch_sql_ppl.ppl.source,parser_declares_route_requiring_parser_remap_or_existing_sblr_binding_verification,PARSER_REMAP_ONLY,parser remap lead,public_execution_plan/final-sblr-sbsql-parser-remap-closure/,project/src/parsers/compatibility/opensearch_sql_ppl/opensearch_sql_ppl_dialect.cpp#kPatterns:opensearch_sql_ppl.ppl.source
opensearch,SQL_PPL,opensearch_sql_ppl.ppl.search,parser_declares_route_requiring_parser_remap_or_existing_sblr_binding_verification,PARSER_REMAP_ONLY,parser remap lead,public_execution_plan/final-sblr-sbsql-parser-remap-closure/,project/src/parsers/compatibility/opensearch_sql_ppl/opensearch_sql_ppl_dialect.cpp#kPatterns:opensearch_sql_ppl.ppl.search
opensearch,SQL_PPL,opensearch_sql_ppl.ppl.where,parser_declares_route_requiring_parser_remap_or_existing_sblr_binding_verification,PARSER_REMAP_ONLY,parser remap lead,public_execution_plan/final-sblr-sbsql-parser-remap-closure/,project/src/parsers/compatibility/opensearch_sql_ppl/opensearch_sql_ppl_dialect.cpp#kPatterns:opensearch_sql_ppl.ppl.where
opensearch,SQL_PPL,opensearch_sql_ppl.ppl.fields,parser_declares_route_requiring_parser_remap_or_existing_sblr_binding_verification,PARSER_REMAP_ONLY,parser remap lead,public_execution_plan/final-sblr-sbsql-parser-remap-closure/,project/src/parsers/compatibility/opensearch_sql_ppl/opensearch_sql_ppl_dialect.cpp#kPatterns:opensearch_sql_ppl.ppl.fields
opensearch,SQL_PPL,opensearch_sql_ppl.ppl.sort,parser_declares_route_requiring_parser_remap_or_existing_sblr_binding_verification,PARSER_REMAP_ONLY,parser remap lead,public_execution_plan/final-sblr-sbsql-parser-remap-closure/,project/src/parsers/compatibility/opensearch_sql_ppl/opensearch_sql_ppl_dialect.cpp#kPatterns:opensearch_sql_ppl.ppl.sort
opensearch,SQL_PPL,opensearch_sql_ppl.ppl.head,parser_declares_route_requiring_parser_remap_or_existing_sblr_binding_verification,PARSER_REMAP_ONLY,parser remap lead,public_execution_plan/final-sblr-sbsql-parser-remap-closure/,project/src/parsers/compatibility/opensearch_sql_ppl/opensearch_sql_ppl_dialect.cpp#kPatterns:opensearch_sql_ppl.ppl.head
opensearch,SQL_PPL,opensearch_sql_ppl.ppl.eval,parser_declares_route_requiring_parser_remap_or_existing_sblr_binding_verification,PARSER_REMAP_ONLY,parser remap lead,public_execution_plan/final-sblr-sbsql-parser-remap-closure/,project/src/parsers/compatibility/opensearch_sql_ppl/opensearch_sql_ppl_dialect.cpp#kPatterns:opensearch_sql_ppl.ppl.eval
opensearch,SQL_PPL,opensearch_sql_ppl.catalog.show_datasources,parser_declares_route_requiring_parser_remap_or_existing_sblr_binding_verification,PARSER_REMAP_ONLY,parser remap lead,public_execution_plan/final-sblr-sbsql-parser-remap-closure/,project/src/parsers/compatibility/opensearch_sql_ppl/opensearch_sql_ppl_dialect.cpp#kPatterns:opensearch_sql_ppl.catalog.show_datasources
opensearch,SQL_PPL,opensearch_sql_ppl.catalog.show,parser_declares_route_requiring_parser_remap_or_existing_sblr_binding_verification,PARSER_REMAP_ONLY,parser remap lead,public_execution_plan/final-sblr-sbsql-parser-remap-closure/,project/src/parsers/compatibility/opensearch_sql_ppl/opensearch_sql_ppl_dialect.cpp#kPatterns:opensearch_sql_ppl.catalog.show
opensearch,SQL_PPL,opensearch_sql_ppl.catalog.describe,parser_declares_route_requiring_parser_remap_or_existing_sblr_binding_verification,PARSER_REMAP_ONLY,parser remap lead,public_execution_plan/final-sblr-sbsql-parser-remap-closure/,project/src/parsers/compatibility/opensearch_sql_ppl/opensearch_sql_ppl_dialect.cpp#kPatterns:opensearch_sql_ppl.catalog.describe
opensearch,SQL_PPL,opensearch_sql_ppl.optimizer.explain,parser_declares_route_requiring_parser_remap_or_existing_sblr_binding_verification,PARSER_REMAP_ONLY,parser remap lead,public_execution_plan/final-sblr-sbsql-parser-remap-closure/,project/src/parsers/compatibility/opensearch_sql_ppl/opensearch_sql_ppl_dialect.cpp#kPatterns:opensearch_sql_ppl.optimizer.explain
opensearch,SQL_PPL,opensearch_sql_ppl.sql.select,parser_declares_route_requiring_parser_remap_or_existing_sblr_binding_verification,PARSER_REMAP_ONLY,parser remap lead,public_execution_plan/final-sblr-sbsql-parser-remap-closure/,project/src/parsers/compatibility/opensearch_sql_ppl/opensearch_sql_ppl_dialect.cpp#kPatterns:opensearch_sql_ppl.sql.select
opensearch,SQL_PPL,opensearch_sql_ppl.sql.delete,parser_declares_route_requiring_parser_remap_or_existing_sblr_binding_verification,PARSER_REMAP_ONLY,parser remap lead,public_execution_plan/final-sblr-sbsql-parser-remap-closure/,project/src/parsers/compatibility/opensearch_sql_ppl/opensearch_sql_ppl_dialect.cpp#kPatterns:opensearch_sql_ppl.sql.delete
opensearch,SQL_PPL,datatype_surface:geo,parser_declares_noncluster_route_requiring_sblr_or_udr_expansion,IMPLEMENT_NONCLUSTER,sblr expansion lead,public_execution_plan/source-evidence/final-sblr-sbsql-sblr-expansion-closure/,project/src/parsers/compatibility/opensearch_sql_ppl/opensearch_sql_ppl_dialect.cpp#kDatatypeSurfaces:geo
opensearch,SQL_PPL,datatype_surface:rank,parser_declares_noncluster_route_requiring_sblr_or_udr_expansion,IMPLEMENT_NONCLUSTER,sblr expansion lead,public_execution_plan/source-evidence/final-sblr-sbsql-sblr-expansion-closure/,project/src/parsers/compatibility/opensearch_sql_ppl/opensearch_sql_ppl_dialect.cpp#kDatatypeSurfaces:rank
opensearch,SQL_PPL,datatype_surface:knn_vector,parser_declares_noncluster_route_requiring_sblr_or_udr_expansion,IMPLEMENT_NONCLUSTER,sblr expansion lead,public_execution_plan/source-evidence/final-sblr-sbsql-sblr-expansion-closure/,project/src/parsers/compatibility/opensearch_sql_ppl/opensearch_sql_ppl_dialect.cpp#kDatatypeSurfaces:knn_vector
opensearch,SQL_PPL,builtin_function_surface:aggregate,parser_declares_route_requiring_parser_remap_or_existing_sblr_binding_verification,PARSER_REMAP_ONLY,parser remap lead,public_execution_plan/final-sblr-sbsql-parser-remap-closure/,project/src/parsers/compatibility/opensearch_sql_ppl/opensearch_sql_ppl_dialect.cpp#kBuiltinSurfaces:aggregate
opensearch,SQL_PPL,builtin_function_surface:ppl,parser_declares_route_requiring_parser_remap_or_existing_sblr_binding_verification,PARSER_REMAP_ONLY,parser remap lead,public_execution_plan/final-sblr-sbsql-parser-remap-closure/,project/src/parsers/compatibility/opensearch_sql_ppl/opensearch_sql_ppl_dialect.cpp#kBuiltinSurfaces:ppl
opensearch,SQL_PPL,builtin_function_surface:ppl_join,parser_declares_noncluster_route_requiring_sblr_or_udr_expansion,IMPLEMENT_NONCLUSTER,sblr expansion lead,public_execution_plan/source-evidence/final-sblr-sbsql-sblr-expansion-closure/,project/src/parsers/compatibility/opensearch_sql_ppl/opensearch_sql_ppl_dialect.cpp#kBuiltinSurfaces:ppl_join
opensearch,SQL_PPL,builtin_function_surface:sql,parser_declares_route_requiring_parser_remap_or_existing_sblr_binding_verification,PARSER_REMAP_ONLY,parser remap lead,public_execution_plan/final-sblr-sbsql-parser-remap-closure/,project/src/parsers/compatibility/opensearch_sql_ppl/opensearch_sql_ppl_dialect.cpp#kBuiltinSurfaces:sql
opensearch,SQL_PPL,builtin_function_surface:string,parser_declares_route_requiring_parser_remap_or_existing_sblr_binding_verification,PARSER_REMAP_ONLY,parser remap lead,public_execution_plan/final-sblr-sbsql-parser-remap-closure/,project/src/parsers/compatibility/opensearch_sql_ppl/opensearch_sql_ppl_dialect.cpp#kBuiltinSurfaces:string
opensearch,SQL_PPL,builtin_function_surface:math,parser_declares_route_requiring_parser_remap_or_existing_sblr_binding_verification,PARSER_REMAP_ONLY,parser remap lead,public_execution_plan/final-sblr-sbsql-parser-remap-closure/,project/src/parsers/compatibility/opensearch_sql_ppl/opensearch_sql_ppl_dialect.cpp#kBuiltinSurfaces:math
opensearch,SQL_PPL,builtin_function_surface:date,parser_declares_route_requiring_parser_remap_or_existing_sblr_binding_verification,PARSER_REMAP_ONLY,parser remap lead,public_execution_plan/final-sblr-sbsql-parser-remap-closure/,project/src/parsers/compatibility/opensearch_sql_ppl/opensearch_sql_ppl_dialect.cpp#kBuiltinSurfaces:date
opensearch,SQL_PPL,builtin_function_surface:json,parser_declares_noncluster_route_requiring_sblr_or_udr_expansion,IMPLEMENT_NONCLUSTER,sblr expansion lead,public_execution_plan/source-evidence/final-sblr-sbsql-sblr-expansion-closure/,project/src/parsers/compatibility/opensearch_sql_ppl/opensearch_sql_ppl_dialect.cpp#kBuiltinSurfaces:json
opensearch,SQL_PPL,builtin_function_surface:ml,parser_declares_noncluster_route_requiring_sblr_or_udr_expansion,IMPLEMENT_NONCLUSTER,sblr expansion lead,public_execution_plan/source-evidence/final-sblr-sbsql-sblr-expansion-closure/,project/src/parsers/compatibility/opensearch_sql_ppl/opensearch_sql_ppl_dialect.cpp#kBuiltinSurfaces:ml
opensearch,SQL_PPL,catalog_overlay_surface:datasources,parser_declares_route_requiring_parser_remap_or_existing_sblr_binding_verification,PARSER_REMAP_ONLY,parser remap lead,public_execution_plan/final-sblr-sbsql-parser-remap-closure/,project/src/parsers/compatibility/opensearch_sql_ppl/opensearch_sql_ppl_dialect.cpp#kCatalogSurfaces:datasources
opensearch,SQL_PPL,catalog_overlay_surface:indexes,parser_declares_route_requiring_parser_remap_or_existing_sblr_binding_verification,PARSER_REMAP_ONLY,parser remap lead,public_execution_plan/final-sblr-sbsql-parser-remap-closure/,project/src/parsers/compatibility/opensearch_sql_ppl/opensearch_sql_ppl_dialect.cpp#kCatalogSurfaces:indexes
opensearch,SQL_PPL,catalog_overlay_surface:mappings,parser_declares_route_requiring_parser_remap_or_existing_sblr_binding_verification,PARSER_REMAP_ONLY,parser remap lead,public_execution_plan/final-sblr-sbsql-parser-remap-closure/,project/src/parsers/compatibility/opensearch_sql_ppl/opensearch_sql_ppl_dialect.cpp#kCatalogSurfaces:mappings
opensearch,SQL_PPL,catalog_overlay_surface:plugins,parser_declares_noncluster_route_requiring_sblr_or_udr_expansion,IMPLEMENT_NONCLUSTER,sblr expansion lead,public_execution_plan/source-evidence/final-sblr-sbsql-sblr-expansion-closure/,project/src/parsers/compatibility/opensearch_sql_ppl/opensearch_sql_ppl_dialect.cpp#kCatalogSurfaces:plugins
opensearch,SQL_PPL,catalog_overlay_surface:fields,parser_declares_route_requiring_parser_remap_or_existing_sblr_binding_verification,PARSER_REMAP_ONLY,parser remap lead,public_execution_plan/final-sblr-sbsql-parser-remap-closure/,project/src/parsers/compatibility/opensearch_sql_ppl/opensearch_sql_ppl_dialect.cpp#kCatalogSurfaces:fields
opensearch,SQL_PPL,catalog_overlay_surface:roles,parser_declares_route_requiring_parser_remap_or_existing_sblr_binding_verification,PARSER_REMAP_ONLY,parser remap lead,public_execution_plan/final-sblr-sbsql-parser-remap-closure/,project/src/parsers/compatibility/opensearch_sql_ppl/opensearch_sql_ppl_dialect.cpp#kCatalogSurfaces:roles
opensearch,SQL_PPL,catalog_overlay_surface:pipelines,parser_declares_route_requiring_parser_remap_or_existing_sblr_binding_verification,PARSER_REMAP_ONLY,parser remap lead,public_execution_plan/final-sblr-sbsql-parser-remap-closure/,project/src/parsers/compatibility/opensearch_sql_ppl/opensearch_sql_ppl_dialect.cpp#kCatalogSurfaces:pipelines
opensearch,SQL_PPL,catalog_overlay_surface:models,parser_declares_noncluster_route_requiring_sblr_or_udr_expansion,IMPLEMENT_NONCLUSTER,sblr expansion lead,public_execution_plan/source-evidence/final-sblr-sbsql-sblr-expansion-closure/,project/src/parsers/compatibility/opensearch_sql_ppl/opensearch_sql_ppl_dialect.cpp#kCatalogSurfaces:models
opensearch,SQL_PPL,diagnostic_surface:parse,parser_declares_route_requiring_parser_remap_or_existing_sblr_binding_verification,PARSER_REMAP_ONLY,parser remap lead,public_execution_plan/final-sblr-sbsql-parser-remap-closure/,project/src/parsers/compatibility/opensearch_sql_ppl/opensearch_sql_ppl_dialect.cpp#kDiagnosticSurfaces:parse
opensearch,SQL_PPL,diagnostic_surface:udr,parser_declares_noncluster_route_requiring_sblr_or_udr_expansion,IMPLEMENT_NONCLUSTER,sblr expansion lead,public_execution_plan/source-evidence/final-sblr-sbsql-sblr-expansion-closure/,project/src/parsers/compatibility/opensearch_sql_ppl/opensearch_sql_ppl_dialect.cpp#kDiagnosticSurfaces:udr
opensearch,SQL_PPL,diagnostic_surface:catalog,parser_declares_route_requiring_parser_remap_or_existing_sblr_binding_verification,PARSER_REMAP_ONLY,parser remap lead,public_execution_plan/final-sblr-sbsql-parser-remap-closure/,project/src/parsers/compatibility/opensearch_sql_ppl/opensearch_sql_ppl_dialect.cpp#kDiagnosticSurfaces:catalog
opensearch,SQL_PPL,diagnostic_surface:session,parser_declares_route_requiring_parser_remap_or_existing_sblr_binding_verification,PARSER_REMAP_ONLY,parser remap lead,public_execution_plan/final-sblr-sbsql-parser-remap-closure/,project/src/parsers/compatibility/opensearch_sql_ppl/opensearch_sql_ppl_dialect.cpp#kDiagnosticSurfaces:session
opensearch,SQL_PPL,diagnostic_surface:transaction,parser_declares_route_requiring_parser_remap_or_existing_sblr_binding_verification,PARSER_REMAP_ONLY,parser remap lead,public_execution_plan/final-sblr-sbsql-parser-remap-closure/,project/src/parsers/compatibility/opensearch_sql_ppl/opensearch_sql_ppl_dialect.cpp#kDiagnosticSurfaces:transaction
postgresql,POSTGRESQL_SQL_WIRE_COPY_LOGICAL_REPLICATION,postgresql.bulk_io.copy,parser_declares_noncluster_route_requiring_sblr_or_udr_expansion,IMPLEMENT_NONCLUSTER,sblr expansion lead,public_execution_plan/source-evidence/final-sblr-sbsql-sblr-expansion-closure/,project/src/parsers/compatibility/postgresql/postgresql_dialect.cpp#kPatterns:postgresql.bulk_io.copy
postgresql,POSTGRESQL_SQL_WIRE_COPY_LOGICAL_REPLICATION,postgresql.large_object.api,parser_declares_noncluster_route_requiring_sblr_or_udr_expansion,IMPLEMENT_NONCLUSTER,sblr expansion lead,public_execution_plan/source-evidence/final-sblr-sbsql-sblr-expansion-closure/,project/src/parsers/compatibility/postgresql/postgresql_dialect.cpp#kPatterns:postgresql.large_object.api
postgresql,POSTGRESQL_SQL_WIRE_COPY_LOGICAL_REPLICATION,postgresql.extension.create,parser_declares_noncluster_route_requiring_sblr_or_udr_expansion,IMPLEMENT_NONCLUSTER,sblr expansion lead,public_execution_plan/source-evidence/final-sblr-sbsql-sblr-expansion-closure/,project/src/parsers/compatibility/postgresql/postgresql_dialect.cpp#kPatterns:postgresql.extension.create
postgresql,POSTGRESQL_SQL_WIRE_COPY_LOGICAL_REPLICATION,postgresql.extension.alter,parser_declares_noncluster_route_requiring_sblr_or_udr_expansion,IMPLEMENT_NONCLUSTER,sblr expansion lead,public_execution_plan/source-evidence/final-sblr-sbsql-sblr-expansion-closure/,project/src/parsers/compatibility/postgresql/postgresql_dialect.cpp#kPatterns:postgresql.extension.alter
postgresql,POSTGRESQL_SQL_WIRE_COPY_LOGICAL_REPLICATION,postgresql.extension.drop,parser_declares_noncluster_route_requiring_sblr_or_udr_expansion,IMPLEMENT_NONCLUSTER,sblr expansion lead,public_execution_plan/source-evidence/final-sblr-sbsql-sblr-expansion-closure/,project/src/parsers/compatibility/postgresql/postgresql_dialect.cpp#kPatterns:postgresql.extension.drop
postgresql,POSTGRESQL_SQL_WIRE_COPY_LOGICAL_REPLICATION,postgresql.lifecycle.create_database,parser_declares_route_requiring_parser_remap_or_existing_sblr_binding_verification,PARSER_REMAP_ONLY,parser remap lead,public_execution_plan/final-sblr-sbsql-parser-remap-closure/,project/src/parsers/compatibility/postgresql/postgresql_dialect.cpp#kPatterns:postgresql.lifecycle.create_database
postgresql,POSTGRESQL_SQL_WIRE_COPY_LOGICAL_REPLICATION,postgresql.lifecycle.drop_database,parser_declares_route_requiring_parser_remap_or_existing_sblr_binding_verification,PARSER_REMAP_ONLY,parser remap lead,public_execution_plan/final-sblr-sbsql-parser-remap-closure/,project/src/parsers/compatibility/postgresql/postgresql_dialect.cpp#kPatterns:postgresql.lifecycle.drop_database
postgresql,POSTGRESQL_SQL_WIRE_COPY_LOGICAL_REPLICATION,postgresql.security.create_role,parser_declares_noncluster_route_requiring_sblr_or_udr_expansion,IMPLEMENT_NONCLUSTER,sblr expansion lead,public_execution_plan/source-evidence/final-sblr-sbsql-sblr-expansion-closure/,project/src/parsers/compatibility/postgresql/postgresql_dialect.cpp#kPatterns:postgresql.security.create_role
postgresql,POSTGRESQL_SQL_WIRE_COPY_LOGICAL_REPLICATION,postgresql.security.alter_role,parser_declares_noncluster_route_requiring_sblr_or_udr_expansion,IMPLEMENT_NONCLUSTER,sblr expansion lead,public_execution_plan/source-evidence/final-sblr-sbsql-sblr-expansion-closure/,project/src/parsers/compatibility/postgresql/postgresql_dialect.cpp#kPatterns:postgresql.security.alter_role
postgresql,POSTGRESQL_SQL_WIRE_COPY_LOGICAL_REPLICATION,postgresql.security.drop_role,parser_declares_noncluster_route_requiring_sblr_or_udr_expansion,IMPLEMENT_NONCLUSTER,sblr expansion lead,public_execution_plan/source-evidence/final-sblr-sbsql-sblr-expansion-closure/,project/src/parsers/compatibility/postgresql/postgresql_dialect.cpp#kPatterns:postgresql.security.drop_role
postgresql,POSTGRESQL_SQL_WIRE_COPY_LOGICAL_REPLICATION,postgresql.security.create_user,parser_declares_noncluster_route_requiring_sblr_or_udr_expansion,IMPLEMENT_NONCLUSTER,sblr expansion lead,public_execution_plan/source-evidence/final-sblr-sbsql-sblr-expansion-closure/,project/src/parsers/compatibility/postgresql/postgresql_dialect.cpp#kPatterns:postgresql.security.create_user
postgresql,POSTGRESQL_SQL_WIRE_COPY_LOGICAL_REPLICATION,postgresql.security.grant,parser_declares_noncluster_route_requiring_sblr_or_udr_expansion,IMPLEMENT_NONCLUSTER,sblr expansion lead,public_execution_plan/source-evidence/final-sblr-sbsql-sblr-expansion-closure/,project/src/parsers/compatibility/postgresql/postgresql_dialect.cpp#kPatterns:postgresql.security.grant
postgresql,POSTGRESQL_SQL_WIRE_COPY_LOGICAL_REPLICATION,postgresql.security.revoke,parser_declares_noncluster_route_requiring_sblr_or_udr_expansion,IMPLEMENT_NONCLUSTER,sblr expansion lead,public_execution_plan/source-evidence/final-sblr-sbsql-sblr-expansion-closure/,project/src/parsers/compatibility/postgresql/postgresql_dialect.cpp#kPatterns:postgresql.security.revoke
postgresql,POSTGRESQL_SQL_WIRE_COPY_LOGICAL_REPLICATION,postgresql.security.row_policy.create,parser_declares_noncluster_route_requiring_sblr_or_udr_expansion,IMPLEMENT_NONCLUSTER,sblr expansion lead,public_execution_plan/source-evidence/final-sblr-sbsql-sblr-expansion-closure/,project/src/parsers/compatibility/postgresql/postgresql_dialect.cpp#kPatterns:postgresql.security.row_policy.create
postgresql,POSTGRESQL_SQL_WIRE_COPY_LOGICAL_REPLICATION,postgresql.routine.function.create,parser_declares_noncluster_route_requiring_sblr_or_udr_expansion,IMPLEMENT_NONCLUSTER,sblr expansion lead,public_execution_plan/source-evidence/final-sblr-sbsql-sblr-expansion-closure/,project/src/parsers/compatibility/postgresql/postgresql_dialect.cpp#kPatterns:postgresql.routine.function.create
postgresql,POSTGRESQL_SQL_WIRE_COPY_LOGICAL_REPLICATION,postgresql.routine.procedure.create,parser_declares_noncluster_route_requiring_sblr_or_udr_expansion,IMPLEMENT_NONCLUSTER,sblr expansion lead,public_execution_plan/source-evidence/final-sblr-sbsql-sblr-expansion-closure/,project/src/parsers/compatibility/postgresql/postgresql_dialect.cpp#kPatterns:postgresql.routine.procedure.create
postgresql,POSTGRESQL_SQL_WIRE_COPY_LOGICAL_REPLICATION,postgresql.routine.trigger.create,parser_declares_noncluster_route_requiring_sblr_or_udr_expansion,IMPLEMENT_NONCLUSTER,sblr expansion lead,public_execution_plan/source-evidence/final-sblr-sbsql-sblr-expansion-closure/,project/src/parsers/compatibility/postgresql/postgresql_dialect.cpp#kPatterns:postgresql.routine.trigger.create
postgresql,POSTGRESQL_SQL_WIRE_COPY_LOGICAL_REPLICATION,postgresql.routine.rule.create,parser_declares_noncluster_route_requiring_sblr_or_udr_expansion,IMPLEMENT_NONCLUSTER,sblr expansion lead,public_execution_plan/source-evidence/final-sblr-sbsql-sblr-expansion-closure/,project/src/parsers/compatibility/postgresql/postgresql_dialect.cpp#kPatterns:postgresql.routine.rule.create
postgresql,POSTGRESQL_SQL_WIRE_COPY_LOGICAL_REPLICATION,postgresql.routine.do_block,parser_declares_noncluster_route_requiring_sblr_or_udr_expansion,IMPLEMENT_NONCLUSTER,sblr expansion lead,public_execution_plan/source-evidence/final-sblr-sbsql-sblr-expansion-closure/,project/src/parsers/compatibility/postgresql/postgresql_dialect.cpp#kPatterns:postgresql.routine.do_block
postgresql,POSTGRESQL_SQL_WIRE_COPY_LOGICAL_REPLICATION,postgresql.routine.call,parser_declares_noncluster_route_requiring_sblr_or_udr_expansion,IMPLEMENT_NONCLUSTER,sblr expansion lead,public_execution_plan/source-evidence/final-sblr-sbsql-sblr-expansion-closure/,project/src/parsers/compatibility/postgresql/postgresql_dialect.cpp#kPatterns:postgresql.routine.call
postgresql,POSTGRESQL_SQL_WIRE_COPY_LOGICAL_REPLICATION,postgresql.events.listen,parser_declares_noncluster_route_requiring_sblr_or_udr_expansion,IMPLEMENT_NONCLUSTER,sblr expansion lead,public_execution_plan/source-evidence/final-sblr-sbsql-sblr-expansion-closure/,project/src/parsers/compatibility/postgresql/postgresql_dialect.cpp#kPatterns:postgresql.events.listen
postgresql,POSTGRESQL_SQL_WIRE_COPY_LOGICAL_REPLICATION,postgresql.events.notify,parser_declares_noncluster_route_requiring_sblr_or_udr_expansion,IMPLEMENT_NONCLUSTER,sblr expansion lead,public_execution_plan/source-evidence/final-sblr-sbsql-sblr-expansion-closure/,project/src/parsers/compatibility/postgresql/postgresql_dialect.cpp#kPatterns:postgresql.events.notify
postgresql,POSTGRESQL_SQL_WIRE_COPY_LOGICAL_REPLICATION,postgresql.events.unlisten,parser_declares_noncluster_route_requiring_sblr_or_udr_expansion,IMPLEMENT_NONCLUSTER,sblr expansion lead,public_execution_plan/source-evidence/final-sblr-sbsql-sblr-expansion-closure/,project/src/parsers/compatibility/postgresql/postgresql_dialect.cpp#kPatterns:postgresql.events.unlisten
postgresql,POSTGRESQL_SQL_WIRE_COPY_LOGICAL_REPLICATION,postgresql.maintenance.vacuum,parser_declares_noncluster_route_requiring_sblr_or_udr_expansion,IMPLEMENT_NONCLUSTER,sblr expansion lead,public_execution_plan/source-evidence/final-sblr-sbsql-sblr-expansion-closure/,project/src/parsers/compatibility/postgresql/postgresql_dialect.cpp#kPatterns:postgresql.maintenance.vacuum
postgresql,POSTGRESQL_SQL_WIRE_COPY_LOGICAL_REPLICATION,postgresql.maintenance.analyze,parser_declares_noncluster_route_requiring_sblr_or_udr_expansion,IMPLEMENT_NONCLUSTER,sblr expansion lead,public_execution_plan/source-evidence/final-sblr-sbsql-sblr-expansion-closure/,project/src/parsers/compatibility/postgresql/postgresql_dialect.cpp#kPatterns:postgresql.maintenance.analyze
postgresql,POSTGRESQL_SQL_WIRE_COPY_LOGICAL_REPLICATION,postgresql.maintenance.reindex,parser_declares_noncluster_route_requiring_sblr_or_udr_expansion,IMPLEMENT_NONCLUSTER,sblr expansion lead,public_execution_plan/source-evidence/final-sblr-sbsql-sblr-expansion-closure/,project/src/parsers/compatibility/postgresql/postgresql_dialect.cpp#kPatterns:postgresql.maintenance.reindex
postgresql,POSTGRESQL_SQL_WIRE_COPY_LOGICAL_REPLICATION,postgresql.maintenance.refresh_materialized_view,parser_declares_noncluster_route_requiring_sblr_or_udr_expansion,IMPLEMENT_NONCLUSTER,sblr expansion lead,public_execution_plan/source-evidence/final-sblr-sbsql-sblr-expansion-closure/,project/src/parsers/compatibility/postgresql/postgresql_dialect.cpp#kPatterns:postgresql.maintenance.refresh_materialized_view
postgresql,POSTGRESQL_SQL_WIRE_COPY_LOGICAL_REPLICATION,postgresql.optimizer.explain,parser_declares_route_requiring_parser_remap_or_existing_sblr_binding_verification,PARSER_REMAP_ONLY,parser remap lead,public_execution_plan/final-sblr-sbsql-parser-remap-closure/,project/src/parsers/compatibility/postgresql/postgresql_dialect.cpp#kPatterns:postgresql.optimizer.explain
postgresql,POSTGRESQL_SQL_WIRE_COPY_LOGICAL_REPLICATION,postgresql.catalog_overlay.show,parser_declares_route_requiring_parser_remap_or_existing_sblr_binding_verification,PARSER_REMAP_ONLY,parser remap lead,public_execution_plan/final-sblr-sbsql-parser-remap-closure/,project/src/parsers/compatibility/postgresql/postgresql_dialect.cpp#kPatterns:postgresql.catalog_overlay.show
postgresql,POSTGRESQL_SQL_WIRE_COPY_LOGICAL_REPLICATION,postgresql.session.set,parser_declares_route_requiring_parser_remap_or_existing_sblr_binding_verification,PARSER_REMAP_ONLY,parser remap lead,public_execution_plan/final-sblr-sbsql-parser-remap-closure/,project/src/parsers/compatibility/postgresql/postgresql_dialect.cpp#kPatterns:postgresql.session.set
postgresql,POSTGRESQL_SQL_WIRE_COPY_LOGICAL_REPLICATION,postgresql.session.reset,parser_declares_route_requiring_parser_remap_or_existing_sblr_binding_verification,PARSER_REMAP_ONLY,parser remap lead,public_execution_plan/final-sblr-sbsql-parser-remap-closure/,project/src/parsers/compatibility/postgresql/postgresql_dialect.cpp#kPatterns:postgresql.session.reset
postgresql,POSTGRESQL_SQL_WIRE_COPY_LOGICAL_REPLICATION,postgresql.session.discard,parser_declares_route_requiring_parser_remap_or_existing_sblr_binding_verification,PARSER_REMAP_ONLY,parser remap lead,public_execution_plan/final-sblr-sbsql-parser-remap-closure/,project/src/parsers/compatibility/postgresql/postgresql_dialect.cpp#kPatterns:postgresql.session.discard
postgresql,POSTGRESQL_SQL_WIRE_COPY_LOGICAL_REPLICATION,postgresql.transaction.begin,parser_declares_route_requiring_parser_remap_or_existing_sblr_binding_verification,PARSER_REMAP_ONLY,parser remap lead,public_execution_plan/final-sblr-sbsql-parser-remap-closure/,project/src/parsers/compatibility/postgresql/postgresql_dialect.cpp#kPatterns:postgresql.transaction.begin
postgresql,POSTGRESQL_SQL_WIRE_COPY_LOGICAL_REPLICATION,postgresql.transaction.start,parser_declares_route_requiring_parser_remap_or_existing_sblr_binding_verification,PARSER_REMAP_ONLY,parser remap lead,public_execution_plan/final-sblr-sbsql-parser-remap-closure/,project/src/parsers/compatibility/postgresql/postgresql_dialect.cpp#kPatterns:postgresql.transaction.start
postgresql,POSTGRESQL_SQL_WIRE_COPY_LOGICAL_REPLICATION,postgresql.transaction.commit,parser_declares_route_requiring_parser_remap_or_existing_sblr_binding_verification,PARSER_REMAP_ONLY,parser remap lead,public_execution_plan/final-sblr-sbsql-parser-remap-closure/,project/src/parsers/compatibility/postgresql/postgresql_dialect.cpp#kPatterns:postgresql.transaction.commit
postgresql,POSTGRESQL_SQL_WIRE_COPY_LOGICAL_REPLICATION,postgresql.transaction.rollback,parser_declares_route_requiring_parser_remap_or_existing_sblr_binding_verification,PARSER_REMAP_ONLY,parser remap lead,public_execution_plan/final-sblr-sbsql-parser-remap-closure/,project/src/parsers/compatibility/postgresql/postgresql_dialect.cpp#kPatterns:postgresql.transaction.rollback
postgresql,POSTGRESQL_SQL_WIRE_COPY_LOGICAL_REPLICATION,postgresql.transaction.savepoint,parser_declares_route_requiring_parser_remap_or_existing_sblr_binding_verification,PARSER_REMAP_ONLY,parser remap lead,public_execution_plan/final-sblr-sbsql-parser-remap-closure/,project/src/parsers/compatibility/postgresql/postgresql_dialect.cpp#kPatterns:postgresql.transaction.savepoint
postgresql,POSTGRESQL_SQL_WIRE_COPY_LOGICAL_REPLICATION,postgresql.transaction.release_savepoint,parser_declares_route_requiring_parser_remap_or_existing_sblr_binding_verification,PARSER_REMAP_ONLY,parser remap lead,public_execution_plan/final-sblr-sbsql-parser-remap-closure/,project/src/parsers/compatibility/postgresql/postgresql_dialect.cpp#kPatterns:postgresql.transaction.release_savepoint
postgresql,POSTGRESQL_SQL_WIRE_COPY_LOGICAL_REPLICATION,postgresql.prepared.prepare,parser_declares_route_requiring_parser_remap_or_existing_sblr_binding_verification,PARSER_REMAP_ONLY,parser remap lead,public_execution_plan/final-sblr-sbsql-parser-remap-closure/,project/src/parsers/compatibility/postgresql/postgresql_dialect.cpp#kPatterns:postgresql.prepared.prepare
postgresql,POSTGRESQL_SQL_WIRE_COPY_LOGICAL_REPLICATION,postgresql.prepared.execute,parser_declares_route_requiring_parser_remap_or_existing_sblr_binding_verification,PARSER_REMAP_ONLY,parser remap lead,public_execution_plan/final-sblr-sbsql-parser-remap-closure/,project/src/parsers/compatibility/postgresql/postgresql_dialect.cpp#kPatterns:postgresql.prepared.execute
postgresql,POSTGRESQL_SQL_WIRE_COPY_LOGICAL_REPLICATION,postgresql.prepared.deallocate,parser_declares_route_requiring_parser_remap_or_existing_sblr_binding_verification,PARSER_REMAP_ONLY,parser remap lead,public_execution_plan/final-sblr-sbsql-parser-remap-closure/,project/src/parsers/compatibility/postgresql/postgresql_dialect.cpp#kPatterns:postgresql.prepared.deallocate
postgresql,POSTGRESQL_SQL_WIRE_COPY_LOGICAL_REPLICATION,postgresql.cursor.declare,parser_declares_route_requiring_parser_remap_or_existing_sblr_binding_verification,PARSER_REMAP_ONLY,parser remap lead,public_execution_plan/final-sblr-sbsql-parser-remap-closure/,project/src/parsers/compatibility/postgresql/postgresql_dialect.cpp#kPatterns:postgresql.cursor.declare
postgresql,POSTGRESQL_SQL_WIRE_COPY_LOGICAL_REPLICATION,postgresql.cursor.fetch,parser_declares_route_requiring_parser_remap_or_existing_sblr_binding_verification,PARSER_REMAP_ONLY,parser remap lead,public_execution_plan/final-sblr-sbsql-parser-remap-closure/,project/src/parsers/compatibility/postgresql/postgresql_dialect.cpp#kPatterns:postgresql.cursor.fetch
postgresql,POSTGRESQL_SQL_WIRE_COPY_LOGICAL_REPLICATION,postgresql.cursor.move,parser_declares_route_requiring_parser_remap_or_existing_sblr_binding_verification,PARSER_REMAP_ONLY,parser remap lead,public_execution_plan/final-sblr-sbsql-parser-remap-closure/,project/src/parsers/compatibility/postgresql/postgresql_dialect.cpp#kPatterns:postgresql.cursor.move
postgresql,POSTGRESQL_SQL_WIRE_COPY_LOGICAL_REPLICATION,postgresql.cursor.close,parser_declares_route_requiring_parser_remap_or_existing_sblr_binding_verification,PARSER_REMAP_ONLY,parser remap lead,public_execution_plan/final-sblr-sbsql-parser-remap-closure/,project/src/parsers/compatibility/postgresql/postgresql_dialect.cpp#kPatterns:postgresql.cursor.close
postgresql,POSTGRESQL_SQL_WIRE_COPY_LOGICAL_REPLICATION,postgresql.locking.lock_table,parser_declares_route_requiring_parser_remap_or_existing_sblr_binding_verification,PARSER_REMAP_ONLY,parser remap lead,public_execution_plan/final-sblr-sbsql-parser-remap-closure/,project/src/parsers/compatibility/postgresql/postgresql_dialect.cpp#kPatterns:postgresql.locking.lock_table
postgresql,POSTGRESQL_SQL_WIRE_COPY_LOGICAL_REPLICATION,postgresql.security.security_label,parser_declares_noncluster_route_requiring_sblr_or_udr_expansion,IMPLEMENT_NONCLUSTER,sblr expansion lead,public_execution_plan/source-evidence/final-sblr-sbsql-sblr-expansion-closure/,project/src/parsers/compatibility/postgresql/postgresql_dialect.cpp#kPatterns:postgresql.security.security_label
postgresql,POSTGRESQL_SQL_WIRE_COPY_LOGICAL_REPLICATION,postgresql.ddl.create,parser_declares_route_requiring_parser_remap_or_existing_sblr_binding_verification,PARSER_REMAP_ONLY,parser remap lead,public_execution_plan/final-sblr-sbsql-parser-remap-closure/,project/src/parsers/compatibility/postgresql/postgresql_dialect.cpp#kPatterns:postgresql.ddl.create
postgresql,POSTGRESQL_SQL_WIRE_COPY_LOGICAL_REPLICATION,postgresql.ddl.alter,parser_declares_route_requiring_parser_remap_or_existing_sblr_binding_verification,PARSER_REMAP_ONLY,parser remap lead,public_execution_plan/final-sblr-sbsql-parser-remap-closure/,project/src/parsers/compatibility/postgresql/postgresql_dialect.cpp#kPatterns:postgresql.ddl.alter
postgresql,POSTGRESQL_SQL_WIRE_COPY_LOGICAL_REPLICATION,postgresql.ddl.drop,parser_declares_route_requiring_parser_remap_or_existing_sblr_binding_verification,PARSER_REMAP_ONLY,parser remap lead,public_execution_plan/final-sblr-sbsql-parser-remap-closure/,project/src/parsers/compatibility/postgresql/postgresql_dialect.cpp#kPatterns:postgresql.ddl.drop
postgresql,POSTGRESQL_SQL_WIRE_COPY_LOGICAL_REPLICATION,postgresql.ddl.comment,parser_declares_route_requiring_parser_remap_or_existing_sblr_binding_verification,PARSER_REMAP_ONLY,parser remap lead,public_execution_plan/final-sblr-sbsql-parser-remap-closure/,project/src/parsers/compatibility/postgresql/postgresql_dialect.cpp#kPatterns:postgresql.ddl.comment
postgresql,POSTGRESQL_SQL_WIRE_COPY_LOGICAL_REPLICATION,postgresql.ddl.truncate,parser_declares_route_requiring_parser_remap_or_existing_sblr_binding_verification,PARSER_REMAP_ONLY,parser remap lead,public_execution_plan/final-sblr-sbsql-parser-remap-closure/,project/src/parsers/compatibility/postgresql/postgresql_dialect.cpp#kPatterns:postgresql.ddl.truncate
postgresql,POSTGRESQL_SQL_WIRE_COPY_LOGICAL_REPLICATION,postgresql.dml.merge,parser_declares_route_requiring_parser_remap_or_existing_sblr_binding_verification,PARSER_REMAP_ONLY,parser remap lead,public_execution_plan/final-sblr-sbsql-parser-remap-closure/,project/src/parsers/compatibility/postgresql/postgresql_dialect.cpp#kPatterns:postgresql.dml.merge
postgresql,POSTGRESQL_SQL_WIRE_COPY_LOGICAL_REPLICATION,postgresql.dml.insert,parser_declares_route_requiring_parser_remap_or_existing_sblr_binding_verification,PARSER_REMAP_ONLY,parser remap lead,public_execution_plan/final-sblr-sbsql-parser-remap-closure/,project/src/parsers/compatibility/postgresql/postgresql_dialect.cpp#kPatterns:postgresql.dml.insert
postgresql,POSTGRESQL_SQL_WIRE_COPY_LOGICAL_REPLICATION,postgresql.dml.update,parser_declares_route_requiring_parser_remap_or_existing_sblr_binding_verification,PARSER_REMAP_ONLY,parser remap lead,public_execution_plan/final-sblr-sbsql-parser-remap-closure/,project/src/parsers/compatibility/postgresql/postgresql_dialect.cpp#kPatterns:postgresql.dml.update
postgresql,POSTGRESQL_SQL_WIRE_COPY_LOGICAL_REPLICATION,postgresql.dml.delete,parser_declares_route_requiring_parser_remap_or_existing_sblr_binding_verification,PARSER_REMAP_ONLY,parser remap lead,public_execution_plan/final-sblr-sbsql-parser-remap-closure/,project/src/parsers/compatibility/postgresql/postgresql_dialect.cpp#kPatterns:postgresql.dml.delete
postgresql,POSTGRESQL_SQL_WIRE_COPY_LOGICAL_REPLICATION,postgresql.query.select,parser_declares_route_requiring_parser_remap_or_existing_sblr_binding_verification,PARSER_REMAP_ONLY,parser remap lead,public_execution_plan/final-sblr-sbsql-parser-remap-closure/,project/src/parsers/compatibility/postgresql/postgresql_dialect.cpp#kPatterns:postgresql.query.select
postgresql,POSTGRESQL_SQL_WIRE_COPY_LOGICAL_REPLICATION,postgresql.query.with,parser_declares_route_requiring_parser_remap_or_existing_sblr_binding_verification,PARSER_REMAP_ONLY,parser remap lead,public_execution_plan/final-sblr-sbsql-parser-remap-closure/,project/src/parsers/compatibility/postgresql/postgresql_dialect.cpp#kPatterns:postgresql.query.with
postgresql,POSTGRESQL_SQL_WIRE_COPY_LOGICAL_REPLICATION,datatype_surface:range_multirange,parser_declares_noncluster_route_requiring_sblr_or_udr_expansion,IMPLEMENT_NONCLUSTER,sblr expansion lead,public_execution_plan/source-evidence/final-sblr-sbsql-sblr-expansion-closure/,project/src/parsers/compatibility/postgresql/postgresql_dialect.cpp#kDatatypeSurfaces:range_multirange
postgresql,POSTGRESQL_SQL_WIRE_COPY_LOGICAL_REPLICATION,datatype_surface:geometric,parser_declares_noncluster_route_requiring_sblr_or_udr_expansion,IMPLEMENT_NONCLUSTER,sblr expansion lead,public_execution_plan/source-evidence/final-sblr-sbsql-sblr-expansion-closure/,project/src/parsers/compatibility/postgresql/postgresql_dialect.cpp#kDatatypeSurfaces:geometric
postgresql,POSTGRESQL_SQL_WIRE_COPY_LOGICAL_REPLICATION,datatype_surface:domain_enum_composite,parser_declares_route_requiring_parser_remap_or_existing_sblr_binding_verification,PARSER_REMAP_ONLY,parser remap lead,public_execution_plan/final-sblr-sbsql-parser-remap-closure/,project/src/parsers/compatibility/postgresql/postgresql_dialect.cpp#kDatatypeSurfaces:domain_enum_composite
postgresql,POSTGRESQL_SQL_WIRE_COPY_LOGICAL_REPLICATION,builtin_function_surface:aggregate,parser_declares_route_requiring_parser_remap_or_existing_sblr_binding_verification,PARSER_REMAP_ONLY,parser remap lead,public_execution_plan/final-sblr-sbsql-parser-remap-closure/,project/src/parsers/compatibility/postgresql/postgresql_dialect.cpp#kBuiltinSurfaces:aggregate
postgresql,POSTGRESQL_SQL_WIRE_COPY_LOGICAL_REPLICATION,builtin_function_surface:window,parser_declares_route_requiring_parser_remap_or_existing_sblr_binding_verification,PARSER_REMAP_ONLY,parser remap lead,public_execution_plan/final-sblr-sbsql-parser-remap-closure/,project/src/parsers/compatibility/postgresql/postgresql_dialect.cpp#kBuiltinSurfaces:window
postgresql,POSTGRESQL_SQL_WIRE_COPY_LOGICAL_REPLICATION,builtin_function_surface:string,parser_declares_route_requiring_parser_remap_or_existing_sblr_binding_verification,PARSER_REMAP_ONLY,parser remap lead,public_execution_plan/final-sblr-sbsql-parser-remap-closure/,project/src/parsers/compatibility/postgresql/postgresql_dialect.cpp#kBuiltinSurfaces:string
postgresql,POSTGRESQL_SQL_WIRE_COPY_LOGICAL_REPLICATION,builtin_function_surface:numeric,parser_declares_route_requiring_parser_remap_or_existing_sblr_binding_verification,PARSER_REMAP_ONLY,parser remap lead,public_execution_plan/final-sblr-sbsql-parser-remap-closure/,project/src/parsers/compatibility/postgresql/postgresql_dialect.cpp#kBuiltinSurfaces:numeric
postgresql,POSTGRESQL_SQL_WIRE_COPY_LOGICAL_REPLICATION,builtin_function_surface:temporal,parser_declares_route_requiring_parser_remap_or_existing_sblr_binding_verification,PARSER_REMAP_ONLY,parser remap lead,public_execution_plan/final-sblr-sbsql-parser-remap-closure/,project/src/parsers/compatibility/postgresql/postgresql_dialect.cpp#kBuiltinSurfaces:temporal
postgresql,POSTGRESQL_SQL_WIRE_COPY_LOGICAL_REPLICATION,builtin_function_surface:json,parser_declares_noncluster_route_requiring_sblr_or_udr_expansion,IMPLEMENT_NONCLUSTER,sblr expansion lead,public_execution_plan/source-evidence/final-sblr-sbsql-sblr-expansion-closure/,project/src/parsers/compatibility/postgresql/postgresql_dialect.cpp#kBuiltinSurfaces:json
postgresql,POSTGRESQL_SQL_WIRE_COPY_LOGICAL_REPLICATION,builtin_function_surface:array,parser_declares_noncluster_route_requiring_sblr_or_udr_expansion,IMPLEMENT_NONCLUSTER,sblr expansion lead,public_execution_plan/source-evidence/final-sblr-sbsql-sblr-expansion-closure/,project/src/parsers/compatibility/postgresql/postgresql_dialect.cpp#kBuiltinSurfaces:array
postgresql,POSTGRESQL_SQL_WIRE_COPY_LOGICAL_REPLICATION,builtin_function_surface:uuid,parser_declares_noncluster_route_requiring_sblr_or_udr_expansion,IMPLEMENT_NONCLUSTER,sblr expansion lead,public_execution_plan/source-evidence/final-sblr-sbsql-sblr-expansion-closure/,project/src/parsers/compatibility/postgresql/postgresql_dialect.cpp#kBuiltinSurfaces:uuid
postgresql,POSTGRESQL_SQL_WIRE_COPY_LOGICAL_REPLICATION,builtin_function_surface:large_object,parser_declares_noncluster_route_requiring_sblr_or_udr_expansion,IMPLEMENT_NONCLUSTER,sblr expansion lead,public_execution_plan/source-evidence/final-sblr-sbsql-sblr-expansion-closure/,project/src/parsers/compatibility/postgresql/postgresql_dialect.cpp#kBuiltinSurfaces:large_object
postgresql,POSTGRESQL_SQL_WIRE_COPY_LOGICAL_REPLICATION,builtin_function_surface:security,parser_declares_route_requiring_parser_remap_or_existing_sblr_binding_verification,PARSER_REMAP_ONLY,parser remap lead,public_execution_plan/final-sblr-sbsql-parser-remap-closure/,project/src/parsers/compatibility/postgresql/postgresql_dialect.cpp#kBuiltinSurfaces:security
postgresql,POSTGRESQL_SQL_WIRE_COPY_LOGICAL_REPLICATION,builtin_function_surface:catalog,parser_declares_route_requiring_parser_remap_or_existing_sblr_binding_verification,PARSER_REMAP_ONLY,parser remap lead,public_execution_plan/final-sblr-sbsql-parser-remap-closure/,project/src/parsers/compatibility/postgresql/postgresql_dialect.cpp#kBuiltinSurfaces:catalog
postgresql,POSTGRESQL_SQL_WIRE_COPY_LOGICAL_REPLICATION,catalog_overlay_surface:pg_catalog,parser_declares_route_requiring_parser_remap_or_existing_sblr_binding_verification,PARSER_REMAP_ONLY,parser remap lead,public_execution_plan/final-sblr-sbsql-parser-remap-closure/,project/src/parsers/compatibility/postgresql/postgresql_dialect.cpp#kCatalogSurfaces:pg_catalog
postgresql,POSTGRESQL_SQL_WIRE_COPY_LOGICAL_REPLICATION,catalog_overlay_surface:information_schema,parser_declares_route_requiring_parser_remap_or_existing_sblr_binding_verification,PARSER_REMAP_ONLY,parser remap lead,public_execution_plan/final-sblr-sbsql-parser-remap-closure/,project/src/parsers/compatibility/postgresql/postgresql_dialect.cpp#kCatalogSurfaces:information_schema
postgresql,POSTGRESQL_SQL_WIRE_COPY_LOGICAL_REPLICATION,catalog_overlay_surface:statistics,parser_declares_route_requiring_parser_remap_or_existing_sblr_binding_verification,PARSER_REMAP_ONLY,parser remap lead,public_execution_plan/final-sblr-sbsql-parser-remap-closure/,project/src/parsers/compatibility/postgresql/postgresql_dialect.cpp#kCatalogSurfaces:statistics
postgresql,POSTGRESQL_SQL_WIRE_COPY_LOGICAL_REPLICATION,catalog_overlay_surface:roles_security,parser_declares_route_requiring_parser_remap_or_existing_sblr_binding_verification,PARSER_REMAP_ONLY,parser remap lead,public_execution_plan/final-sblr-sbsql-parser-remap-closure/,project/src/parsers/compatibility/postgresql/postgresql_dialect.cpp#kCatalogSurfaces:roles_security
postgresql,POSTGRESQL_SQL_WIRE_COPY_LOGICAL_REPLICATION,catalog_overlay_surface:namespace_relation,parser_declares_route_requiring_parser_remap_or_existing_sblr_binding_verification,PARSER_REMAP_ONLY,parser remap lead,public_execution_plan/final-sblr-sbsql-parser-remap-closure/,project/src/parsers/compatibility/postgresql/postgresql_dialect.cpp#kCatalogSurfaces:namespace_relation
postgresql,POSTGRESQL_SQL_WIRE_COPY_LOGICAL_REPLICATION,catalog_overlay_surface:proc_language,parser_declares_route_requiring_parser_remap_or_existing_sblr_binding_verification,PARSER_REMAP_ONLY,parser remap lead,public_execution_plan/final-sblr-sbsql-parser-remap-closure/,project/src/parsers/compatibility/postgresql/postgresql_dialect.cpp#kCatalogSurfaces:proc_language
postgresql,POSTGRESQL_SQL_WIRE_COPY_LOGICAL_REPLICATION,catalog_overlay_surface:extension,parser_declares_route_requiring_parser_remap_or_existing_sblr_binding_verification,PARSER_REMAP_ONLY,parser remap lead,public_execution_plan/final-sblr-sbsql-parser-remap-closure/,project/src/parsers/compatibility/postgresql/postgresql_dialect.cpp#kCatalogSurfaces:extension
postgresql,POSTGRESQL_SQL_WIRE_COPY_LOGICAL_REPLICATION,catalog_overlay_surface:fdw,parser_declares_route_requiring_parser_remap_or_existing_sblr_binding_verification,PARSER_REMAP_ONLY,parser remap lead,public_execution_plan/final-sblr-sbsql-parser-remap-closure/,project/src/parsers/compatibility/postgresql/postgresql_dialect.cpp#kCatalogSurfaces:fdw
postgresql,POSTGRESQL_SQL_WIRE_COPY_LOGICAL_REPLICATION,diagnostic_surface:parse,parser_declares_route_requiring_parser_remap_or_existing_sblr_binding_verification,PARSER_REMAP_ONLY,parser remap lead,public_execution_plan/final-sblr-sbsql-parser-remap-closure/,project/src/parsers/compatibility/postgresql/postgresql_dialect.cpp#kDiagnosticSurfaces:parse
postgresql,POSTGRESQL_SQL_WIRE_COPY_LOGICAL_REPLICATION,diagnostic_surface:copy,parser_declares_noncluster_route_requiring_sblr_or_udr_expansion,IMPLEMENT_NONCLUSTER,sblr expansion lead,public_execution_plan/source-evidence/final-sblr-sbsql-sblr-expansion-closure/,project/src/parsers/compatibility/postgresql/postgresql_dialect.cpp#kDiagnosticSurfaces:copy
postgresql,POSTGRESQL_SQL_WIRE_COPY_LOGICAL_REPLICATION,diagnostic_surface:extension,parser_declares_noncluster_route_requiring_sblr_or_udr_expansion,IMPLEMENT_NONCLUSTER,sblr expansion lead,public_execution_plan/source-evidence/final-sblr-sbsql-sblr-expansion-closure/,project/src/parsers/compatibility/postgresql/postgresql_dialect.cpp#kDiagnosticSurfaces:extension
postgresql,POSTGRESQL_SQL_WIRE_COPY_LOGICAL_REPLICATION,diagnostic_surface:maintenance,parser_declares_noncluster_route_requiring_sblr_or_udr_expansion,IMPLEMENT_NONCLUSTER,sblr expansion lead,public_execution_plan/source-evidence/final-sblr-sbsql-sblr-expansion-closure/,project/src/parsers/compatibility/postgresql/postgresql_dialect.cpp#kDiagnosticSurfaces:maintenance
postgresql,POSTGRESQL_SQL_WIRE_COPY_LOGICAL_REPLICATION,diagnostic_surface:security,parser_declares_noncluster_route_requiring_sblr_or_udr_expansion,IMPLEMENT_NONCLUSTER,sblr expansion lead,public_execution_plan/source-evidence/final-sblr-sbsql-sblr-expansion-closure/,project/src/parsers/compatibility/postgresql/postgresql_dialect.cpp#kDiagnosticSurfaces:security
redis,RESP_COMMAND_API,redis.persistence.save,parser_declares_noncluster_route_requiring_sblr_or_udr_expansion,IMPLEMENT_NONCLUSTER,sblr expansion lead,public_execution_plan/source-evidence/final-sblr-sbsql-sblr-expansion-closure/,project/src/parsers/compatibility/redis/redis_dialect.cpp#kPatterns:redis.persistence.save
redis,RESP_COMMAND_API,redis.persistence.bgsave,parser_declares_noncluster_route_requiring_sblr_or_udr_expansion,IMPLEMENT_NONCLUSTER,sblr expansion lead,public_execution_plan/source-evidence/final-sblr-sbsql-sblr-expansion-closure/,project/src/parsers/compatibility/redis/redis_dialect.cpp#kPatterns:redis.persistence.bgsave
redis,RESP_COMMAND_API,redis.persistence.bgrewriteaof,parser_declares_noncluster_route_requiring_sblr_or_udr_expansion,IMPLEMENT_NONCLUSTER,sblr expansion lead,public_execution_plan/source-evidence/final-sblr-sbsql-sblr-expansion-closure/,project/src/parsers/compatibility/redis/redis_dialect.cpp#kPatterns:redis.persistence.bgrewriteaof
redis,RESP_COMMAND_API,redis.admin.config,parser_declares_noncluster_route_requiring_sblr_or_udr_expansion,IMPLEMENT_NONCLUSTER,sblr expansion lead,public_execution_plan/source-evidence/final-sblr-sbsql-sblr-expansion-closure/,project/src/parsers/compatibility/redis/redis_dialect.cpp#kPatterns:redis.admin.config
redis,RESP_COMMAND_API,redis.module.command,parser_declares_noncluster_route_requiring_sblr_or_udr_expansion,IMPLEMENT_NONCLUSTER,sblr expansion lead,public_execution_plan/source-evidence/final-sblr-sbsql-sblr-expansion-closure/,project/src/parsers/compatibility/redis/redis_dialect.cpp#kPatterns:redis.module.command
redis,RESP_COMMAND_API,redis.admin.flushall,parser_declares_noncluster_route_requiring_sblr_or_udr_expansion,IMPLEMENT_NONCLUSTER,sblr expansion lead,public_execution_plan/source-evidence/final-sblr-sbsql-sblr-expansion-closure/,project/src/parsers/compatibility/redis/redis_dialect.cpp#kPatterns:redis.admin.flushall
redis,RESP_COMMAND_API,redis.admin.flushdb,parser_declares_noncluster_route_requiring_sblr_or_udr_expansion,IMPLEMENT_NONCLUSTER,sblr expansion lead,public_execution_plan/source-evidence/final-sblr-sbsql-sblr-expansion-closure/,project/src/parsers/compatibility/redis/redis_dialect.cpp#kPatterns:redis.admin.flushdb
redis,RESP_COMMAND_API,redis.network.migrate,parser_declares_noncluster_route_requiring_sblr_or_udr_expansion,IMPLEMENT_NONCLUSTER,sblr expansion lead,public_execution_plan/source-evidence/final-sblr-sbsql-sblr-expansion-closure/,project/src/parsers/compatibility/redis/redis_dialect.cpp#kPatterns:redis.network.migrate
redis,RESP_COMMAND_API,redis.script.evalsha,parser_declares_noncluster_route_requiring_sblr_or_udr_expansion,IMPLEMENT_NONCLUSTER,sblr expansion lead,public_execution_plan/source-evidence/final-sblr-sbsql-sblr-expansion-closure/,project/src/parsers/compatibility/redis/redis_dialect.cpp#kPatterns:redis.script.evalsha
redis,RESP_COMMAND_API,redis.script.eval,parser_declares_noncluster_route_requiring_sblr_or_udr_expansion,IMPLEMENT_NONCLUSTER,sblr expansion lead,public_execution_plan/source-evidence/final-sblr-sbsql-sblr-expansion-closure/,project/src/parsers/compatibility/redis/redis_dialect.cpp#kPatterns:redis.script.eval
redis,RESP_COMMAND_API,redis.function.command,parser_declares_noncluster_route_requiring_sblr_or_udr_expansion,IMPLEMENT_NONCLUSTER,sblr expansion lead,public_execution_plan/source-evidence/final-sblr-sbsql-sblr-expansion-closure/,project/src/parsers/compatibility/redis/redis_dialect.cpp#kPatterns:redis.function.command
redis,RESP_COMMAND_API,redis.security.acl,parser_declares_noncluster_route_requiring_sblr_or_udr_expansion,IMPLEMENT_NONCLUSTER,sblr expansion lead,public_execution_plan/source-evidence/final-sblr-sbsql-sblr-expansion-closure/,project/src/parsers/compatibility/redis/redis_dialect.cpp#kPatterns:redis.security.acl
redis,RESP_COMMAND_API,redis.stream.xadd,parser_declares_route_requiring_parser_remap_or_existing_sblr_binding_verification,PARSER_REMAP_ONLY,parser remap lead,public_execution_plan/final-sblr-sbsql-parser-remap-closure/,project/src/parsers/compatibility/redis/redis_dialect.cpp#kPatterns:redis.stream.xadd
redis,RESP_COMMAND_API,redis.stream.xread,parser_declares_route_requiring_parser_remap_or_existing_sblr_binding_verification,PARSER_REMAP_ONLY,parser remap lead,public_execution_plan/final-sblr-sbsql-parser-remap-closure/,project/src/parsers/compatibility/redis/redis_dialect.cpp#kPatterns:redis.stream.xread
redis,RESP_COMMAND_API,redis.stream.xgroup,parser_declares_noncluster_route_requiring_sblr_or_udr_expansion,IMPLEMENT_NONCLUSTER,sblr expansion lead,public_execution_plan/source-evidence/final-sblr-sbsql-sblr-expansion-closure/,project/src/parsers/compatibility/redis/redis_dialect.cpp#kPatterns:redis.stream.xgroup
redis,RESP_COMMAND_API,redis.kv.set,parser_declares_route_requiring_parser_remap_or_existing_sblr_binding_verification,PARSER_REMAP_ONLY,parser remap lead,public_execution_plan/final-sblr-sbsql-parser-remap-closure/,project/src/parsers/compatibility/redis/redis_dialect.cpp#kPatterns:redis.kv.set
redis,RESP_COMMAND_API,redis.kv.get,parser_declares_route_requiring_parser_remap_or_existing_sblr_binding_verification,PARSER_REMAP_ONLY,parser remap lead,public_execution_plan/final-sblr-sbsql-parser-remap-closure/,project/src/parsers/compatibility/redis/redis_dialect.cpp#kPatterns:redis.kv.get
redis,RESP_COMMAND_API,redis.kv.del,parser_declares_route_requiring_parser_remap_or_existing_sblr_binding_verification,PARSER_REMAP_ONLY,parser remap lead,public_execution_plan/final-sblr-sbsql-parser-remap-closure/,project/src/parsers/compatibility/redis/redis_dialect.cpp#kPatterns:redis.kv.del
redis,RESP_COMMAND_API,redis.hash.hset,parser_declares_route_requiring_parser_remap_or_existing_sblr_binding_verification,PARSER_REMAP_ONLY,parser remap lead,public_execution_plan/final-sblr-sbsql-parser-remap-closure/,project/src/parsers/compatibility/redis/redis_dialect.cpp#kPatterns:redis.hash.hset
redis,RESP_COMMAND_API,redis.hash.hget,parser_declares_route_requiring_parser_remap_or_existing_sblr_binding_verification,PARSER_REMAP_ONLY,parser remap lead,public_execution_plan/final-sblr-sbsql-parser-remap-closure/,project/src/parsers/compatibility/redis/redis_dialect.cpp#kPatterns:redis.hash.hget
redis,RESP_COMMAND_API,redis.list.lpush,parser_declares_route_requiring_parser_remap_or_existing_sblr_binding_verification,PARSER_REMAP_ONLY,parser remap lead,public_execution_plan/final-sblr-sbsql-parser-remap-closure/,project/src/parsers/compatibility/redis/redis_dialect.cpp#kPatterns:redis.list.lpush
redis,RESP_COMMAND_API,redis.set.sadd,parser_declares_route_requiring_parser_remap_or_existing_sblr_binding_verification,PARSER_REMAP_ONLY,parser remap lead,public_execution_plan/final-sblr-sbsql-parser-remap-closure/,project/src/parsers/compatibility/redis/redis_dialect.cpp#kPatterns:redis.set.sadd
redis,RESP_COMMAND_API,redis.zset.zadd,parser_declares_route_requiring_parser_remap_or_existing_sblr_binding_verification,PARSER_REMAP_ONLY,parser remap lead,public_execution_plan/final-sblr-sbsql-parser-remap-closure/,project/src/parsers/compatibility/redis/redis_dialect.cpp#kPatterns:redis.zset.zadd
redis,RESP_COMMAND_API,redis.counter.incr,parser_declares_route_requiring_parser_remap_or_existing_sblr_binding_verification,PARSER_REMAP_ONLY,parser remap lead,public_execution_plan/final-sblr-sbsql-parser-remap-closure/,project/src/parsers/compatibility/redis/redis_dialect.cpp#kPatterns:redis.counter.incr
redis,RESP_COMMAND_API,redis.ttl.expire,parser_declares_route_requiring_parser_remap_or_existing_sblr_binding_verification,PARSER_REMAP_ONLY,parser remap lead,public_execution_plan/final-sblr-sbsql-parser-remap-closure/,project/src/parsers/compatibility/redis/redis_dialect.cpp#kPatterns:redis.ttl.expire
redis,RESP_COMMAND_API,redis.session.select_db,parser_declares_route_requiring_parser_remap_or_existing_sblr_binding_verification,PARSER_REMAP_ONLY,parser remap lead,public_execution_plan/final-sblr-sbsql-parser-remap-closure/,project/src/parsers/compatibility/redis/redis_dialect.cpp#kPatterns:redis.session.select_db
redis,RESP_COMMAND_API,redis.transaction.multi,parser_declares_route_requiring_parser_remap_or_existing_sblr_binding_verification,PARSER_REMAP_ONLY,parser remap lead,public_execution_plan/final-sblr-sbsql-parser-remap-closure/,project/src/parsers/compatibility/redis/redis_dialect.cpp#kPatterns:redis.transaction.multi
redis,RESP_COMMAND_API,redis.transaction.exec,parser_declares_route_requiring_parser_remap_or_existing_sblr_binding_verification,PARSER_REMAP_ONLY,parser remap lead,public_execution_plan/final-sblr-sbsql-parser-remap-closure/,project/src/parsers/compatibility/redis/redis_dialect.cpp#kPatterns:redis.transaction.exec
redis,RESP_COMMAND_API,redis.transaction.discard,parser_declares_route_requiring_parser_remap_or_existing_sblr_binding_verification,PARSER_REMAP_ONLY,parser remap lead,public_execution_plan/final-sblr-sbsql-parser-remap-closure/,project/src/parsers/compatibility/redis/redis_dialect.cpp#kPatterns:redis.transaction.discard
redis,RESP_COMMAND_API,datatype_surface:hyperloglog,parser_declares_noncluster_route_requiring_sblr_or_udr_expansion,IMPLEMENT_NONCLUSTER,sblr expansion lead,public_execution_plan/source-evidence/final-sblr-sbsql-sblr-expansion-closure/,project/src/parsers/compatibility/redis/redis_dialect.cpp#kDatatypeSurfaces:hyperloglog
redis,RESP_COMMAND_API,datatype_surface:geospatial,parser_declares_noncluster_route_requiring_sblr_or_udr_expansion,IMPLEMENT_NONCLUSTER,sblr expansion lead,public_execution_plan/source-evidence/final-sblr-sbsql-sblr-expansion-closure/,project/src/parsers/compatibility/redis/redis_dialect.cpp#kDatatypeSurfaces:geospatial
redis,RESP_COMMAND_API,datatype_surface:vector_set,parser_declares_noncluster_route_requiring_sblr_or_udr_expansion,IMPLEMENT_NONCLUSTER,sblr expansion lead,public_execution_plan/source-evidence/final-sblr-sbsql-sblr-expansion-closure/,project/src/parsers/compatibility/redis/redis_dialect.cpp#kDatatypeSurfaces:vector_set
redis,RESP_COMMAND_API,builtin_function_surface:kv,parser_declares_route_requiring_parser_remap_or_existing_sblr_binding_verification,PARSER_REMAP_ONLY,parser remap lead,public_execution_plan/final-sblr-sbsql-parser-remap-closure/,project/src/parsers/compatibility/redis/redis_dialect.cpp#kBuiltinSurfaces:kv
redis,RESP_COMMAND_API,builtin_function_surface:hash,parser_declares_route_requiring_parser_remap_or_existing_sblr_binding_verification,PARSER_REMAP_ONLY,parser remap lead,public_execution_plan/final-sblr-sbsql-parser-remap-closure/,project/src/parsers/compatibility/redis/redis_dialect.cpp#kBuiltinSurfaces:hash
redis,RESP_COMMAND_API,builtin_function_surface:list,parser_declares_route_requiring_parser_remap_or_existing_sblr_binding_verification,PARSER_REMAP_ONLY,parser remap lead,public_execution_plan/final-sblr-sbsql-parser-remap-closure/,project/src/parsers/compatibility/redis/redis_dialect.cpp#kBuiltinSurfaces:list
redis,RESP_COMMAND_API,builtin_function_surface:set,parser_declares_route_requiring_parser_remap_or_existing_sblr_binding_verification,PARSER_REMAP_ONLY,parser remap lead,public_execution_plan/final-sblr-sbsql-parser-remap-closure/,project/src/parsers/compatibility/redis/redis_dialect.cpp#kBuiltinSurfaces:set
redis,RESP_COMMAND_API,builtin_function_surface:zset,parser_declares_route_requiring_parser_remap_or_existing_sblr_binding_verification,PARSER_REMAP_ONLY,parser remap lead,public_execution_plan/final-sblr-sbsql-parser-remap-closure/,project/src/parsers/compatibility/redis/redis_dialect.cpp#kBuiltinSurfaces:zset
redis,RESP_COMMAND_API,builtin_function_surface:stream,parser_declares_route_requiring_parser_remap_or_existing_sblr_binding_verification,PARSER_REMAP_ONLY,parser remap lead,public_execution_plan/final-sblr-sbsql-parser-remap-closure/,project/src/parsers/compatibility/redis/redis_dialect.cpp#kBuiltinSurfaces:stream
redis,RESP_COMMAND_API,builtin_function_surface:transaction,parser_declares_route_requiring_parser_remap_or_existing_sblr_binding_verification,PARSER_REMAP_ONLY,parser remap lead,public_execution_plan/final-sblr-sbsql-parser-remap-closure/,project/src/parsers/compatibility/redis/redis_dialect.cpp#kBuiltinSurfaces:transaction
redis,RESP_COMMAND_API,builtin_function_surface:scripting,parser_declares_noncluster_route_requiring_sblr_or_udr_expansion,IMPLEMENT_NONCLUSTER,sblr expansion lead,public_execution_plan/source-evidence/final-sblr-sbsql-sblr-expansion-closure/,project/src/parsers/compatibility/redis/redis_dialect.cpp#kBuiltinSurfaces:scripting
redis,RESP_COMMAND_API,builtin_function_surface:security,parser_declares_noncluster_route_requiring_sblr_or_udr_expansion,IMPLEMENT_NONCLUSTER,sblr expansion lead,public_execution_plan/source-evidence/final-sblr-sbsql-sblr-expansion-closure/,project/src/parsers/compatibility/redis/redis_dialect.cpp#kBuiltinSurfaces:security
redis,RESP_COMMAND_API,builtin_function_surface:admin,parser_declares_noncluster_route_requiring_sblr_or_udr_expansion,IMPLEMENT_NONCLUSTER,sblr expansion lead,public_execution_plan/source-evidence/final-sblr-sbsql-sblr-expansion-closure/,project/src/parsers/compatibility/redis/redis_dialect.cpp#kBuiltinSurfaces:admin
redis,RESP_COMMAND_API,catalog_overlay_surface:command_catalog,parser_declares_route_requiring_parser_remap_or_existing_sblr_binding_verification,PARSER_REMAP_ONLY,parser remap lead,public_execution_plan/final-sblr-sbsql-parser-remap-closure/,project/src/parsers/compatibility/redis/redis_dialect.cpp#kCatalogSurfaces:command_catalog
redis,RESP_COMMAND_API,catalog_overlay_surface:keyspace,parser_declares_route_requiring_parser_remap_or_existing_sblr_binding_verification,PARSER_REMAP_ONLY,parser remap lead,public_execution_plan/final-sblr-sbsql-parser-remap-closure/,project/src/parsers/compatibility/redis/redis_dialect.cpp#kCatalogSurfaces:keyspace
redis,RESP_COMMAND_API,catalog_overlay_surface:server_info,parser_declares_route_requiring_parser_remap_or_existing_sblr_binding_verification,PARSER_REMAP_ONLY,parser remap lead,public_execution_plan/final-sblr-sbsql-parser-remap-closure/,project/src/parsers/compatibility/redis/redis_dialect.cpp#kCatalogSurfaces:server_info
redis,RESP_COMMAND_API,catalog_overlay_surface:acl,parser_declares_route_requiring_parser_remap_or_existing_sblr_binding_verification,PARSER_REMAP_ONLY,parser remap lead,public_execution_plan/final-sblr-sbsql-parser-remap-closure/,project/src/parsers/compatibility/redis/redis_dialect.cpp#kCatalogSurfaces:acl
redis,RESP_COMMAND_API,catalog_overlay_surface:streams,parser_declares_route_requiring_parser_remap_or_existing_sblr_binding_verification,PARSER_REMAP_ONLY,parser remap lead,public_execution_plan/final-sblr-sbsql-parser-remap-closure/,project/src/parsers/compatibility/redis/redis_dialect.cpp#kCatalogSurfaces:streams
redis,RESP_COMMAND_API,catalog_overlay_surface:modules,parser_declares_noncluster_route_requiring_sblr_or_udr_expansion,IMPLEMENT_NONCLUSTER,sblr expansion lead,public_execution_plan/source-evidence/final-sblr-sbsql-sblr-expansion-closure/,project/src/parsers/compatibility/redis/redis_dialect.cpp#kCatalogSurfaces:modules
redis,RESP_COMMAND_API,catalog_overlay_surface:memory,parser_declares_route_requiring_parser_remap_or_existing_sblr_binding_verification,PARSER_REMAP_ONLY,parser remap lead,public_execution_plan/final-sblr-sbsql-parser-remap-closure/,project/src/parsers/compatibility/redis/redis_dialect.cpp#kCatalogSurfaces:memory
redis,RESP_COMMAND_API,catalog_overlay_surface:latency,parser_declares_route_requiring_parser_remap_or_existing_sblr_binding_verification,PARSER_REMAP_ONLY,parser remap lead,public_execution_plan/final-sblr-sbsql-parser-remap-closure/,project/src/parsers/compatibility/redis/redis_dialect.cpp#kCatalogSurfaces:latency
redis,RESP_COMMAND_API,diagnostic_surface:parse,parser_declares_route_requiring_parser_remap_or_existing_sblr_binding_verification,PARSER_REMAP_ONLY,parser remap lead,public_execution_plan/final-sblr-sbsql-parser-remap-closure/,project/src/parsers/compatibility/redis/redis_dialect.cpp#kDiagnosticSurfaces:parse
redis,RESP_COMMAND_API,diagnostic_surface:udr,parser_declares_noncluster_route_requiring_sblr_or_udr_expansion,IMPLEMENT_NONCLUSTER,sblr expansion lead,public_execution_plan/source-evidence/final-sblr-sbsql-sblr-expansion-closure/,project/src/parsers/compatibility/redis/redis_dialect.cpp#kDiagnosticSurfaces:udr
redis,RESP_COMMAND_API,diagnostic_surface:catalog,parser_declares_route_requiring_parser_remap_or_existing_sblr_binding_verification,PARSER_REMAP_ONLY,parser remap lead,public_execution_plan/final-sblr-sbsql-parser-remap-closure/,project/src/parsers/compatibility/redis/redis_dialect.cpp#kDiagnosticSurfaces:catalog
redis,RESP_COMMAND_API,diagnostic_surface:session,parser_declares_route_requiring_parser_remap_or_existing_sblr_binding_verification,PARSER_REMAP_ONLY,parser remap lead,public_execution_plan/final-sblr-sbsql-parser-remap-closure/,project/src/parsers/compatibility/redis/redis_dialect.cpp#kDiagnosticSurfaces:session
redis,RESP_COMMAND_API,diagnostic_surface:transaction,parser_declares_route_requiring_parser_remap_or_existing_sblr_binding_verification,PARSER_REMAP_ONLY,parser remap lead,public_execution_plan/final-sblr-sbsql-parser-remap-closure/,project/src/parsers/compatibility/redis/redis_dialect.cpp#kDiagnosticSurfaces:transaction
sqlite,SQL_PRAGMA_EMBEDDED_API,pragma,parser_declares_noncluster_route_requiring_sblr_or_udr_expansion,IMPLEMENT_NONCLUSTER,sblr expansion lead,public_execution_plan/source-evidence/final-sblr-sbsql-sblr-expansion-closure/,project/src/parsers/compatibility/sqlite/sqlite_dialect.cpp#kPatterns:pragma
sqlite,SQL_PRAGMA_EMBEDDED_API,sqlite.pragma.wal_control,parser_declares_noncluster_route_requiring_sblr_or_udr_expansion,IMPLEMENT_NONCLUSTER,sblr expansion lead,public_execution_plan/source-evidence/final-sblr-sbsql-sblr-expansion-closure/,project/src/parsers/compatibility/sqlite/sqlite_dialect.cpp#kPatterns:sqlite.pragma.wal_control
sqlite,SQL_PRAGMA_EMBEDDED_API,sqlite.pragma.generic,parser_declares_noncluster_route_requiring_sblr_or_udr_expansion,IMPLEMENT_NONCLUSTER,sblr expansion lead,public_execution_plan/source-evidence/final-sblr-sbsql-sblr-expansion-closure/,project/src/parsers/compatibility/sqlite/sqlite_dialect.cpp#kPatterns:sqlite.pragma.generic
sqlite,SQL_PRAGMA_EMBEDDED_API,sqlite.ddl.create_temp,parser_declares_route_requiring_parser_remap_or_existing_sblr_binding_verification,PARSER_REMAP_ONLY,parser remap lead,public_execution_plan/final-sblr-sbsql-parser-remap-closure/,project/src/parsers/compatibility/sqlite/sqlite_dialect.cpp#kPatterns:sqlite.ddl.create_temp
sqlite,SQL_PRAGMA_EMBEDDED_API,sqlite.virtual_table.create,parser_declares_noncluster_route_requiring_sblr_or_udr_expansion,IMPLEMENT_NONCLUSTER,sblr expansion lead,public_execution_plan/source-evidence/final-sblr-sbsql-sblr-expansion-closure/,project/src/parsers/compatibility/sqlite/sqlite_dialect.cpp#kPatterns:sqlite.virtual_table.create
sqlite,SQL_PRAGMA_EMBEDDED_API,sqlite.routine.trigger.create,parser_declares_noncluster_route_requiring_sblr_or_udr_expansion,IMPLEMENT_NONCLUSTER,sblr expansion lead,public_execution_plan/source-evidence/final-sblr-sbsql-sblr-expansion-closure/,project/src/parsers/compatibility/sqlite/sqlite_dialect.cpp#kPatterns:sqlite.routine.trigger.create
sqlite,SQL_PRAGMA_EMBEDDED_API,sqlite.routine.trigger.drop,parser_declares_noncluster_route_requiring_sblr_or_udr_expansion,IMPLEMENT_NONCLUSTER,sblr expansion lead,public_execution_plan/source-evidence/final-sblr-sbsql-sblr-expansion-closure/,project/src/parsers/compatibility/sqlite/sqlite_dialect.cpp#kPatterns:sqlite.routine.trigger.drop
sqlite,SQL_PRAGMA_EMBEDDED_API,sqlite.ddl.create_view,parser_declares_route_requiring_parser_remap_or_existing_sblr_binding_verification,PARSER_REMAP_ONLY,parser remap lead,public_execution_plan/final-sblr-sbsql-parser-remap-closure/,project/src/parsers/compatibility/sqlite/sqlite_dialect.cpp#kPatterns:sqlite.ddl.create_view
sqlite,SQL_PRAGMA_EMBEDDED_API,sqlite.ddl.drop_view,parser_declares_route_requiring_parser_remap_or_existing_sblr_binding_verification,PARSER_REMAP_ONLY,parser remap lead,public_execution_plan/final-sblr-sbsql-parser-remap-closure/,project/src/parsers/compatibility/sqlite/sqlite_dialect.cpp#kPatterns:sqlite.ddl.drop_view
sqlite,SQL_PRAGMA_EMBEDDED_API,sqlite.ddl.create_index,parser_declares_route_requiring_parser_remap_or_existing_sblr_binding_verification,PARSER_REMAP_ONLY,parser remap lead,public_execution_plan/final-sblr-sbsql-parser-remap-closure/,project/src/parsers/compatibility/sqlite/sqlite_dialect.cpp#kPatterns:sqlite.ddl.create_index
sqlite,SQL_PRAGMA_EMBEDDED_API,sqlite.ddl.drop_index,parser_declares_route_requiring_parser_remap_or_existing_sblr_binding_verification,PARSER_REMAP_ONLY,parser remap lead,public_execution_plan/final-sblr-sbsql-parser-remap-closure/,project/src/parsers/compatibility/sqlite/sqlite_dialect.cpp#kPatterns:sqlite.ddl.drop_index
sqlite,SQL_PRAGMA_EMBEDDED_API,sqlite.optimizer.explain_query_plan,parser_declares_route_requiring_parser_remap_or_existing_sblr_binding_verification,PARSER_REMAP_ONLY,parser remap lead,public_execution_plan/final-sblr-sbsql-parser-remap-closure/,project/src/parsers/compatibility/sqlite/sqlite_dialect.cpp#kPatterns:sqlite.optimizer.explain_query_plan
sqlite,SQL_PRAGMA_EMBEDDED_API,sqlite.optimizer.explain,parser_declares_route_requiring_parser_remap_or_existing_sblr_binding_verification,PARSER_REMAP_ONLY,parser remap lead,public_execution_plan/final-sblr-sbsql-parser-remap-closure/,project/src/parsers/compatibility/sqlite/sqlite_dialect.cpp#kPatterns:sqlite.optimizer.explain
sqlite,SQL_PRAGMA_EMBEDDED_API,sqlite.maintenance.analyze,parser_declares_noncluster_route_requiring_sblr_or_udr_expansion,IMPLEMENT_NONCLUSTER,sblr expansion lead,public_execution_plan/source-evidence/final-sblr-sbsql-sblr-expansion-closure/,project/src/parsers/compatibility/sqlite/sqlite_dialect.cpp#kPatterns:sqlite.maintenance.analyze
sqlite,SQL_PRAGMA_EMBEDDED_API,sqlite.maintenance.vacuum,parser_declares_noncluster_route_requiring_sblr_or_udr_expansion,IMPLEMENT_NONCLUSTER,sblr expansion lead,public_execution_plan/source-evidence/final-sblr-sbsql-sblr-expansion-closure/,project/src/parsers/compatibility/sqlite/sqlite_dialect.cpp#kPatterns:sqlite.maintenance.vacuum
sqlite,SQL_PRAGMA_EMBEDDED_API,sqlite.maintenance.reindex,parser_declares_noncluster_route_requiring_sblr_or_udr_expansion,IMPLEMENT_NONCLUSTER,sblr expansion lead,public_execution_plan/source-evidence/final-sblr-sbsql-sblr-expansion-closure/,project/src/parsers/compatibility/sqlite/sqlite_dialect.cpp#kPatterns:sqlite.maintenance.reindex
sqlite,SQL_PRAGMA_EMBEDDED_API,sqlite.transaction.begin,parser_declares_route_requiring_parser_remap_or_existing_sblr_binding_verification,PARSER_REMAP_ONLY,parser remap lead,public_execution_plan/final-sblr-sbsql-parser-remap-closure/,project/src/parsers/compatibility/sqlite/sqlite_dialect.cpp#kPatterns:sqlite.transaction.begin
sqlite,SQL_PRAGMA_EMBEDDED_API,sqlite.transaction.commit,parser_declares_route_requiring_parser_remap_or_existing_sblr_binding_verification,PARSER_REMAP_ONLY,parser remap lead,public_execution_plan/final-sblr-sbsql-parser-remap-closure/,project/src/parsers/compatibility/sqlite/sqlite_dialect.cpp#kPatterns:sqlite.transaction.commit
sqlite,SQL_PRAGMA_EMBEDDED_API,sqlite.transaction.rollback,parser_declares_route_requiring_parser_remap_or_existing_sblr_binding_verification,PARSER_REMAP_ONLY,parser remap lead,public_execution_plan/final-sblr-sbsql-parser-remap-closure/,project/src/parsers/compatibility/sqlite/sqlite_dialect.cpp#kPatterns:sqlite.transaction.rollback
sqlite,SQL_PRAGMA_EMBEDDED_API,sqlite.transaction.savepoint,parser_declares_route_requiring_parser_remap_or_existing_sblr_binding_verification,PARSER_REMAP_ONLY,parser remap lead,public_execution_plan/final-sblr-sbsql-parser-remap-closure/,project/src/parsers/compatibility/sqlite/sqlite_dialect.cpp#kPatterns:sqlite.transaction.savepoint
sqlite,SQL_PRAGMA_EMBEDDED_API,sqlite.transaction.release_savepoint,parser_declares_route_requiring_parser_remap_or_existing_sblr_binding_verification,PARSER_REMAP_ONLY,parser remap lead,public_execution_plan/final-sblr-sbsql-parser-remap-closure/,project/src/parsers/compatibility/sqlite/sqlite_dialect.cpp#kPatterns:sqlite.transaction.release_savepoint
sqlite,SQL_PRAGMA_EMBEDDED_API,sqlite.ddl.create,parser_declares_route_requiring_parser_remap_or_existing_sblr_binding_verification,PARSER_REMAP_ONLY,parser remap lead,public_execution_plan/final-sblr-sbsql-parser-remap-closure/,project/src/parsers/compatibility/sqlite/sqlite_dialect.cpp#kPatterns:sqlite.ddl.create
sqlite,SQL_PRAGMA_EMBEDDED_API,sqlite.ddl.alter,parser_declares_route_requiring_parser_remap_or_existing_sblr_binding_verification,PARSER_REMAP_ONLY,parser remap lead,public_execution_plan/final-sblr-sbsql-parser-remap-closure/,project/src/parsers/compatibility/sqlite/sqlite_dialect.cpp#kPatterns:sqlite.ddl.alter
sqlite,SQL_PRAGMA_EMBEDDED_API,sqlite.ddl.drop,parser_declares_route_requiring_parser_remap_or_existing_sblr_binding_verification,PARSER_REMAP_ONLY,parser remap lead,public_execution_plan/final-sblr-sbsql-parser-remap-closure/,project/src/parsers/compatibility/sqlite/sqlite_dialect.cpp#kPatterns:sqlite.ddl.drop
sqlite,SQL_PRAGMA_EMBEDDED_API,sqlite.dml.replace,parser_declares_route_requiring_parser_remap_or_existing_sblr_binding_verification,PARSER_REMAP_ONLY,parser remap lead,public_execution_plan/final-sblr-sbsql-parser-remap-closure/,project/src/parsers/compatibility/sqlite/sqlite_dialect.cpp#kPatterns:sqlite.dml.replace
sqlite,SQL_PRAGMA_EMBEDDED_API,sqlite.dml.insert,parser_declares_route_requiring_parser_remap_or_existing_sblr_binding_verification,PARSER_REMAP_ONLY,parser remap lead,public_execution_plan/final-sblr-sbsql-parser-remap-closure/,project/src/parsers/compatibility/sqlite/sqlite_dialect.cpp#kPatterns:sqlite.dml.insert
sqlite,SQL_PRAGMA_EMBEDDED_API,sqlite.dml.update,parser_declares_route_requiring_parser_remap_or_existing_sblr_binding_verification,PARSER_REMAP_ONLY,parser remap lead,public_execution_plan/final-sblr-sbsql-parser-remap-closure/,project/src/parsers/compatibility/sqlite/sqlite_dialect.cpp#kPatterns:sqlite.dml.update
sqlite,SQL_PRAGMA_EMBEDDED_API,sqlite.dml.delete,parser_declares_route_requiring_parser_remap_or_existing_sblr_binding_verification,PARSER_REMAP_ONLY,parser remap lead,public_execution_plan/final-sblr-sbsql-parser-remap-closure/,project/src/parsers/compatibility/sqlite/sqlite_dialect.cpp#kPatterns:sqlite.dml.delete
sqlite,SQL_PRAGMA_EMBEDDED_API,sqlite.query.select,parser_declares_route_requiring_parser_remap_or_existing_sblr_binding_verification,PARSER_REMAP_ONLY,parser remap lead,public_execution_plan/final-sblr-sbsql-parser-remap-closure/,project/src/parsers/compatibility/sqlite/sqlite_dialect.cpp#kPatterns:sqlite.query.select
sqlite,SQL_PRAGMA_EMBEDDED_API,sqlite.query.with,parser_declares_route_requiring_parser_remap_or_existing_sblr_binding_verification,PARSER_REMAP_ONLY,parser remap lead,public_execution_plan/final-sblr-sbsql-parser-remap-closure/,project/src/parsers/compatibility/sqlite/sqlite_dialect.cpp#kPatterns:sqlite.query.with
sqlite,SQL_PRAGMA_EMBEDDED_API,datatype_surface:json,parser_declares_noncluster_route_requiring_sblr_or_udr_expansion,IMPLEMENT_NONCLUSTER,sblr expansion lead,public_execution_plan/source-evidence/final-sblr-sbsql-sblr-expansion-closure/,project/src/parsers/compatibility/sqlite/sqlite_dialect.cpp#kDatatypeSurfaces:json
sqlite,SQL_PRAGMA_EMBEDDED_API,datatype_surface:rowid,parser_declares_route_requiring_parser_remap_or_existing_sblr_binding_verification,PARSER_REMAP_ONLY,parser remap lead,public_execution_plan/final-sblr-sbsql-parser-remap-closure/,project/src/parsers/compatibility/sqlite/sqlite_dialect.cpp#kDatatypeSurfaces:rowid
sqlite,SQL_PRAGMA_EMBEDDED_API,datatype_surface:collation,parser_declares_route_requiring_parser_remap_or_existing_sblr_binding_verification,PARSER_REMAP_ONLY,parser remap lead,public_execution_plan/final-sblr-sbsql-parser-remap-closure/,project/src/parsers/compatibility/sqlite/sqlite_dialect.cpp#kDatatypeSurfaces:collation
sqlite,SQL_PRAGMA_EMBEDDED_API,builtin_function_surface:aggregate,parser_declares_route_requiring_parser_remap_or_existing_sblr_binding_verification,PARSER_REMAP_ONLY,parser remap lead,public_execution_plan/final-sblr-sbsql-parser-remap-closure/,project/src/parsers/compatibility/sqlite/sqlite_dialect.cpp#kBuiltinSurfaces:aggregate
sqlite,SQL_PRAGMA_EMBEDDED_API,builtin_function_surface:window,parser_declares_route_requiring_parser_remap_or_existing_sblr_binding_verification,PARSER_REMAP_ONLY,parser remap lead,public_execution_plan/final-sblr-sbsql-parser-remap-closure/,project/src/parsers/compatibility/sqlite/sqlite_dialect.cpp#kBuiltinSurfaces:window
sqlite,SQL_PRAGMA_EMBEDDED_API,builtin_function_surface:string,parser_declares_route_requiring_parser_remap_or_existing_sblr_binding_verification,PARSER_REMAP_ONLY,parser remap lead,public_execution_plan/final-sblr-sbsql-parser-remap-closure/,project/src/parsers/compatibility/sqlite/sqlite_dialect.cpp#kBuiltinSurfaces:string
sqlite,SQL_PRAGMA_EMBEDDED_API,builtin_function_surface:numeric,parser_declares_route_requiring_parser_remap_or_existing_sblr_binding_verification,PARSER_REMAP_ONLY,parser remap lead,public_execution_plan/final-sblr-sbsql-parser-remap-closure/,project/src/parsers/compatibility/sqlite/sqlite_dialect.cpp#kBuiltinSurfaces:numeric
sqlite,SQL_PRAGMA_EMBEDDED_API,builtin_function_surface:temporal,parser_declares_route_requiring_parser_remap_or_existing_sblr_binding_verification,PARSER_REMAP_ONLY,parser remap lead,public_execution_plan/final-sblr-sbsql-parser-remap-closure/,project/src/parsers/compatibility/sqlite/sqlite_dialect.cpp#kBuiltinSurfaces:temporal
sqlite,SQL_PRAGMA_EMBEDDED_API,builtin_function_surface:json,parser_declares_noncluster_route_requiring_sblr_or_udr_expansion,IMPLEMENT_NONCLUSTER,sblr expansion lead,public_execution_plan/source-evidence/final-sblr-sbsql-sblr-expansion-closure/,project/src/parsers/compatibility/sqlite/sqlite_dialect.cpp#kBuiltinSurfaces:json
sqlite,SQL_PRAGMA_EMBEDDED_API,builtin_function_surface:fts,parser_declares_noncluster_route_requiring_sblr_or_udr_expansion,IMPLEMENT_NONCLUSTER,sblr expansion lead,public_execution_plan/source-evidence/final-sblr-sbsql-sblr-expansion-closure/,project/src/parsers/compatibility/sqlite/sqlite_dialect.cpp#kBuiltinSurfaces:fts
sqlite,SQL_PRAGMA_EMBEDDED_API,builtin_function_surface:blob,parser_declares_route_requiring_parser_remap_or_existing_sblr_binding_verification,PARSER_REMAP_ONLY,parser remap lead,public_execution_plan/final-sblr-sbsql-parser-remap-closure/,project/src/parsers/compatibility/sqlite/sqlite_dialect.cpp#kBuiltinSurfaces:blob
sqlite,SQL_PRAGMA_EMBEDDED_API,catalog_overlay_surface:schema,parser_declares_route_requiring_parser_remap_or_existing_sblr_binding_verification,PARSER_REMAP_ONLY,parser remap lead,public_execution_plan/final-sblr-sbsql-parser-remap-closure/,project/src/parsers/compatibility/sqlite/sqlite_dialect.cpp#kCatalogSurfaces:schema
sqlite,SQL_PRAGMA_EMBEDDED_API,catalog_overlay_surface:pragma_table,parser_declares_route_requiring_parser_remap_or_existing_sblr_binding_verification,PARSER_REMAP_ONLY,parser remap lead,public_execution_plan/final-sblr-sbsql-parser-remap-closure/,project/src/parsers/compatibility/sqlite/sqlite_dialect.cpp#kCatalogSurfaces:pragma_table
sqlite,SQL_PRAGMA_EMBEDDED_API,catalog_overlay_surface:pragma_runtime,parser_declares_route_requiring_parser_remap_or_existing_sblr_binding_verification,PARSER_REMAP_ONLY,parser remap lead,public_execution_plan/final-sblr-sbsql-parser-remap-closure/,project/src/parsers/compatibility/sqlite/sqlite_dialect.cpp#kCatalogSurfaces:pragma_runtime
sqlite,SQL_PRAGMA_EMBEDDED_API,catalog_overlay_surface:internal_tables,parser_declares_route_requiring_parser_remap_or_existing_sblr_binding_verification,PARSER_REMAP_ONLY,parser remap lead,public_execution_plan/final-sblr-sbsql-parser-remap-closure/,project/src/parsers/compatibility/sqlite/sqlite_dialect.cpp#kCatalogSurfaces:internal_tables
sqlite,SQL_PRAGMA_EMBEDDED_API,catalog_overlay_surface:virtual_tables,parser_declares_noncluster_route_requiring_sblr_or_udr_expansion,IMPLEMENT_NONCLUSTER,sblr expansion lead,public_execution_plan/source-evidence/final-sblr-sbsql-sblr-expansion-closure/,project/src/parsers/compatibility/sqlite/sqlite_dialect.cpp#kCatalogSurfaces:virtual_tables
sqlite,SQL_PRAGMA_EMBEDDED_API,catalog_overlay_surface:rowid_aliases,parser_declares_route_requiring_parser_remap_or_existing_sblr_binding_verification,PARSER_REMAP_ONLY,parser remap lead,public_execution_plan/final-sblr-sbsql-parser-remap-closure/,project/src/parsers/compatibility/sqlite/sqlite_dialect.cpp#kCatalogSurfaces:rowid_aliases
sqlite,SQL_PRAGMA_EMBEDDED_API,diagnostic_surface:parse,parser_declares_route_requiring_parser_remap_or_existing_sblr_binding_verification,PARSER_REMAP_ONLY,parser remap lead,public_execution_plan/final-sblr-sbsql-parser-remap-closure/,project/src/parsers/compatibility/sqlite/sqlite_dialect.cpp#kDiagnosticSurfaces:parse
sqlite,SQL_PRAGMA_EMBEDDED_API,diagnostic_surface:pragma,parser_declares_noncluster_route_requiring_sblr_or_udr_expansion,IMPLEMENT_NONCLUSTER,sblr expansion lead,public_execution_plan/source-evidence/final-sblr-sbsql-sblr-expansion-closure/,project/src/parsers/compatibility/sqlite/sqlite_dialect.cpp#kDiagnosticSurfaces:pragma
sqlite,SQL_PRAGMA_EMBEDDED_API,diagnostic_surface:virtual_table,parser_declares_noncluster_route_requiring_sblr_or_udr_expansion,IMPLEMENT_NONCLUSTER,sblr expansion lead,public_execution_plan/source-evidence/final-sblr-sbsql-sblr-expansion-closure/,project/src/parsers/compatibility/sqlite/sqlite_dialect.cpp#kDiagnosticSurfaces:virtual_table
sqlite,SQL_PRAGMA_EMBEDDED_API,diagnostic_surface:routine,parser_declares_noncluster_route_requiring_sblr_or_udr_expansion,IMPLEMENT_NONCLUSTER,sblr expansion lead,public_execution_plan/source-evidence/final-sblr-sbsql-sblr-expansion-closure/,project/src/parsers/compatibility/sqlite/sqlite_dialect.cpp#kDiagnosticSurfaces:routine
sqlite,SQL_PRAGMA_EMBEDDED_API,diagnostic_surface:maintenance,parser_declares_noncluster_route_requiring_sblr_or_udr_expansion,IMPLEMENT_NONCLUSTER,sblr expansion lead,public_execution_plan/source-evidence/final-sblr-sbsql-sblr-expansion-closure/,project/src/parsers/compatibility/sqlite/sqlite_dialect.cpp#kDiagnosticSurfaces:maintenance
tidb,MYSQL_COMPATIBLE_SQL,tidb.resource_group.create,parser_declares_noncluster_route_requiring_sblr_or_udr_expansion,IMPLEMENT_NONCLUSTER,sblr expansion lead,public_execution_plan/source-evidence/final-sblr-sbsql-sblr-expansion-closure/,project/src/parsers/compatibility/tidb/tidb_dialect.cpp#kPatterns:tidb.resource_group.create
tidb,MYSQL_COMPATIBLE_SQL,tidb.resource_group.alter,parser_declares_noncluster_route_requiring_sblr_or_udr_expansion,IMPLEMENT_NONCLUSTER,sblr expansion lead,public_execution_plan/source-evidence/final-sblr-sbsql-sblr-expansion-closure/,project/src/parsers/compatibility/tidb/tidb_dialect.cpp#kPatterns:tidb.resource_group.alter
tidb,MYSQL_COMPATIBLE_SQL,tidb.resource_group.drop,parser_declares_noncluster_route_requiring_sblr_or_udr_expansion,IMPLEMENT_NONCLUSTER,sblr expansion lead,public_execution_plan/source-evidence/final-sblr-sbsql-sblr-expansion-closure/,project/src/parsers/compatibility/tidb/tidb_dialect.cpp#kPatterns:tidb.resource_group.drop
tidb,MYSQL_COMPATIBLE_SQL,tidb.builtin.version,parser_declares_route_requiring_parser_remap_or_existing_sblr_binding_verification,PARSER_REMAP_ONLY,parser remap lead,public_execution_plan/final-sblr-sbsql-parser-remap-closure/,project/src/parsers/compatibility/tidb/tidb_dialect.cpp#kPatterns:tidb.builtin.version
tidb,MYSQL_COMPATIBLE_SQL,tidb.security.create_user,parser_declares_noncluster_route_requiring_sblr_or_udr_expansion,IMPLEMENT_NONCLUSTER,sblr expansion lead,public_execution_plan/source-evidence/final-sblr-sbsql-sblr-expansion-closure/,project/src/parsers/compatibility/tidb/tidb_dialect.cpp#kPatterns:tidb.security.create_user
tidb,MYSQL_COMPATIBLE_SQL,tidb.security.alter_user,parser_declares_noncluster_route_requiring_sblr_or_udr_expansion,IMPLEMENT_NONCLUSTER,sblr expansion lead,public_execution_plan/source-evidence/final-sblr-sbsql-sblr-expansion-closure/,project/src/parsers/compatibility/tidb/tidb_dialect.cpp#kPatterns:tidb.security.alter_user
tidb,MYSQL_COMPATIBLE_SQL,tidb.security.drop_user,parser_declares_noncluster_route_requiring_sblr_or_udr_expansion,IMPLEMENT_NONCLUSTER,sblr expansion lead,public_execution_plan/source-evidence/final-sblr-sbsql-sblr-expansion-closure/,project/src/parsers/compatibility/tidb/tidb_dialect.cpp#kPatterns:tidb.security.drop_user
tidb,MYSQL_COMPATIBLE_SQL,tidb.security.grant,parser_declares_noncluster_route_requiring_sblr_or_udr_expansion,IMPLEMENT_NONCLUSTER,sblr expansion lead,public_execution_plan/source-evidence/final-sblr-sbsql-sblr-expansion-closure/,project/src/parsers/compatibility/tidb/tidb_dialect.cpp#kPatterns:tidb.security.grant
tidb,MYSQL_COMPATIBLE_SQL,tidb.security.revoke,parser_declares_noncluster_route_requiring_sblr_or_udr_expansion,IMPLEMENT_NONCLUSTER,sblr expansion lead,public_execution_plan/source-evidence/final-sblr-sbsql-sblr-expansion-closure/,project/src/parsers/compatibility/tidb/tidb_dialect.cpp#kPatterns:tidb.security.revoke
tidb,MYSQL_COMPATIBLE_SQL,tidb.lifecycle.create_database,parser_declares_route_requiring_parser_remap_or_existing_sblr_binding_verification,PARSER_REMAP_ONLY,parser remap lead,public_execution_plan/final-sblr-sbsql-parser-remap-closure/,project/src/parsers/compatibility/tidb/tidb_dialect.cpp#kPatterns:tidb.lifecycle.create_database
tidb,MYSQL_COMPATIBLE_SQL,tidb.lifecycle.drop_database,parser_declares_route_requiring_parser_remap_or_existing_sblr_binding_verification,PARSER_REMAP_ONLY,parser remap lead,public_execution_plan/final-sblr-sbsql-parser-remap-closure/,project/src/parsers/compatibility/tidb/tidb_dialect.cpp#kPatterns:tidb.lifecycle.drop_database
tidb,MYSQL_COMPATIBLE_SQL,tidb.catalog_overlay.show,parser_declares_route_requiring_parser_remap_or_existing_sblr_binding_verification,PARSER_REMAP_ONLY,parser remap lead,public_execution_plan/final-sblr-sbsql-parser-remap-closure/,project/src/parsers/compatibility/tidb/tidb_dialect.cpp#kPatterns:tidb.catalog_overlay.show
tidb,MYSQL_COMPATIBLE_SQL,tidb.catalog_overlay.describe,parser_declares_route_requiring_parser_remap_or_existing_sblr_binding_verification,PARSER_REMAP_ONLY,parser remap lead,public_execution_plan/final-sblr-sbsql-parser-remap-closure/,project/src/parsers/compatibility/tidb/tidb_dialect.cpp#kPatterns:tidb.catalog_overlay.describe
tidb,MYSQL_COMPATIBLE_SQL,tidb.optimizer.explain,parser_declares_route_requiring_parser_remap_or_existing_sblr_binding_verification,PARSER_REMAP_ONLY,parser remap lead,public_execution_plan/final-sblr-sbsql-parser-remap-closure/,project/src/parsers/compatibility/tidb/tidb_dialect.cpp#kPatterns:tidb.optimizer.explain
tidb,MYSQL_COMPATIBLE_SQL,tidb.session.set,parser_declares_route_requiring_parser_remap_or_existing_sblr_binding_verification,PARSER_REMAP_ONLY,parser remap lead,public_execution_plan/final-sblr-sbsql-parser-remap-closure/,project/src/parsers/compatibility/tidb/tidb_dialect.cpp#kPatterns:tidb.session.set
tidb,MYSQL_COMPATIBLE_SQL,tidb.session.use_database,parser_declares_route_requiring_parser_remap_or_existing_sblr_binding_verification,PARSER_REMAP_ONLY,parser remap lead,public_execution_plan/final-sblr-sbsql-parser-remap-closure/,project/src/parsers/compatibility/tidb/tidb_dialect.cpp#kPatterns:tidb.session.use_database
tidb,MYSQL_COMPATIBLE_SQL,tidb.prepared.prepare,parser_declares_route_requiring_parser_remap_or_existing_sblr_binding_verification,PARSER_REMAP_ONLY,parser remap lead,public_execution_plan/final-sblr-sbsql-parser-remap-closure/,project/src/parsers/compatibility/tidb/tidb_dialect.cpp#kPatterns:tidb.prepared.prepare
tidb,MYSQL_COMPATIBLE_SQL,tidb.prepared.execute,parser_declares_route_requiring_parser_remap_or_existing_sblr_binding_verification,PARSER_REMAP_ONLY,parser remap lead,public_execution_plan/final-sblr-sbsql-parser-remap-closure/,project/src/parsers/compatibility/tidb/tidb_dialect.cpp#kPatterns:tidb.prepared.execute
tidb,MYSQL_COMPATIBLE_SQL,tidb.prepared.deallocate,parser_declares_route_requiring_parser_remap_or_existing_sblr_binding_verification,PARSER_REMAP_ONLY,parser remap lead,public_execution_plan/final-sblr-sbsql-parser-remap-closure/,project/src/parsers/compatibility/tidb/tidb_dialect.cpp#kPatterns:tidb.prepared.deallocate
tidb,MYSQL_COMPATIBLE_SQL,tidb.ddl.create,parser_declares_route_requiring_parser_remap_or_existing_sblr_binding_verification,PARSER_REMAP_ONLY,parser remap lead,public_execution_plan/final-sblr-sbsql-parser-remap-closure/,project/src/parsers/compatibility/tidb/tidb_dialect.cpp#kPatterns:tidb.ddl.create
tidb,MYSQL_COMPATIBLE_SQL,tidb.ddl.alter,parser_declares_route_requiring_parser_remap_or_existing_sblr_binding_verification,PARSER_REMAP_ONLY,parser remap lead,public_execution_plan/final-sblr-sbsql-parser-remap-closure/,project/src/parsers/compatibility/tidb/tidb_dialect.cpp#kPatterns:tidb.ddl.alter
tidb,MYSQL_COMPATIBLE_SQL,tidb.ddl.drop,parser_declares_route_requiring_parser_remap_or_existing_sblr_binding_verification,PARSER_REMAP_ONLY,parser remap lead,public_execution_plan/final-sblr-sbsql-parser-remap-closure/,project/src/parsers/compatibility/tidb/tidb_dialect.cpp#kPatterns:tidb.ddl.drop
tidb,MYSQL_COMPATIBLE_SQL,tidb.ddl.truncate,parser_declares_route_requiring_parser_remap_or_existing_sblr_binding_verification,PARSER_REMAP_ONLY,parser remap lead,public_execution_plan/final-sblr-sbsql-parser-remap-closure/,project/src/parsers/compatibility/tidb/tidb_dialect.cpp#kPatterns:tidb.ddl.truncate
tidb,MYSQL_COMPATIBLE_SQL,tidb.dml.insert,parser_declares_route_requiring_parser_remap_or_existing_sblr_binding_verification,PARSER_REMAP_ONLY,parser remap lead,public_execution_plan/final-sblr-sbsql-parser-remap-closure/,project/src/parsers/compatibility/tidb/tidb_dialect.cpp#kPatterns:tidb.dml.insert
tidb,MYSQL_COMPATIBLE_SQL,tidb.dml.update,parser_declares_route_requiring_parser_remap_or_existing_sblr_binding_verification,PARSER_REMAP_ONLY,parser remap lead,public_execution_plan/final-sblr-sbsql-parser-remap-closure/,project/src/parsers/compatibility/tidb/tidb_dialect.cpp#kPatterns:tidb.dml.update
tidb,MYSQL_COMPATIBLE_SQL,tidb.dml.delete,parser_declares_route_requiring_parser_remap_or_existing_sblr_binding_verification,PARSER_REMAP_ONLY,parser remap lead,public_execution_plan/final-sblr-sbsql-parser-remap-closure/,project/src/parsers/compatibility/tidb/tidb_dialect.cpp#kPatterns:tidb.dml.delete
tidb,MYSQL_COMPATIBLE_SQL,tidb.query.select,parser_declares_route_requiring_parser_remap_or_existing_sblr_binding_verification,PARSER_REMAP_ONLY,parser remap lead,public_execution_plan/final-sblr-sbsql-parser-remap-closure/,project/src/parsers/compatibility/tidb/tidb_dialect.cpp#kPatterns:tidb.query.select
tidb,MYSQL_COMPATIBLE_SQL,tidb.query.with,parser_declares_route_requiring_parser_remap_or_existing_sblr_binding_verification,PARSER_REMAP_ONLY,parser remap lead,public_execution_plan/final-sblr-sbsql-parser-remap-closure/,project/src/parsers/compatibility/tidb/tidb_dialect.cpp#kPatterns:tidb.query.with
tidb,MYSQL_COMPATIBLE_SQL,tidb.transaction.start,parser_declares_route_requiring_parser_remap_or_existing_sblr_binding_verification,PARSER_REMAP_ONLY,parser remap lead,public_execution_plan/final-sblr-sbsql-parser-remap-closure/,project/src/parsers/compatibility/tidb/tidb_dialect.cpp#kPatterns:tidb.transaction.start
tidb,MYSQL_COMPATIBLE_SQL,tidb.transaction.begin,parser_declares_route_requiring_parser_remap_or_existing_sblr_binding_verification,PARSER_REMAP_ONLY,parser remap lead,public_execution_plan/final-sblr-sbsql-parser-remap-closure/,project/src/parsers/compatibility/tidb/tidb_dialect.cpp#kPatterns:tidb.transaction.begin
tidb,MYSQL_COMPATIBLE_SQL,tidb.transaction.commit,parser_declares_route_requiring_parser_remap_or_existing_sblr_binding_verification,PARSER_REMAP_ONLY,parser remap lead,public_execution_plan/final-sblr-sbsql-parser-remap-closure/,project/src/parsers/compatibility/tidb/tidb_dialect.cpp#kPatterns:tidb.transaction.commit
tidb,MYSQL_COMPATIBLE_SQL,tidb.transaction.rollback,parser_declares_route_requiring_parser_remap_or_existing_sblr_binding_verification,PARSER_REMAP_ONLY,parser remap lead,public_execution_plan/final-sblr-sbsql-parser-remap-closure/,project/src/parsers/compatibility/tidb/tidb_dialect.cpp#kPatterns:tidb.transaction.rollback
tidb,MYSQL_COMPATIBLE_SQL,tidb.transaction.savepoint,parser_declares_route_requiring_parser_remap_or_existing_sblr_binding_verification,PARSER_REMAP_ONLY,parser remap lead,public_execution_plan/final-sblr-sbsql-parser-remap-closure/,project/src/parsers/compatibility/tidb/tidb_dialect.cpp#kPatterns:tidb.transaction.savepoint
tidb,MYSQL_COMPATIBLE_SQL,tidb.transaction.release_savepoint,parser_declares_route_requiring_parser_remap_or_existing_sblr_binding_verification,PARSER_REMAP_ONLY,parser remap lead,public_execution_plan/final-sblr-sbsql-parser-remap-closure/,project/src/parsers/compatibility/tidb/tidb_dialect.cpp#kPatterns:tidb.transaction.release_savepoint
tidb,MYSQL_COMPATIBLE_SQL,datatype_surface:enum_set,parser_declares_noncluster_route_requiring_sblr_or_udr_expansion,IMPLEMENT_NONCLUSTER,sblr expansion lead,public_execution_plan/source-evidence/final-sblr-sbsql-sblr-expansion-closure/,project/src/parsers/compatibility/tidb/tidb_dialect.cpp#kDatatypeSurfaces:enum_set
tidb,MYSQL_COMPATIBLE_SQL,datatype_surface:spatial,parser_declares_noncluster_route_requiring_sblr_or_udr_expansion,IMPLEMENT_NONCLUSTER,sblr expansion lead,public_execution_plan/source-evidence/final-sblr-sbsql-sblr-expansion-closure/,project/src/parsers/compatibility/tidb/tidb_dialect.cpp#kDatatypeSurfaces:spatial
tidb,MYSQL_COMPATIBLE_SQL,datatype_surface:vector,parser_declares_noncluster_route_requiring_sblr_or_udr_expansion,IMPLEMENT_NONCLUSTER,sblr expansion lead,public_execution_plan/source-evidence/final-sblr-sbsql-sblr-expansion-closure/,project/src/parsers/compatibility/tidb/tidb_dialect.cpp#kDatatypeSurfaces:vector
tidb,MYSQL_COMPATIBLE_SQL,datatype_surface:placement,parser_declares_route_requiring_parser_remap_or_existing_sblr_binding_verification,PARSER_REMAP_ONLY,parser remap lead,public_execution_plan/final-sblr-sbsql-parser-remap-closure/,project/src/parsers/compatibility/tidb/tidb_dialect.cpp#kDatatypeSurfaces:placement
tidb,MYSQL_COMPATIBLE_SQL,datatype_surface:charset_collation,parser_declares_route_requiring_parser_remap_or_existing_sblr_binding_verification,PARSER_REMAP_ONLY,parser remap lead,public_execution_plan/final-sblr-sbsql-parser-remap-closure/,project/src/parsers/compatibility/tidb/tidb_dialect.cpp#kDatatypeSurfaces:charset_collation
tidb,MYSQL_COMPATIBLE_SQL,builtin_function_surface:aggregate,parser_declares_route_requiring_parser_remap_or_existing_sblr_binding_verification,PARSER_REMAP_ONLY,parser remap lead,public_execution_plan/final-sblr-sbsql-parser-remap-closure/,project/src/parsers/compatibility/tidb/tidb_dialect.cpp#kBuiltinSurfaces:aggregate
tidb,MYSQL_COMPATIBLE_SQL,builtin_function_surface:window,parser_declares_route_requiring_parser_remap_or_existing_sblr_binding_verification,PARSER_REMAP_ONLY,parser remap lead,public_execution_plan/final-sblr-sbsql-parser-remap-closure/,project/src/parsers/compatibility/tidb/tidb_dialect.cpp#kBuiltinSurfaces:window
tidb,MYSQL_COMPATIBLE_SQL,builtin_function_surface:string,parser_declares_route_requiring_parser_remap_or_existing_sblr_binding_verification,PARSER_REMAP_ONLY,parser remap lead,public_execution_plan/final-sblr-sbsql-parser-remap-closure/,project/src/parsers/compatibility/tidb/tidb_dialect.cpp#kBuiltinSurfaces:string
tidb,MYSQL_COMPATIBLE_SQL,builtin_function_surface:numeric,parser_declares_route_requiring_parser_remap_or_existing_sblr_binding_verification,PARSER_REMAP_ONLY,parser remap lead,public_execution_plan/final-sblr-sbsql-parser-remap-closure/,project/src/parsers/compatibility/tidb/tidb_dialect.cpp#kBuiltinSurfaces:numeric
tidb,MYSQL_COMPATIBLE_SQL,builtin_function_surface:temporal,parser_declares_route_requiring_parser_remap_or_existing_sblr_binding_verification,PARSER_REMAP_ONLY,parser remap lead,public_execution_plan/final-sblr-sbsql-parser-remap-closure/,project/src/parsers/compatibility/tidb/tidb_dialect.cpp#kBuiltinSurfaces:temporal
tidb,MYSQL_COMPATIBLE_SQL,builtin_function_surface:json,parser_declares_noncluster_route_requiring_sblr_or_udr_expansion,IMPLEMENT_NONCLUSTER,sblr expansion lead,public_execution_plan/source-evidence/final-sblr-sbsql-sblr-expansion-closure/,project/src/parsers/compatibility/tidb/tidb_dialect.cpp#kBuiltinSurfaces:json
tidb,MYSQL_COMPATIBLE_SQL,builtin_function_surface:security,parser_declares_route_requiring_parser_remap_or_existing_sblr_binding_verification,PARSER_REMAP_ONLY,parser remap lead,public_execution_plan/final-sblr-sbsql-parser-remap-closure/,project/src/parsers/compatibility/tidb/tidb_dialect.cpp#kBuiltinSurfaces:security
tidb,MYSQL_COMPATIBLE_SQL,builtin_function_surface:diagnostic,parser_declares_route_requiring_parser_remap_or_existing_sblr_binding_verification,PARSER_REMAP_ONLY,parser remap lead,public_execution_plan/final-sblr-sbsql-parser-remap-closure/,project/src/parsers/compatibility/tidb/tidb_dialect.cpp#kBuiltinSurfaces:diagnostic
tidb,MYSQL_COMPATIBLE_SQL,builtin_function_surface:placement,parser_declares_noncluster_route_requiring_sblr_or_udr_expansion,IMPLEMENT_NONCLUSTER,sblr expansion lead,public_execution_plan/source-evidence/final-sblr-sbsql-sblr-expansion-closure/,project/src/parsers/compatibility/tidb/tidb_dialect.cpp#kBuiltinSurfaces:placement
tidb,MYSQL_COMPATIBLE_SQL,builtin_function_surface:vector,parser_declares_noncluster_route_requiring_sblr_or_udr_expansion,IMPLEMENT_NONCLUSTER,sblr expansion lead,public_execution_plan/source-evidence/final-sblr-sbsql-sblr-expansion-closure/,project/src/parsers/compatibility/tidb/tidb_dialect.cpp#kBuiltinSurfaces:vector
tidb,MYSQL_COMPATIBLE_SQL,catalog_overlay_surface:information_schema,parser_declares_route_requiring_parser_remap_or_existing_sblr_binding_verification,PARSER_REMAP_ONLY,parser remap lead,public_execution_plan/final-sblr-sbsql-parser-remap-closure/,project/src/parsers/compatibility/tidb/tidb_dialect.cpp#kCatalogSurfaces:information_schema
tidb,MYSQL_COMPATIBLE_SQL,catalog_overlay_surface:metrics_schema,parser_declares_route_requiring_parser_remap_or_existing_sblr_binding_verification,PARSER_REMAP_ONLY,parser remap lead,public_execution_plan/final-sblr-sbsql-parser-remap-closure/,project/src/parsers/compatibility/tidb/tidb_dialect.cpp#kCatalogSurfaces:metrics_schema
tidb,MYSQL_COMPATIBLE_SQL,catalog_overlay_surface:performance_schema,parser_declares_route_requiring_parser_remap_or_existing_sblr_binding_verification,PARSER_REMAP_ONLY,parser remap lead,public_execution_plan/final-sblr-sbsql-parser-remap-closure/,project/src/parsers/compatibility/tidb/tidb_dialect.cpp#kCatalogSurfaces:performance_schema
tidb,MYSQL_COMPATIBLE_SQL,catalog_overlay_surface:tidb_schema,parser_declares_route_requiring_parser_remap_or_existing_sblr_binding_verification,PARSER_REMAP_ONLY,parser remap lead,public_execution_plan/final-sblr-sbsql-parser-remap-closure/,project/src/parsers/compatibility/tidb/tidb_dialect.cpp#kCatalogSurfaces:tidb_schema
tidb,MYSQL_COMPATIBLE_SQL,catalog_overlay_surface:placement_metadata,parser_declares_route_requiring_parser_remap_or_existing_sblr_binding_verification,PARSER_REMAP_ONLY,parser remap lead,public_execution_plan/final-sblr-sbsql-parser-remap-closure/,project/src/parsers/compatibility/tidb/tidb_dialect.cpp#kCatalogSurfaces:placement_metadata
tidb,MYSQL_COMPATIBLE_SQL,catalog_overlay_surface:region_metadata,parser_declares_route_requiring_parser_remap_or_existing_sblr_binding_verification,PARSER_REMAP_ONLY,parser remap lead,public_execution_plan/final-sblr-sbsql-parser-remap-closure/,project/src/parsers/compatibility/tidb/tidb_dialect.cpp#kCatalogSurfaces:region_metadata
tidb,MYSQL_COMPATIBLE_SQL,catalog_overlay_surface:privilege_metadata,parser_declares_route_requiring_parser_remap_or_existing_sblr_binding_verification,PARSER_REMAP_ONLY,parser remap lead,public_execution_plan/final-sblr-sbsql-parser-remap-closure/,project/src/parsers/compatibility/tidb/tidb_dialect.cpp#kCatalogSurfaces:privilege_metadata
tidb,MYSQL_COMPATIBLE_SQL,catalog_overlay_surface:table_metadata,parser_declares_route_requiring_parser_remap_or_existing_sblr_binding_verification,PARSER_REMAP_ONLY,parser remap lead,public_execution_plan/final-sblr-sbsql-parser-remap-closure/,project/src/parsers/compatibility/tidb/tidb_dialect.cpp#kCatalogSurfaces:table_metadata
tidb,MYSQL_COMPATIBLE_SQL,diagnostic_surface:parse,parser_declares_route_requiring_parser_remap_or_existing_sblr_binding_verification,PARSER_REMAP_ONLY,parser remap lead,public_execution_plan/final-sblr-sbsql-parser-remap-closure/,project/src/parsers/compatibility/tidb/tidb_dialect.cpp#kDiagnosticSurfaces:parse
tidb,MYSQL_COMPATIBLE_SQL,diagnostic_surface:placement,parser_declares_noncluster_route_requiring_sblr_or_udr_expansion,IMPLEMENT_NONCLUSTER,sblr expansion lead,public_execution_plan/source-evidence/final-sblr-sbsql-sblr-expansion-closure/,project/src/parsers/compatibility/tidb/tidb_dialect.cpp#kDiagnosticSurfaces:placement
tidb,MYSQL_COMPATIBLE_SQL,diagnostic_surface:resource_group,parser_declares_noncluster_route_requiring_sblr_or_udr_expansion,IMPLEMENT_NONCLUSTER,sblr expansion lead,public_execution_plan/source-evidence/final-sblr-sbsql-sblr-expansion-closure/,project/src/parsers/compatibility/tidb/tidb_dialect.cpp#kDiagnosticSurfaces:resource_group
tidb,MYSQL_COMPATIBLE_SQL,diagnostic_surface:security,parser_declares_noncluster_route_requiring_sblr_or_udr_expansion,IMPLEMENT_NONCLUSTER,sblr expansion lead,public_execution_plan/source-evidence/final-sblr-sbsql-sblr-expansion-closure/,project/src/parsers/compatibility/tidb/tidb_dialect.cpp#kDiagnosticSurfaces:security
tidb,MYSQL_COMPATIBLE_SQL,diagnostic_surface:catalog,parser_declares_route_requiring_parser_remap_or_existing_sblr_binding_verification,PARSER_REMAP_ONLY,parser remap lead,public_execution_plan/final-sblr-sbsql-parser-remap-closure/,project/src/parsers/compatibility/tidb/tidb_dialect.cpp#kDiagnosticSurfaces:catalog
tidb,MYSQL_COMPATIBLE_SQL,diagnostic_surface:session,parser_declares_route_requiring_parser_remap_or_existing_sblr_binding_verification,PARSER_REMAP_ONLY,parser remap lead,public_execution_plan/final-sblr-sbsql-parser-remap-closure/,project/src/parsers/compatibility/tidb/tidb_dialect.cpp#kDiagnosticSurfaces:session
tidb,MYSQL_COMPATIBLE_SQL,diagnostic_surface:transaction,parser_declares_route_requiring_parser_remap_or_existing_sblr_binding_verification,PARSER_REMAP_ONLY,parser remap lead,public_execution_plan/final-sblr-sbsql-parser-remap-closure/,project/src/parsers/compatibility/tidb/tidb_dialect.cpp#kDiagnosticSurfaces:transaction
tikv,KV_TRANSACTION_COPROCESSOR_API,tikv.import_sst,parser_declares_noncluster_route_requiring_sblr_or_udr_expansion,IMPLEMENT_NONCLUSTER,sblr expansion lead,public_execution_plan/source-evidence/final-sblr-sbsql-sblr-expansion-closure/,project/src/parsers/compatibility/tikv/tikv_dialect.cpp#kPatterns:tikv.import_sst
tikv,KV_TRANSACTION_COPROCESSOR_API,tikv.raw.batch_get,parser_declares_route_requiring_parser_remap_or_existing_sblr_binding_verification,PARSER_REMAP_ONLY,parser remap lead,public_execution_plan/final-sblr-sbsql-parser-remap-closure/,project/src/parsers/compatibility/tikv/tikv_dialect.cpp#kPatterns:tikv.raw.batch_get
tikv,KV_TRANSACTION_COPROCESSOR_API,tikv.raw.get,parser_declares_route_requiring_parser_remap_or_existing_sblr_binding_verification,PARSER_REMAP_ONLY,parser remap lead,public_execution_plan/final-sblr-sbsql-parser-remap-closure/,project/src/parsers/compatibility/tikv/tikv_dialect.cpp#kPatterns:tikv.raw.get
tikv,KV_TRANSACTION_COPROCESSOR_API,tikv.raw.put,parser_declares_route_requiring_parser_remap_or_existing_sblr_binding_verification,PARSER_REMAP_ONLY,parser remap lead,public_execution_plan/final-sblr-sbsql-parser-remap-closure/,project/src/parsers/compatibility/tikv/tikv_dialect.cpp#kPatterns:tikv.raw.put
tikv,KV_TRANSACTION_COPROCESSOR_API,tikv.raw.delete,parser_declares_route_requiring_parser_remap_or_existing_sblr_binding_verification,PARSER_REMAP_ONLY,parser remap lead,public_execution_plan/final-sblr-sbsql-parser-remap-closure/,project/src/parsers/compatibility/tikv/tikv_dialect.cpp#kPatterns:tikv.raw.delete
tikv,KV_TRANSACTION_COPROCESSOR_API,tikv.raw.scan,parser_declares_route_requiring_parser_remap_or_existing_sblr_binding_verification,PARSER_REMAP_ONLY,parser remap lead,public_execution_plan/final-sblr-sbsql-parser-remap-closure/,project/src/parsers/compatibility/tikv/tikv_dialect.cpp#kPatterns:tikv.raw.scan
tikv,KV_TRANSACTION_COPROCESSOR_API,tikv.txn.prewrite,parser_declares_noncluster_route_requiring_sblr_or_udr_expansion,IMPLEMENT_NONCLUSTER,sblr expansion lead,public_execution_plan/source-evidence/final-sblr-sbsql-sblr-expansion-closure/,project/src/parsers/compatibility/tikv/tikv_dialect.cpp#kPatterns:tikv.txn.prewrite
tikv,KV_TRANSACTION_COPROCESSOR_API,tikv.txn.commit,parser_declares_route_requiring_parser_remap_or_existing_sblr_binding_verification,PARSER_REMAP_ONLY,parser remap lead,public_execution_plan/final-sblr-sbsql-parser-remap-closure/,project/src/parsers/compatibility/tikv/tikv_dialect.cpp#kPatterns:tikv.txn.commit
tikv,KV_TRANSACTION_COPROCESSOR_API,tikv.txn.rollback,parser_declares_route_requiring_parser_remap_or_existing_sblr_binding_verification,PARSER_REMAP_ONLY,parser remap lead,public_execution_plan/final-sblr-sbsql-parser-remap-closure/,project/src/parsers/compatibility/tikv/tikv_dialect.cpp#kPatterns:tikv.txn.rollback
tikv,KV_TRANSACTION_COPROCESSOR_API,tikv.txn.get,parser_declares_route_requiring_parser_remap_or_existing_sblr_binding_verification,PARSER_REMAP_ONLY,parser remap lead,public_execution_plan/final-sblr-sbsql-parser-remap-closure/,project/src/parsers/compatibility/tikv/tikv_dialect.cpp#kPatterns:tikv.txn.get
tikv,KV_TRANSACTION_COPROCESSOR_API,tikv.txn.scan,parser_declares_route_requiring_parser_remap_or_existing_sblr_binding_verification,PARSER_REMAP_ONLY,parser remap lead,public_execution_plan/final-sblr-sbsql-parser-remap-closure/,project/src/parsers/compatibility/tikv/tikv_dialect.cpp#kPatterns:tikv.txn.scan
tikv,KV_TRANSACTION_COPROCESSOR_API,tikv.coprocessor.request,parser_declares_noncluster_route_requiring_sblr_or_udr_expansion,IMPLEMENT_NONCLUSTER,sblr expansion lead,public_execution_plan/source-evidence/final-sblr-sbsql-sblr-expansion-closure/,project/src/parsers/compatibility/tikv/tikv_dialect.cpp#kPatterns:tikv.coprocessor.request
tikv,KV_TRANSACTION_COPROCESSOR_API,tikv.catalog.region_info,parser_declares_route_requiring_parser_remap_or_existing_sblr_binding_verification,PARSER_REMAP_ONLY,parser remap lead,public_execution_plan/final-sblr-sbsql-parser-remap-closure/,project/src/parsers/compatibility/tikv/tikv_dialect.cpp#kPatterns:tikv.catalog.region_info
tikv,KV_TRANSACTION_COPROCESSOR_API,tikv.catalog.store_info,parser_declares_route_requiring_parser_remap_or_existing_sblr_binding_verification,PARSER_REMAP_ONLY,parser remap lead,public_execution_plan/final-sblr-sbsql-parser-remap-closure/,project/src/parsers/compatibility/tikv/tikv_dialect.cpp#kPatterns:tikv.catalog.store_info
tikv,KV_TRANSACTION_COPROCESSOR_API,tikv.catalog.mvcc_info,parser_declares_route_requiring_parser_remap_or_existing_sblr_binding_verification,PARSER_REMAP_ONLY,parser remap lead,public_execution_plan/final-sblr-sbsql-parser-remap-closure/,project/src/parsers/compatibility/tikv/tikv_dialect.cpp#kPatterns:tikv.catalog.mvcc_info
tikv,KV_TRANSACTION_COPROCESSOR_API,tikv.catalog.lock_info,parser_declares_route_requiring_parser_remap_or_existing_sblr_binding_verification,PARSER_REMAP_ONLY,parser remap lead,public_execution_plan/final-sblr-sbsql-parser-remap-closure/,project/src/parsers/compatibility/tikv/tikv_dialect.cpp#kPatterns:tikv.catalog.lock_info
tikv,KV_TRANSACTION_COPROCESSOR_API,datatype_surface:ttl,parser_declares_route_requiring_parser_remap_or_existing_sblr_binding_verification,PARSER_REMAP_ONLY,parser remap lead,public_execution_plan/final-sblr-sbsql-parser-remap-closure/,project/src/parsers/compatibility/tikv/tikv_dialect.cpp#kDatatypeSurfaces:ttl
tikv,KV_TRANSACTION_COPROCESSOR_API,datatype_surface:lock,parser_declares_route_requiring_parser_remap_or_existing_sblr_binding_verification,PARSER_REMAP_ONLY,parser remap lead,public_execution_plan/final-sblr-sbsql-parser-remap-closure/,project/src/parsers/compatibility/tikv/tikv_dialect.cpp#kDatatypeSurfaces:lock
tikv,KV_TRANSACTION_COPROCESSOR_API,datatype_surface:region,parser_declares_route_requiring_parser_remap_or_existing_sblr_binding_verification,PARSER_REMAP_ONLY,parser remap lead,public_execution_plan/final-sblr-sbsql-parser-remap-closure/,project/src/parsers/compatibility/tikv/tikv_dialect.cpp#kDatatypeSurfaces:region
tikv,KV_TRANSACTION_COPROCESSOR_API,datatype_surface:coprocessor,parser_declares_noncluster_route_requiring_sblr_or_udr_expansion,IMPLEMENT_NONCLUSTER,sblr expansion lead,public_execution_plan/source-evidence/final-sblr-sbsql-sblr-expansion-closure/,project/src/parsers/compatibility/tikv/tikv_dialect.cpp#kDatatypeSurfaces:coprocessor
tikv,KV_TRANSACTION_COPROCESSOR_API,datatype_surface:sst,parser_declares_noncluster_route_requiring_sblr_or_udr_expansion,IMPLEMENT_NONCLUSTER,sblr expansion lead,public_execution_plan/source-evidence/final-sblr-sbsql-sblr-expansion-closure/,project/src/parsers/compatibility/tikv/tikv_dialect.cpp#kDatatypeSurfaces:sst
tikv,KV_TRANSACTION_COPROCESSOR_API,builtin_function_surface:raw_kv,parser_declares_route_requiring_parser_remap_or_existing_sblr_binding_verification,PARSER_REMAP_ONLY,parser remap lead,public_execution_plan/final-sblr-sbsql-parser-remap-closure/,project/src/parsers/compatibility/tikv/tikv_dialect.cpp#kBuiltinSurfaces:raw_kv
tikv,KV_TRANSACTION_COPROCESSOR_API,builtin_function_surface:txn_kv,parser_declares_route_requiring_parser_remap_or_existing_sblr_binding_verification,PARSER_REMAP_ONLY,parser remap lead,public_execution_plan/final-sblr-sbsql-parser-remap-closure/,project/src/parsers/compatibility/tikv/tikv_dialect.cpp#kBuiltinSurfaces:txn_kv
tikv,KV_TRANSACTION_COPROCESSOR_API,builtin_function_surface:coprocessor,parser_declares_noncluster_route_requiring_sblr_or_udr_expansion,IMPLEMENT_NONCLUSTER,sblr expansion lead,public_execution_plan/source-evidence/final-sblr-sbsql-sblr-expansion-closure/,project/src/parsers/compatibility/tikv/tikv_dialect.cpp#kBuiltinSurfaces:coprocessor
tikv,KV_TRANSACTION_COPROCESSOR_API,builtin_function_surface:import,parser_declares_noncluster_route_requiring_sblr_or_udr_expansion,IMPLEMENT_NONCLUSTER,sblr expansion lead,public_execution_plan/source-evidence/final-sblr-sbsql-sblr-expansion-closure/,project/src/parsers/compatibility/tikv/tikv_dialect.cpp#kBuiltinSurfaces:import
tikv,KV_TRANSACTION_COPROCESSOR_API,builtin_function_surface:catalog,parser_declares_route_requiring_parser_remap_or_existing_sblr_binding_verification,PARSER_REMAP_ONLY,parser remap lead,public_execution_plan/final-sblr-sbsql-parser-remap-closure/,project/src/parsers/compatibility/tikv/tikv_dialect.cpp#kBuiltinSurfaces:catalog
tikv,KV_TRANSACTION_COPROCESSOR_API,builtin_function_surface:transaction,parser_declares_route_requiring_parser_remap_or_existing_sblr_binding_verification,PARSER_REMAP_ONLY,parser remap lead,public_execution_plan/final-sblr-sbsql-parser-remap-closure/,project/src/parsers/compatibility/tikv/tikv_dialect.cpp#kBuiltinSurfaces:transaction
tikv,KV_TRANSACTION_COPROCESSOR_API,builtin_function_surface:security,parser_declares_noncluster_route_requiring_sblr_or_udr_expansion,IMPLEMENT_NONCLUSTER,sblr expansion lead,public_execution_plan/source-evidence/final-sblr-sbsql-sblr-expansion-closure/,project/src/parsers/compatibility/tikv/tikv_dialect.cpp#kBuiltinSurfaces:security
tikv,KV_TRANSACTION_COPROCESSOR_API,catalog_overlay_surface:regions,parser_declares_route_requiring_parser_remap_or_existing_sblr_binding_verification,PARSER_REMAP_ONLY,parser remap lead,public_execution_plan/final-sblr-sbsql-parser-remap-closure/,project/src/parsers/compatibility/tikv/tikv_dialect.cpp#kCatalogSurfaces:regions
tikv,KV_TRANSACTION_COPROCESSOR_API,catalog_overlay_surface:stores,parser_declares_route_requiring_parser_remap_or_existing_sblr_binding_verification,PARSER_REMAP_ONLY,parser remap lead,public_execution_plan/final-sblr-sbsql-parser-remap-closure/,project/src/parsers/compatibility/tikv/tikv_dialect.cpp#kCatalogSurfaces:stores
tikv,KV_TRANSACTION_COPROCESSOR_API,catalog_overlay_surface:locks,parser_declares_route_requiring_parser_remap_or_existing_sblr_binding_verification,PARSER_REMAP_ONLY,parser remap lead,public_execution_plan/final-sblr-sbsql-parser-remap-closure/,project/src/parsers/compatibility/tikv/tikv_dialect.cpp#kCatalogSurfaces:locks
tikv,KV_TRANSACTION_COPROCESSOR_API,catalog_overlay_surface:mvcc,parser_declares_route_requiring_parser_remap_or_existing_sblr_binding_verification,PARSER_REMAP_ONLY,parser remap lead,public_execution_plan/final-sblr-sbsql-parser-remap-closure/,project/src/parsers/compatibility/tikv/tikv_dialect.cpp#kCatalogSurfaces:mvcc
tikv,KV_TRANSACTION_COPROCESSOR_API,catalog_overlay_surface:raw_cf,parser_declares_route_requiring_parser_remap_or_existing_sblr_binding_verification,PARSER_REMAP_ONLY,parser remap lead,public_execution_plan/final-sblr-sbsql-parser-remap-closure/,project/src/parsers/compatibility/tikv/tikv_dialect.cpp#kCatalogSurfaces:raw_cf
tikv,KV_TRANSACTION_COPROCESSOR_API,catalog_overlay_surface:scheduler,parser_declares_route_requiring_parser_remap_or_existing_sblr_binding_verification,PARSER_REMAP_ONLY,parser remap lead,public_execution_plan/final-sblr-sbsql-parser-remap-closure/,project/src/parsers/compatibility/tikv/tikv_dialect.cpp#kCatalogSurfaces:scheduler
tikv,KV_TRANSACTION_COPROCESSOR_API,catalog_overlay_surface:coprocessor,parser_declares_route_requiring_parser_remap_or_existing_sblr_binding_verification,PARSER_REMAP_ONLY,parser remap lead,public_execution_plan/final-sblr-sbsql-parser-remap-closure/,project/src/parsers/compatibility/tikv/tikv_dialect.cpp#kCatalogSurfaces:coprocessor
tikv,KV_TRANSACTION_COPROCESSOR_API,catalog_overlay_surface:import_jobs,parser_declares_route_requiring_parser_remap_or_existing_sblr_binding_verification,PARSER_REMAP_ONLY,parser remap lead,public_execution_plan/final-sblr-sbsql-parser-remap-closure/,project/src/parsers/compatibility/tikv/tikv_dialect.cpp#kCatalogSurfaces:import_jobs
tikv,KV_TRANSACTION_COPROCESSOR_API,diagnostic_surface:parse,parser_declares_route_requiring_parser_remap_or_existing_sblr_binding_verification,PARSER_REMAP_ONLY,parser remap lead,public_execution_plan/final-sblr-sbsql-parser-remap-closure/,project/src/parsers/compatibility/tikv/tikv_dialect.cpp#kDiagnosticSurfaces:parse
tikv,KV_TRANSACTION_COPROCESSOR_API,diagnostic_surface:udr,parser_declares_noncluster_route_requiring_sblr_or_udr_expansion,IMPLEMENT_NONCLUSTER,sblr expansion lead,public_execution_plan/source-evidence/final-sblr-sbsql-sblr-expansion-closure/,project/src/parsers/compatibility/tikv/tikv_dialect.cpp#kDiagnosticSurfaces:udr
tikv,KV_TRANSACTION_COPROCESSOR_API,diagnostic_surface:catalog,parser_declares_route_requiring_parser_remap_or_existing_sblr_binding_verification,PARSER_REMAP_ONLY,parser remap lead,public_execution_plan/final-sblr-sbsql-parser-remap-closure/,project/src/parsers/compatibility/tikv/tikv_dialect.cpp#kDiagnosticSurfaces:catalog
tikv,KV_TRANSACTION_COPROCESSOR_API,diagnostic_surface:session,parser_declares_route_requiring_parser_remap_or_existing_sblr_binding_verification,PARSER_REMAP_ONLY,parser remap lead,public_execution_plan/final-sblr-sbsql-parser-remap-closure/,project/src/parsers/compatibility/tikv/tikv_dialect.cpp#kDiagnosticSurfaces:session
tikv,KV_TRANSACTION_COPROCESSOR_API,diagnostic_surface:transaction,parser_declares_route_requiring_parser_remap_or_existing_sblr_binding_verification,PARSER_REMAP_ONLY,parser remap lead,public_execution_plan/final-sblr-sbsql-parser-remap-closure/,project/src/parsers/compatibility/tikv/tikv_dialect.cpp#kDiagnosticSurfaces:transaction
vitess,MYSQL_COMPATIBLE_VTGATE_VTCTL,vitess.vschema.alter,parser_declares_noncluster_route_requiring_sblr_or_udr_expansion,IMPLEMENT_NONCLUSTER,sblr expansion lead,public_execution_plan/source-evidence/final-sblr-sbsql-sblr-expansion-closure/,project/src/parsers/compatibility/vitess/vitess_dialect.cpp#kPatterns:vitess.vschema.alter
vitess,MYSQL_COMPATIBLE_VTGATE_VTCTL,vitess.catalog_overlay.show_vschema,parser_declares_route_requiring_parser_remap_or_existing_sblr_binding_verification,PARSER_REMAP_ONLY,parser remap lead,public_execution_plan/final-sblr-sbsql-parser-remap-closure/,project/src/parsers/compatibility/vitess/vitess_dialect.cpp#kPatterns:vitess.catalog_overlay.show_vschema
vitess,MYSQL_COMPATIBLE_VTGATE_VTCTL,vitess.catalog_overlay.show_status,parser_declares_route_requiring_parser_remap_or_existing_sblr_binding_verification,PARSER_REMAP_ONLY,parser remap lead,public_execution_plan/final-sblr-sbsql-parser-remap-closure/,project/src/parsers/compatibility/vitess/vitess_dialect.cpp#kPatterns:vitess.catalog_overlay.show_status
vitess,MYSQL_COMPATIBLE_VTGATE_VTCTL,vitess.security.create_user,parser_declares_noncluster_route_requiring_sblr_or_udr_expansion,IMPLEMENT_NONCLUSTER,sblr expansion lead,public_execution_plan/source-evidence/final-sblr-sbsql-sblr-expansion-closure/,project/src/parsers/compatibility/vitess/vitess_dialect.cpp#kPatterns:vitess.security.create_user
vitess,MYSQL_COMPATIBLE_VTGATE_VTCTL,vitess.security.alter_user,parser_declares_noncluster_route_requiring_sblr_or_udr_expansion,IMPLEMENT_NONCLUSTER,sblr expansion lead,public_execution_plan/source-evidence/final-sblr-sbsql-sblr-expansion-closure/,project/src/parsers/compatibility/vitess/vitess_dialect.cpp#kPatterns:vitess.security.alter_user
vitess,MYSQL_COMPATIBLE_VTGATE_VTCTL,vitess.security.drop_user,parser_declares_noncluster_route_requiring_sblr_or_udr_expansion,IMPLEMENT_NONCLUSTER,sblr expansion lead,public_execution_plan/source-evidence/final-sblr-sbsql-sblr-expansion-closure/,project/src/parsers/compatibility/vitess/vitess_dialect.cpp#kPatterns:vitess.security.drop_user
vitess,MYSQL_COMPATIBLE_VTGATE_VTCTL,vitess.security.grant,parser_declares_noncluster_route_requiring_sblr_or_udr_expansion,IMPLEMENT_NONCLUSTER,sblr expansion lead,public_execution_plan/source-evidence/final-sblr-sbsql-sblr-expansion-closure/,project/src/parsers/compatibility/vitess/vitess_dialect.cpp#kPatterns:vitess.security.grant
vitess,MYSQL_COMPATIBLE_VTGATE_VTCTL,vitess.security.revoke,parser_declares_noncluster_route_requiring_sblr_or_udr_expansion,IMPLEMENT_NONCLUSTER,sblr expansion lead,public_execution_plan/source-evidence/final-sblr-sbsql-sblr-expansion-closure/,project/src/parsers/compatibility/vitess/vitess_dialect.cpp#kPatterns:vitess.security.revoke
vitess,MYSQL_COMPATIBLE_VTGATE_VTCTL,vitess.lifecycle.create_database,parser_declares_route_requiring_parser_remap_or_existing_sblr_binding_verification,PARSER_REMAP_ONLY,parser remap lead,public_execution_plan/final-sblr-sbsql-parser-remap-closure/,project/src/parsers/compatibility/vitess/vitess_dialect.cpp#kPatterns:vitess.lifecycle.create_database
vitess,MYSQL_COMPATIBLE_VTGATE_VTCTL,vitess.lifecycle.drop_database,parser_declares_route_requiring_parser_remap_or_existing_sblr_binding_verification,PARSER_REMAP_ONLY,parser remap lead,public_execution_plan/final-sblr-sbsql-parser-remap-closure/,project/src/parsers/compatibility/vitess/vitess_dialect.cpp#kPatterns:vitess.lifecycle.drop_database
vitess,MYSQL_COMPATIBLE_VTGATE_VTCTL,vitess.catalog_overlay.show,parser_declares_route_requiring_parser_remap_or_existing_sblr_binding_verification,PARSER_REMAP_ONLY,parser remap lead,public_execution_plan/final-sblr-sbsql-parser-remap-closure/,project/src/parsers/compatibility/vitess/vitess_dialect.cpp#kPatterns:vitess.catalog_overlay.show
vitess,MYSQL_COMPATIBLE_VTGATE_VTCTL,vitess.catalog_overlay.describe,parser_declares_route_requiring_parser_remap_or_existing_sblr_binding_verification,PARSER_REMAP_ONLY,parser remap lead,public_execution_plan/final-sblr-sbsql-parser-remap-closure/,project/src/parsers/compatibility/vitess/vitess_dialect.cpp#kPatterns:vitess.catalog_overlay.describe
vitess,MYSQL_COMPATIBLE_VTGATE_VTCTL,vitess.optimizer.explain,parser_declares_route_requiring_parser_remap_or_existing_sblr_binding_verification,PARSER_REMAP_ONLY,parser remap lead,public_execution_plan/final-sblr-sbsql-parser-remap-closure/,project/src/parsers/compatibility/vitess/vitess_dialect.cpp#kPatterns:vitess.optimizer.explain
vitess,MYSQL_COMPATIBLE_VTGATE_VTCTL,vitess.session.set,parser_declares_route_requiring_parser_remap_or_existing_sblr_binding_verification,PARSER_REMAP_ONLY,parser remap lead,public_execution_plan/final-sblr-sbsql-parser-remap-closure/,project/src/parsers/compatibility/vitess/vitess_dialect.cpp#kPatterns:vitess.session.set
vitess,MYSQL_COMPATIBLE_VTGATE_VTCTL,vitess.session.use_database,parser_declares_route_requiring_parser_remap_or_existing_sblr_binding_verification,PARSER_REMAP_ONLY,parser remap lead,public_execution_plan/final-sblr-sbsql-parser-remap-closure/,project/src/parsers/compatibility/vitess/vitess_dialect.cpp#kPatterns:vitess.session.use_database
vitess,MYSQL_COMPATIBLE_VTGATE_VTCTL,vitess.prepared.prepare,parser_declares_route_requiring_parser_remap_or_existing_sblr_binding_verification,PARSER_REMAP_ONLY,parser remap lead,public_execution_plan/final-sblr-sbsql-parser-remap-closure/,project/src/parsers/compatibility/vitess/vitess_dialect.cpp#kPatterns:vitess.prepared.prepare
vitess,MYSQL_COMPATIBLE_VTGATE_VTCTL,vitess.prepared.execute,parser_declares_route_requiring_parser_remap_or_existing_sblr_binding_verification,PARSER_REMAP_ONLY,parser remap lead,public_execution_plan/final-sblr-sbsql-parser-remap-closure/,project/src/parsers/compatibility/vitess/vitess_dialect.cpp#kPatterns:vitess.prepared.execute
vitess,MYSQL_COMPATIBLE_VTGATE_VTCTL,vitess.prepared.deallocate,parser_declares_route_requiring_parser_remap_or_existing_sblr_binding_verification,PARSER_REMAP_ONLY,parser remap lead,public_execution_plan/final-sblr-sbsql-parser-remap-closure/,project/src/parsers/compatibility/vitess/vitess_dialect.cpp#kPatterns:vitess.prepared.deallocate
vitess,MYSQL_COMPATIBLE_VTGATE_VTCTL,vitess.ddl.create,parser_declares_route_requiring_parser_remap_or_existing_sblr_binding_verification,PARSER_REMAP_ONLY,parser remap lead,public_execution_plan/final-sblr-sbsql-parser-remap-closure/,project/src/parsers/compatibility/vitess/vitess_dialect.cpp#kPatterns:vitess.ddl.create
vitess,MYSQL_COMPATIBLE_VTGATE_VTCTL,vitess.ddl.alter,parser_declares_route_requiring_parser_remap_or_existing_sblr_binding_verification,PARSER_REMAP_ONLY,parser remap lead,public_execution_plan/final-sblr-sbsql-parser-remap-closure/,project/src/parsers/compatibility/vitess/vitess_dialect.cpp#kPatterns:vitess.ddl.alter
vitess,MYSQL_COMPATIBLE_VTGATE_VTCTL,vitess.ddl.drop,parser_declares_route_requiring_parser_remap_or_existing_sblr_binding_verification,PARSER_REMAP_ONLY,parser remap lead,public_execution_plan/final-sblr-sbsql-parser-remap-closure/,project/src/parsers/compatibility/vitess/vitess_dialect.cpp#kPatterns:vitess.ddl.drop
vitess,MYSQL_COMPATIBLE_VTGATE_VTCTL,vitess.ddl.truncate,parser_declares_route_requiring_parser_remap_or_existing_sblr_binding_verification,PARSER_REMAP_ONLY,parser remap lead,public_execution_plan/final-sblr-sbsql-parser-remap-closure/,project/src/parsers/compatibility/vitess/vitess_dialect.cpp#kPatterns:vitess.ddl.truncate
vitess,MYSQL_COMPATIBLE_VTGATE_VTCTL,vitess.dml.insert,parser_declares_route_requiring_parser_remap_or_existing_sblr_binding_verification,PARSER_REMAP_ONLY,parser remap lead,public_execution_plan/final-sblr-sbsql-parser-remap-closure/,project/src/parsers/compatibility/vitess/vitess_dialect.cpp#kPatterns:vitess.dml.insert
vitess,MYSQL_COMPATIBLE_VTGATE_VTCTL,vitess.dml.update,parser_declares_route_requiring_parser_remap_or_existing_sblr_binding_verification,PARSER_REMAP_ONLY,parser remap lead,public_execution_plan/final-sblr-sbsql-parser-remap-closure/,project/src/parsers/compatibility/vitess/vitess_dialect.cpp#kPatterns:vitess.dml.update
vitess,MYSQL_COMPATIBLE_VTGATE_VTCTL,vitess.dml.delete,parser_declares_route_requiring_parser_remap_or_existing_sblr_binding_verification,PARSER_REMAP_ONLY,parser remap lead,public_execution_plan/final-sblr-sbsql-parser-remap-closure/,project/src/parsers/compatibility/vitess/vitess_dialect.cpp#kPatterns:vitess.dml.delete
vitess,MYSQL_COMPATIBLE_VTGATE_VTCTL,vitess.query.select,parser_declares_route_requiring_parser_remap_or_existing_sblr_binding_verification,PARSER_REMAP_ONLY,parser remap lead,public_execution_plan/final-sblr-sbsql-parser-remap-closure/,project/src/parsers/compatibility/vitess/vitess_dialect.cpp#kPatterns:vitess.query.select
vitess,MYSQL_COMPATIBLE_VTGATE_VTCTL,vitess.query.with,parser_declares_route_requiring_parser_remap_or_existing_sblr_binding_verification,PARSER_REMAP_ONLY,parser remap lead,public_execution_plan/final-sblr-sbsql-parser-remap-closure/,project/src/parsers/compatibility/vitess/vitess_dialect.cpp#kPatterns:vitess.query.with
vitess,MYSQL_COMPATIBLE_VTGATE_VTCTL,vitess.transaction.start,parser_declares_route_requiring_parser_remap_or_existing_sblr_binding_verification,PARSER_REMAP_ONLY,parser remap lead,public_execution_plan/final-sblr-sbsql-parser-remap-closure/,project/src/parsers/compatibility/vitess/vitess_dialect.cpp#kPatterns:vitess.transaction.start
vitess,MYSQL_COMPATIBLE_VTGATE_VTCTL,vitess.transaction.begin,parser_declares_route_requiring_parser_remap_or_existing_sblr_binding_verification,PARSER_REMAP_ONLY,parser remap lead,public_execution_plan/final-sblr-sbsql-parser-remap-closure/,project/src/parsers/compatibility/vitess/vitess_dialect.cpp#kPatterns:vitess.transaction.begin
vitess,MYSQL_COMPATIBLE_VTGATE_VTCTL,vitess.transaction.commit,parser_declares_route_requiring_parser_remap_or_existing_sblr_binding_verification,PARSER_REMAP_ONLY,parser remap lead,public_execution_plan/final-sblr-sbsql-parser-remap-closure/,project/src/parsers/compatibility/vitess/vitess_dialect.cpp#kPatterns:vitess.transaction.commit
vitess,MYSQL_COMPATIBLE_VTGATE_VTCTL,vitess.transaction.rollback,parser_declares_route_requiring_parser_remap_or_existing_sblr_binding_verification,PARSER_REMAP_ONLY,parser remap lead,public_execution_plan/final-sblr-sbsql-parser-remap-closure/,project/src/parsers/compatibility/vitess/vitess_dialect.cpp#kPatterns:vitess.transaction.rollback
vitess,MYSQL_COMPATIBLE_VTGATE_VTCTL,vitess.transaction.savepoint,parser_declares_route_requiring_parser_remap_or_existing_sblr_binding_verification,PARSER_REMAP_ONLY,parser remap lead,public_execution_plan/final-sblr-sbsql-parser-remap-closure/,project/src/parsers/compatibility/vitess/vitess_dialect.cpp#kPatterns:vitess.transaction.savepoint
vitess,MYSQL_COMPATIBLE_VTGATE_VTCTL,vitess.transaction.release_savepoint,parser_declares_route_requiring_parser_remap_or_existing_sblr_binding_verification,PARSER_REMAP_ONLY,parser remap lead,public_execution_plan/final-sblr-sbsql-parser-remap-closure/,project/src/parsers/compatibility/vitess/vitess_dialect.cpp#kPatterns:vitess.transaction.release_savepoint
vitess,MYSQL_COMPATIBLE_VTGATE_VTCTL,datatype_surface:enum_set,parser_declares_noncluster_route_requiring_sblr_or_udr_expansion,IMPLEMENT_NONCLUSTER,sblr expansion lead,public_execution_plan/source-evidence/final-sblr-sbsql-sblr-expansion-closure/,project/src/parsers/compatibility/vitess/vitess_dialect.cpp#kDatatypeSurfaces:enum_set
vitess,MYSQL_COMPATIBLE_VTGATE_VTCTL,datatype_surface:charset_collation,parser_declares_route_requiring_parser_remap_or_existing_sblr_binding_verification,PARSER_REMAP_ONLY,parser remap lead,public_execution_plan/final-sblr-sbsql-parser-remap-closure/,project/src/parsers/compatibility/vitess/vitess_dialect.cpp#kDatatypeSurfaces:charset_collation
vitess,MYSQL_COMPATIBLE_VTGATE_VTCTL,builtin_function_surface:aggregate,parser_declares_route_requiring_parser_remap_or_existing_sblr_binding_verification,PARSER_REMAP_ONLY,parser remap lead,public_execution_plan/final-sblr-sbsql-parser-remap-closure/,project/src/parsers/compatibility/vitess/vitess_dialect.cpp#kBuiltinSurfaces:aggregate
vitess,MYSQL_COMPATIBLE_VTGATE_VTCTL,builtin_function_surface:window,parser_declares_route_requiring_parser_remap_or_existing_sblr_binding_verification,PARSER_REMAP_ONLY,parser remap lead,public_execution_plan/final-sblr-sbsql-parser-remap-closure/,project/src/parsers/compatibility/vitess/vitess_dialect.cpp#kBuiltinSurfaces:window
vitess,MYSQL_COMPATIBLE_VTGATE_VTCTL,builtin_function_surface:string,parser_declares_route_requiring_parser_remap_or_existing_sblr_binding_verification,PARSER_REMAP_ONLY,parser remap lead,public_execution_plan/final-sblr-sbsql-parser-remap-closure/,project/src/parsers/compatibility/vitess/vitess_dialect.cpp#kBuiltinSurfaces:string
vitess,MYSQL_COMPATIBLE_VTGATE_VTCTL,builtin_function_surface:numeric,parser_declares_route_requiring_parser_remap_or_existing_sblr_binding_verification,PARSER_REMAP_ONLY,parser remap lead,public_execution_plan/final-sblr-sbsql-parser-remap-closure/,project/src/parsers/compatibility/vitess/vitess_dialect.cpp#kBuiltinSurfaces:numeric
vitess,MYSQL_COMPATIBLE_VTGATE_VTCTL,builtin_function_surface:temporal,parser_declares_route_requiring_parser_remap_or_existing_sblr_binding_verification,PARSER_REMAP_ONLY,parser remap lead,public_execution_plan/final-sblr-sbsql-parser-remap-closure/,project/src/parsers/compatibility/vitess/vitess_dialect.cpp#kBuiltinSurfaces:temporal
vitess,MYSQL_COMPATIBLE_VTGATE_VTCTL,builtin_function_surface:json,parser_declares_noncluster_route_requiring_sblr_or_udr_expansion,IMPLEMENT_NONCLUSTER,sblr expansion lead,public_execution_plan/source-evidence/final-sblr-sbsql-sblr-expansion-closure/,project/src/parsers/compatibility/vitess/vitess_dialect.cpp#kBuiltinSurfaces:json
vitess,MYSQL_COMPATIBLE_VTGATE_VTCTL,builtin_function_surface:security,parser_declares_route_requiring_parser_remap_or_existing_sblr_binding_verification,PARSER_REMAP_ONLY,parser remap lead,public_execution_plan/final-sblr-sbsql-parser-remap-closure/,project/src/parsers/compatibility/vitess/vitess_dialect.cpp#kBuiltinSurfaces:security
vitess,MYSQL_COMPATIBLE_VTGATE_VTCTL,builtin_function_surface:routing,parser_declares_route_requiring_parser_remap_or_existing_sblr_binding_verification,PARSER_REMAP_ONLY,parser remap lead,public_execution_plan/final-sblr-sbsql-parser-remap-closure/,project/src/parsers/compatibility/vitess/vitess_dialect.cpp#kBuiltinSurfaces:routing
vitess,MYSQL_COMPATIBLE_VTGATE_VTCTL,catalog_overlay_surface:information_schema,parser_declares_route_requiring_parser_remap_or_existing_sblr_binding_verification,PARSER_REMAP_ONLY,parser remap lead,public_execution_plan/final-sblr-sbsql-parser-remap-closure/,project/src/parsers/compatibility/vitess/vitess_dialect.cpp#kCatalogSurfaces:information_schema
vitess,MYSQL_COMPATIBLE_VTGATE_VTCTL,catalog_overlay_surface:vt_schema,parser_declares_route_requiring_parser_remap_or_existing_sblr_binding_verification,PARSER_REMAP_ONLY,parser remap lead,public_execution_plan/final-sblr-sbsql-parser-remap-closure/,project/src/parsers/compatibility/vitess/vitess_dialect.cpp#kCatalogSurfaces:vt_schema
vitess,MYSQL_COMPATIBLE_VTGATE_VTCTL,catalog_overlay_surface:vschema,parser_declares_route_requiring_parser_remap_or_existing_sblr_binding_verification,PARSER_REMAP_ONLY,parser remap lead,public_execution_plan/final-sblr-sbsql-parser-remap-closure/,project/src/parsers/compatibility/vitess/vitess_dialect.cpp#kCatalogSurfaces:vschema
vitess,MYSQL_COMPATIBLE_VTGATE_VTCTL,catalog_overlay_surface:keyspace,parser_declares_route_requiring_parser_remap_or_existing_sblr_binding_verification,PARSER_REMAP_ONLY,parser remap lead,public_execution_plan/final-sblr-sbsql-parser-remap-closure/,project/src/parsers/compatibility/vitess/vitess_dialect.cpp#kCatalogSurfaces:keyspace
vitess,MYSQL_COMPATIBLE_VTGATE_VTCTL,catalog_overlay_surface:tablet,parser_declares_route_requiring_parser_remap_or_existing_sblr_binding_verification,PARSER_REMAP_ONLY,parser remap lead,public_execution_plan/final-sblr-sbsql-parser-remap-closure/,project/src/parsers/compatibility/vitess/vitess_dialect.cpp#kCatalogSurfaces:tablet
vitess,MYSQL_COMPATIBLE_VTGATE_VTCTL,catalog_overlay_surface:routing_rules,parser_declares_route_requiring_parser_remap_or_existing_sblr_binding_verification,PARSER_REMAP_ONLY,parser remap lead,public_execution_plan/final-sblr-sbsql-parser-remap-closure/,project/src/parsers/compatibility/vitess/vitess_dialect.cpp#kCatalogSurfaces:routing_rules
vitess,MYSQL_COMPATIBLE_VTGATE_VTCTL,diagnostic_surface:parse,parser_declares_route_requiring_parser_remap_or_existing_sblr_binding_verification,PARSER_REMAP_ONLY,parser remap lead,public_execution_plan/final-sblr-sbsql-parser-remap-closure/,project/src/parsers/compatibility/vitess/vitess_dialect.cpp#kDiagnosticSurfaces:parse
vitess,MYSQL_COMPATIBLE_VTGATE_VTCTL,diagnostic_surface:vschema,parser_declares_noncluster_route_requiring_sblr_or_udr_expansion,IMPLEMENT_NONCLUSTER,sblr expansion lead,public_execution_plan/source-evidence/final-sblr-sbsql-sblr-expansion-closure/,project/src/parsers/compatibility/vitess/vitess_dialect.cpp#kDiagnosticSurfaces:vschema
vitess,MYSQL_COMPATIBLE_VTGATE_VTCTL,diagnostic_surface:security,parser_declares_noncluster_route_requiring_sblr_or_udr_expansion,IMPLEMENT_NONCLUSTER,sblr expansion lead,public_execution_plan/source-evidence/final-sblr-sbsql-sblr-expansion-closure/,project/src/parsers/compatibility/vitess/vitess_dialect.cpp#kDiagnosticSurfaces:security
vitess,MYSQL_COMPATIBLE_VTGATE_VTCTL,diagnostic_surface:catalog,parser_declares_route_requiring_parser_remap_or_existing_sblr_binding_verification,PARSER_REMAP_ONLY,parser remap lead,public_execution_plan/final-sblr-sbsql-parser-remap-closure/,project/src/parsers/compatibility/vitess/vitess_dialect.cpp#kDiagnosticSurfaces:catalog
vitess,MYSQL_COMPATIBLE_VTGATE_VTCTL,diagnostic_surface:session,parser_declares_route_requiring_parser_remap_or_existing_sblr_binding_verification,PARSER_REMAP_ONLY,parser remap lead,public_execution_plan/final-sblr-sbsql-parser-remap-closure/,project/src/parsers/compatibility/vitess/vitess_dialect.cpp#kDiagnosticSurfaces:session
vitess,MYSQL_COMPATIBLE_VTGATE_VTCTL,diagnostic_surface:transaction,parser_declares_route_requiring_parser_remap_or_existing_sblr_binding_verification,PARSER_REMAP_ONLY,parser remap lead,public_execution_plan/final-sblr-sbsql-parser-remap-closure/,project/src/parsers/compatibility/vitess/vitess_dialect.cpp#kDiagnosticSurfaces:transaction
xtdb,SQL_DATALOG_ENTITY_TRANSACTION_API,xtdb.lifecycle.create_database,parser_declares_route_requiring_parser_remap_or_existing_sblr_binding_verification,PARSER_REMAP_ONLY,parser remap lead,public_execution_plan/final-sblr-sbsql-parser-remap-closure/,project/src/parsers/compatibility/xtdb/xtdb_dialect.cpp#kPatterns:xtdb.lifecycle.create_database
xtdb,SQL_DATALOG_ENTITY_TRANSACTION_API,xtdb.lifecycle.drop_database,parser_declares_route_requiring_parser_remap_or_existing_sblr_binding_verification,PARSER_REMAP_ONLY,parser remap lead,public_execution_plan/final-sblr-sbsql-parser-remap-closure/,project/src/parsers/compatibility/xtdb/xtdb_dialect.cpp#kPatterns:xtdb.lifecycle.drop_database
xtdb,SQL_DATALOG_ENTITY_TRANSACTION_API,xtdb.lifecycle.alter_database,parser_declares_noncluster_route_requiring_sblr_or_udr_expansion,IMPLEMENT_NONCLUSTER,sblr expansion lead,public_execution_plan/source-evidence/final-sblr-sbsql-sblr-expansion-closure/,project/src/parsers/compatibility/xtdb/xtdb_dialect.cpp#kPatterns:xtdb.lifecycle.alter_database
xtdb,SQL_DATALOG_ENTITY_TRANSACTION_API,xtdb.datalog.query,parser_declares_noncluster_route_requiring_sblr_or_udr_expansion,IMPLEMENT_NONCLUSTER,sblr expansion lead,public_execution_plan/source-evidence/final-sblr-sbsql-sblr-expansion-closure/,project/src/parsers/compatibility/xtdb/xtdb_dialect.cpp#kPatterns:xtdb.datalog.query
xtdb,SQL_DATALOG_ENTITY_TRANSACTION_API,xtdb.entity.submit_tx,parser_declares_noncluster_route_requiring_sblr_or_udr_expansion,IMPLEMENT_NONCLUSTER,sblr expansion lead,public_execution_plan/source-evidence/final-sblr-sbsql-sblr-expansion-closure/,project/src/parsers/compatibility/xtdb/xtdb_dialect.cpp#kPatterns:xtdb.entity.submit_tx
xtdb,SQL_DATALOG_ENTITY_TRANSACTION_API,xtdb.entity.put,parser_declares_noncluster_route_requiring_sblr_or_udr_expansion,IMPLEMENT_NONCLUSTER,sblr expansion lead,public_execution_plan/source-evidence/final-sblr-sbsql-sblr-expansion-closure/,project/src/parsers/compatibility/xtdb/xtdb_dialect.cpp#kPatterns:xtdb.entity.put
xtdb,SQL_DATALOG_ENTITY_TRANSACTION_API,xtdb.entity.delete,parser_declares_noncluster_route_requiring_sblr_or_udr_expansion,IMPLEMENT_NONCLUSTER,sblr expansion lead,public_execution_plan/source-evidence/final-sblr-sbsql-sblr-expansion-closure/,project/src/parsers/compatibility/xtdb/xtdb_dialect.cpp#kPatterns:xtdb.entity.delete
xtdb,SQL_DATALOG_ENTITY_TRANSACTION_API,xtdb.entity.evict,parser_declares_noncluster_route_requiring_sblr_or_udr_expansion,IMPLEMENT_NONCLUSTER,sblr expansion lead,public_execution_plan/source-evidence/final-sblr-sbsql-sblr-expansion-closure/,project/src/parsers/compatibility/xtdb/xtdb_dialect.cpp#kPatterns:xtdb.entity.evict
xtdb,SQL_DATALOG_ENTITY_TRANSACTION_API,xtdb.time.valid_time,parser_declares_noncluster_route_requiring_sblr_or_udr_expansion,IMPLEMENT_NONCLUSTER,sblr expansion lead,public_execution_plan/source-evidence/final-sblr-sbsql-sblr-expansion-closure/,project/src/parsers/compatibility/xtdb/xtdb_dialect.cpp#kPatterns:xtdb.time.valid_time
xtdb,SQL_DATALOG_ENTITY_TRANSACTION_API,xtdb.time.system_time,parser_declares_noncluster_route_requiring_sblr_or_udr_expansion,IMPLEMENT_NONCLUSTER,sblr expansion lead,public_execution_plan/source-evidence/final-sblr-sbsql-sblr-expansion-closure/,project/src/parsers/compatibility/xtdb/xtdb_dialect.cpp#kPatterns:xtdb.time.system_time
xtdb,SQL_DATALOG_ENTITY_TRANSACTION_API,xtdb.catalog.status,parser_declares_route_requiring_parser_remap_or_existing_sblr_binding_verification,PARSER_REMAP_ONLY,parser remap lead,public_execution_plan/final-sblr-sbsql-parser-remap-closure/,project/src/parsers/compatibility/xtdb/xtdb_dialect.cpp#kPatterns:xtdb.catalog.status
xtdb,SQL_DATALOG_ENTITY_TRANSACTION_API,xtdb.catalog.tx_log,parser_declares_route_requiring_parser_remap_or_existing_sblr_binding_verification,PARSER_REMAP_ONLY,parser remap lead,public_execution_plan/final-sblr-sbsql-parser-remap-closure/,project/src/parsers/compatibility/xtdb/xtdb_dialect.cpp#kPatterns:xtdb.catalog.tx_log
xtdb,SQL_DATALOG_ENTITY_TRANSACTION_API,xtdb.catalog.modules,parser_declares_route_requiring_parser_remap_or_existing_sblr_binding_verification,PARSER_REMAP_ONLY,parser remap lead,public_execution_plan/final-sblr-sbsql-parser-remap-closure/,project/src/parsers/compatibility/xtdb/xtdb_dialect.cpp#kPatterns:xtdb.catalog.modules
xtdb,SQL_DATALOG_ENTITY_TRANSACTION_API,xtdb.sql.select,parser_declares_route_requiring_parser_remap_or_existing_sblr_binding_verification,PARSER_REMAP_ONLY,parser remap lead,public_execution_plan/final-sblr-sbsql-parser-remap-closure/,project/src/parsers/compatibility/xtdb/xtdb_dialect.cpp#kPatterns:xtdb.sql.select
xtdb,SQL_DATALOG_ENTITY_TRANSACTION_API,xtdb.sql.with,parser_declares_route_requiring_parser_remap_or_existing_sblr_binding_verification,PARSER_REMAP_ONLY,parser remap lead,public_execution_plan/final-sblr-sbsql-parser-remap-closure/,project/src/parsers/compatibility/xtdb/xtdb_dialect.cpp#kPatterns:xtdb.sql.with
xtdb,SQL_DATALOG_ENTITY_TRANSACTION_API,xtdb.sql.insert,parser_declares_noncluster_route_requiring_sblr_or_udr_expansion,IMPLEMENT_NONCLUSTER,sblr expansion lead,public_execution_plan/source-evidence/final-sblr-sbsql-sblr-expansion-closure/,project/src/parsers/compatibility/xtdb/xtdb_dialect.cpp#kPatterns:xtdb.sql.insert
xtdb,SQL_DATALOG_ENTITY_TRANSACTION_API,xtdb.sql.update,parser_declares_noncluster_route_requiring_sblr_or_udr_expansion,IMPLEMENT_NONCLUSTER,sblr expansion lead,public_execution_plan/source-evidence/final-sblr-sbsql-sblr-expansion-closure/,project/src/parsers/compatibility/xtdb/xtdb_dialect.cpp#kPatterns:xtdb.sql.update
xtdb,SQL_DATALOG_ENTITY_TRANSACTION_API,xtdb.sql.delete,parser_declares_noncluster_route_requiring_sblr_or_udr_expansion,IMPLEMENT_NONCLUSTER,sblr expansion lead,public_execution_plan/source-evidence/final-sblr-sbsql-sblr-expansion-closure/,project/src/parsers/compatibility/xtdb/xtdb_dialect.cpp#kPatterns:xtdb.sql.delete
xtdb,SQL_DATALOG_ENTITY_TRANSACTION_API,xtdb.sql.create_table,parser_declares_noncluster_route_requiring_sblr_or_udr_expansion,IMPLEMENT_NONCLUSTER,sblr expansion lead,public_execution_plan/source-evidence/final-sblr-sbsql-sblr-expansion-closure/,project/src/parsers/compatibility/xtdb/xtdb_dialect.cpp#kPatterns:xtdb.sql.create_table
xtdb,SQL_DATALOG_ENTITY_TRANSACTION_API,xtdb.sql.alter_table,parser_declares_noncluster_route_requiring_sblr_or_udr_expansion,IMPLEMENT_NONCLUSTER,sblr expansion lead,public_execution_plan/source-evidence/final-sblr-sbsql-sblr-expansion-closure/,project/src/parsers/compatibility/xtdb/xtdb_dialect.cpp#kPatterns:xtdb.sql.alter_table
xtdb,SQL_DATALOG_ENTITY_TRANSACTION_API,xtdb.sql.drop_table,parser_declares_noncluster_route_requiring_sblr_or_udr_expansion,IMPLEMENT_NONCLUSTER,sblr expansion lead,public_execution_plan/source-evidence/final-sblr-sbsql-sblr-expansion-closure/,project/src/parsers/compatibility/xtdb/xtdb_dialect.cpp#kPatterns:xtdb.sql.drop_table
xtdb,SQL_DATALOG_ENTITY_TRANSACTION_API,xtdb.transaction.begin,parser_declares_route_requiring_parser_remap_or_existing_sblr_binding_verification,PARSER_REMAP_ONLY,parser remap lead,public_execution_plan/final-sblr-sbsql-parser-remap-closure/,project/src/parsers/compatibility/xtdb/xtdb_dialect.cpp#kPatterns:xtdb.transaction.begin
xtdb,SQL_DATALOG_ENTITY_TRANSACTION_API,xtdb.transaction.commit,parser_declares_route_requiring_parser_remap_or_existing_sblr_binding_verification,PARSER_REMAP_ONLY,parser remap lead,public_execution_plan/final-sblr-sbsql-parser-remap-closure/,project/src/parsers/compatibility/xtdb/xtdb_dialect.cpp#kPatterns:xtdb.transaction.commit
xtdb,SQL_DATALOG_ENTITY_TRANSACTION_API,xtdb.transaction.rollback,parser_declares_route_requiring_parser_remap_or_existing_sblr_binding_verification,PARSER_REMAP_ONLY,parser remap lead,public_execution_plan/final-sblr-sbsql-parser-remap-closure/,project/src/parsers/compatibility/xtdb/xtdb_dialect.cpp#kPatterns:xtdb.transaction.rollback
xtdb,SQL_DATALOG_ENTITY_TRANSACTION_API,datatype_surface:temporal,parser_declares_noncluster_route_requiring_sblr_or_udr_expansion,IMPLEMENT_NONCLUSTER,sblr expansion lead,public_execution_plan/source-evidence/final-sblr-sbsql-sblr-expansion-closure/,project/src/parsers/compatibility/xtdb/xtdb_dialect.cpp#kDatatypeSurfaces:temporal
xtdb,SQL_DATALOG_ENTITY_TRANSACTION_API,datatype_surface:document,parser_declares_noncluster_route_requiring_sblr_or_udr_expansion,IMPLEMENT_NONCLUSTER,sblr expansion lead,public_execution_plan/source-evidence/final-sblr-sbsql-sblr-expansion-closure/,project/src/parsers/compatibility/xtdb/xtdb_dialect.cpp#kDatatypeSurfaces:document
xtdb,SQL_DATALOG_ENTITY_TRANSACTION_API,datatype_surface:entity,parser_declares_noncluster_route_requiring_sblr_or_udr_expansion,IMPLEMENT_NONCLUSTER,sblr expansion lead,public_execution_plan/source-evidence/final-sblr-sbsql-sblr-expansion-closure/,project/src/parsers/compatibility/xtdb/xtdb_dialect.cpp#kDatatypeSurfaces:entity
xtdb,SQL_DATALOG_ENTITY_TRANSACTION_API,datatype_surface:datalog,parser_declares_noncluster_route_requiring_sblr_or_udr_expansion,IMPLEMENT_NONCLUSTER,sblr expansion lead,public_execution_plan/source-evidence/final-sblr-sbsql-sblr-expansion-closure/,project/src/parsers/compatibility/xtdb/xtdb_dialect.cpp#kDatatypeSurfaces:datalog
xtdb,SQL_DATALOG_ENTITY_TRANSACTION_API,datatype_surface:bitemporal,parser_declares_noncluster_route_requiring_sblr_or_udr_expansion,IMPLEMENT_NONCLUSTER,sblr expansion lead,public_execution_plan/source-evidence/final-sblr-sbsql-sblr-expansion-closure/,project/src/parsers/compatibility/xtdb/xtdb_dialect.cpp#kDatatypeSurfaces:bitemporal
xtdb,SQL_DATALOG_ENTITY_TRANSACTION_API,datatype_surface:catalog,parser_declares_route_requiring_parser_remap_or_existing_sblr_binding_verification,PARSER_REMAP_ONLY,parser remap lead,public_execution_plan/final-sblr-sbsql-parser-remap-closure/,project/src/parsers/compatibility/xtdb/xtdb_dialect.cpp#kDatatypeSurfaces:catalog
xtdb,SQL_DATALOG_ENTITY_TRANSACTION_API,datatype_surface:module,parser_declares_route_requiring_parser_remap_or_existing_sblr_binding_verification,PARSER_REMAP_ONLY,parser remap lead,public_execution_plan/final-sblr-sbsql-parser-remap-closure/,project/src/parsers/compatibility/xtdb/xtdb_dialect.cpp#kDatatypeSurfaces:module
xtdb,SQL_DATALOG_ENTITY_TRANSACTION_API,builtin_function_surface:query,parser_declares_route_requiring_parser_remap_or_existing_sblr_binding_verification,PARSER_REMAP_ONLY,parser remap lead,public_execution_plan/final-sblr-sbsql-parser-remap-closure/,project/src/parsers/compatibility/xtdb/xtdb_dialect.cpp#kBuiltinSurfaces:query
xtdb,SQL_DATALOG_ENTITY_TRANSACTION_API,builtin_function_surface:entity_tx,parser_declares_noncluster_route_requiring_sblr_or_udr_expansion,IMPLEMENT_NONCLUSTER,sblr expansion lead,public_execution_plan/source-evidence/final-sblr-sbsql-sblr-expansion-closure/,project/src/parsers/compatibility/xtdb/xtdb_dialect.cpp#kBuiltinSurfaces:entity_tx
xtdb,SQL_DATALOG_ENTITY_TRANSACTION_API,builtin_function_surface:bitemporal,parser_declares_noncluster_route_requiring_sblr_or_udr_expansion,IMPLEMENT_NONCLUSTER,sblr expansion lead,public_execution_plan/source-evidence/final-sblr-sbsql-sblr-expansion-closure/,project/src/parsers/compatibility/xtdb/xtdb_dialect.cpp#kBuiltinSurfaces:bitemporal
xtdb,SQL_DATALOG_ENTITY_TRANSACTION_API,builtin_function_surface:catalog,parser_declares_route_requiring_parser_remap_or_existing_sblr_binding_verification,PARSER_REMAP_ONLY,parser remap lead,public_execution_plan/final-sblr-sbsql-parser-remap-closure/,project/src/parsers/compatibility/xtdb/xtdb_dialect.cpp#kBuiltinSurfaces:catalog
xtdb,SQL_DATALOG_ENTITY_TRANSACTION_API,builtin_function_surface:sql_dml,parser_declares_noncluster_route_requiring_sblr_or_udr_expansion,IMPLEMENT_NONCLUSTER,sblr expansion lead,public_execution_plan/source-evidence/final-sblr-sbsql-sblr-expansion-closure/,project/src/parsers/compatibility/xtdb/xtdb_dialect.cpp#kBuiltinSurfaces:sql_dml
xtdb,SQL_DATALOG_ENTITY_TRANSACTION_API,builtin_function_surface:sql_ddl,parser_declares_noncluster_route_requiring_sblr_or_udr_expansion,IMPLEMENT_NONCLUSTER,sblr expansion lead,public_execution_plan/source-evidence/final-sblr-sbsql-sblr-expansion-closure/,project/src/parsers/compatibility/xtdb/xtdb_dialect.cpp#kBuiltinSurfaces:sql_ddl
xtdb,SQL_DATALOG_ENTITY_TRANSACTION_API,builtin_function_surface:transaction,parser_declares_route_requiring_parser_remap_or_existing_sblr_binding_verification,PARSER_REMAP_ONLY,parser remap lead,public_execution_plan/final-sblr-sbsql-parser-remap-closure/,project/src/parsers/compatibility/xtdb/xtdb_dialect.cpp#kBuiltinSurfaces:transaction
xtdb,SQL_DATALOG_ENTITY_TRANSACTION_API,catalog_overlay_surface:xt_schema,parser_declares_route_requiring_parser_remap_or_existing_sblr_binding_verification,PARSER_REMAP_ONLY,parser remap lead,public_execution_plan/final-sblr-sbsql-parser-remap-closure/,project/src/parsers/compatibility/xtdb/xtdb_dialect.cpp#kCatalogSurfaces:xt_schema
xtdb,SQL_DATALOG_ENTITY_TRANSACTION_API,catalog_overlay_surface:pg_catalog,parser_declares_route_requiring_parser_remap_or_existing_sblr_binding_verification,PARSER_REMAP_ONLY,parser remap lead,public_execution_plan/final-sblr-sbsql-parser-remap-closure/,project/src/parsers/compatibility/xtdb/xtdb_dialect.cpp#kCatalogSurfaces:pg_catalog
xtdb,SQL_DATALOG_ENTITY_TRANSACTION_API,catalog_overlay_surface:information_schema,parser_declares_route_requiring_parser_remap_or_existing_sblr_binding_verification,PARSER_REMAP_ONLY,parser remap lead,public_execution_plan/final-sblr-sbsql-parser-remap-closure/,project/src/parsers/compatibility/xtdb/xtdb_dialect.cpp#kCatalogSurfaces:information_schema
xtdb,SQL_DATALOG_ENTITY_TRANSACTION_API,catalog_overlay_surface:public_schema,parser_declares_route_requiring_parser_remap_or_existing_sblr_binding_verification,PARSER_REMAP_ONLY,parser remap lead,public_execution_plan/final-sblr-sbsql-parser-remap-closure/,project/src/parsers/compatibility/xtdb/xtdb_dialect.cpp#kCatalogSurfaces:public_schema
xtdb,SQL_DATALOG_ENTITY_TRANSACTION_API,catalog_overlay_surface:tables,parser_declares_route_requiring_parser_remap_or_existing_sblr_binding_verification,PARSER_REMAP_ONLY,parser remap lead,public_execution_plan/final-sblr-sbsql-parser-remap-closure/,project/src/parsers/compatibility/xtdb/xtdb_dialect.cpp#kCatalogSurfaces:tables
xtdb,SQL_DATALOG_ENTITY_TRANSACTION_API,catalog_overlay_surface:columns,parser_declares_route_requiring_parser_remap_or_existing_sblr_binding_verification,PARSER_REMAP_ONLY,parser remap lead,public_execution_plan/final-sblr-sbsql-parser-remap-closure/,project/src/parsers/compatibility/xtdb/xtdb_dialect.cpp#kCatalogSurfaces:columns
xtdb,SQL_DATALOG_ENTITY_TRANSACTION_API,catalog_overlay_surface:types,parser_declares_route_requiring_parser_remap_or_existing_sblr_binding_verification,PARSER_REMAP_ONLY,parser remap lead,public_execution_plan/final-sblr-sbsql-parser-remap-closure/,project/src/parsers/compatibility/xtdb/xtdb_dialect.cpp#kCatalogSurfaces:types
xtdb,SQL_DATALOG_ENTITY_TRANSACTION_API,catalog_overlay_surface:runtime,parser_declares_route_requiring_parser_remap_or_existing_sblr_binding_verification,PARSER_REMAP_ONLY,parser remap lead,public_execution_plan/final-sblr-sbsql-parser-remap-closure/,project/src/parsers/compatibility/xtdb/xtdb_dialect.cpp#kCatalogSurfaces:runtime
xtdb,SQL_DATALOG_ENTITY_TRANSACTION_API,catalog_overlay_surface:modules,parser_declares_route_requiring_parser_remap_or_existing_sblr_binding_verification,PARSER_REMAP_ONLY,parser remap lead,public_execution_plan/final-sblr-sbsql-parser-remap-closure/,project/src/parsers/compatibility/xtdb/xtdb_dialect.cpp#kCatalogSurfaces:modules
xtdb,SQL_DATALOG_ENTITY_TRANSACTION_API,catalog_overlay_surface:security,parser_declares_route_requiring_parser_remap_or_existing_sblr_binding_verification,PARSER_REMAP_ONLY,parser remap lead,public_execution_plan/final-sblr-sbsql-parser-remap-closure/,project/src/parsers/compatibility/xtdb/xtdb_dialect.cpp#kCatalogSurfaces:security
xtdb,SQL_DATALOG_ENTITY_TRANSACTION_API,diagnostic_surface:parse,parser_declares_route_requiring_parser_remap_or_existing_sblr_binding_verification,PARSER_REMAP_ONLY,parser remap lead,public_execution_plan/final-sblr-sbsql-parser-remap-closure/,project/src/parsers/compatibility/xtdb/xtdb_dialect.cpp#kDiagnosticSurfaces:parse
xtdb,SQL_DATALOG_ENTITY_TRANSACTION_API,diagnostic_surface:udr,parser_declares_noncluster_route_requiring_sblr_or_udr_expansion,IMPLEMENT_NONCLUSTER,sblr expansion lead,public_execution_plan/source-evidence/final-sblr-sbsql-sblr-expansion-closure/,project/src/parsers/compatibility/xtdb/xtdb_dialect.cpp#kDiagnosticSurfaces:udr
xtdb,SQL_DATALOG_ENTITY_TRANSACTION_API,diagnostic_surface:catalog,parser_declares_route_requiring_parser_remap_or_existing_sblr_binding_verification,PARSER_REMAP_ONLY,parser remap lead,public_execution_plan/final-sblr-sbsql-parser-remap-closure/,project/src/parsers/compatibility/xtdb/xtdb_dialect.cpp#kDiagnosticSurfaces:catalog
xtdb,SQL_DATALOG_ENTITY_TRANSACTION_API,diagnostic_surface:session,parser_declares_route_requiring_parser_remap_or_existing_sblr_binding_verification,PARSER_REMAP_ONLY,parser remap lead,public_execution_plan/final-sblr-sbsql-parser-remap-closure/,project/src/parsers/compatibility/xtdb/xtdb_dialect.cpp#kDiagnosticSurfaces:session
xtdb,SQL_DATALOG_ENTITY_TRANSACTION_API,diagnostic_surface:transaction,parser_declares_route_requiring_parser_remap_or_existing_sblr_binding_verification,PARSER_REMAP_ONLY,parser remap lead,public_execution_plan/final-sblr-sbsql-parser-remap-closure/,project/src/parsers/compatibility/xtdb/xtdb_dialect.cpp#kDiagnosticSurfaces:transaction
yugabytedb,YSQL_YCQL_API,yugabytedb.ycql.keyspace.create,parser_declares_noncluster_route_requiring_sblr_or_udr_expansion,IMPLEMENT_NONCLUSTER,sblr expansion lead,public_execution_plan/source-evidence/final-sblr-sbsql-sblr-expansion-closure/,project/src/parsers/compatibility/yugabytedb/yugabytedb_dialect.cpp#kPatterns:yugabytedb.ycql.keyspace.create
yugabytedb,YSQL_YCQL_API,yugabytedb.ycql.keyspace.alter,parser_declares_noncluster_route_requiring_sblr_or_udr_expansion,IMPLEMENT_NONCLUSTER,sblr expansion lead,public_execution_plan/source-evidence/final-sblr-sbsql-sblr-expansion-closure/,project/src/parsers/compatibility/yugabytedb/yugabytedb_dialect.cpp#kPatterns:yugabytedb.ycql.keyspace.alter
yugabytedb,YSQL_YCQL_API,yugabytedb.ycql.keyspace.drop,parser_declares_noncluster_route_requiring_sblr_or_udr_expansion,IMPLEMENT_NONCLUSTER,sblr expansion lead,public_execution_plan/source-evidence/final-sblr-sbsql-sblr-expansion-closure/,project/src/parsers/compatibility/yugabytedb/yugabytedb_dialect.cpp#kPatterns:yugabytedb.ycql.keyspace.drop
yugabytedb,YSQL_YCQL_API,yugabytedb.tablet.split_into,parser_declares_noncluster_route_requiring_sblr_or_udr_expansion,IMPLEMENT_NONCLUSTER,sblr expansion lead,public_execution_plan/source-evidence/final-sblr-sbsql-sblr-expansion-closure/,project/src/parsers/compatibility/yugabytedb/yugabytedb_dialect.cpp#kPatterns:yugabytedb.tablet.split_into
yugabytedb,YSQL_YCQL_API,yugabytedb.tablegroup.create,parser_declares_noncluster_route_requiring_sblr_or_udr_expansion,IMPLEMENT_NONCLUSTER,sblr expansion lead,public_execution_plan/source-evidence/final-sblr-sbsql-sblr-expansion-closure/,project/src/parsers/compatibility/yugabytedb/yugabytedb_dialect.cpp#kPatterns:yugabytedb.tablegroup.create
yugabytedb,YSQL_YCQL_API,yugabytedb.tablegroup.alter,parser_declares_noncluster_route_requiring_sblr_or_udr_expansion,IMPLEMENT_NONCLUSTER,sblr expansion lead,public_execution_plan/source-evidence/final-sblr-sbsql-sblr-expansion-closure/,project/src/parsers/compatibility/yugabytedb/yugabytedb_dialect.cpp#kPatterns:yugabytedb.tablegroup.alter
yugabytedb,YSQL_YCQL_API,yugabytedb.tablegroup.drop,parser_declares_noncluster_route_requiring_sblr_or_udr_expansion,IMPLEMENT_NONCLUSTER,sblr expansion lead,public_execution_plan/source-evidence/final-sblr-sbsql-sblr-expansion-closure/,project/src/parsers/compatibility/yugabytedb/yugabytedb_dialect.cpp#kPatterns:yugabytedb.tablegroup.drop
yugabytedb,YSQL_YCQL_API,yugabytedb.catalog_overlay.server_region,parser_declares_route_requiring_parser_remap_or_existing_sblr_binding_verification,PARSER_REMAP_ONLY,parser remap lead,public_execution_plan/final-sblr-sbsql-parser-remap-closure/,project/src/parsers/compatibility/yugabytedb/yugabytedb_dialect.cpp#kPatterns:yugabytedb.catalog_overlay.server_region
yugabytedb,YSQL_YCQL_API,yugabytedb.bulk_io.copy,parser_declares_noncluster_route_requiring_sblr_or_udr_expansion,IMPLEMENT_NONCLUSTER,sblr expansion lead,public_execution_plan/source-evidence/final-sblr-sbsql-sblr-expansion-closure/,project/src/parsers/compatibility/yugabytedb/yugabytedb_dialect.cpp#kPatterns:yugabytedb.bulk_io.copy
yugabytedb,YSQL_YCQL_API,yugabytedb.security.create_role,parser_declares_noncluster_route_requiring_sblr_or_udr_expansion,IMPLEMENT_NONCLUSTER,sblr expansion lead,public_execution_plan/source-evidence/final-sblr-sbsql-sblr-expansion-closure/,project/src/parsers/compatibility/yugabytedb/yugabytedb_dialect.cpp#kPatterns:yugabytedb.security.create_role
yugabytedb,YSQL_YCQL_API,yugabytedb.security.alter_role,parser_declares_noncluster_route_requiring_sblr_or_udr_expansion,IMPLEMENT_NONCLUSTER,sblr expansion lead,public_execution_plan/source-evidence/final-sblr-sbsql-sblr-expansion-closure/,project/src/parsers/compatibility/yugabytedb/yugabytedb_dialect.cpp#kPatterns:yugabytedb.security.alter_role
yugabytedb,YSQL_YCQL_API,yugabytedb.security.drop_role,parser_declares_noncluster_route_requiring_sblr_or_udr_expansion,IMPLEMENT_NONCLUSTER,sblr expansion lead,public_execution_plan/source-evidence/final-sblr-sbsql-sblr-expansion-closure/,project/src/parsers/compatibility/yugabytedb/yugabytedb_dialect.cpp#kPatterns:yugabytedb.security.drop_role
yugabytedb,YSQL_YCQL_API,yugabytedb.security.grant,parser_declares_noncluster_route_requiring_sblr_or_udr_expansion,IMPLEMENT_NONCLUSTER,sblr expansion lead,public_execution_plan/source-evidence/final-sblr-sbsql-sblr-expansion-closure/,project/src/parsers/compatibility/yugabytedb/yugabytedb_dialect.cpp#kPatterns:yugabytedb.security.grant
yugabytedb,YSQL_YCQL_API,yugabytedb.security.revoke,parser_declares_noncluster_route_requiring_sblr_or_udr_expansion,IMPLEMENT_NONCLUSTER,sblr expansion lead,public_execution_plan/source-evidence/final-sblr-sbsql-sblr-expansion-closure/,project/src/parsers/compatibility/yugabytedb/yugabytedb_dialect.cpp#kPatterns:yugabytedb.security.revoke
yugabytedb,YSQL_YCQL_API,yugabytedb.lifecycle.create_database,parser_declares_route_requiring_parser_remap_or_existing_sblr_binding_verification,PARSER_REMAP_ONLY,parser remap lead,public_execution_plan/final-sblr-sbsql-parser-remap-closure/,project/src/parsers/compatibility/yugabytedb/yugabytedb_dialect.cpp#kPatterns:yugabytedb.lifecycle.create_database
yugabytedb,YSQL_YCQL_API,yugabytedb.lifecycle.drop_database,parser_declares_route_requiring_parser_remap_or_existing_sblr_binding_verification,PARSER_REMAP_ONLY,parser remap lead,public_execution_plan/final-sblr-sbsql-parser-remap-closure/,project/src/parsers/compatibility/yugabytedb/yugabytedb_dialect.cpp#kPatterns:yugabytedb.lifecycle.drop_database
yugabytedb,YSQL_YCQL_API,yugabytedb.catalog_overlay.show,parser_declares_route_requiring_parser_remap_or_existing_sblr_binding_verification,PARSER_REMAP_ONLY,parser remap lead,public_execution_plan/final-sblr-sbsql-parser-remap-closure/,project/src/parsers/compatibility/yugabytedb/yugabytedb_dialect.cpp#kPatterns:yugabytedb.catalog_overlay.show
yugabytedb,YSQL_YCQL_API,yugabytedb.optimizer.explain,parser_declares_route_requiring_parser_remap_or_existing_sblr_binding_verification,PARSER_REMAP_ONLY,parser remap lead,public_execution_plan/final-sblr-sbsql-parser-remap-closure/,project/src/parsers/compatibility/yugabytedb/yugabytedb_dialect.cpp#kPatterns:yugabytedb.optimizer.explain
yugabytedb,YSQL_YCQL_API,yugabytedb.session.set,parser_declares_route_requiring_parser_remap_or_existing_sblr_binding_verification,PARSER_REMAP_ONLY,parser remap lead,public_execution_plan/final-sblr-sbsql-parser-remap-closure/,project/src/parsers/compatibility/yugabytedb/yugabytedb_dialect.cpp#kPatterns:yugabytedb.session.set
yugabytedb,YSQL_YCQL_API,yugabytedb.session.reset,parser_declares_route_requiring_parser_remap_or_existing_sblr_binding_verification,PARSER_REMAP_ONLY,parser remap lead,public_execution_plan/final-sblr-sbsql-parser-remap-closure/,project/src/parsers/compatibility/yugabytedb/yugabytedb_dialect.cpp#kPatterns:yugabytedb.session.reset
yugabytedb,YSQL_YCQL_API,yugabytedb.prepared.prepare,parser_declares_route_requiring_parser_remap_or_existing_sblr_binding_verification,PARSER_REMAP_ONLY,parser remap lead,public_execution_plan/final-sblr-sbsql-parser-remap-closure/,project/src/parsers/compatibility/yugabytedb/yugabytedb_dialect.cpp#kPatterns:yugabytedb.prepared.prepare
yugabytedb,YSQL_YCQL_API,yugabytedb.prepared.execute,parser_declares_route_requiring_parser_remap_or_existing_sblr_binding_verification,PARSER_REMAP_ONLY,parser remap lead,public_execution_plan/final-sblr-sbsql-parser-remap-closure/,project/src/parsers/compatibility/yugabytedb/yugabytedb_dialect.cpp#kPatterns:yugabytedb.prepared.execute
yugabytedb,YSQL_YCQL_API,yugabytedb.prepared.deallocate,parser_declares_route_requiring_parser_remap_or_existing_sblr_binding_verification,PARSER_REMAP_ONLY,parser remap lead,public_execution_plan/final-sblr-sbsql-parser-remap-closure/,project/src/parsers/compatibility/yugabytedb/yugabytedb_dialect.cpp#kPatterns:yugabytedb.prepared.deallocate
yugabytedb,YSQL_YCQL_API,yugabytedb.ddl.create,parser_declares_route_requiring_parser_remap_or_existing_sblr_binding_verification,PARSER_REMAP_ONLY,parser remap lead,public_execution_plan/final-sblr-sbsql-parser-remap-closure/,project/src/parsers/compatibility/yugabytedb/yugabytedb_dialect.cpp#kPatterns:yugabytedb.ddl.create
yugabytedb,YSQL_YCQL_API,yugabytedb.ddl.alter,parser_declares_route_requiring_parser_remap_or_existing_sblr_binding_verification,PARSER_REMAP_ONLY,parser remap lead,public_execution_plan/final-sblr-sbsql-parser-remap-closure/,project/src/parsers/compatibility/yugabytedb/yugabytedb_dialect.cpp#kPatterns:yugabytedb.ddl.alter
yugabytedb,YSQL_YCQL_API,yugabytedb.ddl.drop,parser_declares_route_requiring_parser_remap_or_existing_sblr_binding_verification,PARSER_REMAP_ONLY,parser remap lead,public_execution_plan/final-sblr-sbsql-parser-remap-closure/,project/src/parsers/compatibility/yugabytedb/yugabytedb_dialect.cpp#kPatterns:yugabytedb.ddl.drop
yugabytedb,YSQL_YCQL_API,yugabytedb.ddl.truncate,parser_declares_route_requiring_parser_remap_or_existing_sblr_binding_verification,PARSER_REMAP_ONLY,parser remap lead,public_execution_plan/final-sblr-sbsql-parser-remap-closure/,project/src/parsers/compatibility/yugabytedb/yugabytedb_dialect.cpp#kPatterns:yugabytedb.ddl.truncate
yugabytedb,YSQL_YCQL_API,yugabytedb.dml.merge,parser_declares_route_requiring_parser_remap_or_existing_sblr_binding_verification,PARSER_REMAP_ONLY,parser remap lead,public_execution_plan/final-sblr-sbsql-parser-remap-closure/,project/src/parsers/compatibility/yugabytedb/yugabytedb_dialect.cpp#kPatterns:yugabytedb.dml.merge
yugabytedb,YSQL_YCQL_API,yugabytedb.dml.insert,parser_declares_route_requiring_parser_remap_or_existing_sblr_binding_verification,PARSER_REMAP_ONLY,parser remap lead,public_execution_plan/final-sblr-sbsql-parser-remap-closure/,project/src/parsers/compatibility/yugabytedb/yugabytedb_dialect.cpp#kPatterns:yugabytedb.dml.insert
yugabytedb,YSQL_YCQL_API,yugabytedb.dml.update,parser_declares_route_requiring_parser_remap_or_existing_sblr_binding_verification,PARSER_REMAP_ONLY,parser remap lead,public_execution_plan/final-sblr-sbsql-parser-remap-closure/,project/src/parsers/compatibility/yugabytedb/yugabytedb_dialect.cpp#kPatterns:yugabytedb.dml.update
yugabytedb,YSQL_YCQL_API,yugabytedb.dml.delete,parser_declares_route_requiring_parser_remap_or_existing_sblr_binding_verification,PARSER_REMAP_ONLY,parser remap lead,public_execution_plan/final-sblr-sbsql-parser-remap-closure/,project/src/parsers/compatibility/yugabytedb/yugabytedb_dialect.cpp#kPatterns:yugabytedb.dml.delete
yugabytedb,YSQL_YCQL_API,yugabytedb.query.select,parser_declares_route_requiring_parser_remap_or_existing_sblr_binding_verification,PARSER_REMAP_ONLY,parser remap lead,public_execution_plan/final-sblr-sbsql-parser-remap-closure/,project/src/parsers/compatibility/yugabytedb/yugabytedb_dialect.cpp#kPatterns:yugabytedb.query.select
yugabytedb,YSQL_YCQL_API,yugabytedb.query.with,parser_declares_route_requiring_parser_remap_or_existing_sblr_binding_verification,PARSER_REMAP_ONLY,parser remap lead,public_execution_plan/final-sblr-sbsql-parser-remap-closure/,project/src/parsers/compatibility/yugabytedb/yugabytedb_dialect.cpp#kPatterns:yugabytedb.query.with
yugabytedb,YSQL_YCQL_API,yugabytedb.transaction.start,parser_declares_route_requiring_parser_remap_or_existing_sblr_binding_verification,PARSER_REMAP_ONLY,parser remap lead,public_execution_plan/final-sblr-sbsql-parser-remap-closure/,project/src/parsers/compatibility/yugabytedb/yugabytedb_dialect.cpp#kPatterns:yugabytedb.transaction.start
yugabytedb,YSQL_YCQL_API,yugabytedb.transaction.begin,parser_declares_route_requiring_parser_remap_or_existing_sblr_binding_verification,PARSER_REMAP_ONLY,parser remap lead,public_execution_plan/final-sblr-sbsql-parser-remap-closure/,project/src/parsers/compatibility/yugabytedb/yugabytedb_dialect.cpp#kPatterns:yugabytedb.transaction.begin
yugabytedb,YSQL_YCQL_API,yugabytedb.transaction.commit,parser_declares_route_requiring_parser_remap_or_existing_sblr_binding_verification,PARSER_REMAP_ONLY,parser remap lead,public_execution_plan/final-sblr-sbsql-parser-remap-closure/,project/src/parsers/compatibility/yugabytedb/yugabytedb_dialect.cpp#kPatterns:yugabytedb.transaction.commit
yugabytedb,YSQL_YCQL_API,yugabytedb.transaction.rollback,parser_declares_route_requiring_parser_remap_or_existing_sblr_binding_verification,PARSER_REMAP_ONLY,parser remap lead,public_execution_plan/final-sblr-sbsql-parser-remap-closure/,project/src/parsers/compatibility/yugabytedb/yugabytedb_dialect.cpp#kPatterns:yugabytedb.transaction.rollback
yugabytedb,YSQL_YCQL_API,yugabytedb.transaction.savepoint,parser_declares_route_requiring_parser_remap_or_existing_sblr_binding_verification,PARSER_REMAP_ONLY,parser remap lead,public_execution_plan/final-sblr-sbsql-parser-remap-closure/,project/src/parsers/compatibility/yugabytedb/yugabytedb_dialect.cpp#kPatterns:yugabytedb.transaction.savepoint
yugabytedb,YSQL_YCQL_API,yugabytedb.transaction.release_savepoint,parser_declares_route_requiring_parser_remap_or_existing_sblr_binding_verification,PARSER_REMAP_ONLY,parser remap lead,public_execution_plan/final-sblr-sbsql-parser-remap-closure/,project/src/parsers/compatibility/yugabytedb/yugabytedb_dialect.cpp#kPatterns:yugabytedb.transaction.release_savepoint
yugabytedb,YSQL_YCQL_API,datatype_surface:ycql,parser_declares_noncluster_route_requiring_sblr_or_udr_expansion,IMPLEMENT_NONCLUSTER,sblr expansion lead,public_execution_plan/source-evidence/final-sblr-sbsql-sblr-expansion-closure/,project/src/parsers/compatibility/yugabytedb/yugabytedb_dialect.cpp#kDatatypeSurfaces:ycql
yugabytedb,YSQL_YCQL_API,datatype_surface:geo,parser_declares_noncluster_route_requiring_sblr_or_udr_expansion,IMPLEMENT_NONCLUSTER,sblr expansion lead,public_execution_plan/source-evidence/final-sblr-sbsql-sblr-expansion-closure/,project/src/parsers/compatibility/yugabytedb/yugabytedb_dialect.cpp#kDatatypeSurfaces:geo
yugabytedb,YSQL_YCQL_API,datatype_surface:domain_enum,parser_declares_route_requiring_parser_remap_or_existing_sblr_binding_verification,PARSER_REMAP_ONLY,parser remap lead,public_execution_plan/final-sblr-sbsql-parser-remap-closure/,project/src/parsers/compatibility/yugabytedb/yugabytedb_dialect.cpp#kDatatypeSurfaces:domain_enum
yugabytedb,YSQL_YCQL_API,builtin_function_surface:aggregate,parser_declares_route_requiring_parser_remap_or_existing_sblr_binding_verification,PARSER_REMAP_ONLY,parser remap lead,public_execution_plan/final-sblr-sbsql-parser-remap-closure/,project/src/parsers/compatibility/yugabytedb/yugabytedb_dialect.cpp#kBuiltinSurfaces:aggregate
yugabytedb,YSQL_YCQL_API,builtin_function_surface:window,parser_declares_route_requiring_parser_remap_or_existing_sblr_binding_verification,PARSER_REMAP_ONLY,parser remap lead,public_execution_plan/final-sblr-sbsql-parser-remap-closure/,project/src/parsers/compatibility/yugabytedb/yugabytedb_dialect.cpp#kBuiltinSurfaces:window
yugabytedb,YSQL_YCQL_API,builtin_function_surface:string,parser_declares_route_requiring_parser_remap_or_existing_sblr_binding_verification,PARSER_REMAP_ONLY,parser remap lead,public_execution_plan/final-sblr-sbsql-parser-remap-closure/,project/src/parsers/compatibility/yugabytedb/yugabytedb_dialect.cpp#kBuiltinSurfaces:string
yugabytedb,YSQL_YCQL_API,builtin_function_surface:numeric,parser_declares_route_requiring_parser_remap_or_existing_sblr_binding_verification,PARSER_REMAP_ONLY,parser remap lead,public_execution_plan/final-sblr-sbsql-parser-remap-closure/,project/src/parsers/compatibility/yugabytedb/yugabytedb_dialect.cpp#kBuiltinSurfaces:numeric
yugabytedb,YSQL_YCQL_API,builtin_function_surface:temporal,parser_declares_route_requiring_parser_remap_or_existing_sblr_binding_verification,PARSER_REMAP_ONLY,parser remap lead,public_execution_plan/final-sblr-sbsql-parser-remap-closure/,project/src/parsers/compatibility/yugabytedb/yugabytedb_dialect.cpp#kBuiltinSurfaces:temporal
yugabytedb,YSQL_YCQL_API,builtin_function_surface:json,parser_declares_noncluster_route_requiring_sblr_or_udr_expansion,IMPLEMENT_NONCLUSTER,sblr expansion lead,public_execution_plan/source-evidence/final-sblr-sbsql-sblr-expansion-closure/,project/src/parsers/compatibility/yugabytedb/yugabytedb_dialect.cpp#kBuiltinSurfaces:json
yugabytedb,YSQL_YCQL_API,builtin_function_surface:array,parser_declares_noncluster_route_requiring_sblr_or_udr_expansion,IMPLEMENT_NONCLUSTER,sblr expansion lead,public_execution_plan/source-evidence/final-sblr-sbsql-sblr-expansion-closure/,project/src/parsers/compatibility/yugabytedb/yugabytedb_dialect.cpp#kBuiltinSurfaces:array
yugabytedb,YSQL_YCQL_API,builtin_function_surface:yb_catalog,parser_declares_route_requiring_parser_remap_or_existing_sblr_binding_verification,PARSER_REMAP_ONLY,parser remap lead,public_execution_plan/final-sblr-sbsql-parser-remap-closure/,project/src/parsers/compatibility/yugabytedb/yugabytedb_dialect.cpp#kBuiltinSurfaces:yb_catalog
yugabytedb,YSQL_YCQL_API,builtin_function_surface:uuid,parser_declares_noncluster_route_requiring_sblr_or_udr_expansion,IMPLEMENT_NONCLUSTER,sblr expansion lead,public_execution_plan/source-evidence/final-sblr-sbsql-sblr-expansion-closure/,project/src/parsers/compatibility/yugabytedb/yugabytedb_dialect.cpp#kBuiltinSurfaces:uuid
yugabytedb,YSQL_YCQL_API,builtin_function_surface:security,parser_declares_route_requiring_parser_remap_or_existing_sblr_binding_verification,PARSER_REMAP_ONLY,parser remap lead,public_execution_plan/final-sblr-sbsql-parser-remap-closure/,project/src/parsers/compatibility/yugabytedb/yugabytedb_dialect.cpp#kBuiltinSurfaces:security
yugabytedb,YSQL_YCQL_API,builtin_function_surface:ycql,parser_declares_noncluster_route_requiring_sblr_or_udr_expansion,IMPLEMENT_NONCLUSTER,sblr expansion lead,public_execution_plan/source-evidence/final-sblr-sbsql-sblr-expansion-closure/,project/src/parsers/compatibility/yugabytedb/yugabytedb_dialect.cpp#kBuiltinSurfaces:ycql
yugabytedb,YSQL_YCQL_API,catalog_overlay_surface:yb_catalog,parser_declares_route_requiring_parser_remap_or_existing_sblr_binding_verification,PARSER_REMAP_ONLY,parser remap lead,public_execution_plan/final-sblr-sbsql-parser-remap-closure/,project/src/parsers/compatibility/yugabytedb/yugabytedb_dialect.cpp#kCatalogSurfaces:yb_catalog
yugabytedb,YSQL_YCQL_API,catalog_overlay_surface:pg_catalog,parser_declares_route_requiring_parser_remap_or_existing_sblr_binding_verification,PARSER_REMAP_ONLY,parser remap lead,public_execution_plan/final-sblr-sbsql-parser-remap-closure/,project/src/parsers/compatibility/yugabytedb/yugabytedb_dialect.cpp#kCatalogSurfaces:pg_catalog
yugabytedb,YSQL_YCQL_API,catalog_overlay_surface:information_schema,parser_declares_route_requiring_parser_remap_or_existing_sblr_binding_verification,PARSER_REMAP_ONLY,parser remap lead,public_execution_plan/final-sblr-sbsql-parser-remap-closure/,project/src/parsers/compatibility/yugabytedb/yugabytedb_dialect.cpp#kCatalogSurfaces:information_schema
yugabytedb,YSQL_YCQL_API,catalog_overlay_surface:ycql_keyspaces,parser_declares_route_requiring_parser_remap_or_existing_sblr_binding_verification,PARSER_REMAP_ONLY,parser remap lead,public_execution_plan/final-sblr-sbsql-parser-remap-closure/,project/src/parsers/compatibility/yugabytedb/yugabytedb_dialect.cpp#kCatalogSurfaces:ycql_keyspaces
yugabytedb,YSQL_YCQL_API,catalog_overlay_surface:tablets,parser_declares_route_requiring_parser_remap_or_existing_sblr_binding_verification,PARSER_REMAP_ONLY,parser remap lead,public_execution_plan/final-sblr-sbsql-parser-remap-closure/,project/src/parsers/compatibility/yugabytedb/yugabytedb_dialect.cpp#kCatalogSurfaces:tablets
yugabytedb,YSQL_YCQL_API,catalog_overlay_surface:tablegroups,parser_declares_route_requiring_parser_remap_or_existing_sblr_binding_verification,PARSER_REMAP_ONLY,parser remap lead,public_execution_plan/final-sblr-sbsql-parser-remap-closure/,project/src/parsers/compatibility/yugabytedb/yugabytedb_dialect.cpp#kCatalogSurfaces:tablegroups
yugabytedb,YSQL_YCQL_API,catalog_overlay_surface:roles_security,parser_declares_route_requiring_parser_remap_or_existing_sblr_binding_verification,PARSER_REMAP_ONLY,parser remap lead,public_execution_plan/final-sblr-sbsql-parser-remap-closure/,project/src/parsers/compatibility/yugabytedb/yugabytedb_dialect.cpp#kCatalogSurfaces:roles_security
yugabytedb,YSQL_YCQL_API,catalog_overlay_surface:fdw,parser_declares_route_requiring_parser_remap_or_existing_sblr_binding_verification,PARSER_REMAP_ONLY,parser remap lead,public_execution_plan/final-sblr-sbsql-parser-remap-closure/,project/src/parsers/compatibility/yugabytedb/yugabytedb_dialect.cpp#kCatalogSurfaces:fdw
yugabytedb,YSQL_YCQL_API,catalog_overlay_surface:schema_table,parser_declares_route_requiring_parser_remap_or_existing_sblr_binding_verification,PARSER_REMAP_ONLY,parser remap lead,public_execution_plan/final-sblr-sbsql-parser-remap-closure/,project/src/parsers/compatibility/yugabytedb/yugabytedb_dialect.cpp#kCatalogSurfaces:schema_table
yugabytedb,YSQL_YCQL_API,diagnostic_surface:parse,parser_declares_route_requiring_parser_remap_or_existing_sblr_binding_verification,PARSER_REMAP_ONLY,parser remap lead,public_execution_plan/final-sblr-sbsql-parser-remap-closure/,project/src/parsers/compatibility/yugabytedb/yugabytedb_dialect.cpp#kDiagnosticSurfaces:parse
yugabytedb,YSQL_YCQL_API,diagnostic_surface:ycql,parser_declares_noncluster_route_requiring_sblr_or_udr_expansion,IMPLEMENT_NONCLUSTER,sblr expansion lead,public_execution_plan/source-evidence/final-sblr-sbsql-sblr-expansion-closure/,project/src/parsers/compatibility/yugabytedb/yugabytedb_dialect.cpp#kDiagnosticSurfaces:ycql
yugabytedb,YSQL_YCQL_API,diagnostic_surface:tablet,parser_declares_noncluster_route_requiring_sblr_or_udr_expansion,IMPLEMENT_NONCLUSTER,sblr expansion lead,public_execution_plan/source-evidence/final-sblr-sbsql-sblr-expansion-closure/,project/src/parsers/compatibility/yugabytedb/yugabytedb_dialect.cpp#kDiagnosticSurfaces:tablet
yugabytedb,YSQL_YCQL_API,diagnostic_surface:tablegroup,parser_declares_noncluster_route_requiring_sblr_or_udr_expansion,IMPLEMENT_NONCLUSTER,sblr expansion lead,public_execution_plan/source-evidence/final-sblr-sbsql-sblr-expansion-closure/,project/src/parsers/compatibility/yugabytedb/yugabytedb_dialect.cpp#kDiagnosticSurfaces:tablegroup
yugabytedb,YSQL_YCQL_API,diagnostic_surface:security,parser_declares_noncluster_route_requiring_sblr_or_udr_expansion,IMPLEMENT_NONCLUSTER,sblr expansion lead,public_execution_plan/source-evidence/final-sblr-sbsql-sblr-expansion-closure/,project/src/parsers/compatibility/yugabytedb/yugabytedb_dialect.cpp#kDiagnosticSurfaces:security
clickhouse,SQL_HTTP_NATIVE,clickhouse.etl.kafka,parser_declares_noncluster_route_requiring_sblr_or_udr_expansion,IMPLEMENT_NONCLUSTER,sblr expansion lead,public_execution_plan/source-evidence/final-sblr-sbsql-sblr-expansion-closure/,project/src/parsers/compatibility/clickhouse/clickhouse_dialect.cpp#kPatterns:clickhouse.etl.kafka
