proof_id,proof_type,compatibility,native_tool,case_id,source_or_staged_locator,route_coverage,expected_operation_family,expected_statement_kind,expected_disposition,expected_diagnostic_code,proof_status,ctest_label,test_destination,evidence_key,authority_policy,status,notes
FPR-P6-SUMMARY-001,compatibility_replay_summary,firebird,not_applicable,not_applicable,project/tests/conformance/compatibility_parsers/firebird,replay_cases=7;native_tools=1,not_applicable,not_applicable,not_applicable,not_applicable,p6_compatibility_replay_proof_verified,compatibility_sql_first_tranche_original_tool_replay_gate,project/tests/compatibility_sql_parser_first_tranche/parser_compatibility_replay_proof_gate.py,replay_counts_by_dialect.firebird,parser_evidence_only_engine_mga_security_storage_authority,p6_compatibility_replay_proof_verified,Compatibility-native replay and staged-tool evidence is covered by regular CTest proof.
FPR-P6-SUMMARY-002,compatibility_replay_summary,postgresql,not_applicable,not_applicable,project/tests/conformance/compatibility_parsers/postgresql,replay_cases=21;native_tools=4,not_applicable,not_applicable,not_applicable,not_applicable,p6_compatibility_replay_proof_verified,compatibility_sql_first_tranche_original_tool_replay_gate,project/tests/compatibility_sql_parser_first_tranche/parser_compatibility_replay_proof_gate.py,replay_counts_by_dialect.postgresql,parser_evidence_only_engine_mga_security_storage_authority,p6_compatibility_replay_proof_verified,Compatibility-native replay and staged-tool evidence is covered by regular CTest proof.
FPR-P6-SUMMARY-003,compatibility_replay_summary,mysql,not_applicable,not_applicable,project/tests/conformance/compatibility_parsers/mysql,replay_cases=15;native_tools=2,not_applicable,not_applicable,not_applicable,not_applicable,p6_compatibility_replay_proof_verified,compatibility_sql_first_tranche_original_tool_replay_gate,project/tests/compatibility_sql_parser_first_tranche/parser_compatibility_replay_proof_gate.py,replay_counts_by_dialect.mysql,parser_evidence_only_engine_mga_security_storage_authority,p6_compatibility_replay_proof_verified,Compatibility-native replay and staged-tool evidence is covered by regular CTest proof.
FPR-P6-SUMMARY-004,compatibility_replay_summary,sqlite,not_applicable,not_applicable,project/tests/conformance/compatibility_parsers/sqlite,replay_cases=3;native_tools=1,not_applicable,not_applicable,not_applicable,not_applicable,p6_compatibility_replay_proof_verified,compatibility_sql_first_tranche_original_tool_replay_gate,project/tests/compatibility_sql_parser_first_tranche/parser_compatibility_replay_proof_gate.py,replay_counts_by_dialect.sqlite,parser_evidence_only_engine_mga_security_storage_authority,p6_compatibility_replay_proof_verified,Compatibility-native replay and staged-tool evidence is covered by regular CTest proof.
FPR-P6-SUMMARY-005,compatibility_replay_summary,mariadb,not_applicable,not_applicable,project/tests/conformance/compatibility_parsers/mariadb,replay_cases=5;native_tools=0,not_applicable,not_applicable,not_applicable,not_applicable,p6_compatibility_replay_proof_verified,compatibility_sql_first_tranche_original_tool_replay_gate,project/tests/compatibility_sql_parser_first_tranche/parser_compatibility_replay_proof_gate.py,replay_counts_by_dialect.mariadb,parser_evidence_only_engine_mga_security_storage_authority,p6_compatibility_replay_proof_verified,Compatibility-native replay and staged-tool evidence is covered by regular CTest proof.
FPR-P6-SUMMARY-006,compatibility_replay_summary,duckdb,not_applicable,not_applicable,project/tests/conformance/compatibility_parsers/duckdb,replay_cases=3;native_tools=0,not_applicable,not_applicable,not_applicable,not_applicable,p6_compatibility_replay_proof_verified,compatibility_sql_first_tranche_original_tool_replay_gate,project/tests/compatibility_sql_parser_first_tranche/parser_compatibility_replay_proof_gate.py,replay_counts_by_dialect.duckdb,parser_evidence_only_engine_mga_security_storage_authority,p6_compatibility_replay_proof_verified,Compatibility-native replay and staged-tool evidence is covered by regular CTest proof.
FPR-P6-SUMMARY-007,compatibility_replay_summary,clickhouse,not_applicable,not_applicable,project/tests/conformance/compatibility_parsers/clickhouse,replay_cases=4;native_tools=0,not_applicable,not_applicable,not_applicable,not_applicable,p6_compatibility_replay_proof_verified,compatibility_sql_first_tranche_original_tool_replay_gate,project/tests/compatibility_sql_parser_first_tranche/parser_compatibility_replay_proof_gate.py,replay_counts_by_dialect.clickhouse,parser_evidence_only_engine_mga_security_storage_authority,p6_compatibility_replay_proof_verified,Compatibility-native replay and staged-tool evidence is covered by regular CTest proof.
FPR-P6-SUMMARY-008,compatibility_replay_summary,tidb,not_applicable,not_applicable,project/tests/conformance/compatibility_parsers/tidb,replay_cases=3;native_tools=0,not_applicable,not_applicable,not_applicable,not_applicable,p6_compatibility_replay_proof_verified,compatibility_sql_first_tranche_original_tool_replay_gate,project/tests/compatibility_sql_parser_first_tranche/parser_compatibility_replay_proof_gate.py,replay_counts_by_dialect.tidb,parser_evidence_only_engine_mga_security_storage_authority,p6_compatibility_replay_proof_verified,Compatibility-native replay and staged-tool evidence is covered by regular CTest proof.
FPR-P6-SUMMARY-009,compatibility_replay_summary,vitess,not_applicable,not_applicable,project/tests/conformance/compatibility_parsers/vitess,replay_cases=3;native_tools=0,not_applicable,not_applicable,not_applicable,not_applicable,p6_compatibility_replay_proof_verified,compatibility_sql_first_tranche_original_tool_replay_gate,project/tests/compatibility_sql_parser_first_tranche/parser_compatibility_replay_proof_gate.py,replay_counts_by_dialect.vitess,parser_evidence_only_engine_mga_security_storage_authority,p6_compatibility_replay_proof_verified,Compatibility-native replay and staged-tool evidence is covered by regular CTest proof.
FPR-P6-SUMMARY-010,compatibility_replay_summary,cockroachdb,not_applicable,not_applicable,project/tests/conformance/compatibility_parsers/cockroachdb,replay_cases=3;native_tools=0,not_applicable,not_applicable,not_applicable,not_applicable,p6_compatibility_replay_proof_verified,compatibility_sql_first_tranche_original_tool_replay_gate,project/tests/compatibility_sql_parser_first_tranche/parser_compatibility_replay_proof_gate.py,replay_counts_by_dialect.cockroachdb,parser_evidence_only_engine_mga_security_storage_authority,p6_compatibility_replay_proof_verified,Compatibility-native replay and staged-tool evidence is covered by regular CTest proof.
FPR-P6-SUMMARY-011,compatibility_replay_summary,yugabytedb,not_applicable,not_applicable,project/tests/conformance/compatibility_parsers/yugabytedb,replay_cases=3;native_tools=0,not_applicable,not_applicable,not_applicable,not_applicable,p6_compatibility_replay_proof_verified,compatibility_sql_first_tranche_original_tool_replay_gate,project/tests/compatibility_sql_parser_first_tranche/parser_compatibility_replay_proof_gate.py,replay_counts_by_dialect.yugabytedb,parser_evidence_only_engine_mga_security_storage_authority,p6_compatibility_replay_proof_verified,Compatibility-native replay and staged-tool evidence is covered by regular CTest proof.
FPR-P6-SUMMARY-012,compatibility_replay_summary,cassandra,not_applicable,not_applicable,project/tests/conformance/compatibility_parsers/cassandra,replay_cases=3;native_tools=0,not_applicable,not_applicable,not_applicable,not_applicable,p6_compatibility_replay_proof_verified,compatibility_sql_first_tranche_original_tool_replay_gate,project/tests/compatibility_sql_parser_first_tranche/parser_compatibility_replay_proof_gate.py,replay_counts_by_dialect.cassandra,parser_evidence_only_engine_mga_security_storage_authority,p6_compatibility_replay_proof_verified,Compatibility-native replay and staged-tool evidence is covered by regular CTest proof.
FPR-P6-SUMMARY-013,compatibility_replay_summary,mongodb,not_applicable,not_applicable,project/tests/conformance/compatibility_parsers/mongodb,replay_cases=3;native_tools=0,not_applicable,not_applicable,not_applicable,not_applicable,p6_compatibility_replay_proof_verified,compatibility_sql_first_tranche_original_tool_replay_gate,project/tests/compatibility_sql_parser_first_tranche/parser_compatibility_replay_proof_gate.py,replay_counts_by_dialect.mongodb,parser_evidence_only_engine_mga_security_storage_authority,p6_compatibility_replay_proof_verified,Compatibility-native replay and staged-tool evidence is covered by regular CTest proof.
FPR-P6-SUMMARY-014,compatibility_replay_summary,redis,not_applicable,not_applicable,project/tests/conformance/compatibility_parsers/redis,replay_cases=3;native_tools=0,not_applicable,not_applicable,not_applicable,not_applicable,p6_compatibility_replay_proof_verified,compatibility_sql_first_tranche_original_tool_replay_gate,project/tests/compatibility_sql_parser_first_tranche/parser_compatibility_replay_proof_gate.py,replay_counts_by_dialect.redis,parser_evidence_only_engine_mga_security_storage_authority,p6_compatibility_replay_proof_verified,Compatibility-native replay and staged-tool evidence is covered by regular CTest proof.
FPR-P6-SUMMARY-015,compatibility_replay_summary,opensearch_sql_ppl,not_applicable,not_applicable,project/tests/conformance/compatibility_parsers/opensearch_sql_ppl,replay_cases=4;native_tools=0,not_applicable,not_applicable,not_applicable,not_applicable,p6_compatibility_replay_proof_verified,compatibility_sql_first_tranche_original_tool_replay_gate,project/tests/compatibility_sql_parser_first_tranche/parser_compatibility_replay_proof_gate.py,replay_counts_by_dialect.opensearch_sql_ppl,parser_evidence_only_engine_mga_security_storage_authority,p6_compatibility_replay_proof_verified,Compatibility-native replay and staged-tool evidence is covered by regular CTest proof.
FPR-P6-SUMMARY-016,compatibility_replay_summary,opensearch,not_applicable,not_applicable,project/tests/conformance/compatibility_parsers/opensearch,replay_cases=3;native_tools=0,not_applicable,not_applicable,not_applicable,not_applicable,p6_compatibility_replay_proof_verified,compatibility_sql_first_tranche_original_tool_replay_gate,project/tests/compatibility_sql_parser_first_tranche/parser_compatibility_replay_proof_gate.py,replay_counts_by_dialect.opensearch,parser_evidence_only_engine_mga_security_storage_authority,p6_compatibility_replay_proof_verified,Compatibility-native replay and staged-tool evidence is covered by regular CTest proof.
FPR-P6-SUMMARY-017,compatibility_replay_summary,neo4j,not_applicable,not_applicable,project/tests/conformance/compatibility_parsers/neo4j,replay_cases=3;native_tools=0,not_applicable,not_applicable,not_applicable,not_applicable,p6_compatibility_replay_proof_verified,compatibility_sql_first_tranche_original_tool_replay_gate,project/tests/compatibility_sql_parser_first_tranche/parser_compatibility_replay_proof_gate.py,replay_counts_by_dialect.neo4j,parser_evidence_only_engine_mga_security_storage_authority,p6_compatibility_replay_proof_verified,Compatibility-native replay and staged-tool evidence is covered by regular CTest proof.
FPR-P6-SUMMARY-018,compatibility_replay_summary,influxdb,not_applicable,not_applicable,project/tests/conformance/compatibility_parsers/influxdb,replay_cases=4;native_tools=0,not_applicable,not_applicable,not_applicable,not_applicable,p6_compatibility_replay_proof_verified,compatibility_sql_first_tranche_original_tool_replay_gate,project/tests/compatibility_sql_parser_first_tranche/parser_compatibility_replay_proof_gate.py,replay_counts_by_dialect.influxdb,parser_evidence_only_engine_mga_security_storage_authority,p6_compatibility_replay_proof_verified,Compatibility-native replay and staged-tool evidence is covered by regular CTest proof.
FPR-P6-SUMMARY-019,compatibility_replay_summary,milvus,not_applicable,not_applicable,project/tests/conformance/compatibility_parsers/milvus,replay_cases=4;native_tools=0,not_applicable,not_applicable,not_applicable,not_applicable,p6_compatibility_replay_proof_verified,compatibility_sql_first_tranche_original_tool_replay_gate,project/tests/compatibility_sql_parser_first_tranche/parser_compatibility_replay_proof_gate.py,replay_counts_by_dialect.milvus,parser_evidence_only_engine_mga_security_storage_authority,p6_compatibility_replay_proof_verified,Compatibility-native replay and staged-tool evidence is covered by regular CTest proof.
FPR-P6-SUMMARY-020,compatibility_replay_summary,dolt,not_applicable,not_applicable,project/tests/conformance/compatibility_parsers/dolt,replay_cases=3;native_tools=0,not_applicable,not_applicable,not_applicable,not_applicable,p6_compatibility_replay_proof_verified,compatibility_sql_first_tranche_original_tool_replay_gate,project/tests/compatibility_sql_parser_first_tranche/parser_compatibility_replay_proof_gate.py,replay_counts_by_dialect.dolt,parser_evidence_only_engine_mga_security_storage_authority,p6_compatibility_replay_proof_verified,Compatibility-native replay and staged-tool evidence is covered by regular CTest proof.
FPR-P6-SUMMARY-021,compatibility_replay_summary,apache_ignite,not_applicable,not_applicable,project/tests/conformance/compatibility_parsers/apache_ignite,replay_cases=4;native_tools=0,not_applicable,not_applicable,not_applicable,not_applicable,p6_compatibility_replay_proof_verified,compatibility_sql_first_tranche_original_tool_replay_gate,project/tests/compatibility_sql_parser_first_tranche/parser_compatibility_replay_proof_gate.py,replay_counts_by_dialect.apache_ignite,parser_evidence_only_engine_mga_security_storage_authority,p6_compatibility_replay_proof_verified,Compatibility-native replay and staged-tool evidence is covered by regular CTest proof.
FPR-P6-SUMMARY-022,compatibility_replay_summary,tikv,not_applicable,not_applicable,project/tests/conformance/compatibility_parsers/tikv,replay_cases=4;native_tools=0,not_applicable,not_applicable,not_applicable,not_applicable,p6_compatibility_replay_proof_verified,compatibility_sql_first_tranche_original_tool_replay_gate,project/tests/compatibility_sql_parser_first_tranche/parser_compatibility_replay_proof_gate.py,replay_counts_by_dialect.tikv,parser_evidence_only_engine_mga_security_storage_authority,p6_compatibility_replay_proof_verified,Compatibility-native replay and staged-tool evidence is covered by regular CTest proof.
FPR-P6-SUMMARY-023,compatibility_replay_summary,foundationdb,not_applicable,not_applicable,project/tests/conformance/compatibility_parsers/foundationdb,replay_cases=4;native_tools=0,not_applicable,not_applicable,not_applicable,not_applicable,p6_compatibility_replay_proof_verified,compatibility_sql_first_tranche_original_tool_replay_gate,project/tests/compatibility_sql_parser_first_tranche/parser_compatibility_replay_proof_gate.py,replay_counts_by_dialect.foundationdb,parser_evidence_only_engine_mga_security_storage_authority,p6_compatibility_replay_proof_verified,Compatibility-native replay and staged-tool evidence is covered by regular CTest proof.
FPR-P6-SUMMARY-024,compatibility_replay_summary,immudb,not_applicable,not_applicable,project/tests/conformance/compatibility_parsers/immudb,replay_cases=4;native_tools=0,not_applicable,not_applicable,not_applicable,not_applicable,p6_compatibility_replay_proof_verified,compatibility_sql_first_tranche_original_tool_replay_gate,project/tests/compatibility_sql_parser_first_tranche/parser_compatibility_replay_proof_gate.py,replay_counts_by_dialect.immudb,parser_evidence_only_engine_mga_security_storage_authority,p6_compatibility_replay_proof_verified,Compatibility-native replay and staged-tool evidence is covered by regular CTest proof.
FPR-P6-SUMMARY-025,compatibility_replay_summary,xtdb,not_applicable,not_applicable,project/tests/conformance/compatibility_parsers/xtdb,replay_cases=5;native_tools=0,not_applicable,not_applicable,not_applicable,not_applicable,p6_compatibility_replay_proof_verified,compatibility_sql_first_tranche_original_tool_replay_gate,project/tests/compatibility_sql_parser_first_tranche/parser_compatibility_replay_proof_gate.py,replay_counts_by_dialect.xtdb,parser_evidence_only_engine_mga_security_storage_authority,p6_compatibility_replay_proof_verified,Compatibility-native replay and staged-tool evidence is covered by regular CTest proof.
FPR-P6-TOOL-001,native_tool_staging,firebird,firebird-isql,not_applicable,project/tests/reference_regression/firebird/native_tool_harness/tools/isql,native_tool_staged_and_smoked,not_applicable,not_applicable,not_applicable,not_applicable,p6_compatibility_replay_proof_verified,compatibility_sql_first_tranche_original_tool_replay_gate,project/tests/compatibility_sql_parser_first_tranche/parser_compatibility_replay_proof_gate.py,staged_tools.firebird-isql,parser_evidence_only_engine_mga_security_storage_authority,p6_compatibility_replay_proof_verified,Native compatibility tool or compatibility-owned test artifact is staged under project tests and smoke checked.
FPR-P6-TOOL-002,native_tool_staging,mysql,mysql-client,not_applicable,project/tests/reference_regression/mysql/native_tool_harness/tools/mysql,native_tool_staged_and_smoked,not_applicable,not_applicable,not_applicable,not_applicable,p6_compatibility_replay_proof_verified,compatibility_sql_first_tranche_original_tool_replay_gate,project/tests/compatibility_sql_parser_first_tranche/parser_compatibility_replay_proof_gate.py,staged_tools.mysql-client,parser_evidence_only_engine_mga_security_storage_authority,p6_compatibility_replay_proof_verified,Native compatibility tool or compatibility-owned test artifact is staged under project tests and smoke checked.
FPR-P6-TOOL-003,native_tool_staging,mysql,mysqltest,not_applicable,project/tests/reference_regression/mysql/native_tool_harness/tools/mysqltest,native_tool_staged_and_smoked,not_applicable,not_applicable,not_applicable,not_applicable,p6_compatibility_replay_proof_verified,compatibility_sql_first_tranche_original_tool_replay_gate,project/tests/compatibility_sql_parser_first_tranche/parser_compatibility_replay_proof_gate.py,staged_tools.mysqltest,parser_evidence_only_engine_mga_security_storage_authority,p6_compatibility_replay_proof_verified,Native compatibility tool or compatibility-owned test artifact is staged under project tests and smoke checked.
FPR-P6-TOOL-005,native_tool_staging,postgresql,pg-regress,not_applicable,project/tests/reference_regression/postgresql/native_tool_harness/tools/pg_regress,native_tool_staged_and_smoked,not_applicable,not_applicable,not_applicable,not_applicable,p6_compatibility_replay_proof_verified,compatibility_sql_first_tranche_original_tool_replay_gate,project/tests/compatibility_sql_parser_first_tranche/parser_compatibility_replay_proof_gate.py,staged_tools.pg-regress,parser_evidence_only_engine_mga_security_storage_authority,p6_compatibility_replay_proof_verified,Native compatibility tool or compatibility-owned test artifact is staged under project tests and smoke checked.
FPR-P6-TOOL-006,native_tool_staging,postgresql,pg-isolation-regress,not_applicable,project/tests/reference_regression/postgresql/native_tool_harness/tools/pg_isolation_regress,native_tool_staged_and_smoked,not_applicable,not_applicable,not_applicable,not_applicable,p6_compatibility_replay_proof_verified,compatibility_sql_first_tranche_original_tool_replay_gate,project/tests/compatibility_sql_parser_first_tranche/parser_compatibility_replay_proof_gate.py,staged_tools.pg-isolation-regress,parser_evidence_only_engine_mga_security_storage_authority,p6_compatibility_replay_proof_verified,Native compatibility tool or compatibility-owned test artifact is staged under project tests and smoke checked.
FPR-P6-TOOL-007,native_tool_staging,postgresql,psql,not_applicable,project/tests/reference_regression/postgresql/native_tool_harness/tools/psql,native_tool_staged_and_smoked,not_applicable,not_applicable,not_applicable,not_applicable,p6_compatibility_replay_proof_verified,compatibility_sql_first_tranche_original_tool_replay_gate,project/tests/compatibility_sql_parser_first_tranche/parser_compatibility_replay_proof_gate.py,staged_tools.psql,parser_evidence_only_engine_mga_security_storage_authority,p6_compatibility_replay_proof_verified,Native compatibility tool or compatibility-owned test artifact is staged under project tests and smoke checked.
FPR-P6-TOOL-008,native_tool_staging,postgresql,pgbench,not_applicable,project/tests/reference_regression/postgresql/native_tool_harness/tools/pgbench,native_tool_staged_and_smoked,not_applicable,not_applicable,not_applicable,not_applicable,p6_compatibility_replay_proof_verified,compatibility_sql_first_tranche_original_tool_replay_gate,project/tests/compatibility_sql_parser_first_tranche/parser_compatibility_replay_proof_gate.py,staged_tools.pgbench,parser_evidence_only_engine_mga_security_storage_authority,p6_compatibility_replay_proof_verified,Native compatibility tool or compatibility-owned test artifact is staged under project tests and smoke checked.
FPR-P6-TOOL-009,native_tool_staging,sqlite,sqlite3-cli,not_applicable,project/tests/reference_regression/sqlite/native_tool_harness/tools/sqlite3,native_tool_staged_and_smoked,not_applicable,not_applicable,not_applicable,not_applicable,p6_compatibility_replay_proof_verified,compatibility_sql_first_tranche_original_tool_replay_gate,project/tests/compatibility_sql_parser_first_tranche/parser_compatibility_replay_proof_gate.py,staged_tools.sqlite3-cli,parser_evidence_only_engine_mga_security_storage_authority,p6_compatibility_replay_proof_verified,Native compatibility tool or compatibility-owned test artifact is staged under project tests and smoke checked.
FPR-P6-REPLAY-001,native_replay_case,firebird,not_applicable,FIREBIRD-EMPDDL-DOMAIN,public_repo_reference_not_packaged/examples/empbuild/empddl.sql,firebird.datatype.domain.create,firebird.datatype.domain.create,CREATE_DOMAIN,not_applicable,not_applicable,p6_compatibility_replay_proof_verified,compatibility_sql_first_tranche_original_tool_replay_gate,project/tests/compatibility_sql_parser_first_tranche/parser_compatibility_replay_proof_gate.py,replay_results.FIREBIRD-EMPDDL-DOMAIN,parser_evidence_only_engine_mga_security_storage_authority,p6_compatibility_replay_proof_verified,Compatibility-sourced replay case is parsed into the expected ScratchBird envelope without compatibility storage or transaction authority.
FPR-P6-REPLAY-002,native_replay_case,firebird,not_applicable,FIREBIRD-EMPDDL-TABLE,public_repo_reference_not_packaged/examples/empbuild/empddl.sql,firebird.ddl.create,firebird.ddl.create,CREATE_TABLE,not_applicable,not_applicable,p6_compatibility_replay_proof_verified,compatibility_sql_first_tranche_original_tool_replay_gate,project/tests/compatibility_sql_parser_first_tranche/parser_compatibility_replay_proof_gate.py,replay_results.FIREBIRD-EMPDDL-TABLE,parser_evidence_only_engine_mga_security_storage_authority,p6_compatibility_replay_proof_verified,Compatibility-sourced replay case is parsed into the expected ScratchBird envelope without compatibility storage or transaction authority.
FPR-P6-REPLAY-003,native_replay_case,firebird,not_applicable,FIREBIRD-EMPDML-INSERT,public_repo_reference_not_packaged/examples/empbuild/empdml.sql,firebird.dml.insert,firebird.dml.insert,INSERT,not_applicable,not_applicable,p6_compatibility_replay_proof_verified,compatibility_sql_first_tranche_original_tool_replay_gate,project/tests/compatibility_sql_parser_first_tranche/parser_compatibility_replay_proof_gate.py,replay_results.FIREBIRD-EMPDML-INSERT,parser_evidence_only_engine_mga_security_storage_authority,p6_compatibility_replay_proof_verified,Compatibility-sourced replay case is parsed into the expected ScratchBird envelope without compatibility storage or transaction authority.
FPR-P6-REPLAY-004,native_replay_case,firebird,not_applicable,FIREBIRD-EMPDML-UPDATE,public_repo_reference_not_packaged/examples/empbuild/empdml.sql,firebird.dml.update,firebird.dml.update,UPDATE,not_applicable,not_applicable,p6_compatibility_replay_proof_verified,compatibility_sql_first_tranche_original_tool_replay_gate,project/tests/compatibility_sql_parser_first_tranche/parser_compatibility_replay_proof_gate.py,replay_results.FIREBIRD-EMPDML-UPDATE,parser_evidence_only_engine_mga_security_storage_authority,p6_compatibility_replay_proof_verified,Compatibility-sourced replay case is parsed into the expected ScratchBird envelope without compatibility storage or transaction authority.
FPR-P6-REPLAY-005,native_replay_case,firebird,not_applicable,FIREBIRD-PARSER-PSQL-EXECUTE-BLOCK,project/tests/firebird_parser_worker/firebird_parser_pipeline_probe.cpp,firebird.psql.execute_block,firebird.psql.execute_block,EXECUTE_BLOCK,not_applicable,not_applicable,p6_compatibility_replay_proof_verified,compatibility_sql_first_tranche_original_tool_replay_gate,project/tests/compatibility_sql_parser_first_tranche/parser_compatibility_replay_proof_gate.py,replay_results.FIREBIRD-PARSER-PSQL-EXECUTE-BLOCK,parser_evidence_only_engine_mga_security_storage_authority,p6_compatibility_replay_proof_verified,Compatibility-sourced replay case is parsed into the expected ScratchBird envelope without compatibility storage or transaction authority.
FPR-P6-REPLAY-006,native_replay_case,mysql,not_applicable,MYSQL-INSERT-BASIC,public_repo_reference_not_packaged/mysql-test/t/insert.test,mysql.dml.insert,mysql.dml.insert,INSERT,admitted_sblr,not_applicable,p6_compatibility_replay_proof_verified,compatibility_sql_first_tranche_original_tool_replay_gate,project/tests/compatibility_sql_parser_first_tranche/parser_compatibility_replay_proof_gate.py,replay_results.MYSQL-INSERT-BASIC,parser_evidence_only_engine_mga_security_storage_authority,p6_compatibility_replay_proof_verified,Compatibility-sourced replay case is parsed into the expected ScratchBird envelope without compatibility storage or transaction authority.
FPR-P6-REPLAY-007,native_replay_case,mysql,not_applicable,MYSQL-INSERT-ON-DUPLICATE,public_repo_reference_not_packaged/mysql-test/t/insert.test,mysql.dml.insert,mysql.dml.insert,INSERT,admitted_sblr,not_applicable,p6_compatibility_replay_proof_verified,compatibility_sql_first_tranche_original_tool_replay_gate,project/tests/compatibility_sql_parser_first_tranche/parser_compatibility_replay_proof_gate.py,replay_results.MYSQL-INSERT-ON-DUPLICATE,parser_evidence_only_engine_mga_security_storage_authority,p6_compatibility_replay_proof_verified,Compatibility-sourced replay case is parsed into the expected ScratchBird envelope without compatibility storage or transaction authority.
FPR-P6-REPLAY-008,native_replay_case,mysql,not_applicable,MYSQL-SHOW-TABLES,public_repo_reference_not_packaged/mysql-test/t/show_variables.test,mysql.catalog_overlay.show,mysql.catalog_overlay.show,SHOW,catalog_projection,not_applicable,p6_compatibility_replay_proof_verified,compatibility_sql_first_tranche_original_tool_replay_gate,project/tests/compatibility_sql_parser_first_tranche/parser_compatibility_replay_proof_gate.py,replay_results.MYSQL-SHOW-TABLES,parser_evidence_only_engine_mga_security_storage_authority,p6_compatibility_replay_proof_verified,Compatibility-sourced replay case is parsed into the expected ScratchBird envelope without compatibility storage or transaction authority.
FPR-P6-REPLAY-009,native_replay_case,mysql,not_applicable,MYSQL-LOAD-DATA-FILE-REFUSAL,public_repo_reference_not_packaged/mysql-test/t/loaddata.test,mysql.bulk_io.load_data_infile,mysql.bulk_io.load_data_infile,LOAD_DATA,policy_refusal_fail_closed,MYSQL.AUTHORITY.FILE_IO_DENIED,p6_compatibility_replay_proof_verified,compatibility_sql_first_tranche_original_tool_replay_gate,project/tests/compatibility_sql_parser_first_tranche/parser_compatibility_replay_proof_gate.py,replay_results.MYSQL-LOAD-DATA-FILE-REFUSAL,parser_evidence_only_engine_mga_security_storage_authority,p6_compatibility_replay_proof_verified,Compatibility-sourced replay case is parsed into the expected ScratchBird envelope without compatibility storage or transaction authority.
FPR-P6-REPLAY-010,native_replay_case,mysql,not_applicable,MYSQL-LOAD-FILE-REFUSAL,public_repo_reference_not_packaged/mysql-test/t/loaddata_special.test,mysql.bulk_io.load_file,mysql.bulk_io.load_file,SELECT,policy_refusal_fail_closed,MYSQL.AUTHORITY.FILE_IO_DENIED,p6_compatibility_replay_proof_verified,compatibility_sql_first_tranche_original_tool_replay_gate,project/tests/compatibility_sql_parser_first_tranche/parser_compatibility_replay_proof_gate.py,replay_results.MYSQL-LOAD-FILE-REFUSAL,parser_evidence_only_engine_mga_security_storage_authority,p6_compatibility_replay_proof_verified,Compatibility-sourced replay case is parsed into the expected ScratchBird envelope without compatibility storage or transaction authority.
FPR-P6-REPLAY-011,native_replay_case,mysql,not_applicable,MYSQL-MAINTENANCE-ANALYZE,public_repo_reference_not_packaged/mysql-test/t/func_rand.test,mysql.maintenance.analyze_table,mysql.maintenance.analyze_table,ANALYZE,unsupported_refusal_fail_closed,MYSQL.AUTHORITY.UNSUPPORTED_DENIED,p6_compatibility_replay_proof_verified,compatibility_sql_first_tranche_original_tool_replay_gate,project/tests/compatibility_sql_parser_first_tranche/parser_compatibility_replay_proof_gate.py,replay_results.MYSQL-MAINTENANCE-ANALYZE,parser_evidence_only_engine_mga_security_storage_authority,p6_compatibility_replay_proof_verified,Compatibility-sourced replay case is parsed into the expected ScratchBird envelope without compatibility storage or transaction authority.
FPR-P6-REPLAY-012,native_replay_case,mysql,not_applicable,MYSQL-MAINTENANCE-OPTIMIZE,public_repo_reference_not_packaged/mysql-test/t/alter_table_myisam.test,mysql.maintenance.optimize_table,mysql.maintenance.optimize_table,OPTIMIZE,unsupported_refusal_fail_closed,MYSQL.AUTHORITY.UNSUPPORTED_DENIED,p6_compatibility_replay_proof_verified,compatibility_sql_first_tranche_original_tool_replay_gate,project/tests/compatibility_sql_parser_first_tranche/parser_compatibility_replay_proof_gate.py,replay_results.MYSQL-MAINTENANCE-OPTIMIZE,parser_evidence_only_engine_mga_security_storage_authority,p6_compatibility_replay_proof_verified,Compatibility-sourced replay case is parsed into the expected ScratchBird envelope without compatibility storage or transaction authority.
FPR-P6-REPLAY-013,native_replay_case,mysql,not_applicable,MYSQL-MAINTENANCE-CHECK,public_repo_reference_not_packaged/mysql-test/t/myisampack.test,mysql.maintenance.check_table,mysql.maintenance.check_table,CHECK,unsupported_refusal_fail_closed,MYSQL.AUTHORITY.UNSUPPORTED_DENIED,p6_compatibility_replay_proof_verified,compatibility_sql_first_tranche_original_tool_replay_gate,project/tests/compatibility_sql_parser_first_tranche/parser_compatibility_replay_proof_gate.py,replay_results.MYSQL-MAINTENANCE-CHECK,parser_evidence_only_engine_mga_security_storage_authority,p6_compatibility_replay_proof_verified,Compatibility-sourced replay case is parsed into the expected ScratchBird envelope without compatibility storage or transaction authority.
FPR-P6-REPLAY-014,native_replay_case,mysql,not_applicable,MYSQL-MAINTENANCE-REPAIR,public_repo_reference_not_packaged/mysql-test/t/myisampack.test,mysql.maintenance.repair_table,mysql.maintenance.repair_table,REPAIR,unsupported_refusal_fail_closed,MYSQL.AUTHORITY.UNSUPPORTED_DENIED,p6_compatibility_replay_proof_verified,compatibility_sql_first_tranche_original_tool_replay_gate,project/tests/compatibility_sql_parser_first_tranche/parser_compatibility_replay_proof_gate.py,replay_results.MYSQL-MAINTENANCE-REPAIR,parser_evidence_only_engine_mga_security_storage_authority,p6_compatibility_replay_proof_verified,Compatibility-sourced replay case is parsed into the expected ScratchBird envelope without compatibility storage or transaction authority.
FPR-P6-REPLAY-015,native_replay_case,mysql,not_applicable,MYSQL-MAINTENANCE-FLUSH,public_repo_reference_not_packaged/mysql-test/t/flush_block_commit.test,mysql.maintenance.flush,mysql.maintenance.flush,FLUSH,unsupported_refusal_fail_closed,MYSQL.AUTHORITY.UNSUPPORTED_DENIED,p6_compatibility_replay_proof_verified,compatibility_sql_first_tranche_original_tool_replay_gate,project/tests/compatibility_sql_parser_first_tranche/parser_compatibility_replay_proof_gate.py,replay_results.MYSQL-MAINTENANCE-FLUSH,parser_evidence_only_engine_mga_security_storage_authority,p6_compatibility_replay_proof_verified,Compatibility-sourced replay case is parsed into the expected ScratchBird envelope without compatibility storage or transaction authority.
FPR-P6-REPLAY-016,native_replay_case,mysql,not_applicable,MYSQL-BINLOG-RESET-REPLICATION-UDR,public_repo_reference_not_packaged/mysql-test/t/no_binlog_gtid_next_partially_failed_stmts_error.test,mysql.replication.reset_binary_logs,mysql.replication.reset_binary_logs,RESET,parser_support_udr,not_applicable,p6_compatibility_replay_proof_verified,compatibility_sql_first_tranche_original_tool_replay_gate,project/tests/compatibility_sql_parser_first_tranche/parser_compatibility_replay_proof_gate.py,replay_results.MYSQL-BINLOG-RESET-REPLICATION-UDR,parser_evidence_only_engine_mga_security_storage_authority,p6_compatibility_replay_proof_verified,Compatibility-sourced replay case is parsed into the expected ScratchBird envelope without compatibility storage or transaction authority.
FPR-P6-REPLAY-017,native_replay_case,mysql,not_applicable,MYSQL-XA-REFUSAL,public_repo_reference_not_packaged/mysql-test/t/xa_gtid.test,mysql.transaction.xa,mysql.transaction.xa,XA,unsupported_refusal_fail_closed,MYSQL.AUTHORITY.XA_DENIED,p6_compatibility_replay_proof_verified,compatibility_sql_first_tranche_original_tool_replay_gate,project/tests/compatibility_sql_parser_first_tranche/parser_compatibility_replay_proof_gate.py,replay_results.MYSQL-XA-REFUSAL,parser_evidence_only_engine_mga_security_storage_authority,p6_compatibility_replay_proof_verified,Compatibility-sourced replay case is parsed into the expected ScratchBird envelope without compatibility storage or transaction authority.
FPR-P6-REPLAY-018,native_replay_case,postgresql,not_applicable,POSTGRESQL-COPY-STDIN,public_repo_reference_not_packaged/src/test/regress/sql/copy.sql,postgresql.logical_stream.copy_from_stdin,postgresql.logical_stream.copy_from_stdin,COPY,parser_support_udr,not_applicable,p6_compatibility_replay_proof_verified,compatibility_sql_first_tranche_original_tool_replay_gate,project/tests/compatibility_sql_parser_first_tranche/parser_compatibility_replay_proof_gate.py,replay_results.POSTGRESQL-COPY-STDIN,parser_evidence_only_engine_mga_security_storage_authority,p6_compatibility_replay_proof_verified,Compatibility-sourced replay case is parsed into the expected ScratchBird envelope without compatibility storage or transaction authority.
FPR-P6-REPLAY-019,native_replay_case,postgresql,not_applicable,POSTGRESQL-COPY-TO-PSQL-FILE-REFUSAL,public_repo_reference_not_packaged/src/test/regress/sql/copy.sql,postgresql.bulk_io.copy_to_file,postgresql.bulk_io.copy_to_file,COPY,policy_refusal_fail_closed,POSTGRESQL.AUTHORITY.FILE_IO_DENIED,p6_compatibility_replay_proof_verified,compatibility_sql_first_tranche_original_tool_replay_gate,project/tests/compatibility_sql_parser_first_tranche/parser_compatibility_replay_proof_gate.py,replay_results.POSTGRESQL-COPY-TO-PSQL-FILE-REFUSAL,parser_evidence_only_engine_mga_security_storage_authority,p6_compatibility_replay_proof_verified,Compatibility-sourced replay case is parsed into the expected ScratchBird envelope without compatibility storage or transaction authority.
FPR-P6-REPLAY-020,native_replay_case,postgresql,not_applicable,POSTGRESQL-COPY-FROM-PSQL-FILE-REFUSAL,public_repo_reference_not_packaged/src/test/regress/sql/copy.sql,postgresql.bulk_io.copy_from_file,postgresql.bulk_io.copy_from_file,COPY,policy_refusal_fail_closed,POSTGRESQL.AUTHORITY.FILE_IO_DENIED,p6_compatibility_replay_proof_verified,compatibility_sql_first_tranche_original_tool_replay_gate,project/tests/compatibility_sql_parser_first_tranche/parser_compatibility_replay_proof_gate.py,replay_results.POSTGRESQL-COPY-FROM-PSQL-FILE-REFUSAL,parser_evidence_only_engine_mga_security_storage_authority,p6_compatibility_replay_proof_verified,Compatibility-sourced replay case is parsed into the expected ScratchBird envelope without compatibility storage or transaction authority.
FPR-P6-REPLAY-021,native_replay_case,postgresql,not_applicable,POSTGRESQL-VACUUM-PARALLEL,public_repo_reference_not_packaged/src/test/regress/sql/vacuum.sql,postgresql.maintenance.vacuum,postgresql.maintenance.vacuum,VACUUM,unsupported_refusal_fail_closed,POSTGRESQL.AUTHORITY.UNSUPPORTED_DENIED,p6_compatibility_replay_proof_verified,compatibility_sql_first_tranche_original_tool_replay_gate,project/tests/compatibility_sql_parser_first_tranche/parser_compatibility_replay_proof_gate.py,replay_results.POSTGRESQL-VACUUM-PARALLEL,parser_evidence_only_engine_mga_security_storage_authority,p6_compatibility_replay_proof_verified,Compatibility-sourced replay case is parsed into the expected ScratchBird envelope without compatibility storage or transaction authority.
FPR-P6-REPLAY-022,native_replay_case,postgresql,not_applicable,POSTGRESQL-CREATE-FOREIGN-TABLE-CONNECTOR-REFUSAL,public_repo_reference_not_packaged/src/test/regress/sql/copy.sql,postgresql.connector.foreign_table.create,postgresql.connector.foreign_table.create,CREATE_FOREIGN,parser_support_udr,not_applicable,p6_compatibility_replay_proof_verified,compatibility_sql_first_tranche_original_tool_replay_gate,project/tests/compatibility_sql_parser_first_tranche/parser_compatibility_replay_proof_gate.py,replay_results.POSTGRESQL-CREATE-FOREIGN-TABLE-CONNECTOR-REFUSAL,parser_evidence_only_engine_mga_security_storage_authority,p6_compatibility_replay_proof_verified,Compatibility-sourced replay case is parsed into the expected ScratchBird envelope without compatibility storage or transaction authority.
FPR-P6-REPLAY-023,native_replay_case,postgresql,not_applicable,POSTGRESQL-TYPE-CAST-SELECT,public_repo_reference_not_packaged/src/test/regress/sql/copy.sql,postgresql.query.select,postgresql.query.select,SELECT,admitted_sblr,not_applicable,p6_compatibility_replay_proof_verified,compatibility_sql_first_tranche_original_tool_replay_gate,project/tests/compatibility_sql_parser_first_tranche/parser_compatibility_replay_proof_gate.py,replay_results.POSTGRESQL-TYPE-CAST-SELECT,parser_evidence_only_engine_mga_security_storage_authority,p6_compatibility_replay_proof_verified,Compatibility-sourced replay case is parsed into the expected ScratchBird envelope without compatibility storage or transaction authority.
FPR-P6-REPLAY-024,native_replay_case,postgresql,not_applicable,POSTGRESQL-PREPARE,public_repo_reference_not_packaged/src/test/regress/sql/prepare.sql,postgresql.prepared.prepare,postgresql.prepared.prepare,PREPARE,admitted_sblr,not_applicable,p6_compatibility_replay_proof_verified,compatibility_sql_first_tranche_original_tool_replay_gate,project/tests/compatibility_sql_parser_first_tranche/parser_compatibility_replay_proof_gate.py,replay_results.POSTGRESQL-PREPARE,parser_evidence_only_engine_mga_security_storage_authority,p6_compatibility_replay_proof_verified,Compatibility-sourced replay case is parsed into the expected ScratchBird envelope without compatibility storage or transaction authority.
FPR-P6-REPLAY-025,native_replay_case,postgresql,not_applicable,POSTGRESQL-EXECUTE,public_repo_reference_not_packaged/src/test/regress/sql/prepare.sql,postgresql.prepared.execute,postgresql.prepared.execute,EXECUTE,admitted_sblr,not_applicable,p6_compatibility_replay_proof_verified,compatibility_sql_first_tranche_original_tool_replay_gate,project/tests/compatibility_sql_parser_first_tranche/parser_compatibility_replay_proof_gate.py,replay_results.POSTGRESQL-EXECUTE,parser_evidence_only_engine_mga_security_storage_authority,p6_compatibility_replay_proof_verified,Compatibility-sourced replay case is parsed into the expected ScratchBird envelope without compatibility storage or transaction authority.
FPR-P6-REPLAY-026,native_replay_case,postgresql,not_applicable,POSTGRESQL-DEALLOCATE,public_repo_reference_not_packaged/src/test/regress/sql/prepare.sql,postgresql.prepared.deallocate,postgresql.prepared.deallocate,DEALLOCATE,admitted_sblr,not_applicable,p6_compatibility_replay_proof_verified,compatibility_sql_first_tranche_original_tool_replay_gate,project/tests/compatibility_sql_parser_first_tranche/parser_compatibility_replay_proof_gate.py,replay_results.POSTGRESQL-DEALLOCATE,parser_evidence_only_engine_mga_security_storage_authority,p6_compatibility_replay_proof_verified,Compatibility-sourced replay case is parsed into the expected ScratchBird envelope without compatibility storage or transaction authority.
FPR-P6-REPLAY-027,native_replay_case,postgresql,not_applicable,POSTGRESQL-CURSOR-MOVE,public_repo_reference_not_packaged/src/test/regress/sql/xmlmap.sql,postgresql.cursor.move,postgresql.cursor.move,MOVE,admitted_sblr,not_applicable,p6_compatibility_replay_proof_verified,compatibility_sql_first_tranche_original_tool_replay_gate,project/tests/compatibility_sql_parser_first_tranche/parser_compatibility_replay_proof_gate.py,replay_results.POSTGRESQL-CURSOR-MOVE,parser_evidence_only_engine_mga_security_storage_authority,p6_compatibility_replay_proof_verified,Compatibility-sourced replay case is parsed into the expected ScratchBird envelope without compatibility storage or transaction authority.
FPR-P6-REPLAY-028,native_replay_case,postgresql,not_applicable,POSTGRESQL-CURSOR-CLOSE,public_repo_reference_not_packaged/src/test/regress/sql/tablesample.sql,postgresql.cursor.close,postgresql.cursor.close,CLOSE,admitted_sblr,not_applicable,p6_compatibility_replay_proof_verified,compatibility_sql_first_tranche_original_tool_replay_gate,project/tests/compatibility_sql_parser_first_tranche/parser_compatibility_replay_proof_gate.py,replay_results.POSTGRESQL-CURSOR-CLOSE,parser_evidence_only_engine_mga_security_storage_authority,p6_compatibility_replay_proof_verified,Compatibility-sourced replay case is parsed into the expected ScratchBird envelope without compatibility storage or transaction authority.
FPR-P6-REPLAY-029,native_replay_case,postgresql,not_applicable,POSTGRESQL-LOCK-TABLE,public_repo_reference_not_packaged/src/test/regress/sql/create_am.sql,postgresql.locking.lock_table,postgresql.locking.lock_table,LOCK,admitted_sblr,not_applicable,p6_compatibility_replay_proof_verified,compatibility_sql_first_tranche_original_tool_replay_gate,project/tests/compatibility_sql_parser_first_tranche/parser_compatibility_replay_proof_gate.py,replay_results.POSTGRESQL-LOCK-TABLE,parser_evidence_only_engine_mga_security_storage_authority,p6_compatibility_replay_proof_verified,Compatibility-sourced replay case is parsed into the expected ScratchBird envelope without compatibility storage or transaction authority.
FPR-P6-REPLAY-030,native_replay_case,postgresql,not_applicable,POSTGRESQL-DISCARD,public_repo_reference_not_packaged/src/test/regress/sql/sequence.sql,postgresql.session.discard,postgresql.session.discard,DISCARD,admitted_sblr,not_applicable,p6_compatibility_replay_proof_verified,compatibility_sql_first_tranche_original_tool_replay_gate,project/tests/compatibility_sql_parser_first_tranche/parser_compatibility_replay_proof_gate.py,replay_results.POSTGRESQL-DISCARD,parser_evidence_only_engine_mga_security_storage_authority,p6_compatibility_replay_proof_verified,Compatibility-sourced replay case is parsed into the expected ScratchBird envelope without compatibility storage or transaction authority.
FPR-P6-REPLAY-031,native_replay_case,postgresql,not_applicable,POSTGRESQL-CHECKPOINT-REFUSAL,public_repo_reference_not_packaged/src/test/regress/sql/stats.sql,postgresql.system.checkpoint,postgresql.system.checkpoint,CHECKPOINT,unsupported_refusal_fail_closed,POSTGRESQL.AUTHORITY.UNSUPPORTED_DENIED,p6_compatibility_replay_proof_verified,compatibility_sql_first_tranche_original_tool_replay_gate,project/tests/compatibility_sql_parser_first_tranche/parser_compatibility_replay_proof_gate.py,replay_results.POSTGRESQL-CHECKPOINT-REFUSAL,parser_evidence_only_engine_mga_security_storage_authority,p6_compatibility_replay_proof_verified,Compatibility-sourced replay case is parsed into the expected ScratchBird envelope without compatibility storage or transaction authority.
FPR-P6-REPLAY-032,native_replay_case,postgresql,not_applicable,POSTGRESQL-SECURITY-LABEL,public_repo_reference_not_packaged/src/test/regress/sql/security_label.sql,postgresql.security.security_label,postgresql.security.security_label,SECURITY,parser_support_udr,not_applicable,p6_compatibility_replay_proof_verified,compatibility_sql_first_tranche_original_tool_replay_gate,project/tests/compatibility_sql_parser_first_tranche/parser_compatibility_replay_proof_gate.py,replay_results.POSTGRESQL-SECURITY-LABEL,parser_evidence_only_engine_mga_security_storage_authority,p6_compatibility_replay_proof_verified,Compatibility-sourced replay case is parsed into the expected ScratchBird envelope without compatibility storage or transaction authority.
FPR-P6-REPLAY-033,native_replay_case,postgresql,not_applicable,POSTGRESQL-REFRESH-MATERIALIZED-VIEW-REFUSAL,public_repo_reference_not_packaged/src/test/regress/sql/privileges.sql,postgresql.maintenance.refresh_materialized_view,postgresql.maintenance.refresh_materialized_view,REFRESH,unsupported_refusal_fail_closed,POSTGRESQL.AUTHORITY.UNSUPPORTED_DENIED,p6_compatibility_replay_proof_verified,compatibility_sql_first_tranche_original_tool_replay_gate,project/tests/compatibility_sql_parser_first_tranche/parser_compatibility_replay_proof_gate.py,replay_results.POSTGRESQL-REFRESH-MATERIALIZED-VIEW-REFUSAL,parser_evidence_only_engine_mga_security_storage_authority,p6_compatibility_replay_proof_verified,Compatibility-sourced replay case is parsed into the expected ScratchBird envelope without compatibility storage or transaction authority.
FPR-P6-REPLAY-034,native_replay_case,postgresql,not_applicable,POSTGRESQL-ALTER-TABLESPACE-REFUSAL,public_repo_reference_not_packaged/src/test/regress/sql/tablespace.sql,postgresql.storage.tablespace.alter,postgresql.storage.tablespace.alter,ALTER_TABLESPACE,policy_refusal_fail_closed,POSTGRESQL.AUTHORITY.TABLESPACE_DENIED,p6_compatibility_replay_proof_verified,compatibility_sql_first_tranche_original_tool_replay_gate,project/tests/compatibility_sql_parser_first_tranche/parser_compatibility_replay_proof_gate.py,replay_results.POSTGRESQL-ALTER-TABLESPACE-REFUSAL,parser_evidence_only_engine_mga_security_storage_authority,p6_compatibility_replay_proof_verified,Compatibility-sourced replay case is parsed into the expected ScratchBird envelope without compatibility storage or transaction authority.
FPR-P6-REPLAY-035,native_replay_case,postgresql,not_applicable,POSTGRESQL-DROP-TABLESPACE-REFUSAL,public_repo_reference_not_packaged/src/test/regress/sql/tablespace.sql,postgresql.storage.tablespace.drop,postgresql.storage.tablespace.drop,DROP_TABLESPACE,policy_refusal_fail_closed,POSTGRESQL.AUTHORITY.TABLESPACE_DENIED,p6_compatibility_replay_proof_verified,compatibility_sql_first_tranche_original_tool_replay_gate,project/tests/compatibility_sql_parser_first_tranche/parser_compatibility_replay_proof_gate.py,replay_results.POSTGRESQL-DROP-TABLESPACE-REFUSAL,parser_evidence_only_engine_mga_security_storage_authority,p6_compatibility_replay_proof_verified,Compatibility-sourced replay case is parsed into the expected ScratchBird envelope without compatibility storage or transaction authority.
FPR-P6-REPLAY-036,native_replay_case,postgresql,not_applicable,POSTGRESQL-PREPARE-TRANSACTION-REFUSAL,public_repo_reference_not_packaged/src/test/regress/sql/temp.sql,postgresql.transaction.prepare_transaction,postgresql.transaction.prepare_transaction,PREPARE,unsupported_refusal_fail_closed,POSTGRESQL.AUTHORITY.PREPARE_TRANSACTION_DENIED,p6_compatibility_replay_proof_verified,compatibility_sql_first_tranche_original_tool_replay_gate,project/tests/compatibility_sql_parser_first_tranche/parser_compatibility_replay_proof_gate.py,replay_results.POSTGRESQL-PREPARE-TRANSACTION-REFUSAL,parser_evidence_only_engine_mga_security_storage_authority,p6_compatibility_replay_proof_verified,Compatibility-sourced replay case is parsed into the expected ScratchBird envelope without compatibility storage or transaction authority.
FPR-P6-REPLAY-037,native_replay_case,sqlite,not_applicable,SQLITE-JSON-SELECT,public_repo_reference_not_packaged/test/json108.test,sqlite.query.select,sqlite.query.select,SELECT,admitted_sblr,not_applicable,p6_compatibility_replay_proof_verified,compatibility_sql_first_tranche_original_tool_replay_gate,project/tests/compatibility_sql_parser_first_tranche/parser_compatibility_replay_proof_gate.py,replay_results.SQLITE-JSON-SELECT,parser_evidence_only_engine_mga_security_storage_authority,p6_compatibility_replay_proof_verified,Compatibility-sourced replay case is parsed into the expected ScratchBird envelope without compatibility storage or transaction authority.
FPR-P6-REPLAY-038,native_replay_case,sqlite,not_applicable,SQLITE-CREATE-TEMP-TABLE,public_repo_reference_not_packaged/test/json108.test,sqlite.ddl.create_temp,sqlite.ddl.create_temp,CREATE_TEMP,admitted_sblr,not_applicable,p6_compatibility_replay_proof_verified,compatibility_sql_first_tranche_original_tool_replay_gate,project/tests/compatibility_sql_parser_first_tranche/parser_compatibility_replay_proof_gate.py,replay_results.SQLITE-CREATE-TEMP-TABLE,parser_evidence_only_engine_mga_security_storage_authority,p6_compatibility_replay_proof_verified,Compatibility-sourced replay case is parsed into the expected ScratchBird envelope without compatibility storage or transaction authority.
FPR-P6-REPLAY-039,native_replay_case,sqlite,not_applicable,SQLITE-PRAGMA-UDR,public_repo_reference_not_packaged/test/veryquick.test,sqlite.pragma.generic,sqlite.pragma.generic,PRAGMA,parser_support_udr,not_applicable,p6_compatibility_replay_proof_verified,compatibility_sql_first_tranche_original_tool_replay_gate,project/tests/compatibility_sql_parser_first_tranche/parser_compatibility_replay_proof_gate.py,replay_results.SQLITE-PRAGMA-UDR,parser_evidence_only_engine_mga_security_storage_authority,p6_compatibility_replay_proof_verified,Compatibility-sourced replay case is parsed into the expected ScratchBird envelope without compatibility storage or transaction authority.
FPR-P6-REPLAY-040,native_replay_case,mariadb,not_applicable,MARIADB-SEQUENCE-CREATE,public_repo_reference_not_packaged/mysql-test/suite/rpl/t/sequence.test,mariadb.sequence.create,mariadb.sequence.create,CREATE_SEQUENCE,admitted_sblr,not_applicable,p6_compatibility_replay_proof_verified,compatibility_sql_first_tranche_original_tool_replay_gate,project/tests/compatibility_sql_parser_first_tranche/parser_compatibility_replay_proof_gate.py,replay_results.MARIADB-SEQUENCE-CREATE,parser_evidence_only_engine_mga_security_storage_authority,p6_compatibility_replay_proof_verified,Compatibility-sourced replay case is parsed into the expected ScratchBird envelope without compatibility storage or transaction authority.
FPR-P6-REPLAY-041,native_replay_case,mariadb,not_applicable,MARIADB-INSERT-RETURNING,public_repo_reference_not_packaged/mysql-test/main/insert_returning.test,mariadb.dml.returning,mariadb.dml.returning,INSERT,admitted_sblr,not_applicable,p6_compatibility_replay_proof_verified,compatibility_sql_first_tranche_original_tool_replay_gate,project/tests/compatibility_sql_parser_first_tranche/parser_compatibility_replay_proof_gate.py,replay_results.MARIADB-INSERT-RETURNING,parser_evidence_only_engine_mga_security_storage_authority,p6_compatibility_replay_proof_verified,Compatibility-sourced replay case is parsed into the expected ScratchBird envelope without compatibility storage or transaction authority.
FPR-P6-REPLAY-042,native_replay_case,mariadb,not_applicable,MARIADB-HANDLER-UDR,public_repo_reference_not_packaged/mysql-test/suite/storage_engine/handler.test,mariadb.handler.cursor,mariadb.handler.cursor,HANDLER,parser_support_udr,not_applicable,p6_compatibility_replay_proof_verified,compatibility_sql_first_tranche_original_tool_replay_gate,project/tests/compatibility_sql_parser_first_tranche/parser_compatibility_replay_proof_gate.py,replay_results.MARIADB-HANDLER-UDR,parser_evidence_only_engine_mga_security_storage_authority,p6_compatibility_replay_proof_verified,Compatibility-sourced replay case is parsed into the expected ScratchBird envelope without compatibility storage or transaction authority.
FPR-P6-REPLAY-043,native_replay_case,mariadb,not_applicable,MARIADB-LOAD-DATA-REFUSAL,public_repo_reference_not_packaged/mysql-test/main/loaddata.test,mariadb.bulk_io.load_data_infile,mariadb.bulk_io.load_data_infile,LOAD_DATA,policy_refusal_fail_closed,MARIADB.AUTHORITY.FILE_IO_DENIED,p6_compatibility_replay_proof_verified,compatibility_sql_first_tranche_original_tool_replay_gate,project/tests/compatibility_sql_parser_first_tranche/parser_compatibility_replay_proof_gate.py,replay_results.MARIADB-LOAD-DATA-REFUSAL,parser_evidence_only_engine_mga_security_storage_authority,p6_compatibility_replay_proof_verified,Compatibility-sourced replay case is parsed into the expected ScratchBird envelope without compatibility storage or transaction authority.
FPR-P6-REPLAY-044,native_replay_case,mariadb,not_applicable,MARIADB-INSTALL-SONAME-REFUSAL,public_repo_reference_not_packaged/mysql-test/main/plugin.test,mariadb.plugin.install_soname,mariadb.plugin.install_soname,INSTALL,policy_refusal_fail_closed,MARIADB.AUTHORITY.PLUGIN_DENIED,p6_compatibility_replay_proof_verified,compatibility_sql_first_tranche_original_tool_replay_gate,project/tests/compatibility_sql_parser_first_tranche/parser_compatibility_replay_proof_gate.py,replay_results.MARIADB-INSTALL-SONAME-REFUSAL,parser_evidence_only_engine_mga_security_storage_authority,p6_compatibility_replay_proof_verified,Compatibility-sourced replay case is parsed into the expected ScratchBird envelope without compatibility storage or transaction authority.
FPR-P6-REPLAY-045,native_replay_case,duckdb,not_applicable,DUCKDB-CREATE-SECRET-UDR,public_repo_reference_not_packaged/test/sql/secrets/create_secret_expression.test,duckdb.security.create_secret,duckdb.security.create_secret,CREATE_SECRET,parser_support_udr,not_applicable,p6_compatibility_replay_proof_verified,compatibility_sql_first_tranche_original_tool_replay_gate,project/tests/compatibility_sql_parser_first_tranche/parser_compatibility_replay_proof_gate.py,replay_results.DUCKDB-CREATE-SECRET-UDR,parser_evidence_only_engine_mga_security_storage_authority,p6_compatibility_replay_proof_verified,Compatibility-sourced replay case is parsed into the expected ScratchBird envelope without compatibility storage or transaction authority.
FPR-P6-REPLAY-046,native_replay_case,duckdb,not_applicable,DUCKDB-COPY-FILE-REFUSAL,public_repo_reference_not_packaged/test/sql/copy/row_groups_per_file.test,duckdb.bulk_io.file_to,duckdb.bulk_io.file_to,COPY,policy_refusal_fail_closed,DUCKDB.AUTHORITY.FILE_IO_DENIED,p6_compatibility_replay_proof_verified,compatibility_sql_first_tranche_original_tool_replay_gate,project/tests/compatibility_sql_parser_first_tranche/parser_compatibility_replay_proof_gate.py,replay_results.DUCKDB-COPY-FILE-REFUSAL,parser_evidence_only_engine_mga_security_storage_authority,p6_compatibility_replay_proof_verified,Compatibility-sourced replay case is parsed into the expected ScratchBird envelope without compatibility storage or transaction authority.
FPR-P6-REPLAY-047,native_replay_case,duckdb,not_applicable,DUCKDB-PIVOT,public_repo_reference_not_packaged/test/sql/pivot/test_pivot.test,duckdb.query.pivot,duckdb.query.pivot,PIVOT,admitted_sblr,not_applicable,p6_compatibility_replay_proof_verified,compatibility_sql_first_tranche_original_tool_replay_gate,project/tests/compatibility_sql_parser_first_tranche/parser_compatibility_replay_proof_gate.py,replay_results.DUCKDB-PIVOT,parser_evidence_only_engine_mga_security_storage_authority,p6_compatibility_replay_proof_verified,Compatibility-sourced replay case is parsed into the expected ScratchBird envelope without compatibility storage or transaction authority.
FPR-P6-REPLAY-048,native_replay_case,clickhouse,not_applicable,CLICKHOUSE-COUNT-SELECT,public_repo_reference_not_packaged/tests/queries/0_stateless/00001_count_hits.sql,clickhouse.query.select,clickhouse.query.select,SELECT,admitted_sblr,not_applicable,p6_compatibility_replay_proof_verified,compatibility_sql_first_tranche_original_tool_replay_gate,project/tests/compatibility_sql_parser_first_tranche/parser_compatibility_replay_proof_gate.py,replay_results.CLICKHOUSE-COUNT-SELECT,parser_evidence_only_engine_mga_security_storage_authority,p6_compatibility_replay_proof_verified,Compatibility-sourced replay case is parsed into the expected ScratchBird envelope without compatibility storage or transaction authority.
FPR-P6-REPLAY-049,native_replay_case,clickhouse,not_applicable,CLICKHOUSE-CREATE-DICTIONARY-CONNECTOR-REFUSAL,public_repo_reference_not_packaged/tests/queries/0_stateless/01018_ddl_dictionaries_create.sql,clickhouse.connector.dictionary.create,clickhouse.connector.dictionary.create,CREATE_DICTIONARY,policy_refusal_fail_closed,CLICKHOUSE.EMULATION.CONNECTOR_ROUTE,p6_compatibility_replay_proof_verified,compatibility_sql_first_tranche_original_tool_replay_gate,project/tests/compatibility_sql_parser_first_tranche/parser_compatibility_replay_proof_gate.py,replay_results.CLICKHOUSE-CREATE-DICTIONARY-CONNECTOR-REFUSAL,parser_evidence_only_engine_mga_security_storage_authority,p6_compatibility_replay_proof_verified,Compatibility-sourced replay case is parsed into the expected ScratchBird envelope without compatibility storage or transaction authority.
FPR-P6-REPLAY-050,native_replay_case,clickhouse,not_applicable,CLICKHOUSE-OPTIMIZE-REFUSAL,public_repo_reference_not_packaged/tests/queries/0_stateless/01006_ttl_with_default_2.sql,clickhouse.maintenance.optimize,clickhouse.maintenance.optimize,OPTIMIZE,unsupported_refusal_fail_closed,CLICKHOUSE.AUTHORITY.UNSUPPORTED_DENIED,p6_compatibility_replay_proof_verified,compatibility_sql_first_tranche_original_tool_replay_gate,project/tests/compatibility_sql_parser_first_tranche/parser_compatibility_replay_proof_gate.py,replay_results.CLICKHOUSE-OPTIMIZE-REFUSAL,parser_evidence_only_engine_mga_security_storage_authority,p6_compatibility_replay_proof_verified,Compatibility-sourced replay case is parsed into the expected ScratchBird envelope without compatibility storage or transaction authority.
FPR-P6-REPLAY-051,native_replay_case,clickhouse,not_applicable,CLICKHOUSE-S3-ETL-UDR,public_repo_reference_not_packaged/tests/queries/0_stateless/02752_forbidden_headers.sql,clickhouse.external_io.s3_function,clickhouse.external_io.s3_function,SELECT,parser_support_udr,not_applicable,p6_compatibility_replay_proof_verified,compatibility_sql_first_tranche_original_tool_replay_gate,project/tests/compatibility_sql_parser_first_tranche/parser_compatibility_replay_proof_gate.py,replay_results.CLICKHOUSE-S3-ETL-UDR,parser_evidence_only_engine_mga_security_storage_authority,p6_compatibility_replay_proof_verified,Compatibility-sourced replay case is parsed into the expected ScratchBird envelope without compatibility storage or transaction authority.
FPR-P6-REPLAY-052,native_replay_case,tidb,not_applicable,TIDB-BUILTIN-VERSION,public_repo_reference_not_packaged/README.md,tidb.builtin.version,tidb.builtin.version,SELECT,catalog_projection,not_applicable,p6_compatibility_replay_proof_verified,compatibility_sql_first_tranche_original_tool_replay_gate,project/tests/compatibility_sql_parser_first_tranche/parser_compatibility_replay_proof_gate.py,replay_results.TIDB-BUILTIN-VERSION,parser_evidence_only_engine_mga_security_storage_authority,p6_compatibility_replay_proof_verified,Compatibility-sourced replay case is parsed into the expected ScratchBird envelope without compatibility storage or transaction authority.
FPR-P6-REPLAY-053,native_replay_case,tidb,not_applicable,TIDB-SPLIT-TABLE-CLUSTER-ROUTE,public_repo_reference_not_packaged/pkg/parser/parser_test.go,tidb.placement.split_table,tidb.placement.split_table,SPLIT,admitted_sblr,not_applicable,p6_compatibility_replay_proof_verified,compatibility_sql_first_tranche_original_tool_replay_gate,project/tests/compatibility_sql_parser_first_tranche/parser_compatibility_replay_proof_gate.py,replay_results.TIDB-SPLIT-TABLE-CLUSTER-ROUTE,parser_evidence_only_engine_mga_security_storage_authority,p6_compatibility_replay_proof_verified,Compatibility-sourced replay case is parsed into the expected ScratchBird envelope without compatibility storage or transaction authority.
FPR-P6-REPLAY-054,native_replay_case,tidb,not_applicable,TIDB-ADMIN-CHECKSUM-REFUSAL,public_repo_reference_not_packaged/pkg/disttask/importinto/task_executor_testkit_test.go,tidb.admin.checksum_table,tidb.admin.checksum_table,ADMIN,policy_refusal_fail_closed,TIDB.AUTHORITY.ADMIN_DENIED,p6_compatibility_replay_proof_verified,compatibility_sql_first_tranche_original_tool_replay_gate,project/tests/compatibility_sql_parser_first_tranche/parser_compatibility_replay_proof_gate.py,replay_results.TIDB-ADMIN-CHECKSUM-REFUSAL,parser_evidence_only_engine_mga_security_storage_authority,p6_compatibility_replay_proof_verified,Compatibility-sourced replay case is parsed into the expected ScratchBird envelope without compatibility storage or transaction authority.
FPR-P6-REPLAY-055,native_replay_case,vitess,not_applicable,VITESS-KEYSPACE-SELECT,public_repo_reference_not_packaged/examples/demo/schema/product/product_schema.sql,vitess.query.select,vitess.query.select,SELECT,admitted_sblr,not_applicable,p6_compatibility_replay_proof_verified,compatibility_sql_first_tranche_original_tool_replay_gate,project/tests/compatibility_sql_parser_first_tranche/parser_compatibility_replay_proof_gate.py,replay_results.VITESS-KEYSPACE-SELECT,parser_evidence_only_engine_mga_security_storage_authority,p6_compatibility_replay_proof_verified,Compatibility-sourced replay case is parsed into the expected ScratchBird envelope without compatibility storage or transaction authority.
FPR-P6-REPLAY-056,native_replay_case,vitess,not_applicable,VITESS-MOVE-TABLES-VREPLICATION-UDR,public_repo_reference_not_packaged/examples/local/202_move_tables.sh,vitess.vreplication.move_tables,vitess.vreplication.move_tables,MOVE,parser_support_udr,not_applicable,p6_compatibility_replay_proof_verified,compatibility_sql_first_tranche_original_tool_replay_gate,project/tests/compatibility_sql_parser_first_tranche/parser_compatibility_replay_proof_gate.py,replay_results.VITESS-MOVE-TABLES-VREPLICATION-UDR,parser_evidence_only_engine_mga_security_storage_authority,p6_compatibility_replay_proof_verified,Compatibility-sourced replay case is parsed into the expected ScratchBird envelope without compatibility storage or transaction authority.
FPR-P6-REPLAY-057,native_replay_case,vitess,not_applicable,VITESS-REPARENT-CLUSTER-ROUTE,public_repo_reference_not_packaged/examples/backups/start_cluster.sh,vitess.topology.reparent,vitess.topology.reparent,VTCTL,admitted_sblr,not_applicable,p6_compatibility_replay_proof_verified,compatibility_sql_first_tranche_original_tool_replay_gate,project/tests/compatibility_sql_parser_first_tranche/parser_compatibility_replay_proof_gate.py,replay_results.VITESS-REPARENT-CLUSTER-ROUTE,parser_evidence_only_engine_mga_security_storage_authority,p6_compatibility_replay_proof_verified,Compatibility-sourced replay case is parsed into the expected ScratchBird envelope without compatibility storage or transaction authority.
FPR-P6-REPLAY-058,native_replay_case,cockroachdb,not_applicable,COCKROACHDB-CRDB-INTERNAL-CATALOG,public_repo_reference_not_packaged/docs/tech-notes/sql.md,cockroachdb.catalog_overlay.crdb_internal,cockroachdb.catalog_overlay.crdb_internal,SELECT,catalog_projection,not_applicable,p6_compatibility_replay_proof_verified,compatibility_sql_first_tranche_original_tool_replay_gate,project/tests/compatibility_sql_parser_first_tranche/parser_compatibility_replay_proof_gate.py,replay_results.COCKROACHDB-CRDB-INTERNAL-CATALOG,parser_evidence_only_engine_mga_security_storage_authority,p6_compatibility_replay_proof_verified,Compatibility-sourced replay case is parsed into the expected ScratchBird envelope without compatibility storage or transaction authority.
FPR-P6-REPLAY-059,native_replay_case,cockroachdb,not_applicable,COCKROACHDB-CHANGEFEED-UDR,public_repo_reference_not_packaged/pkg/cmd/roachtest/operations/changefeeds/utils.go,cockroachdb.changefeed.create,cockroachdb.changefeed.create,CREATE_CHANGEFEED,parser_support_udr,not_applicable,p6_compatibility_replay_proof_verified,compatibility_sql_first_tranche_original_tool_replay_gate,project/tests/compatibility_sql_parser_first_tranche/parser_compatibility_replay_proof_gate.py,replay_results.COCKROACHDB-CHANGEFEED-UDR,parser_evidence_only_engine_mga_security_storage_authority,p6_compatibility_replay_proof_verified,Compatibility-sourced replay case is parsed into the expected ScratchBird envelope without compatibility storage or transaction authority.
FPR-P6-REPLAY-060,native_replay_case,cockroachdb,not_applicable,COCKROACHDB-BACKUP-REFUSAL,public_repo_reference_not_packaged/pkg/backup/schedule_pts_chaining_test.go,cockroachdb.backup.backup,cockroachdb.backup.backup,BACKUP,policy_refusal_fail_closed,COCKROACHDB.AUTHORITY.BACKUP_DENIED,p6_compatibility_replay_proof_verified,compatibility_sql_first_tranche_original_tool_replay_gate,project/tests/compatibility_sql_parser_first_tranche/parser_compatibility_replay_proof_gate.py,replay_results.COCKROACHDB-BACKUP-REFUSAL,parser_evidence_only_engine_mga_security_storage_authority,p6_compatibility_replay_proof_verified,Compatibility-sourced replay case is parsed into the expected ScratchBird envelope without compatibility storage or transaction authority.
FPR-P6-REPLAY-061,native_replay_case,yugabytedb,not_applicable,YUGABYTEDB-SERVER-REGION-CATALOG,public_repo_reference_not_packaged/sample/schema.sql,yugabytedb.catalog_overlay.server_region,yugabytedb.catalog_overlay.server_region,SELECT,catalog_projection,not_applicable,p6_compatibility_replay_proof_verified,compatibility_sql_first_tranche_original_tool_replay_gate,project/tests/compatibility_sql_parser_first_tranche/parser_compatibility_replay_proof_gate.py,replay_results.YUGABYTEDB-SERVER-REGION-CATALOG,parser_evidence_only_engine_mga_security_storage_authority,p6_compatibility_replay_proof_verified,Compatibility-sourced replay case is parsed into the expected ScratchBird envelope without compatibility storage or transaction authority.
FPR-P6-REPLAY-062,native_replay_case,yugabytedb,not_applicable,YUGABYTEDB-SPLIT-INTO-UDR,public_repo_reference_not_packaged/python/yugabyte/test_test_descriptor.py,yugabytedb.tablet.split_into,yugabytedb.tablet.split_into,CREATE_TABLE,parser_support_udr,not_applicable,p6_compatibility_replay_proof_verified,compatibility_sql_first_tranche_original_tool_replay_gate,project/tests/compatibility_sql_parser_first_tranche/parser_compatibility_replay_proof_gate.py,replay_results.YUGABYTEDB-SPLIT-INTO-UDR,parser_evidence_only_engine_mga_security_storage_authority,p6_compatibility_replay_proof_verified,Compatibility-sourced replay case is parsed into the expected ScratchBird envelope without compatibility storage or transaction authority.
FPR-P6-REPLAY-063,native_replay_case,yugabytedb,not_applicable,YUGABYTEDB-BACKUP-REFUSAL,public_repo_reference_not_packaged/architecture/design/distributed-backup-and-restore.md,yugabytedb.backup.backup,yugabytedb.backup.backup,BACKUP,policy_refusal_fail_closed,YUGABYTEDB.AUTHORITY.BACKUP_DENIED,p6_compatibility_replay_proof_verified,compatibility_sql_first_tranche_original_tool_replay_gate,project/tests/compatibility_sql_parser_first_tranche/parser_compatibility_replay_proof_gate.py,replay_results.YUGABYTEDB-BACKUP-REFUSAL,parser_evidence_only_engine_mga_security_storage_authority,p6_compatibility_replay_proof_verified,Compatibility-sourced replay case is parsed into the expected ScratchBird envelope without compatibility storage or transaction authority.
FPR-P6-REPLAY-064,native_replay_case,cassandra,not_applicable,CASSANDRA-CQL-SELECT-JSON,public_repo_reference_not_packaged/src/antlr/Parser.g,cassandra.query.select_json,cassandra.query.select_json,SELECT,admitted_sblr,not_applicable,p6_compatibility_replay_proof_verified,compatibility_sql_first_tranche_original_tool_replay_gate,project/tests/compatibility_sql_parser_first_tranche/parser_compatibility_replay_proof_gate.py,replay_results.CASSANDRA-CQL-SELECT-JSON,parser_evidence_only_engine_mga_security_storage_authority,p6_compatibility_replay_proof_verified,Compatibility-sourced replay case is parsed into the expected ScratchBird envelope without compatibility storage or transaction authority.
FPR-P6-REPLAY-065,native_replay_case,cassandra,not_applicable,CASSANDRA-CQL-CREATE-KEYSPACE-UDR,public_repo_reference_not_packaged/src/antlr/Parser.g,cassandra.keyspace.create,cassandra.keyspace.create,CREATE_KEYSPACE,parser_support_udr,not_applicable,p6_compatibility_replay_proof_verified,compatibility_sql_first_tranche_original_tool_replay_gate,project/tests/compatibility_sql_parser_first_tranche/parser_compatibility_replay_proof_gate.py,replay_results.CASSANDRA-CQL-CREATE-KEYSPACE-UDR,parser_evidence_only_engine_mga_security_storage_authority,p6_compatibility_replay_proof_verified,Compatibility-sourced replay case is parsed into the expected ScratchBird envelope without compatibility storage or transaction authority.
FPR-P6-REPLAY-066,native_replay_case,cassandra,not_applicable,CASSANDRA-REPAIR-REFUSAL,public_repo_reference_not_packaged/test/unit/org/apache/cassandra/tools/nodetool/SetAutoRepairConfigTest.java,cassandra.admin.repair,cassandra.admin.repair,REPAIR,unsupported_refusal_fail_closed,CASSANDRA.AUTHORITY.UNSUPPORTED_DENIED,p6_compatibility_replay_proof_verified,compatibility_sql_first_tranche_original_tool_replay_gate,project/tests/compatibility_sql_parser_first_tranche/parser_compatibility_replay_proof_gate.py,replay_results.CASSANDRA-REPAIR-REFUSAL,parser_evidence_only_engine_mga_security_storage_authority,p6_compatibility_replay_proof_verified,Compatibility-sourced replay case is parsed into the expected ScratchBird envelope without compatibility storage or transaction authority.
FPR-P6-REPLAY-067,native_replay_case,mongodb,not_applicable,MONGODB-FIND-DOCUMENT,public_repo_reference_not_packaged/src/mongo/db/query/find_command.idl,mongodb.query.find,mongodb.query.find,FIND,admitted_sblr,not_applicable,p6_compatibility_replay_proof_verified,compatibility_sql_first_tranche_original_tool_replay_gate,project/tests/compatibility_sql_parser_first_tranche/parser_compatibility_replay_proof_gate.py,replay_results.MONGODB-FIND-DOCUMENT,parser_evidence_only_engine_mga_security_storage_authority,p6_compatibility_replay_proof_verified,Compatibility-sourced replay case is parsed into the expected ScratchBird envelope without compatibility storage or transaction authority.
FPR-P6-REPLAY-068,native_replay_case,mongodb,not_applicable,MONGODB-AGGREGATE-OUT-UDR,public_repo_reference_not_packaged/src/mongo/db/pipeline/aggregate_command.idl,mongodb.aggregate.out,mongodb.aggregate.out,AGGREGATE,parser_support_udr,not_applicable,p6_compatibility_replay_proof_verified,compatibility_sql_first_tranche_original_tool_replay_gate,project/tests/compatibility_sql_parser_first_tranche/parser_compatibility_replay_proof_gate.py,replay_results.MONGODB-AGGREGATE-OUT-UDR,parser_evidence_only_engine_mga_security_storage_authority,p6_compatibility_replay_proof_verified,Compatibility-sourced replay case is parsed into the expected ScratchBird envelope without compatibility storage or transaction authority.
FPR-P6-REPLAY-069,native_replay_case,mongodb,not_applicable,MONGODB-SHARDING-CLUSTER-ROUTE,public_repo_reference_not_packaged/src/mongo/shell/utils_sh.js,mongodb.sharding.shard_collection,mongodb.sharding.shard_collection,SH,admitted_sblr,not_applicable,p6_compatibility_replay_proof_verified,compatibility_sql_first_tranche_original_tool_replay_gate,project/tests/compatibility_sql_parser_first_tranche/parser_compatibility_replay_proof_gate.py,replay_results.MONGODB-SHARDING-CLUSTER-ROUTE,parser_evidence_only_engine_mga_security_storage_authority,p6_compatibility_replay_proof_verified,Compatibility-sourced replay case is parsed into the expected ScratchBird envelope without compatibility storage or transaction authority.
FPR-P6-REPLAY-070,native_replay_case,redis,not_applicable,REDIS-SET-KV,public_repo_reference_not_packaged/src/commands/set.json,redis.kv.set,redis.kv.set,SET,admitted_sblr,not_applicable,p6_compatibility_replay_proof_verified,compatibility_sql_first_tranche_original_tool_replay_gate,project/tests/compatibility_sql_parser_first_tranche/parser_compatibility_replay_proof_gate.py,replay_results.REDIS-SET-KV,parser_evidence_only_engine_mga_security_storage_authority,p6_compatibility_replay_proof_verified,Compatibility-sourced replay case is parsed into the expected ScratchBird envelope without compatibility storage or transaction authority.
FPR-P6-REPLAY-071,native_replay_case,redis,not_applicable,REDIS-EVAL-UDR,public_repo_reference_not_packaged/src/commands/eval.json,redis.script.eval,redis.script.eval,EVAL,parser_support_udr,not_applicable,p6_compatibility_replay_proof_verified,compatibility_sql_first_tranche_original_tool_replay_gate,project/tests/compatibility_sql_parser_first_tranche/parser_compatibility_replay_proof_gate.py,replay_results.REDIS-EVAL-UDR,parser_evidence_only_engine_mga_security_storage_authority,p6_compatibility_replay_proof_verified,Compatibility-sourced replay case is parsed into the expected ScratchBird envelope without compatibility storage or transaction authority.
FPR-P6-REPLAY-072,native_replay_case,redis,not_applicable,REDIS-CLUSTER-ROUTE,public_repo_reference_not_packaged/src/commands/cluster.json,redis.cluster.command,redis.cluster.command,CLUSTER,admitted_sblr,not_applicable,p6_compatibility_replay_proof_verified,compatibility_sql_first_tranche_original_tool_replay_gate,project/tests/compatibility_sql_parser_first_tranche/parser_compatibility_replay_proof_gate.py,replay_results.REDIS-CLUSTER-ROUTE,parser_evidence_only_engine_mga_security_storage_authority,p6_compatibility_replay_proof_verified,Compatibility-sourced replay case is parsed into the expected ScratchBird envelope without compatibility storage or transaction authority.
FPR-P6-REPLAY-073,native_replay_case,opensearch_sql_ppl,not_applicable,OPENSEARCH-SQL-SELECT,public_repo_reference_not_packaged/language-grammar/src/main/antlr4/OpenSearchSQLParser.g4,opensearch_sql_ppl.sql.select,opensearch_sql_ppl.sql.select,SELECT,admitted_sblr,not_applicable,p6_compatibility_replay_proof_verified,compatibility_sql_first_tranche_original_tool_replay_gate,project/tests/compatibility_sql_parser_first_tranche/parser_compatibility_replay_proof_gate.py,replay_results.OPENSEARCH-SQL-SELECT,parser_evidence_only_engine_mga_security_storage_authority,p6_compatibility_replay_proof_verified,Compatibility-sourced replay case is parsed into the expected ScratchBird envelope without compatibility storage or transaction authority.
FPR-P6-REPLAY-074,native_replay_case,opensearch_sql_ppl,not_applicable,OPENSEARCH-PPL-STATS,public_repo_reference_not_packaged/language-grammar/src/main/antlr4/OpenSearchPPLParser.g4,opensearch_sql_ppl.ppl.stats,opensearch_sql_ppl.ppl.stats,SOURCE,admitted_sblr,not_applicable,p6_compatibility_replay_proof_verified,compatibility_sql_first_tranche_original_tool_replay_gate,project/tests/compatibility_sql_parser_first_tranche/parser_compatibility_replay_proof_gate.py,replay_results.OPENSEARCH-PPL-STATS,parser_evidence_only_engine_mga_security_storage_authority,p6_compatibility_replay_proof_verified,Compatibility-sourced replay case is parsed into the expected ScratchBird envelope without compatibility storage or transaction authority.
FPR-P6-REPLAY-075,native_replay_case,opensearch_sql_ppl,not_applicable,OPENSEARCH-SQL-PPL-PLUGIN-POST,public_repo_reference_not_packaged/plugin/src/main/java/org/opensearch/sql/plugin/rest/RestPPLQueryAction.java,opensearch_sql_ppl.rest.post,opensearch_sql_ppl.rest.post,POST,parser_support_udr,not_applicable,p6_compatibility_replay_proof_verified,compatibility_sql_first_tranche_original_tool_replay_gate,project/tests/compatibility_sql_parser_first_tranche/parser_compatibility_replay_proof_gate.py,replay_results.OPENSEARCH-SQL-PPL-PLUGIN-POST,parser_evidence_only_engine_mga_security_storage_authority,p6_compatibility_replay_proof_verified,Compatibility-sourced SQL/PPL plugin endpoint replay case is parsed into the expected ScratchBird envelope without compatibility storage or transaction authority.
FPR-P6-REPLAY-076,native_replay_case,opensearch_sql_ppl,not_applicable,OPENSEARCH-SQL-PPL-CLUSTER-ROUTE,public_repo_reference_not_packaged/language-grammar/src/main/antlr4/OpenSearchPPLParser.g4,opensearch_sql_ppl.cluster.get,opensearch_sql_ppl.cluster.get,GET,admitted_sblr,not_applicable,p6_compatibility_replay_proof_verified,compatibility_sql_first_tranche_original_tool_replay_gate,project/tests/compatibility_sql_parser_first_tranche/parser_compatibility_replay_proof_gate.py,replay_results.OPENSEARCH-SQL-PPL-CLUSTER-ROUTE,parser_evidence_only_engine_mga_security_storage_authority,p6_compatibility_replay_proof_verified,Compatibility-sourced replay case is parsed into the expected ScratchBird envelope without compatibility storage or transaction authority.
FPR-P6-REPLAY-077,native_replay_case,opensearch,not_applicable,OPENSEARCH-REST-SEARCH,public_repo_reference_not_packaged/rest-api-spec/src/main/resources/rest-api-spec/api/search.json,opensearch.search.query,opensearch.search.query,POST,admitted_sblr,not_applicable,p6_compatibility_replay_proof_verified,compatibility_sql_first_tranche_original_tool_replay_gate,project/tests/compatibility_sql_parser_first_tranche/parser_compatibility_replay_proof_gate.py,replay_results.OPENSEARCH-REST-SEARCH,parser_evidence_only_engine_mga_security_storage_authority,p6_compatibility_replay_proof_verified,Compatibility-sourced replay case is parsed into the expected ScratchBird envelope without compatibility storage or transaction authority.
FPR-P6-REPLAY-078,native_replay_case,opensearch,not_applicable,OPENSEARCH-REST-CREATE-INDEX,public_repo_reference_not_packaged/rest-api-spec/src/main/resources/rest-api-spec/api/indices.create.json,opensearch.index.create,opensearch.index.create,PUT,admitted_sblr,not_applicable,p6_compatibility_replay_proof_verified,compatibility_sql_first_tranche_original_tool_replay_gate,project/tests/compatibility_sql_parser_first_tranche/parser_compatibility_replay_proof_gate.py,replay_results.OPENSEARCH-REST-CREATE-INDEX,parser_evidence_only_engine_mga_security_storage_authority,p6_compatibility_replay_proof_verified,Compatibility-sourced replay case is parsed into the expected ScratchBird envelope without compatibility storage or transaction authority.
FPR-P6-REPLAY-079,native_replay_case,opensearch,not_applicable,OPENSEARCH-REST-CLUSTER-ROUTE,public_repo_reference_not_packaged/rest-api-spec/src/main/resources/rest-api-spec/api/cluster.health.json,opensearch.admin.cluster_health,opensearch.admin.cluster_health,GET,admitted_sblr,not_applicable,p6_compatibility_replay_proof_verified,compatibility_sql_first_tranche_original_tool_replay_gate,project/tests/compatibility_sql_parser_first_tranche/parser_compatibility_replay_proof_gate.py,replay_results.OPENSEARCH-REST-CLUSTER-ROUTE,parser_evidence_only_engine_mga_security_storage_authority,p6_compatibility_replay_proof_verified,Compatibility-sourced replay case is parsed into the expected ScratchBird envelope without compatibility storage or transaction authority.
FPR-P6-REPLAY-080,native_replay_case,neo4j,not_applicable,NEO4J-CYPHER-MATCH,public_repo_reference_not_packaged/community/cypher/front-end/parser/v5/parser/src/main/antlr4/org/neo4j/cypher/internal/parser/v5/Cypher5Parser.g4,neo4j.query.match,neo4j.query.match,MATCH,admitted_sblr,not_applicable,p6_compatibility_replay_proof_verified,compatibility_sql_first_tranche_original_tool_replay_gate,project/tests/compatibility_sql_parser_first_tranche/parser_compatibility_replay_proof_gate.py,replay_results.NEO4J-CYPHER-MATCH,parser_evidence_only_engine_mga_security_storage_authority,p6_compatibility_replay_proof_verified,Compatibility-sourced replay case is parsed into the expected ScratchBird envelope without compatibility storage or transaction authority.
FPR-P6-REPLAY-081,native_replay_case,neo4j,not_applicable,NEO4J-CYPHER-CREATE-CONSTRAINT-UDR,public_repo_reference_not_packaged/community/cypher/front-end/parser/v5/parser/src/main/antlr4/org/neo4j/cypher/internal/parser/v5/Cypher5Parser.g4,neo4j.schema.constraint.create,neo4j.schema.constraint.create,CREATE_CONSTRAINT,parser_support_udr,not_applicable,p6_compatibility_replay_proof_verified,compatibility_sql_first_tranche_original_tool_replay_gate,project/tests/compatibility_sql_parser_first_tranche/parser_compatibility_replay_proof_gate.py,replay_results.NEO4J-CYPHER-CREATE-CONSTRAINT-UDR,parser_evidence_only_engine_mga_security_storage_authority,p6_compatibility_replay_proof_verified,Compatibility-sourced replay case is parsed into the expected ScratchBird envelope without compatibility storage or transaction authority.
FPR-P6-REPLAY-082,native_replay_case,neo4j,not_applicable,NEO4J-CYPHER-SHOW-SERVERS-CLUSTER-ROUTE,public_repo_reference_not_packaged/community/cypher/front-end/parser/v5/parser/src/main/antlr4/org/neo4j/cypher/internal/parser/v5/Cypher5Parser.g4,neo4j.admin.show_servers,neo4j.admin.show_servers,SHOW,admitted_sblr,not_applicable,p6_compatibility_replay_proof_verified,compatibility_sql_first_tranche_original_tool_replay_gate,project/tests/compatibility_sql_parser_first_tranche/parser_compatibility_replay_proof_gate.py,replay_results.NEO4J-CYPHER-SHOW-SERVERS-CLUSTER-ROUTE,parser_evidence_only_engine_mga_security_storage_authority,p6_compatibility_replay_proof_verified,Compatibility-sourced replay case is parsed into the expected ScratchBird envelope without compatibility storage or transaction authority.
FPR-P6-REPLAY-083,native_replay_case,influxdb,not_applicable,INFLUXDB-INFLUXQL-SELECT,public_repo_reference_not_packaged/influxdb3_commands/src/query.rs,influxdb.query.select,influxdb.query.select,SELECT,admitted_sblr,not_applicable,p6_compatibility_replay_proof_verified,compatibility_sql_first_tranche_original_tool_replay_gate,project/tests/compatibility_sql_parser_first_tranche/parser_compatibility_replay_proof_gate.py,replay_results.INFLUXDB-INFLUXQL-SELECT,parser_evidence_only_engine_mga_security_storage_authority,p6_compatibility_replay_proof_verified,Compatibility-sourced replay case is parsed into the expected ScratchBird envelope without compatibility storage or transaction authority.
FPR-P6-REPLAY-084,native_replay_case,influxdb,not_applicable,INFLUXDB-LINE-PROTOCOL-UDR,public_repo_reference_not_packaged/influxdb3_load_generator/src/line_protocol_generator.rs,influxdb.write.line_protocol,influxdb.write.line_protocol,CPU,parser_support_udr,not_applicable,p6_compatibility_replay_proof_verified,compatibility_sql_first_tranche_original_tool_replay_gate,project/tests/compatibility_sql_parser_first_tranche/parser_compatibility_replay_proof_gate.py,replay_results.INFLUXDB-LINE-PROTOCOL-UDR,parser_evidence_only_engine_mga_security_storage_authority,p6_compatibility_replay_proof_verified,Compatibility-sourced replay case is parsed into the expected ScratchBird envelope without compatibility storage or transaction authority.
FPR-P6-REPLAY-085,native_replay_case,influxdb,not_applicable,INFLUXDB-RETENTION-UDR,public_repo_reference_not_packaged/influxdb3/tests/cli/db_retention.rs,influxdb.retention_policy.create,influxdb.retention_policy.create,CREATE_RETENTION,parser_support_udr,not_applicable,p6_compatibility_replay_proof_verified,compatibility_sql_first_tranche_original_tool_replay_gate,project/tests/compatibility_sql_parser_first_tranche/parser_compatibility_replay_proof_gate.py,replay_results.INFLUXDB-RETENTION-UDR,parser_evidence_only_engine_mga_security_storage_authority,p6_compatibility_replay_proof_verified,Compatibility-sourced replay case is parsed into the expected ScratchBird envelope without compatibility storage or transaction authority.
FPR-P6-REPLAY-086,native_replay_case,influxdb,not_applicable,INFLUXDB-CLUSTER-ROUTE,public_repo_reference_not_packaged/influxdb3_commands/src/query.rs,influxdb.admin.show_servers,influxdb.admin.show_servers,SHOW,admitted_sblr,not_applicable,p6_compatibility_replay_proof_verified,compatibility_sql_first_tranche_original_tool_replay_gate,project/tests/compatibility_sql_parser_first_tranche/parser_compatibility_replay_proof_gate.py,replay_results.INFLUXDB-CLUSTER-ROUTE,parser_evidence_only_engine_mga_security_storage_authority,p6_compatibility_replay_proof_verified,Compatibility-sourced replay case is parsed into the expected ScratchBird envelope without compatibility storage or transaction authority.
FPR-P6-REPLAY-087,native_replay_case,milvus,not_applicable,MILVUS-CREATE-COLLECTION,public_repo_reference_not_packaged/pkg/proto/root_coord.proto,milvus.collection.create,milvus.collection.create,CREATE_COLLECTION,admitted_sblr,not_applicable,p6_compatibility_replay_proof_verified,compatibility_sql_first_tranche_original_tool_replay_gate,project/tests/compatibility_sql_parser_first_tranche/parser_compatibility_replay_proof_gate.py,replay_results.MILVUS-CREATE-COLLECTION,parser_evidence_only_engine_mga_security_storage_authority,p6_compatibility_replay_proof_verified,Compatibility-sourced replay case is parsed into the expected ScratchBird envelope without compatibility storage or transaction authority.
FPR-P6-REPLAY-088,native_replay_case,milvus,not_applicable,MILVUS-SEARCH,public_repo_reference_not_packaged/pkg/proto/query_coord.proto,milvus.query.search,milvus.query.search,SEARCH,admitted_sblr,not_applicable,p6_compatibility_replay_proof_verified,compatibility_sql_first_tranche_original_tool_replay_gate,project/tests/compatibility_sql_parser_first_tranche/parser_compatibility_replay_proof_gate.py,replay_results.MILVUS-SEARCH,parser_evidence_only_engine_mga_security_storage_authority,p6_compatibility_replay_proof_verified,Compatibility-sourced replay case is parsed into the expected ScratchBird envelope without compatibility storage or transaction authority.
FPR-P6-REPLAY-089,native_replay_case,milvus,not_applicable,MILVUS-CREATE-INDEX-UDR,public_repo_reference_not_packaged/pkg/proto/index_coord.proto,milvus.index.create,milvus.index.create,CREATE_INDEX,parser_support_udr,not_applicable,p6_compatibility_replay_proof_verified,compatibility_sql_first_tranche_original_tool_replay_gate,project/tests/compatibility_sql_parser_first_tranche/parser_compatibility_replay_proof_gate.py,replay_results.MILVUS-CREATE-INDEX-UDR,parser_evidence_only_engine_mga_security_storage_authority,p6_compatibility_replay_proof_verified,Compatibility-sourced replay case is parsed into the expected ScratchBird envelope without compatibility storage or transaction authority.
FPR-P6-REPLAY-090,native_replay_case,milvus,not_applicable,MILVUS-TRANSFER-REPLICA-CLUSTER-ROUTE,public_repo_reference_not_packaged/internal/coordinator/mix_coord.go,milvus.admin.transfer_replica,milvus.admin.transfer_replica,TRANSFER_REPLICA,admitted_sblr,not_applicable,p6_compatibility_replay_proof_verified,compatibility_sql_first_tranche_original_tool_replay_gate,project/tests/compatibility_sql_parser_first_tranche/parser_compatibility_replay_proof_gate.py,replay_results.MILVUS-TRANSFER-REPLICA-CLUSTER-ROUTE,parser_evidence_only_engine_mga_security_storage_authority,p6_compatibility_replay_proof_verified,Compatibility-sourced replay case is parsed into the expected ScratchBird envelope without compatibility storage or transaction authority.
FPR-P6-REPLAY-091,native_replay_case,dolt,not_applicable,DOLT-SQL-BRANCH-UDR,public_repo_reference_not_packaged/integration-tests/bats/sql-branch.bats,dolt.version.branch,dolt.version.branch,CALL,parser_support_udr,not_applicable,p6_compatibility_replay_proof_verified,compatibility_sql_first_tranche_original_tool_replay_gate,project/tests/compatibility_sql_parser_first_tranche/parser_compatibility_replay_proof_gate.py,replay_results.DOLT-SQL-BRANCH-UDR,parser_evidence_only_engine_mga_security_storage_authority,p6_compatibility_replay_proof_verified,Compatibility-sourced replay case is parsed into the expected ScratchBird envelope without compatibility storage or transaction authority.
FPR-P6-REPLAY-092,native_replay_case,dolt,not_applicable,DOLT-SQL-COMMIT-DIFF-CATALOG,public_repo_reference_not_packaged/integration-tests/bats/sql-commit-diff.bats,dolt.version.diff,dolt.version.diff,SELECT,catalog_projection,not_applicable,p6_compatibility_replay_proof_verified,compatibility_sql_first_tranche_original_tool_replay_gate,project/tests/compatibility_sql_parser_first_tranche/parser_compatibility_replay_proof_gate.py,replay_results.DOLT-SQL-COMMIT-DIFF-CATALOG,parser_evidence_only_engine_mga_security_storage_authority,p6_compatibility_replay_proof_verified,Compatibility-sourced replay case is parsed into the expected ScratchBird envelope without compatibility storage or transaction authority.
FPR-P6-REPLAY-093,native_replay_case,dolt,not_applicable,DOLT-REMOTE-PUSH-UDR,public_repo_reference_not_packaged/integration-tests/bats/remotes-push-pull.bats,dolt.remote.push,dolt.remote.push,PUSH,parser_support_udr,not_applicable,p6_compatibility_replay_proof_verified,compatibility_sql_first_tranche_original_tool_replay_gate,project/tests/compatibility_sql_parser_first_tranche/parser_compatibility_replay_proof_gate.py,replay_results.DOLT-REMOTE-PUSH-UDR,parser_evidence_only_engine_mga_security_storage_authority,p6_compatibility_replay_proof_verified,Compatibility-sourced replay case is parsed into the expected ScratchBird envelope without compatibility storage or transaction authority.
FPR-P6-REPLAY-094,native_replay_case,apache_ignite,not_applicable,APACHE-IGNITE-SQL-SELECT,public_repo_reference_not_packaged/docs/_docs/SQL/sql-introduction.adoc,apache_ignite.query.select,apache_ignite.query.select,SELECT,admitted_sblr,not_applicable,p6_compatibility_replay_proof_verified,compatibility_sql_first_tranche_original_tool_replay_gate,project/tests/compatibility_sql_parser_first_tranche/parser_compatibility_replay_proof_gate.py,replay_results.APACHE-IGNITE-SQL-SELECT,parser_evidence_only_engine_mga_security_storage_authority,p6_compatibility_replay_proof_verified,Compatibility-sourced replay case is parsed into the expected ScratchBird envelope without compatibility storage or transaction authority.
FPR-P6-REPLAY-095,native_replay_case,apache_ignite,not_applicable,APACHE-IGNITE-CACHE-CREATE-UDR,public_repo_reference_not_packaged/docs/_docs/key-value-api/basic-cache-operations.adoc,apache_ignite.cache.create,apache_ignite.cache.create,CREATE_CACHE,parser_support_udr,not_applicable,p6_compatibility_replay_proof_verified,compatibility_sql_first_tranche_original_tool_replay_gate,project/tests/compatibility_sql_parser_first_tranche/parser_compatibility_replay_proof_gate.py,replay_results.APACHE-IGNITE-CACHE-CREATE-UDR,parser_evidence_only_engine_mga_security_storage_authority,p6_compatibility_replay_proof_verified,Compatibility-sourced replay case is parsed into the expected ScratchBird envelope without compatibility storage or transaction authority.
FPR-P6-REPLAY-096,native_replay_case,apache_ignite,not_applicable,APACHE-IGNITE-SCAN-UDR,public_repo_reference_not_packaged/docs/_docs/key-value-api/using-cache-queries.adoc,apache_ignite.cache.scan,apache_ignite.cache.scan,SCAN,parser_support_udr,not_applicable,p6_compatibility_replay_proof_verified,compatibility_sql_first_tranche_original_tool_replay_gate,project/tests/compatibility_sql_parser_first_tranche/parser_compatibility_replay_proof_gate.py,replay_results.APACHE-IGNITE-SCAN-UDR,parser_evidence_only_engine_mga_security_storage_authority,p6_compatibility_replay_proof_verified,Compatibility-sourced replay case is parsed into the expected ScratchBird envelope without compatibility storage or transaction authority.
FPR-P6-REPLAY-097,native_replay_case,apache_ignite,not_applicable,APACHE-IGNITE-CONTROL-CLUSTER-RESERVED,public_repo_reference_not_packaged/bin/control.sh,apache_ignite.admin.control_script,apache_ignite.admin.control_script,CONTROL,policy_refusal_fail_closed,APACHE_IGNITE.AUTHORITY.CLUSTER_CONTROL_RESERVED,p6_compatibility_replay_proof_verified,compatibility_sql_first_tranche_original_tool_replay_gate,project/tests/compatibility_sql_parser_first_tranche/parser_compatibility_replay_proof_gate.py,replay_results.APACHE-IGNITE-CONTROL-CLUSTER-RESERVED,parser_evidence_only_engine_mga_security_storage_authority,p6_compatibility_replay_proof_verified,Compatibility-sourced replay case is parsed into the expected ScratchBird envelope without compatibility storage or transaction authority.
FPR-P6-REPLAY-098,native_replay_case,tikv,not_applicable,TIKV-RAW-GET,public_repo_reference_not_packaged/CHANGELOG.md,tikv.raw.get,tikv.raw.get,RAW_GET,admitted_sblr,not_applicable,p6_compatibility_replay_proof_verified,compatibility_sql_first_tranche_original_tool_replay_gate,project/tests/compatibility_sql_parser_first_tranche/parser_compatibility_replay_proof_gate.py,replay_results.TIKV-RAW-GET,parser_evidence_only_engine_mga_security_storage_authority,p6_compatibility_replay_proof_verified,Compatibility-sourced replay case is parsed into the expected ScratchBird envelope without compatibility storage or transaction authority.
FPR-P6-REPLAY-099,native_replay_case,tikv,not_applicable,TIKV-IMPORT-SST-UDR,public_repo_reference_not_packaged/CHANGELOG.md,tikv.import_sst,tikv.import_sst,IMPORT_SST,parser_support_udr,not_applicable,p6_compatibility_replay_proof_verified,compatibility_sql_first_tranche_original_tool_replay_gate,project/tests/compatibility_sql_parser_first_tranche/parser_compatibility_replay_proof_gate.py,replay_results.TIKV-IMPORT-SST-UDR,parser_evidence_only_engine_mga_security_storage_authority,p6_compatibility_replay_proof_verified,Compatibility-sourced replay case is parsed into the expected ScratchBird envelope without compatibility storage or transaction authority.
FPR-P6-REPLAY-100,native_replay_case,tikv,not_applicable,TIKV-TXN-PREWRITE-UDR,public_repo_reference_not_packaged/CHANGELOG.md,tikv.txn.prewrite,tikv.txn.prewrite,TXN_PREWRITE,parser_support_udr,not_applicable,p6_compatibility_replay_proof_verified,compatibility_sql_first_tranche_original_tool_replay_gate,project/tests/compatibility_sql_parser_first_tranche/parser_compatibility_replay_proof_gate.py,replay_results.TIKV-TXN-PREWRITE-UDR,parser_evidence_only_engine_mga_security_storage_authority,p6_compatibility_replay_proof_verified,Compatibility-sourced replay case is parsed into the expected ScratchBird envelope without compatibility storage or transaction authority.
FPR-P6-REPLAY-101,native_replay_case,tikv,not_applicable,TIKV-SPLIT-REGION-CLUSTER-ROUTE,public_repo_reference_not_packaged/CHANGELOG.md,tikv.admin.split_region,tikv.admin.split_region,SPLIT_REGION,admitted_sblr,not_applicable,p6_compatibility_replay_proof_verified,compatibility_sql_first_tranche_original_tool_replay_gate,project/tests/compatibility_sql_parser_first_tranche/parser_compatibility_replay_proof_gate.py,replay_results.TIKV-SPLIT-REGION-CLUSTER-ROUTE,parser_evidence_only_engine_mga_security_storage_authority,p6_compatibility_replay_proof_verified,Compatibility-sourced replay case is parsed into the expected ScratchBird envelope without compatibility storage or transaction authority.
FPR-P6-REPLAY-102,native_replay_case,foundationdb,not_applicable,FOUNDATIONDB-GET-RANGE,public_repo_reference_not_packaged/bindings/bindingtester/tests/api.py,foundationdb.kv.get_range,foundationdb.kv.get_range,GET_RANGE,admitted_sblr,not_applicable,p6_compatibility_replay_proof_verified,compatibility_sql_first_tranche_original_tool_replay_gate,project/tests/compatibility_sql_parser_first_tranche/parser_compatibility_replay_proof_gate.py,replay_results.FOUNDATIONDB-GET-RANGE,parser_evidence_only_engine_mga_security_storage_authority,p6_compatibility_replay_proof_verified,Compatibility-sourced replay case is parsed into the expected ScratchBird envelope without compatibility storage or transaction authority.
FPR-P6-REPLAY-103,native_replay_case,foundationdb,not_applicable,FOUNDATIONDB-DIRECTORY-CREATE-UDR,public_repo_reference_not_packaged/bindings/bindingtester/tests/directory.py,foundationdb.directory.create,foundationdb.directory.create,DIRECTORY_CREATE,parser_support_udr,not_applicable,p6_compatibility_replay_proof_verified,compatibility_sql_first_tranche_original_tool_replay_gate,project/tests/compatibility_sql_parser_first_tranche/parser_compatibility_replay_proof_gate.py,replay_results.FOUNDATIONDB-DIRECTORY-CREATE-UDR,parser_evidence_only_engine_mga_security_storage_authority,p6_compatibility_replay_proof_verified,Compatibility-sourced replay case is parsed into the expected ScratchBird envelope without compatibility storage or transaction authority.
FPR-P6-REPLAY-104,native_replay_case,foundationdb,not_applicable,FOUNDATIONDB-ATOMIC-OP-UDR,public_repo_reference_not_packaged/bindings/bindingtester/tests/api.py,foundationdb.kv.atomic_op,foundationdb.kv.atomic_op,ATOMIC_OP,parser_support_udr,not_applicable,p6_compatibility_replay_proof_verified,compatibility_sql_first_tranche_original_tool_replay_gate,project/tests/compatibility_sql_parser_first_tranche/parser_compatibility_replay_proof_gate.py,replay_results.FOUNDATIONDB-ATOMIC-OP-UDR,parser_evidence_only_engine_mga_security_storage_authority,p6_compatibility_replay_proof_verified,Compatibility-sourced replay case is parsed into the expected ScratchBird envelope without compatibility storage or transaction authority.
FPR-P6-REPLAY-105,native_replay_case,foundationdb,not_applicable,FOUNDATIONDB-CONFIGURE-CLUSTER-ROUTE,public_repo_reference_not_packaged/fdbcli/ConfigureCommand.actor.cpp,foundationdb.admin.configure,foundationdb.admin.configure,CONFIGURE,admitted_sblr,not_applicable,p6_compatibility_replay_proof_verified,compatibility_sql_first_tranche_original_tool_replay_gate,project/tests/compatibility_sql_parser_first_tranche/parser_compatibility_replay_proof_gate.py,replay_results.FOUNDATIONDB-CONFIGURE-CLUSTER-ROUTE,parser_evidence_only_engine_mga_security_storage_authority,p6_compatibility_replay_proof_verified,Compatibility-sourced replay case is parsed into the expected ScratchBird envelope without compatibility storage or transaction authority.
FPR-P6-REPLAY-106,native_replay_case,immudb,not_applicable,IMMUDB-SQL-UPSERT,public_repo_reference_not_packaged/embedded/sql/parser_test.go,immudb.dml.upsert,immudb.dml.upsert,UPSERT,admitted_sblr,not_applicable,p6_compatibility_replay_proof_verified,compatibility_sql_first_tranche_original_tool_replay_gate,project/tests/compatibility_sql_parser_first_tranche/parser_compatibility_replay_proof_gate.py,replay_results.IMMUDB-SQL-UPSERT,parser_evidence_only_engine_mga_security_storage_authority,p6_compatibility_replay_proof_verified,Compatibility-sourced replay case is parsed into the expected ScratchBird envelope without compatibility storage or transaction authority.
FPR-P6-REPLAY-107,native_replay_case,immudb,not_applicable,IMMUDB-SHOW-DATABASES,public_repo_reference_not_packaged/embedded/sql/sql_grammar.y,immudb.catalog.show_databases,immudb.catalog.show_databases,SHOW,catalog_projection,not_applicable,p6_compatibility_replay_proof_verified,compatibility_sql_first_tranche_original_tool_replay_gate,project/tests/compatibility_sql_parser_first_tranche/parser_compatibility_replay_proof_gate.py,replay_results.IMMUDB-SHOW-DATABASES,parser_evidence_only_engine_mga_security_storage_authority,p6_compatibility_replay_proof_verified,Compatibility-sourced replay case is parsed into the expected ScratchBird envelope without compatibility storage or transaction authority.
FPR-P6-REPLAY-108,native_replay_case,immudb,not_applicable,IMMUDB-VERIFIED-GET-UDR,public_input_snapshot,immudb.kv.verified_get,immudb.kv.verified_get,VERIFIED_GET,parser_support_udr,not_applicable,p6_compatibility_replay_proof_verified,compatibility_sql_first_tranche_original_tool_replay_gate,project/tests/compatibility_sql_parser_first_tranche/parser_compatibility_replay_proof_gate.py,replay_results.IMMUDB-VERIFIED-GET-UDR,parser_evidence_only_engine_mga_security_storage_authority,p6_compatibility_replay_proof_verified,Compatibility-sourced replay case is parsed into the expected ScratchBird envelope without compatibility storage or transaction authority.
FPR-P6-REPLAY-109,native_replay_case,immudb,not_applicable,IMMUDB-DUMP-FILE-AUTHORITY-REFUSAL,public_input_snapshot,immudb.backup.dump,immudb.backup.dump,DUMP,policy_refusal_fail_closed,IMMUDB.AUTHORITY.BACKUP_DENIED,p6_compatibility_replay_proof_verified,compatibility_sql_first_tranche_original_tool_replay_gate,project/tests/compatibility_sql_parser_first_tranche/parser_compatibility_replay_proof_gate.py,replay_results.IMMUDB-DUMP-FILE-AUTHORITY-REFUSAL,parser_evidence_only_engine_mga_security_storage_authority,p6_compatibility_replay_proof_verified,Compatibility-sourced replay case is parsed into the expected ScratchBird envelope without compatibility storage or transaction authority.
FPR-P6-REPLAY-110,native_replay_case,xtdb,not_applicable,XTDB-API-Q,public_repo_reference_not_packaged/api/src/main/clojure/xtdb/api.clj,xtdb.datalog.query,xtdb.datalog.query,XTDB_Q,parser_support_udr,not_applicable,p6_compatibility_replay_proof_verified,compatibility_sql_first_tranche_original_tool_replay_gate,project/tests/compatibility_sql_parser_first_tranche/parser_compatibility_replay_proof_gate.py,replay_results.XTDB-API-Q,parser_evidence_only_engine_mga_security_storage_authority,p6_compatibility_replay_proof_verified,Compatibility-sourced replay case is parsed into the expected ScratchBird envelope without compatibility storage or transaction authority.
FPR-P6-REPLAY-111,native_replay_case,xtdb,not_applicable,XTDB-API-SUBMIT-TX,public_repo_reference_not_packaged/api/src/main/clojure/xtdb/api.clj,xtdb.entity.submit_tx,xtdb.entity.submit_tx,XTDB_SUBMIT_TX,parser_support_udr,not_applicable,p6_compatibility_replay_proof_verified,compatibility_sql_first_tranche_original_tool_replay_gate,project/tests/compatibility_sql_parser_first_tranche/parser_compatibility_replay_proof_gate.py,replay_results.XTDB-API-SUBMIT-TX,parser_evidence_only_engine_mga_security_storage_authority,p6_compatibility_replay_proof_verified,Compatibility-sourced replay case is parsed into the expected ScratchBird envelope without compatibility storage or transaction authority.
FPR-P6-REPLAY-112,native_replay_case,xtdb,not_applicable,XTDB-BITEMPORAL-VALID-TIME,public_repo_reference_not_packaged/api/src/main/clojure/xtdb/tx_ops.clj,xtdb.time.valid_time,xtdb.time.valid_time,SELECT,parser_support_udr,not_applicable,p6_compatibility_replay_proof_verified,compatibility_sql_first_tranche_original_tool_replay_gate,project/tests/compatibility_sql_parser_first_tranche/parser_compatibility_replay_proof_gate.py,replay_results.XTDB-BITEMPORAL-VALID-TIME,parser_evidence_only_engine_mga_security_storage_authority,p6_compatibility_replay_proof_verified,Compatibility-sourced replay case is parsed into the expected ScratchBird envelope without compatibility storage or transaction authority.
FPR-P6-REPLAY-113,native_replay_case,xtdb,not_applicable,XTDB-MODULE-CATALOG,public_input_snapshot,xtdb.catalog.modules,xtdb.catalog.modules,XTDB_MODULES,catalog_projection,not_applicable,p6_compatibility_replay_proof_verified,compatibility_sql_first_tranche_original_tool_replay_gate,project/tests/compatibility_sql_parser_first_tranche/parser_compatibility_replay_proof_gate.py,replay_results.XTDB-MODULE-CATALOG,parser_evidence_only_engine_mga_security_storage_authority,p6_compatibility_replay_proof_verified,Compatibility-sourced replay case is parsed into the expected ScratchBird envelope without compatibility storage or transaction authority.
FPR-P6-REPLAY-114,native_replay_case,xtdb,not_applicable,XTDB-CLUSTER-CONTROL-ROUTE,public_repo_reference_not_packaged/core/src/main/clojure/xtdb/node.clj,xtdb.cluster.control,xtdb.cluster.control,CLUSTER,admitted_sblr,not_applicable,p6_compatibility_replay_proof_verified,compatibility_sql_first_tranche_original_tool_replay_gate,project/tests/compatibility_sql_parser_first_tranche/parser_compatibility_replay_proof_gate.py,replay_results.XTDB-CLUSTER-CONTROL-ROUTE,parser_evidence_only_engine_mga_security_storage_authority,p6_compatibility_replay_proof_verified,Compatibility-sourced replay case is parsed into the expected ScratchBird envelope without compatibility storage or transaction authority.
FPR-P6-REPLAY-115,native_replay_case,firebird,not_applicable,FIREBIRD-PARSER-DDL-DATATYPE-TABLE,project/tests/firebird_parser_worker/firebird_parser_pipeline_probe.cpp,firebird.ddl.create,firebird.ddl.create,CREATE_TABLE,not_applicable,not_applicable,p6_compatibility_replay_proof_verified,compatibility_sql_first_tranche_original_tool_replay_gate,project/tests/compatibility_sql_parser_first_tranche/parser_compatibility_replay_proof_gate.py,replay_results.FIREBIRD-PARSER-DDL-DATATYPE-TABLE,parser_evidence_only_engine_mga_security_storage_authority,p6_compatibility_replay_proof_verified,Compatibility-sourced replay case is parsed into the expected ScratchBird envelope without compatibility storage or transaction authority.
FPR-P6-REPLAY-116,native_replay_case,firebird,not_applicable,FIREBIRD-PARSER-PSQL-FUNCTION,project/tests/firebird_parser_worker/firebird_parser_pipeline_probe.cpp,firebird.ddl.create.function,firebird.ddl.create.function,CREATE_FUNCTION,not_applicable,not_applicable,p6_compatibility_replay_proof_verified,compatibility_sql_first_tranche_original_tool_replay_gate,project/tests/compatibility_sql_parser_first_tranche/parser_compatibility_replay_proof_gate.py,replay_results.FIREBIRD-PARSER-PSQL-FUNCTION,parser_evidence_only_engine_mga_security_storage_authority,p6_compatibility_replay_proof_verified,Compatibility-sourced replay case is parsed into the expected ScratchBird envelope without compatibility storage or transaction authority.
FPR-P6-REPLAY-117,native_replay_case,mysql,not_applicable,MYSQL-TEST-ROUTINE-PROCEDURE,public_repo_reference_not_packaged/mysql-test/t/alter_table_myisam.test,mysql.routine.procedure.create,mysql.routine.procedure.create,CREATE_PROCEDURE,parser_support_udr,not_applicable,p6_compatibility_replay_proof_verified,compatibility_sql_first_tranche_original_tool_replay_gate,project/tests/compatibility_sql_parser_first_tranche/parser_compatibility_replay_proof_gate.py,replay_results.MYSQL-TEST-ROUTINE-PROCEDURE,parser_evidence_only_engine_mga_security_storage_authority,p6_compatibility_replay_proof_verified,Compatibility-sourced replay case is parsed into the expected ScratchBird envelope without compatibility storage or transaction authority.
FPR-P6-REPLAY-118,native_replay_case,mysql,not_applicable,MYSQL-TEST-DATATYPE-HEAVY-DDL,public_repo_reference_not_packaged/mysql-test/t/insert_select.test,mysql.ddl.create,mysql.ddl.create,CREATE_TABLE,admitted_sblr,not_applicable,p6_compatibility_replay_proof_verified,compatibility_sql_first_tranche_original_tool_replay_gate,project/tests/compatibility_sql_parser_first_tranche/parser_compatibility_replay_proof_gate.py,replay_results.MYSQL-TEST-DATATYPE-HEAVY-DDL,parser_evidence_only_engine_mga_security_storage_authority,p6_compatibility_replay_proof_verified,Compatibility-sourced replay case is parsed into the expected ScratchBird envelope without compatibility storage or transaction authority.
FPR-P6-REPLAY-119,native_replay_case,postgresql,not_applicable,POSTGRESQL-REGRESS-PROCEDURE,public_repo_reference_not_packaged/src/test/regress/sql/object_address.sql,postgresql.routine.procedure.create,postgresql.routine.procedure.create,CREATE_PROCEDURE,parser_support_udr,not_applicable,p6_compatibility_replay_proof_verified,compatibility_sql_first_tranche_original_tool_replay_gate,project/tests/compatibility_sql_parser_first_tranche/parser_compatibility_replay_proof_gate.py,replay_results.POSTGRESQL-REGRESS-PROCEDURE,parser_evidence_only_engine_mga_security_storage_authority,p6_compatibility_replay_proof_verified,Compatibility-sourced replay case is parsed into the expected ScratchBird envelope without compatibility storage or transaction authority.
FPR-P6-REPLAY-120,native_replay_case,postgresql,not_applicable,POSTGRESQL-REGRESS-DATATYPE-HEAVY-DDL,public_repo_reference_not_packaged/src/test/regress/sql/brin_multi.sql,postgresql.ddl.create,postgresql.ddl.create,CREATE_TABLE,admitted_sblr,not_applicable,p6_compatibility_replay_proof_verified,compatibility_sql_first_tranche_original_tool_replay_gate,project/tests/compatibility_sql_parser_first_tranche/parser_compatibility_replay_proof_gate.py,replay_results.POSTGRESQL-REGRESS-DATATYPE-HEAVY-DDL,parser_evidence_only_engine_mga_security_storage_authority,p6_compatibility_replay_proof_verified,Compatibility-sourced replay case is parsed into the expected ScratchBird envelope without compatibility storage or transaction authority.
FPR-P6-REPLAY-121,native_replay_case,mysql,not_applicable,MYSQL-TEST-CHARSET-COLLATION-DATATYPE-DDL,public_repo_reference_not_packaged/mysql-test/include/ctype_utf8mb4.inc,mysql.ddl.create,mysql.ddl.create,CREATE_TABLE,admitted_sblr,not_applicable,p6_compatibility_replay_proof_verified,compatibility_sql_first_tranche_original_tool_replay_gate,project/tests/compatibility_sql_parser_first_tranche/parser_compatibility_replay_proof_gate.py,replay_results.MYSQL-TEST-CHARSET-COLLATION-DATATYPE-DDL,parser_evidence_only_engine_mga_security_storage_authority,p6_compatibility_replay_proof_verified,Compatibility-sourced replay case is parsed into the expected ScratchBird envelope without compatibility storage or transaction authority.
FPR-P6-CTEST-001,regular_ctest_dependency,all_compatibilitys,not_applicable,not_applicable,project/tests/conformance/compatibility_parsers/first_tranche_original_tool_replay_gate.py,compatibility_sql_first_tranche_original_tool_replay_gate_registered_and_required,not_applicable,not_applicable,not_applicable,not_applicable,p6_compatibility_replay_proof_verified,compatibility_sql_first_tranche_original_tool_replay_gate,project/tests/compatibility_sql_parser_first_tranche/parser_compatibility_replay_proof_gate.py,ctest.compatibility_sql_first_tranche_original_tool_replay_gate,parser_evidence_only_engine_mga_security_storage_authority,p6_compatibility_replay_proof_verified,P6 verifier depends on the compatibility original-tool replay CTest evidence.
