parser_package,declared_surface,current_route,search_key,classification,downstream_owner
project/src/parsers/compatibility/apache_ignite,apache_ignite.admin.control_script,kPolicyRefusal;match=CONTROL.SH;mapping=apache_ignite.policy.cluster.control_script;sblr=none;engine_api=none;diagnostic=APACHE_IGNITE.AUTHORITY.CLUSTER_CONTROL_RESERVED,project/src/parsers/compatibility/apache_ignite/apache_ignite_dialect.cpp#kPatterns:apache_ignite.admin.control_script,NORMALIZE_CLUSTER,parser remap lead
project/src/parsers/compatibility/apache_ignite,apache_ignite.admin.baseline,kPolicyRefusal;match=BASELINE;mapping=apache_ignite.policy.cluster.baseline;sblr=none;engine_api=none;diagnostic=APACHE_IGNITE.AUTHORITY.CLUSTER_CONTROL_RESERVED,project/src/parsers/compatibility/apache_ignite/apache_ignite_dialect.cpp#kPatterns:apache_ignite.admin.baseline,NORMALIZE_CLUSTER,parser remap lead
project/src/parsers/compatibility/apache_ignite,apache_ignite.admin.set_state,kPolicyRefusal;match=SET STATE;mapping=apache_ignite.policy.cluster.set_state;sblr=none;engine_api=none;diagnostic=APACHE_IGNITE.AUTHORITY.CLUSTER_CONTROL_RESERVED,project/src/parsers/compatibility/apache_ignite/apache_ignite_dialect.cpp#kPatterns:apache_ignite.admin.set_state,NORMALIZE_CLUSTER,parser remap lead
project/src/parsers/compatibility/apache_ignite,apache_ignite.admin.activate,kPolicyRefusal;match=ACTIVATE;mapping=apache_ignite.policy.cluster.activate;sblr=none;engine_api=none;diagnostic=APACHE_IGNITE.AUTHORITY.CLUSTER_CONTROL_RESERVED,project/src/parsers/compatibility/apache_ignite/apache_ignite_dialect.cpp#kPatterns:apache_ignite.admin.activate,NORMALIZE_CLUSTER,parser remap lead
project/src/parsers/compatibility/apache_ignite,apache_ignite.admin.deactivate,kPolicyRefusal;match=DEACTIVATE;mapping=apache_ignite.policy.cluster.deactivate;sblr=none;engine_api=none;diagnostic=APACHE_IGNITE.AUTHORITY.CLUSTER_CONTROL_RESERVED,project/src/parsers/compatibility/apache_ignite/apache_ignite_dialect.cpp#kPatterns:apache_ignite.admin.deactivate,NORMALIZE_CLUSTER,parser remap lead
project/src/parsers/compatibility/apache_ignite,apache_ignite.admin.snapshot,kPolicyRefusal;match=SNAPSHOT;mapping=apache_ignite.policy.cluster.snapshot;sblr=none;engine_api=none;diagnostic=APACHE_IGNITE.AUTHORITY.CLUSTER_CONTROL_RESERVED,project/src/parsers/compatibility/apache_ignite/apache_ignite_dialect.cpp#kPatterns:apache_ignite.admin.snapshot,NORMALIZE_CLUSTER,parser remap lead
project/src/parsers/compatibility/apache_ignite,apache_ignite.cache.create,kParserSupportUdr;match=CREATE CACHE;mapping=apache_ignite.udr.cache.create;sblr=SBLR_COMPAT_APACHE_IGNITE_CACHE_ROUTE;engine_api=ParserSupportCacheRoute;diagnostic=APACHE_IGNITE.EMULATION.CACHE_ROUTE,project/src/parsers/compatibility/apache_ignite/apache_ignite_dialect.cpp#kPatterns:apache_ignite.cache.create,IMPLEMENT_NONCLUSTER,parser remap lead
project/src/parsers/compatibility/apache_ignite,apache_ignite.cache.drop,kParserSupportUdr;match=DROP CACHE;mapping=apache_ignite.udr.cache.drop;sblr=SBLR_COMPAT_APACHE_IGNITE_CACHE_ROUTE;engine_api=ParserSupportCacheRoute;diagnostic=APACHE_IGNITE.EMULATION.CACHE_ROUTE,project/src/parsers/compatibility/apache_ignite/apache_ignite_dialect.cpp#kPatterns:apache_ignite.cache.drop,IMPLEMENT_NONCLUSTER,parser remap lead
project/src/parsers/compatibility/apache_ignite,apache_ignite.cache.get,kAdmittedSblr;match=CACHE GET;mapping=apache_ignite.cache.get;sblr=SBLR_COMPAT_APACHE_IGNITE_CACHE_GET;engine_api=EngineCacheGet;diagnostic=none,project/src/parsers/compatibility/apache_ignite/apache_ignite_dialect.cpp#kPatterns:apache_ignite.cache.get,PARSER_REMAP_ONLY,parser remap lead
project/src/parsers/compatibility/apache_ignite,apache_ignite.cache.put,kAdmittedSblr;match=CACHE PUT;mapping=apache_ignite.cache.put;sblr=SBLR_COMPAT_APACHE_IGNITE_CACHE_PUT;engine_api=EngineCachePut;diagnostic=none,project/src/parsers/compatibility/apache_ignite/apache_ignite_dialect.cpp#kPatterns:apache_ignite.cache.put,PARSER_REMAP_ONLY,parser remap lead
project/src/parsers/compatibility/apache_ignite,apache_ignite.cache.remove,kAdmittedSblr;match=CACHE REMOVE;mapping=apache_ignite.cache.remove;sblr=SBLR_COMPAT_APACHE_IGNITE_CACHE_REMOVE;engine_api=EngineCacheRemove;diagnostic=none,project/src/parsers/compatibility/apache_ignite/apache_ignite_dialect.cpp#kPatterns:apache_ignite.cache.remove,PARSER_REMAP_ONLY,parser remap lead
project/src/parsers/compatibility/apache_ignite,apache_ignite.cache.scan,kParserSupportUdr;match=SCAN;mapping=apache_ignite.udr.cache.scan;sblr=SBLR_COMPAT_APACHE_IGNITE_SCAN_ROUTE;engine_api=ParserSupportScanRoute;diagnostic=APACHE_IGNITE.EMULATION.SCAN_ROUTE,project/src/parsers/compatibility/apache_ignite/apache_ignite_dialect.cpp#kPatterns:apache_ignite.cache.scan,IMPLEMENT_NONCLUSTER,parser remap lead
project/src/parsers/compatibility/apache_ignite,apache_ignite.cache.continuous_query,kParserSupportUdr;match=CONTINUOUS QUERY;mapping=apache_ignite.udr.continuous_query;sblr=SBLR_COMPAT_APACHE_IGNITE_CONTINUOUS_QUERY_ROUTE;engine_api=ParserSupportContinuousQueryRoute;diagnostic=APACHE_IGNITE.EMULATION.CONTINUOUS_QUERY_ROUTE,project/src/parsers/compatibility/apache_ignite/apache_ignite_dialect.cpp#kPatterns:apache_ignite.cache.continuous_query,IMPLEMENT_NONCLUSTER,parser remap lead
project/src/parsers/compatibility/apache_ignite,apache_ignite.ddl.create_table,kAdmittedSblr;match=CREATE TABLE;mapping=apache_ignite.ddl.create_table;sblr=SBLR_COMPAT_APACHE_IGNITE_DDL_ROUTE;engine_api=EngineDdlCreate;diagnostic=none,project/src/parsers/compatibility/apache_ignite/apache_ignite_dialect.cpp#kPatterns:apache_ignite.ddl.create_table,PARSER_REMAP_ONLY,parser remap lead
project/src/parsers/compatibility/apache_ignite,apache_ignite.ddl.create_index,kAdmittedSblr;match=CREATE INDEX;mapping=apache_ignite.ddl.create_index;sblr=SBLR_COMPAT_APACHE_IGNITE_DDL_ROUTE;engine_api=EngineDdlCreate;diagnostic=none,project/src/parsers/compatibility/apache_ignite/apache_ignite_dialect.cpp#kPatterns:apache_ignite.ddl.create_index,PARSER_REMAP_ONLY,parser remap lead
project/src/parsers/compatibility/apache_ignite,apache_ignite.ddl.drop_table,kAdmittedSblr;match=DROP TABLE;mapping=apache_ignite.ddl.drop_table;sblr=SBLR_COMPAT_APACHE_IGNITE_DDL_ROUTE;engine_api=EngineDdlDrop;diagnostic=none,project/src/parsers/compatibility/apache_ignite/apache_ignite_dialect.cpp#kPatterns:apache_ignite.ddl.drop_table,PARSER_REMAP_ONLY,parser remap lead
project/src/parsers/compatibility/apache_ignite,apache_ignite.ddl.drop_index,kAdmittedSblr;match=DROP INDEX;mapping=apache_ignite.ddl.drop_index;sblr=SBLR_COMPAT_APACHE_IGNITE_DDL_ROUTE;engine_api=EngineDdlDrop;diagnostic=none,project/src/parsers/compatibility/apache_ignite/apache_ignite_dialect.cpp#kPatterns:apache_ignite.ddl.drop_index,PARSER_REMAP_ONLY,parser remap lead
project/src/parsers/compatibility/apache_ignite,apache_ignite.ddl.alter_table,kAdmittedSblr;match=ALTER TABLE;mapping=apache_ignite.ddl.alter_table;sblr=SBLR_COMPAT_APACHE_IGNITE_DDL_ROUTE;engine_api=EngineDdlAlter;diagnostic=none,project/src/parsers/compatibility/apache_ignite/apache_ignite_dialect.cpp#kPatterns:apache_ignite.ddl.alter_table,PARSER_REMAP_ONLY,parser remap lead
project/src/parsers/compatibility/apache_ignite,apache_ignite.dml.merge,kAdmittedSblr;match=MERGE;mapping=apache_ignite.dml.merge;sblr=SBLR_COMPAT_APACHE_IGNITE_MERGE;engine_api=EngineDmlMerge;diagnostic=none,project/src/parsers/compatibility/apache_ignite/apache_ignite_dialect.cpp#kPatterns:apache_ignite.dml.merge,PARSER_REMAP_ONLY,parser remap lead
project/src/parsers/compatibility/apache_ignite,apache_ignite.dml.insert,kAdmittedSblr;match=INSERT;mapping=apache_ignite.dml.insert;sblr=SBLR_COMPAT_APACHE_IGNITE_INSERT;engine_api=EngineDmlInsert;diagnostic=none,project/src/parsers/compatibility/apache_ignite/apache_ignite_dialect.cpp#kPatterns:apache_ignite.dml.insert,PARSER_REMAP_ONLY,parser remap lead
project/src/parsers/compatibility/apache_ignite,apache_ignite.dml.update,kAdmittedSblr;match=UPDATE;mapping=apache_ignite.dml.update;sblr=SBLR_COMPAT_APACHE_IGNITE_UPDATE;engine_api=EngineDmlUpdate;diagnostic=none,project/src/parsers/compatibility/apache_ignite/apache_ignite_dialect.cpp#kPatterns:apache_ignite.dml.update,PARSER_REMAP_ONLY,parser remap lead
project/src/parsers/compatibility/apache_ignite,apache_ignite.dml.delete,kAdmittedSblr;match=DELETE;mapping=apache_ignite.dml.delete;sblr=SBLR_COMPAT_APACHE_IGNITE_DELETE;engine_api=EngineDmlDelete;diagnostic=none,project/src/parsers/compatibility/apache_ignite/apache_ignite_dialect.cpp#kPatterns:apache_ignite.dml.delete,PARSER_REMAP_ONLY,parser remap lead
project/src/parsers/compatibility/apache_ignite,apache_ignite.query.select,kAdmittedSblr;match=SELECT;mapping=apache_ignite.query.select;sblr=SBLR_COMPAT_APACHE_IGNITE_SELECT;engine_api=EngineQuerySelect;diagnostic=none,project/src/parsers/compatibility/apache_ignite/apache_ignite_dialect.cpp#kPatterns:apache_ignite.query.select,PARSER_REMAP_ONLY,parser remap lead
project/src/parsers/compatibility/apache_ignite,apache_ignite.query.with,kAdmittedSblr;match=WITH;mapping=apache_ignite.query.with;sblr=SBLR_COMPAT_APACHE_IGNITE_SELECT;engine_api=EngineQuerySelect;diagnostic=none,project/src/parsers/compatibility/apache_ignite/apache_ignite_dialect.cpp#kPatterns:apache_ignite.query.with,PARSER_REMAP_ONLY,parser remap lead
project/src/parsers/compatibility/apache_ignite,apache_ignite.optimizer.explain,kCatalogProjection;match=EXPLAIN;mapping=apache_ignite.optimizer.explain;sblr=SBLR_COMPAT_APACHE_IGNITE_EXPLAIN;engine_api=EngineExplainPlan;diagnostic=none,project/src/parsers/compatibility/apache_ignite/apache_ignite_dialect.cpp#kPatterns:apache_ignite.optimizer.explain,PARSER_REMAP_ONLY,parser remap lead
project/src/parsers/compatibility/apache_ignite,apache_ignite.catalog.show,kCatalogProjection;match=SHOW;mapping=apache_ignite.catalog.show;sblr=SBLR_COMPAT_APACHE_IGNITE_CATALOG_PROJECT;engine_api=EngineCatalogProjection;diagnostic=none,project/src/parsers/compatibility/apache_ignite/apache_ignite_dialect.cpp#kPatterns:apache_ignite.catalog.show,PARSER_REMAP_ONLY,parser remap lead
project/src/parsers/compatibility/apache_ignite,apache_ignite.security.create_user,kParserSupportUdr;match=CREATE USER;mapping=apache_ignite.udr.security.create_user;sblr=SBLR_COMPAT_APACHE_IGNITE_SECURITY_ROUTE;engine_api=ParserSupportSecurityRoute;diagnostic=APACHE_IGNITE.EMULATION.SECURITY_ROUTE,project/src/parsers/compatibility/apache_ignite/apache_ignite_dialect.cpp#kPatterns:apache_ignite.security.create_user,IMPLEMENT_NONCLUSTER,parser remap lead
project/src/parsers/compatibility/apache_ignite,apache_ignite.security.grant,kParserSupportUdr;match=GRANT;mapping=apache_ignite.udr.security.grant;sblr=SBLR_COMPAT_APACHE_IGNITE_SECURITY_ROUTE;engine_api=ParserSupportSecurityRoute;diagnostic=APACHE_IGNITE.EMULATION.SECURITY_ROUTE,project/src/parsers/compatibility/apache_ignite/apache_ignite_dialect.cpp#kPatterns:apache_ignite.security.grant,IMPLEMENT_NONCLUSTER,parser remap lead
project/src/parsers/compatibility/apache_ignite,apache_ignite.security.revoke,kParserSupportUdr;match=REVOKE;mapping=apache_ignite.udr.security.revoke;sblr=SBLR_COMPAT_APACHE_IGNITE_SECURITY_ROUTE;engine_api=ParserSupportSecurityRoute;diagnostic=APACHE_IGNITE.EMULATION.SECURITY_ROUTE,project/src/parsers/compatibility/apache_ignite/apache_ignite_dialect.cpp#kPatterns:apache_ignite.security.revoke,IMPLEMENT_NONCLUSTER,parser remap lead
project/src/parsers/compatibility/apache_ignite,apache_ignite.session.streaming,kAdmittedSblr;match=SET STREAMING;mapping=apache_ignite.session.streaming;sblr=SBLR_COMPAT_APACHE_IGNITE_SET;engine_api=EngineSessionSet;diagnostic=none,project/src/parsers/compatibility/apache_ignite/apache_ignite_dialect.cpp#kPatterns:apache_ignite.session.streaming,PARSER_REMAP_ONLY,parser remap lead
project/src/parsers/compatibility/apache_ignite,apache_ignite.session.set,kAdmittedSblr;match=SET;mapping=apache_ignite.session.set;sblr=SBLR_COMPAT_APACHE_IGNITE_SET;engine_api=EngineSessionSet;diagnostic=none,project/src/parsers/compatibility/apache_ignite/apache_ignite_dialect.cpp#kPatterns:apache_ignite.session.set,PARSER_REMAP_ONLY,parser remap lead
project/src/parsers/compatibility/apache_ignite,apache_ignite.transaction.commit,kAdmittedSblr;match=COMMIT;mapping=apache_ignite.transaction.commit;sblr=SBLR_TRANSACTION_COMMIT;engine_api=EngineCommitTransaction;diagnostic=none,project/src/parsers/compatibility/apache_ignite/apache_ignite_dialect.cpp#kPatterns:apache_ignite.transaction.commit,PARSER_REMAP_ONLY,parser remap lead
project/src/parsers/compatibility/apache_ignite,apache_ignite.transaction.rollback,kAdmittedSblr;match=ROLLBACK;mapping=apache_ignite.transaction.rollback;sblr=SBLR_TRANSACTION_ROLLBACK;engine_api=EngineRollbackTransaction;diagnostic=none,project/src/parsers/compatibility/apache_ignite/apache_ignite_dialect.cpp#kPatterns:apache_ignite.transaction.rollback,PARSER_REMAP_ONLY,parser remap lead
project/src/parsers/compatibility/apache_ignite,datatype_surface:numeric,descriptor;surface=TINYINT;SMALLINT;INT;BIGINT;DECIMAL;FLOAT;DOUBLE,project/src/parsers/compatibility/apache_ignite/apache_ignite_dialect.cpp#kDatatypeSurfaces:numeric,DOCUMENTATION_ONLY,inventory classification lead
project/src/parsers/compatibility/apache_ignite,datatype_surface:text,descriptor;surface=CHAR;VARCHAR;UUID,project/src/parsers/compatibility/apache_ignite/apache_ignite_dialect.cpp#kDatatypeSurfaces:text,DOCUMENTATION_ONLY,inventory classification lead
project/src/parsers/compatibility/apache_ignite,datatype_surface:binary,descriptor;surface=BINARY;VARBINARY,project/src/parsers/compatibility/apache_ignite/apache_ignite_dialect.cpp#kDatatypeSurfaces:binary,DOCUMENTATION_ONLY,inventory classification lead
project/src/parsers/compatibility/apache_ignite,datatype_surface:temporal,descriptor;surface=DATE;TIME;TIMESTAMP,project/src/parsers/compatibility/apache_ignite/apache_ignite_dialect.cpp#kDatatypeSurfaces:temporal,DOCUMENTATION_ONLY,inventory classification lead
project/src/parsers/compatibility/apache_ignite,datatype_surface:boolean,descriptor;surface=BOOLEAN,project/src/parsers/compatibility/apache_ignite/apache_ignite_dialect.cpp#kDatatypeSurfaces:boolean,DOCUMENTATION_ONLY,inventory classification lead
project/src/parsers/compatibility/apache_ignite,datatype_surface:object,parser_support_udr;surface=OBJECT;BINARY_OBJECT,project/src/parsers/compatibility/apache_ignite/apache_ignite_dialect.cpp#kDatatypeSurfaces:object,IMPLEMENT_NONCLUSTER,inventory classification lead
project/src/parsers/compatibility/apache_ignite,datatype_surface:cache_key,catalog_policy;surface=KEY_TYPE;VALUE_TYPE;AFFINITY_KEY,project/src/parsers/compatibility/apache_ignite/apache_ignite_dialect.cpp#kDatatypeSurfaces:cache_key,PARSER_REMAP_ONLY,inventory classification lead
project/src/parsers/compatibility/apache_ignite,datatype_surface:cache_policy,catalog_policy;surface=CACHE_NAME;BACKUPS;TEMPLATE;DATA_REGION,project/src/parsers/compatibility/apache_ignite/apache_ignite_dialect.cpp#kDatatypeSurfaces:cache_policy,PARSER_REMAP_ONLY,inventory classification lead
project/src/parsers/compatibility/apache_ignite,datatype_surface:query_hint,catalog_policy;surface=LOCAL;LAZY;COLLOCATED;DISTRIBUTED_JOINS,project/src/parsers/compatibility/apache_ignite/apache_ignite_dialect.cpp#kDatatypeSurfaces:query_hint,PARSER_REMAP_ONLY,inventory classification lead
project/src/parsers/compatibility/apache_ignite,datatype_surface:service,parser_support_udr;surface=CONTINUOUS_QUERY;SCAN_QUERY,project/src/parsers/compatibility/apache_ignite/apache_ignite_dialect.cpp#kDatatypeSurfaces:service,IMPLEMENT_NONCLUSTER,inventory classification lead
project/src/parsers/compatibility/apache_ignite,builtin_function_surface:aggregate,sblr;surface=COUNT;SUM;AVG;MIN;MAX,project/src/parsers/compatibility/apache_ignite/apache_ignite_dialect.cpp#kBuiltinSurfaces:aggregate,PARSER_REMAP_ONLY,inventory classification lead
project/src/parsers/compatibility/apache_ignite,builtin_function_surface:string,sblr;surface=LOWER;UPPER;TRIM;LIKE,project/src/parsers/compatibility/apache_ignite/apache_ignite_dialect.cpp#kBuiltinSurfaces:string,PARSER_REMAP_ONLY,inventory classification lead
project/src/parsers/compatibility/apache_ignite,builtin_function_surface:datetime,sblr;surface=CURRENT_DATE;CURRENT_TIME;CURRENT_TIMESTAMP,project/src/parsers/compatibility/apache_ignite/apache_ignite_dialect.cpp#kBuiltinSurfaces:datetime,PARSER_REMAP_ONLY,inventory classification lead
project/src/parsers/compatibility/apache_ignite,builtin_function_surface:cache,sblr;surface=CACHE_GET;CACHE_PUT;CACHE_REMOVE;SCAN,project/src/parsers/compatibility/apache_ignite/apache_ignite_dialect.cpp#kBuiltinSurfaces:cache,PARSER_REMAP_ONLY,inventory classification lead
project/src/parsers/compatibility/apache_ignite,builtin_function_surface:continuous_query,parser_support_udr;surface=CONTINUOUS_QUERY;INITIAL_QUERY,project/src/parsers/compatibility/apache_ignite/apache_ignite_dialect.cpp#kBuiltinSurfaces:continuous_query,IMPLEMENT_NONCLUSTER,inventory classification lead
project/src/parsers/compatibility/apache_ignite,builtin_function_surface:optimizer,catalog_projection;surface=EXPLAIN;INDEX_SCAN,project/src/parsers/compatibility/apache_ignite/apache_ignite_dialect.cpp#kBuiltinSurfaces:optimizer,PARSER_REMAP_ONLY,inventory classification lead
project/src/parsers/compatibility/apache_ignite,builtin_function_surface:security,parser_support_udr;surface=USER;ROLE;GRANT;REVOKE,project/src/parsers/compatibility/apache_ignite/apache_ignite_dialect.cpp#kBuiltinSurfaces:security,IMPLEMENT_NONCLUSTER,inventory classification lead
project/src/parsers/compatibility/apache_ignite,builtin_function_surface:session,sblr;surface=SET STREAMING;SET,project/src/parsers/compatibility/apache_ignite/apache_ignite_dialect.cpp#kBuiltinSurfaces:session,PARSER_REMAP_ONLY,inventory classification lead
project/src/parsers/compatibility/apache_ignite,builtin_function_surface:cluster,fail_closed;surface=BASELINE;ACTIVATE;DEACTIVATE;SNAPSHOT,project/src/parsers/compatibility/apache_ignite/apache_ignite_dialect.cpp#kBuiltinSurfaces:cluster,NORMALIZE_CLUSTER,inventory classification lead
project/src/parsers/compatibility/apache_ignite,catalog_overlay_surface:caches,catalog_projection;surface=IGNITE_CACHES,project/src/parsers/compatibility/apache_ignite/apache_ignite_dialect.cpp#kCatalogSurfaces:caches,PARSER_REMAP_ONLY,inventory classification lead
project/src/parsers/compatibility/apache_ignite,catalog_overlay_surface:tables,catalog_projection;surface=IGNITE_TABLES,project/src/parsers/compatibility/apache_ignite/apache_ignite_dialect.cpp#kCatalogSurfaces:tables,PARSER_REMAP_ONLY,inventory classification lead
project/src/parsers/compatibility/apache_ignite,catalog_overlay_surface:indexes,catalog_projection;surface=IGNITE_INDEXES,project/src/parsers/compatibility/apache_ignite/apache_ignite_dialect.cpp#kCatalogSurfaces:indexes,PARSER_REMAP_ONLY,inventory classification lead
project/src/parsers/compatibility/apache_ignite,catalog_overlay_surface:query_views,catalog_projection;surface=IGNITE_SQL_FIELDS,project/src/parsers/compatibility/apache_ignite/apache_ignite_dialect.cpp#kCatalogSurfaces:query_views,PARSER_REMAP_ONLY,inventory classification lead
project/src/parsers/compatibility/apache_ignite,catalog_overlay_surface:metrics,catalog_projection;surface=IGNITE_METRICS,project/src/parsers/compatibility/apache_ignite/apache_ignite_dialect.cpp#kCatalogSurfaces:metrics,PARSER_REMAP_ONLY,inventory classification lead
project/src/parsers/compatibility/apache_ignite,catalog_overlay_surface:system_views,catalog_projection;surface=IGNITE_SYSTEM_VIEWS,project/src/parsers/compatibility/apache_ignite/apache_ignite_dialect.cpp#kCatalogSurfaces:system_views,PARSER_REMAP_ONLY,inventory classification lead
project/src/parsers/compatibility/apache_ignite,catalog_overlay_surface:users,catalog_projection;surface=IGNITE_USERS,project/src/parsers/compatibility/apache_ignite/apache_ignite_dialect.cpp#kCatalogSurfaces:users,PARSER_REMAP_ONLY,inventory classification lead
project/src/parsers/compatibility/apache_ignite,catalog_overlay_surface:roles,catalog_projection;surface=IGNITE_ROLES,project/src/parsers/compatibility/apache_ignite/apache_ignite_dialect.cpp#kCatalogSurfaces:roles,PARSER_REMAP_ONLY,inventory classification lead
project/src/parsers/compatibility/apache_ignite,catalog_overlay_surface:baseline,fail_closed;surface=IGNITE_BASELINE,project/src/parsers/compatibility/apache_ignite/apache_ignite_dialect.cpp#kCatalogSurfaces:baseline,ARCHITECTURE_REFUSAL,inventory classification lead
project/src/parsers/compatibility/apache_ignite,catalog_overlay_surface:snapshots,fail_closed;surface=IGNITE_SNAPSHOTS,project/src/parsers/compatibility/apache_ignite/apache_ignite_dialect.cpp#kCatalogSurfaces:snapshots,ARCHITECTURE_REFUSAL,inventory classification lead
project/src/parsers/compatibility/apache_ignite,diagnostic_surface:parse,parser;surface=APACHE_IGNITE.PARSE.INVALID_INPUT;APACHE_IGNITE.PARSE.UNSUPPORTED_SURFACE,project/src/parsers/compatibility/apache_ignite/apache_ignite_dialect.cpp#kDiagnosticSurfaces:parse,PARSER_REMAP_ONLY,inventory classification lead
project/src/parsers/compatibility/apache_ignite,diagnostic_surface:policy,fail_closed;surface=APACHE_IGNITE.AUTHORITY.*,project/src/parsers/compatibility/apache_ignite/apache_ignite_dialect.cpp#kDiagnosticSurfaces:policy,ARCHITECTURE_REFUSAL,inventory classification lead
project/src/parsers/compatibility/apache_ignite,diagnostic_surface:udr,parser_support_udr;surface=APACHE_IGNITE.EMULATION.*,project/src/parsers/compatibility/apache_ignite/apache_ignite_dialect.cpp#kDiagnosticSurfaces:udr,IMPLEMENT_NONCLUSTER,inventory classification lead
project/src/parsers/compatibility/apache_ignite,diagnostic_surface:catalog,catalog_projection;surface=APACHE_IGNITE.CATALOG_OVERLAY.READ_ONLY,project/src/parsers/compatibility/apache_ignite/apache_ignite_dialect.cpp#kDiagnosticSurfaces:catalog,PARSER_REMAP_ONLY,inventory classification lead
project/src/parsers/compatibility/apache_ignite,diagnostic_surface:session,sblr;surface=APACHE_IGNITE.SESSION.*,project/src/parsers/compatibility/apache_ignite/apache_ignite_dialect.cpp#kDiagnosticSurfaces:session,PARSER_REMAP_ONLY,inventory classification lead
project/src/parsers/compatibility/apache_ignite,diagnostic_surface:transaction,sblr;surface=APACHE_IGNITE.TRANSACTION.*,project/src/parsers/compatibility/apache_ignite/apache_ignite_dialect.cpp#kDiagnosticSurfaces:transaction,PARSER_REMAP_ONLY,inventory classification lead
project/src/parsers/compatibility/apache_ignite,diagnostic_surface:file_effects,authority_invariant;surface=real_compatibility_file_effects=false,project/src/parsers/compatibility/apache_ignite/apache_ignite_dialect.cpp#kDiagnosticSurfaces:file_effects,DOCUMENTATION_ONLY,inventory classification lead
project/src/parsers/compatibility/apache_ignite,diagnostic_surface:compatibility_execution,authority_invariant;surface=compatibility_engine_sql_executed=false,project/src/parsers/compatibility/apache_ignite/apache_ignite_dialect.cpp#kDiagnosticSurfaces:compatibility_execution,DOCUMENTATION_ONLY,inventory classification lead
project/src/parsers/compatibility/apache_ignite,diagnostic_surface:mga,authority_invariant;surface=parser_transaction_finality_authority=false,project/src/parsers/compatibility/apache_ignite/apache_ignite_dialect.cpp#kDiagnosticSurfaces:mga,DOCUMENTATION_ONLY,inventory classification lead
project/src/parsers/compatibility/apache_ignite,diagnostic_surface:support_bundle,diagnostic_redaction;surface=source_text_redacted=true,project/src/parsers/compatibility/apache_ignite/apache_ignite_dialect.cpp#kDiagnosticSurfaces:support_bundle,DOCUMENTATION_ONLY,inventory classification lead
project/src/parsers/compatibility/apache_ignite,source_marker:unsupported,source_marker_requires_review,project/src/parsers/compatibility/apache_ignite/apache_ignite_dialect.cpp#marker:unsupported,ARCHITECTURE_REFUSAL,inventory classification lead
project/src/parsers/compatibility/cassandra,cassandra.admin.nodetool,kUnsupportedRefusal;match=NODETOOL;mapping=cassandra.policy.unsupported.nodetool;sblr=none;engine_api=none;diagnostic=CASSANDRA.AUTHORITY.UNSUPPORTED_DENIED,project/src/parsers/compatibility/cassandra/cassandra_dialect.cpp#kPatterns:cassandra.admin.nodetool,ARCHITECTURE_REFUSAL,parser remap lead
project/src/parsers/compatibility/cassandra,cassandra.admin.repair,kUnsupportedRefusal;match=REPAIR;mapping=cassandra.policy.unsupported.repair;sblr=none;engine_api=none;diagnostic=CASSANDRA.AUTHORITY.UNSUPPORTED_DENIED,project/src/parsers/compatibility/cassandra/cassandra_dialect.cpp#kPatterns:cassandra.admin.repair,ARCHITECTURE_REFUSAL,parser remap lead
project/src/parsers/compatibility/cassandra,cassandra.cqlsh.copy,kParserSupportUdr;match=COPY;mapping=cassandra.udr.copy_file;sblr=SBLR_COMPAT_CASSANDRA_CLIENT_FILE_ROUTE;engine_api=ParserSupportClientFileRoute;diagnostic=CASSANDRA.EMULATION.CLIENT_FILE_ROUTE,project/src/parsers/compatibility/cassandra/cassandra_dialect.cpp#kPatterns:cassandra.cqlsh.copy,IMPLEMENT_NONCLUSTER,parser remap lead
project/src/parsers/compatibility/cassandra,cassandra.cqlsh.source,kParserSupportUdr;match=SOURCE;mapping=cassandra.udr.source_file;sblr=SBLR_COMPAT_CASSANDRA_CLIENT_FILE_ROUTE;engine_api=ParserSupportClientFileRoute;diagnostic=CASSANDRA.EMULATION.CLIENT_FILE_ROUTE,project/src/parsers/compatibility/cassandra/cassandra_dialect.cpp#kPatterns:cassandra.cqlsh.source,IMPLEMENT_NONCLUSTER,parser remap lead
project/src/parsers/compatibility/cassandra,cassandra.session.consistency,kParserSupportUdr;match=CONSISTENCY;mapping=cassandra.udr.consistency;sblr=SBLR_COMPAT_CASSANDRA_CONSISTENCY_ROUTE;engine_api=ParserSupportConsistencyRoute;diagnostic=CASSANDRA.EMULATION.CONSISTENCY_ROUTE,project/src/parsers/compatibility/cassandra/cassandra_dialect.cpp#kPatterns:cassandra.session.consistency,IMPLEMENT_NONCLUSTER,parser remap lead
project/src/parsers/compatibility/cassandra,cassandra.session.paging,kParserSupportUdr;match=PAGING;mapping=cassandra.udr.paging;sblr=SBLR_COMPAT_CASSANDRA_SESSION_ROUTE;engine_api=ParserSupportSessionRoute;diagnostic=CASSANDRA.EMULATION.SESSION_ROUTE,project/src/parsers/compatibility/cassandra/cassandra_dialect.cpp#kPatterns:cassandra.session.paging,IMPLEMENT_NONCLUSTER,parser remap lead
project/src/parsers/compatibility/cassandra,cassandra.keyspace.create,kParserSupportUdr;match=CREATE KEYSPACE;mapping=cassandra.udr.keyspace.create;sblr=SBLR_COMPAT_CASSANDRA_KEYSPACE_ROUTE;engine_api=ParserSupportKeyspaceRoute;diagnostic=CASSANDRA.EMULATION.KEYSPACE_ROUTE,project/src/parsers/compatibility/cassandra/cassandra_dialect.cpp#kPatterns:cassandra.keyspace.create,IMPLEMENT_NONCLUSTER,parser remap lead
project/src/parsers/compatibility/cassandra,cassandra.keyspace.alter,kParserSupportUdr;match=ALTER KEYSPACE;mapping=cassandra.udr.keyspace.alter;sblr=SBLR_COMPAT_CASSANDRA_KEYSPACE_ROUTE;engine_api=ParserSupportKeyspaceRoute;diagnostic=CASSANDRA.EMULATION.KEYSPACE_ROUTE,project/src/parsers/compatibility/cassandra/cassandra_dialect.cpp#kPatterns:cassandra.keyspace.alter,IMPLEMENT_NONCLUSTER,parser remap lead
project/src/parsers/compatibility/cassandra,cassandra.keyspace.drop,kParserSupportUdr;match=DROP KEYSPACE;mapping=cassandra.udr.keyspace.drop;sblr=SBLR_COMPAT_CASSANDRA_KEYSPACE_ROUTE;engine_api=ParserSupportKeyspaceRoute;diagnostic=CASSANDRA.EMULATION.KEYSPACE_ROUTE,project/src/parsers/compatibility/cassandra/cassandra_dialect.cpp#kPatterns:cassandra.keyspace.drop,IMPLEMENT_NONCLUSTER,parser remap lead
project/src/parsers/compatibility/cassandra,cassandra.materialized_view.create,kParserSupportUdr;match=CREATE MATERIALIZED VIEW;mapping=cassandra.udr.materialized_view.create;sblr=SBLR_COMPAT_CASSANDRA_MATERIALIZED_VIEW_ROUTE;engine_api=ParserSupportMaterializedViewRoute;diagnostic=CASSANDRA.EMULATION.MATERIALIZED_VIEW_ROUTE,project/src/parsers/compatibility/cassandra/cassandra_dialect.cpp#kPatterns:cassandra.materialized_view.create,IMPLEMENT_NONCLUSTER,parser remap lead
project/src/parsers/compatibility/cassandra,cassandra.type.create,kParserSupportUdr;match=CREATE TYPE;mapping=cassandra.udr.type.create;sblr=SBLR_COMPAT_CASSANDRA_TYPE_ROUTE;engine_api=ParserSupportTypeRoute;diagnostic=CASSANDRA.EMULATION.TYPE_ROUTE,project/src/parsers/compatibility/cassandra/cassandra_dialect.cpp#kPatterns:cassandra.type.create,IMPLEMENT_NONCLUSTER,parser remap lead
project/src/parsers/compatibility/cassandra,cassandra.type.alter,kParserSupportUdr;match=ALTER TYPE;mapping=cassandra.udr.type.alter;sblr=SBLR_COMPAT_CASSANDRA_TYPE_ROUTE;engine_api=ParserSupportTypeRoute;diagnostic=CASSANDRA.EMULATION.TYPE_ROUTE,project/src/parsers/compatibility/cassandra/cassandra_dialect.cpp#kPatterns:cassandra.type.alter,IMPLEMENT_NONCLUSTER,parser remap lead
project/src/parsers/compatibility/cassandra,cassandra.type.drop,kParserSupportUdr;match=DROP TYPE;mapping=cassandra.udr.type.drop;sblr=SBLR_COMPAT_CASSANDRA_TYPE_ROUTE;engine_api=ParserSupportTypeRoute;diagnostic=CASSANDRA.EMULATION.TYPE_ROUTE,project/src/parsers/compatibility/cassandra/cassandra_dialect.cpp#kPatterns:cassandra.type.drop,IMPLEMENT_NONCLUSTER,parser remap lead
project/src/parsers/compatibility/cassandra,cassandra.security.create_role,kParserSupportUdr;match=CREATE ROLE;mapping=cassandra.udr.security.create_role;sblr=SBLR_COMPAT_CASSANDRA_SECURITY_ROUTE;engine_api=ParserSupportSecurityRoute;diagnostic=CASSANDRA.EMULATION.SECURITY_ROUTE,project/src/parsers/compatibility/cassandra/cassandra_dialect.cpp#kPatterns:cassandra.security.create_role,IMPLEMENT_NONCLUSTER,parser remap lead
project/src/parsers/compatibility/cassandra,cassandra.security.alter_role,kParserSupportUdr;match=ALTER ROLE;mapping=cassandra.udr.security.alter_role;sblr=SBLR_COMPAT_CASSANDRA_SECURITY_ROUTE;engine_api=ParserSupportSecurityRoute;diagnostic=CASSANDRA.EMULATION.SECURITY_ROUTE,project/src/parsers/compatibility/cassandra/cassandra_dialect.cpp#kPatterns:cassandra.security.alter_role,IMPLEMENT_NONCLUSTER,parser remap lead
project/src/parsers/compatibility/cassandra,cassandra.security.drop_role,kParserSupportUdr;match=DROP ROLE;mapping=cassandra.udr.security.drop_role;sblr=SBLR_COMPAT_CASSANDRA_SECURITY_ROUTE;engine_api=ParserSupportSecurityRoute;diagnostic=CASSANDRA.EMULATION.SECURITY_ROUTE,project/src/parsers/compatibility/cassandra/cassandra_dialect.cpp#kPatterns:cassandra.security.drop_role,IMPLEMENT_NONCLUSTER,parser remap lead
project/src/parsers/compatibility/cassandra,cassandra.security.grant,kParserSupportUdr;match=GRANT;mapping=cassandra.udr.security.grant;sblr=SBLR_COMPAT_CASSANDRA_SECURITY_ROUTE;engine_api=ParserSupportSecurityRoute;diagnostic=CASSANDRA.EMULATION.SECURITY_ROUTE,project/src/parsers/compatibility/cassandra/cassandra_dialect.cpp#kPatterns:cassandra.security.grant,IMPLEMENT_NONCLUSTER,parser remap lead
project/src/parsers/compatibility/cassandra,cassandra.security.revoke,kParserSupportUdr;match=REVOKE;mapping=cassandra.udr.security.revoke;sblr=SBLR_COMPAT_CASSANDRA_SECURITY_ROUTE;engine_api=ParserSupportSecurityRoute;diagnostic=CASSANDRA.EMULATION.SECURITY_ROUTE,project/src/parsers/compatibility/cassandra/cassandra_dialect.cpp#kPatterns:cassandra.security.revoke,IMPLEMENT_NONCLUSTER,parser remap lead
project/src/parsers/compatibility/cassandra,cassandra.catalog.describe,kCatalogProjection;match=DESCRIBE;mapping=cassandra.catalog.describe;sblr=SBLR_COMPAT_CASSANDRA_CATALOG_PROJECT;engine_api=EngineCatalogProjection;diagnostic=none,project/src/parsers/compatibility/cassandra/cassandra_dialect.cpp#kPatterns:cassandra.catalog.describe,PARSER_REMAP_ONLY,parser remap lead
project/src/parsers/compatibility/cassandra,cassandra.query.select_json,kAdmittedSblr;match=SELECT JSON;mapping=cassandra.query.select_json;sblr=SBLR_COMPAT_CASSANDRA_SELECT;engine_api=EngineQuerySelect;diagnostic=none,project/src/parsers/compatibility/cassandra/cassandra_dialect.cpp#kPatterns:cassandra.query.select_json,PARSER_REMAP_ONLY,parser remap lead
project/src/parsers/compatibility/cassandra,cassandra.query.select,kAdmittedSblr;match=SELECT;mapping=cassandra.query.select;sblr=SBLR_COMPAT_CASSANDRA_SELECT;engine_api=EngineQuerySelect;diagnostic=none,project/src/parsers/compatibility/cassandra/cassandra_dialect.cpp#kPatterns:cassandra.query.select,PARSER_REMAP_ONLY,parser remap lead
project/src/parsers/compatibility/cassandra,cassandra.dml.insert_json,kAdmittedSblr;match=INSERT JSON;mapping=cassandra.dml.insert_json;sblr=SBLR_COMPAT_CASSANDRA_INSERT;engine_api=EngineDmlInsert;diagnostic=none,project/src/parsers/compatibility/cassandra/cassandra_dialect.cpp#kPatterns:cassandra.dml.insert_json,PARSER_REMAP_ONLY,parser remap lead
project/src/parsers/compatibility/cassandra,cassandra.dml.insert,kAdmittedSblr;match=INSERT;mapping=cassandra.dml.insert;sblr=SBLR_COMPAT_CASSANDRA_INSERT;engine_api=EngineDmlInsert;diagnostic=none,project/src/parsers/compatibility/cassandra/cassandra_dialect.cpp#kPatterns:cassandra.dml.insert,PARSER_REMAP_ONLY,parser remap lead
project/src/parsers/compatibility/cassandra,cassandra.dml.update,kAdmittedSblr;match=UPDATE;mapping=cassandra.dml.update;sblr=SBLR_COMPAT_CASSANDRA_UPDATE;engine_api=EngineDmlUpdate;diagnostic=none,project/src/parsers/compatibility/cassandra/cassandra_dialect.cpp#kPatterns:cassandra.dml.update,PARSER_REMAP_ONLY,parser remap lead
project/src/parsers/compatibility/cassandra,cassandra.dml.delete,kAdmittedSblr;match=DELETE;mapping=cassandra.dml.delete;sblr=SBLR_COMPAT_CASSANDRA_DELETE;engine_api=EngineDmlDelete;diagnostic=none,project/src/parsers/compatibility/cassandra/cassandra_dialect.cpp#kPatterns:cassandra.dml.delete,PARSER_REMAP_ONLY,parser remap lead
project/src/parsers/compatibility/cassandra,cassandra.batch.begin,kParserSupportUdr;match=BEGIN BATCH;mapping=cassandra.udr.batch.begin;sblr=SBLR_COMPAT_CASSANDRA_BATCH;engine_api=ParserSupportBatchRoute;diagnostic=CASSANDRA.EMULATION.BATCH_ROUTE,project/src/parsers/compatibility/cassandra/cassandra_dialect.cpp#kPatterns:cassandra.batch.begin,IMPLEMENT_NONCLUSTER,parser remap lead
project/src/parsers/compatibility/cassandra,cassandra.batch.apply,kParserSupportUdr;match=APPLY BATCH;mapping=cassandra.udr.batch.apply;sblr=SBLR_COMPAT_CASSANDRA_BATCH;engine_api=ParserSupportBatchRoute;diagnostic=CASSANDRA.EMULATION.BATCH_ROUTE,project/src/parsers/compatibility/cassandra/cassandra_dialect.cpp#kPatterns:cassandra.batch.apply,IMPLEMENT_NONCLUSTER,parser remap lead
project/src/parsers/compatibility/cassandra,cassandra.ddl.create_table,kAdmittedSblr;match=CREATE TABLE;mapping=cassandra.ddl.create_table;sblr=SBLR_COMPAT_CASSANDRA_DDL_CREATE;engine_api=EngineDdlCreate;diagnostic=none,project/src/parsers/compatibility/cassandra/cassandra_dialect.cpp#kPatterns:cassandra.ddl.create_table,PARSER_REMAP_ONLY,parser remap lead
project/src/parsers/compatibility/cassandra,cassandra.ddl.alter_table,kAdmittedSblr;match=ALTER TABLE;mapping=cassandra.ddl.alter_table;sblr=SBLR_COMPAT_CASSANDRA_DDL_ALTER;engine_api=EngineDdlAlter;diagnostic=none,project/src/parsers/compatibility/cassandra/cassandra_dialect.cpp#kPatterns:cassandra.ddl.alter_table,PARSER_REMAP_ONLY,parser remap lead
project/src/parsers/compatibility/cassandra,cassandra.ddl.drop_table,kAdmittedSblr;match=DROP TABLE;mapping=cassandra.ddl.drop_table;sblr=SBLR_COMPAT_CASSANDRA_DDL_DROP;engine_api=EngineDdlDrop;diagnostic=none,project/src/parsers/compatibility/cassandra/cassandra_dialect.cpp#kPatterns:cassandra.ddl.drop_table,PARSER_REMAP_ONLY,parser remap lead
project/src/parsers/compatibility/cassandra,cassandra.ddl.truncate,kAdmittedSblr;match=TRUNCATE;mapping=cassandra.ddl.truncate;sblr=SBLR_COMPAT_CASSANDRA_DDL_TRUNCATE;engine_api=EngineDdlTruncate;diagnostic=none,project/src/parsers/compatibility/cassandra/cassandra_dialect.cpp#kPatterns:cassandra.ddl.truncate,PARSER_REMAP_ONLY,parser remap lead
project/src/parsers/compatibility/cassandra,cassandra.session.use_keyspace,kAdmittedSblr;match=USE;mapping=cassandra.session.use_keyspace;sblr=SBLR_COMPAT_CASSANDRA_USE_KEYSPACE;engine_api=EngineSessionRoute;diagnostic=none,project/src/parsers/compatibility/cassandra/cassandra_dialect.cpp#kPatterns:cassandra.session.use_keyspace,PARSER_REMAP_ONLY,parser remap lead
project/src/parsers/compatibility/cassandra,datatype_surface:numeric,descriptor;surface=TINYINT;SMALLINT;INT;BIGINT;VARINT;DECIMAL;FLOAT;DOUBLE,project/src/parsers/compatibility/cassandra/cassandra_dialect.cpp#kDatatypeSurfaces:numeric,DOCUMENTATION_ONLY,inventory classification lead
project/src/parsers/compatibility/cassandra,datatype_surface:text,descriptor;surface=ASCII;TEXT;VARCHAR,project/src/parsers/compatibility/cassandra/cassandra_dialect.cpp#kDatatypeSurfaces:text,DOCUMENTATION_ONLY,inventory classification lead
project/src/parsers/compatibility/cassandra,datatype_surface:binary,descriptor;surface=BLOB,project/src/parsers/compatibility/cassandra/cassandra_dialect.cpp#kDatatypeSurfaces:binary,DOCUMENTATION_ONLY,inventory classification lead
project/src/parsers/compatibility/cassandra,datatype_surface:temporal,descriptor;surface=DATE;TIME;TIMESTAMP;DURATION,project/src/parsers/compatibility/cassandra/cassandra_dialect.cpp#kDatatypeSurfaces:temporal,DOCUMENTATION_ONLY,inventory classification lead
project/src/parsers/compatibility/cassandra,datatype_surface:boolean,descriptor;surface=BOOLEAN,project/src/parsers/compatibility/cassandra/cassandra_dialect.cpp#kDatatypeSurfaces:boolean,DOCUMENTATION_ONLY,inventory classification lead
project/src/parsers/compatibility/cassandra,datatype_surface:uuid,descriptor;surface=UUID;TIMEUUID,project/src/parsers/compatibility/cassandra/cassandra_dialect.cpp#kDatatypeSurfaces:uuid,DOCUMENTATION_ONLY,inventory classification lead
project/src/parsers/compatibility/cassandra,datatype_surface:collection,parser_support_udr;surface=LIST;SET;MAP,project/src/parsers/compatibility/cassandra/cassandra_dialect.cpp#kDatatypeSurfaces:collection,IMPLEMENT_NONCLUSTER,inventory classification lead
project/src/parsers/compatibility/cassandra,datatype_surface:tuple,parser_support_udr;surface=TUPLE,project/src/parsers/compatibility/cassandra/cassandra_dialect.cpp#kDatatypeSurfaces:tuple,IMPLEMENT_NONCLUSTER,inventory classification lead
project/src/parsers/compatibility/cassandra,datatype_surface:user_defined_type,parser_support_udr;surface=CREATE TYPE,project/src/parsers/compatibility/cassandra/cassandra_dialect.cpp#kDatatypeSurfaces:user_defined_type,IMPLEMENT_NONCLUSTER,inventory classification lead
project/src/parsers/compatibility/cassandra,datatype_surface:vector,parser_support_udr;surface=VECTOR,project/src/parsers/compatibility/cassandra/cassandra_dialect.cpp#kDatatypeSurfaces:vector,IMPLEMENT_NONCLUSTER,inventory classification lead
project/src/parsers/compatibility/cassandra,builtin_function_surface:aggregate,sblr;surface=COUNT;SUM;AVG;MIN;MAX,project/src/parsers/compatibility/cassandra/cassandra_dialect.cpp#kBuiltinSurfaces:aggregate,PARSER_REMAP_ONLY,inventory classification lead
project/src/parsers/compatibility/cassandra,builtin_function_surface:collection,sblr;surface=CONTAINS;CONTAINS KEY,project/src/parsers/compatibility/cassandra/cassandra_dialect.cpp#kBuiltinSurfaces:collection,PARSER_REMAP_ONLY,inventory classification lead
project/src/parsers/compatibility/cassandra,builtin_function_surface:token,catalog_projection;surface=TOKEN,project/src/parsers/compatibility/cassandra/cassandra_dialect.cpp#kBuiltinSurfaces:token,PARSER_REMAP_ONLY,inventory classification lead
project/src/parsers/compatibility/cassandra,builtin_function_surface:uuid,sblr;surface=UUID;NOW;MIN_TIMEUUID;MAX_TIMEUUID,project/src/parsers/compatibility/cassandra/cassandra_dialect.cpp#kBuiltinSurfaces:uuid,PARSER_REMAP_ONLY,inventory classification lead
project/src/parsers/compatibility/cassandra,builtin_function_surface:conversion,sblr;surface=CAST,project/src/parsers/compatibility/cassandra/cassandra_dialect.cpp#kBuiltinSurfaces:conversion,PARSER_REMAP_ONLY,inventory classification lead
project/src/parsers/compatibility/cassandra,builtin_function_surface:json,sblr;surface=SELECT JSON;INSERT JSON,project/src/parsers/compatibility/cassandra/cassandra_dialect.cpp#kBuiltinSurfaces:json,PARSER_REMAP_ONLY,inventory classification lead
project/src/parsers/compatibility/cassandra,builtin_function_surface:security,catalog_projection;surface=CURRENTUSER;CURRENT_USER,project/src/parsers/compatibility/cassandra/cassandra_dialect.cpp#kBuiltinSurfaces:security,PARSER_REMAP_ONLY,inventory classification lead
project/src/parsers/compatibility/cassandra,builtin_function_surface:ttl,catalog_projection;surface=TTL;WRITETIME,project/src/parsers/compatibility/cassandra/cassandra_dialect.cpp#kBuiltinSurfaces:ttl,PARSER_REMAP_ONLY,inventory classification lead
project/src/parsers/compatibility/cassandra,builtin_function_surface:blob,parser_support_udr;surface=BLOBASINT;INTASBLOB;TEXTASBLOB,project/src/parsers/compatibility/cassandra/cassandra_dialect.cpp#kBuiltinSurfaces:blob,IMPLEMENT_NONCLUSTER,inventory classification lead
project/src/parsers/compatibility/cassandra,builtin_function_surface:vector,parser_support_udr;surface=SIMILARITY_COSINE;SIMILARITY_DOT_PRODUCT,project/src/parsers/compatibility/cassandra/cassandra_dialect.cpp#kBuiltinSurfaces:vector,IMPLEMENT_NONCLUSTER,inventory classification lead
project/src/parsers/compatibility/cassandra,catalog_overlay_surface:system_schema,catalog_projection;surface=SYSTEM_SCHEMA.*,project/src/parsers/compatibility/cassandra/cassandra_dialect.cpp#kCatalogSurfaces:system_schema,PARSER_REMAP_ONLY,inventory classification lead
project/src/parsers/compatibility/cassandra,catalog_overlay_surface:system_auth,catalog_projection;surface=SYSTEM_AUTH.*,project/src/parsers/compatibility/cassandra/cassandra_dialect.cpp#kCatalogSurfaces:system_auth,PARSER_REMAP_ONLY,inventory classification lead
project/src/parsers/compatibility/cassandra,catalog_overlay_surface:system_distributed,catalog_projection;surface=SYSTEM_DISTRIBUTED.*,project/src/parsers/compatibility/cassandra/cassandra_dialect.cpp#kCatalogSurfaces:system_distributed,PARSER_REMAP_ONLY,inventory classification lead
project/src/parsers/compatibility/cassandra,catalog_overlay_surface:keyspace_metadata,catalog_projection;surface=DESCRIBE KEYSPACES;DESCRIBE KEYSPACE,project/src/parsers/compatibility/cassandra/cassandra_dialect.cpp#kCatalogSurfaces:keyspace_metadata,PARSER_REMAP_ONLY,inventory classification lead
project/src/parsers/compatibility/cassandra,catalog_overlay_surface:table_metadata,catalog_projection;surface=DESCRIBE TABLES;DESCRIBE TABLE,project/src/parsers/compatibility/cassandra/cassandra_dialect.cpp#kCatalogSurfaces:table_metadata,PARSER_REMAP_ONLY,inventory classification lead
project/src/parsers/compatibility/cassandra,catalog_overlay_surface:type_metadata,catalog_projection;surface=DESCRIBE TYPES;DESCRIBE TYPE,project/src/parsers/compatibility/cassandra/cassandra_dialect.cpp#kCatalogSurfaces:type_metadata,PARSER_REMAP_ONLY,inventory classification lead
project/src/parsers/compatibility/cassandra,catalog_overlay_surface:role_metadata,catalog_projection;surface=LIST ROLES;LIST PERMISSIONS,project/src/parsers/compatibility/cassandra/cassandra_dialect.cpp#kCatalogSurfaces:role_metadata,PARSER_REMAP_ONLY,inventory classification lead
project/src/parsers/compatibility/cassandra,catalog_overlay_surface:tracing,catalog_projection;surface=TRACING;SYSTEM_TRACES,project/src/parsers/compatibility/cassandra/cassandra_dialect.cpp#kCatalogSurfaces:tracing,PARSER_REMAP_ONLY,inventory classification lead
project/src/parsers/compatibility/cassandra,catalog_overlay_surface:token_ring,catalog_projection;surface=SYSTEM.LOCAL;SYSTEM.PEERS,project/src/parsers/compatibility/cassandra/cassandra_dialect.cpp#kCatalogSurfaces:token_ring,PARSER_REMAP_ONLY,inventory classification lead
project/src/parsers/compatibility/cassandra,diagnostic_surface:parse,parser;surface=CASSANDRA.PARSE.INVALID_INPUT;CASSANDRA.PARSE.UNSUPPORTED_SURFACE,project/src/parsers/compatibility/cassandra/cassandra_dialect.cpp#kDiagnosticSurfaces:parse,PARSER_REMAP_ONLY,inventory classification lead
project/src/parsers/compatibility/cassandra,diagnostic_surface:policy,fail_closed;surface=CASSANDRA.AUTHORITY.*,project/src/parsers/compatibility/cassandra/cassandra_dialect.cpp#kDiagnosticSurfaces:policy,ARCHITECTURE_REFUSAL,inventory classification lead
project/src/parsers/compatibility/cassandra,diagnostic_surface:udr,parser_support_udr;surface=CASSANDRA.EMULATION.*,project/src/parsers/compatibility/cassandra/cassandra_dialect.cpp#kDiagnosticSurfaces:udr,IMPLEMENT_NONCLUSTER,inventory classification lead
project/src/parsers/compatibility/cassandra,diagnostic_surface:catalog,catalog_projection;surface=CASSANDRA.CATALOG_OVERLAY.READ_ONLY,project/src/parsers/compatibility/cassandra/cassandra_dialect.cpp#kDiagnosticSurfaces:catalog,PARSER_REMAP_ONLY,inventory classification lead
project/src/parsers/compatibility/cassandra,diagnostic_surface:session,sblr;surface=CASSANDRA.SESSION.*,project/src/parsers/compatibility/cassandra/cassandra_dialect.cpp#kDiagnosticSurfaces:session,PARSER_REMAP_ONLY,inventory classification lead
project/src/parsers/compatibility/cassandra,diagnostic_surface:transaction,sblr;surface=CASSANDRA.TRANSACTION.*,project/src/parsers/compatibility/cassandra/cassandra_dialect.cpp#kDiagnosticSurfaces:transaction,PARSER_REMAP_ONLY,inventory classification lead
project/src/parsers/compatibility/cassandra,diagnostic_surface:file_effects,authority_invariant;surface=real_compatibility_file_effects=false,project/src/parsers/compatibility/cassandra/cassandra_dialect.cpp#kDiagnosticSurfaces:file_effects,DOCUMENTATION_ONLY,inventory classification lead
project/src/parsers/compatibility/cassandra,diagnostic_surface:compatibility_execution,authority_invariant;surface=compatibility_engine_sql_executed=false,project/src/parsers/compatibility/cassandra/cassandra_dialect.cpp#kDiagnosticSurfaces:compatibility_execution,DOCUMENTATION_ONLY,inventory classification lead
project/src/parsers/compatibility/cassandra,diagnostic_surface:mga,authority_invariant;surface=parser_transaction_finality_authority=false,project/src/parsers/compatibility/cassandra/cassandra_dialect.cpp#kDiagnosticSurfaces:mga,DOCUMENTATION_ONLY,inventory classification lead
project/src/parsers/compatibility/cassandra,diagnostic_surface:support_bundle,diagnostic_redaction;surface=source_text_redacted=true,project/src/parsers/compatibility/cassandra/cassandra_dialect.cpp#kDiagnosticSurfaces:support_bundle,DOCUMENTATION_ONLY,inventory classification lead
project/src/parsers/compatibility/cassandra,source_marker:unsupported,source_marker_requires_review,project/src/parsers/compatibility/cassandra/cassandra_dialect.cpp#marker:unsupported,ARCHITECTURE_REFUSAL,inventory classification lead
project/src/parsers/compatibility/clickhouse,clickhouse.system.command,kUnsupportedRefusal;match=SYSTEM;mapping=clickhouse.policy.unsupported.system;sblr=none;engine_api=none;diagnostic=CLICKHOUSE.AUTHORITY.UNSUPPORTED_DENIED,project/src/parsers/compatibility/clickhouse/clickhouse_dialect.cpp#kPatterns:clickhouse.system.command,ARCHITECTURE_REFUSAL,parser remap lead
project/src/parsers/compatibility/clickhouse,clickhouse.system.kill,kUnsupportedRefusal;match=KILL;mapping=clickhouse.policy.unsupported.kill;sblr=none;engine_api=none;diagnostic=CLICKHOUSE.AUTHORITY.UNSUPPORTED_DENIED,project/src/parsers/compatibility/clickhouse/clickhouse_dialect.cpp#kPatterns:clickhouse.system.kill,ARCHITECTURE_REFUSAL,parser remap lead
project/src/parsers/compatibility/clickhouse,clickhouse.bulk_io.backup,kPolicyRefusal;match=BACKUP;mapping=clickhouse.policy.backup;sblr=none;engine_api=none;diagnostic=CLICKHOUSE.AUTHORITY.BACKUP_DENIED,project/src/parsers/compatibility/clickhouse/clickhouse_dialect.cpp#kPatterns:clickhouse.bulk_io.backup,ARCHITECTURE_REFUSAL,parser remap lead
project/src/parsers/compatibility/clickhouse,clickhouse.bulk_io.restore,kPolicyRefusal;match=RESTORE;mapping=clickhouse.policy.restore;sblr=none;engine_api=none;diagnostic=CLICKHOUSE.AUTHORITY.BACKUP_DENIED,project/src/parsers/compatibility/clickhouse/clickhouse_dialect.cpp#kPatterns:clickhouse.bulk_io.restore,ARCHITECTURE_REFUSAL,parser remap lead
project/src/parsers/compatibility/clickhouse,clickhouse.storage.attach,kPolicyRefusal;match=ATTACH;mapping=clickhouse.policy.attach;sblr=none;engine_api=none;diagnostic=CLICKHOUSE.AUTHORITY.STORAGE_ADMIN_DENIED,project/src/parsers/compatibility/clickhouse/clickhouse_dialect.cpp#kPatterns:clickhouse.storage.attach,ARCHITECTURE_REFUSAL,parser remap lead
project/src/parsers/compatibility/clickhouse,clickhouse.storage.detach,kPolicyRefusal;match=DETACH;mapping=clickhouse.policy.detach;sblr=none;engine_api=none;diagnostic=CLICKHOUSE.AUTHORITY.STORAGE_ADMIN_DENIED,project/src/parsers/compatibility/clickhouse/clickhouse_dialect.cpp#kPatterns:clickhouse.storage.detach,ARCHITECTURE_REFUSAL,parser remap lead
project/src/parsers/compatibility/clickhouse,clickhouse.external_io.insert_function,kPolicyRefusal;match=INSERT INTO FUNCTION;mapping=clickhouse.policy.external.insert_function;sblr=none;engine_api=none;diagnostic=CLICKHOUSE.AUTHORITY.EXTERNAL_IO_DENIED,project/src/parsers/compatibility/clickhouse/clickhouse_dialect.cpp#kPatterns:clickhouse.external_io.insert_function,EXTERNAL_AUTHORITY,parser remap lead
project/src/parsers/compatibility/clickhouse,clickhouse.external_io.file_function,kPolicyRefusal;match=FILE;mapping=clickhouse.policy.external.file;sblr=none;engine_api=none;diagnostic=CLICKHOUSE.AUTHORITY.EXTERNAL_IO_DENIED,project/src/parsers/compatibility/clickhouse/clickhouse_dialect.cpp#kPatterns:clickhouse.external_io.file_function,EXTERNAL_AUTHORITY,parser remap lead
project/src/parsers/compatibility/clickhouse,clickhouse.external_io.url_function,kPolicyRefusal;match=URL;mapping=clickhouse.policy.external.url;sblr=none;engine_api=none;diagnostic=CLICKHOUSE.AUTHORITY.EXTERNAL_IO_DENIED,project/src/parsers/compatibility/clickhouse/clickhouse_dialect.cpp#kPatterns:clickhouse.external_io.url_function,EXTERNAL_AUTHORITY,parser remap lead
project/src/parsers/compatibility/clickhouse,clickhouse.external_io.s3_function,kPolicyRefusal;match=S3;mapping=clickhouse.policy.external.s3;sblr=none;engine_api=none;diagnostic=CLICKHOUSE.AUTHORITY.EXTERNAL_IO_DENIED,project/src/parsers/compatibility/clickhouse/clickhouse_dialect.cpp#kPatterns:clickhouse.external_io.s3_function,EXTERNAL_AUTHORITY,parser remap lead
project/src/parsers/compatibility/clickhouse,clickhouse.external_io.hdfs_function,kPolicyRefusal;match=HDFS;mapping=clickhouse.policy.external.hdfs;sblr=none;engine_api=none;diagnostic=CLICKHOUSE.AUTHORITY.EXTERNAL_IO_DENIED,project/src/parsers/compatibility/clickhouse/clickhouse_dialect.cpp#kPatterns:clickhouse.external_io.hdfs_function,EXTERNAL_AUTHORITY,parser remap lead
project/src/parsers/compatibility/clickhouse,clickhouse.distributed.remote_function,kPolicyRefusal;match=REMOTE;mapping=clickhouse.policy.distributed.remote;sblr=none;engine_api=none;diagnostic=CLICKHOUSE.AUTHORITY.DISTRIBUTED_DENIED,project/src/parsers/compatibility/clickhouse/clickhouse_dialect.cpp#kPatterns:clickhouse.distributed.remote_function,ARCHITECTURE_REFUSAL,parser remap lead
project/src/parsers/compatibility/clickhouse,clickhouse.distributed.cluster_clause,kPolicyRefusal;match= ON CLUSTER ;mapping=clickhouse.policy.distributed.cluster;sblr=none;engine_api=none;diagnostic=CLICKHOUSE.AUTHORITY.DISTRIBUTED_DENIED,project/src/parsers/compatibility/clickhouse/clickhouse_dialect.cpp#kPatterns:clickhouse.distributed.cluster_clause,NORMALIZE_CLUSTER,parser remap lead
project/src/parsers/compatibility/clickhouse,clickhouse.security.create_user,kParserSupportUdr;match=CREATE USER;mapping=clickhouse.udr.security.create_user;sblr=SBLR_COMPAT_CLICKHOUSE_SECURITY_ROUTE;engine_api=ParserSupportSecurityRoute;diagnostic=CLICKHOUSE.EMULATION.SECURITY_ROUTE,project/src/parsers/compatibility/clickhouse/clickhouse_dialect.cpp#kPatterns:clickhouse.security.create_user,IMPLEMENT_NONCLUSTER,parser remap lead
project/src/parsers/compatibility/clickhouse,clickhouse.security.alter_user,kParserSupportUdr;match=ALTER USER;mapping=clickhouse.udr.security.alter_user;sblr=SBLR_COMPAT_CLICKHOUSE_SECURITY_ROUTE;engine_api=ParserSupportSecurityRoute;diagnostic=CLICKHOUSE.EMULATION.SECURITY_ROUTE,project/src/parsers/compatibility/clickhouse/clickhouse_dialect.cpp#kPatterns:clickhouse.security.alter_user,IMPLEMENT_NONCLUSTER,parser remap lead
project/src/parsers/compatibility/clickhouse,clickhouse.security.drop_user,kParserSupportUdr;match=DROP USER;mapping=clickhouse.udr.security.drop_user;sblr=SBLR_COMPAT_CLICKHOUSE_SECURITY_ROUTE;engine_api=ParserSupportSecurityRoute;diagnostic=CLICKHOUSE.EMULATION.SECURITY_ROUTE,project/src/parsers/compatibility/clickhouse/clickhouse_dialect.cpp#kPatterns:clickhouse.security.drop_user,IMPLEMENT_NONCLUSTER,parser remap lead
project/src/parsers/compatibility/clickhouse,clickhouse.security.create_role,kParserSupportUdr;match=CREATE ROLE;mapping=clickhouse.udr.security.create_role;sblr=SBLR_COMPAT_CLICKHOUSE_SECURITY_ROUTE;engine_api=ParserSupportSecurityRoute;diagnostic=CLICKHOUSE.EMULATION.SECURITY_ROUTE,project/src/parsers/compatibility/clickhouse/clickhouse_dialect.cpp#kPatterns:clickhouse.security.create_role,IMPLEMENT_NONCLUSTER,parser remap lead
project/src/parsers/compatibility/clickhouse,clickhouse.security.create_row_policy,kParserSupportUdr;match=CREATE ROW POLICY;mapping=clickhouse.udr.security.create_row_policy;sblr=SBLR_COMPAT_CLICKHOUSE_SECURITY_ROUTE;engine_api=ParserSupportSecurityRoute;diagnostic=CLICKHOUSE.EMULATION.SECURITY_ROUTE,project/src/parsers/compatibility/clickhouse/clickhouse_dialect.cpp#kPatterns:clickhouse.security.create_row_policy,IMPLEMENT_NONCLUSTER,parser remap lead
project/src/parsers/compatibility/clickhouse,clickhouse.security.create_quota,kParserSupportUdr;match=CREATE QUOTA;mapping=clickhouse.udr.security.create_quota;sblr=SBLR_COMPAT_CLICKHOUSE_SECURITY_ROUTE;engine_api=ParserSupportSecurityRoute;diagnostic=CLICKHOUSE.EMULATION.SECURITY_ROUTE,project/src/parsers/compatibility/clickhouse/clickhouse_dialect.cpp#kPatterns:clickhouse.security.create_quota,IMPLEMENT_NONCLUSTER,parser remap lead
project/src/parsers/compatibility/clickhouse,clickhouse.security.create_settings_profile,kParserSupportUdr;match=CREATE SETTINGS PROFILE;mapping=clickhouse.udr.security.create_settings_profile;sblr=SBLR_COMPAT_CLICKHOUSE_SECURITY_ROUTE;engine_api=ParserSupportSecurityRoute;diagnostic=CLICKHOUSE.EMULATION.SECURITY_ROUTE,project/src/parsers/compatibility/clickhouse/clickhouse_dialect.cpp#kPatterns:clickhouse.security.create_settings_profile,IMPLEMENT_NONCLUSTER,parser remap lead
project/src/parsers/compatibility/clickhouse,clickhouse.security.grant,kParserSupportUdr;match=GRANT;mapping=clickhouse.udr.security.grant;sblr=SBLR_COMPAT_CLICKHOUSE_SECURITY_ROUTE;engine_api=ParserSupportSecurityRoute;diagnostic=CLICKHOUSE.EMULATION.SECURITY_ROUTE,project/src/parsers/compatibility/clickhouse/clickhouse_dialect.cpp#kPatterns:clickhouse.security.grant,IMPLEMENT_NONCLUSTER,parser remap lead
project/src/parsers/compatibility/clickhouse,clickhouse.security.revoke,kParserSupportUdr;match=REVOKE;mapping=clickhouse.udr.security.revoke;sblr=SBLR_COMPAT_CLICKHOUSE_SECURITY_ROUTE;engine_api=ParserSupportSecurityRoute;diagnostic=CLICKHOUSE.EMULATION.SECURITY_ROUTE,project/src/parsers/compatibility/clickhouse/clickhouse_dialect.cpp#kPatterns:clickhouse.security.revoke,IMPLEMENT_NONCLUSTER,parser remap lead
project/src/parsers/compatibility/clickhouse,clickhouse.connector.dictionary.create,kParserSupportUdr;match=CREATE DICTIONARY;mapping=clickhouse.udr.connector.dictionary.create;sblr=SBLR_COMPAT_CLICKHOUSE_CONNECTOR_ROUTE;engine_api=ParserSupportConnectorRoute;diagnostic=CLICKHOUSE.EMULATION.CONNECTOR_ROUTE,project/src/parsers/compatibility/clickhouse/clickhouse_dialect.cpp#kPatterns:clickhouse.connector.dictionary.create,EXTERNAL_AUTHORITY,parser remap lead
project/src/parsers/compatibility/clickhouse,clickhouse.connector.dictionary.drop,kParserSupportUdr;match=DROP DICTIONARY;mapping=clickhouse.udr.connector.dictionary.drop;sblr=SBLR_COMPAT_CLICKHOUSE_CONNECTOR_ROUTE;engine_api=ParserSupportConnectorRoute;diagnostic=CLICKHOUSE.EMULATION.CONNECTOR_ROUTE,project/src/parsers/compatibility/clickhouse/clickhouse_dialect.cpp#kPatterns:clickhouse.connector.dictionary.drop,EXTERNAL_AUTHORITY,parser remap lead
project/src/parsers/compatibility/clickhouse,clickhouse.routine.create_function,kParserSupportUdr;match=CREATE FUNCTION;mapping=clickhouse.udr.routine.create_function;sblr=SBLR_COMPAT_CLICKHOUSE_ROUTINE_ROUTE;engine_api=ParserSupportRoutineRoute;diagnostic=CLICKHOUSE.EMULATION.ROUTINE_ROUTE,project/src/parsers/compatibility/clickhouse/clickhouse_dialect.cpp#kPatterns:clickhouse.routine.create_function,IMPLEMENT_NONCLUSTER,parser remap lead
project/src/parsers/compatibility/clickhouse,clickhouse.maintenance.optimize,kUnsupportedRefusal;match=OPTIMIZE;mapping=clickhouse.policy.unsupported.optimize;sblr=none;engine_api=none;diagnostic=CLICKHOUSE.AUTHORITY.UNSUPPORTED_DENIED,project/src/parsers/compatibility/clickhouse/clickhouse_dialect.cpp#kPatterns:clickhouse.maintenance.optimize,ARCHITECTURE_REFUSAL,parser remap lead
project/src/parsers/compatibility/clickhouse,clickhouse.maintenance.check_table,kUnsupportedRefusal;match=CHECK TABLE;mapping=clickhouse.policy.unsupported.check_table;sblr=none;engine_api=none;diagnostic=CLICKHOUSE.AUTHORITY.UNSUPPORTED_DENIED,project/src/parsers/compatibility/clickhouse/clickhouse_dialect.cpp#kPatterns:clickhouse.maintenance.check_table,ARCHITECTURE_REFUSAL,parser remap lead
project/src/parsers/compatibility/clickhouse,clickhouse.ddl.exchange,kAdmittedSblr;match=EXCHANGE;mapping=clickhouse.ddl.exchange;sblr=SBLR_COMPAT_CLICKHOUSE_DDL_EXCHANGE;engine_api=EngineDdlExchange;diagnostic=none,project/src/parsers/compatibility/clickhouse/clickhouse_dialect.cpp#kPatterns:clickhouse.ddl.exchange,PARSER_REMAP_ONLY,parser remap lead
project/src/parsers/compatibility/clickhouse,clickhouse.ddl.rename,kAdmittedSblr;match=RENAME;mapping=clickhouse.ddl.rename;sblr=SBLR_COMPAT_CLICKHOUSE_DDL_RENAME;engine_api=EngineDdlRename;diagnostic=none,project/src/parsers/compatibility/clickhouse/clickhouse_dialect.cpp#kPatterns:clickhouse.ddl.rename,PARSER_REMAP_ONLY,parser remap lead
project/src/parsers/compatibility/clickhouse,clickhouse.ddl.truncate,kAdmittedSblr;match=TRUNCATE;mapping=clickhouse.ddl.truncate;sblr=SBLR_COMPAT_CLICKHOUSE_DDL_TRUNCATE;engine_api=EngineDdlTruncate;diagnostic=none,project/src/parsers/compatibility/clickhouse/clickhouse_dialect.cpp#kPatterns:clickhouse.ddl.truncate,PARSER_REMAP_ONLY,parser remap lead
project/src/parsers/compatibility/clickhouse,clickhouse.optimizer.explain,kCatalogProjection;match=EXPLAIN;mapping=clickhouse.optimizer.explain;sblr=SBLR_COMPAT_CLICKHOUSE_EXPLAIN;engine_api=EngineExplainPlan;diagnostic=none,project/src/parsers/compatibility/clickhouse/clickhouse_dialect.cpp#kPatterns:clickhouse.optimizer.explain,PARSER_REMAP_ONLY,parser remap lead
project/src/parsers/compatibility/clickhouse,clickhouse.catalog_overlay.describe,kCatalogProjection;match=DESCRIBE;mapping=clickhouse.catalog.describe;sblr=SBLR_COMPAT_CLICKHOUSE_CATALOG_PROJECT;engine_api=EngineCatalogProjection;diagnostic=none,project/src/parsers/compatibility/clickhouse/clickhouse_dialect.cpp#kPatterns:clickhouse.catalog_overlay.describe,PARSER_REMAP_ONLY,parser remap lead
project/src/parsers/compatibility/clickhouse,clickhouse.catalog_overlay.desc,kCatalogProjection;match=DESC;mapping=clickhouse.catalog.describe;sblr=SBLR_COMPAT_CLICKHOUSE_CATALOG_PROJECT;engine_api=EngineCatalogProjection;diagnostic=none,project/src/parsers/compatibility/clickhouse/clickhouse_dialect.cpp#kPatterns:clickhouse.catalog_overlay.desc,PARSER_REMAP_ONLY,parser remap lead
project/src/parsers/compatibility/clickhouse,clickhouse.catalog_overlay.show,kCatalogProjection;match=SHOW;mapping=clickhouse.catalog.show;sblr=SBLR_COMPAT_CLICKHOUSE_CATALOG_PROJECT;engine_api=EngineCatalogProjection;diagnostic=none,project/src/parsers/compatibility/clickhouse/clickhouse_dialect.cpp#kPatterns:clickhouse.catalog_overlay.show,PARSER_REMAP_ONLY,parser remap lead
project/src/parsers/compatibility/clickhouse,clickhouse.session.use_database,kAdmittedSblr;match=USE;mapping=clickhouse.session.use_database;sblr=SBLR_COMPAT_CLICKHOUSE_USE_DATABASE;engine_api=EngineSessionRoute;diagnostic=none,project/src/parsers/compatibility/clickhouse/clickhouse_dialect.cpp#kPatterns:clickhouse.session.use_database,PARSER_REMAP_ONLY,parser remap lead
project/src/parsers/compatibility/clickhouse,clickhouse.session.set,kAdmittedSblr;match=SET;mapping=clickhouse.session.set;sblr=SBLR_COMPAT_CLICKHOUSE_SET;engine_api=EngineSessionSet;diagnostic=none,project/src/parsers/compatibility/clickhouse/clickhouse_dialect.cpp#kPatterns:clickhouse.session.set,PARSER_REMAP_ONLY,parser remap lead
project/src/parsers/compatibility/clickhouse,clickhouse.transaction.begin,kAdmittedSblr;match=BEGIN TRANSACTION;mapping=clickhouse.transaction.begin;sblr=SBLR_TRANSACTION_BEGIN;engine_api=EngineBeginTransaction;diagnostic=none,project/src/parsers/compatibility/clickhouse/clickhouse_dialect.cpp#kPatterns:clickhouse.transaction.begin,PARSER_REMAP_ONLY,parser remap lead
project/src/parsers/compatibility/clickhouse,clickhouse.transaction.commit,kAdmittedSblr;match=COMMIT;mapping=clickhouse.transaction.commit;sblr=SBLR_TRANSACTION_COMMIT;engine_api=EngineCommitTransaction;diagnostic=none,project/src/parsers/compatibility/clickhouse/clickhouse_dialect.cpp#kPatterns:clickhouse.transaction.commit,PARSER_REMAP_ONLY,parser remap lead
project/src/parsers/compatibility/clickhouse,clickhouse.transaction.rollback,kAdmittedSblr;match=ROLLBACK;mapping=clickhouse.transaction.rollback;sblr=SBLR_TRANSACTION_ROLLBACK;engine_api=EngineRollbackTransaction;diagnostic=none,project/src/parsers/compatibility/clickhouse/clickhouse_dialect.cpp#kPatterns:clickhouse.transaction.rollback,PARSER_REMAP_ONLY,parser remap lead
project/src/parsers/compatibility/clickhouse,clickhouse.ddl.create,kAdmittedSblr;match=CREATE;mapping=clickhouse.ddl.create;sblr=SBLR_COMPAT_CLICKHOUSE_DDL_CREATE;engine_api=EngineDdlCreate;diagnostic=none,project/src/parsers/compatibility/clickhouse/clickhouse_dialect.cpp#kPatterns:clickhouse.ddl.create,PARSER_REMAP_ONLY,parser remap lead
project/src/parsers/compatibility/clickhouse,clickhouse.ddl.alter,kAdmittedSblr;match=ALTER;mapping=clickhouse.ddl.alter;sblr=SBLR_COMPAT_CLICKHOUSE_DDL_ALTER;engine_api=EngineDdlAlter;diagnostic=none,project/src/parsers/compatibility/clickhouse/clickhouse_dialect.cpp#kPatterns:clickhouse.ddl.alter,PARSER_REMAP_ONLY,parser remap lead
project/src/parsers/compatibility/clickhouse,clickhouse.ddl.drop,kAdmittedSblr;match=DROP;mapping=clickhouse.ddl.drop;sblr=SBLR_COMPAT_CLICKHOUSE_DDL_DROP;engine_api=EngineDdlDrop;diagnostic=none,project/src/parsers/compatibility/clickhouse/clickhouse_dialect.cpp#kPatterns:clickhouse.ddl.drop,PARSER_REMAP_ONLY,parser remap lead
project/src/parsers/compatibility/clickhouse,clickhouse.dml.insert,kAdmittedSblr;match=INSERT;mapping=clickhouse.dml.insert;sblr=SBLR_COMPAT_CLICKHOUSE_INSERT;engine_api=EngineDmlInsert;diagnostic=none,project/src/parsers/compatibility/clickhouse/clickhouse_dialect.cpp#kPatterns:clickhouse.dml.insert,PARSER_REMAP_ONLY,parser remap lead
project/src/parsers/compatibility/clickhouse,clickhouse.dml.update,kAdmittedSblr;match=UPDATE;mapping=clickhouse.dml.update;sblr=SBLR_COMPAT_CLICKHOUSE_UPDATE;engine_api=EngineDmlUpdate;diagnostic=none,project/src/parsers/compatibility/clickhouse/clickhouse_dialect.cpp#kPatterns:clickhouse.dml.update,PARSER_REMAP_ONLY,parser remap lead
project/src/parsers/compatibility/clickhouse,clickhouse.dml.delete,kAdmittedSblr;match=DELETE;mapping=clickhouse.dml.delete;sblr=SBLR_COMPAT_CLICKHOUSE_DELETE;engine_api=EngineDmlDelete;diagnostic=none,project/src/parsers/compatibility/clickhouse/clickhouse_dialect.cpp#kPatterns:clickhouse.dml.delete,PARSER_REMAP_ONLY,parser remap lead
project/src/parsers/compatibility/clickhouse,clickhouse.query.select,kAdmittedSblr;match=SELECT;mapping=clickhouse.query.select;sblr=SBLR_COMPAT_CLICKHOUSE_SELECT;engine_api=EngineQuerySelect;diagnostic=none,project/src/parsers/compatibility/clickhouse/clickhouse_dialect.cpp#kPatterns:clickhouse.query.select,PARSER_REMAP_ONLY,parser remap lead
project/src/parsers/compatibility/clickhouse,clickhouse.query.with,kAdmittedSblr;match=WITH;mapping=clickhouse.query.with;sblr=SBLR_COMPAT_CLICKHOUSE_SELECT;engine_api=EngineQuerySelect;diagnostic=none,project/src/parsers/compatibility/clickhouse/clickhouse_dialect.cpp#kPatterns:clickhouse.query.with,PARSER_REMAP_ONLY,parser remap lead
project/src/parsers/compatibility/clickhouse,datatype_surface:integer,descriptor;surface=Int8;Int16;Int32;Int64;Int128;Int256;UInt8;UInt16;UInt32;UInt64;UInt128;UInt256,project/src/parsers/compatibility/clickhouse/clickhouse_dialect.cpp#kDatatypeSurfaces:integer,DOCUMENTATION_ONLY,inventory classification lead
project/src/parsers/compatibility/clickhouse,datatype_surface:float_decimal,descriptor;surface=Float32;Float64;Decimal;Decimal32;Decimal64;Decimal128;Decimal256,project/src/parsers/compatibility/clickhouse/clickhouse_dialect.cpp#kDatatypeSurfaces:float_decimal,DOCUMENTATION_ONLY,inventory classification lead
project/src/parsers/compatibility/clickhouse,datatype_surface:string,descriptor;surface=String;FixedString,project/src/parsers/compatibility/clickhouse/clickhouse_dialect.cpp#kDatatypeSurfaces:string,DOCUMENTATION_ONLY,inventory classification lead
project/src/parsers/compatibility/clickhouse,datatype_surface:temporal,descriptor;surface=Date;Date32;DateTime;DateTime64;Time;Time64,project/src/parsers/compatibility/clickhouse/clickhouse_dialect.cpp#kDatatypeSurfaces:temporal,DOCUMENTATION_ONLY,inventory classification lead
project/src/parsers/compatibility/clickhouse,datatype_surface:boolean,descriptor;surface=Bool,project/src/parsers/compatibility/clickhouse/clickhouse_dialect.cpp#kDatatypeSurfaces:boolean,DOCUMENTATION_ONLY,inventory classification lead
project/src/parsers/compatibility/clickhouse,datatype_surface:nullable,descriptor;surface=Nullable,project/src/parsers/compatibility/clickhouse/clickhouse_dialect.cpp#kDatatypeSurfaces:nullable,DOCUMENTATION_ONLY,inventory classification lead
project/src/parsers/compatibility/clickhouse,datatype_surface:low_cardinality,descriptor_policy;surface=LowCardinality,project/src/parsers/compatibility/clickhouse/clickhouse_dialect.cpp#kDatatypeSurfaces:low_cardinality,DOCUMENTATION_ONLY,inventory classification lead
project/src/parsers/compatibility/clickhouse,datatype_surface:arrays,parser_support_udr;surface=Array;Map;Tuple;Nested,project/src/parsers/compatibility/clickhouse/clickhouse_dialect.cpp#kDatatypeSurfaces:arrays,IMPLEMENT_NONCLUSTER,inventory classification lead
project/src/parsers/compatibility/clickhouse,datatype_surface:variant,parser_support_udr;surface=Variant;Dynamic;JSON,project/src/parsers/compatibility/clickhouse/clickhouse_dialect.cpp#kDatatypeSurfaces:variant,IMPLEMENT_NONCLUSTER,inventory classification lead
project/src/parsers/compatibility/clickhouse,datatype_surface:uuid_ip,descriptor;surface=UUID;IPv4;IPv6,project/src/parsers/compatibility/clickhouse/clickhouse_dialect.cpp#kDatatypeSurfaces:uuid_ip,DOCUMENTATION_ONLY,inventory classification lead
project/src/parsers/compatibility/clickhouse,datatype_surface:aggregate_state,parser_support_udr;surface=AggregateFunction;SimpleAggregateFunction,project/src/parsers/compatibility/clickhouse/clickhouse_dialect.cpp#kDatatypeSurfaces:aggregate_state,IMPLEMENT_NONCLUSTER,inventory classification lead
project/src/parsers/compatibility/clickhouse,datatype_surface:geo,parser_support_udr;surface=Point;Ring;Polygon;MultiPolygon,project/src/parsers/compatibility/clickhouse/clickhouse_dialect.cpp#kDatatypeSurfaces:geo,IMPLEMENT_NONCLUSTER,inventory classification lead
project/src/parsers/compatibility/clickhouse,builtin_function_surface:aggregate,sblr;surface=COUNT;SUM;AVG;MIN;MAX;ANY;ARGMIN;ARGMAX;QUANTILE,project/src/parsers/compatibility/clickhouse/clickhouse_dialect.cpp#kBuiltinSurfaces:aggregate,PARSER_REMAP_ONLY,inventory classification lead
project/src/parsers/compatibility/clickhouse,builtin_function_surface:array,parser_support_udr;surface=ARRAYJOIN;ARRAYMAP;ARRAYFILTER;ARRAYREDUCE;ARRAYZIP,project/src/parsers/compatibility/clickhouse/clickhouse_dialect.cpp#kBuiltinSurfaces:array,IMPLEMENT_NONCLUSTER,inventory classification lead
project/src/parsers/compatibility/clickhouse,builtin_function_surface:window,sblr;surface=ROW_NUMBER;RANK;DENSE_RANK;LAG;LEAD,project/src/parsers/compatibility/clickhouse/clickhouse_dialect.cpp#kBuiltinSurfaces:window,PARSER_REMAP_ONLY,inventory classification lead
project/src/parsers/compatibility/clickhouse,builtin_function_surface:string,sblr;surface=CONCAT;SUBSTRING;LOWER;UPPER;TRIM;POSITION;MATCH,project/src/parsers/compatibility/clickhouse/clickhouse_dialect.cpp#kBuiltinSurfaces:string,PARSER_REMAP_ONLY,inventory classification lead
project/src/parsers/compatibility/clickhouse,builtin_function_surface:numeric,sblr;surface=ABS;ROUND;POW;SQRT;INTDIV;GCD;LCM,project/src/parsers/compatibility/clickhouse/clickhouse_dialect.cpp#kBuiltinSurfaces:numeric,PARSER_REMAP_ONLY,inventory classification lead
project/src/parsers/compatibility/clickhouse,builtin_function_surface:temporal,sblr;surface=NOW;TODATE;TODATETIME;DATE_TRUNC;TOSTARTOFINTERVAL,project/src/parsers/compatibility/clickhouse/clickhouse_dialect.cpp#kBuiltinSurfaces:temporal,PARSER_REMAP_ONLY,inventory classification lead
project/src/parsers/compatibility/clickhouse,builtin_function_surface:json,parser_support_udr;surface=JSONEXTRACT;JSON_VALUE;JSON_QUERY;VISITPARAMEXTRACT,project/src/parsers/compatibility/clickhouse/clickhouse_dialect.cpp#kBuiltinSurfaces:json,IMPLEMENT_NONCLUSTER,inventory classification lead
project/src/parsers/compatibility/clickhouse,builtin_function_surface:hashing,sblr;surface=CITYHASH64;SIPHASH64;MURMURHASH;SHA256,project/src/parsers/compatibility/clickhouse/clickhouse_dialect.cpp#kBuiltinSurfaces:hashing,PARSER_REMAP_ONLY,inventory classification lead
project/src/parsers/compatibility/clickhouse,builtin_function_surface:url_ip,sblr;surface=DOMAIN;CUTTOFIRSTSIGNIFICANTSUBDOMAIN;TOIPV4;TOIPV6,project/src/parsers/compatibility/clickhouse/clickhouse_dialect.cpp#kBuiltinSurfaces:url_ip,PARSER_REMAP_ONLY,inventory classification lead
project/src/parsers/compatibility/clickhouse,builtin_function_surface:external,fail_closed;surface=FILE;URL;S3;HDFS;REMOTE,project/src/parsers/compatibility/clickhouse/clickhouse_dialect.cpp#kBuiltinSurfaces:external,EXTERNAL_AUTHORITY,inventory classification lead
project/src/parsers/compatibility/clickhouse,builtin_function_surface:dictionary,parser_support_udr;surface=DICTGET;DICTHAS;DICTGETORDEFAULT,project/src/parsers/compatibility/clickhouse/clickhouse_dialect.cpp#kBuiltinSurfaces:dictionary,IMPLEMENT_NONCLUSTER,inventory classification lead
project/src/parsers/compatibility/clickhouse,builtin_function_surface:cluster,fail_closed;surface=CLUSTER;ON CLUSTER,project/src/parsers/compatibility/clickhouse/clickhouse_dialect.cpp#kBuiltinSurfaces:cluster,NORMALIZE_CLUSTER,inventory classification lead
project/src/parsers/compatibility/clickhouse,builtin_function_surface:system,fail_closed;surface=SYSTEM;KILL;BACKUP;RESTORE,project/src/parsers/compatibility/clickhouse/clickhouse_dialect.cpp#kBuiltinSurfaces:system,ARCHITECTURE_REFUSAL,inventory classification lead
project/src/parsers/compatibility/clickhouse,catalog_overlay_surface:system_tables,catalog_projection;surface=SYSTEM.TABLES;SYSTEM.COLUMNS;SYSTEM.DATABASES;SYSTEM.PARTS,project/src/parsers/compatibility/clickhouse/clickhouse_dialect.cpp#kCatalogSurfaces:system_tables,PARSER_REMAP_ONLY,inventory classification lead
project/src/parsers/compatibility/clickhouse,catalog_overlay_surface:system_query,catalog_projection;surface=SYSTEM.QUERY_LOG;SYSTEM.PROCESSES;SYSTEM.MUTATIONS,project/src/parsers/compatibility/clickhouse/clickhouse_dialect.cpp#kCatalogSurfaces:system_query,PARSER_REMAP_ONLY,inventory classification lead
project/src/parsers/compatibility/clickhouse,catalog_overlay_surface:information_schema,catalog_projection;surface=INFORMATION_SCHEMA.,project/src/parsers/compatibility/clickhouse/clickhouse_dialect.cpp#kCatalogSurfaces:information_schema,PARSER_REMAP_ONLY,inventory classification lead
project/src/parsers/compatibility/clickhouse,catalog_overlay_surface:settings,catalog_projection;surface=SYSTEM.SETTINGS;SYSTEM.MERGES;SYSTEM.REPLICAS,project/src/parsers/compatibility/clickhouse/clickhouse_dialect.cpp#kCatalogSurfaces:settings,PARSER_REMAP_ONLY,inventory classification lead
project/src/parsers/compatibility/clickhouse,catalog_overlay_surface:dictionaries,parser_support_udr;surface=SYSTEM.DICTIONARIES;CREATE DICTIONARY,project/src/parsers/compatibility/clickhouse/clickhouse_dialect.cpp#kCatalogSurfaces:dictionaries,IMPLEMENT_NONCLUSTER,inventory classification lead
project/src/parsers/compatibility/clickhouse,catalog_overlay_surface:security,security_projection;surface=SYSTEM.USERS;SYSTEM.ROLES;SYSTEM.QUOTAS;SYSTEM.ROW_POLICIES,project/src/parsers/compatibility/clickhouse/clickhouse_dialect.cpp#kCatalogSurfaces:security,DOCUMENTATION_ONLY,inventory classification lead
project/src/parsers/compatibility/clickhouse,catalog_overlay_surface:storage_policy,policy_overlay;surface=SYSTEM.STORAGE_POLICIES;SYSTEM.DISKS,project/src/parsers/compatibility/clickhouse/clickhouse_dialect.cpp#kCatalogSurfaces:storage_policy,DOCUMENTATION_ONLY,inventory classification lead
project/src/parsers/compatibility/clickhouse,catalog_overlay_surface:clusters,policy_overlay;surface=SYSTEM.CLUSTERS;ON CLUSTER;REMOTE,project/src/parsers/compatibility/clickhouse/clickhouse_dialect.cpp#kCatalogSurfaces:clusters,NORMALIZE_CLUSTER,inventory classification lead
project/src/parsers/compatibility/clickhouse,catalog_overlay_surface:functions,catalog_projection;surface=SYSTEM.FUNCTIONS;CREATE FUNCTION,project/src/parsers/compatibility/clickhouse/clickhouse_dialect.cpp#kCatalogSurfaces:functions,PARSER_REMAP_ONLY,inventory classification lead
project/src/parsers/compatibility/clickhouse,catalog_overlay_surface:formats,policy_overlay;surface=SYSTEM.FORMATS;FILE;URL;S3,project/src/parsers/compatibility/clickhouse/clickhouse_dialect.cpp#kCatalogSurfaces:formats,DOCUMENTATION_ONLY,inventory classification lead
project/src/parsers/compatibility/clickhouse,diagnostic_surface:parse,parser;surface=CLICKHOUSE.PARSE.INVALID_INPUT;CLICKHOUSE.PARSE.UNSUPPORTED_SURFACE,project/src/parsers/compatibility/clickhouse/clickhouse_dialect.cpp#kDiagnosticSurfaces:parse,PARSER_REMAP_ONLY,inventory classification lead
project/src/parsers/compatibility/clickhouse,diagnostic_surface:system,fail_closed;surface=CLICKHOUSE.AUTHORITY.UNSUPPORTED_DENIED,project/src/parsers/compatibility/clickhouse/clickhouse_dialect.cpp#kDiagnosticSurfaces:system,ARCHITECTURE_REFUSAL,inventory classification lead
project/src/parsers/compatibility/clickhouse,diagnostic_surface:backup,fail_closed;surface=CLICKHOUSE.AUTHORITY.BACKUP_DENIED,project/src/parsers/compatibility/clickhouse/clickhouse_dialect.cpp#kDiagnosticSurfaces:backup,ARCHITECTURE_REFUSAL,inventory classification lead
project/src/parsers/compatibility/clickhouse,diagnostic_surface:storage_admin,fail_closed;surface=CLICKHOUSE.AUTHORITY.STORAGE_ADMIN_DENIED,project/src/parsers/compatibility/clickhouse/clickhouse_dialect.cpp#kDiagnosticSurfaces:storage_admin,ARCHITECTURE_REFUSAL,inventory classification lead
project/src/parsers/compatibility/clickhouse,diagnostic_surface:external_io,fail_closed;surface=CLICKHOUSE.AUTHORITY.EXTERNAL_IO_DENIED,project/src/parsers/compatibility/clickhouse/clickhouse_dialect.cpp#kDiagnosticSurfaces:external_io,EXTERNAL_AUTHORITY,inventory classification lead
project/src/parsers/compatibility/clickhouse,diagnostic_surface:distributed,fail_closed;surface=CLICKHOUSE.AUTHORITY.DISTRIBUTED_DENIED,project/src/parsers/compatibility/clickhouse/clickhouse_dialect.cpp#kDiagnosticSurfaces:distributed,ARCHITECTURE_REFUSAL,inventory classification lead
project/src/parsers/compatibility/clickhouse,diagnostic_surface:security,parser_support_udr;surface=CLICKHOUSE.EMULATION.SECURITY_ROUTE,project/src/parsers/compatibility/clickhouse/clickhouse_dialect.cpp#kDiagnosticSurfaces:security,IMPLEMENT_NONCLUSTER,inventory classification lead
project/src/parsers/compatibility/clickhouse,diagnostic_surface:connector,parser_support_udr;surface=CLICKHOUSE.EMULATION.CONNECTOR_ROUTE,project/src/parsers/compatibility/clickhouse/clickhouse_dialect.cpp#kDiagnosticSurfaces:connector,EXTERNAL_AUTHORITY,inventory classification lead
project/src/parsers/compatibility/clickhouse,diagnostic_surface:routine,parser_support_udr;surface=CLICKHOUSE.EMULATION.ROUTINE_ROUTE,project/src/parsers/compatibility/clickhouse/clickhouse_dialect.cpp#kDiagnosticSurfaces:routine,IMPLEMENT_NONCLUSTER,inventory classification lead
project/src/parsers/compatibility/clickhouse,diagnostic_surface:maintenance,parser_support_udr;surface=CLICKHOUSE.EMULATION.MAINTENANCE_ROUTE,project/src/parsers/compatibility/clickhouse/clickhouse_dialect.cpp#kDiagnosticSurfaces:maintenance,IMPLEMENT_NONCLUSTER,inventory classification lead
project/src/parsers/compatibility/clickhouse,diagnostic_surface:catalog,fail_closed;surface=CLICKHOUSE.CATALOG_OVERLAY.READ_ONLY,project/src/parsers/compatibility/clickhouse/clickhouse_dialect.cpp#kDiagnosticSurfaces:catalog,ARCHITECTURE_REFUSAL,inventory classification lead
project/src/parsers/compatibility/clickhouse,diagnostic_surface:cluster_stub,compile_time_cluster_stub;surface=CLICKHOUSE.AUTHORITY.DISTRIBUTED_DENIED,project/src/parsers/compatibility/clickhouse/clickhouse_dialect.cpp#kDiagnosticSurfaces:cluster_stub,NORMALIZE_CLUSTER,inventory classification lead
project/src/parsers/compatibility/clickhouse,source_marker:unsupported,source_marker_requires_review,project/src/parsers/compatibility/clickhouse/clickhouse_dialect.cpp#marker:unsupported,ARCHITECTURE_REFUSAL,inventory classification lead
project/src/parsers/compatibility/cockroachdb,cockroachdb.backup.backup,kPolicyRefusal;match=BACKUP;mapping=cockroachdb.policy.backup;sblr=none;engine_api=none;diagnostic=COCKROACHDB.AUTHORITY.BACKUP_DENIED,project/src/parsers/compatibility/cockroachdb/cockroachdb_dialect.cpp#kPatterns:cockroachdb.backup.backup,ARCHITECTURE_REFUSAL,parser remap lead
project/src/parsers/compatibility/cockroachdb,cockroachdb.restore.restore,kPolicyRefusal;match=RESTORE;mapping=cockroachdb.policy.restore;sblr=none;engine_api=none;diagnostic=COCKROACHDB.AUTHORITY.RESTORE_DENIED,project/src/parsers/compatibility/cockroachdb/cockroachdb_dialect.cpp#kPatterns:cockroachdb.restore.restore,ARCHITECTURE_REFUSAL,parser remap lead
project/src/parsers/compatibility/cockroachdb,cockroachdb.bulk_io.import,kPolicyRefusal;match=IMPORT;mapping=cockroachdb.policy.import;sblr=none;engine_api=none;diagnostic=COCKROACHDB.AUTHORITY.FILE_IO_DENIED,project/src/parsers/compatibility/cockroachdb/cockroachdb_dialect.cpp#kPatterns:cockroachdb.bulk_io.import,EXTERNAL_AUTHORITY,parser remap lead
project/src/parsers/compatibility/cockroachdb,cockroachdb.changefeed.create,kParserSupportUdr;match=CREATE CHANGEFEED;mapping=cockroachdb.udr.changefeed.create;sblr=SBLR_COMPAT_COCKROACHDB_CHANGEFEED_ROUTE;engine_api=ParserSupportChangefeedRoute;diagnostic=COCKROACHDB.EMULATION.CHANGEFEED_ROUTE,project/src/parsers/compatibility/cockroachdb/cockroachdb_dialect.cpp#kPatterns:cockroachdb.changefeed.create,NORMALIZE_CLUSTER,parser remap lead
project/src/parsers/compatibility/cockroachdb,cockroachdb.catalog_overlay.show_ranges,kCatalogProjection;match=SHOW RANGES;mapping=cockroachdb.catalog.show_ranges;sblr=SBLR_COMPAT_COCKROACHDB_CATALOG_PROJECT;engine_api=EngineCatalogProjection;diagnostic=none,project/src/parsers/compatibility/cockroachdb/cockroachdb_dialect.cpp#kPatterns:cockroachdb.catalog_overlay.show_ranges,PARSER_REMAP_ONLY,parser remap lead
project/src/parsers/compatibility/cockroachdb,cockroachdb.catalog_overlay.show_jobs,kCatalogProjection;match=SHOW JOBS;mapping=cockroachdb.catalog.show_jobs;sblr=SBLR_COMPAT_COCKROACHDB_CATALOG_PROJECT;engine_api=EngineCatalogProjection;diagnostic=none,project/src/parsers/compatibility/cockroachdb/cockroachdb_dialect.cpp#kPatterns:cockroachdb.catalog_overlay.show_jobs,PARSER_REMAP_ONLY,parser remap lead
project/src/parsers/compatibility/cockroachdb,cockroachdb.zone_config.alter_range,kParserSupportUdr;match=ALTER RANGE;mapping=cockroachdb.udr.zone_config.alter_range;sblr=SBLR_COMPAT_COCKROACHDB_ZONE_ROUTE;engine_api=ParserSupportZoneRoute;diagnostic=COCKROACHDB.EMULATION.ZONE_ROUTE,project/src/parsers/compatibility/cockroachdb/cockroachdb_dialect.cpp#kPatterns:cockroachdb.zone_config.alter_range,IMPLEMENT_NONCLUSTER,parser remap lead
project/src/parsers/compatibility/cockroachdb,cockroachdb.ddl.alter_table,kAdmittedSblr;match=ALTER TABLE;mapping=cockroachdb.ddl.alter_table;sblr=SBLR_COMPAT_COCKROACHDB_DDL_ALTER;engine_api=EngineDdlAlter;diagnostic=none,project/src/parsers/compatibility/cockroachdb/cockroachdb_dialect.cpp#kPatterns:cockroachdb.ddl.alter_table,PARSER_REMAP_ONLY,parser remap lead
project/src/parsers/compatibility/cockroachdb,cockroachdb.cluster.setting.set,kParserSupportUdr;match=SET CLUSTER SETTING;mapping=cockroachdb.udr.cluster.setting.set;sblr=SBLR_COMPAT_COCKROACHDB_CLUSTER_ROUTE;engine_api=ParserSupportClusterRoute;diagnostic=COCKROACHDB.EMULATION.CLUSTER_ROUTE,project/src/parsers/compatibility/cockroachdb/cockroachdb_dialect.cpp#kPatterns:cockroachdb.cluster.setting.set,NORMALIZE_CLUSTER,parser remap lead
project/src/parsers/compatibility/cockroachdb,cockroachdb.cluster.experimental_relocate,kUnsupportedRefusal;match=EXPERIMENTAL_RELOCATE;mapping=cockroachdb.policy.experimental_relocate;sblr=none;engine_api=none;diagnostic=COCKROACHDB.AUTHORITY.UNSUPPORTED_CLUSTER_SURFACE,project/src/parsers/compatibility/cockroachdb/cockroachdb_dialect.cpp#kPatterns:cockroachdb.cluster.experimental_relocate,NORMALIZE_CLUSTER,parser remap lead
project/src/parsers/compatibility/cockroachdb,cockroachdb.catalog_overlay.crdb_internal,kCatalogProjection;match=CRDB_INTERNAL;mapping=cockroachdb.catalog.crdb_internal;sblr=SBLR_COMPAT_COCKROACHDB_CATALOG_PROJECT;engine_api=EngineCatalogProjection;diagnostic=none,project/src/parsers/compatibility/cockroachdb/cockroachdb_dialect.cpp#kPatterns:cockroachdb.catalog_overlay.crdb_internal,PARSER_REMAP_ONLY,parser remap lead
project/src/parsers/compatibility/cockroachdb,cockroachdb.bulk_io.copy_program,kPolicyRefusal;match=COPY|| PROGRAM ;mapping=cockroachdb.policy.copy_program;sblr=none;engine_api=none;diagnostic=COCKROACHDB.AUTHORITY.PROGRAM_DENIED,project/src/parsers/compatibility/cockroachdb/cockroachdb_dialect.cpp#kPatterns:cockroachdb.bulk_io.copy_program,EXTERNAL_AUTHORITY,parser remap lead
project/src/parsers/compatibility/cockroachdb,cockroachdb.bulk_io.copy_to_file,kPolicyRefusal;match=COPY|| TO ';mapping=cockroachdb.policy.copy_to_file;sblr=none;engine_api=none;diagnostic=COCKROACHDB.AUTHORITY.FILE_IO_DENIED,project/src/parsers/compatibility/cockroachdb/cockroachdb_dialect.cpp#kPatterns:cockroachdb.bulk_io.copy_to_file,EXTERNAL_AUTHORITY,parser remap lead
project/src/parsers/compatibility/cockroachdb,cockroachdb.bulk_io.copy_from_file,kPolicyRefusal;match=COPY|| FROM ';mapping=cockroachdb.policy.copy_from_file;sblr=none;engine_api=none;diagnostic=COCKROACHDB.AUTHORITY.FILE_IO_DENIED,project/src/parsers/compatibility/cockroachdb/cockroachdb_dialect.cpp#kPatterns:cockroachdb.bulk_io.copy_from_file,EXTERNAL_AUTHORITY,parser remap lead
project/src/parsers/compatibility/cockroachdb,cockroachdb.bulk_io.copy,kParserSupportUdr;match=COPY;mapping=cockroachdb.udr.copy;sblr=SBLR_COMPAT_COCKROACHDB_COPY_ROUTE;engine_api=ParserSupportCopyRoute;diagnostic=COCKROACHDB.EMULATION.COPY_ROUTE,project/src/parsers/compatibility/cockroachdb/cockroachdb_dialect.cpp#kPatterns:cockroachdb.bulk_io.copy,IMPLEMENT_NONCLUSTER,parser remap lead
project/src/parsers/compatibility/cockroachdb,cockroachdb.connector.fdw.create,kParserSupportUdr;match=CREATE FOREIGN DATA WRAPPER;mapping=cockroachdb.udr.connector.fdw.create;sblr=SBLR_COMPAT_COCKROACHDB_CONNECTOR_ROUTE;engine_api=ParserSupportConnectorRoute;diagnostic=COCKROACHDB.EMULATION.CONNECTOR_ROUTE,project/src/parsers/compatibility/cockroachdb/cockroachdb_dialect.cpp#kPatterns:cockroachdb.connector.fdw.create,EXTERNAL_AUTHORITY,parser remap lead
project/src/parsers/compatibility/cockroachdb,cockroachdb.connector.server.create,kParserSupportUdr;match=CREATE SERVER;mapping=cockroachdb.udr.connector.server.create;sblr=SBLR_COMPAT_COCKROACHDB_CONNECTOR_ROUTE;engine_api=ParserSupportConnectorRoute;diagnostic=COCKROACHDB.EMULATION.CONNECTOR_ROUTE,project/src/parsers/compatibility/cockroachdb/cockroachdb_dialect.cpp#kPatterns:cockroachdb.connector.server.create,EXTERNAL_AUTHORITY,parser remap lead
project/src/parsers/compatibility/cockroachdb,cockroachdb.connector.user_mapping.create,kParserSupportUdr;match=CREATE USER MAPPING;mapping=cockroachdb.udr.connector.user_mapping.create;sblr=SBLR_COMPAT_COCKROACHDB_CONNECTOR_ROUTE;engine_api=ParserSupportConnectorRoute;diagnostic=COCKROACHDB.EMULATION.CONNECTOR_ROUTE,project/src/parsers/compatibility/cockroachdb/cockroachdb_dialect.cpp#kPatterns:cockroachdb.connector.user_mapping.create,EXTERNAL_AUTHORITY,parser remap lead
project/src/parsers/compatibility/cockroachdb,cockroachdb.connector.foreign_table.create,kParserSupportUdr;match=CREATE FOREIGN TABLE;mapping=cockroachdb.udr.connector.foreign_table.create;sblr=SBLR_COMPAT_COCKROACHDB_CONNECTOR_ROUTE;engine_api=ParserSupportConnectorRoute;diagnostic=COCKROACHDB.EMULATION.CONNECTOR_ROUTE,project/src/parsers/compatibility/cockroachdb/cockroachdb_dialect.cpp#kPatterns:cockroachdb.connector.foreign_table.create,EXTERNAL_AUTHORITY,parser remap lead
project/src/parsers/compatibility/cockroachdb,cockroachdb.security.create_role,kParserSupportUdr;match=CREATE ROLE;mapping=cockroachdb.udr.security.create_role;sblr=SBLR_COMPAT_COCKROACHDB_SECURITY_ROUTE;engine_api=ParserSupportSecurityRoute;diagnostic=COCKROACHDB.EMULATION.SECURITY_ROUTE,project/src/parsers/compatibility/cockroachdb/cockroachdb_dialect.cpp#kPatterns:cockroachdb.security.create_role,IMPLEMENT_NONCLUSTER,parser remap lead
project/src/parsers/compatibility/cockroachdb,cockroachdb.security.alter_role,kParserSupportUdr;match=ALTER ROLE;mapping=cockroachdb.udr.security.alter_role;sblr=SBLR_COMPAT_COCKROACHDB_SECURITY_ROUTE;engine_api=ParserSupportSecurityRoute;diagnostic=COCKROACHDB.EMULATION.SECURITY_ROUTE,project/src/parsers/compatibility/cockroachdb/cockroachdb_dialect.cpp#kPatterns:cockroachdb.security.alter_role,IMPLEMENT_NONCLUSTER,parser remap lead
project/src/parsers/compatibility/cockroachdb,cockroachdb.security.drop_role,kParserSupportUdr;match=DROP ROLE;mapping=cockroachdb.udr.security.drop_role;sblr=SBLR_COMPAT_COCKROACHDB_SECURITY_ROUTE;engine_api=ParserSupportSecurityRoute;diagnostic=COCKROACHDB.EMULATION.SECURITY_ROUTE,project/src/parsers/compatibility/cockroachdb/cockroachdb_dialect.cpp#kPatterns:cockroachdb.security.drop_role,IMPLEMENT_NONCLUSTER,parser remap lead
project/src/parsers/compatibility/cockroachdb,cockroachdb.security.grant,kParserSupportUdr;match=GRANT;mapping=cockroachdb.udr.security.grant;sblr=SBLR_COMPAT_COCKROACHDB_SECURITY_ROUTE;engine_api=ParserSupportSecurityRoute;diagnostic=COCKROACHDB.EMULATION.SECURITY_ROUTE,project/src/parsers/compatibility/cockroachdb/cockroachdb_dialect.cpp#kPatterns:cockroachdb.security.grant,IMPLEMENT_NONCLUSTER,parser remap lead
project/src/parsers/compatibility/cockroachdb,cockroachdb.security.revoke,kParserSupportUdr;match=REVOKE;mapping=cockroachdb.udr.security.revoke;sblr=SBLR_COMPAT_COCKROACHDB_SECURITY_ROUTE;engine_api=ParserSupportSecurityRoute;diagnostic=COCKROACHDB.EMULATION.SECURITY_ROUTE,project/src/parsers/compatibility/cockroachdb/cockroachdb_dialect.cpp#kPatterns:cockroachdb.security.revoke,IMPLEMENT_NONCLUSTER,parser remap lead
project/src/parsers/compatibility/cockroachdb,cockroachdb.lifecycle.create_database,kScratchBirdLifecycleApi;match=CREATE DATABASE;mapping=cockroachdb.lifecycle.create_database;sblr=SBLR_LIFECYCLE_CREATE_DATABASE;engine_api=EngineCreateLifecycle;diagnostic=none,project/src/parsers/compatibility/cockroachdb/cockroachdb_dialect.cpp#kPatterns:cockroachdb.lifecycle.create_database,PARSER_REMAP_ONLY,parser remap lead
project/src/parsers/compatibility/cockroachdb,cockroachdb.lifecycle.drop_database,kScratchBirdLifecycleApi;match=DROP DATABASE;mapping=cockroachdb.lifecycle.drop_database;sblr=SBLR_LIFECYCLE_DROP_DATABASE;engine_api=EngineDropLifecycle;diagnostic=none,project/src/parsers/compatibility/cockroachdb/cockroachdb_dialect.cpp#kPatterns:cockroachdb.lifecycle.drop_database,PARSER_REMAP_ONLY,parser remap lead
project/src/parsers/compatibility/cockroachdb,cockroachdb.catalog_overlay.show,kCatalogProjection;match=SHOW;mapping=cockroachdb.catalog.show;sblr=SBLR_COMPAT_COCKROACHDB_CATALOG_PROJECT;engine_api=EngineCatalogProjection;diagnostic=none,project/src/parsers/compatibility/cockroachdb/cockroachdb_dialect.cpp#kPatterns:cockroachdb.catalog_overlay.show,PARSER_REMAP_ONLY,parser remap lead
project/src/parsers/compatibility/cockroachdb,cockroachdb.optimizer.explain,kCatalogProjection;match=EXPLAIN;mapping=cockroachdb.optimizer.explain;sblr=SBLR_COMPAT_COCKROACHDB_EXPLAIN;engine_api=EngineExplainPlan;diagnostic=none,project/src/parsers/compatibility/cockroachdb/cockroachdb_dialect.cpp#kPatterns:cockroachdb.optimizer.explain,PARSER_REMAP_ONLY,parser remap lead
project/src/parsers/compatibility/cockroachdb,cockroachdb.session.set,kAdmittedSblr;match=SET;mapping=cockroachdb.session.set;sblr=SBLR_COMPAT_COCKROACHDB_SET;engine_api=EngineSessionSet;diagnostic=none,project/src/parsers/compatibility/cockroachdb/cockroachdb_dialect.cpp#kPatterns:cockroachdb.session.set,PARSER_REMAP_ONLY,parser remap lead
project/src/parsers/compatibility/cockroachdb,cockroachdb.session.reset,kAdmittedSblr;match=RESET;mapping=cockroachdb.session.reset;sblr=SBLR_COMPAT_COCKROACHDB_RESET;engine_api=EngineSessionReset;diagnostic=none,project/src/parsers/compatibility/cockroachdb/cockroachdb_dialect.cpp#kPatterns:cockroachdb.session.reset,PARSER_REMAP_ONLY,parser remap lead
project/src/parsers/compatibility/cockroachdb,cockroachdb.transaction.prepare_transaction,kUnsupportedRefusal;match=PREPARE TRANSACTION;mapping=cockroachdb.policy.transaction.prepare_transaction;sblr=none;engine_api=none;diagnostic=COCKROACHDB.AUTHORITY.PREPARE_TRANSACTION_DENIED,project/src/parsers/compatibility/cockroachdb/cockroachdb_dialect.cpp#kPatterns:cockroachdb.transaction.prepare_transaction,ARCHITECTURE_REFUSAL,parser remap lead
project/src/parsers/compatibility/cockroachdb,cockroachdb.prepared.prepare,kAdmittedSblr;match=PREPARE;mapping=cockroachdb.prepared.prepare;sblr=SBLR_COMPAT_COCKROACHDB_PREPARE;engine_api=EnginePrepareStatement;diagnostic=none,project/src/parsers/compatibility/cockroachdb/cockroachdb_dialect.cpp#kPatterns:cockroachdb.prepared.prepare,PARSER_REMAP_ONLY,parser remap lead
project/src/parsers/compatibility/cockroachdb,cockroachdb.prepared.execute,kAdmittedSblr;match=EXECUTE;mapping=cockroachdb.prepared.execute;sblr=SBLR_COMPAT_COCKROACHDB_EXECUTE;engine_api=EngineExecuteStatement;diagnostic=none,project/src/parsers/compatibility/cockroachdb/cockroachdb_dialect.cpp#kPatterns:cockroachdb.prepared.execute,PARSER_REMAP_ONLY,parser remap lead
project/src/parsers/compatibility/cockroachdb,cockroachdb.prepared.deallocate,kAdmittedSblr;match=DEALLOCATE;mapping=cockroachdb.prepared.deallocate;sblr=SBLR_COMPAT_COCKROACHDB_DEALLOCATE;engine_api=EngineDeallocateStatement;diagnostic=none,project/src/parsers/compatibility/cockroachdb/cockroachdb_dialect.cpp#kPatterns:cockroachdb.prepared.deallocate,PARSER_REMAP_ONLY,parser remap lead
project/src/parsers/compatibility/cockroachdb,cockroachdb.ddl.create,kAdmittedSblr;match=CREATE;mapping=cockroachdb.ddl.create;sblr=SBLR_COMPAT_COCKROACHDB_DDL_CREATE;engine_api=EngineDdlCreate;diagnostic=none,project/src/parsers/compatibility/cockroachdb/cockroachdb_dialect.cpp#kPatterns:cockroachdb.ddl.create,PARSER_REMAP_ONLY,parser remap lead
project/src/parsers/compatibility/cockroachdb,cockroachdb.ddl.alter,kAdmittedSblr;match=ALTER;mapping=cockroachdb.ddl.alter;sblr=SBLR_COMPAT_COCKROACHDB_DDL_ALTER;engine_api=EngineDdlAlter;diagnostic=none,project/src/parsers/compatibility/cockroachdb/cockroachdb_dialect.cpp#kPatterns:cockroachdb.ddl.alter,PARSER_REMAP_ONLY,parser remap lead
project/src/parsers/compatibility/cockroachdb,cockroachdb.ddl.drop,kAdmittedSblr;match=DROP;mapping=cockroachdb.ddl.drop;sblr=SBLR_COMPAT_COCKROACHDB_DDL_DROP;engine_api=EngineDdlDrop;diagnostic=none,project/src/parsers/compatibility/cockroachdb/cockroachdb_dialect.cpp#kPatterns:cockroachdb.ddl.drop,PARSER_REMAP_ONLY,parser remap lead
project/src/parsers/compatibility/cockroachdb,cockroachdb.ddl.truncate,kAdmittedSblr;match=TRUNCATE;mapping=cockroachdb.ddl.truncate;sblr=SBLR_COMPAT_COCKROACHDB_DDL_TRUNCATE;engine_api=EngineDdlTruncate;diagnostic=none,project/src/parsers/compatibility/cockroachdb/cockroachdb_dialect.cpp#kPatterns:cockroachdb.ddl.truncate,PARSER_REMAP_ONLY,parser remap lead
project/src/parsers/compatibility/cockroachdb,cockroachdb.dml.merge,kAdmittedSblr;match=MERGE;mapping=cockroachdb.dml.merge;sblr=SBLR_COMPAT_COCKROACHDB_MERGE;engine_api=EngineDmlMerge;diagnostic=none,project/src/parsers/compatibility/cockroachdb/cockroachdb_dialect.cpp#kPatterns:cockroachdb.dml.merge,PARSER_REMAP_ONLY,parser remap lead
project/src/parsers/compatibility/cockroachdb,cockroachdb.dml.insert,kAdmittedSblr;match=INSERT;mapping=cockroachdb.dml.insert;sblr=SBLR_COMPAT_COCKROACHDB_INSERT;engine_api=EngineDmlInsert;diagnostic=none,project/src/parsers/compatibility/cockroachdb/cockroachdb_dialect.cpp#kPatterns:cockroachdb.dml.insert,PARSER_REMAP_ONLY,parser remap lead
project/src/parsers/compatibility/cockroachdb,cockroachdb.dml.update,kAdmittedSblr;match=UPDATE;mapping=cockroachdb.dml.update;sblr=SBLR_COMPAT_COCKROACHDB_UPDATE;engine_api=EngineDmlUpdate;diagnostic=none,project/src/parsers/compatibility/cockroachdb/cockroachdb_dialect.cpp#kPatterns:cockroachdb.dml.update,PARSER_REMAP_ONLY,parser remap lead
project/src/parsers/compatibility/cockroachdb,cockroachdb.dml.delete,kAdmittedSblr;match=DELETE;mapping=cockroachdb.dml.delete;sblr=SBLR_COMPAT_COCKROACHDB_DELETE;engine_api=EngineDmlDelete;diagnostic=none,project/src/parsers/compatibility/cockroachdb/cockroachdb_dialect.cpp#kPatterns:cockroachdb.dml.delete,PARSER_REMAP_ONLY,parser remap lead
project/src/parsers/compatibility/cockroachdb,cockroachdb.query.select,kAdmittedSblr;match=SELECT;mapping=cockroachdb.query.select;sblr=SBLR_COMPAT_COCKROACHDB_SELECT;engine_api=EngineQuerySelect;diagnostic=none,project/src/parsers/compatibility/cockroachdb/cockroachdb_dialect.cpp#kPatterns:cockroachdb.query.select,PARSER_REMAP_ONLY,parser remap lead
project/src/parsers/compatibility/cockroachdb,cockroachdb.query.with,kAdmittedSblr;match=WITH;mapping=cockroachdb.query.with;sblr=SBLR_COMPAT_COCKROACHDB_SELECT;engine_api=EngineQuerySelect;diagnostic=none,project/src/parsers/compatibility/cockroachdb/cockroachdb_dialect.cpp#kPatterns:cockroachdb.query.with,PARSER_REMAP_ONLY,parser remap lead
project/src/parsers/compatibility/cockroachdb,cockroachdb.transaction.start,kAdmittedSblr;match=START TRANSACTION;mapping=cockroachdb.transaction.start;sblr=SBLR_TRANSACTION_BEGIN;engine_api=EngineBeginTransaction;diagnostic=none,project/src/parsers/compatibility/cockroachdb/cockroachdb_dialect.cpp#kPatterns:cockroachdb.transaction.start,PARSER_REMAP_ONLY,parser remap lead
project/src/parsers/compatibility/cockroachdb,cockroachdb.transaction.begin,kAdmittedSblr;match=BEGIN;mapping=cockroachdb.transaction.begin;sblr=SBLR_TRANSACTION_BEGIN;engine_api=EngineBeginTransaction;diagnostic=none,project/src/parsers/compatibility/cockroachdb/cockroachdb_dialect.cpp#kPatterns:cockroachdb.transaction.begin,PARSER_REMAP_ONLY,parser remap lead
project/src/parsers/compatibility/cockroachdb,cockroachdb.transaction.commit,kAdmittedSblr;match=COMMIT;mapping=cockroachdb.transaction.commit;sblr=SBLR_TRANSACTION_COMMIT;engine_api=EngineCommitTransaction;diagnostic=none,project/src/parsers/compatibility/cockroachdb/cockroachdb_dialect.cpp#kPatterns:cockroachdb.transaction.commit,PARSER_REMAP_ONLY,parser remap lead
project/src/parsers/compatibility/cockroachdb,cockroachdb.transaction.rollback,kAdmittedSblr;match=ROLLBACK;mapping=cockroachdb.transaction.rollback;sblr=SBLR_TRANSACTION_ROLLBACK;engine_api=EngineRollbackTransaction;diagnostic=none,project/src/parsers/compatibility/cockroachdb/cockroachdb_dialect.cpp#kPatterns:cockroachdb.transaction.rollback,PARSER_REMAP_ONLY,parser remap lead
project/src/parsers/compatibility/cockroachdb,cockroachdb.transaction.savepoint,kAdmittedSblr;match=SAVEPOINT;mapping=cockroachdb.transaction.savepoint;sblr=SBLR_TRANSACTION_SAVEPOINT;engine_api=EngineSavepoint;diagnostic=none,project/src/parsers/compatibility/cockroachdb/cockroachdb_dialect.cpp#kPatterns:cockroachdb.transaction.savepoint,PARSER_REMAP_ONLY,parser remap lead
project/src/parsers/compatibility/cockroachdb,cockroachdb.transaction.release_savepoint,kAdmittedSblr;match=RELEASE SAVEPOINT;mapping=cockroachdb.transaction.release_savepoint;sblr=SBLR_TRANSACTION_RELEASE_SAVEPOINT;engine_api=EngineReleaseSavepoint;diagnostic=none,project/src/parsers/compatibility/cockroachdb/cockroachdb_dialect.cpp#kPatterns:cockroachdb.transaction.release_savepoint,PARSER_REMAP_ONLY,parser remap lead
project/src/parsers/compatibility/cockroachdb,datatype_surface:numeric,descriptor;surface=SMALLINT;INTEGER;BIGINT;DECIMAL;FLOAT;REAL,project/src/parsers/compatibility/cockroachdb/cockroachdb_dialect.cpp#kDatatypeSurfaces:numeric,DOCUMENTATION_ONLY,inventory classification lead
project/src/parsers/compatibility/cockroachdb,datatype_surface:serial_identity,descriptor_policy;surface=SERIAL;BIGSERIAL;IDENTITY,project/src/parsers/compatibility/cockroachdb/cockroachdb_dialect.cpp#kDatatypeSurfaces:serial_identity,DOCUMENTATION_ONLY,inventory classification lead
project/src/parsers/compatibility/cockroachdb,datatype_surface:text,descriptor;surface=CHAR;VARCHAR;TEXT;NAME,project/src/parsers/compatibility/cockroachdb/cockroachdb_dialect.cpp#kDatatypeSurfaces:text,DOCUMENTATION_ONLY,inventory classification lead
project/src/parsers/compatibility/cockroachdb,datatype_surface:binary,descriptor;surface=BYTES;BYTEA,project/src/parsers/compatibility/cockroachdb/cockroachdb_dialect.cpp#kDatatypeSurfaces:binary,DOCUMENTATION_ONLY,inventory classification lead
project/src/parsers/compatibility/cockroachdb,datatype_surface:temporal,descriptor;surface=DATE;TIME;TIMESTAMP;TIMESTAMPTZ;INTERVAL,project/src/parsers/compatibility/cockroachdb/cockroachdb_dialect.cpp#kDatatypeSurfaces:temporal,DOCUMENTATION_ONLY,inventory classification lead
project/src/parsers/compatibility/cockroachdb,datatype_surface:boolean_uuid,descriptor;surface=BOOL;BOOLEAN;UUID,project/src/parsers/compatibility/cockroachdb/cockroachdb_dialect.cpp#kDatatypeSurfaces:boolean_uuid,DOCUMENTATION_ONLY,inventory classification lead
project/src/parsers/compatibility/cockroachdb,datatype_surface:json,descriptor;surface=JSON;JSONB,project/src/parsers/compatibility/cockroachdb/cockroachdb_dialect.cpp#kDatatypeSurfaces:json,DOCUMENTATION_ONLY,inventory classification lead
project/src/parsers/compatibility/cockroachdb,datatype_surface:array,descriptor;surface=ARRAY;[],project/src/parsers/compatibility/cockroachdb/cockroachdb_dialect.cpp#kDatatypeSurfaces:array,DOCUMENTATION_ONLY,inventory classification lead
project/src/parsers/compatibility/cockroachdb,datatype_surface:spatial,parser_support_udr;surface=GEOMETRY;GEOGRAPHY,project/src/parsers/compatibility/cockroachdb/cockroachdb_dialect.cpp#kDatatypeSurfaces:spatial,IMPLEMENT_NONCLUSTER,inventory classification lead
project/src/parsers/compatibility/cockroachdb,datatype_surface:enum,catalog_policy;surface=ENUM,project/src/parsers/compatibility/cockroachdb/cockroachdb_dialect.cpp#kDatatypeSurfaces:enum,PARSER_REMAP_ONLY,inventory classification lead
project/src/parsers/compatibility/cockroachdb,datatype_surface:inet,descriptor;surface=INET,project/src/parsers/compatibility/cockroachdb/cockroachdb_dialect.cpp#kDatatypeSurfaces:inet,DOCUMENTATION_ONLY,inventory classification lead
project/src/parsers/compatibility/cockroachdb,datatype_surface:collated_string,catalog_policy;surface=COLLATE,project/src/parsers/compatibility/cockroachdb/cockroachdb_dialect.cpp#kDatatypeSurfaces:collated_string,PARSER_REMAP_ONLY,inventory classification lead
project/src/parsers/compatibility/cockroachdb,builtin_function_surface:aggregate,sblr;surface=COUNT;SUM;AVG;MIN;MAX;STRING_AGG,project/src/parsers/compatibility/cockroachdb/cockroachdb_dialect.cpp#kBuiltinSurfaces:aggregate,PARSER_REMAP_ONLY,inventory classification lead
project/src/parsers/compatibility/cockroachdb,builtin_function_surface:window,sblr;surface=ROW_NUMBER;RANK;DENSE_RANK;LAG;LEAD,project/src/parsers/compatibility/cockroachdb/cockroachdb_dialect.cpp#kBuiltinSurfaces:window,PARSER_REMAP_ONLY,inventory classification lead
project/src/parsers/compatibility/cockroachdb,builtin_function_surface:string,sblr;surface=LOWER;UPPER;SUBSTRING;TRIM;OVERLAY,project/src/parsers/compatibility/cockroachdb/cockroachdb_dialect.cpp#kBuiltinSurfaces:string,PARSER_REMAP_ONLY,inventory classification lead
project/src/parsers/compatibility/cockroachdb,builtin_function_surface:numeric,sblr;surface=ABS;ROUND;POWER;SQRT;MOD,project/src/parsers/compatibility/cockroachdb/cockroachdb_dialect.cpp#kBuiltinSurfaces:numeric,PARSER_REMAP_ONLY,inventory classification lead
project/src/parsers/compatibility/cockroachdb,builtin_function_surface:temporal,sblr;surface=NOW;CURRENT_TIMESTAMP;DATE_PART;DATE_TRUNC,project/src/parsers/compatibility/cockroachdb/cockroachdb_dialect.cpp#kBuiltinSurfaces:temporal,PARSER_REMAP_ONLY,inventory classification lead
project/src/parsers/compatibility/cockroachdb,builtin_function_surface:json,parser_support_udr;surface=JSONB_*;JSON_*,project/src/parsers/compatibility/cockroachdb/cockroachdb_dialect.cpp#kBuiltinSurfaces:json,IMPLEMENT_NONCLUSTER,inventory classification lead
project/src/parsers/compatibility/cockroachdb,builtin_function_surface:spatial,parser_support_udr;surface=ST_*,project/src/parsers/compatibility/cockroachdb/cockroachdb_dialect.cpp#kBuiltinSurfaces:spatial,IMPLEMENT_NONCLUSTER,inventory classification lead
project/src/parsers/compatibility/cockroachdb,builtin_function_surface:security,catalog_projection;surface=CURRENT_USER;SESSION_USER;CURRENT_ROLE,project/src/parsers/compatibility/cockroachdb/cockroachdb_dialect.cpp#kBuiltinSurfaces:security,PARSER_REMAP_ONLY,inventory classification lead
project/src/parsers/compatibility/cockroachdb,builtin_function_surface:catalog,catalog_projection;surface=CRDB_INTERNAL;VERSION,project/src/parsers/compatibility/cockroachdb/cockroachdb_dialect.cpp#kBuiltinSurfaces:catalog,PARSER_REMAP_ONLY,inventory classification lead
project/src/parsers/compatibility/cockroachdb,builtin_function_surface:uuid,parser_support_udr;surface=GEN_RANDOM_UUID;UUID_*,project/src/parsers/compatibility/cockroachdb/cockroachdb_dialect.cpp#kBuiltinSurfaces:uuid,IMPLEMENT_NONCLUSTER,inventory classification lead
project/src/parsers/compatibility/cockroachdb,catalog_overlay_surface:crdb_internal,catalog_projection;surface=CRDB_INTERNAL.,project/src/parsers/compatibility/cockroachdb/cockroachdb_dialect.cpp#kCatalogSurfaces:crdb_internal,PARSER_REMAP_ONLY,inventory classification lead
project/src/parsers/compatibility/cockroachdb,catalog_overlay_surface:information_schema,catalog_projection;surface=INFORMATION_SCHEMA.,project/src/parsers/compatibility/cockroachdb/cockroachdb_dialect.cpp#kCatalogSurfaces:information_schema,PARSER_REMAP_ONLY,inventory classification lead
project/src/parsers/compatibility/cockroachdb,catalog_overlay_surface:system,catalog_projection;surface=SYSTEM.,project/src/parsers/compatibility/cockroachdb/cockroachdb_dialect.cpp#kCatalogSurfaces:system,PARSER_REMAP_ONLY,inventory classification lead
project/src/parsers/compatibility/cockroachdb,catalog_overlay_surface:ranges,catalog_projection;surface=SHOW RANGES;RANGES,project/src/parsers/compatibility/cockroachdb/cockroachdb_dialect.cpp#kCatalogSurfaces:ranges,PARSER_REMAP_ONLY,inventory classification lead
project/src/parsers/compatibility/cockroachdb,catalog_overlay_surface:jobs,catalog_projection;surface=SHOW JOBS;SYSTEM.JOBS,project/src/parsers/compatibility/cockroachdb/cockroachdb_dialect.cpp#kCatalogSurfaces:jobs,PARSER_REMAP_ONLY,inventory classification lead
project/src/parsers/compatibility/cockroachdb,catalog_overlay_surface:cluster_settings,catalog_projection;surface=CLUSTER_SETTINGS;SHOW CLUSTER SETTING,project/src/parsers/compatibility/cockroachdb/cockroachdb_dialect.cpp#kCatalogSurfaces:cluster_settings,NORMALIZE_CLUSTER,inventory classification lead
project/src/parsers/compatibility/cockroachdb,catalog_overlay_surface:zone_configs,catalog_projection;surface=ZONE_CONFIGS;ALTER RANGE,project/src/parsers/compatibility/cockroachdb/cockroachdb_dialect.cpp#kCatalogSurfaces:zone_configs,PARSER_REMAP_ONLY,inventory classification lead
project/src/parsers/compatibility/cockroachdb,catalog_overlay_surface:statistics,catalog_projection;surface=TABLE_STATISTICS;CREATE STATISTICS,project/src/parsers/compatibility/cockroachdb/cockroachdb_dialect.cpp#kCatalogSurfaces:statistics,PARSER_REMAP_ONLY,inventory classification lead
project/src/parsers/compatibility/cockroachdb,catalog_overlay_surface:users_roles,catalog_projection;surface=USERS;ROLE_MEMBERS,project/src/parsers/compatibility/cockroachdb/cockroachdb_dialect.cpp#kCatalogSurfaces:users_roles,PARSER_REMAP_ONLY,inventory classification lead
project/src/parsers/compatibility/cockroachdb,catalog_overlay_surface:descriptors,catalog_projection;surface=DESCRIPTOR;NAMESPACE,project/src/parsers/compatibility/cockroachdb/cockroachdb_dialect.cpp#kCatalogSurfaces:descriptors,PARSER_REMAP_ONLY,inventory classification lead
project/src/parsers/compatibility/cockroachdb,diagnostic_surface:parse,parser;surface=COCKROACHDB.PARSE.INVALID_INPUT;COCKROACHDB.PARSE.UNSUPPORTED_SURFACE,project/src/parsers/compatibility/cockroachdb/cockroachdb_dialect.cpp#kDiagnosticSurfaces:parse,PARSER_REMAP_ONLY,inventory classification lead
project/src/parsers/compatibility/cockroachdb,diagnostic_surface:file,fail_closed;surface=COCKROACHDB.AUTHORITY.FILE_IO_DENIED,project/src/parsers/compatibility/cockroachdb/cockroachdb_dialect.cpp#kDiagnosticSurfaces:file,ARCHITECTURE_REFUSAL,inventory classification lead
project/src/parsers/compatibility/cockroachdb,diagnostic_surface:program,fail_closed;surface=COCKROACHDB.AUTHORITY.PROGRAM_DENIED,project/src/parsers/compatibility/cockroachdb/cockroachdb_dialect.cpp#kDiagnosticSurfaces:program,ARCHITECTURE_REFUSAL,inventory classification lead
project/src/parsers/compatibility/cockroachdb,diagnostic_surface:backup,fail_closed;surface=COCKROACHDB.AUTHORITY.BACKUP_DENIED,project/src/parsers/compatibility/cockroachdb/cockroachdb_dialect.cpp#kDiagnosticSurfaces:backup,ARCHITECTURE_REFUSAL,inventory classification lead
project/src/parsers/compatibility/cockroachdb,diagnostic_surface:restore,fail_closed;surface=COCKROACHDB.AUTHORITY.RESTORE_DENIED,project/src/parsers/compatibility/cockroachdb/cockroachdb_dialect.cpp#kDiagnosticSurfaces:restore,ARCHITECTURE_REFUSAL,inventory classification lead
project/src/parsers/compatibility/cockroachdb,diagnostic_surface:changefeed,parser_support_udr;surface=COCKROACHDB.EMULATION.CHANGEFEED_ROUTE,project/src/parsers/compatibility/cockroachdb/cockroachdb_dialect.cpp#kDiagnosticSurfaces:changefeed,NORMALIZE_CLUSTER,inventory classification lead
project/src/parsers/compatibility/cockroachdb,diagnostic_surface:zone,parser_support_udr;surface=COCKROACHDB.EMULATION.ZONE_ROUTE,project/src/parsers/compatibility/cockroachdb/cockroachdb_dialect.cpp#kDiagnosticSurfaces:zone,IMPLEMENT_NONCLUSTER,inventory classification lead
project/src/parsers/compatibility/cockroachdb,diagnostic_surface:cluster,parser_support_udr;surface=COCKROACHDB.EMULATION.CLUSTER_ROUTE,project/src/parsers/compatibility/cockroachdb/cockroachdb_dialect.cpp#kDiagnosticSurfaces:cluster,NORMALIZE_CLUSTER,inventory classification lead
project/src/parsers/compatibility/cockroachdb,diagnostic_surface:connector,parser_support_udr;surface=COCKROACHDB.EMULATION.CONNECTOR_ROUTE,project/src/parsers/compatibility/cockroachdb/cockroachdb_dialect.cpp#kDiagnosticSurfaces:connector,EXTERNAL_AUTHORITY,inventory classification lead
project/src/parsers/compatibility/cockroachdb,diagnostic_surface:security,parser_support_udr;surface=COCKROACHDB.EMULATION.SECURITY_ROUTE,project/src/parsers/compatibility/cockroachdb/cockroachdb_dialect.cpp#kDiagnosticSurfaces:security,IMPLEMENT_NONCLUSTER,inventory classification lead
project/src/parsers/compatibility/cockroachdb,diagnostic_surface:transaction,fail_closed;surface=COCKROACHDB.AUTHORITY.PREPARE_TRANSACTION_DENIED,project/src/parsers/compatibility/cockroachdb/cockroachdb_dialect.cpp#kDiagnosticSurfaces:transaction,ARCHITECTURE_REFUSAL,inventory classification lead
project/src/parsers/compatibility/cockroachdb,diagnostic_surface:unsupported,fail_closed;surface=COCKROACHDB.AUTHORITY.UNSUPPORTED_CLUSTER_SURFACE,project/src/parsers/compatibility/cockroachdb/cockroachdb_dialect.cpp#kDiagnosticSurfaces:unsupported,NORMALIZE_CLUSTER,inventory classification lead
project/src/parsers/compatibility/cockroachdb,source_marker:unsupported,source_marker_requires_review,project/src/parsers/compatibility/cockroachdb/cockroachdb_dialect.cpp#marker:unsupported,ARCHITECTURE_REFUSAL,inventory classification lead
project/src/parsers/compatibility/dolt,dolt.remote.push,kPolicyRefusal;match=PUSH;mapping=dolt.policy.remote.push;sblr=none;engine_api=none;diagnostic=DOLT.AUTHORITY.REMOTE_DENIED,project/src/parsers/compatibility/dolt/dolt_dialect.cpp#kPatterns:dolt.remote.push,ARCHITECTURE_REFUSAL,parser remap lead
project/src/parsers/compatibility/dolt,dolt.remote.pull,kPolicyRefusal;match=PULL;mapping=dolt.policy.remote.pull;sblr=none;engine_api=none;diagnostic=DOLT.AUTHORITY.REMOTE_DENIED,project/src/parsers/compatibility/dolt/dolt_dialect.cpp#kPatterns:dolt.remote.pull,ARCHITECTURE_REFUSAL,parser remap lead
project/src/parsers/compatibility/dolt,dolt.remote.fetch,kPolicyRefusal;match=FETCH;mapping=dolt.policy.remote.fetch;sblr=none;engine_api=none;diagnostic=DOLT.AUTHORITY.REMOTE_DENIED,project/src/parsers/compatibility/dolt/dolt_dialect.cpp#kPatterns:dolt.remote.fetch,ARCHITECTURE_REFUSAL,parser remap lead
project/src/parsers/compatibility/dolt,dolt.remote.clone,kPolicyRefusal;match=CLONE;mapping=dolt.policy.remote.clone;sblr=none;engine_api=none;diagnostic=DOLT.AUTHORITY.REMOTE_DENIED,project/src/parsers/compatibility/dolt/dolt_dialect.cpp#kPatterns:dolt.remote.clone,ARCHITECTURE_REFUSAL,parser remap lead
project/src/parsers/compatibility/dolt,dolt.remote.fetch_sql,kPolicyRefusal;match=DOLT_FETCH;mapping=dolt.policy.remote.fetch_sql;sblr=none;engine_api=none;diagnostic=DOLT.AUTHORITY.REMOTE_DENIED,project/src/parsers/compatibility/dolt/dolt_dialect.cpp#kPatterns:dolt.remote.fetch_sql,ARCHITECTURE_REFUSAL,parser remap lead
project/src/parsers/compatibility/dolt,dolt.remote.push_sql,kPolicyRefusal;match=DOLT_PUSH;mapping=dolt.policy.remote.push_sql;sblr=none;engine_api=none;diagnostic=DOLT.AUTHORITY.REMOTE_DENIED,project/src/parsers/compatibility/dolt/dolt_dialect.cpp#kPatterns:dolt.remote.push_sql,ARCHITECTURE_REFUSAL,parser remap lead
project/src/parsers/compatibility/dolt,dolt.remote.pull_sql,kPolicyRefusal;match=DOLT_PULL;mapping=dolt.policy.remote.pull_sql;sblr=none;engine_api=none;diagnostic=DOLT.AUTHORITY.REMOTE_DENIED,project/src/parsers/compatibility/dolt/dolt_dialect.cpp#kPatterns:dolt.remote.pull_sql,ARCHITECTURE_REFUSAL,parser remap lead
project/src/parsers/compatibility/dolt,dolt.version.commit,kParserSupportUdr;match=DOLT_COMMIT;mapping=dolt.udr.version.commit;sblr=SBLR_COMPAT_DOLT_VERSION_ROUTE;engine_api=ParserSupportDoltVersionRoute;diagnostic=DOLT.EMULATION.VERSION_ROUTE,project/src/parsers/compatibility/dolt/dolt_dialect.cpp#kPatterns:dolt.version.commit,IMPLEMENT_NONCLUSTER,parser remap lead
project/src/parsers/compatibility/dolt,dolt.version.branch,kParserSupportUdr;match=DOLT_BRANCH;mapping=dolt.udr.version.branch;sblr=SBLR_COMPAT_DOLT_BRANCH_ROUTE;engine_api=ParserSupportDoltBranchRoute;diagnostic=DOLT.EMULATION.BRANCH_ROUTE,project/src/parsers/compatibility/dolt/dolt_dialect.cpp#kPatterns:dolt.version.branch,IMPLEMENT_NONCLUSTER,parser remap lead
project/src/parsers/compatibility/dolt,dolt.version.checkout,kParserSupportUdr;match=DOLT_CHECKOUT;mapping=dolt.udr.version.checkout;sblr=SBLR_COMPAT_DOLT_BRANCH_ROUTE;engine_api=ParserSupportDoltBranchRoute;diagnostic=DOLT.EMULATION.BRANCH_ROUTE,project/src/parsers/compatibility/dolt/dolt_dialect.cpp#kPatterns:dolt.version.checkout,IMPLEMENT_NONCLUSTER,parser remap lead
project/src/parsers/compatibility/dolt,dolt.version.merge,kParserSupportUdr;match=DOLT_MERGE;mapping=dolt.udr.version.merge;sblr=SBLR_COMPAT_DOLT_MERGE_ROUTE;engine_api=ParserSupportDoltMergeRoute;diagnostic=DOLT.EMULATION.MERGE_ROUTE,project/src/parsers/compatibility/dolt/dolt_dialect.cpp#kPatterns:dolt.version.merge,IMPLEMENT_NONCLUSTER,parser remap lead
project/src/parsers/compatibility/dolt,dolt.version.stash,kParserSupportUdr;match=DOLT_STASH;mapping=dolt.udr.version.stash;sblr=SBLR_COMPAT_DOLT_VERSION_ROUTE;engine_api=ParserSupportDoltVersionRoute;diagnostic=DOLT.EMULATION.VERSION_ROUTE,project/src/parsers/compatibility/dolt/dolt_dialect.cpp#kPatterns:dolt.version.stash,IMPLEMENT_NONCLUSTER,parser remap lead
project/src/parsers/compatibility/dolt,dolt.version.diff,kCatalogProjection;match=relation:DOLT_DIFF;mapping=dolt.catalog.diff;sblr=SBLR_COMPAT_DOLT_DIFF_ROUTE;engine_api=EngineCatalogProjection;diagnostic=none,project/src/parsers/compatibility/dolt/dolt_dialect.cpp#kPatterns:dolt.version.diff,PARSER_REMAP_ONLY,parser remap lead
project/src/parsers/compatibility/dolt,dolt.version.log,kCatalogProjection;match=relation:DOLT_LOG;mapping=dolt.catalog.log;sblr=SBLR_COMPAT_DOLT_CATALOG_PROJECT;engine_api=EngineCatalogProjection;diagnostic=none,project/src/parsers/compatibility/dolt/dolt_dialect.cpp#kPatterns:dolt.version.log,PARSER_REMAP_ONLY,parser remap lead
project/src/parsers/compatibility/dolt,dolt.version.status,kCatalogProjection;match=relation:DOLT_STATUS;mapping=dolt.catalog.status;sblr=SBLR_COMPAT_DOLT_CATALOG_PROJECT;engine_api=EngineCatalogProjection;diagnostic=none,project/src/parsers/compatibility/dolt/dolt_dialect.cpp#kPatterns:dolt.version.status,PARSER_REMAP_ONLY,parser remap lead
project/src/parsers/compatibility/dolt,dolt.version.branches,kCatalogProjection;match=relation:DOLT_BRANCHES;mapping=dolt.catalog.branches;sblr=SBLR_COMPAT_DOLT_CATALOG_PROJECT;engine_api=EngineCatalogProjection;diagnostic=none,project/src/parsers/compatibility/dolt/dolt_dialect.cpp#kPatterns:dolt.version.branches,PARSER_REMAP_ONLY,parser remap lead
project/src/parsers/compatibility/dolt,dolt.catalog.show,kCatalogProjection;match=SHOW;mapping=dolt.catalog.show;sblr=SBLR_COMPAT_DOLT_CATALOG_PROJECT;engine_api=EngineCatalogProjection;diagnostic=none,project/src/parsers/compatibility/dolt/dolt_dialect.cpp#kPatterns:dolt.catalog.show,PARSER_REMAP_ONLY,parser remap lead
project/src/parsers/compatibility/dolt,dolt.catalog.describe,kCatalogProjection;match=DESCRIBE;mapping=dolt.catalog.describe;sblr=SBLR_COMPAT_DOLT_CATALOG_PROJECT;engine_api=EngineCatalogProjection;diagnostic=none,project/src/parsers/compatibility/dolt/dolt_dialect.cpp#kPatterns:dolt.catalog.describe,PARSER_REMAP_ONLY,parser remap lead
project/src/parsers/compatibility/dolt,dolt.lifecycle.create_database,kScratchBirdLifecycleApi;match=CREATE DATABASE;mapping=dolt.lifecycle.create_database;sblr=SBLR_LIFECYCLE_CREATE_DATABASE;engine_api=EngineCreateLifecycle;diagnostic=none,project/src/parsers/compatibility/dolt/dolt_dialect.cpp#kPatterns:dolt.lifecycle.create_database,PARSER_REMAP_ONLY,parser remap lead
project/src/parsers/compatibility/dolt,dolt.lifecycle.drop_database,kScratchBirdLifecycleApi;match=DROP DATABASE;mapping=dolt.lifecycle.drop_database;sblr=SBLR_LIFECYCLE_DROP_DATABASE;engine_api=EngineDropLifecycle;diagnostic=none,project/src/parsers/compatibility/dolt/dolt_dialect.cpp#kPatterns:dolt.lifecycle.drop_database,PARSER_REMAP_ONLY,parser remap lead
project/src/parsers/compatibility/dolt,dolt.security.create_user,kParserSupportUdr;match=CREATE USER;mapping=dolt.udr.security.create_user;sblr=SBLR_COMPAT_DOLT_SECURITY_ROUTE;engine_api=ParserSupportSecurityRoute;diagnostic=DOLT.EMULATION.SECURITY_ROUTE,project/src/parsers/compatibility/dolt/dolt_dialect.cpp#kPatterns:dolt.security.create_user,IMPLEMENT_NONCLUSTER,parser remap lead
project/src/parsers/compatibility/dolt,dolt.security.grant,kParserSupportUdr;match=GRANT;mapping=dolt.udr.security.grant;sblr=SBLR_COMPAT_DOLT_SECURITY_ROUTE;engine_api=ParserSupportSecurityRoute;diagnostic=DOLT.EMULATION.SECURITY_ROUTE,project/src/parsers/compatibility/dolt/dolt_dialect.cpp#kPatterns:dolt.security.grant,IMPLEMENT_NONCLUSTER,parser remap lead
project/src/parsers/compatibility/dolt,dolt.security.revoke,kParserSupportUdr;match=REVOKE;mapping=dolt.udr.security.revoke;sblr=SBLR_COMPAT_DOLT_SECURITY_ROUTE;engine_api=ParserSupportSecurityRoute;diagnostic=DOLT.EMULATION.SECURITY_ROUTE,project/src/parsers/compatibility/dolt/dolt_dialect.cpp#kPatterns:dolt.security.revoke,IMPLEMENT_NONCLUSTER,parser remap lead
project/src/parsers/compatibility/dolt,dolt.session.set,kAdmittedSblr;match=SET;mapping=dolt.session.set;sblr=SBLR_COMPAT_DOLT_SET;engine_api=EngineSessionSet;diagnostic=none,project/src/parsers/compatibility/dolt/dolt_dialect.cpp#kPatterns:dolt.session.set,PARSER_REMAP_ONLY,parser remap lead
project/src/parsers/compatibility/dolt,dolt.session.use_database,kAdmittedSblr;match=USE;mapping=dolt.session.use_database;sblr=SBLR_COMPAT_DOLT_USE_DATABASE;engine_api=EngineSessionRoute;diagnostic=none,project/src/parsers/compatibility/dolt/dolt_dialect.cpp#kPatterns:dolt.session.use_database,PARSER_REMAP_ONLY,parser remap lead
project/src/parsers/compatibility/dolt,dolt.ddl.create,kAdmittedSblr;match=CREATE;mapping=dolt.ddl.create;sblr=SBLR_COMPAT_DOLT_DDL_CREATE;engine_api=EngineDdlCreate;diagnostic=none,project/src/parsers/compatibility/dolt/dolt_dialect.cpp#kPatterns:dolt.ddl.create,PARSER_REMAP_ONLY,parser remap lead
project/src/parsers/compatibility/dolt,dolt.ddl.alter,kAdmittedSblr;match=ALTER;mapping=dolt.ddl.alter;sblr=SBLR_COMPAT_DOLT_DDL_ALTER;engine_api=EngineDdlAlter;diagnostic=none,project/src/parsers/compatibility/dolt/dolt_dialect.cpp#kPatterns:dolt.ddl.alter,PARSER_REMAP_ONLY,parser remap lead
project/src/parsers/compatibility/dolt,dolt.ddl.drop,kAdmittedSblr;match=DROP;mapping=dolt.ddl.drop;sblr=SBLR_COMPAT_DOLT_DDL_DROP;engine_api=EngineDdlDrop;diagnostic=none,project/src/parsers/compatibility/dolt/dolt_dialect.cpp#kPatterns:dolt.ddl.drop,PARSER_REMAP_ONLY,parser remap lead
project/src/parsers/compatibility/dolt,dolt.dml.insert,kAdmittedSblr;match=INSERT;mapping=dolt.dml.insert;sblr=SBLR_COMPAT_DOLT_INSERT;engine_api=EngineDmlInsert;diagnostic=none,project/src/parsers/compatibility/dolt/dolt_dialect.cpp#kPatterns:dolt.dml.insert,PARSER_REMAP_ONLY,parser remap lead
project/src/parsers/compatibility/dolt,dolt.dml.update,kAdmittedSblr;match=UPDATE;mapping=dolt.dml.update;sblr=SBLR_COMPAT_DOLT_UPDATE;engine_api=EngineDmlUpdate;diagnostic=none,project/src/parsers/compatibility/dolt/dolt_dialect.cpp#kPatterns:dolt.dml.update,PARSER_REMAP_ONLY,parser remap lead
project/src/parsers/compatibility/dolt,dolt.dml.delete,kAdmittedSblr;match=DELETE;mapping=dolt.dml.delete;sblr=SBLR_COMPAT_DOLT_DELETE;engine_api=EngineDmlDelete;diagnostic=none,project/src/parsers/compatibility/dolt/dolt_dialect.cpp#kPatterns:dolt.dml.delete,PARSER_REMAP_ONLY,parser remap lead
project/src/parsers/compatibility/dolt,dolt.query.select,kAdmittedSblr;match=SELECT;mapping=dolt.query.select;sblr=SBLR_COMPAT_DOLT_SELECT;engine_api=EngineQuerySelect;diagnostic=none,project/src/parsers/compatibility/dolt/dolt_dialect.cpp#kPatterns:dolt.query.select,PARSER_REMAP_ONLY,parser remap lead
project/src/parsers/compatibility/dolt,dolt.query.with,kAdmittedSblr;match=WITH;mapping=dolt.query.with;sblr=SBLR_COMPAT_DOLT_SELECT;engine_api=EngineQuerySelect;diagnostic=none,project/src/parsers/compatibility/dolt/dolt_dialect.cpp#kPatterns:dolt.query.with,PARSER_REMAP_ONLY,parser remap lead
project/src/parsers/compatibility/dolt,dolt.transaction.start,kAdmittedSblr;match=START TRANSACTION;mapping=dolt.transaction.start;sblr=SBLR_TRANSACTION_BEGIN;engine_api=EngineBeginTransaction;diagnostic=none,project/src/parsers/compatibility/dolt/dolt_dialect.cpp#kPatterns:dolt.transaction.start,PARSER_REMAP_ONLY,parser remap lead
project/src/parsers/compatibility/dolt,dolt.transaction.commit,kAdmittedSblr;match=COMMIT;mapping=dolt.transaction.commit;sblr=SBLR_TRANSACTION_COMMIT;engine_api=EngineCommitTransaction;diagnostic=none,project/src/parsers/compatibility/dolt/dolt_dialect.cpp#kPatterns:dolt.transaction.commit,PARSER_REMAP_ONLY,parser remap lead
project/src/parsers/compatibility/dolt,dolt.transaction.rollback,kAdmittedSblr;match=ROLLBACK;mapping=dolt.transaction.rollback;sblr=SBLR_TRANSACTION_ROLLBACK;engine_api=EngineRollbackTransaction;diagnostic=none,project/src/parsers/compatibility/dolt/dolt_dialect.cpp#kPatterns:dolt.transaction.rollback,PARSER_REMAP_ONLY,parser remap lead
project/src/parsers/compatibility/dolt,datatype_surface:numeric,descriptor;surface=TINYINT;SMALLINT;INT;BIGINT;DECIMAL;FLOAT;DOUBLE,project/src/parsers/compatibility/dolt/dolt_dialect.cpp#kDatatypeSurfaces:numeric,DOCUMENTATION_ONLY,inventory classification lead
project/src/parsers/compatibility/dolt,datatype_surface:text,descriptor;surface=CHAR;VARCHAR;TEXT;LONGTEXT,project/src/parsers/compatibility/dolt/dolt_dialect.cpp#kDatatypeSurfaces:text,DOCUMENTATION_ONLY,inventory classification lead
project/src/parsers/compatibility/dolt,datatype_surface:binary,descriptor;surface=BINARY;VARBINARY;BLOB,project/src/parsers/compatibility/dolt/dolt_dialect.cpp#kDatatypeSurfaces:binary,DOCUMENTATION_ONLY,inventory classification lead
project/src/parsers/compatibility/dolt,datatype_surface:temporal,descriptor;surface=DATE;TIME;DATETIME;TIMESTAMP;YEAR,project/src/parsers/compatibility/dolt/dolt_dialect.cpp#kDatatypeSurfaces:temporal,DOCUMENTATION_ONLY,inventory classification lead
project/src/parsers/compatibility/dolt,datatype_surface:boolean,descriptor_alias;surface=BOOL;BOOLEAN,project/src/parsers/compatibility/dolt/dolt_dialect.cpp#kDatatypeSurfaces:boolean,DOCUMENTATION_ONLY,inventory classification lead
project/src/parsers/compatibility/dolt,datatype_surface:json,descriptor;surface=JSON,project/src/parsers/compatibility/dolt/dolt_dialect.cpp#kDatatypeSurfaces:json,DOCUMENTATION_ONLY,inventory classification lead
project/src/parsers/compatibility/dolt,datatype_surface:enum_set,parser_support_udr;surface=ENUM;SET,project/src/parsers/compatibility/dolt/dolt_dialect.cpp#kDatatypeSurfaces:enum_set,IMPLEMENT_NONCLUSTER,inventory classification lead
project/src/parsers/compatibility/dolt,datatype_surface:spatial,parser_support_udr;surface=GEOMETRY;POINT;LINESTRING;POLYGON,project/src/parsers/compatibility/dolt/dolt_dialect.cpp#kDatatypeSurfaces:spatial,IMPLEMENT_NONCLUSTER,inventory classification lead
project/src/parsers/compatibility/dolt,datatype_surface:version_hash,catalog_policy;surface=HASHOF;DOLT_HASHOF;COMMIT_HASH,project/src/parsers/compatibility/dolt/dolt_dialect.cpp#kDatatypeSurfaces:version_hash,PARSER_REMAP_ONLY,inventory classification lead
project/src/parsers/compatibility/dolt,datatype_surface:revision_selector,catalog_policy;surface=AS OF;DOLT_REF;DOLT_REV,project/src/parsers/compatibility/dolt/dolt_dialect.cpp#kDatatypeSurfaces:revision_selector,PARSER_REMAP_ONLY,inventory classification lead
project/src/parsers/compatibility/dolt,builtin_function_surface:aggregate,sblr;surface=COUNT;SUM;AVG;MIN;MAX;GROUP_CONCAT,project/src/parsers/compatibility/dolt/dolt_dialect.cpp#kBuiltinSurfaces:aggregate,PARSER_REMAP_ONLY,inventory classification lead
project/src/parsers/compatibility/dolt,builtin_function_surface:string,sblr;surface=CONCAT;SUBSTRING;LOWER;UPPER;TRIM,project/src/parsers/compatibility/dolt/dolt_dialect.cpp#kBuiltinSurfaces:string,PARSER_REMAP_ONLY,inventory classification lead
project/src/parsers/compatibility/dolt,builtin_function_surface:json,sblr;surface=JSON_EXTRACT;JSON_OBJECT;JSON_ARRAY,project/src/parsers/compatibility/dolt/dolt_dialect.cpp#kBuiltinSurfaces:json,PARSER_REMAP_ONLY,inventory classification lead
project/src/parsers/compatibility/dolt,builtin_function_surface:version_control,parser_support_udr;surface=DOLT_COMMIT;DOLT_BRANCH;DOLT_CHECKOUT;DOLT_MERGE;DOLT_STASH,project/src/parsers/compatibility/dolt/dolt_dialect.cpp#kBuiltinSurfaces:version_control,IMPLEMENT_NONCLUSTER,inventory classification lead
project/src/parsers/compatibility/dolt,builtin_function_surface:diff,catalog_projection;surface=DOLT_DIFF;DOLT_COMMIT_DIFF;DOLT_PATCH,project/src/parsers/compatibility/dolt/dolt_dialect.cpp#kBuiltinSurfaces:diff,PARSER_REMAP_ONLY,inventory classification lead
project/src/parsers/compatibility/dolt,builtin_function_surface:history,catalog_projection;surface=DOLT_LOG;DOLT_STATUS;DOLT_HASHOF,project/src/parsers/compatibility/dolt/dolt_dialect.cpp#kBuiltinSurfaces:history,PARSER_REMAP_ONLY,inventory classification lead
project/src/parsers/compatibility/dolt,builtin_function_surface:remote,fail_closed;surface=DOLT_FETCH;DOLT_PUSH;DOLT_PULL,project/src/parsers/compatibility/dolt/dolt_dialect.cpp#kBuiltinSurfaces:remote,ARCHITECTURE_REFUSAL,inventory classification lead
project/src/parsers/compatibility/dolt,builtin_function_surface:security,parser_support_udr;surface=USER;ROLE;GRANT;REVOKE,project/src/parsers/compatibility/dolt/dolt_dialect.cpp#kBuiltinSurfaces:security,IMPLEMENT_NONCLUSTER,inventory classification lead
project/src/parsers/compatibility/dolt,builtin_function_surface:session,sblr;surface=USE;SET,project/src/parsers/compatibility/dolt/dolt_dialect.cpp#kBuiltinSurfaces:session,PARSER_REMAP_ONLY,inventory classification lead
project/src/parsers/compatibility/dolt,catalog_overlay_surface:branches,catalog_projection;surface=DOLT_BRANCHES,project/src/parsers/compatibility/dolt/dolt_dialect.cpp#kCatalogSurfaces:branches,PARSER_REMAP_ONLY,inventory classification lead
project/src/parsers/compatibility/dolt,catalog_overlay_surface:commits,catalog_projection;surface=DOLT_LOG;DOLT_COMMITS,project/src/parsers/compatibility/dolt/dolt_dialect.cpp#kCatalogSurfaces:commits,PARSER_REMAP_ONLY,inventory classification lead
project/src/parsers/compatibility/dolt,catalog_overlay_surface:status,catalog_projection;surface=DOLT_STATUS,project/src/parsers/compatibility/dolt/dolt_dialect.cpp#kCatalogSurfaces:status,PARSER_REMAP_ONLY,inventory classification lead
project/src/parsers/compatibility/dolt,catalog_overlay_surface:diff,catalog_projection;surface=DOLT_DIFF;DOLT_COMMIT_DIFF,project/src/parsers/compatibility/dolt/dolt_dialect.cpp#kCatalogSurfaces:diff,PARSER_REMAP_ONLY,inventory classification lead
project/src/parsers/compatibility/dolt,catalog_overlay_surface:conflicts,catalog_projection;surface=DOLT_CONFLICTS;DOLT_CONSTRAINT_VIOLATIONS,project/src/parsers/compatibility/dolt/dolt_dialect.cpp#kCatalogSurfaces:conflicts,PARSER_REMAP_ONLY,inventory classification lead
project/src/parsers/compatibility/dolt,catalog_overlay_surface:schemas,catalog_projection;surface=DOLT_SCHEMAS,project/src/parsers/compatibility/dolt/dolt_dialect.cpp#kCatalogSurfaces:schemas,PARSER_REMAP_ONLY,inventory classification lead
project/src/parsers/compatibility/dolt,catalog_overlay_surface:docs,catalog_projection;surface=DOLT_DOCS,project/src/parsers/compatibility/dolt/dolt_dialect.cpp#kCatalogSurfaces:docs,PARSER_REMAP_ONLY,inventory classification lead
project/src/parsers/compatibility/dolt,catalog_overlay_surface:remotes,catalog_projection;surface=DOLT_REMOTES,project/src/parsers/compatibility/dolt/dolt_dialect.cpp#kCatalogSurfaces:remotes,PARSER_REMAP_ONLY,inventory classification lead
project/src/parsers/compatibility/dolt,catalog_overlay_surface:tags,catalog_projection;surface=DOLT_TAGS,project/src/parsers/compatibility/dolt/dolt_dialect.cpp#kCatalogSurfaces:tags,PARSER_REMAP_ONLY,inventory classification lead
project/src/parsers/compatibility/dolt,catalog_overlay_surface:procedures,catalog_projection;surface=DOLT_PROCEDURES,project/src/parsers/compatibility/dolt/dolt_dialect.cpp#kCatalogSurfaces:procedures,PARSER_REMAP_ONLY,inventory classification lead
project/src/parsers/compatibility/dolt,diagnostic_surface:parse,parser;surface=DOLT.PARSE.INVALID_INPUT;DOLT.PARSE.UNSUPPORTED_SURFACE,project/src/parsers/compatibility/dolt/dolt_dialect.cpp#kDiagnosticSurfaces:parse,PARSER_REMAP_ONLY,inventory classification lead
project/src/parsers/compatibility/dolt,diagnostic_surface:policy,fail_closed;surface=DOLT.AUTHORITY.*,project/src/parsers/compatibility/dolt/dolt_dialect.cpp#kDiagnosticSurfaces:policy,ARCHITECTURE_REFUSAL,inventory classification lead
project/src/parsers/compatibility/dolt,diagnostic_surface:udr,parser_support_udr;surface=DOLT.EMULATION.*,project/src/parsers/compatibility/dolt/dolt_dialect.cpp#kDiagnosticSurfaces:udr,IMPLEMENT_NONCLUSTER,inventory classification lead
project/src/parsers/compatibility/dolt,diagnostic_surface:catalog,catalog_projection;surface=DOLT.CATALOG_OVERLAY.READ_ONLY,project/src/parsers/compatibility/dolt/dolt_dialect.cpp#kDiagnosticSurfaces:catalog,PARSER_REMAP_ONLY,inventory classification lead
project/src/parsers/compatibility/dolt,diagnostic_surface:session,sblr;surface=DOLT.SESSION.*,project/src/parsers/compatibility/dolt/dolt_dialect.cpp#kDiagnosticSurfaces:session,PARSER_REMAP_ONLY,inventory classification lead
project/src/parsers/compatibility/dolt,diagnostic_surface:transaction,sblr;surface=DOLT.TRANSACTION.*,project/src/parsers/compatibility/dolt/dolt_dialect.cpp#kDiagnosticSurfaces:transaction,PARSER_REMAP_ONLY,inventory classification lead
project/src/parsers/compatibility/dolt,diagnostic_surface:file_effects,authority_invariant;surface=real_compatibility_file_effects=false,project/src/parsers/compatibility/dolt/dolt_dialect.cpp#kDiagnosticSurfaces:file_effects,DOCUMENTATION_ONLY,inventory classification lead
project/src/parsers/compatibility/dolt,diagnostic_surface:compatibility_execution,authority_invariant;surface=compatibility_engine_sql_executed=false,project/src/parsers/compatibility/dolt/dolt_dialect.cpp#kDiagnosticSurfaces:compatibility_execution,DOCUMENTATION_ONLY,inventory classification lead
project/src/parsers/compatibility/dolt,diagnostic_surface:mga,authority_invariant;surface=parser_transaction_finality_authority=false,project/src/parsers/compatibility/dolt/dolt_dialect.cpp#kDiagnosticSurfaces:mga,DOCUMENTATION_ONLY,inventory classification lead
project/src/parsers/compatibility/dolt,diagnostic_surface:support_bundle,diagnostic_redaction;surface=source_text_redacted=true,project/src/parsers/compatibility/dolt/dolt_dialect.cpp#kDiagnosticSurfaces:support_bundle,DOCUMENTATION_ONLY,inventory classification lead
project/src/parsers/compatibility/dolt,source_marker:unsupported,source_marker_requires_review,project/src/parsers/compatibility/dolt/dolt_dialect.cpp#marker:unsupported,ARCHITECTURE_REFUSAL,inventory classification lead
project/src/parsers/compatibility/duckdb,duckdb.bulk_io.file_from,kPolicyRefusal;match= FROM ';mapping=duckdb.policy.file.copy_from;sblr=none;engine_api=none;diagnostic=DUCKDB.AUTHORITY.FILE_IO_DENIED,project/src/parsers/compatibility/duckdb/duckdb_dialect.cpp#kPatterns:duckdb.bulk_io.file_from,EXTERNAL_AUTHORITY,parser remap lead
project/src/parsers/compatibility/duckdb,duckdb.bulk_io.file_to,kPolicyRefusal;match=COPY|| TO ';mapping=duckdb.policy.file.copy_to;sblr=none;engine_api=none;diagnostic=DUCKDB.AUTHORITY.FILE_IO_DENIED,project/src/parsers/compatibility/duckdb/duckdb_dialect.cpp#kPatterns:duckdb.bulk_io.file_to,EXTERNAL_AUTHORITY,parser remap lead
project/src/parsers/compatibility/duckdb,duckdb.external_scan.read_csv,kPolicyRefusal;match=READ_CSV;mapping=duckdb.policy.file.read_csv;sblr=none;engine_api=none;diagnostic=DUCKDB.AUTHORITY.FILE_IO_DENIED,project/src/parsers/compatibility/duckdb/duckdb_dialect.cpp#kPatterns:duckdb.external_scan.read_csv,EXTERNAL_AUTHORITY,parser remap lead
project/src/parsers/compatibility/duckdb,duckdb.external_scan.read_parquet,kPolicyRefusal;match=READ_PARQUET;mapping=duckdb.policy.file.read_parquet;sblr=none;engine_api=none;diagnostic=DUCKDB.AUTHORITY.FILE_IO_DENIED,project/src/parsers/compatibility/duckdb/duckdb_dialect.cpp#kPatterns:duckdb.external_scan.read_parquet,EXTERNAL_AUTHORITY,parser remap lead
project/src/parsers/compatibility/duckdb,duckdb.external_scan.read_json,kPolicyRefusal;match=READ_JSON;mapping=duckdb.policy.file.read_json;sblr=none;engine_api=none;diagnostic=DUCKDB.AUTHORITY.FILE_IO_DENIED,project/src/parsers/compatibility/duckdb/duckdb_dialect.cpp#kPatterns:duckdb.external_scan.read_json,EXTERNAL_AUTHORITY,parser remap lead
project/src/parsers/compatibility/duckdb,duckdb.external_scan.http,kParserSupportUdr;match=HTTP://||HTTPS://;mapping=duckdb.udr.etl.http;sblr=SBLR_COMPAT_DUCKDB_ETL_ROUTE;engine_api=ParserSupportEtlRoute;diagnostic=DUCKDB.EMULATION.ETL_ROUTE,project/src/parsers/compatibility/duckdb/duckdb_dialect.cpp#kPatterns:duckdb.external_scan.http,EXTERNAL_AUTHORITY,parser remap lead
project/src/parsers/compatibility/duckdb,duckdb.external_scan.s3,kParserSupportUdr;match=S3://;mapping=duckdb.udr.etl.s3;sblr=SBLR_COMPAT_DUCKDB_ETL_ROUTE;engine_api=ParserSupportEtlRoute;diagnostic=DUCKDB.EMULATION.ETL_ROUTE,project/src/parsers/compatibility/duckdb/duckdb_dialect.cpp#kPatterns:duckdb.external_scan.s3,EXTERNAL_AUTHORITY,parser remap lead
project/src/parsers/compatibility/duckdb,duckdb.bulk_io.copy,kParserSupportUdr;match=COPY;mapping=duckdb.udr.copy;sblr=SBLR_COMPAT_DUCKDB_COPY_ROUTE;engine_api=ParserSupportCopyRoute;diagnostic=DUCKDB.EMULATION.COPY_ROUTE,project/src/parsers/compatibility/duckdb/duckdb_dialect.cpp#kPatterns:duckdb.bulk_io.copy,IMPLEMENT_NONCLUSTER,parser remap lead
project/src/parsers/compatibility/duckdb,duckdb.extension.install,kPolicyRefusal;match=INSTALL;mapping=duckdb.policy.extension.install;sblr=none;engine_api=none;diagnostic=DUCKDB.AUTHORITY.EXTENSION_DENIED,project/src/parsers/compatibility/duckdb/duckdb_dialect.cpp#kPatterns:duckdb.extension.install,ARCHITECTURE_REFUSAL,parser remap lead
project/src/parsers/compatibility/duckdb,duckdb.extension.load,kPolicyRefusal;match=LOAD;mapping=duckdb.policy.extension.load;sblr=none;engine_api=none;diagnostic=DUCKDB.AUTHORITY.EXTENSION_DENIED,project/src/parsers/compatibility/duckdb/duckdb_dialect.cpp#kPatterns:duckdb.extension.load,ARCHITECTURE_REFUSAL,parser remap lead
project/src/parsers/compatibility/duckdb,duckdb.bulk_io.export_database,kPolicyRefusal;match=EXPORT DATABASE;mapping=duckdb.policy.file.export_database;sblr=none;engine_api=none;diagnostic=DUCKDB.AUTHORITY.FILE_IO_DENIED,project/src/parsers/compatibility/duckdb/duckdb_dialect.cpp#kPatterns:duckdb.bulk_io.export_database,EXTERNAL_AUTHORITY,parser remap lead
project/src/parsers/compatibility/duckdb,duckdb.bulk_io.import_database,kPolicyRefusal;match=IMPORT DATABASE;mapping=duckdb.policy.file.import_database;sblr=none;engine_api=none;diagnostic=DUCKDB.AUTHORITY.FILE_IO_DENIED,project/src/parsers/compatibility/duckdb/duckdb_dialect.cpp#kPatterns:duckdb.bulk_io.import_database,EXTERNAL_AUTHORITY,parser remap lead
project/src/parsers/compatibility/duckdb,duckdb.lifecycle.attach,kPolicyRefusal;match=ATTACH;mapping=duckdb.policy.file.attach;sblr=none;engine_api=none;diagnostic=DUCKDB.AUTHORITY.FILE_IO_DENIED,project/src/parsers/compatibility/duckdb/duckdb_dialect.cpp#kPatterns:duckdb.lifecycle.attach,EXTERNAL_AUTHORITY,parser remap lead
project/src/parsers/compatibility/duckdb,duckdb.lifecycle.detach,kPolicyRefusal;match=DETACH;mapping=duckdb.policy.file.detach;sblr=none;engine_api=none;diagnostic=DUCKDB.AUTHORITY.FILE_IO_DENIED,project/src/parsers/compatibility/duckdb/duckdb_dialect.cpp#kPatterns:duckdb.lifecycle.detach,EXTERNAL_AUTHORITY,parser remap lead
project/src/parsers/compatibility/duckdb,duckdb.storage.checkpoint,kPolicyRefusal;match=CHECKPOINT;mapping=duckdb.policy.checkpoint;sblr=none;engine_api=none;diagnostic=DUCKDB.AUTHORITY.CHECKPOINT_DENIED,project/src/parsers/compatibility/duckdb/duckdb_dialect.cpp#kPatterns:duckdb.storage.checkpoint,ARCHITECTURE_REFUSAL,parser remap lead
project/src/parsers/compatibility/duckdb,duckdb.security.create_secret,kParserSupportUdr;match=CREATE SECRET;mapping=duckdb.udr.security.create_secret;sblr=SBLR_COMPAT_DUCKDB_SECURITY_ROUTE;engine_api=ParserSupportSecurityRoute;diagnostic=DUCKDB.EMULATION.SECURITY_ROUTE,project/src/parsers/compatibility/duckdb/duckdb_dialect.cpp#kPatterns:duckdb.security.create_secret,IMPLEMENT_NONCLUSTER,parser remap lead
project/src/parsers/compatibility/duckdb,duckdb.security.alter_secret,kParserSupportUdr;match=ALTER SECRET;mapping=duckdb.udr.security.alter_secret;sblr=SBLR_COMPAT_DUCKDB_SECURITY_ROUTE;engine_api=ParserSupportSecurityRoute;diagnostic=DUCKDB.EMULATION.SECURITY_ROUTE,project/src/parsers/compatibility/duckdb/duckdb_dialect.cpp#kPatterns:duckdb.security.alter_secret,IMPLEMENT_NONCLUSTER,parser remap lead
project/src/parsers/compatibility/duckdb,duckdb.security.drop_secret,kParserSupportUdr;match=DROP SECRET;mapping=duckdb.udr.security.drop_secret;sblr=SBLR_COMPAT_DUCKDB_SECURITY_ROUTE;engine_api=ParserSupportSecurityRoute;diagnostic=DUCKDB.EMULATION.SECURITY_ROUTE,project/src/parsers/compatibility/duckdb/duckdb_dialect.cpp#kPatterns:duckdb.security.drop_secret,IMPLEMENT_NONCLUSTER,parser remap lead
project/src/parsers/compatibility/duckdb,duckdb.routine.create_macro,kParserSupportUdr;match=CREATE MACRO;mapping=duckdb.udr.routine.create_macro;sblr=SBLR_COMPAT_DUCKDB_ROUTINE_ROUTE;engine_api=ParserSupportRoutineRoute;diagnostic=DUCKDB.EMULATION.ROUTINE_ROUTE,project/src/parsers/compatibility/duckdb/duckdb_dialect.cpp#kPatterns:duckdb.routine.create_macro,IMPLEMENT_NONCLUSTER,parser remap lead
project/src/parsers/compatibility/duckdb,duckdb.routine.create_function,kParserSupportUdr;match=CREATE FUNCTION;mapping=duckdb.udr.routine.create_function;sblr=SBLR_COMPAT_DUCKDB_ROUTINE_ROUTE;engine_api=ParserSupportRoutineRoute;diagnostic=DUCKDB.EMULATION.ROUTINE_ROUTE,project/src/parsers/compatibility/duckdb/duckdb_dialect.cpp#kPatterns:duckdb.routine.create_function,IMPLEMENT_NONCLUSTER,parser remap lead
project/src/parsers/compatibility/duckdb,duckdb.routine.call,kParserSupportUdr;match=CALL;mapping=duckdb.udr.routine.call;sblr=SBLR_COMPAT_DUCKDB_ROUTINE_CALL;engine_api=ParserSupportRoutineRoute;diagnostic=DUCKDB.EMULATION.ROUTINE_ROUTE,project/src/parsers/compatibility/duckdb/duckdb_dialect.cpp#kPatterns:duckdb.routine.call,IMPLEMENT_NONCLUSTER,parser remap lead
project/src/parsers/compatibility/duckdb,duckdb.pragma.generic,kParserSupportUdr;match=PRAGMA;mapping=duckdb.udr.pragma.generic;sblr=SBLR_COMPAT_DUCKDB_PRAGMA_ROUTE;engine_api=ParserSupportPragmaRoute;diagnostic=DUCKDB.EMULATION.PRAGMA_ROUTE,project/src/parsers/compatibility/duckdb/duckdb_dialect.cpp#kPatterns:duckdb.pragma.generic,IMPLEMENT_NONCLUSTER,parser remap lead
project/src/parsers/compatibility/duckdb,duckdb.optimizer.summarize,kCatalogProjection;match=SUMMARIZE;mapping=duckdb.optimizer.summarize;sblr=SBLR_COMPAT_DUCKDB_SUMMARIZE;engine_api=EngineSummaryProjection;diagnostic=none,project/src/parsers/compatibility/duckdb/duckdb_dialect.cpp#kPatterns:duckdb.optimizer.summarize,PARSER_REMAP_ONLY,parser remap lead
project/src/parsers/compatibility/duckdb,duckdb.query.pivot,kAdmittedSblr;match=PIVOT;mapping=duckdb.query.pivot;sblr=SBLR_COMPAT_DUCKDB_PIVOT;engine_api=EngineQueryPivot;diagnostic=none,project/src/parsers/compatibility/duckdb/duckdb_dialect.cpp#kPatterns:duckdb.query.pivot,PARSER_REMAP_ONLY,parser remap lead
project/src/parsers/compatibility/duckdb,duckdb.query.unpivot,kAdmittedSblr;match=UNPIVOT;mapping=duckdb.query.unpivot;sblr=SBLR_COMPAT_DUCKDB_UNPIVOT;engine_api=EngineQueryUnpivot;diagnostic=none,project/src/parsers/compatibility/duckdb/duckdb_dialect.cpp#kPatterns:duckdb.query.unpivot,PARSER_REMAP_ONLY,parser remap lead
project/src/parsers/compatibility/duckdb,duckdb.catalog_overlay.describe,kCatalogProjection;match=DESCRIBE;mapping=duckdb.catalog.describe;sblr=SBLR_COMPAT_DUCKDB_CATALOG_PROJECT;engine_api=EngineCatalogProjection;diagnostic=none,project/src/parsers/compatibility/duckdb/duckdb_dialect.cpp#kPatterns:duckdb.catalog_overlay.describe,PARSER_REMAP_ONLY,parser remap lead
project/src/parsers/compatibility/duckdb,duckdb.catalog_overlay.show,kCatalogProjection;match=SHOW;mapping=duckdb.catalog.show;sblr=SBLR_COMPAT_DUCKDB_CATALOG_PROJECT;engine_api=EngineCatalogProjection;diagnostic=none,project/src/parsers/compatibility/duckdb/duckdb_dialect.cpp#kPatterns:duckdb.catalog_overlay.show,PARSER_REMAP_ONLY,parser remap lead
project/src/parsers/compatibility/duckdb,duckdb.optimizer.explain,kCatalogProjection;match=EXPLAIN;mapping=duckdb.optimizer.explain;sblr=SBLR_COMPAT_DUCKDB_EXPLAIN;engine_api=EngineExplainPlan;diagnostic=none,project/src/parsers/compatibility/duckdb/duckdb_dialect.cpp#kPatterns:duckdb.optimizer.explain,PARSER_REMAP_ONLY,parser remap lead
project/src/parsers/compatibility/duckdb,duckdb.transaction.begin,kAdmittedSblr;match=BEGIN;mapping=duckdb.transaction.begin;sblr=SBLR_TRANSACTION_BEGIN;engine_api=EngineBeginTransaction;diagnostic=none,project/src/parsers/compatibility/duckdb/duckdb_dialect.cpp#kPatterns:duckdb.transaction.begin,PARSER_REMAP_ONLY,parser remap lead
project/src/parsers/compatibility/duckdb,duckdb.transaction.start,kAdmittedSblr;match=START TRANSACTION;mapping=duckdb.transaction.start;sblr=SBLR_TRANSACTION_BEGIN;engine_api=EngineBeginTransaction;diagnostic=none,project/src/parsers/compatibility/duckdb/duckdb_dialect.cpp#kPatterns:duckdb.transaction.start,PARSER_REMAP_ONLY,parser remap lead
project/src/parsers/compatibility/duckdb,duckdb.transaction.commit,kAdmittedSblr;match=COMMIT;mapping=duckdb.transaction.commit;sblr=SBLR_TRANSACTION_COMMIT;engine_api=EngineCommitTransaction;diagnostic=none,project/src/parsers/compatibility/duckdb/duckdb_dialect.cpp#kPatterns:duckdb.transaction.commit,PARSER_REMAP_ONLY,parser remap lead
project/src/parsers/compatibility/duckdb,duckdb.transaction.rollback,kAdmittedSblr;match=ROLLBACK;mapping=duckdb.transaction.rollback;sblr=SBLR_TRANSACTION_ROLLBACK;engine_api=EngineRollbackTransaction;diagnostic=none,project/src/parsers/compatibility/duckdb/duckdb_dialect.cpp#kPatterns:duckdb.transaction.rollback,PARSER_REMAP_ONLY,parser remap lead
project/src/parsers/compatibility/duckdb,duckdb.transaction.savepoint,kAdmittedSblr;match=SAVEPOINT;mapping=duckdb.transaction.savepoint;sblr=SBLR_TRANSACTION_SAVEPOINT;engine_api=EngineSavepoint;diagnostic=none,project/src/parsers/compatibility/duckdb/duckdb_dialect.cpp#kPatterns:duckdb.transaction.savepoint,PARSER_REMAP_ONLY,parser remap lead
project/src/parsers/compatibility/duckdb,duckdb.transaction.release_savepoint,kAdmittedSblr;match=RELEASE SAVEPOINT;mapping=duckdb.transaction.release_savepoint;sblr=SBLR_TRANSACTION_RELEASE_SAVEPOINT;engine_api=EngineReleaseSavepoint;diagnostic=none,project/src/parsers/compatibility/duckdb/duckdb_dialect.cpp#kPatterns:duckdb.transaction.release_savepoint,PARSER_REMAP_ONLY,parser remap lead
project/src/parsers/compatibility/duckdb,duckdb.session.set,kAdmittedSblr;match=SET;mapping=duckdb.session.set;sblr=SBLR_COMPAT_DUCKDB_SET;engine_api=EngineSessionSet;diagnostic=none,project/src/parsers/compatibility/duckdb/duckdb_dialect.cpp#kPatterns:duckdb.session.set,PARSER_REMAP_ONLY,parser remap lead
project/src/parsers/compatibility/duckdb,duckdb.session.reset,kAdmittedSblr;match=RESET;mapping=duckdb.session.reset;sblr=SBLR_COMPAT_DUCKDB_RESET;engine_api=EngineSessionReset;diagnostic=none,project/src/parsers/compatibility/duckdb/duckdb_dialect.cpp#kPatterns:duckdb.session.reset,PARSER_REMAP_ONLY,parser remap lead
project/src/parsers/compatibility/duckdb,duckdb.ddl.create,kAdmittedSblr;match=CREATE;mapping=duckdb.ddl.create;sblr=SBLR_COMPAT_DUCKDB_DDL_CREATE;engine_api=EngineDdlCreate;diagnostic=none,project/src/parsers/compatibility/duckdb/duckdb_dialect.cpp#kPatterns:duckdb.ddl.create,PARSER_REMAP_ONLY,parser remap lead
project/src/parsers/compatibility/duckdb,duckdb.ddl.alter,kAdmittedSblr;match=ALTER;mapping=duckdb.ddl.alter;sblr=SBLR_COMPAT_DUCKDB_DDL_ALTER;engine_api=EngineDdlAlter;diagnostic=none,project/src/parsers/compatibility/duckdb/duckdb_dialect.cpp#kPatterns:duckdb.ddl.alter,PARSER_REMAP_ONLY,parser remap lead
project/src/parsers/compatibility/duckdb,duckdb.ddl.drop,kAdmittedSblr;match=DROP;mapping=duckdb.ddl.drop;sblr=SBLR_COMPAT_DUCKDB_DDL_DROP;engine_api=EngineDdlDrop;diagnostic=none,project/src/parsers/compatibility/duckdb/duckdb_dialect.cpp#kPatterns:duckdb.ddl.drop,PARSER_REMAP_ONLY,parser remap lead
project/src/parsers/compatibility/duckdb,duckdb.dml.insert,kAdmittedSblr;match=INSERT;mapping=duckdb.dml.insert;sblr=SBLR_COMPAT_DUCKDB_INSERT;engine_api=EngineDmlInsert;diagnostic=none,project/src/parsers/compatibility/duckdb/duckdb_dialect.cpp#kPatterns:duckdb.dml.insert,PARSER_REMAP_ONLY,parser remap lead
project/src/parsers/compatibility/duckdb,duckdb.dml.update,kAdmittedSblr;match=UPDATE;mapping=duckdb.dml.update;sblr=SBLR_COMPAT_DUCKDB_UPDATE;engine_api=EngineDmlUpdate;diagnostic=none,project/src/parsers/compatibility/duckdb/duckdb_dialect.cpp#kPatterns:duckdb.dml.update,PARSER_REMAP_ONLY,parser remap lead
project/src/parsers/compatibility/duckdb,duckdb.dml.delete,kAdmittedSblr;match=DELETE;mapping=duckdb.dml.delete;sblr=SBLR_COMPAT_DUCKDB_DELETE;engine_api=EngineDmlDelete;diagnostic=none,project/src/parsers/compatibility/duckdb/duckdb_dialect.cpp#kPatterns:duckdb.dml.delete,PARSER_REMAP_ONLY,parser remap lead
project/src/parsers/compatibility/duckdb,duckdb.dml.merge,kAdmittedSblr;match=MERGE;mapping=duckdb.dml.merge;sblr=SBLR_COMPAT_DUCKDB_MERGE;engine_api=EngineDmlMerge;diagnostic=none,project/src/parsers/compatibility/duckdb/duckdb_dialect.cpp#kPatterns:duckdb.dml.merge,PARSER_REMAP_ONLY,parser remap lead
project/src/parsers/compatibility/duckdb,duckdb.query.select,kAdmittedSblr;match=SELECT;mapping=duckdb.query.select;sblr=SBLR_COMPAT_DUCKDB_SELECT;engine_api=EngineQuerySelect;diagnostic=none,project/src/parsers/compatibility/duckdb/duckdb_dialect.cpp#kPatterns:duckdb.query.select,PARSER_REMAP_ONLY,parser remap lead
project/src/parsers/compatibility/duckdb,duckdb.query.with,kAdmittedSblr;match=WITH;mapping=duckdb.query.with;sblr=SBLR_COMPAT_DUCKDB_SELECT;engine_api=EngineQuerySelect;diagnostic=none,project/src/parsers/compatibility/duckdb/duckdb_dialect.cpp#kPatterns:duckdb.query.with,PARSER_REMAP_ONLY,parser remap lead
project/src/parsers/compatibility/duckdb,datatype_surface:numeric,descriptor;surface=TINYINT;SMALLINT;INTEGER;BIGINT;HUGEINT;UHUGEINT;DECIMAL;FLOAT;DOUBLE,project/src/parsers/compatibility/duckdb/duckdb_dialect.cpp#kDatatypeSurfaces:numeric,DOCUMENTATION_ONLY,inventory classification lead
project/src/parsers/compatibility/duckdb,datatype_surface:unsigned_numeric,descriptor;surface=UTINYINT;USMALLINT;UINTEGER;UBIGINT,project/src/parsers/compatibility/duckdb/duckdb_dialect.cpp#kDatatypeSurfaces:unsigned_numeric,DOCUMENTATION_ONLY,inventory classification lead
project/src/parsers/compatibility/duckdb,datatype_surface:text,descriptor;surface=VARCHAR;TEXT;STRING,project/src/parsers/compatibility/duckdb/duckdb_dialect.cpp#kDatatypeSurfaces:text,DOCUMENTATION_ONLY,inventory classification lead
project/src/parsers/compatibility/duckdb,datatype_surface:binary,descriptor;surface=BLOB;BIT;BITSTRING,project/src/parsers/compatibility/duckdb/duckdb_dialect.cpp#kDatatypeSurfaces:binary,DOCUMENTATION_ONLY,inventory classification lead
project/src/parsers/compatibility/duckdb,datatype_surface:temporal,descriptor;surface=DATE;TIME;TIMESTAMP;TIMESTAMPTZ;INTERVAL,project/src/parsers/compatibility/duckdb/duckdb_dialect.cpp#kDatatypeSurfaces:temporal,DOCUMENTATION_ONLY,inventory classification lead
project/src/parsers/compatibility/duckdb,datatype_surface:boolean,descriptor;surface=BOOLEAN;BOOL,project/src/parsers/compatibility/duckdb/duckdb_dialect.cpp#kDatatypeSurfaces:boolean,DOCUMENTATION_ONLY,inventory classification lead
project/src/parsers/compatibility/duckdb,datatype_surface:nested,parser_support_udr;surface=STRUCT;LIST;ARRAY;MAP;UNION,project/src/parsers/compatibility/duckdb/duckdb_dialect.cpp#kDatatypeSurfaces:nested,IMPLEMENT_NONCLUSTER,inventory classification lead
project/src/parsers/compatibility/duckdb,datatype_surface:json,parser_support_udr;surface=JSON,project/src/parsers/compatibility/duckdb/duckdb_dialect.cpp#kDatatypeSurfaces:json,IMPLEMENT_NONCLUSTER,inventory classification lead
project/src/parsers/compatibility/duckdb,datatype_surface:uuid,descriptor;surface=UUID,project/src/parsers/compatibility/duckdb/duckdb_dialect.cpp#kDatatypeSurfaces:uuid,DOCUMENTATION_ONLY,inventory classification lead
project/src/parsers/compatibility/duckdb,datatype_surface:enum,parser_support_udr;surface=ENUM,project/src/parsers/compatibility/duckdb/duckdb_dialect.cpp#kDatatypeSurfaces:enum,IMPLEMENT_NONCLUSTER,inventory classification lead
project/src/parsers/compatibility/duckdb,datatype_surface:spatial,parser_support_udr;surface=GEOMETRY;POINT;LINESTRING;POLYGON,project/src/parsers/compatibility/duckdb/duckdb_dialect.cpp#kDatatypeSurfaces:spatial,IMPLEMENT_NONCLUSTER,inventory classification lead
project/src/parsers/compatibility/duckdb,builtin_function_surface:aggregate,sblr;surface=COUNT;SUM;AVG;MIN;MAX;MEDIAN;QUANTILE;MODE;HISTOGRAM,project/src/parsers/compatibility/duckdb/duckdb_dialect.cpp#kBuiltinSurfaces:aggregate,PARSER_REMAP_ONLY,inventory classification lead
project/src/parsers/compatibility/duckdb,builtin_function_surface:window,sblr;surface=ROW_NUMBER;RANK;DENSE_RANK;LAG;LEAD;FIRST_VALUE;LAST_VALUE,project/src/parsers/compatibility/duckdb/duckdb_dialect.cpp#kBuiltinSurfaces:window,PARSER_REMAP_ONLY,inventory classification lead
project/src/parsers/compatibility/duckdb,builtin_function_surface:string,sblr;surface=CONCAT;PRINTF;FORMAT;LOWER;UPPER;TRIM;REGEXP_REPLACE,project/src/parsers/compatibility/duckdb/duckdb_dialect.cpp#kBuiltinSurfaces:string,PARSER_REMAP_ONLY,inventory classification lead
project/src/parsers/compatibility/duckdb,builtin_function_surface:numeric,sblr;surface=ABS;ROUND;POWER;SQRT;CBRT;GAMMA;FACTORIAL,project/src/parsers/compatibility/duckdb/duckdb_dialect.cpp#kBuiltinSurfaces:numeric,PARSER_REMAP_ONLY,inventory classification lead
project/src/parsers/compatibility/duckdb,builtin_function_surface:temporal,sblr;surface=DATE_PART;DATE_TRUNC;EPOCH;STRFTIME;TIME_BUCKET,project/src/parsers/compatibility/duckdb/duckdb_dialect.cpp#kBuiltinSurfaces:temporal,PARSER_REMAP_ONLY,inventory classification lead
project/src/parsers/compatibility/duckdb,builtin_function_surface:json,parser_support_udr;surface=JSON_EXTRACT;JSON_VALUE;JSON_TYPE;JSON_KEYS;TO_JSON,project/src/parsers/compatibility/duckdb/duckdb_dialect.cpp#kBuiltinSurfaces:json,IMPLEMENT_NONCLUSTER,inventory classification lead
project/src/parsers/compatibility/duckdb,builtin_function_surface:list,parser_support_udr;surface=LIST_VALUE;LIST_TRANSFORM;LIST_FILTER;UNNEST;GENERATE_SERIES,project/src/parsers/compatibility/duckdb/duckdb_dialect.cpp#kBuiltinSurfaces:list,IMPLEMENT_NONCLUSTER,inventory classification lead
project/src/parsers/compatibility/duckdb,builtin_function_surface:map_struct,parser_support_udr;surface=STRUCT_PACK;STRUCT_EXTRACT;MAP;MAP_EXTRACT,project/src/parsers/compatibility/duckdb/duckdb_dialect.cpp#kBuiltinSurfaces:map_struct,IMPLEMENT_NONCLUSTER,inventory classification lead
project/src/parsers/compatibility/duckdb,builtin_function_surface:stats,catalog_projection;surface=STATS;CAN_CAST_IMPLICITLY;TYPEOF,project/src/parsers/compatibility/duckdb/duckdb_dialect.cpp#kBuiltinSurfaces:stats,PARSER_REMAP_ONLY,inventory classification lead
project/src/parsers/compatibility/duckdb,builtin_function_surface:external_scan,fail_closed;surface=READ_CSV;READ_PARQUET;READ_JSON;READ_TEXT,project/src/parsers/compatibility/duckdb/duckdb_dialect.cpp#kBuiltinSurfaces:external_scan,EXTERNAL_AUTHORITY,inventory classification lead
project/src/parsers/compatibility/duckdb,builtin_function_surface:extension,fail_closed;surface=INSTALL;LOAD,project/src/parsers/compatibility/duckdb/duckdb_dialect.cpp#kBuiltinSurfaces:extension,ARCHITECTURE_REFUSAL,inventory classification lead
project/src/parsers/compatibility/duckdb,builtin_function_surface:secrets,parser_support_udr;surface=CREATE SECRET;DROP SECRET,project/src/parsers/compatibility/duckdb/duckdb_dialect.cpp#kBuiltinSurfaces:secrets,IMPLEMENT_NONCLUSTER,inventory classification lead
project/src/parsers/compatibility/duckdb,catalog_overlay_surface:information_schema,catalog_projection;surface=INFORMATION_SCHEMA.,project/src/parsers/compatibility/duckdb/duckdb_dialect.cpp#kCatalogSurfaces:information_schema,PARSER_REMAP_ONLY,inventory classification lead
project/src/parsers/compatibility/duckdb,catalog_overlay_surface:duckdb_catalog,catalog_projection;surface=DUCKDB_TABLES;DUCKDB_COLUMNS;DUCKDB_INDEXES;DUCKDB_FUNCTIONS,project/src/parsers/compatibility/duckdb/duckdb_dialect.cpp#kCatalogSurfaces:duckdb_catalog,PARSER_REMAP_ONLY,inventory classification lead
project/src/parsers/compatibility/duckdb,catalog_overlay_surface:pragma_metadata,catalog_projection;surface=PRAGMA_TABLE_INFO;PRAGMA_DATABASE_LIST;PRAGMA_SHOW,project/src/parsers/compatibility/duckdb/duckdb_dialect.cpp#kCatalogSurfaces:pragma_metadata,PARSER_REMAP_ONLY,inventory classification lead
project/src/parsers/compatibility/duckdb,catalog_overlay_surface:settings,catalog_projection;surface=DUCKDB_SETTINGS;CURRENT_SETTING,project/src/parsers/compatibility/duckdb/duckdb_dialect.cpp#kCatalogSurfaces:settings,PARSER_REMAP_ONLY,inventory classification lead
project/src/parsers/compatibility/duckdb,catalog_overlay_surface:extensions,policy_overlay;surface=DUCKDB_EXTENSIONS;INSTALL;LOAD,project/src/parsers/compatibility/duckdb/duckdb_dialect.cpp#kCatalogSurfaces:extensions,DOCUMENTATION_ONLY,inventory classification lead
project/src/parsers/compatibility/duckdb,catalog_overlay_surface:secrets,security_projection;surface=DUCKDB_SECRETS;CREATE SECRET,project/src/parsers/compatibility/duckdb/duckdb_dialect.cpp#kCatalogSurfaces:secrets,DOCUMENTATION_ONLY,inventory classification lead
project/src/parsers/compatibility/duckdb,catalog_overlay_surface:external_files,policy_overlay;surface=READ_CSV;READ_PARQUET;COPY,project/src/parsers/compatibility/duckdb/duckdb_dialect.cpp#kCatalogSurfaces:external_files,EXTERNAL_AUTHORITY,inventory classification lead
project/src/parsers/compatibility/duckdb,catalog_overlay_surface:macros,parser_support_udr;surface=DUCKDB_MACROS;CREATE MACRO,project/src/parsers/compatibility/duckdb/duckdb_dialect.cpp#kCatalogSurfaces:macros,IMPLEMENT_NONCLUSTER,inventory classification lead
project/src/parsers/compatibility/duckdb,diagnostic_surface:parse,parser;surface=DUCKDB.PARSE.INVALID_INPUT;DUCKDB.PARSE.UNSUPPORTED_SURFACE,project/src/parsers/compatibility/duckdb/duckdb_dialect.cpp#kDiagnosticSurfaces:parse,PARSER_REMAP_ONLY,inventory classification lead
project/src/parsers/compatibility/duckdb,diagnostic_surface:file,fail_closed;surface=DUCKDB.AUTHORITY.FILE_IO_DENIED,project/src/parsers/compatibility/duckdb/duckdb_dialect.cpp#kDiagnosticSurfaces:file,ARCHITECTURE_REFUSAL,inventory classification lead
project/src/parsers/compatibility/duckdb,diagnostic_surface:external_io,fail_closed;surface=DUCKDB.AUTHORITY.EXTERNAL_IO_DENIED,project/src/parsers/compatibility/duckdb/duckdb_dialect.cpp#kDiagnosticSurfaces:external_io,EXTERNAL_AUTHORITY,inventory classification lead
project/src/parsers/compatibility/duckdb,diagnostic_surface:extension,fail_closed;surface=DUCKDB.AUTHORITY.EXTENSION_DENIED,project/src/parsers/compatibility/duckdb/duckdb_dialect.cpp#kDiagnosticSurfaces:extension,ARCHITECTURE_REFUSAL,inventory classification lead
project/src/parsers/compatibility/duckdb,diagnostic_surface:checkpoint,fail_closed;surface=DUCKDB.AUTHORITY.CHECKPOINT_DENIED,project/src/parsers/compatibility/duckdb/duckdb_dialect.cpp#kDiagnosticSurfaces:checkpoint,ARCHITECTURE_REFUSAL,inventory classification lead
project/src/parsers/compatibility/duckdb,diagnostic_surface:copy,parser_support_udr;surface=DUCKDB.EMULATION.COPY_ROUTE,project/src/parsers/compatibility/duckdb/duckdb_dialect.cpp#kDiagnosticSurfaces:copy,IMPLEMENT_NONCLUSTER,inventory classification lead
project/src/parsers/compatibility/duckdb,diagnostic_surface:security,parser_support_udr;surface=DUCKDB.EMULATION.SECURITY_ROUTE,project/src/parsers/compatibility/duckdb/duckdb_dialect.cpp#kDiagnosticSurfaces:security,IMPLEMENT_NONCLUSTER,inventory classification lead
project/src/parsers/compatibility/duckdb,diagnostic_surface:routine,parser_support_udr;surface=DUCKDB.EMULATION.ROUTINE_ROUTE,project/src/parsers/compatibility/duckdb/duckdb_dialect.cpp#kDiagnosticSurfaces:routine,IMPLEMENT_NONCLUSTER,inventory classification lead
project/src/parsers/compatibility/duckdb,diagnostic_surface:pragma,parser_support_udr;surface=DUCKDB.EMULATION.PRAGMA_ROUTE,project/src/parsers/compatibility/duckdb/duckdb_dialect.cpp#kDiagnosticSurfaces:pragma,IMPLEMENT_NONCLUSTER,inventory classification lead
project/src/parsers/compatibility/duckdb,diagnostic_surface:catalog,fail_closed;surface=DUCKDB.CATALOG_OVERLAY.READ_ONLY,project/src/parsers/compatibility/duckdb/duckdb_dialect.cpp#kDiagnosticSurfaces:catalog,ARCHITECTURE_REFUSAL,inventory classification lead
project/src/parsers/compatibility/duckdb,diagnostic_surface:mga,scratchbird_mga_authority;surface=DUCKDB.AUTHORITY.CHECKPOINT_DENIED,project/src/parsers/compatibility/duckdb/duckdb_dialect.cpp#kDiagnosticSurfaces:mga,DOCUMENTATION_ONLY,inventory classification lead
project/src/parsers/compatibility/duckdb,source_marker:unsupported,source_marker_requires_review,project/src/parsers/compatibility/duckdb/duckdb_dialect.cpp#marker:unsupported,ARCHITECTURE_REFUSAL,inventory classification lead
project/src/parsers/compatibility/firebird,firebird.lifecycle.create_database,kScratchBirdLifecycleApi;command_family=database_lifecycle;operation_id=lifecycle.create_database;sblr=SBLR_LIFECYCLE_CREATE_DATABASE;engine_api=EngineCreateLifecycle;diagnostic=FIREBIRD.EMULATION.NON_FILE_SURFACE,project/src/parsers/compatibility/firebird/firebird_dialect.cpp#FirebirdMappingStorage:firebird.lifecycle.create_database,PARSER_REMAP_ONLY,parser remap lead
project/src/parsers/compatibility/firebird,firebird.lifecycle.drop_database,kScratchBirdLifecycleApi;command_family=database_lifecycle;operation_id=lifecycle.drop_database;sblr=SBLR_LIFECYCLE_DROP_DATABASE;engine_api=EngineDropLifecycle;diagnostic=FIREBIRD.EMULATION.NON_FILE_SURFACE,project/src/parsers/compatibility/firebird/firebird_dialect.cpp#FirebirdMappingStorage:firebird.lifecycle.drop_database,PARSER_REMAP_ONLY,parser remap lead
project/src/parsers/compatibility/firebird,firebird.lifecycle.attach_database,kScratchBirdLifecycleApi;command_family=database_lifecycle;operation_id=lifecycle.attach_database;sblr=SBLR_LIFECYCLE_ATTACH_DATABASE;engine_api=EngineAttachLifecycle;diagnostic=FIREBIRD.EMULATION.NON_FILE_SURFACE,project/src/parsers/compatibility/firebird/firebird_dialect.cpp#FirebirdMappingStorage:firebird.lifecycle.attach_database,PARSER_REMAP_ONLY,parser remap lead
project/src/parsers/compatibility/firebird,firebird.lifecycle.detach_database,kScratchBirdLifecycleApi;command_family=database_lifecycle;operation_id=lifecycle.detach_database;sblr=SBLR_LIFECYCLE_DETACH_DATABASE;engine_api=EngineDetachLifecycle;diagnostic=FIREBIRD.EMULATION.NON_FILE_SURFACE,project/src/parsers/compatibility/firebird/firebird_dialect.cpp#FirebirdMappingStorage:firebird.lifecycle.detach_database,PARSER_REMAP_ONLY,parser remap lead
project/src/parsers/compatibility/firebird,firebird.lifecycle.verify_database,kScratchBirdLifecycleApi;command_family=database_lifecycle;operation_id=lifecycle.verify_database;sblr=SBLR_LIFECYCLE_VERIFY_DATABASE;engine_api=EngineVerifyLifecycle;diagnostic=FIREBIRD.EMULATION.NON_FILE_SURFACE,project/src/parsers/compatibility/firebird/firebird_dialect.cpp#FirebirdMappingStorage:firebird.lifecycle.verify_database,PARSER_REMAP_ONLY,parser remap lead
project/src/parsers/compatibility/firebird,firebird.lifecycle.repair_database,kScratchBirdLifecycleApi;command_family=database_lifecycle;operation_id=lifecycle.repair_database;sblr=SBLR_LIFECYCLE_REPAIR_DATABASE;engine_api=EngineRepairLifecycle;diagnostic=FIREBIRD.EMULATION.NON_FILE_SURFACE,project/src/parsers/compatibility/firebird/firebird_dialect.cpp#FirebirdMappingStorage:firebird.lifecycle.repair_database,PARSER_REMAP_ONLY,parser remap lead
project/src/parsers/compatibility/firebird,firebird.dml.insert.returning,dml_operation;classifier=ClassifyDmlOperation,project/src/parsers/compatibility/firebird/firebird_dialect.cpp#ClassifyDmlOperation:firebird.dml.insert.returning,PARSER_REMAP_ONLY,parser remap lead
project/src/parsers/compatibility/firebird,firebird.dml.insert,dml_operation;classifier=ClassifyDmlOperation,project/src/parsers/compatibility/firebird/firebird_dialect.cpp#ClassifyDmlOperation:firebird.dml.insert,PARSER_REMAP_ONLY,parser remap lead
project/src/parsers/compatibility/firebird,firebird.dml.update_or_insert.returning,dml_operation;classifier=ClassifyDmlOperation,project/src/parsers/compatibility/firebird/firebird_dialect.cpp#ClassifyDmlOperation:firebird.dml.update_or_insert.returning,PARSER_REMAP_ONLY,parser remap lead
project/src/parsers/compatibility/firebird,firebird.dml.update_or_insert,dml_operation;classifier=ClassifyDmlOperation,project/src/parsers/compatibility/firebird/firebird_dialect.cpp#ClassifyDmlOperation:firebird.dml.update_or_insert,PARSER_REMAP_ONLY,parser remap lead
project/src/parsers/compatibility/firebird,firebird.dml.update.returning,dml_operation;classifier=ClassifyDmlOperation,project/src/parsers/compatibility/firebird/firebird_dialect.cpp#ClassifyDmlOperation:firebird.dml.update.returning,PARSER_REMAP_ONLY,parser remap lead
project/src/parsers/compatibility/firebird,firebird.dml.update,dml_operation;classifier=ClassifyDmlOperation,project/src/parsers/compatibility/firebird/firebird_dialect.cpp#ClassifyDmlOperation:firebird.dml.update,PARSER_REMAP_ONLY,parser remap lead
project/src/parsers/compatibility/firebird,firebird.dml.delete.returning,dml_operation;classifier=ClassifyDmlOperation,project/src/parsers/compatibility/firebird/firebird_dialect.cpp#ClassifyDmlOperation:firebird.dml.delete.returning,PARSER_REMAP_ONLY,parser remap lead
project/src/parsers/compatibility/firebird,firebird.dml.delete,dml_operation;classifier=ClassifyDmlOperation,project/src/parsers/compatibility/firebird/firebird_dialect.cpp#ClassifyDmlOperation:firebird.dml.delete,PARSER_REMAP_ONLY,parser remap lead
project/src/parsers/compatibility/firebird,firebird.dml.merge.returning,dml_operation;classifier=ClassifyDmlOperation,project/src/parsers/compatibility/firebird/firebird_dialect.cpp#ClassifyDmlOperation:firebird.dml.merge.returning,PARSER_REMAP_ONLY,parser remap lead
project/src/parsers/compatibility/firebird,firebird.dml.merge,dml_operation;classifier=ClassifyDmlOperation,project/src/parsers/compatibility/firebird/firebird_dialect.cpp#ClassifyDmlOperation:firebird.dml.merge,PARSER_REMAP_ONLY,parser remap lead
project/src/parsers/compatibility/firebird,firebird.emulated.database_file_management,kEmulatedNonFileDiagnostic;command_family=database_file_emulation;operation_id=none;sblr=none;engine_api=none;diagnostic=FIREBIRD.EMULATION.NON_FILE_SURFACE,project/src/parsers/compatibility/firebird/firebird_dialect.cpp#FirebirdMappingStorage:firebird.emulated.database_file_management,EXTERNAL_AUTHORITY,parser remap lead
project/src/parsers/compatibility/firebird,firebird.emulated.shadow_storage,kEmulatedNonFileDiagnostic;command_family=shadow_file_emulation;operation_id=none;sblr=none;engine_api=none;diagnostic=FIREBIRD.EMULATION.NON_FILE_SURFACE,project/src/parsers/compatibility/firebird/firebird_dialect.cpp#FirebirdMappingStorage:firebird.emulated.shadow_storage,EXTERNAL_AUTHORITY,parser remap lead
project/src/parsers/compatibility/firebird,firebird.emulated.backup_restore,kEmulatedNonFileDiagnostic;command_family=backup_restore_file_emulation;operation_id=none;sblr=none;engine_api=none;diagnostic=FIREBIRD.EMULATION.NON_FILE_SURFACE,project/src/parsers/compatibility/firebird/firebird_dialect.cpp#FirebirdMappingStorage:firebird.emulated.backup_restore,EXTERNAL_AUTHORITY,parser remap lead
project/src/parsers/compatibility/firebird,firebird.emulated.external_plugin,kEmulatedNonFileDiagnostic;command_family=external_plugin_emulation;operation_id=none;sblr=none;engine_api=none;diagnostic=FIREBIRD.EMULATION.NON_FILE_SURFACE,project/src/parsers/compatibility/firebird/firebird_dialect.cpp#FirebirdMappingStorage:firebird.emulated.external_plugin,EXTERNAL_AUTHORITY,parser remap lead
project/src/parsers/compatibility/firebird,firebird.emulated.service_api,kEmulatedNonFileDiagnostic;command_family=service_tool_emulation;operation_id=none;sblr=none;engine_api=none;diagnostic=FIREBIRD.EMULATION.NON_FILE_SURFACE,project/src/parsers/compatibility/firebird/firebird_dialect.cpp#FirebirdMappingStorage:firebird.emulated.service_api,EXTERNAL_AUTHORITY,parser remap lead
project/src/parsers/compatibility/firebird,firebird.emulated.replication_journal,kEmulatedNonFileDiagnostic;command_family=replication_journal_emulation;operation_id=none;sblr=none;engine_api=none;diagnostic=FIREBIRD.EMULATION.NON_FILE_SURFACE,project/src/parsers/compatibility/firebird/firebird_dialect.cpp#FirebirdMappingStorage:firebird.emulated.replication_journal,NORMALIZE_CLUSTER,parser remap lead
project/src/parsers/compatibility/firebird,firebird.emulated.shadow_raw_storage,non_file_operation;classifier=ClassifyNonFileOperation,project/src/parsers/compatibility/firebird/firebird_dialect.cpp#ClassifyNonFileOperation:firebird.emulated.shadow_raw_storage,EXTERNAL_AUTHORITY,parser remap lead
project/src/parsers/compatibility/firebird,firebird.emulated.database_lifecycle,non_file_operation;classifier=ClassifyNonFileOperation,project/src/parsers/compatibility/firebird/firebird_dialect.cpp#ClassifyNonFileOperation:firebird.emulated.database_lifecycle,EXTERNAL_AUTHORITY,parser remap lead
project/src/parsers/compatibility/firebird,firebird.emulated.shadow_storage,non_file_operation;classifier=ClassifyNonFileOperation,project/src/parsers/compatibility/firebird/firebird_dialect.cpp#ClassifyNonFileOperation:firebird.emulated.shadow_storage,EXTERNAL_AUTHORITY,parser remap lead
project/src/parsers/compatibility/firebird,firebird.emulated.external_table_authority,non_file_operation;classifier=ClassifyNonFileOperation,project/src/parsers/compatibility/firebird/firebird_dialect.cpp#ClassifyNonFileOperation:firebird.emulated.external_table_authority,EXTERNAL_AUTHORITY,parser remap lead
project/src/parsers/compatibility/firebird,firebird.emulated.plugin_external_engine,non_file_operation;classifier=ClassifyNonFileOperation,project/src/parsers/compatibility/firebird/firebird_dialect.cpp#ClassifyNonFileOperation:firebird.emulated.plugin_external_engine,EXTERNAL_AUTHORITY,parser remap lead
project/src/parsers/compatibility/firebird,firebird.emulated.security_projection,non_file_operation;classifier=ClassifyNonFileOperation,project/src/parsers/compatibility/firebird/firebird_dialect.cpp#ClassifyNonFileOperation:firebird.emulated.security_projection,EXTERNAL_AUTHORITY,parser remap lead
project/src/parsers/compatibility/firebird,firebird.emulated.replication_journal,non_file_operation;classifier=ClassifyNonFileOperation,project/src/parsers/compatibility/firebird/firebird_dialect.cpp#ClassifyNonFileOperation:firebird.emulated.replication_journal,NORMALIZE_CLUSTER,parser remap lead
project/src/parsers/compatibility/firebird,firebird.emulated.backup_restore,non_file_operation;classifier=ClassifyNonFileOperation,project/src/parsers/compatibility/firebird/firebird_dialect.cpp#ClassifyNonFileOperation:firebird.emulated.backup_restore,EXTERNAL_AUTHORITY,parser remap lead
project/src/parsers/compatibility/firebird,firebird.emulated.incremental_backup,non_file_operation;classifier=ClassifyNonFileOperation,project/src/parsers/compatibility/firebird/firebird_dialect.cpp#ClassifyNonFileOperation:firebird.emulated.incremental_backup,EXTERNAL_AUTHORITY,parser remap lead
project/src/parsers/compatibility/firebird,firebird.emulated.validation_repair_sweep,non_file_operation;classifier=ClassifyNonFileOperation,project/src/parsers/compatibility/firebird/firebird_dialect.cpp#ClassifyNonFileOperation:firebird.emulated.validation_repair_sweep,EXTERNAL_AUTHORITY,parser remap lead
project/src/parsers/compatibility/firebird,firebird.emulated.trace_monitoring,non_file_operation;classifier=ClassifyNonFileOperation,project/src/parsers/compatibility/firebird/firebird_dialect.cpp#ClassifyNonFileOperation:firebird.emulated.trace_monitoring,EXTERNAL_AUTHORITY,parser remap lead
project/src/parsers/compatibility/firebird,firebird.emulated.service_api,non_file_operation;classifier=ClassifyNonFileOperation,project/src/parsers/compatibility/firebird/firebird_dialect.cpp#ClassifyNonFileOperation:firebird.emulated.service_api,EXTERNAL_AUTHORITY,parser remap lead
project/src/parsers/compatibility/firebird,firebird.emulated.reference_native_tool,non_file_operation;classifier=ClassifyNonFileOperation,project/src/parsers/compatibility/firebird/firebird_dialect.cpp#ClassifyNonFileOperation:firebird.emulated.reference_native_tool,EXTERNAL_AUTHORITY,parser remap lead
project/src/parsers/compatibility/firebird,firebird.expression.generator.gen_id,expression_operation;classifier=ClassifyExpressionOperation,project/src/parsers/compatibility/firebird/firebird_dialect.cpp#ClassifyExpressionOperation:firebird.expression.generator.gen_id,IMPLEMENT_NONCLUSTER,parser remap lead
project/src/parsers/compatibility/firebird,firebird.expression.generator.next_value_for,expression_operation;classifier=ClassifyExpressionOperation,project/src/parsers/compatibility/firebird/firebird_dialect.cpp#ClassifyExpressionOperation:firebird.expression.generator.next_value_for,IMPLEMENT_NONCLUSTER,parser remap lead
project/src/parsers/compatibility/firebird,firebird.expression.context.get,expression_operation;classifier=ClassifyExpressionOperation,project/src/parsers/compatibility/firebird/firebird_dialect.cpp#ClassifyExpressionOperation:firebird.expression.context.get,IMPLEMENT_NONCLUSTER,parser remap lead
project/src/parsers/compatibility/firebird,firebird.expression.context.set,expression_operation;classifier=ClassifyExpressionOperation,project/src/parsers/compatibility/firebird/firebird_dialect.cpp#ClassifyExpressionOperation:firebird.expression.context.set,IMPLEMENT_NONCLUSTER,parser remap lead
project/src/parsers/compatibility/firebird,firebird.expression.context.variable,expression_operation;classifier=ClassifyExpressionOperation,project/src/parsers/compatibility/firebird/firebird_dialect.cpp#ClassifyExpressionOperation:firebird.expression.context.variable,IMPLEMENT_NONCLUSTER,parser remap lead
project/src/parsers/compatibility/firebird,firebird.expression.uuid.uuid_to_char,expression_operation;classifier=ClassifyExpressionOperation,project/src/parsers/compatibility/firebird/firebird_dialect.cpp#ClassifyExpressionOperation:firebird.expression.uuid.uuid_to_char,IMPLEMENT_NONCLUSTER,parser remap lead
project/src/parsers/compatibility/firebird,firebird.expression.uuid.char_to_uuid,expression_operation;classifier=ClassifyExpressionOperation,project/src/parsers/compatibility/firebird/firebird_dialect.cpp#ClassifyExpressionOperation:firebird.expression.uuid.char_to_uuid,IMPLEMENT_NONCLUSTER,parser remap lead
project/src/parsers/compatibility/firebird,firebird.expression.hash.hash,expression_operation;classifier=ClassifyExpressionOperation,project/src/parsers/compatibility/firebird/firebird_dialect.cpp#ClassifyExpressionOperation:firebird.expression.hash.hash,IMPLEMENT_NONCLUSTER,parser remap lead
project/src/parsers/compatibility/firebird,firebird.expression.temporal,expression_operation;classifier=ClassifyExpressionOperation,project/src/parsers/compatibility/firebird/firebird_dialect.cpp#ClassifyExpressionOperation:firebird.expression.temporal,IMPLEMENT_NONCLUSTER,parser remap lead
project/src/parsers/compatibility/firebird,firebird.expression.aggregate_window,expression_operation;classifier=ClassifyExpressionOperation,project/src/parsers/compatibility/firebird/firebird_dialect.cpp#ClassifyExpressionOperation:firebird.expression.aggregate_window,IMPLEMENT_NONCLUSTER,parser remap lead
project/src/parsers/compatibility/firebird,firebird.expression.conditional,expression_operation;classifier=ClassifyExpressionOperation,project/src/parsers/compatibility/firebird/firebird_dialect.cpp#ClassifyExpressionOperation:firebird.expression.conditional,IMPLEMENT_NONCLUSTER,parser remap lead
project/src/parsers/compatibility/firebird,firebird.expression.string,expression_operation;classifier=ClassifyExpressionOperation,project/src/parsers/compatibility/firebird/firebird_dialect.cpp#ClassifyExpressionOperation:firebird.expression.string,IMPLEMENT_NONCLUSTER,parser remap lead
project/src/parsers/compatibility/firebird,firebird.expression.numeric,expression_operation;classifier=ClassifyExpressionOperation,project/src/parsers/compatibility/firebird/firebird_dialect.cpp#ClassifyExpressionOperation:firebird.expression.numeric,IMPLEMENT_NONCLUSTER,parser remap lead
project/src/parsers/compatibility/firebird,firebird.datatype.domain.create,datatype_operation;classifier=ClassifyDatatypeOperation,project/src/parsers/compatibility/firebird/firebird_dialect.cpp#ClassifyDatatypeOperation:firebird.datatype.domain.create,PARSER_REMAP_ONLY,parser remap lead
project/src/parsers/compatibility/firebird,firebird.datatype.domain.alter,datatype_operation;classifier=ClassifyDatatypeOperation,project/src/parsers/compatibility/firebird/firebird_dialect.cpp#ClassifyDatatypeOperation:firebird.datatype.domain.alter,PARSER_REMAP_ONLY,parser remap lead
project/src/parsers/compatibility/firebird,firebird.datatype.domain.drop,datatype_operation;classifier=ClassifyDatatypeOperation,project/src/parsers/compatibility/firebird/firebird_dialect.cpp#ClassifyDatatypeOperation:firebird.datatype.domain.drop,PARSER_REMAP_ONLY,parser remap lead
project/src/parsers/compatibility/firebird,firebird.datatype.cast,datatype_operation;classifier=ClassifyDatatypeOperation,project/src/parsers/compatibility/firebird/firebird_dialect.cpp#ClassifyDatatypeOperation:firebird.datatype.cast,PARSER_REMAP_ONLY,parser remap lead
project/src/parsers/compatibility/firebird,firebird.datatype.temporal_literal,datatype_operation;classifier=ClassifyDatatypeOperation,project/src/parsers/compatibility/firebird/firebird_dialect.cpp#ClassifyDatatypeOperation:firebird.datatype.temporal_literal,PARSER_REMAP_ONLY,parser remap lead
project/src/parsers/compatibility/firebird,firebird.datatype.exact_numeric_descriptor,datatype_operation;classifier=ClassifyDatatypeOperation,project/src/parsers/compatibility/firebird/firebird_dialect.cpp#ClassifyDatatypeOperation:firebird.datatype.exact_numeric_descriptor,PARSER_REMAP_ONLY,parser remap lead
project/src/parsers/compatibility/firebird,firebird.datatype.text_blob_descriptor,datatype_operation;classifier=ClassifyDatatypeOperation,project/src/parsers/compatibility/firebird/firebird_dialect.cpp#ClassifyDatatypeOperation:firebird.datatype.text_blob_descriptor,PARSER_REMAP_ONLY,parser remap lead
project/src/parsers/compatibility/firebird,firebird.datatype.boolean_literal,datatype_operation;classifier=ClassifyDatatypeOperation,project/src/parsers/compatibility/firebird/firebird_dialect.cpp#ClassifyDatatypeOperation:firebird.datatype.boolean_literal,PARSER_REMAP_ONLY,parser remap lead
project/src/parsers/compatibility/firebird,firebird.catalog_overlay.information_schema,catalog_overlay_operation;classifier=ClassifyCatalogOverlayOperation,project/src/parsers/compatibility/firebird/firebird_dialect.cpp#ClassifyCatalogOverlayOperation:firebird.catalog_overlay.information_schema,PARSER_REMAP_ONLY,parser remap lead
project/src/parsers/compatibility/firebird,firebird.catalog_overlay.monitoring,catalog_overlay_operation;classifier=ClassifyCatalogOverlayOperation,project/src/parsers/compatibility/firebird/firebird_dialect.cpp#ClassifyCatalogOverlayOperation:firebird.catalog_overlay.monitoring,PARSER_REMAP_ONLY,parser remap lead
project/src/parsers/compatibility/firebird,firebird.catalog_overlay.security,catalog_overlay_operation;classifier=ClassifyCatalogOverlayOperation,project/src/parsers/compatibility/firebird/firebird_dialect.cpp#ClassifyCatalogOverlayOperation:firebird.catalog_overlay.security,PARSER_REMAP_ONLY,parser remap lead
project/src/parsers/compatibility/firebird,firebird.catalog_overlay.constraints_indexes,catalog_overlay_operation;classifier=ClassifyCatalogOverlayOperation,project/src/parsers/compatibility/firebird/firebird_dialect.cpp#ClassifyCatalogOverlayOperation:firebird.catalog_overlay.constraints_indexes,PARSER_REMAP_ONLY,parser remap lead
project/src/parsers/compatibility/firebird,firebird.catalog_overlay.routines_triggers_packages,catalog_overlay_operation;classifier=ClassifyCatalogOverlayOperation,project/src/parsers/compatibility/firebird/firebird_dialect.cpp#ClassifyCatalogOverlayOperation:firebird.catalog_overlay.routines_triggers_packages,PARSER_REMAP_ONLY,parser remap lead
project/src/parsers/compatibility/firebird,firebird.catalog_overlay.exceptions_collations_charsets,catalog_overlay_operation;classifier=ClassifyCatalogOverlayOperation,project/src/parsers/compatibility/firebird/firebird_dialect.cpp#ClassifyCatalogOverlayOperation:firebird.catalog_overlay.exceptions_collations_charsets,PARSER_REMAP_ONLY,parser remap lead
project/src/parsers/compatibility/firebird,firebird.catalog_overlay.rdb_core,catalog_overlay_operation;classifier=ClassifyCatalogOverlayOperation,project/src/parsers/compatibility/firebird/firebird_dialect.cpp#ClassifyCatalogOverlayOperation:firebird.catalog_overlay.rdb_core,PARSER_REMAP_ONLY,parser remap lead
project/src/parsers/compatibility/firebird,firebird.psql.execute_block,psql_operation;classifier=ClassifyPsqlOperation,project/src/parsers/compatibility/firebird/firebird_dialect.cpp#ClassifyPsqlOperation:firebird.psql.execute_block,IMPLEMENT_NONCLUSTER,parser remap lead
project/src/parsers/compatibility/firebird,firebird.psql.execute_statement,psql_operation;classifier=ClassifyPsqlOperation,project/src/parsers/compatibility/firebird/firebird_dialect.cpp#ClassifyPsqlOperation:firebird.psql.execute_statement,IMPLEMENT_NONCLUSTER,parser remap lead
project/src/parsers/compatibility/firebird,firebird.psql.block_fragment,psql_operation;classifier=ClassifyPsqlOperation,project/src/parsers/compatibility/firebird/firebird_dialect.cpp#ClassifyPsqlOperation:firebird.psql.block_fragment,IMPLEMENT_NONCLUSTER,parser remap lead
project/src/parsers/compatibility/firebird,firebird.psql.assignment_fragment,psql_operation;classifier=ClassifyPsqlOperation,project/src/parsers/compatibility/firebird/firebird_dialect.cpp#ClassifyPsqlOperation:firebird.psql.assignment_fragment,IMPLEMENT_NONCLUSTER,parser remap lead
project/src/parsers/compatibility/firebird,firebird.query.select.first_skip_rows,query_operation;classifier=ClassifyQueryOperation,project/src/parsers/compatibility/firebird/firebird_dialect.cpp#ClassifyQueryOperation:firebird.query.select.first_skip_rows,PARSER_REMAP_ONLY,parser remap lead
project/src/parsers/compatibility/firebird,firebird.query.cursor.for_update,query_operation;classifier=ClassifyQueryOperation,project/src/parsers/compatibility/firebird/firebird_dialect.cpp#ClassifyQueryOperation:firebird.query.cursor.for_update,PARSER_REMAP_ONLY,parser remap lead
project/src/parsers/compatibility/firebird,firebird.query.select,query_operation;classifier=ClassifyQueryOperation,project/src/parsers/compatibility/firebird/firebird_dialect.cpp#ClassifyQueryOperation:firebird.query.select,PARSER_REMAP_ONLY,parser remap lead
project/src/parsers/compatibility/firebird,firebird.dml.cursor.update_current_of,dml_operation;classifier=ClassifyDmlOperation,project/src/parsers/compatibility/firebird/firebird_dialect.cpp#ClassifyDmlOperation:firebird.dml.cursor.update_current_of,PARSER_REMAP_ONLY,parser remap lead
project/src/parsers/compatibility/firebird,firebird.dml.cursor.delete_current_of,dml_operation;classifier=ClassifyDmlOperation,project/src/parsers/compatibility/firebird/firebird_dialect.cpp#ClassifyDmlOperation:firebird.dml.cursor.delete_current_of,PARSER_REMAP_ONLY,parser remap lead
project/src/parsers/compatibility/firebird,firebird.dml.execute_procedure,dml_operation;classifier=ClassifyDmlOperation,project/src/parsers/compatibility/firebird/firebird_dialect.cpp#ClassifyDmlOperation:firebird.dml.execute_procedure,PARSER_REMAP_ONLY,parser remap lead
project/src/parsers/compatibility/firebird,firebird.dml.call,dml_operation;classifier=ClassifyDmlOperation,project/src/parsers/compatibility/firebird/firebird_dialect.cpp#ClassifyDmlOperation:firebird.dml.call,PARSER_REMAP_ONLY,parser remap lead
project/src/parsers/compatibility/firebird,firebird.ddl.create_or_alter,ddl_operation;classifier=ClassifyDdlOperation,project/src/parsers/compatibility/firebird/firebird_dialect.cpp#ClassifyDdlOperation:firebird.ddl.create_or_alter,PARSER_REMAP_ONLY,parser remap lead
project/src/parsers/compatibility/firebird,firebird.ddl.create,ddl_operation;classifier=ClassifyDdlOperation,project/src/parsers/compatibility/firebird/firebird_dialect.cpp#ClassifyDdlOperation:firebird.ddl.create,PARSER_REMAP_ONLY,parser remap lead
project/src/parsers/compatibility/firebird,firebird.ddl.alter,ddl_operation;classifier=ClassifyDdlOperation,project/src/parsers/compatibility/firebird/firebird_dialect.cpp#ClassifyDdlOperation:firebird.ddl.alter,PARSER_REMAP_ONLY,parser remap lead
project/src/parsers/compatibility/firebird,firebird.ddl.drop,ddl_operation;classifier=ClassifyDdlOperation,project/src/parsers/compatibility/firebird/firebird_dialect.cpp#ClassifyDdlOperation:firebird.ddl.drop,PARSER_REMAP_ONLY,parser remap lead
project/src/parsers/compatibility/firebird,firebird.ddl.recreate,ddl_operation;classifier=ClassifyDdlOperation,project/src/parsers/compatibility/firebird/firebird_dialect.cpp#ClassifyDdlOperation:firebird.ddl.recreate,PARSER_REMAP_ONLY,parser remap lead
project/src/parsers/compatibility/firebird,firebird.ddl.comment,ddl_operation;classifier=ClassifyDdlOperation,project/src/parsers/compatibility/firebird/firebird_dialect.cpp#ClassifyDdlOperation:firebird.ddl.comment,PARSER_REMAP_ONLY,parser remap lead
project/src/parsers/compatibility/firebird,firebird.ddl.grant,ddl_operation;classifier=ClassifyDdlOperation,project/src/parsers/compatibility/firebird/firebird_dialect.cpp#ClassifyDdlOperation:firebird.ddl.grant,PARSER_REMAP_ONLY,parser remap lead
project/src/parsers/compatibility/firebird,firebird.ddl.revoke,ddl_operation;classifier=ClassifyDdlOperation,project/src/parsers/compatibility/firebird/firebird_dialect.cpp#ClassifyDdlOperation:firebird.ddl.revoke,PARSER_REMAP_ONLY,parser remap lead
project/src/parsers/compatibility/firebird,firebird.isql.noop,isql_operation;classifier=ClassifyIsqlOperation,project/src/parsers/compatibility/firebird/firebird_dialect.cpp#ClassifyIsqlOperation:firebird.isql.noop,EXTERNAL_AUTHORITY,parser remap lead
project/src/parsers/compatibility/firebird,firebird.isql.input_data_block,isql_operation;classifier=ClassifyIsqlOperation,project/src/parsers/compatibility/firebird/firebird_dialect.cpp#ClassifyIsqlOperation:firebird.isql.input_data_block,EXTERNAL_AUTHORITY,parser remap lead
project/src/parsers/compatibility/firebird,firebird.isql.connect,isql_operation;classifier=ClassifyIsqlOperation,project/src/parsers/compatibility/firebird/firebird_dialect.cpp#ClassifyIsqlOperation:firebird.isql.connect,EXTERNAL_AUTHORITY,parser remap lead
project/src/parsers/compatibility/firebird,firebird.isql.disconnect,isql_operation;classifier=ClassifyIsqlOperation,project/src/parsers/compatibility/firebird/firebird_dialect.cpp#ClassifyIsqlOperation:firebird.isql.disconnect,EXTERNAL_AUTHORITY,parser remap lead
project/src/parsers/compatibility/firebird,firebird.isql.set,isql_operation;classifier=ClassifyIsqlOperation,project/src/parsers/compatibility/firebird/firebird_dialect.cpp#ClassifyIsqlOperation:firebird.isql.set,EXTERNAL_AUTHORITY,parser remap lead
project/src/parsers/compatibility/firebird,firebird.isql.show,isql_operation;classifier=ClassifyIsqlOperation,project/src/parsers/compatibility/firebird/firebird_dialect.cpp#ClassifyIsqlOperation:firebird.isql.show,EXTERNAL_AUTHORITY,parser remap lead
project/src/parsers/compatibility/firebird,firebird.isql.extract,isql_operation;classifier=ClassifyIsqlOperation,project/src/parsers/compatibility/firebird/firebird_dialect.cpp#ClassifyIsqlOperation:firebird.isql.extract,EXTERNAL_AUTHORITY,parser remap lead
project/src/parsers/compatibility/firebird,firebird.isql.input,isql_operation;classifier=ClassifyIsqlOperation,project/src/parsers/compatibility/firebird/firebird_dialect.cpp#ClassifyIsqlOperation:firebird.isql.input,EXTERNAL_AUTHORITY,parser remap lead
project/src/parsers/compatibility/firebird,firebird.isql.output,isql_operation;classifier=ClassifyIsqlOperation,project/src/parsers/compatibility/firebird/firebird_dialect.cpp#ClassifyIsqlOperation:firebird.isql.output,EXTERNAL_AUTHORITY,parser remap lead
project/src/parsers/compatibility/firebird,firebird.isql.help,isql_operation;classifier=ClassifyIsqlOperation,project/src/parsers/compatibility/firebird/firebird_dialect.cpp#ClassifyIsqlOperation:firebird.isql.help,EXTERNAL_AUTHORITY,parser remap lead
project/src/parsers/compatibility/firebird,firebird.isql.exit,isql_operation;classifier=ClassifyIsqlOperation,project/src/parsers/compatibility/firebird/firebird_dialect.cpp#ClassifyIsqlOperation:firebird.isql.exit,EXTERNAL_AUTHORITY,parser remap lead
project/src/parsers/compatibility/firebird,firebird.isql.frontend_utility,isql_operation;classifier=ClassifyIsqlOperation,project/src/parsers/compatibility/firebird/firebird_dialect.cpp#ClassifyIsqlOperation:firebird.isql.frontend_utility,EXTERNAL_AUTHORITY,parser remap lead
project/src/parsers/compatibility/firebird,firebird.ddl.create_or_alter.package_body,ddl_operation;classifier=ClassifyRoutineDdlOperation;verb=create_or_alter;object=package_body,project/src/parsers/compatibility/firebird/firebird_dialect.cpp#ClassifyRoutineDdlOperation:firebird.ddl.create_or_alter.package_body,PARSER_REMAP_ONLY,parser remap lead
project/src/parsers/compatibility/firebird,firebird.ddl.create_or_alter.procedure,ddl_operation;classifier=ClassifyRoutineDdlOperation;verb=create_or_alter;object=procedure,project/src/parsers/compatibility/firebird/firebird_dialect.cpp#ClassifyRoutineDdlOperation:firebird.ddl.create_or_alter.procedure,PARSER_REMAP_ONLY,parser remap lead
project/src/parsers/compatibility/firebird,firebird.ddl.create_or_alter.function,ddl_operation;classifier=ClassifyRoutineDdlOperation;verb=create_or_alter;object=function,project/src/parsers/compatibility/firebird/firebird_dialect.cpp#ClassifyRoutineDdlOperation:firebird.ddl.create_or_alter.function,PARSER_REMAP_ONLY,parser remap lead
project/src/parsers/compatibility/firebird,firebird.ddl.create_or_alter.package,ddl_operation;classifier=ClassifyRoutineDdlOperation;verb=create_or_alter;object=package,project/src/parsers/compatibility/firebird/firebird_dialect.cpp#ClassifyRoutineDdlOperation:firebird.ddl.create_or_alter.package,PARSER_REMAP_ONLY,parser remap lead
project/src/parsers/compatibility/firebird,firebird.ddl.create_or_alter.trigger,ddl_operation;classifier=ClassifyRoutineDdlOperation;verb=create_or_alter;object=trigger,project/src/parsers/compatibility/firebird/firebird_dialect.cpp#ClassifyRoutineDdlOperation:firebird.ddl.create_or_alter.trigger,PARSER_REMAP_ONLY,parser remap lead
project/src/parsers/compatibility/firebird,firebird.ddl.create_or_alter.exception,ddl_operation;classifier=ClassifyRoutineDdlOperation;verb=create_or_alter;object=exception,project/src/parsers/compatibility/firebird/firebird_dialect.cpp#ClassifyRoutineDdlOperation:firebird.ddl.create_or_alter.exception,PARSER_REMAP_ONLY,parser remap lead
project/src/parsers/compatibility/firebird,firebird.ddl.create_or_alter.sequence,ddl_operation;classifier=ClassifyRoutineDdlOperation;verb=create_or_alter;object=sequence,project/src/parsers/compatibility/firebird/firebird_dialect.cpp#ClassifyRoutineDdlOperation:firebird.ddl.create_or_alter.sequence,PARSER_REMAP_ONLY,parser remap lead
project/src/parsers/compatibility/firebird,firebird.ddl.create_or_alter.role,ddl_operation;classifier=ClassifyRoutineDdlOperation;verb=create_or_alter;object=role,project/src/parsers/compatibility/firebird/firebird_dialect.cpp#ClassifyRoutineDdlOperation:firebird.ddl.create_or_alter.role,PARSER_REMAP_ONLY,parser remap lead
project/src/parsers/compatibility/firebird,firebird.ddl.create_or_alter.user,ddl_operation;classifier=ClassifyRoutineDdlOperation;verb=create_or_alter;object=user,project/src/parsers/compatibility/firebird/firebird_dialect.cpp#ClassifyRoutineDdlOperation:firebird.ddl.create_or_alter.user,PARSER_REMAP_ONLY,parser remap lead
project/src/parsers/compatibility/firebird,firebird.ddl.create.package_body,ddl_operation;classifier=ClassifyRoutineDdlOperation;verb=create;object=package_body,project/src/parsers/compatibility/firebird/firebird_dialect.cpp#ClassifyRoutineDdlOperation:firebird.ddl.create.package_body,PARSER_REMAP_ONLY,parser remap lead
project/src/parsers/compatibility/firebird,firebird.ddl.create.procedure,ddl_operation;classifier=ClassifyRoutineDdlOperation;verb=create;object=procedure,project/src/parsers/compatibility/firebird/firebird_dialect.cpp#ClassifyRoutineDdlOperation:firebird.ddl.create.procedure,PARSER_REMAP_ONLY,parser remap lead
project/src/parsers/compatibility/firebird,firebird.ddl.create.function,ddl_operation;classifier=ClassifyRoutineDdlOperation;verb=create;object=function,project/src/parsers/compatibility/firebird/firebird_dialect.cpp#ClassifyRoutineDdlOperation:firebird.ddl.create.function,PARSER_REMAP_ONLY,parser remap lead
project/src/parsers/compatibility/firebird,firebird.ddl.create.package,ddl_operation;classifier=ClassifyRoutineDdlOperation;verb=create;object=package,project/src/parsers/compatibility/firebird/firebird_dialect.cpp#ClassifyRoutineDdlOperation:firebird.ddl.create.package,PARSER_REMAP_ONLY,parser remap lead
project/src/parsers/compatibility/firebird,firebird.ddl.create.trigger,ddl_operation;classifier=ClassifyRoutineDdlOperation;verb=create;object=trigger,project/src/parsers/compatibility/firebird/firebird_dialect.cpp#ClassifyRoutineDdlOperation:firebird.ddl.create.trigger,PARSER_REMAP_ONLY,parser remap lead
project/src/parsers/compatibility/firebird,firebird.ddl.create.exception,ddl_operation;classifier=ClassifyRoutineDdlOperation;verb=create;object=exception,project/src/parsers/compatibility/firebird/firebird_dialect.cpp#ClassifyRoutineDdlOperation:firebird.ddl.create.exception,PARSER_REMAP_ONLY,parser remap lead
project/src/parsers/compatibility/firebird,firebird.ddl.create.sequence,ddl_operation;classifier=ClassifyRoutineDdlOperation;verb=create;object=sequence,project/src/parsers/compatibility/firebird/firebird_dialect.cpp#ClassifyRoutineDdlOperation:firebird.ddl.create.sequence,PARSER_REMAP_ONLY,parser remap lead
project/src/parsers/compatibility/firebird,firebird.ddl.create.role,ddl_operation;classifier=ClassifyRoutineDdlOperation;verb=create;object=role,project/src/parsers/compatibility/firebird/firebird_dialect.cpp#ClassifyRoutineDdlOperation:firebird.ddl.create.role,PARSER_REMAP_ONLY,parser remap lead
project/src/parsers/compatibility/firebird,firebird.ddl.create.user,ddl_operation;classifier=ClassifyRoutineDdlOperation;verb=create;object=user,project/src/parsers/compatibility/firebird/firebird_dialect.cpp#ClassifyRoutineDdlOperation:firebird.ddl.create.user,PARSER_REMAP_ONLY,parser remap lead
project/src/parsers/compatibility/firebird,firebird.ddl.alter.package_body,ddl_operation;classifier=ClassifyRoutineDdlOperation;verb=alter;object=package_body,project/src/parsers/compatibility/firebird/firebird_dialect.cpp#ClassifyRoutineDdlOperation:firebird.ddl.alter.package_body,PARSER_REMAP_ONLY,parser remap lead
project/src/parsers/compatibility/firebird,firebird.ddl.alter.procedure,ddl_operation;classifier=ClassifyRoutineDdlOperation;verb=alter;object=procedure,project/src/parsers/compatibility/firebird/firebird_dialect.cpp#ClassifyRoutineDdlOperation:firebird.ddl.alter.procedure,PARSER_REMAP_ONLY,parser remap lead
project/src/parsers/compatibility/firebird,firebird.ddl.alter.function,ddl_operation;classifier=ClassifyRoutineDdlOperation;verb=alter;object=function,project/src/parsers/compatibility/firebird/firebird_dialect.cpp#ClassifyRoutineDdlOperation:firebird.ddl.alter.function,PARSER_REMAP_ONLY,parser remap lead
project/src/parsers/compatibility/firebird,firebird.ddl.alter.package,ddl_operation;classifier=ClassifyRoutineDdlOperation;verb=alter;object=package,project/src/parsers/compatibility/firebird/firebird_dialect.cpp#ClassifyRoutineDdlOperation:firebird.ddl.alter.package,PARSER_REMAP_ONLY,parser remap lead
project/src/parsers/compatibility/firebird,firebird.ddl.alter.trigger,ddl_operation;classifier=ClassifyRoutineDdlOperation;verb=alter;object=trigger,project/src/parsers/compatibility/firebird/firebird_dialect.cpp#ClassifyRoutineDdlOperation:firebird.ddl.alter.trigger,PARSER_REMAP_ONLY,parser remap lead
project/src/parsers/compatibility/firebird,firebird.ddl.alter.exception,ddl_operation;classifier=ClassifyRoutineDdlOperation;verb=alter;object=exception,project/src/parsers/compatibility/firebird/firebird_dialect.cpp#ClassifyRoutineDdlOperation:firebird.ddl.alter.exception,PARSER_REMAP_ONLY,parser remap lead
project/src/parsers/compatibility/firebird,firebird.ddl.alter.sequence,ddl_operation;classifier=ClassifyRoutineDdlOperation;verb=alter;object=sequence,project/src/parsers/compatibility/firebird/firebird_dialect.cpp#ClassifyRoutineDdlOperation:firebird.ddl.alter.sequence,PARSER_REMAP_ONLY,parser remap lead
project/src/parsers/compatibility/firebird,firebird.ddl.alter.role,ddl_operation;classifier=ClassifyRoutineDdlOperation;verb=alter;object=role,project/src/parsers/compatibility/firebird/firebird_dialect.cpp#ClassifyRoutineDdlOperation:firebird.ddl.alter.role,PARSER_REMAP_ONLY,parser remap lead
project/src/parsers/compatibility/firebird,firebird.ddl.alter.user,ddl_operation;classifier=ClassifyRoutineDdlOperation;verb=alter;object=user,project/src/parsers/compatibility/firebird/firebird_dialect.cpp#ClassifyRoutineDdlOperation:firebird.ddl.alter.user,PARSER_REMAP_ONLY,parser remap lead
project/src/parsers/compatibility/firebird,firebird.ddl.drop.package_body,ddl_operation;classifier=ClassifyRoutineDdlOperation;verb=drop;object=package_body,project/src/parsers/compatibility/firebird/firebird_dialect.cpp#ClassifyRoutineDdlOperation:firebird.ddl.drop.package_body,PARSER_REMAP_ONLY,parser remap lead
project/src/parsers/compatibility/firebird,firebird.ddl.drop.procedure,ddl_operation;classifier=ClassifyRoutineDdlOperation;verb=drop;object=procedure,project/src/parsers/compatibility/firebird/firebird_dialect.cpp#ClassifyRoutineDdlOperation:firebird.ddl.drop.procedure,PARSER_REMAP_ONLY,parser remap lead
project/src/parsers/compatibility/firebird,firebird.ddl.drop.function,ddl_operation;classifier=ClassifyRoutineDdlOperation;verb=drop;object=function,project/src/parsers/compatibility/firebird/firebird_dialect.cpp#ClassifyRoutineDdlOperation:firebird.ddl.drop.function,PARSER_REMAP_ONLY,parser remap lead
project/src/parsers/compatibility/firebird,firebird.ddl.drop.package,ddl_operation;classifier=ClassifyRoutineDdlOperation;verb=drop;object=package,project/src/parsers/compatibility/firebird/firebird_dialect.cpp#ClassifyRoutineDdlOperation:firebird.ddl.drop.package,PARSER_REMAP_ONLY,parser remap lead
project/src/parsers/compatibility/firebird,firebird.ddl.drop.trigger,ddl_operation;classifier=ClassifyRoutineDdlOperation;verb=drop;object=trigger,project/src/parsers/compatibility/firebird/firebird_dialect.cpp#ClassifyRoutineDdlOperation:firebird.ddl.drop.trigger,PARSER_REMAP_ONLY,parser remap lead
project/src/parsers/compatibility/firebird,firebird.ddl.drop.exception,ddl_operation;classifier=ClassifyRoutineDdlOperation;verb=drop;object=exception,project/src/parsers/compatibility/firebird/firebird_dialect.cpp#ClassifyRoutineDdlOperation:firebird.ddl.drop.exception,PARSER_REMAP_ONLY,parser remap lead
project/src/parsers/compatibility/firebird,firebird.ddl.drop.sequence,ddl_operation;classifier=ClassifyRoutineDdlOperation;verb=drop;object=sequence,project/src/parsers/compatibility/firebird/firebird_dialect.cpp#ClassifyRoutineDdlOperation:firebird.ddl.drop.sequence,PARSER_REMAP_ONLY,parser remap lead
project/src/parsers/compatibility/firebird,firebird.ddl.drop.role,ddl_operation;classifier=ClassifyRoutineDdlOperation;verb=drop;object=role,project/src/parsers/compatibility/firebird/firebird_dialect.cpp#ClassifyRoutineDdlOperation:firebird.ddl.drop.role,PARSER_REMAP_ONLY,parser remap lead
project/src/parsers/compatibility/firebird,firebird.ddl.drop.user,ddl_operation;classifier=ClassifyRoutineDdlOperation;verb=drop;object=user,project/src/parsers/compatibility/firebird/firebird_dialect.cpp#ClassifyRoutineDdlOperation:firebird.ddl.drop.user,PARSER_REMAP_ONLY,parser remap lead
project/src/parsers/compatibility/firebird,firebird.transaction.set_transaction,transaction_operation;classifier=ParseStatement,project/src/parsers/compatibility/firebird/firebird_dialect.cpp#ParseStatement:firebird.transaction.set_transaction,PARSER_REMAP_ONLY,parser remap lead
project/src/parsers/compatibility/firebird,firebird.transaction.savepoint,transaction_operation;classifier=ParseStatement,project/src/parsers/compatibility/firebird/firebird_dialect.cpp#ParseStatement:firebird.transaction.savepoint,PARSER_REMAP_ONLY,parser remap lead
project/src/parsers/compatibility/firebird,firebird.transaction.control,transaction_operation;classifier=ParseStatement,project/src/parsers/compatibility/firebird/firebird_dialect.cpp#ParseStatement:firebird.transaction.control,PARSER_REMAP_ONLY,parser remap lead
project/src/parsers/compatibility/firebird,firebird.catalog_overlay.read_only_violation,parse_statement_terminal_family,project/src/parsers/compatibility/firebird/firebird_dialect.cpp#ParseStatement:firebird.catalog_overlay.read_only_violation,ARCHITECTURE_REFUSAL,parser remap lead
project/src/parsers/compatibility/firebird,firebird.invalid_input,parse_statement_terminal_family,project/src/parsers/compatibility/firebird/firebird_dialect.cpp#ParseStatement:firebird.invalid_input,ARCHITECTURE_REFUSAL,parser remap lead
project/src/parsers/compatibility/firebird,source_marker:unsupported,source_marker_requires_review,project/src/parsers/compatibility/firebird/firebird_dialect.cpp#marker:unsupported,ARCHITECTURE_REFUSAL,inventory classification lead
project/src/parsers/compatibility/foundationdb,foundationdb.admin.configure,kPolicyRefusal;match=CONFIGURE;mapping=foundationdb.policy.cluster.configure;sblr=none;engine_api=none;diagnostic=FOUNDATIONDB.AUTHORITY.CLUSTER_CONTROL_RESERVED,project/src/parsers/compatibility/foundationdb/foundationdb_dialect.cpp#kPatterns:foundationdb.admin.configure,NORMALIZE_CLUSTER,parser remap lead
project/src/parsers/compatibility/foundationdb,foundationdb.admin.coordinators,kPolicyRefusal;match=COORDINATORS;mapping=foundationdb.policy.cluster.coordinators;sblr=none;engine_api=none;diagnostic=FOUNDATIONDB.AUTHORITY.CLUSTER_CONTROL_RESERVED,project/src/parsers/compatibility/foundationdb/foundationdb_dialect.cpp#kPatterns:foundationdb.admin.coordinators,NORMALIZE_CLUSTER,parser remap lead
project/src/parsers/compatibility/foundationdb,foundationdb.admin.exclude,kPolicyRefusal;match=EXCLUDE;mapping=foundationdb.policy.cluster.exclude;sblr=none;engine_api=none;diagnostic=FOUNDATIONDB.AUTHORITY.CLUSTER_CONTROL_RESERVED,project/src/parsers/compatibility/foundationdb/foundationdb_dialect.cpp#kPatterns:foundationdb.admin.exclude,NORMALIZE_CLUSTER,parser remap lead
project/src/parsers/compatibility/foundationdb,foundationdb.admin.include,kPolicyRefusal;match=INCLUDE;mapping=foundationdb.policy.cluster.include;sblr=none;engine_api=none;diagnostic=FOUNDATIONDB.AUTHORITY.CLUSTER_CONTROL_RESERVED,project/src/parsers/compatibility/foundationdb/foundationdb_dialect.cpp#kPatterns:foundationdb.admin.include,NORMALIZE_CLUSTER,parser remap lead
project/src/parsers/compatibility/foundationdb,foundationdb.admin.kill,kPolicyRefusal;match=KILL;mapping=foundationdb.policy.cluster.kill;sblr=none;engine_api=none;diagnostic=FOUNDATIONDB.AUTHORITY.CLUSTER_CONTROL_RESERVED,project/src/parsers/compatibility/foundationdb/foundationdb_dialect.cpp#kPatterns:foundationdb.admin.kill,NORMALIZE_CLUSTER,parser remap lead
project/src/parsers/compatibility/foundationdb,foundationdb.admin.force_recovery,kPolicyRefusal;match=FORCE_RECOVERY;mapping=foundationdb.policy.cluster.force_recovery;sblr=none;engine_api=none;diagnostic=FOUNDATIONDB.AUTHORITY.CLUSTER_CONTROL_RESERVED,project/src/parsers/compatibility/foundationdb/foundationdb_dialect.cpp#kPatterns:foundationdb.admin.force_recovery,NORMALIZE_CLUSTER,parser remap lead
project/src/parsers/compatibility/foundationdb,foundationdb.kv.get_range,kAdmittedSblr;match=GET_RANGE;mapping=foundationdb.kv.get_range;sblr=SBLR_COMPAT_FOUNDATIONDB_GET_RANGE;engine_api=EngineKvGetRange;diagnostic=none,project/src/parsers/compatibility/foundationdb/foundationdb_dialect.cpp#kPatterns:foundationdb.kv.get_range,PARSER_REMAP_ONLY,parser remap lead
project/src/parsers/compatibility/foundationdb,foundationdb.kv.get_key,kAdmittedSblr;match=GET_KEY;mapping=foundationdb.kv.get_key;sblr=SBLR_COMPAT_FOUNDATIONDB_GET;engine_api=EngineKvGet;diagnostic=none,project/src/parsers/compatibility/foundationdb/foundationdb_dialect.cpp#kPatterns:foundationdb.kv.get_key,PARSER_REMAP_ONLY,parser remap lead
project/src/parsers/compatibility/foundationdb,foundationdb.kv.get,kAdmittedSblr;match=GET;mapping=foundationdb.kv.get;sblr=SBLR_COMPAT_FOUNDATIONDB_GET;engine_api=EngineKvGet;diagnostic=none,project/src/parsers/compatibility/foundationdb/foundationdb_dialect.cpp#kPatterns:foundationdb.kv.get,PARSER_REMAP_ONLY,parser remap lead
project/src/parsers/compatibility/foundationdb,foundationdb.kv.clear_range,kAdmittedSblr;match=CLEAR_RANGE;mapping=foundationdb.kv.clear_range;sblr=SBLR_COMPAT_FOUNDATIONDB_CLEAR_RANGE;engine_api=EngineKvClearRange;diagnostic=none,project/src/parsers/compatibility/foundationdb/foundationdb_dialect.cpp#kPatterns:foundationdb.kv.clear_range,PARSER_REMAP_ONLY,parser remap lead
project/src/parsers/compatibility/foundationdb,foundationdb.kv.clear,kAdmittedSblr;match=CLEAR;mapping=foundationdb.kv.clear;sblr=SBLR_COMPAT_FOUNDATIONDB_CLEAR;engine_api=EngineKvClear;diagnostic=none,project/src/parsers/compatibility/foundationdb/foundationdb_dialect.cpp#kPatterns:foundationdb.kv.clear,PARSER_REMAP_ONLY,parser remap lead
project/src/parsers/compatibility/foundationdb,foundationdb.kv.set_versionstamped,kParserSupportUdr;match=SET_VERSIONSTAMPED;mapping=foundationdb.udr.versionstamp;sblr=SBLR_COMPAT_FOUNDATIONDB_VERSIONSTAMP_ROUTE;engine_api=ParserSupportVersionstampRoute;diagnostic=FOUNDATIONDB.EMULATION.VERSIONSTAMP_ROUTE,project/src/parsers/compatibility/foundationdb/foundationdb_dialect.cpp#kPatterns:foundationdb.kv.set_versionstamped,IMPLEMENT_NONCLUSTER,parser remap lead
project/src/parsers/compatibility/foundationdb,foundationdb.kv.set,kAdmittedSblr;match=SET;mapping=foundationdb.kv.set;sblr=SBLR_COMPAT_FOUNDATIONDB_SET;engine_api=EngineKvSet;diagnostic=none,project/src/parsers/compatibility/foundationdb/foundationdb_dialect.cpp#kPatterns:foundationdb.kv.set,PARSER_REMAP_ONLY,parser remap lead
project/src/parsers/compatibility/foundationdb,foundationdb.kv.atomic_op,kParserSupportUdr;match=ATOMIC_OP;mapping=foundationdb.udr.atomic_op;sblr=SBLR_COMPAT_FOUNDATIONDB_ATOMIC_ROUTE;engine_api=ParserSupportAtomicRoute;diagnostic=FOUNDATIONDB.EMULATION.ATOMIC_ROUTE,project/src/parsers/compatibility/foundationdb/foundationdb_dialect.cpp#kPatterns:foundationdb.kv.atomic_op,IMPLEMENT_NONCLUSTER,parser remap lead
project/src/parsers/compatibility/foundationdb,foundationdb.kv.watch,kParserSupportUdr;match=WATCH;mapping=foundationdb.udr.watch;sblr=SBLR_COMPAT_FOUNDATIONDB_WATCH_ROUTE;engine_api=ParserSupportWatchRoute;diagnostic=FOUNDATIONDB.EMULATION.WATCH_ROUTE,project/src/parsers/compatibility/foundationdb/foundationdb_dialect.cpp#kPatterns:foundationdb.kv.watch,IMPLEMENT_NONCLUSTER,parser remap lead
project/src/parsers/compatibility/foundationdb,foundationdb.directory.create,kParserSupportUdr;match=DIRECTORY_CREATE;mapping=foundationdb.udr.directory.create;sblr=SBLR_COMPAT_FOUNDATIONDB_DIRECTORY_ROUTE;engine_api=ParserSupportDirectoryRoute;diagnostic=FOUNDATIONDB.EMULATION.DIRECTORY_ROUTE,project/src/parsers/compatibility/foundationdb/foundationdb_dialect.cpp#kPatterns:foundationdb.directory.create,IMPLEMENT_NONCLUSTER,parser remap lead
project/src/parsers/compatibility/foundationdb,foundationdb.directory.open,kCatalogProjection;match=DIRECTORY_OPEN;mapping=foundationdb.directory.open;sblr=SBLR_COMPAT_FOUNDATIONDB_DIRECTORY_ROUTE;engine_api=EngineCatalogProjection;diagnostic=none,project/src/parsers/compatibility/foundationdb/foundationdb_dialect.cpp#kPatterns:foundationdb.directory.open,PARSER_REMAP_ONLY,parser remap lead
project/src/parsers/compatibility/foundationdb,foundationdb.directory.remove,kParserSupportUdr;match=DIRECTORY_REMOVE;mapping=foundationdb.udr.directory.remove;sblr=SBLR_COMPAT_FOUNDATIONDB_DIRECTORY_ROUTE;engine_api=ParserSupportDirectoryRoute;diagnostic=FOUNDATIONDB.EMULATION.DIRECTORY_ROUTE,project/src/parsers/compatibility/foundationdb/foundationdb_dialect.cpp#kPatterns:foundationdb.directory.remove,IMPLEMENT_NONCLUSTER,parser remap lead
project/src/parsers/compatibility/foundationdb,foundationdb.tuple.pack,kParserSupportUdr;match=TUPLE_PACK;mapping=foundationdb.udr.tuple.pack;sblr=SBLR_COMPAT_FOUNDATIONDB_TUPLE_ROUTE;engine_api=ParserSupportTupleRoute;diagnostic=FOUNDATIONDB.EMULATION.TUPLE_ROUTE,project/src/parsers/compatibility/foundationdb/foundationdb_dialect.cpp#kPatterns:foundationdb.tuple.pack,IMPLEMENT_NONCLUSTER,parser remap lead
project/src/parsers/compatibility/foundationdb,foundationdb.tuple.unpack,kParserSupportUdr;match=TUPLE_UNPACK;mapping=foundationdb.udr.tuple.unpack;sblr=SBLR_COMPAT_FOUNDATIONDB_TUPLE_ROUTE;engine_api=ParserSupportTupleRoute;diagnostic=FOUNDATIONDB.EMULATION.TUPLE_ROUTE,project/src/parsers/compatibility/foundationdb/foundationdb_dialect.cpp#kPatterns:foundationdb.tuple.unpack,IMPLEMENT_NONCLUSTER,parser remap lead
project/src/parsers/compatibility/foundationdb,foundationdb.tenant.create,kParserSupportUdr;match=TENANT_CREATE;mapping=foundationdb.udr.tenant.create;sblr=SBLR_COMPAT_FOUNDATIONDB_TENANT_ROUTE;engine_api=ParserSupportTenantRoute;diagnostic=FOUNDATIONDB.EMULATION.TENANT_ROUTE,project/src/parsers/compatibility/foundationdb/foundationdb_dialect.cpp#kPatterns:foundationdb.tenant.create,IMPLEMENT_NONCLUSTER,parser remap lead
project/src/parsers/compatibility/foundationdb,foundationdb.tenant.delete,kParserSupportUdr;match=TENANT_DELETE;mapping=foundationdb.udr.tenant.delete;sblr=SBLR_COMPAT_FOUNDATIONDB_TENANT_ROUTE;engine_api=ParserSupportTenantRoute;diagnostic=FOUNDATIONDB.EMULATION.TENANT_ROUTE,project/src/parsers/compatibility/foundationdb/foundationdb_dialect.cpp#kPatterns:foundationdb.tenant.delete,IMPLEMENT_NONCLUSTER,parser remap lead
project/src/parsers/compatibility/foundationdb,foundationdb.catalog.status,kCatalogProjection;match=STATUS;mapping=foundationdb.catalog.status;sblr=SBLR_COMPAT_FOUNDATIONDB_CATALOG_PROJECT;engine_api=EngineCatalogProjection;diagnostic=none,project/src/parsers/compatibility/foundationdb/foundationdb_dialect.cpp#kPatterns:foundationdb.catalog.status,PARSER_REMAP_ONLY,parser remap lead
project/src/parsers/compatibility/foundationdb,foundationdb.transaction.get_read_version,kCatalogProjection;match=GET_READ_VERSION;mapping=foundationdb.transaction.get_read_version;sblr=SBLR_COMPAT_FOUNDATIONDB_CATALOG_PROJECT;engine_api=EngineCatalogProjection;diagnostic=none,project/src/parsers/compatibility/foundationdb/foundationdb_dialect.cpp#kPatterns:foundationdb.transaction.get_read_version,PARSER_REMAP_ONLY,parser remap lead
project/src/parsers/compatibility/foundationdb,foundationdb.transaction.commit,kAdmittedSblr;match=COMMIT;mapping=foundationdb.transaction.commit;sblr=SBLR_TRANSACTION_COMMIT;engine_api=EngineCommitTransaction;diagnostic=none,project/src/parsers/compatibility/foundationdb/foundationdb_dialect.cpp#kPatterns:foundationdb.transaction.commit,PARSER_REMAP_ONLY,parser remap lead
project/src/parsers/compatibility/foundationdb,foundationdb.transaction.reset,kAdmittedSblr;match=RESET;mapping=foundationdb.transaction.rollback;sblr=SBLR_TRANSACTION_ROLLBACK;engine_api=EngineRollbackTransaction;diagnostic=none,project/src/parsers/compatibility/foundationdb/foundationdb_dialect.cpp#kPatterns:foundationdb.transaction.reset,PARSER_REMAP_ONLY,parser remap lead
project/src/parsers/compatibility/foundationdb,foundationdb.transaction.cancel,kAdmittedSblr;match=CANCEL;mapping=foundationdb.transaction.cancel;sblr=SBLR_TRANSACTION_ROLLBACK;engine_api=EngineRollbackTransaction;diagnostic=none,project/src/parsers/compatibility/foundationdb/foundationdb_dialect.cpp#kPatterns:foundationdb.transaction.cancel,PARSER_REMAP_ONLY,parser remap lead
project/src/parsers/compatibility/foundationdb,datatype_surface:key,descriptor;surface=KEY;BYTE_STRING;SUBSPACE_KEY,project/src/parsers/compatibility/foundationdb/foundationdb_dialect.cpp#kDatatypeSurfaces:key,DOCUMENTATION_ONLY,inventory classification lead
project/src/parsers/compatibility/foundationdb,datatype_surface:value,descriptor;surface=VALUE;BYTE_STRING,project/src/parsers/compatibility/foundationdb/foundationdb_dialect.cpp#kDatatypeSurfaces:value,DOCUMENTATION_ONLY,inventory classification lead
project/src/parsers/compatibility/foundationdb,datatype_surface:tuple,parser_support_udr;surface=TUPLE;VERSIONSTAMP;NESTED_TUPLE,project/src/parsers/compatibility/foundationdb/foundationdb_dialect.cpp#kDatatypeSurfaces:tuple,IMPLEMENT_NONCLUSTER,inventory classification lead
project/src/parsers/compatibility/foundationdb,datatype_surface:range,descriptor_policy;surface=KEY_RANGE;KEY_SELECTOR;PREFIX_RANGE,project/src/parsers/compatibility/foundationdb/foundationdb_dialect.cpp#kDatatypeSurfaces:range,DOCUMENTATION_ONLY,inventory classification lead
project/src/parsers/compatibility/foundationdb,datatype_surface:version,catalog_policy;surface=READ_VERSION;COMMIT_VERSION,project/src/parsers/compatibility/foundationdb/foundationdb_dialect.cpp#kDatatypeSurfaces:version,PARSER_REMAP_ONLY,inventory classification lead
project/src/parsers/compatibility/foundationdb,datatype_surface:tenant,catalog_policy;surface=TENANT;TENANT_GROUP,project/src/parsers/compatibility/foundationdb/foundationdb_dialect.cpp#kDatatypeSurfaces:tenant,PARSER_REMAP_ONLY,inventory classification lead
project/src/parsers/compatibility/foundationdb,datatype_surface:directory,parser_support_udr;surface=DIRECTORY;DIRECTORY_LAYER;SUBSPACE,project/src/parsers/compatibility/foundationdb/foundationdb_dialect.cpp#kDatatypeSurfaces:directory,IMPLEMENT_NONCLUSTER,inventory classification lead
project/src/parsers/compatibility/foundationdb,datatype_surface:watch,parser_support_udr;surface=WATCH;FUTURE,project/src/parsers/compatibility/foundationdb/foundationdb_dialect.cpp#kDatatypeSurfaces:watch,IMPLEMENT_NONCLUSTER,inventory classification lead
project/src/parsers/compatibility/foundationdb,builtin_function_surface:kv_read,sblr;surface=GET;GET_KEY;GET_RANGE;GET_RANGE_SELECTOR,project/src/parsers/compatibility/foundationdb/foundationdb_dialect.cpp#kBuiltinSurfaces:kv_read,PARSER_REMAP_ONLY,inventory classification lead
project/src/parsers/compatibility/foundationdb,builtin_function_surface:kv_write,sblr;surface=SET;CLEAR;CLEAR_RANGE;ATOMIC_OP,project/src/parsers/compatibility/foundationdb/foundationdb_dialect.cpp#kBuiltinSurfaces:kv_write,PARSER_REMAP_ONLY,inventory classification lead
project/src/parsers/compatibility/foundationdb,builtin_function_surface:versionstamp,parser_support_udr;surface=SET_VERSIONSTAMPED_KEY;SET_VERSIONSTAMPED_VALUE,project/src/parsers/compatibility/foundationdb/foundationdb_dialect.cpp#kBuiltinSurfaces:versionstamp,IMPLEMENT_NONCLUSTER,inventory classification lead
project/src/parsers/compatibility/foundationdb,builtin_function_surface:tuple,parser_support_udr;surface=TUPLE_PACK;TUPLE_UNPACK;TUPLE_RANGE;TUPLE_SORT,project/src/parsers/compatibility/foundationdb/foundationdb_dialect.cpp#kBuiltinSurfaces:tuple,IMPLEMENT_NONCLUSTER,inventory classification lead
project/src/parsers/compatibility/foundationdb,builtin_function_surface:directory,parser_support_udr;surface=DIRECTORY_CREATE;DIRECTORY_OPEN;DIRECTORY_REMOVE,project/src/parsers/compatibility/foundationdb/foundationdb_dialect.cpp#kBuiltinSurfaces:directory,IMPLEMENT_NONCLUSTER,inventory classification lead
project/src/parsers/compatibility/foundationdb,builtin_function_surface:tenant,parser_support_udr;surface=TENANT_CREATE;TENANT_DELETE;TENANT_SET_ACTIVE,project/src/parsers/compatibility/foundationdb/foundationdb_dialect.cpp#kBuiltinSurfaces:tenant,IMPLEMENT_NONCLUSTER,inventory classification lead
project/src/parsers/compatibility/foundationdb,builtin_function_surface:watch,parser_support_udr;surface=WATCH;ON_ERROR,project/src/parsers/compatibility/foundationdb/foundationdb_dialect.cpp#kBuiltinSurfaces:watch,IMPLEMENT_NONCLUSTER,inventory classification lead
project/src/parsers/compatibility/foundationdb,builtin_function_surface:transaction,sblr;surface=COMMIT;RESET;CANCEL;GET_READ_VERSION,project/src/parsers/compatibility/foundationdb/foundationdb_dialect.cpp#kBuiltinSurfaces:transaction,PARSER_REMAP_ONLY,inventory classification lead
project/src/parsers/compatibility/foundationdb,builtin_function_surface:cluster,fail_closed;surface=CONFIGURE;COORDINATORS;EXCLUDE;INCLUDE;KILL;FORCE_RECOVERY,project/src/parsers/compatibility/foundationdb/foundationdb_dialect.cpp#kBuiltinSurfaces:cluster,NORMALIZE_CLUSTER,inventory classification lead
project/src/parsers/compatibility/foundationdb,catalog_overlay_surface:status,catalog_projection;surface=FOUNDATIONDB_STATUS,project/src/parsers/compatibility/foundationdb/foundationdb_dialect.cpp#kCatalogSurfaces:status,PARSER_REMAP_ONLY,inventory classification lead
project/src/parsers/compatibility/foundationdb,catalog_overlay_surface:directories,catalog_projection;surface=FOUNDATIONDB_DIRECTORIES,project/src/parsers/compatibility/foundationdb/foundationdb_dialect.cpp#kCatalogSurfaces:directories,PARSER_REMAP_ONLY,inventory classification lead
project/src/parsers/compatibility/foundationdb,catalog_overlay_surface:subspaces,catalog_projection;surface=FOUNDATIONDB_SUBSPACES,project/src/parsers/compatibility/foundationdb/foundationdb_dialect.cpp#kCatalogSurfaces:subspaces,PARSER_REMAP_ONLY,inventory classification lead
project/src/parsers/compatibility/foundationdb,catalog_overlay_surface:tenants,catalog_projection;surface=FOUNDATIONDB_TENANTS,project/src/parsers/compatibility/foundationdb/foundationdb_dialect.cpp#kCatalogSurfaces:tenants,PARSER_REMAP_ONLY,inventory classification lead
project/src/parsers/compatibility/foundationdb,catalog_overlay_surface:watches,catalog_projection;surface=FOUNDATIONDB_WATCHES,project/src/parsers/compatibility/foundationdb/foundationdb_dialect.cpp#kCatalogSurfaces:watches,PARSER_REMAP_ONLY,inventory classification lead
project/src/parsers/compatibility/foundationdb,catalog_overlay_surface:versions,catalog_projection;surface=FOUNDATIONDB_VERSIONS,project/src/parsers/compatibility/foundationdb/foundationdb_dialect.cpp#kCatalogSurfaces:versions,PARSER_REMAP_ONLY,inventory classification lead
project/src/parsers/compatibility/foundationdb,catalog_overlay_surface:conflicts,catalog_projection;surface=FOUNDATIONDB_CONFLICT_RANGES,project/src/parsers/compatibility/foundationdb/foundationdb_dialect.cpp#kCatalogSurfaces:conflicts,PARSER_REMAP_ONLY,inventory classification lead
project/src/parsers/compatibility/foundationdb,catalog_overlay_surface:metrics,catalog_projection;surface=FOUNDATIONDB_METRICS,project/src/parsers/compatibility/foundationdb/foundationdb_dialect.cpp#kCatalogSurfaces:metrics,PARSER_REMAP_ONLY,inventory classification lead
project/src/parsers/compatibility/foundationdb,catalog_overlay_surface:cluster,fail_closed;surface=FOUNDATIONDB_CLUSTER_STATUS,project/src/parsers/compatibility/foundationdb/foundationdb_dialect.cpp#kCatalogSurfaces:cluster,NORMALIZE_CLUSTER,inventory classification lead
project/src/parsers/compatibility/foundationdb,diagnostic_surface:parse,parser;surface=FOUNDATIONDB.PARSE.INVALID_INPUT;FOUNDATIONDB.PARSE.UNSUPPORTED_SURFACE,project/src/parsers/compatibility/foundationdb/foundationdb_dialect.cpp#kDiagnosticSurfaces:parse,PARSER_REMAP_ONLY,inventory classification lead
project/src/parsers/compatibility/foundationdb,diagnostic_surface:policy,fail_closed;surface=FOUNDATIONDB.AUTHORITY.*,project/src/parsers/compatibility/foundationdb/foundationdb_dialect.cpp#kDiagnosticSurfaces:policy,ARCHITECTURE_REFUSAL,inventory classification lead
project/src/parsers/compatibility/foundationdb,diagnostic_surface:udr,parser_support_udr;surface=FOUNDATIONDB.EMULATION.*,project/src/parsers/compatibility/foundationdb/foundationdb_dialect.cpp#kDiagnosticSurfaces:udr,IMPLEMENT_NONCLUSTER,inventory classification lead
project/src/parsers/compatibility/foundationdb,diagnostic_surface:catalog,catalog_projection;surface=FOUNDATIONDB.CATALOG_OVERLAY.READ_ONLY,project/src/parsers/compatibility/foundationdb/foundationdb_dialect.cpp#kDiagnosticSurfaces:catalog,PARSER_REMAP_ONLY,inventory classification lead
project/src/parsers/compatibility/foundationdb,diagnostic_surface:session,sblr;surface=FOUNDATIONDB.SESSION.*,project/src/parsers/compatibility/foundationdb/foundationdb_dialect.cpp#kDiagnosticSurfaces:session,PARSER_REMAP_ONLY,inventory classification lead
project/src/parsers/compatibility/foundationdb,diagnostic_surface:transaction,sblr;surface=FOUNDATIONDB.TRANSACTION.*,project/src/parsers/compatibility/foundationdb/foundationdb_dialect.cpp#kDiagnosticSurfaces:transaction,PARSER_REMAP_ONLY,inventory classification lead
project/src/parsers/compatibility/foundationdb,diagnostic_surface:file_effects,authority_invariant;surface=real_compatibility_file_effects=false,project/src/parsers/compatibility/foundationdb/foundationdb_dialect.cpp#kDiagnosticSurfaces:file_effects,DOCUMENTATION_ONLY,inventory classification lead
project/src/parsers/compatibility/foundationdb,diagnostic_surface:compatibility_execution,authority_invariant;surface=compatibility_engine_sql_executed=false,project/src/parsers/compatibility/foundationdb/foundationdb_dialect.cpp#kDiagnosticSurfaces:compatibility_execution,DOCUMENTATION_ONLY,inventory classification lead
project/src/parsers/compatibility/foundationdb,diagnostic_surface:mga,authority_invariant;surface=parser_transaction_finality_authority=false,project/src/parsers/compatibility/foundationdb/foundationdb_dialect.cpp#kDiagnosticSurfaces:mga,DOCUMENTATION_ONLY,inventory classification lead
project/src/parsers/compatibility/foundationdb,diagnostic_surface:support_bundle,diagnostic_redaction;surface=source_text_redacted=true,project/src/parsers/compatibility/foundationdb/foundationdb_dialect.cpp#kDiagnosticSurfaces:support_bundle,DOCUMENTATION_ONLY,inventory classification lead
project/src/parsers/compatibility/foundationdb,source_marker:unsupported,source_marker_requires_review,project/src/parsers/compatibility/foundationdb/foundationdb_dialect.cpp#marker:unsupported,ARCHITECTURE_REFUSAL,inventory classification lead
project/src/parsers/compatibility/immudb,immudb.lifecycle.create_database,kScratchBirdLifecycleApi;match=CREATE DATABASE;mapping=immudb.lifecycle.create_database;sblr=SBLR_LIFECYCLE_CREATE_DATABASE;engine_api=EngineCreateLifecycle;diagnostic=none,project/src/parsers/compatibility/immudb/immudb_dialect.cpp#kPatterns:immudb.lifecycle.create_database,PARSER_REMAP_ONLY,parser remap lead
project/src/parsers/compatibility/immudb,immudb.lifecycle.drop_database,kScratchBirdLifecycleApi;match=DROP DATABASE;mapping=immudb.lifecycle.drop_database;sblr=SBLR_LIFECYCLE_DROP_DATABASE;engine_api=EngineDropLifecycle;diagnostic=none,project/src/parsers/compatibility/immudb/immudb_dialect.cpp#kPatterns:immudb.lifecycle.drop_database,PARSER_REMAP_ONLY,parser remap lead
project/src/parsers/compatibility/immudb,immudb.lifecycle.alter_database,kParserSupportUdr;match=ALTER DATABASE;mapping=immudb.udr.database.alter;sblr=SBLR_COMPAT_IMMUDB_DATABASE_ROUTE;engine_api=ParserSupportDatabaseRoute;diagnostic=IMMUDB.EMULATION.DATABASE_ROUTE,project/src/parsers/compatibility/immudb/immudb_dialect.cpp#kPatterns:immudb.lifecycle.alter_database,IMPLEMENT_NONCLUSTER,parser remap lead
project/src/parsers/compatibility/immudb,immudb.session.use_database,kAdmittedSblr;match=USE DATABASE;mapping=immudb.session.use_database;sblr=SBLR_COMPAT_IMMUDB_USE_DATABASE;engine_api=EngineSessionRoute;diagnostic=none,project/src/parsers/compatibility/immudb/immudb_dialect.cpp#kPatterns:immudb.session.use_database,PARSER_REMAP_ONLY,parser remap lead
project/src/parsers/compatibility/immudb,immudb.session.use_database,kAdmittedSblr;match=USE;mapping=immudb.session.use_database;sblr=SBLR_COMPAT_IMMUDB_USE_DATABASE;engine_api=EngineSessionRoute;diagnostic=none,project/src/parsers/compatibility/immudb/immudb_dialect.cpp#kPatterns:immudb.session.use_database,PARSER_REMAP_ONLY,parser remap lead
project/src/parsers/compatibility/immudb,immudb.catalog.show_databases,kCatalogProjection;match=SHOW DATABASES;mapping=immudb.catalog.show_databases;sblr=SBLR_COMPAT_IMMUDB_CATALOG_PROJECT;engine_api=EngineCatalogProjection;diagnostic=none,project/src/parsers/compatibility/immudb/immudb_dialect.cpp#kPatterns:immudb.catalog.show_databases,PARSER_REMAP_ONLY,parser remap lead
project/src/parsers/compatibility/immudb,immudb.catalog.show_tables,kCatalogProjection;match=SHOW TABLES;mapping=immudb.catalog.show_tables;sblr=SBLR_COMPAT_IMMUDB_CATALOG_PROJECT;engine_api=EngineCatalogProjection;diagnostic=none,project/src/parsers/compatibility/immudb/immudb_dialect.cpp#kPatterns:immudb.catalog.show_tables,PARSER_REMAP_ONLY,parser remap lead
project/src/parsers/compatibility/immudb,immudb.catalog.show_table,kCatalogProjection;match=SHOW TABLE;mapping=immudb.catalog.show_table;sblr=SBLR_COMPAT_IMMUDB_CATALOG_PROJECT;engine_api=EngineCatalogProjection;diagnostic=none,project/src/parsers/compatibility/immudb/immudb_dialect.cpp#kPatterns:immudb.catalog.show_table,PARSER_REMAP_ONLY,parser remap lead
project/src/parsers/compatibility/immudb,immudb.catalog.databases,kCatalogProjection;match=DATABASES;mapping=immudb.catalog.databases;sblr=SBLR_COMPAT_IMMUDB_CATALOG_PROJECT;engine_api=EngineCatalogProjection;diagnostic=none,project/src/parsers/compatibility/immudb/immudb_dialect.cpp#kPatterns:immudb.catalog.databases,PARSER_REMAP_ONLY,parser remap lead
project/src/parsers/compatibility/immudb,immudb.catalog.tables,kCatalogProjection;match=TABLES;mapping=immudb.catalog.tables;sblr=SBLR_COMPAT_IMMUDB_CATALOG_PROJECT;engine_api=EngineCatalogProjection;diagnostic=none,project/src/parsers/compatibility/immudb/immudb_dialect.cpp#kPatterns:immudb.catalog.tables,PARSER_REMAP_ONLY,parser remap lead
project/src/parsers/compatibility/immudb,immudb.catalog.columns,kCatalogProjection;match=COLUMNS;mapping=immudb.catalog.columns;sblr=SBLR_COMPAT_IMMUDB_CATALOG_PROJECT;engine_api=EngineCatalogProjection;diagnostic=none,project/src/parsers/compatibility/immudb/immudb_dialect.cpp#kPatterns:immudb.catalog.columns,PARSER_REMAP_ONLY,parser remap lead
project/src/parsers/compatibility/immudb,immudb.catalog.indexes,kCatalogProjection;match=INDEXES;mapping=immudb.catalog.indexes;sblr=SBLR_COMPAT_IMMUDB_CATALOG_PROJECT;engine_api=EngineCatalogProjection;diagnostic=none,project/src/parsers/compatibility/immudb/immudb_dialect.cpp#kPatterns:immudb.catalog.indexes,PARSER_REMAP_ONLY,parser remap lead
project/src/parsers/compatibility/immudb,immudb.kv.verified_set,kParserSupportUdr;match=VERIFIED_SET;mapping=immudb.udr.verified_set;sblr=SBLR_COMPAT_IMMUDB_VERIFIED_KV_ROUTE;engine_api=ParserSupportVerifiedKvRoute;diagnostic=IMMUDB.EMULATION.VERIFIED_KV_ROUTE,project/src/parsers/compatibility/immudb/immudb_dialect.cpp#kPatterns:immudb.kv.verified_set,IMPLEMENT_NONCLUSTER,parser remap lead
project/src/parsers/compatibility/immudb,immudb.kv.set_reference,kParserSupportUdr;match=SET_REFERENCE;mapping=immudb.udr.set_reference;sblr=SBLR_COMPAT_IMMUDB_REFERENCE_ROUTE;engine_api=ParserSupportReferenceRoute;diagnostic=IMMUDB.EMULATION.REFERENCE_ROUTE,project/src/parsers/compatibility/immudb/immudb_dialect.cpp#kPatterns:immudb.kv.set_reference,IMPLEMENT_NONCLUSTER,parser remap lead
project/src/parsers/compatibility/immudb,immudb.kv.set,kAdmittedSblr;match=SET;mapping=immudb.kv.set;sblr=SBLR_COMPAT_IMMUDB_SET;engine_api=EngineKvSet;diagnostic=none,project/src/parsers/compatibility/immudb/immudb_dialect.cpp#kPatterns:immudb.kv.set,PARSER_REMAP_ONLY,parser remap lead
project/src/parsers/compatibility/immudb,immudb.kv.verified_get,kParserSupportUdr;match=VERIFIED_GET;mapping=immudb.udr.verified_get;sblr=SBLR_COMPAT_IMMUDB_VERIFIED_KV_ROUTE;engine_api=ParserSupportVerifiedKvRoute;diagnostic=IMMUDB.EMULATION.VERIFIED_KV_ROUTE,project/src/parsers/compatibility/immudb/immudb_dialect.cpp#kPatterns:immudb.kv.verified_get,IMPLEMENT_NONCLUSTER,parser remap lead
project/src/parsers/compatibility/immudb,immudb.kv.get,kAdmittedSblr;match=GET;mapping=immudb.kv.get;sblr=SBLR_COMPAT_IMMUDB_GET;engine_api=EngineKvGet;diagnostic=none,project/src/parsers/compatibility/immudb/immudb_dialect.cpp#kPatterns:immudb.kv.get,PARSER_REMAP_ONLY,parser remap lead
project/src/parsers/compatibility/immudb,immudb.kv.scan,kAdmittedSblr;match=SCAN;mapping=immudb.kv.scan;sblr=SBLR_COMPAT_IMMUDB_SCAN;engine_api=EngineKvScan;diagnostic=none,project/src/parsers/compatibility/immudb/immudb_dialect.cpp#kPatterns:immudb.kv.scan,PARSER_REMAP_ONLY,parser remap lead
project/src/parsers/compatibility/immudb,immudb.kv.history,kCatalogProjection;match=HISTORY;mapping=immudb.catalog.history;sblr=SBLR_COMPAT_IMMUDB_CATALOG_PROJECT;engine_api=EngineCatalogProjection;diagnostic=none,project/src/parsers/compatibility/immudb/immudb_dialect.cpp#kPatterns:immudb.kv.history,PARSER_REMAP_ONLY,parser remap lead
project/src/parsers/compatibility/immudb,immudb.state.current,kCatalogProjection;match=CURRENT_STATE;mapping=immudb.catalog.current_state;sblr=SBLR_COMPAT_IMMUDB_CATALOG_PROJECT;engine_api=EngineCatalogProjection;diagnostic=none,project/src/parsers/compatibility/immudb/immudb_dialect.cpp#kPatterns:immudb.state.current,PARSER_REMAP_ONLY,parser remap lead
project/src/parsers/compatibility/immudb,immudb.state.tx_by_id,kCatalogProjection;match=TX_BY_ID;mapping=immudb.catalog.tx_by_id;sblr=SBLR_COMPAT_IMMUDB_CATALOG_PROJECT;engine_api=EngineCatalogProjection;diagnostic=none,project/src/parsers/compatibility/immudb/immudb_dialect.cpp#kPatterns:immudb.state.tx_by_id,PARSER_REMAP_ONLY,parser remap lead
project/src/parsers/compatibility/immudb,immudb.sorted_set.zadd,kParserSupportUdr;match=ZADD;mapping=immudb.udr.sorted_set.zadd;sblr=SBLR_COMPAT_IMMUDB_SORTED_SET_ROUTE;engine_api=ParserSupportSortedSetRoute;diagnostic=IMMUDB.EMULATION.SORTED_SET_ROUTE,project/src/parsers/compatibility/immudb/immudb_dialect.cpp#kPatterns:immudb.sorted_set.zadd,IMPLEMENT_NONCLUSTER,parser remap lead
project/src/parsers/compatibility/immudb,immudb.sorted_set.zscan,kParserSupportUdr;match=ZSCAN;mapping=immudb.udr.sorted_set.zscan;sblr=SBLR_COMPAT_IMMUDB_SORTED_SET_ROUTE;engine_api=ParserSupportSortedSetRoute;diagnostic=IMMUDB.EMULATION.SORTED_SET_ROUTE,project/src/parsers/compatibility/immudb/immudb_dialect.cpp#kPatterns:immudb.sorted_set.zscan,IMPLEMENT_NONCLUSTER,parser remap lead
project/src/parsers/compatibility/immudb,immudb.security.create_user,kParserSupportUdr;match=CREATE USER;mapping=immudb.udr.security.create_user;sblr=SBLR_COMPAT_IMMUDB_SECURITY_ROUTE;engine_api=ParserSupportSecurityRoute;diagnostic=IMMUDB.EMULATION.SECURITY_ROUTE,project/src/parsers/compatibility/immudb/immudb_dialect.cpp#kPatterns:immudb.security.create_user,IMPLEMENT_NONCLUSTER,parser remap lead
project/src/parsers/compatibility/immudb,immudb.security.grant,kParserSupportUdr;match=GRANT;mapping=immudb.udr.security.grant;sblr=SBLR_COMPAT_IMMUDB_SECURITY_ROUTE;engine_api=ParserSupportSecurityRoute;diagnostic=IMMUDB.EMULATION.SECURITY_ROUTE,project/src/parsers/compatibility/immudb/immudb_dialect.cpp#kPatterns:immudb.security.grant,IMPLEMENT_NONCLUSTER,parser remap lead
project/src/parsers/compatibility/immudb,immudb.security.revoke,kParserSupportUdr;match=REVOKE;mapping=immudb.udr.security.revoke;sblr=SBLR_COMPAT_IMMUDB_SECURITY_ROUTE;engine_api=ParserSupportSecurityRoute;diagnostic=IMMUDB.EMULATION.SECURITY_ROUTE,project/src/parsers/compatibility/immudb/immudb_dialect.cpp#kPatterns:immudb.security.revoke,IMPLEMENT_NONCLUSTER,parser remap lead
project/src/parsers/compatibility/immudb,immudb.backup.dump,kPolicyRefusal;match=DUMP;mapping=immudb.policy.backup.dump;sblr=none;engine_api=none;diagnostic=IMMUDB.AUTHORITY.BACKUP_DENIED,project/src/parsers/compatibility/immudb/immudb_dialect.cpp#kPatterns:immudb.backup.dump,EXTERNAL_AUTHORITY,parser remap lead
project/src/parsers/compatibility/immudb,immudb.backup.restore,kPolicyRefusal;match=RESTORE;mapping=immudb.policy.backup.restore;sblr=none;engine_api=none;diagnostic=IMMUDB.AUTHORITY.BACKUP_DENIED,project/src/parsers/compatibility/immudb/immudb_dialect.cpp#kPatterns:immudb.backup.restore,EXTERNAL_AUTHORITY,parser remap lead
project/src/parsers/compatibility/immudb,immudb.replication.admin,kPolicyRefusal;match=REPLICATION;mapping=immudb.policy.replication;sblr=none;engine_api=none;diagnostic=IMMUDB.AUTHORITY.REPLICATION_DENIED,project/src/parsers/compatibility/immudb/immudb_dialect.cpp#kPatterns:immudb.replication.admin,NORMALIZE_CLUSTER,parser remap lead
project/src/parsers/compatibility/immudb,immudb.replication.apply,kPolicyRefusal;match=REPLICATE;mapping=immudb.policy.replication;sblr=none;engine_api=none;diagnostic=IMMUDB.AUTHORITY.REPLICATION_DENIED,project/src/parsers/compatibility/immudb/immudb_dialect.cpp#kPatterns:immudb.replication.apply,NORMALIZE_CLUSTER,parser remap lead
project/src/parsers/compatibility/immudb,immudb.ddl.create_table,kAdmittedSblr;match=CREATE TABLE;mapping=immudb.ddl.create_table;sblr=SBLR_COMPAT_IMMUDB_DDL_CREATE;engine_api=EngineDdlCreate;diagnostic=none,project/src/parsers/compatibility/immudb/immudb_dialect.cpp#kPatterns:immudb.ddl.create_table,PARSER_REMAP_ONLY,parser remap lead
project/src/parsers/compatibility/immudb,immudb.ddl.create_index,kAdmittedSblr;match=CREATE INDEX;mapping=immudb.ddl.create_index;sblr=SBLR_COMPAT_IMMUDB_DDL_CREATE_INDEX;engine_api=EngineDdlCreateIndex;diagnostic=none,project/src/parsers/compatibility/immudb/immudb_dialect.cpp#kPatterns:immudb.ddl.create_index,PARSER_REMAP_ONLY,parser remap lead
project/src/parsers/compatibility/immudb,immudb.ddl.alter_table,kAdmittedSblr;match=ALTER TABLE;mapping=immudb.ddl.alter_table;sblr=SBLR_COMPAT_IMMUDB_DDL_ALTER;engine_api=EngineDdlAlter;diagnostic=none,project/src/parsers/compatibility/immudb/immudb_dialect.cpp#kPatterns:immudb.ddl.alter_table,PARSER_REMAP_ONLY,parser remap lead
project/src/parsers/compatibility/immudb,immudb.ddl.drop_table,kAdmittedSblr;match=DROP TABLE;mapping=immudb.ddl.drop_table;sblr=SBLR_COMPAT_IMMUDB_DDL_DROP;engine_api=EngineDdlDrop;diagnostic=none,project/src/parsers/compatibility/immudb/immudb_dialect.cpp#kPatterns:immudb.ddl.drop_table,PARSER_REMAP_ONLY,parser remap lead
project/src/parsers/compatibility/immudb,immudb.dml.insert,kAdmittedSblr;match=INSERT;mapping=immudb.dml.insert;sblr=SBLR_COMPAT_IMMUDB_INSERT;engine_api=EngineDmlInsert;diagnostic=none,project/src/parsers/compatibility/immudb/immudb_dialect.cpp#kPatterns:immudb.dml.insert,PARSER_REMAP_ONLY,parser remap lead
project/src/parsers/compatibility/immudb,immudb.dml.upsert,kAdmittedSblr;match=UPSERT;mapping=immudb.dml.upsert;sblr=SBLR_COMPAT_IMMUDB_UPSERT;engine_api=EngineDmlUpsert;diagnostic=none,project/src/parsers/compatibility/immudb/immudb_dialect.cpp#kPatterns:immudb.dml.upsert,PARSER_REMAP_ONLY,parser remap lead
project/src/parsers/compatibility/immudb,immudb.dml.update,kAdmittedSblr;match=UPDATE;mapping=immudb.dml.update;sblr=SBLR_COMPAT_IMMUDB_UPDATE;engine_api=EngineDmlUpdate;diagnostic=none,project/src/parsers/compatibility/immudb/immudb_dialect.cpp#kPatterns:immudb.dml.update,PARSER_REMAP_ONLY,parser remap lead
project/src/parsers/compatibility/immudb,immudb.dml.delete,kAdmittedSblr;match=DELETE;mapping=immudb.dml.delete;sblr=SBLR_COMPAT_IMMUDB_DELETE;engine_api=EngineDmlDelete;diagnostic=none,project/src/parsers/compatibility/immudb/immudb_dialect.cpp#kPatterns:immudb.dml.delete,PARSER_REMAP_ONLY,parser remap lead
project/src/parsers/compatibility/immudb,immudb.query.select,kAdmittedSblr;match=SELECT;mapping=immudb.query.select;sblr=SBLR_COMPAT_IMMUDB_SELECT;engine_api=EngineQuerySelect;diagnostic=none,project/src/parsers/compatibility/immudb/immudb_dialect.cpp#kPatterns:immudb.query.select,PARSER_REMAP_ONLY,parser remap lead
project/src/parsers/compatibility/immudb,immudb.query.with,kAdmittedSblr;match=WITH;mapping=immudb.query.with;sblr=SBLR_COMPAT_IMMUDB_SELECT;engine_api=EngineQuerySelect;diagnostic=none,project/src/parsers/compatibility/immudb/immudb_dialect.cpp#kPatterns:immudb.query.with,PARSER_REMAP_ONLY,parser remap lead
project/src/parsers/compatibility/immudb,immudb.transaction.begin,kAdmittedSblr;match=BEGIN;mapping=immudb.transaction.begin;sblr=SBLR_TRANSACTION_BEGIN;engine_api=EngineBeginTransaction;diagnostic=none,project/src/parsers/compatibility/immudb/immudb_dialect.cpp#kPatterns:immudb.transaction.begin,PARSER_REMAP_ONLY,parser remap lead
project/src/parsers/compatibility/immudb,immudb.transaction.commit,kAdmittedSblr;match=COMMIT;mapping=immudb.transaction.commit;sblr=SBLR_TRANSACTION_COMMIT;engine_api=EngineCommitTransaction;diagnostic=none,project/src/parsers/compatibility/immudb/immudb_dialect.cpp#kPatterns:immudb.transaction.commit,PARSER_REMAP_ONLY,parser remap lead
project/src/parsers/compatibility/immudb,immudb.transaction.rollback,kAdmittedSblr;match=ROLLBACK;mapping=immudb.transaction.rollback;sblr=SBLR_TRANSACTION_ROLLBACK;engine_api=EngineRollbackTransaction;diagnostic=none,project/src/parsers/compatibility/immudb/immudb_dialect.cpp#kPatterns:immudb.transaction.rollback,PARSER_REMAP_ONLY,parser remap lead
project/src/parsers/compatibility/immudb,datatype_surface:scalar,descriptor;surface=BOOLEAN;INTEGER;FLOAT;VARCHAR;BLOB;UUID,project/src/parsers/compatibility/immudb/immudb_dialect.cpp#kDatatypeSurfaces:scalar,DOCUMENTATION_ONLY,inventory classification lead
project/src/parsers/compatibility/immudb,datatype_surface:temporal,descriptor;surface=TIMESTAMP;DATE;TIME,project/src/parsers/compatibility/immudb/immudb_dialect.cpp#kDatatypeSurfaces:temporal,DOCUMENTATION_ONLY,inventory classification lead
project/src/parsers/compatibility/immudb,datatype_surface:json,parser_support_udr;surface=JSON;DOCUMENT,project/src/parsers/compatibility/immudb/immudb_dialect.cpp#kDatatypeSurfaces:json,IMPLEMENT_NONCLUSTER,inventory classification lead
project/src/parsers/compatibility/immudb,datatype_surface:kv,descriptor_policy;surface=KEY;VALUE;REVISION;REFERENCE,project/src/parsers/compatibility/immudb/immudb_dialect.cpp#kDatatypeSurfaces:kv,DOCUMENTATION_ONLY,inventory classification lead
project/src/parsers/compatibility/immudb,datatype_surface:proof,parser_support_udr;surface=VERIFIED_PROOF;DUAL_PROOF;TX_HEADER,project/src/parsers/compatibility/immudb/immudb_dialect.cpp#kDatatypeSurfaces:proof,IMPLEMENT_NONCLUSTER,inventory classification lead
project/src/parsers/compatibility/immudb,datatype_surface:sorted_set,parser_support_udr;surface=SET_KEY;SET_SCORE;SET_MEMBER,project/src/parsers/compatibility/immudb/immudb_dialect.cpp#kDatatypeSurfaces:sorted_set,IMPLEMENT_NONCLUSTER,inventory classification lead
project/src/parsers/compatibility/immudb,datatype_surface:catalog,catalog_projection;surface=DATABASES;TABLES;COLUMNS;INDEXES,project/src/parsers/compatibility/immudb/immudb_dialect.cpp#kDatatypeSurfaces:catalog,PARSER_REMAP_ONLY,inventory classification lead
project/src/parsers/compatibility/immudb,datatype_surface:security,parser_support_udr;surface=USER;PERMISSION;ROLE,project/src/parsers/compatibility/immudb/immudb_dialect.cpp#kDatatypeSurfaces:security,IMPLEMENT_NONCLUSTER,inventory classification lead
project/src/parsers/compatibility/immudb,builtin_function_surface:sql,sblr;surface=SELECT;INSERT;UPSERT;UPDATE;DELETE;CREATE TABLE;CREATE INDEX,project/src/parsers/compatibility/immudb/immudb_dialect.cpp#kBuiltinSurfaces:sql,PARSER_REMAP_ONLY,inventory classification lead
project/src/parsers/compatibility/immudb,builtin_function_surface:kv,sblr;surface=SET;GET;SCAN;HISTORY;TX_BY_ID;CURRENT_STATE,project/src/parsers/compatibility/immudb/immudb_dialect.cpp#kBuiltinSurfaces:kv,PARSER_REMAP_ONLY,inventory classification lead
project/src/parsers/compatibility/immudb,builtin_function_surface:verified_kv,parser_support_udr;surface=VERIFIED_SET;VERIFIED_GET,project/src/parsers/compatibility/immudb/immudb_dialect.cpp#kBuiltinSurfaces:verified_kv,IMPLEMENT_NONCLUSTER,inventory classification lead
project/src/parsers/compatibility/immudb,builtin_function_surface:sorted_set,parser_support_udr;surface=ZADD;ZSCAN,project/src/parsers/compatibility/immudb/immudb_dialect.cpp#kBuiltinSurfaces:sorted_set,IMPLEMENT_NONCLUSTER,inventory classification lead
project/src/parsers/compatibility/immudb,builtin_function_surface:catalog,catalog_projection;surface=DATABASES;TABLES;COLUMNS;INDEXES;SHOW DATABASES;SHOW TABLES;SHOW TABLE,project/src/parsers/compatibility/immudb/immudb_dialect.cpp#kBuiltinSurfaces:catalog,PARSER_REMAP_ONLY,inventory classification lead
project/src/parsers/compatibility/immudb,builtin_function_surface:security,parser_support_udr;surface=CREATE USER;GRANT;REVOKE,project/src/parsers/compatibility/immudb/immudb_dialect.cpp#kBuiltinSurfaces:security,IMPLEMENT_NONCLUSTER,inventory classification lead
project/src/parsers/compatibility/immudb,builtin_function_surface:backup,fail_closed;surface=DUMP;RESTORE,project/src/parsers/compatibility/immudb/immudb_dialect.cpp#kBuiltinSurfaces:backup,ARCHITECTURE_REFUSAL,inventory classification lead
project/src/parsers/compatibility/immudb,builtin_function_surface:replication,fail_closed;surface=REPLICATION;REPLICATE,project/src/parsers/compatibility/immudb/immudb_dialect.cpp#kBuiltinSurfaces:replication,NORMALIZE_CLUSTER,inventory classification lead
project/src/parsers/compatibility/immudb,catalog_overlay_surface:pg_type,catalog_projection;surface=PG_TYPE,project/src/parsers/compatibility/immudb/immudb_dialect.cpp#kCatalogSurfaces:pg_type,PARSER_REMAP_ONLY,inventory classification lead
project/src/parsers/compatibility/immudb,catalog_overlay_surface:databases,catalog_projection;surface=DATABASES,project/src/parsers/compatibility/immudb/immudb_dialect.cpp#kCatalogSurfaces:databases,PARSER_REMAP_ONLY,inventory classification lead
project/src/parsers/compatibility/immudb,catalog_overlay_surface:tables,catalog_projection;surface=TABLES,project/src/parsers/compatibility/immudb/immudb_dialect.cpp#kCatalogSurfaces:tables,PARSER_REMAP_ONLY,inventory classification lead
project/src/parsers/compatibility/immudb,catalog_overlay_surface:columns,catalog_projection;surface=COLUMNS,project/src/parsers/compatibility/immudb/immudb_dialect.cpp#kCatalogSurfaces:columns,PARSER_REMAP_ONLY,inventory classification lead
project/src/parsers/compatibility/immudb,catalog_overlay_surface:indexes,catalog_projection;surface=INDEXES,project/src/parsers/compatibility/immudb/immudb_dialect.cpp#kCatalogSurfaces:indexes,PARSER_REMAP_ONLY,inventory classification lead
project/src/parsers/compatibility/immudb,catalog_overlay_surface:state,catalog_projection;surface=CURRENT_STATE;TX_BY_ID;HISTORY,project/src/parsers/compatibility/immudb/immudb_dialect.cpp#kCatalogSurfaces:state,PARSER_REMAP_ONLY,inventory classification lead
project/src/parsers/compatibility/immudb,catalog_overlay_surface:security,catalog_projection;surface=IMMUDB_USERS;IMMUDB_PERMISSIONS,project/src/parsers/compatibility/immudb/immudb_dialect.cpp#kCatalogSurfaces:security,PARSER_REMAP_ONLY,inventory classification lead
project/src/parsers/compatibility/immudb,diagnostic_surface:parse,parser;surface=IMMUDB.PARSE.INVALID_INPUT;IMMUDB.PARSE.UNSUPPORTED_SURFACE,project/src/parsers/compatibility/immudb/immudb_dialect.cpp#kDiagnosticSurfaces:parse,PARSER_REMAP_ONLY,inventory classification lead
project/src/parsers/compatibility/immudb,diagnostic_surface:policy,fail_closed;surface=IMMUDB.AUTHORITY.*,project/src/parsers/compatibility/immudb/immudb_dialect.cpp#kDiagnosticSurfaces:policy,ARCHITECTURE_REFUSAL,inventory classification lead
project/src/parsers/compatibility/immudb,diagnostic_surface:udr,parser_support_udr;surface=IMMUDB.EMULATION.*,project/src/parsers/compatibility/immudb/immudb_dialect.cpp#kDiagnosticSurfaces:udr,IMPLEMENT_NONCLUSTER,inventory classification lead
project/src/parsers/compatibility/immudb,diagnostic_surface:catalog,catalog_projection;surface=IMMUDB.CATALOG_OVERLAY.READ_ONLY,project/src/parsers/compatibility/immudb/immudb_dialect.cpp#kDiagnosticSurfaces:catalog,PARSER_REMAP_ONLY,inventory classification lead
project/src/parsers/compatibility/immudb,diagnostic_surface:session,sblr;surface=IMMUDB.SESSION.*,project/src/parsers/compatibility/immudb/immudb_dialect.cpp#kDiagnosticSurfaces:session,PARSER_REMAP_ONLY,inventory classification lead
project/src/parsers/compatibility/immudb,diagnostic_surface:transaction,sblr;surface=IMMUDB.TRANSACTION.*,project/src/parsers/compatibility/immudb/immudb_dialect.cpp#kDiagnosticSurfaces:transaction,PARSER_REMAP_ONLY,inventory classification lead
project/src/parsers/compatibility/immudb,diagnostic_surface:file_effects,authority_invariant;surface=real_compatibility_file_effects=false,project/src/parsers/compatibility/immudb/immudb_dialect.cpp#kDiagnosticSurfaces:file_effects,DOCUMENTATION_ONLY,inventory classification lead
project/src/parsers/compatibility/immudb,diagnostic_surface:compatibility_execution,authority_invariant;surface=compatibility_engine_sql_executed=false,project/src/parsers/compatibility/immudb/immudb_dialect.cpp#kDiagnosticSurfaces:compatibility_execution,DOCUMENTATION_ONLY,inventory classification lead
project/src/parsers/compatibility/immudb,diagnostic_surface:mga,authority_invariant;surface=parser_transaction_finality_authority=false,project/src/parsers/compatibility/immudb/immudb_dialect.cpp#kDiagnosticSurfaces:mga,DOCUMENTATION_ONLY,inventory classification lead
project/src/parsers/compatibility/immudb,diagnostic_surface:support_bundle,diagnostic_redaction;surface=source_text_redacted=true,project/src/parsers/compatibility/immudb/immudb_dialect.cpp#kDiagnosticSurfaces:support_bundle,DOCUMENTATION_ONLY,inventory classification lead
project/src/parsers/compatibility/immudb,source_marker:unsupported,source_marker_requires_review,project/src/parsers/compatibility/immudb/immudb_dialect.cpp#marker:unsupported,ARCHITECTURE_REFUSAL,inventory classification lead
project/src/parsers/compatibility/influxdb,influxdb.admin.show_servers,kPolicyRefusal;match=SHOW SERVERS;mapping=influxdb.policy.cluster;sblr=none;engine_api=none;diagnostic=INFLUXDB.AUTHORITY.CLUSTER_CONTROL_RESERVED,project/src/parsers/compatibility/influxdb/influxdb_dialect.cpp#kPatterns:influxdb.admin.show_servers,NORMALIZE_CLUSTER,parser remap lead
project/src/parsers/compatibility/influxdb,influxdb.admin.show_cluster,kPolicyRefusal;match=SHOW CLUSTER;mapping=influxdb.policy.cluster;sblr=none;engine_api=none;diagnostic=INFLUXDB.AUTHORITY.CLUSTER_CONTROL_RESERVED,project/src/parsers/compatibility/influxdb/influxdb_dialect.cpp#kPatterns:influxdb.admin.show_cluster,NORMALIZE_CLUSTER,parser remap lead
project/src/parsers/compatibility/influxdb,influxdb.flux.from,kParserSupportUdr;match=FROM;mapping=influxdb.udr.flux.from;sblr=SBLR_COMPAT_INFLUXDB_FLUX_ROUTE;engine_api=ParserSupportFluxRoute;diagnostic=INFLUXDB.EMULATION.FLUX_ROUTE,project/src/parsers/compatibility/influxdb/influxdb_dialect.cpp#kPatterns:influxdb.flux.from,IMPLEMENT_NONCLUSTER,parser remap lead
project/src/parsers/compatibility/influxdb,influxdb.flux.range,kParserSupportUdr;match=RANGE;mapping=influxdb.udr.flux.range;sblr=SBLR_COMPAT_INFLUXDB_FLUX_ROUTE;engine_api=ParserSupportFluxRoute;diagnostic=INFLUXDB.EMULATION.FLUX_ROUTE,project/src/parsers/compatibility/influxdb/influxdb_dialect.cpp#kPatterns:influxdb.flux.range,IMPLEMENT_NONCLUSTER,parser remap lead
project/src/parsers/compatibility/influxdb,influxdb.flux.filter,kParserSupportUdr;match=FILTER;mapping=influxdb.udr.flux.filter;sblr=SBLR_COMPAT_INFLUXDB_FLUX_ROUTE;engine_api=ParserSupportFluxRoute;diagnostic=INFLUXDB.EMULATION.FLUX_ROUTE,project/src/parsers/compatibility/influxdb/influxdb_dialect.cpp#kPatterns:influxdb.flux.filter,IMPLEMENT_NONCLUSTER,parser remap lead
project/src/parsers/compatibility/influxdb,influxdb.write.insert,kAdmittedSblr;match=INSERT;mapping=influxdb.write.insert;sblr=SBLR_COMPAT_INFLUXDB_INSERT;engine_api=EngineTimeSeriesInsert;diagnostic=none,project/src/parsers/compatibility/influxdb/influxdb_dialect.cpp#kPatterns:influxdb.write.insert,PARSER_REMAP_ONLY,parser remap lead
project/src/parsers/compatibility/influxdb,influxdb.write.line_protocol,"kParserSupportUdr;match=,;mapping=influxdb.udr.line_protocol;sblr=SBLR_COMPAT_INFLUXDB_LINE_PROTOCOL_ROUTE;engine_api=ParserSupportLineProtocolRoute;diagnostic=INFLUXDB.EMULATION.LINE_PROTOCOL_ROUTE",project/src/parsers/compatibility/influxdb/influxdb_dialect.cpp#kPatterns:influxdb.write.line_protocol,IMPLEMENT_NONCLUSTER,parser remap lead
project/src/parsers/compatibility/influxdb,influxdb.query.select,kAdmittedSblr;match=SELECT;mapping=influxdb.query.select;sblr=SBLR_COMPAT_INFLUXDB_SELECT;engine_api=EngineTimeSeriesSelect;diagnostic=none,project/src/parsers/compatibility/influxdb/influxdb_dialect.cpp#kPatterns:influxdb.query.select,PARSER_REMAP_ONLY,parser remap lead
project/src/parsers/compatibility/influxdb,influxdb.dml.delete,kAdmittedSblr;match=DELETE;mapping=influxdb.dml.delete;sblr=SBLR_COMPAT_INFLUXDB_DELETE;engine_api=EngineTimeSeriesDelete;diagnostic=none,project/src/parsers/compatibility/influxdb/influxdb_dialect.cpp#kPatterns:influxdb.dml.delete,PARSER_REMAP_ONLY,parser remap lead
project/src/parsers/compatibility/influxdb,influxdb.database.create,kAdmittedSblr;match=CREATE DATABASE;mapping=influxdb.database.create;sblr=SBLR_COMPAT_INFLUXDB_DATABASE_ROUTE;engine_api=EngineDatabaseRoute;diagnostic=none,project/src/parsers/compatibility/influxdb/influxdb_dialect.cpp#kPatterns:influxdb.database.create,PARSER_REMAP_ONLY,parser remap lead
project/src/parsers/compatibility/influxdb,influxdb.database.drop,kAdmittedSblr;match=DROP DATABASE;mapping=influxdb.database.drop;sblr=SBLR_COMPAT_INFLUXDB_DATABASE_ROUTE;engine_api=EngineDatabaseRoute;diagnostic=none,project/src/parsers/compatibility/influxdb/influxdb_dialect.cpp#kPatterns:influxdb.database.drop,PARSER_REMAP_ONLY,parser remap lead
project/src/parsers/compatibility/influxdb,influxdb.retention_policy.create,kParserSupportUdr;match=CREATE RETENTION POLICY;mapping=influxdb.udr.retention_policy.create;sblr=SBLR_COMPAT_INFLUXDB_RETENTION_ROUTE;engine_api=ParserSupportRetentionRoute;diagnostic=INFLUXDB.EMULATION.RETENTION_ROUTE,project/src/parsers/compatibility/influxdb/influxdb_dialect.cpp#kPatterns:influxdb.retention_policy.create,IMPLEMENT_NONCLUSTER,parser remap lead
project/src/parsers/compatibility/influxdb,influxdb.retention_policy.alter,kParserSupportUdr;match=ALTER RETENTION POLICY;mapping=influxdb.udr.retention_policy.alter;sblr=SBLR_COMPAT_INFLUXDB_RETENTION_ROUTE;engine_api=ParserSupportRetentionRoute;diagnostic=INFLUXDB.EMULATION.RETENTION_ROUTE,project/src/parsers/compatibility/influxdb/influxdb_dialect.cpp#kPatterns:influxdb.retention_policy.alter,IMPLEMENT_NONCLUSTER,parser remap lead
project/src/parsers/compatibility/influxdb,influxdb.retention_policy.drop,kParserSupportUdr;match=DROP RETENTION POLICY;mapping=influxdb.udr.retention_policy.drop;sblr=SBLR_COMPAT_INFLUXDB_RETENTION_ROUTE;engine_api=ParserSupportRetentionRoute;diagnostic=INFLUXDB.EMULATION.RETENTION_ROUTE,project/src/parsers/compatibility/influxdb/influxdb_dialect.cpp#kPatterns:influxdb.retention_policy.drop,IMPLEMENT_NONCLUSTER,parser remap lead
project/src/parsers/compatibility/influxdb,influxdb.continuous_query.create,kParserSupportUdr;match=CREATE CONTINUOUS QUERY;mapping=influxdb.udr.continuous_query.create;sblr=SBLR_COMPAT_INFLUXDB_CONTINUOUS_QUERY_ROUTE;engine_api=ParserSupportContinuousQueryRoute;diagnostic=INFLUXDB.EMULATION.CONTINUOUS_QUERY_ROUTE,project/src/parsers/compatibility/influxdb/influxdb_dialect.cpp#kPatterns:influxdb.continuous_query.create,IMPLEMENT_NONCLUSTER,parser remap lead
project/src/parsers/compatibility/influxdb,influxdb.continuous_query.drop,kParserSupportUdr;match=DROP CONTINUOUS QUERY;mapping=influxdb.udr.continuous_query.drop;sblr=SBLR_COMPAT_INFLUXDB_CONTINUOUS_QUERY_ROUTE;engine_api=ParserSupportContinuousQueryRoute;diagnostic=INFLUXDB.EMULATION.CONTINUOUS_QUERY_ROUTE,project/src/parsers/compatibility/influxdb/influxdb_dialect.cpp#kPatterns:influxdb.continuous_query.drop,IMPLEMENT_NONCLUSTER,parser remap lead
project/src/parsers/compatibility/influxdb,influxdb.subscription.create,kParserSupportUdr;match=CREATE SUBSCRIPTION;mapping=influxdb.udr.subscription.create;sblr=SBLR_COMPAT_INFLUXDB_SUBSCRIPTION_ROUTE;engine_api=ParserSupportSubscriptionRoute;diagnostic=INFLUXDB.EMULATION.SUBSCRIPTION_ROUTE,project/src/parsers/compatibility/influxdb/influxdb_dialect.cpp#kPatterns:influxdb.subscription.create,IMPLEMENT_NONCLUSTER,parser remap lead
project/src/parsers/compatibility/influxdb,influxdb.catalog.show,kCatalogProjection;match=SHOW;mapping=influxdb.catalog.show;sblr=SBLR_COMPAT_INFLUXDB_CATALOG_PROJECT;engine_api=EngineCatalogProjection;diagnostic=none,project/src/parsers/compatibility/influxdb/influxdb_dialect.cpp#kPatterns:influxdb.catalog.show,PARSER_REMAP_ONLY,parser remap lead
project/src/parsers/compatibility/influxdb,datatype_surface:numeric,descriptor;surface=INTEGER;UNSIGNED;FLOAT,project/src/parsers/compatibility/influxdb/influxdb_dialect.cpp#kDatatypeSurfaces:numeric,DOCUMENTATION_ONLY,inventory classification lead
project/src/parsers/compatibility/influxdb,datatype_surface:string,descriptor;surface=STRING,project/src/parsers/compatibility/influxdb/influxdb_dialect.cpp#kDatatypeSurfaces:string,DOCUMENTATION_ONLY,inventory classification lead
project/src/parsers/compatibility/influxdb,datatype_surface:boolean,descriptor;surface=BOOLEAN,project/src/parsers/compatibility/influxdb/influxdb_dialect.cpp#kDatatypeSurfaces:boolean,DOCUMENTATION_ONLY,inventory classification lead
project/src/parsers/compatibility/influxdb,datatype_surface:timestamp,descriptor;surface=TIMESTAMP;RFC3339;UNIX_NANO,project/src/parsers/compatibility/influxdb/influxdb_dialect.cpp#kDatatypeSurfaces:timestamp,DOCUMENTATION_ONLY,inventory classification lead
project/src/parsers/compatibility/influxdb,datatype_surface:tag,descriptor;surface=TAG,project/src/parsers/compatibility/influxdb/influxdb_dialect.cpp#kDatatypeSurfaces:tag,DOCUMENTATION_ONLY,inventory classification lead
project/src/parsers/compatibility/influxdb,datatype_surface:field,descriptor;surface=FIELD,project/src/parsers/compatibility/influxdb/influxdb_dialect.cpp#kDatatypeSurfaces:field,DOCUMENTATION_ONLY,inventory classification lead
project/src/parsers/compatibility/influxdb,datatype_surface:line_protocol,parser_support_udr;surface=MEASUREMENT;TAGSET;FIELDSET,project/src/parsers/compatibility/influxdb/influxdb_dialect.cpp#kDatatypeSurfaces:line_protocol,IMPLEMENT_NONCLUSTER,inventory classification lead
project/src/parsers/compatibility/influxdb,builtin_function_surface:aggregate,sblr;surface=COUNT;MEAN;MEDIAN;SUM;MIN;MAX;SPREAD,project/src/parsers/compatibility/influxdb/influxdb_dialect.cpp#kBuiltinSurfaces:aggregate,PARSER_REMAP_ONLY,inventory classification lead
project/src/parsers/compatibility/influxdb,builtin_function_surface:selector,sblr;surface=FIRST;LAST;TOP;BOTTOM;PERCENTILE,project/src/parsers/compatibility/influxdb/influxdb_dialect.cpp#kBuiltinSurfaces:selector,PARSER_REMAP_ONLY,inventory classification lead
project/src/parsers/compatibility/influxdb,builtin_function_surface:transform,parser_support_udr;surface=DERIVATIVE;NON_NEGATIVE_DERIVATIVE;ELAPSED,project/src/parsers/compatibility/influxdb/influxdb_dialect.cpp#kBuiltinSurfaces:transform,IMPLEMENT_NONCLUSTER,inventory classification lead
project/src/parsers/compatibility/influxdb,builtin_function_surface:time,sblr;surface=NOW;TIME;TZ,project/src/parsers/compatibility/influxdb/influxdb_dialect.cpp#kBuiltinSurfaces:time,PARSER_REMAP_ONLY,inventory classification lead
project/src/parsers/compatibility/influxdb,builtin_function_surface:flux,parser_support_udr;surface=FROM;RANGE;FILTER;MAP;YIELD,project/src/parsers/compatibility/influxdb/influxdb_dialect.cpp#kBuiltinSurfaces:flux,IMPLEMENT_NONCLUSTER,inventory classification lead
project/src/parsers/compatibility/influxdb,builtin_function_surface:math,sblr;surface=ABS;SIN;COS;LOG;POW,project/src/parsers/compatibility/influxdb/influxdb_dialect.cpp#kBuiltinSurfaces:math,PARSER_REMAP_ONLY,inventory classification lead
project/src/parsers/compatibility/influxdb,builtin_function_surface:fill,parser_support_udr;surface=FILL;LINEAR;PREVIOUS,project/src/parsers/compatibility/influxdb/influxdb_dialect.cpp#kBuiltinSurfaces:fill,IMPLEMENT_NONCLUSTER,inventory classification lead
project/src/parsers/compatibility/influxdb,catalog_overlay_surface:databases,catalog_projection;surface=INFLUXDB_DATABASES,project/src/parsers/compatibility/influxdb/influxdb_dialect.cpp#kCatalogSurfaces:databases,PARSER_REMAP_ONLY,inventory classification lead
project/src/parsers/compatibility/influxdb,catalog_overlay_surface:buckets,catalog_projection;surface=INFLUXDB_BUCKETS,project/src/parsers/compatibility/influxdb/influxdb_dialect.cpp#kCatalogSurfaces:buckets,PARSER_REMAP_ONLY,inventory classification lead
project/src/parsers/compatibility/influxdb,catalog_overlay_surface:measurements,catalog_projection;surface=INFLUXDB_MEASUREMENTS,project/src/parsers/compatibility/influxdb/influxdb_dialect.cpp#kCatalogSurfaces:measurements,PARSER_REMAP_ONLY,inventory classification lead
project/src/parsers/compatibility/influxdb,catalog_overlay_surface:tag_keys,catalog_projection;surface=INFLUXDB_TAG_KEYS,project/src/parsers/compatibility/influxdb/influxdb_dialect.cpp#kCatalogSurfaces:tag_keys,PARSER_REMAP_ONLY,inventory classification lead
project/src/parsers/compatibility/influxdb,catalog_overlay_surface:field_keys,catalog_projection;surface=INFLUXDB_FIELD_KEYS,project/src/parsers/compatibility/influxdb/influxdb_dialect.cpp#kCatalogSurfaces:field_keys,PARSER_REMAP_ONLY,inventory classification lead
project/src/parsers/compatibility/influxdb,catalog_overlay_surface:retention_policies,catalog_projection;surface=INFLUXDB_RETENTION_POLICIES,project/src/parsers/compatibility/influxdb/influxdb_dialect.cpp#kCatalogSurfaces:retention_policies,PARSER_REMAP_ONLY,inventory classification lead
project/src/parsers/compatibility/influxdb,catalog_overlay_surface:continuous_queries,catalog_projection;surface=INFLUXDB_CONTINUOUS_QUERIES,project/src/parsers/compatibility/influxdb/influxdb_dialect.cpp#kCatalogSurfaces:continuous_queries,PARSER_REMAP_ONLY,inventory classification lead
project/src/parsers/compatibility/influxdb,catalog_overlay_surface:subscriptions,catalog_projection;surface=INFLUXDB_SUBSCRIPTIONS,project/src/parsers/compatibility/influxdb/influxdb_dialect.cpp#kCatalogSurfaces:subscriptions,PARSER_REMAP_ONLY,inventory classification lead
project/src/parsers/compatibility/influxdb,catalog_overlay_surface:tasks,catalog_projection;surface=INFLUXDB_TASKS,project/src/parsers/compatibility/influxdb/influxdb_dialect.cpp#kCatalogSurfaces:tasks,PARSER_REMAP_ONLY,inventory classification lead
project/src/parsers/compatibility/influxdb,diagnostic_surface:parse,parser;surface=INFLUXDB.PARSE.INVALID_INPUT;INFLUXDB.PARSE.UNSUPPORTED_SURFACE,project/src/parsers/compatibility/influxdb/influxdb_dialect.cpp#kDiagnosticSurfaces:parse,PARSER_REMAP_ONLY,inventory classification lead
project/src/parsers/compatibility/influxdb,diagnostic_surface:policy,fail_closed;surface=INFLUXDB.AUTHORITY.*,project/src/parsers/compatibility/influxdb/influxdb_dialect.cpp#kDiagnosticSurfaces:policy,ARCHITECTURE_REFUSAL,inventory classification lead
project/src/parsers/compatibility/influxdb,diagnostic_surface:udr,parser_support_udr;surface=INFLUXDB.EMULATION.*,project/src/parsers/compatibility/influxdb/influxdb_dialect.cpp#kDiagnosticSurfaces:udr,IMPLEMENT_NONCLUSTER,inventory classification lead
project/src/parsers/compatibility/influxdb,diagnostic_surface:catalog,catalog_projection;surface=INFLUXDB.CATALOG_OVERLAY.READ_ONLY,project/src/parsers/compatibility/influxdb/influxdb_dialect.cpp#kDiagnosticSurfaces:catalog,PARSER_REMAP_ONLY,inventory classification lead
project/src/parsers/compatibility/influxdb,diagnostic_surface:session,sblr;surface=INFLUXDB.SESSION.*,project/src/parsers/compatibility/influxdb/influxdb_dialect.cpp#kDiagnosticSurfaces:session,PARSER_REMAP_ONLY,inventory classification lead
project/src/parsers/compatibility/influxdb,diagnostic_surface:transaction,sblr;surface=INFLUXDB.TRANSACTION.*,project/src/parsers/compatibility/influxdb/influxdb_dialect.cpp#kDiagnosticSurfaces:transaction,PARSER_REMAP_ONLY,inventory classification lead
project/src/parsers/compatibility/influxdb,diagnostic_surface:file_effects,authority_invariant;surface=real_compatibility_file_effects=false,project/src/parsers/compatibility/influxdb/influxdb_dialect.cpp#kDiagnosticSurfaces:file_effects,DOCUMENTATION_ONLY,inventory classification lead
project/src/parsers/compatibility/influxdb,diagnostic_surface:compatibility_execution,authority_invariant;surface=compatibility_engine_sql_executed=false,project/src/parsers/compatibility/influxdb/influxdb_dialect.cpp#kDiagnosticSurfaces:compatibility_execution,DOCUMENTATION_ONLY,inventory classification lead
project/src/parsers/compatibility/influxdb,diagnostic_surface:mga,authority_invariant;surface=parser_transaction_finality_authority=false,project/src/parsers/compatibility/influxdb/influxdb_dialect.cpp#kDiagnosticSurfaces:mga,DOCUMENTATION_ONLY,inventory classification lead
project/src/parsers/compatibility/influxdb,diagnostic_surface:support_bundle,diagnostic_redaction;surface=source_text_redacted=true,project/src/parsers/compatibility/influxdb/influxdb_dialect.cpp#kDiagnosticSurfaces:support_bundle,DOCUMENTATION_ONLY,inventory classification lead
project/src/parsers/compatibility/influxdb,source_marker:unsupported,source_marker_requires_review,project/src/parsers/compatibility/influxdb/influxdb_dialect.cpp#marker:unsupported,ARCHITECTURE_REFUSAL,inventory classification lead
project/src/parsers/compatibility/mariadb,mariadb.plugin.install_soname,kPolicyRefusal;match=INSTALL SONAME;mapping=mariadb.policy.plugin.install_soname;sblr=none;engine_api=none;diagnostic=MARIADB.AUTHORITY.PLUGIN_DENIED,project/src/parsers/compatibility/mariadb/mariadb_dialect.cpp#kPatterns:mariadb.plugin.install_soname,ARCHITECTURE_REFUSAL,parser remap lead
project/src/parsers/compatibility/mariadb,mariadb.plugin.uninstall_soname,kPolicyRefusal;match=UNINSTALL SONAME;mapping=mariadb.policy.plugin.uninstall_soname;sblr=none;engine_api=none;diagnostic=MARIADB.AUTHORITY.PLUGIN_DENIED,project/src/parsers/compatibility/mariadb/mariadb_dialect.cpp#kPatterns:mariadb.plugin.uninstall_soname,ARCHITECTURE_REFUSAL,parser remap lead
project/src/parsers/compatibility/mariadb,mariadb.bulk_io.backup_stage,kPolicyRefusal;match=BACKUP STAGE;mapping=mariadb.policy.backup_stage;sblr=none;engine_api=none;diagnostic=MARIADB.AUTHORITY.FILE_IO_DENIED,project/src/parsers/compatibility/mariadb/mariadb_dialect.cpp#kPatterns:mariadb.bulk_io.backup_stage,EXTERNAL_AUTHORITY,parser remap lead
project/src/parsers/compatibility/mariadb,mariadb.sequence.create,kAdmittedSblr;match=CREATE SEQUENCE;mapping=mariadb.sequence.create;sblr=SBLR_COMPAT_MARIADB_SEQUENCE_CREATE;engine_api=EngineCreateSequence;diagnostic=none,project/src/parsers/compatibility/mariadb/mariadb_dialect.cpp#kPatterns:mariadb.sequence.create,PARSER_REMAP_ONLY,parser remap lead
project/src/parsers/compatibility/mariadb,mariadb.sequence.alter,kAdmittedSblr;match=ALTER SEQUENCE;mapping=mariadb.sequence.alter;sblr=SBLR_COMPAT_MARIADB_SEQUENCE_ALTER;engine_api=EngineAlterSequence;diagnostic=none,project/src/parsers/compatibility/mariadb/mariadb_dialect.cpp#kPatterns:mariadb.sequence.alter,PARSER_REMAP_ONLY,parser remap lead
project/src/parsers/compatibility/mariadb,mariadb.sequence.drop,kAdmittedSblr;match=DROP SEQUENCE;mapping=mariadb.sequence.drop;sblr=SBLR_COMPAT_MARIADB_SEQUENCE_DROP;engine_api=EngineDropSequence;diagnostic=none,project/src/parsers/compatibility/mariadb/mariadb_dialect.cpp#kPatterns:mariadb.sequence.drop,PARSER_REMAP_ONLY,parser remap lead
project/src/parsers/compatibility/mariadb,mariadb.sequence.next_value_for,kAdmittedSblr;match=NEXT VALUE FOR;mapping=mariadb.sequence.next_value_for;sblr=SBLR_COMPAT_MARIADB_SEQUENCE_NEXT_VALUE;engine_api=EngineNextSequenceValue;diagnostic=none,project/src/parsers/compatibility/mariadb/mariadb_dialect.cpp#kPatterns:mariadb.sequence.next_value_for,PARSER_REMAP_ONLY,parser remap lead
project/src/parsers/compatibility/mariadb,mariadb.dml.returning,kAdmittedSblr;match=RETURNING;mapping=mariadb.dml.returning;sblr=SBLR_COMPAT_MARIADB_DML_RETURNING;engine_api=EngineDmlReturning;diagnostic=none,project/src/parsers/compatibility/mariadb/mariadb_dialect.cpp#kPatterns:mariadb.dml.returning,PARSER_REMAP_ONLY,parser remap lead
project/src/parsers/compatibility/mariadb,mariadb.handler.cursor,kParserSupportUdr;match=HANDLER;mapping=mariadb.udr.handler.cursor;sblr=SBLR_COMPAT_MARIADB_HANDLER_ROUTE;engine_api=ParserSupportHandlerRoute;diagnostic=MARIADB.EMULATION.HANDLER_ROUTE,project/src/parsers/compatibility/mariadb/mariadb_dialect.cpp#kPatterns:mariadb.handler.cursor,IMPLEMENT_NONCLUSTER,parser remap lead
project/src/parsers/compatibility/mariadb,mariadb.session_admin.kill,kSecurityRefusal;match=KILL;mapping=mariadb.policy.kill;sblr=none;engine_api=none;diagnostic=MARIADB.AUTHORITY.SESSION_ADMIN_DENIED,project/src/parsers/compatibility/mariadb/mariadb_dialect.cpp#kPatterns:mariadb.session_admin.kill,ARCHITECTURE_REFUSAL,parser remap lead
project/src/parsers/compatibility/mariadb,mariadb.replication.reset_master,kPolicyRefusal;match=RESET MASTER;mapping=mariadb.policy.binlog.reset_master;sblr=none;engine_api=none;diagnostic=MARIADB.AUTHORITY.BINLOG_DENIED,project/src/parsers/compatibility/mariadb/mariadb_dialect.cpp#kPatterns:mariadb.replication.reset_master,NORMALIZE_CLUSTER,parser remap lead
project/src/parsers/compatibility/mariadb,mariadb.ddl.create_or_replace,kAdmittedSblr;match=CREATE OR REPLACE;mapping=mariadb.ddl.create_or_replace;sblr=SBLR_COMPAT_MARIADB_DDL_CREATE_OR_REPLACE;engine_api=EngineDdlCreateOrReplace;diagnostic=none,project/src/parsers/compatibility/mariadb/mariadb_dialect.cpp#kPatterns:mariadb.ddl.create_or_replace,PARSER_REMAP_ONLY,parser remap lead
project/src/parsers/compatibility/mariadb,mariadb.bulk_io.load_data_infile,kPolicyRefusal;match=LOAD DATA INFILE;mapping=mariadb.policy.file.load_data_infile;sblr=none;engine_api=none;diagnostic=MARIADB.AUTHORITY.FILE_IO_DENIED,project/src/parsers/compatibility/mariadb/mariadb_dialect.cpp#kPatterns:mariadb.bulk_io.load_data_infile,EXTERNAL_AUTHORITY,parser remap lead
project/src/parsers/compatibility/mariadb,mariadb.bulk_io.load_file,kPolicyRefusal;match=LOAD_FILE;mapping=mariadb.policy.file.load_file;sblr=none;engine_api=none;diagnostic=MARIADB.AUTHORITY.FILE_IO_DENIED,project/src/parsers/compatibility/mariadb/mariadb_dialect.cpp#kPatterns:mariadb.bulk_io.load_file,EXTERNAL_AUTHORITY,parser remap lead
project/src/parsers/compatibility/mariadb,mariadb.bulk_io.select_into_outfile,kPolicyRefusal;match=SELECT|| INTO OUTFILE;mapping=mariadb.policy.file.select_into_outfile;sblr=none;engine_api=none;diagnostic=MARIADB.AUTHORITY.FILE_IO_DENIED,project/src/parsers/compatibility/mariadb/mariadb_dialect.cpp#kPatterns:mariadb.bulk_io.select_into_outfile,EXTERNAL_AUTHORITY,parser remap lead
project/src/parsers/compatibility/mariadb,mariadb.bulk_io.select_into_dumpfile,kPolicyRefusal;match=SELECT|| INTO DUMPFILE;mapping=mariadb.policy.file.select_into_dumpfile;sblr=none;engine_api=none;diagnostic=MARIADB.AUTHORITY.FILE_IO_DENIED,project/src/parsers/compatibility/mariadb/mariadb_dialect.cpp#kPatterns:mariadb.bulk_io.select_into_dumpfile,EXTERNAL_AUTHORITY,parser remap lead
project/src/parsers/compatibility/mariadb,mariadb.plugin.install,kPolicyRefusal;match=INSTALL PLUGIN;mapping=mariadb.policy.plugin.install;sblr=none;engine_api=none;diagnostic=MARIADB.AUTHORITY.PLUGIN_DENIED,project/src/parsers/compatibility/mariadb/mariadb_dialect.cpp#kPatterns:mariadb.plugin.install,ARCHITECTURE_REFUSAL,parser remap lead
project/src/parsers/compatibility/mariadb,mariadb.plugin.uninstall,kPolicyRefusal;match=UNINSTALL PLUGIN;mapping=mariadb.policy.plugin.uninstall;sblr=none;engine_api=none;diagnostic=MARIADB.AUTHORITY.PLUGIN_DENIED,project/src/parsers/compatibility/mariadb/mariadb_dialect.cpp#kPatterns:mariadb.plugin.uninstall,ARCHITECTURE_REFUSAL,parser remap lead
project/src/parsers/compatibility/mariadb,mariadb.storage.tablespace.create,kPolicyRefusal;match=CREATE TABLESPACE;mapping=mariadb.policy.tablespace.create;sblr=none;engine_api=none;diagnostic=MARIADB.AUTHORITY.TABLESPACE_DENIED,project/src/parsers/compatibility/mariadb/mariadb_dialect.cpp#kPatterns:mariadb.storage.tablespace.create,ARCHITECTURE_REFUSAL,parser remap lead
project/src/parsers/compatibility/mariadb,mariadb.storage.tablespace.alter,kPolicyRefusal;match=ALTER TABLESPACE;mapping=mariadb.policy.tablespace.alter;sblr=none;engine_api=none;diagnostic=MARIADB.AUTHORITY.TABLESPACE_DENIED,project/src/parsers/compatibility/mariadb/mariadb_dialect.cpp#kPatterns:mariadb.storage.tablespace.alter,ARCHITECTURE_REFUSAL,parser remap lead
project/src/parsers/compatibility/mariadb,mariadb.storage.tablespace.drop,kPolicyRefusal;match=DROP TABLESPACE;mapping=mariadb.policy.tablespace.drop;sblr=none;engine_api=none;diagnostic=MARIADB.AUTHORITY.TABLESPACE_DENIED,project/src/parsers/compatibility/mariadb/mariadb_dialect.cpp#kPatterns:mariadb.storage.tablespace.drop,ARCHITECTURE_REFUSAL,parser remap lead
project/src/parsers/compatibility/mariadb,mariadb.replication.change_source,kParserSupportUdr;match=CHANGE REPLICATION SOURCE;mapping=mariadb.udr.replication.change_source;sblr=SBLR_COMPAT_MARIADB_REPLICATION_ROUTE;engine_api=ParserSupportReplicationRoute;diagnostic=MARIADB.EMULATION.REPLICATION_ROUTE,project/src/parsers/compatibility/mariadb/mariadb_dialect.cpp#kPatterns:mariadb.replication.change_source,NORMALIZE_CLUSTER,parser remap lead
project/src/parsers/compatibility/mariadb,mariadb.replication.change_master_legacy,kParserSupportUdr;match=CHANGE MASTER;mapping=mariadb.udr.replication.change_master;sblr=SBLR_COMPAT_MARIADB_REPLICATION_ROUTE;engine_api=ParserSupportReplicationRoute;diagnostic=MARIADB.EMULATION.REPLICATION_ROUTE,project/src/parsers/compatibility/mariadb/mariadb_dialect.cpp#kPatterns:mariadb.replication.change_master_legacy,NORMALIZE_CLUSTER,parser remap lead
project/src/parsers/compatibility/mariadb,mariadb.replication.start_replica,kParserSupportUdr;match=START REPLICA;mapping=mariadb.udr.replication.start_replica;sblr=SBLR_COMPAT_MARIADB_REPLICATION_ROUTE;engine_api=ParserSupportReplicationRoute;diagnostic=MARIADB.EMULATION.REPLICATION_ROUTE,project/src/parsers/compatibility/mariadb/mariadb_dialect.cpp#kPatterns:mariadb.replication.start_replica,NORMALIZE_CLUSTER,parser remap lead
project/src/parsers/compatibility/mariadb,mariadb.replication.stop_replica,kParserSupportUdr;match=STOP REPLICA;mapping=mariadb.udr.replication.stop_replica;sblr=SBLR_COMPAT_MARIADB_REPLICATION_ROUTE;engine_api=ParserSupportReplicationRoute;diagnostic=MARIADB.EMULATION.REPLICATION_ROUTE,project/src/parsers/compatibility/mariadb/mariadb_dialect.cpp#kPatterns:mariadb.replication.stop_replica,NORMALIZE_CLUSTER,parser remap lead
project/src/parsers/compatibility/mariadb,mariadb.replication.reset_replica,kParserSupportUdr;match=RESET REPLICA;mapping=mariadb.udr.replication.reset_replica;sblr=SBLR_COMPAT_MARIADB_REPLICATION_ROUTE;engine_api=ParserSupportReplicationRoute;diagnostic=MARIADB.EMULATION.REPLICATION_ROUTE,project/src/parsers/compatibility/mariadb/mariadb_dialect.cpp#kPatterns:mariadb.replication.reset_replica,NORMALIZE_CLUSTER,parser remap lead
project/src/parsers/compatibility/mariadb,mariadb.replication.show_replica_status,kCatalogProjection;match=SHOW REPLICA STATUS;mapping=mariadb.catalog.replication.show_status;sblr=SBLR_COMPAT_MARIADB_CATALOG_PROJECT;engine_api=EngineCatalogProjection;diagnostic=none,project/src/parsers/compatibility/mariadb/mariadb_dialect.cpp#kPatterns:mariadb.replication.show_replica_status,NORMALIZE_CLUSTER,parser remap lead
project/src/parsers/compatibility/mariadb,mariadb.replication.show_slave_status_legacy,kCatalogProjection;match=SHOW SLAVE STATUS;mapping=mariadb.catalog.replication.show_slave_status;sblr=SBLR_COMPAT_MARIADB_CATALOG_PROJECT;engine_api=EngineCatalogProjection;diagnostic=none,project/src/parsers/compatibility/mariadb/mariadb_dialect.cpp#kPatterns:mariadb.replication.show_slave_status_legacy,NORMALIZE_CLUSTER,parser remap lead
project/src/parsers/compatibility/mariadb,mariadb.replication.purge_binary_logs,kPolicyRefusal;match=PURGE BINARY LOGS;mapping=mariadb.policy.binlog.purge;sblr=none;engine_api=none;diagnostic=MARIADB.AUTHORITY.BINLOG_DENIED,project/src/parsers/compatibility/mariadb/mariadb_dialect.cpp#kPatterns:mariadb.replication.purge_binary_logs,NORMALIZE_CLUSTER,parser remap lead
project/src/parsers/compatibility/mariadb,mariadb.replication.reset_binary_logs,kPolicyRefusal;match=RESET BINARY LOGS;mapping=mariadb.policy.binlog.reset;sblr=none;engine_api=none;diagnostic=MARIADB.AUTHORITY.BINLOG_DENIED,project/src/parsers/compatibility/mariadb/mariadb_dialect.cpp#kPatterns:mariadb.replication.reset_binary_logs,NORMALIZE_CLUSTER,parser remap lead
project/src/parsers/compatibility/mariadb,mariadb.security.create_user,kParserSupportUdr;match=CREATE USER;mapping=mariadb.udr.security.create_user;sblr=SBLR_COMPAT_MARIADB_SECURITY_ROUTE;engine_api=ParserSupportSecurityRoute;diagnostic=MARIADB.EMULATION.SECURITY_ROUTE,project/src/parsers/compatibility/mariadb/mariadb_dialect.cpp#kPatterns:mariadb.security.create_user,IMPLEMENT_NONCLUSTER,parser remap lead
project/src/parsers/compatibility/mariadb,mariadb.security.alter_user,kParserSupportUdr;match=ALTER USER;mapping=mariadb.udr.security.alter_user;sblr=SBLR_COMPAT_MARIADB_SECURITY_ROUTE;engine_api=ParserSupportSecurityRoute;diagnostic=MARIADB.EMULATION.SECURITY_ROUTE,project/src/parsers/compatibility/mariadb/mariadb_dialect.cpp#kPatterns:mariadb.security.alter_user,IMPLEMENT_NONCLUSTER,parser remap lead
project/src/parsers/compatibility/mariadb,mariadb.security.drop_user,kParserSupportUdr;match=DROP USER;mapping=mariadb.udr.security.drop_user;sblr=SBLR_COMPAT_MARIADB_SECURITY_ROUTE;engine_api=ParserSupportSecurityRoute;diagnostic=MARIADB.EMULATION.SECURITY_ROUTE,project/src/parsers/compatibility/mariadb/mariadb_dialect.cpp#kPatterns:mariadb.security.drop_user,IMPLEMENT_NONCLUSTER,parser remap lead
project/src/parsers/compatibility/mariadb,mariadb.security.create_role,kParserSupportUdr;match=CREATE ROLE;mapping=mariadb.udr.security.create_role;sblr=SBLR_COMPAT_MARIADB_SECURITY_ROUTE;engine_api=ParserSupportSecurityRoute;diagnostic=MARIADB.EMULATION.SECURITY_ROUTE,project/src/parsers/compatibility/mariadb/mariadb_dialect.cpp#kPatterns:mariadb.security.create_role,IMPLEMENT_NONCLUSTER,parser remap lead
project/src/parsers/compatibility/mariadb,mariadb.security.drop_role,kParserSupportUdr;match=DROP ROLE;mapping=mariadb.udr.security.drop_role;sblr=SBLR_COMPAT_MARIADB_SECURITY_ROUTE;engine_api=ParserSupportSecurityRoute;diagnostic=MARIADB.EMULATION.SECURITY_ROUTE,project/src/parsers/compatibility/mariadb/mariadb_dialect.cpp#kPatterns:mariadb.security.drop_role,IMPLEMENT_NONCLUSTER,parser remap lead
project/src/parsers/compatibility/mariadb,mariadb.security.grant,kParserSupportUdr;match=GRANT;mapping=mariadb.udr.security.grant;sblr=SBLR_COMPAT_MARIADB_SECURITY_ROUTE;engine_api=ParserSupportSecurityRoute;diagnostic=MARIADB.EMULATION.SECURITY_ROUTE,project/src/parsers/compatibility/mariadb/mariadb_dialect.cpp#kPatterns:mariadb.security.grant,IMPLEMENT_NONCLUSTER,parser remap lead
project/src/parsers/compatibility/mariadb,mariadb.security.revoke,kParserSupportUdr;match=REVOKE;mapping=mariadb.udr.security.revoke;sblr=SBLR_COMPAT_MARIADB_SECURITY_ROUTE;engine_api=ParserSupportSecurityRoute;diagnostic=MARIADB.EMULATION.SECURITY_ROUTE,project/src/parsers/compatibility/mariadb/mariadb_dialect.cpp#kPatterns:mariadb.security.revoke,IMPLEMENT_NONCLUSTER,parser remap lead
project/src/parsers/compatibility/mariadb,mariadb.routine.event.create,kParserSupportUdr;match=CREATE EVENT;mapping=mariadb.udr.routine.event.create;sblr=SBLR_COMPAT_MARIADB_ROUTINE_ROUTE;engine_api=ParserSupportRoutineRoute;diagnostic=MARIADB.EMULATION.ROUTINE_ROUTE,project/src/parsers/compatibility/mariadb/mariadb_dialect.cpp#kPatterns:mariadb.routine.event.create,IMPLEMENT_NONCLUSTER,parser remap lead
project/src/parsers/compatibility/mariadb,mariadb.routine.trigger.create,kParserSupportUdr;match=CREATE TRIGGER;mapping=mariadb.udr.routine.trigger.create;sblr=SBLR_COMPAT_MARIADB_ROUTINE_ROUTE;engine_api=ParserSupportRoutineRoute;diagnostic=MARIADB.EMULATION.ROUTINE_ROUTE,project/src/parsers/compatibility/mariadb/mariadb_dialect.cpp#kPatterns:mariadb.routine.trigger.create,IMPLEMENT_NONCLUSTER,parser remap lead
project/src/parsers/compatibility/mariadb,mariadb.routine.procedure.create,kParserSupportUdr;match=CREATE PROCEDURE;mapping=mariadb.udr.routine.procedure.create;sblr=SBLR_COMPAT_MARIADB_ROUTINE_ROUTE;engine_api=ParserSupportRoutineRoute;diagnostic=MARIADB.EMULATION.ROUTINE_ROUTE,project/src/parsers/compatibility/mariadb/mariadb_dialect.cpp#kPatterns:mariadb.routine.procedure.create,IMPLEMENT_NONCLUSTER,parser remap lead
project/src/parsers/compatibility/mariadb,mariadb.routine.function.create,kParserSupportUdr;match=CREATE FUNCTION;mapping=mariadb.udr.routine.function.create;sblr=SBLR_COMPAT_MARIADB_ROUTINE_ROUTE;engine_api=ParserSupportRoutineRoute;diagnostic=MARIADB.EMULATION.ROUTINE_ROUTE,project/src/parsers/compatibility/mariadb/mariadb_dialect.cpp#kPatterns:mariadb.routine.function.create,IMPLEMENT_NONCLUSTER,parser remap lead
project/src/parsers/compatibility/mariadb,mariadb.lifecycle.create_database,kScratchBirdLifecycleApi;match=CREATE DATABASE;mapping=mariadb.lifecycle.create_database;sblr=SBLR_LIFECYCLE_CREATE_DATABASE;engine_api=EngineCreateLifecycle;diagnostic=none,project/src/parsers/compatibility/mariadb/mariadb_dialect.cpp#kPatterns:mariadb.lifecycle.create_database,PARSER_REMAP_ONLY,parser remap lead
project/src/parsers/compatibility/mariadb,mariadb.lifecycle.drop_database,kScratchBirdLifecycleApi;match=DROP DATABASE;mapping=mariadb.lifecycle.drop_database;sblr=SBLR_LIFECYCLE_DROP_DATABASE;engine_api=EngineDropLifecycle;diagnostic=none,project/src/parsers/compatibility/mariadb/mariadb_dialect.cpp#kPatterns:mariadb.lifecycle.drop_database,PARSER_REMAP_ONLY,parser remap lead
project/src/parsers/compatibility/mariadb,mariadb.session.use_database,kAdmittedSblr;match=USE;mapping=mariadb.session.use_database;sblr=SBLR_COMPAT_MARIADB_USE_DATABASE;engine_api=EngineSessionRoute;diagnostic=none,project/src/parsers/compatibility/mariadb/mariadb_dialect.cpp#kPatterns:mariadb.session.use_database,PARSER_REMAP_ONLY,parser remap lead
project/src/parsers/compatibility/mariadb,mariadb.catalog_overlay.show,kCatalogProjection;match=SHOW;mapping=mariadb.catalog.show;sblr=SBLR_COMPAT_MARIADB_CATALOG_PROJECT;engine_api=EngineCatalogProjection;diagnostic=none,project/src/parsers/compatibility/mariadb/mariadb_dialect.cpp#kPatterns:mariadb.catalog_overlay.show,PARSER_REMAP_ONLY,parser remap lead
project/src/parsers/compatibility/mariadb,mariadb.catalog_overlay.describe,kCatalogProjection;match=DESCRIBE;mapping=mariadb.catalog.describe;sblr=SBLR_COMPAT_MARIADB_CATALOG_PROJECT;engine_api=EngineCatalogProjection;diagnostic=none,project/src/parsers/compatibility/mariadb/mariadb_dialect.cpp#kPatterns:mariadb.catalog_overlay.describe,PARSER_REMAP_ONLY,parser remap lead
project/src/parsers/compatibility/mariadb,mariadb.optimizer.explain,kCatalogProjection;match=EXPLAIN;mapping=mariadb.optimizer.explain;sblr=SBLR_COMPAT_MARIADB_EXPLAIN;engine_api=EngineExplainPlan;diagnostic=none,project/src/parsers/compatibility/mariadb/mariadb_dialect.cpp#kPatterns:mariadb.optimizer.explain,PARSER_REMAP_ONLY,parser remap lead
project/src/parsers/compatibility/mariadb,mariadb.prepared.prepare,kAdmittedSblr;match=PREPARE;mapping=mariadb.prepared.prepare;sblr=SBLR_COMPAT_MARIADB_PREPARE;engine_api=EnginePrepareStatement;diagnostic=none,project/src/parsers/compatibility/mariadb/mariadb_dialect.cpp#kPatterns:mariadb.prepared.prepare,PARSER_REMAP_ONLY,parser remap lead
project/src/parsers/compatibility/mariadb,mariadb.prepared.execute,kAdmittedSblr;match=EXECUTE;mapping=mariadb.prepared.execute;sblr=SBLR_COMPAT_MARIADB_EXECUTE;engine_api=EngineExecuteStatement;diagnostic=none,project/src/parsers/compatibility/mariadb/mariadb_dialect.cpp#kPatterns:mariadb.prepared.execute,PARSER_REMAP_ONLY,parser remap lead
project/src/parsers/compatibility/mariadb,mariadb.prepared.deallocate,kAdmittedSblr;match=DEALLOCATE;mapping=mariadb.prepared.deallocate;sblr=SBLR_COMPAT_MARIADB_DEALLOCATE;engine_api=EngineDeallocateStatement;diagnostic=none,project/src/parsers/compatibility/mariadb/mariadb_dialect.cpp#kPatterns:mariadb.prepared.deallocate,PARSER_REMAP_ONLY,parser remap lead
project/src/parsers/compatibility/mariadb,mariadb.locking.lock_tables,kAdmittedSblr;match=LOCK TABLES;mapping=mariadb.locking.lock_tables;sblr=SBLR_COMPAT_MARIADB_LOCK_TABLES;engine_api=EngineLockTables;diagnostic=none,project/src/parsers/compatibility/mariadb/mariadb_dialect.cpp#kPatterns:mariadb.locking.lock_tables,PARSER_REMAP_ONLY,parser remap lead
project/src/parsers/compatibility/mariadb,mariadb.locking.unlock_tables,kAdmittedSblr;match=UNLOCK TABLES;mapping=mariadb.locking.unlock_tables;sblr=SBLR_COMPAT_MARIADB_UNLOCK_TABLES;engine_api=EngineUnlockTables;diagnostic=none,project/src/parsers/compatibility/mariadb/mariadb_dialect.cpp#kPatterns:mariadb.locking.unlock_tables,PARSER_REMAP_ONLY,parser remap lead
project/src/parsers/compatibility/mariadb,mariadb.transaction.start,kAdmittedSblr;match=START TRANSACTION;mapping=mariadb.transaction.start;sblr=SBLR_TRANSACTION_BEGIN;engine_api=EngineBeginTransaction;diagnostic=none,project/src/parsers/compatibility/mariadb/mariadb_dialect.cpp#kPatterns:mariadb.transaction.start,PARSER_REMAP_ONLY,parser remap lead
project/src/parsers/compatibility/mariadb,mariadb.transaction.begin,kAdmittedSblr;match=BEGIN;mapping=mariadb.transaction.begin;sblr=SBLR_TRANSACTION_BEGIN;engine_api=EngineBeginTransaction;diagnostic=none,project/src/parsers/compatibility/mariadb/mariadb_dialect.cpp#kPatterns:mariadb.transaction.begin,PARSER_REMAP_ONLY,parser remap lead
project/src/parsers/compatibility/mariadb,mariadb.transaction.commit,kAdmittedSblr;match=COMMIT;mapping=mariadb.transaction.commit;sblr=SBLR_TRANSACTION_COMMIT;engine_api=EngineCommitTransaction;diagnostic=none,project/src/parsers/compatibility/mariadb/mariadb_dialect.cpp#kPatterns:mariadb.transaction.commit,PARSER_REMAP_ONLY,parser remap lead
project/src/parsers/compatibility/mariadb,mariadb.transaction.rollback,kAdmittedSblr;match=ROLLBACK;mapping=mariadb.transaction.rollback;sblr=SBLR_TRANSACTION_ROLLBACK;engine_api=EngineRollbackTransaction;diagnostic=none,project/src/parsers/compatibility/mariadb/mariadb_dialect.cpp#kPatterns:mariadb.transaction.rollback,PARSER_REMAP_ONLY,parser remap lead
project/src/parsers/compatibility/mariadb,mariadb.transaction.savepoint,kAdmittedSblr;match=SAVEPOINT;mapping=mariadb.transaction.savepoint;sblr=SBLR_TRANSACTION_SAVEPOINT;engine_api=EngineSavepoint;diagnostic=none,project/src/parsers/compatibility/mariadb/mariadb_dialect.cpp#kPatterns:mariadb.transaction.savepoint,PARSER_REMAP_ONLY,parser remap lead
project/src/parsers/compatibility/mariadb,mariadb.transaction.release_savepoint,kAdmittedSblr;match=RELEASE SAVEPOINT;mapping=mariadb.transaction.release_savepoint;sblr=SBLR_TRANSACTION_RELEASE_SAVEPOINT;engine_api=EngineReleaseSavepoint;diagnostic=none,project/src/parsers/compatibility/mariadb/mariadb_dialect.cpp#kPatterns:mariadb.transaction.release_savepoint,PARSER_REMAP_ONLY,parser remap lead
project/src/parsers/compatibility/mariadb,mariadb.session.set,kAdmittedSblr;match=SET;mapping=mariadb.session.set;sblr=SBLR_COMPAT_MARIADB_SET;engine_api=EngineSessionSet;diagnostic=none,project/src/parsers/compatibility/mariadb/mariadb_dialect.cpp#kPatterns:mariadb.session.set,PARSER_REMAP_ONLY,parser remap lead
project/src/parsers/compatibility/mariadb,mariadb.ddl.create,kAdmittedSblr;match=CREATE;mapping=mariadb.ddl.create;sblr=SBLR_COMPAT_MARIADB_DDL_CREATE;engine_api=EngineDdlCreate;diagnostic=none,project/src/parsers/compatibility/mariadb/mariadb_dialect.cpp#kPatterns:mariadb.ddl.create,PARSER_REMAP_ONLY,parser remap lead
project/src/parsers/compatibility/mariadb,mariadb.ddl.alter,kAdmittedSblr;match=ALTER;mapping=mariadb.ddl.alter;sblr=SBLR_COMPAT_MARIADB_DDL_ALTER;engine_api=EngineDdlAlter;diagnostic=none,project/src/parsers/compatibility/mariadb/mariadb_dialect.cpp#kPatterns:mariadb.ddl.alter,PARSER_REMAP_ONLY,parser remap lead
project/src/parsers/compatibility/mariadb,mariadb.ddl.drop,kAdmittedSblr;match=DROP;mapping=mariadb.ddl.drop;sblr=SBLR_COMPAT_MARIADB_DDL_DROP;engine_api=EngineDdlDrop;diagnostic=none,project/src/parsers/compatibility/mariadb/mariadb_dialect.cpp#kPatterns:mariadb.ddl.drop,PARSER_REMAP_ONLY,parser remap lead
project/src/parsers/compatibility/mariadb,mariadb.ddl.truncate,kAdmittedSblr;match=TRUNCATE;mapping=mariadb.ddl.truncate;sblr=SBLR_COMPAT_MARIADB_DDL_TRUNCATE;engine_api=EngineDdlTruncate;diagnostic=none,project/src/parsers/compatibility/mariadb/mariadb_dialect.cpp#kPatterns:mariadb.ddl.truncate,PARSER_REMAP_ONLY,parser remap lead
project/src/parsers/compatibility/mariadb,mariadb.dml.replace,kAdmittedSblr;match=REPLACE;mapping=mariadb.dml.replace;sblr=SBLR_COMPAT_MARIADB_REPLACE;engine_api=EngineDmlReplace;diagnostic=none,project/src/parsers/compatibility/mariadb/mariadb_dialect.cpp#kPatterns:mariadb.dml.replace,PARSER_REMAP_ONLY,parser remap lead
project/src/parsers/compatibility/mariadb,mariadb.dml.insert,kAdmittedSblr;match=INSERT;mapping=mariadb.dml.insert;sblr=SBLR_COMPAT_MARIADB_INSERT;engine_api=EngineDmlInsert;diagnostic=none,project/src/parsers/compatibility/mariadb/mariadb_dialect.cpp#kPatterns:mariadb.dml.insert,PARSER_REMAP_ONLY,parser remap lead
project/src/parsers/compatibility/mariadb,mariadb.dml.update,kAdmittedSblr;match=UPDATE;mapping=mariadb.dml.update;sblr=SBLR_COMPAT_MARIADB_UPDATE;engine_api=EngineDmlUpdate;diagnostic=none,project/src/parsers/compatibility/mariadb/mariadb_dialect.cpp#kPatterns:mariadb.dml.update,PARSER_REMAP_ONLY,parser remap lead
project/src/parsers/compatibility/mariadb,mariadb.dml.delete,kAdmittedSblr;match=DELETE;mapping=mariadb.dml.delete;sblr=SBLR_COMPAT_MARIADB_DELETE;engine_api=EngineDmlDelete;diagnostic=none,project/src/parsers/compatibility/mariadb/mariadb_dialect.cpp#kPatterns:mariadb.dml.delete,PARSER_REMAP_ONLY,parser remap lead
project/src/parsers/compatibility/mariadb,mariadb.query.select,kAdmittedSblr;match=SELECT;mapping=mariadb.query.select;sblr=SBLR_COMPAT_MARIADB_SELECT;engine_api=EngineQuerySelect;diagnostic=none,project/src/parsers/compatibility/mariadb/mariadb_dialect.cpp#kPatterns:mariadb.query.select,PARSER_REMAP_ONLY,parser remap lead
project/src/parsers/compatibility/mariadb,mariadb.query.with,kAdmittedSblr;match=WITH;mapping=mariadb.query.with;sblr=SBLR_COMPAT_MARIADB_SELECT;engine_api=EngineQuerySelect;diagnostic=none,project/src/parsers/compatibility/mariadb/mariadb_dialect.cpp#kPatterns:mariadb.query.with,PARSER_REMAP_ONLY,parser remap lead
project/src/parsers/compatibility/mariadb,mariadb.routine.call,kParserSupportUdr;match=CALL;mapping=mariadb.udr.routine.call;sblr=SBLR_COMPAT_MARIADB_ROUTINE_CALL;engine_api=ParserSupportRoutineRoute;diagnostic=MARIADB.EMULATION.ROUTINE_ROUTE,project/src/parsers/compatibility/mariadb/mariadb_dialect.cpp#kPatterns:mariadb.routine.call,IMPLEMENT_NONCLUSTER,parser remap lead
project/src/parsers/compatibility/mariadb,mariadb.maintenance.analyze_table,kParserSupportUdr;match=ANALYZE TABLE;mapping=mariadb.udr.maintenance.analyze_table;sblr=SBLR_COMPAT_MARIADB_MAINTENANCE_ROUTE;engine_api=ParserSupportMaintenanceRoute;diagnostic=MARIADB.EMULATION.MAINTENANCE_ROUTE,project/src/parsers/compatibility/mariadb/mariadb_dialect.cpp#kPatterns:mariadb.maintenance.analyze_table,IMPLEMENT_NONCLUSTER,parser remap lead
project/src/parsers/compatibility/mariadb,mariadb.maintenance.optimize_table,kParserSupportUdr;match=OPTIMIZE TABLE;mapping=mariadb.udr.maintenance.optimize_table;sblr=SBLR_COMPAT_MARIADB_MAINTENANCE_ROUTE;engine_api=ParserSupportMaintenanceRoute;diagnostic=MARIADB.EMULATION.MAINTENANCE_ROUTE,project/src/parsers/compatibility/mariadb/mariadb_dialect.cpp#kPatterns:mariadb.maintenance.optimize_table,IMPLEMENT_NONCLUSTER,parser remap lead
project/src/parsers/compatibility/mariadb,mariadb.maintenance.check_table,kParserSupportUdr;match=CHECK TABLE;mapping=mariadb.udr.maintenance.check_table;sblr=SBLR_COMPAT_MARIADB_MAINTENANCE_ROUTE;engine_api=ParserSupportMaintenanceRoute;diagnostic=MARIADB.EMULATION.MAINTENANCE_ROUTE,project/src/parsers/compatibility/mariadb/mariadb_dialect.cpp#kPatterns:mariadb.maintenance.check_table,IMPLEMENT_NONCLUSTER,parser remap lead
project/src/parsers/compatibility/mariadb,mariadb.maintenance.repair_table,kParserSupportUdr;match=REPAIR TABLE;mapping=mariadb.udr.maintenance.repair_table;sblr=SBLR_COMPAT_MARIADB_MAINTENANCE_ROUTE;engine_api=ParserSupportMaintenanceRoute;diagnostic=MARIADB.EMULATION.MAINTENANCE_ROUTE,project/src/parsers/compatibility/mariadb/mariadb_dialect.cpp#kPatterns:mariadb.maintenance.repair_table,IMPLEMENT_NONCLUSTER,parser remap lead
project/src/parsers/compatibility/mariadb,mariadb.maintenance.flush,kParserSupportUdr;match=FLUSH;mapping=mariadb.udr.maintenance.flush;sblr=SBLR_COMPAT_MARIADB_MAINTENANCE_ROUTE;engine_api=ParserSupportMaintenanceRoute;diagnostic=MARIADB.EMULATION.MAINTENANCE_ROUTE,project/src/parsers/compatibility/mariadb/mariadb_dialect.cpp#kPatterns:mariadb.maintenance.flush,IMPLEMENT_NONCLUSTER,parser remap lead
project/src/parsers/compatibility/mariadb,mariadb.transaction.xa,kUnsupportedRefusal;match=XA;mapping=mariadb.policy.transaction.xa;sblr=none;engine_api=none;diagnostic=MARIADB.AUTHORITY.XA_DENIED,project/src/parsers/compatibility/mariadb/mariadb_dialect.cpp#kPatterns:mariadb.transaction.xa,ARCHITECTURE_REFUSAL,parser remap lead
project/src/parsers/compatibility/mariadb,datatype_surface:numeric,descriptor;surface=TINYINT;SMALLINT;MEDIUMINT;INT;BIGINT;DECIMAL;FLOAT;DOUBLE,project/src/parsers/compatibility/mariadb/mariadb_dialect.cpp#kDatatypeSurfaces:numeric,DOCUMENTATION_ONLY,inventory classification lead
project/src/parsers/compatibility/mariadb,datatype_surface:unsigned_numeric,descriptor_policy;surface=UNSIGNED;ZEROFILL,project/src/parsers/compatibility/mariadb/mariadb_dialect.cpp#kDatatypeSurfaces:unsigned_numeric,DOCUMENTATION_ONLY,inventory classification lead
project/src/parsers/compatibility/mariadb,datatype_surface:text,descriptor;surface=CHAR;VARCHAR;TEXT;TINYTEXT;MEDIUMTEXT;LONGTEXT,project/src/parsers/compatibility/mariadb/mariadb_dialect.cpp#kDatatypeSurfaces:text,DOCUMENTATION_ONLY,inventory classification lead
project/src/parsers/compatibility/mariadb,datatype_surface:binary,descriptor;surface=BINARY;VARBINARY;BLOB;TINYBLOB;MEDIUMBLOB;LONGBLOB,project/src/parsers/compatibility/mariadb/mariadb_dialect.cpp#kDatatypeSurfaces:binary,DOCUMENTATION_ONLY,inventory classification lead
project/src/parsers/compatibility/mariadb,datatype_surface:temporal,descriptor;surface=DATE;TIME;DATETIME;TIMESTAMP;YEAR,project/src/parsers/compatibility/mariadb/mariadb_dialect.cpp#kDatatypeSurfaces:temporal,DOCUMENTATION_ONLY,inventory classification lead
project/src/parsers/compatibility/mariadb,datatype_surface:boolean,descriptor_alias;surface=BOOL;BOOLEAN,project/src/parsers/compatibility/mariadb/mariadb_dialect.cpp#kDatatypeSurfaces:boolean,DOCUMENTATION_ONLY,inventory classification lead
project/src/parsers/compatibility/mariadb,datatype_surface:json,descriptor;surface=JSON,project/src/parsers/compatibility/mariadb/mariadb_dialect.cpp#kDatatypeSurfaces:json,DOCUMENTATION_ONLY,inventory classification lead
project/src/parsers/compatibility/mariadb,datatype_surface:enum_set,parser_support_udr;surface=ENUM;SET,project/src/parsers/compatibility/mariadb/mariadb_dialect.cpp#kDatatypeSurfaces:enum_set,IMPLEMENT_NONCLUSTER,inventory classification lead
project/src/parsers/compatibility/mariadb,datatype_surface:spatial,parser_support_udr;surface=GEOMETRY;POINT;LINESTRING;POLYGON,project/src/parsers/compatibility/mariadb/mariadb_dialect.cpp#kDatatypeSurfaces:spatial,IMPLEMENT_NONCLUSTER,inventory classification lead
project/src/parsers/compatibility/mariadb,datatype_surface:inet,descriptor;surface=INET4;INET6,project/src/parsers/compatibility/mariadb/mariadb_dialect.cpp#kDatatypeSurfaces:inet,DOCUMENTATION_ONLY,inventory classification lead
project/src/parsers/compatibility/mariadb,datatype_surface:uuid,descriptor;surface=UUID,project/src/parsers/compatibility/mariadb/mariadb_dialect.cpp#kDatatypeSurfaces:uuid,DOCUMENTATION_ONLY,inventory classification lead
project/src/parsers/compatibility/mariadb,datatype_surface:charset_collation,catalog_policy;surface=CHARACTER SET;COLLATE,project/src/parsers/compatibility/mariadb/mariadb_dialect.cpp#kDatatypeSurfaces:charset_collation,PARSER_REMAP_ONLY,inventory classification lead
project/src/parsers/compatibility/mariadb,builtin_function_surface:aggregate,sblr;surface=COUNT;SUM;AVG;MIN;MAX;GROUP_CONCAT,project/src/parsers/compatibility/mariadb/mariadb_dialect.cpp#kBuiltinSurfaces:aggregate,PARSER_REMAP_ONLY,inventory classification lead
project/src/parsers/compatibility/mariadb,builtin_function_surface:window,sblr;surface=ROW_NUMBER;RANK;DENSE_RANK;LAG;LEAD,project/src/parsers/compatibility/mariadb/mariadb_dialect.cpp#kBuiltinSurfaces:window,PARSER_REMAP_ONLY,inventory classification lead
project/src/parsers/compatibility/mariadb,builtin_function_surface:string,sblr;surface=CONCAT;SUBSTRING;LOWER;UPPER;TRIM;CHAR_LENGTH,project/src/parsers/compatibility/mariadb/mariadb_dialect.cpp#kBuiltinSurfaces:string,PARSER_REMAP_ONLY,inventory classification lead
project/src/parsers/compatibility/mariadb,builtin_function_surface:numeric,sblr;surface=ABS;ROUND;POW;SQRT;MOD,project/src/parsers/compatibility/mariadb/mariadb_dialect.cpp#kBuiltinSurfaces:numeric,PARSER_REMAP_ONLY,inventory classification lead
project/src/parsers/compatibility/mariadb,builtin_function_surface:temporal,sblr;surface=NOW;CURRENT_TIMESTAMP;DATE_ADD;DATE_SUB;TIMESTAMPDIFF,project/src/parsers/compatibility/mariadb/mariadb_dialect.cpp#kBuiltinSurfaces:temporal,PARSER_REMAP_ONLY,inventory classification lead
project/src/parsers/compatibility/mariadb,builtin_function_surface:json,parser_support_udr;surface=JSON_EXTRACT;JSON_VALUE;JSON_TABLE;JSON_OBJECT;JSON_DETAILED;JSON_LOOSE,project/src/parsers/compatibility/mariadb/mariadb_dialect.cpp#kBuiltinSurfaces:json,IMPLEMENT_NONCLUSTER,inventory classification lead
project/src/parsers/compatibility/mariadb,builtin_function_surface:sequence,sblr;surface=NEXTVAL;PREVIOUS VALUE FOR;NEXT VALUE FOR,project/src/parsers/compatibility/mariadb/mariadb_dialect.cpp#kBuiltinSurfaces:sequence,PARSER_REMAP_ONLY,inventory classification lead
project/src/parsers/compatibility/mariadb,builtin_function_surface:regular_expression,sblr;surface=REGEXP_REPLACE;REGEXP_SUBSTR;REGEXP_INSTR,project/src/parsers/compatibility/mariadb/mariadb_dialect.cpp#kBuiltinSurfaces:regular_expression,PARSER_REMAP_ONLY,inventory classification lead
project/src/parsers/compatibility/mariadb,builtin_function_surface:security,catalog_projection;surface=CURRENT_USER;SESSION_USER;USER,project/src/parsers/compatibility/mariadb/mariadb_dialect.cpp#kBuiltinSurfaces:security,PARSER_REMAP_ONLY,inventory classification lead
project/src/parsers/compatibility/mariadb,builtin_function_surface:variables,session_descriptor;surface=@user_variable;@@system_variable,project/src/parsers/compatibility/mariadb/mariadb_dialect.cpp#kBuiltinSurfaces:variables,DOCUMENTATION_ONLY,inventory classification lead
project/src/parsers/compatibility/mariadb,builtin_function_surface:fulltext,sblr_optional;surface=MATCH AGAINST,project/src/parsers/compatibility/mariadb/mariadb_dialect.cpp#kBuiltinSurfaces:fulltext,DOCUMENTATION_ONLY,inventory classification lead
project/src/parsers/compatibility/mariadb,builtin_function_surface:spatial,parser_support_udr;surface=ST_*,project/src/parsers/compatibility/mariadb/mariadb_dialect.cpp#kBuiltinSurfaces:spatial,IMPLEMENT_NONCLUSTER,inventory classification lead
project/src/parsers/compatibility/mariadb,catalog_overlay_surface:information_schema,catalog_projection;surface=INFORMATION_SCHEMA.,project/src/parsers/compatibility/mariadb/mariadb_dialect.cpp#kCatalogSurfaces:information_schema,PARSER_REMAP_ONLY,inventory classification lead
project/src/parsers/compatibility/mariadb,catalog_overlay_surface:mysql_schema,catalog_projection;surface=MYSQL.USER;MYSQL.DB;MYSQL.TABLES_PRIV;MYSQL.PROCS_PRIV;MYSQL.GLOBAL_PRIV,project/src/parsers/compatibility/mariadb/mariadb_dialect.cpp#kCatalogSurfaces:mysql_schema,PARSER_REMAP_ONLY,inventory classification lead
project/src/parsers/compatibility/mariadb,catalog_overlay_surface:performance_schema,catalog_projection;surface=PERFORMANCE_SCHEMA.,project/src/parsers/compatibility/mariadb/mariadb_dialect.cpp#kCatalogSurfaces:performance_schema,PARSER_REMAP_ONLY,inventory classification lead
project/src/parsers/compatibility/mariadb,catalog_overlay_surface:sys_schema,catalog_projection;surface=SYS.,project/src/parsers/compatibility/mariadb/mariadb_dialect.cpp#kCatalogSurfaces:sys_schema,PARSER_REMAP_ONLY,inventory classification lead
project/src/parsers/compatibility/mariadb,catalog_overlay_surface:replication_status,catalog_projection;surface=SHOW REPLICA STATUS;SHOW BINARY LOGS,project/src/parsers/compatibility/mariadb/mariadb_dialect.cpp#kCatalogSurfaces:replication_status,NORMALIZE_CLUSTER,inventory classification lead
project/src/parsers/compatibility/mariadb,catalog_overlay_surface:sequence_metadata,catalog_projection;surface=INFORMATION_SCHEMA.SEQUENCES;MYSQL.SEQUENCES,project/src/parsers/compatibility/mariadb/mariadb_dialect.cpp#kCatalogSurfaces:sequence_metadata,PARSER_REMAP_ONLY,inventory classification lead
project/src/parsers/compatibility/mariadb,catalog_overlay_surface:routine_metadata,catalog_projection;surface=INFORMATION_SCHEMA.ROUTINES;TRIGGERS;EVENTS,project/src/parsers/compatibility/mariadb/mariadb_dialect.cpp#kCatalogSurfaces:routine_metadata,PARSER_REMAP_ONLY,inventory classification lead
project/src/parsers/compatibility/mariadb,catalog_overlay_surface:table_metadata,catalog_projection;surface=SHOW COLUMNS;SHOW INDEX;DESCRIBE,project/src/parsers/compatibility/mariadb/mariadb_dialect.cpp#kCatalogSurfaces:table_metadata,PARSER_REMAP_ONLY,inventory classification lead
project/src/parsers/compatibility/mariadb,catalog_overlay_surface:privilege_metadata,catalog_projection;surface=SHOW GRANTS,project/src/parsers/compatibility/mariadb/mariadb_dialect.cpp#kCatalogSurfaces:privilege_metadata,PARSER_REMAP_ONLY,inventory classification lead
project/src/parsers/compatibility/mariadb,diagnostic_surface:parse,parser;surface=MARIADB.PARSE.INVALID_INPUT;MARIADB.PARSE.UNSUPPORTED_SURFACE,project/src/parsers/compatibility/mariadb/mariadb_dialect.cpp#kDiagnosticSurfaces:parse,PARSER_REMAP_ONLY,inventory classification lead
project/src/parsers/compatibility/mariadb,diagnostic_surface:file,fail_closed;surface=MARIADB.AUTHORITY.FILE_IO_DENIED,project/src/parsers/compatibility/mariadb/mariadb_dialect.cpp#kDiagnosticSurfaces:file,ARCHITECTURE_REFUSAL,inventory classification lead
project/src/parsers/compatibility/mariadb,diagnostic_surface:plugin,fail_closed;surface=MARIADB.AUTHORITY.PLUGIN_DENIED,project/src/parsers/compatibility/mariadb/mariadb_dialect.cpp#kDiagnosticSurfaces:plugin,ARCHITECTURE_REFUSAL,inventory classification lead
project/src/parsers/compatibility/mariadb,diagnostic_surface:tablespace,fail_closed;surface=MARIADB.AUTHORITY.TABLESPACE_DENIED,project/src/parsers/compatibility/mariadb/mariadb_dialect.cpp#kDiagnosticSurfaces:tablespace,ARCHITECTURE_REFUSAL,inventory classification lead
project/src/parsers/compatibility/mariadb,diagnostic_surface:replication,parser_support_udr;surface=MARIADB.EMULATION.REPLICATION_ROUTE,project/src/parsers/compatibility/mariadb/mariadb_dialect.cpp#kDiagnosticSurfaces:replication,NORMALIZE_CLUSTER,inventory classification lead
project/src/parsers/compatibility/mariadb,diagnostic_surface:security,parser_support_udr;surface=MARIADB.EMULATION.SECURITY_ROUTE,project/src/parsers/compatibility/mariadb/mariadb_dialect.cpp#kDiagnosticSurfaces:security,IMPLEMENT_NONCLUSTER,inventory classification lead
project/src/parsers/compatibility/mariadb,diagnostic_surface:routine,parser_support_udr;surface=MARIADB.EMULATION.ROUTINE_ROUTE,project/src/parsers/compatibility/mariadb/mariadb_dialect.cpp#kDiagnosticSurfaces:routine,IMPLEMENT_NONCLUSTER,inventory classification lead
project/src/parsers/compatibility/mariadb,diagnostic_surface:maintenance,parser_support_udr;surface=MARIADB.EMULATION.MAINTENANCE_ROUTE,project/src/parsers/compatibility/mariadb/mariadb_dialect.cpp#kDiagnosticSurfaces:maintenance,IMPLEMENT_NONCLUSTER,inventory classification lead
project/src/parsers/compatibility/mariadb,diagnostic_surface:sequence,sblr;surface=MARIADB.SEQUENCE.*,project/src/parsers/compatibility/mariadb/mariadb_dialect.cpp#kDiagnosticSurfaces:sequence,PARSER_REMAP_ONLY,inventory classification lead
project/src/parsers/compatibility/mariadb,diagnostic_surface:handler,parser_support_udr;surface=MARIADB.EMULATION.HANDLER_ROUTE,project/src/parsers/compatibility/mariadb/mariadb_dialect.cpp#kDiagnosticSurfaces:handler,IMPLEMENT_NONCLUSTER,inventory classification lead
project/src/parsers/compatibility/mariadb,diagnostic_surface:session_admin,fail_closed;surface=MARIADB.AUTHORITY.SESSION_ADMIN_DENIED,project/src/parsers/compatibility/mariadb/mariadb_dialect.cpp#kDiagnosticSurfaces:session_admin,ARCHITECTURE_REFUSAL,inventory classification lead
project/src/parsers/compatibility/mariadb,diagnostic_surface:binlog,fail_closed;surface=MARIADB.AUTHORITY.BINLOG_DENIED,project/src/parsers/compatibility/mariadb/mariadb_dialect.cpp#kDiagnosticSurfaces:binlog,ARCHITECTURE_REFUSAL,inventory classification lead
project/src/parsers/compatibility/mariadb,diagnostic_surface:xa,fail_closed;surface=MARIADB.AUTHORITY.XA_DENIED,project/src/parsers/compatibility/mariadb/mariadb_dialect.cpp#kDiagnosticSurfaces:xa,ARCHITECTURE_REFUSAL,inventory classification lead
project/src/parsers/compatibility/mariadb,source_marker:unsupported,source_marker_requires_review,project/src/parsers/compatibility/mariadb/mariadb_dialect.cpp#marker:unsupported,ARCHITECTURE_REFUSAL,inventory classification lead
project/src/parsers/compatibility/milvus,milvus.admin.transfer_replica,kPolicyRefusal;match=TRANSFER_REPLICA;mapping=milvus.policy.cluster;sblr=none;engine_api=none;diagnostic=MILVUS.AUTHORITY.CLUSTER_CONTROL_RESERVED,project/src/parsers/compatibility/milvus/milvus_dialect.cpp#kPatterns:milvus.admin.transfer_replica,NORMALIZE_CLUSTER,parser remap lead
project/src/parsers/compatibility/milvus,milvus.admin.load_balance,kPolicyRefusal;match=LOAD_BALANCE;mapping=milvus.policy.cluster;sblr=none;engine_api=none;diagnostic=MILVUS.AUTHORITY.CLUSTER_CONTROL_RESERVED,project/src/parsers/compatibility/milvus/milvus_dialect.cpp#kPatterns:milvus.admin.load_balance,NORMALIZE_CLUSTER,parser remap lead
project/src/parsers/compatibility/milvus,milvus.admin.show_replicas,kPolicyRefusal;match=SHOW_REPLICAS;mapping=milvus.policy.cluster;sblr=none;engine_api=none;diagnostic=MILVUS.AUTHORITY.CLUSTER_CONTROL_RESERVED,project/src/parsers/compatibility/milvus/milvus_dialect.cpp#kPatterns:milvus.admin.show_replicas,NORMALIZE_CLUSTER,parser remap lead
project/src/parsers/compatibility/milvus,milvus.collection.create,kAdmittedSblr;match=CREATE COLLECTION;mapping=milvus.collection.create;sblr=SBLR_COMPAT_MILVUS_COLLECTION_ROUTE;engine_api=EngineVectorCollectionRoute;diagnostic=none,project/src/parsers/compatibility/milvus/milvus_dialect.cpp#kPatterns:milvus.collection.create,PARSER_REMAP_ONLY,parser remap lead
project/src/parsers/compatibility/milvus,milvus.collection.drop,kAdmittedSblr;match=DROP COLLECTION;mapping=milvus.collection.drop;sblr=SBLR_COMPAT_MILVUS_COLLECTION_ROUTE;engine_api=EngineVectorCollectionRoute;diagnostic=none,project/src/parsers/compatibility/milvus/milvus_dialect.cpp#kPatterns:milvus.collection.drop,PARSER_REMAP_ONLY,parser remap lead
project/src/parsers/compatibility/milvus,milvus.collection.has,kCatalogProjection;match=HAS COLLECTION;mapping=milvus.collection.has;sblr=SBLR_COMPAT_MILVUS_CATALOG_PROJECT;engine_api=EngineCatalogProjection;diagnostic=none,project/src/parsers/compatibility/milvus/milvus_dialect.cpp#kPatterns:milvus.collection.has,PARSER_REMAP_ONLY,parser remap lead
project/src/parsers/compatibility/milvus,milvus.collection.describe,kCatalogProjection;match=DESCRIBE COLLECTION;mapping=milvus.collection.describe;sblr=SBLR_COMPAT_MILVUS_CATALOG_PROJECT;engine_api=EngineCatalogProjection;diagnostic=none,project/src/parsers/compatibility/milvus/milvus_dialect.cpp#kPatterns:milvus.collection.describe,PARSER_REMAP_ONLY,parser remap lead
project/src/parsers/compatibility/milvus,milvus.partition.create,kAdmittedSblr;match=CREATE PARTITION;mapping=milvus.partition.create;sblr=SBLR_COMPAT_MILVUS_PARTITION_ROUTE;engine_api=EngineVectorPartitionRoute;diagnostic=none,project/src/parsers/compatibility/milvus/milvus_dialect.cpp#kPatterns:milvus.partition.create,PARSER_REMAP_ONLY,parser remap lead
project/src/parsers/compatibility/milvus,milvus.partition.drop,kAdmittedSblr;match=DROP PARTITION;mapping=milvus.partition.drop;sblr=SBLR_COMPAT_MILVUS_PARTITION_ROUTE;engine_api=EngineVectorPartitionRoute;diagnostic=none,project/src/parsers/compatibility/milvus/milvus_dialect.cpp#kPatterns:milvus.partition.drop,PARSER_REMAP_ONLY,parser remap lead
project/src/parsers/compatibility/milvus,milvus.index.create,kParserSupportUdr;match=CREATE INDEX;mapping=milvus.udr.index.create;sblr=SBLR_COMPAT_MILVUS_INDEX_ROUTE;engine_api=ParserSupportVectorIndexRoute;diagnostic=MILVUS.EMULATION.INDEX_ROUTE,project/src/parsers/compatibility/milvus/milvus_dialect.cpp#kPatterns:milvus.index.create,IMPLEMENT_NONCLUSTER,parser remap lead
project/src/parsers/compatibility/milvus,milvus.index.drop,kParserSupportUdr;match=DROP INDEX;mapping=milvus.udr.index.drop;sblr=SBLR_COMPAT_MILVUS_INDEX_ROUTE;engine_api=ParserSupportVectorIndexRoute;diagnostic=MILVUS.EMULATION.INDEX_ROUTE,project/src/parsers/compatibility/milvus/milvus_dialect.cpp#kPatterns:milvus.index.drop,IMPLEMENT_NONCLUSTER,parser remap lead
project/src/parsers/compatibility/milvus,milvus.collection.load,kParserSupportUdr;match=LOAD COLLECTION;mapping=milvus.udr.collection.load;sblr=SBLR_COMPAT_MILVUS_LOAD_ROUTE;engine_api=ParserSupportLoadRoute;diagnostic=MILVUS.EMULATION.LOAD_ROUTE,project/src/parsers/compatibility/milvus/milvus_dialect.cpp#kPatterns:milvus.collection.load,IMPLEMENT_NONCLUSTER,parser remap lead
project/src/parsers/compatibility/milvus,milvus.collection.release,kParserSupportUdr;match=RELEASE COLLECTION;mapping=milvus.udr.collection.release;sblr=SBLR_COMPAT_MILVUS_LOAD_ROUTE;engine_api=ParserSupportLoadRoute;diagnostic=MILVUS.EMULATION.LOAD_ROUTE,project/src/parsers/compatibility/milvus/milvus_dialect.cpp#kPatterns:milvus.collection.release,IMPLEMENT_NONCLUSTER,parser remap lead
project/src/parsers/compatibility/milvus,milvus.dml.insert,kAdmittedSblr;match=INSERT;mapping=milvus.dml.insert;sblr=SBLR_COMPAT_MILVUS_INSERT;engine_api=EngineVectorInsert;diagnostic=none,project/src/parsers/compatibility/milvus/milvus_dialect.cpp#kPatterns:milvus.dml.insert,PARSER_REMAP_ONLY,parser remap lead
project/src/parsers/compatibility/milvus,milvus.dml.upsert,kAdmittedSblr;match=UPSERT;mapping=milvus.dml.upsert;sblr=SBLR_COMPAT_MILVUS_UPSERT;engine_api=EngineVectorUpsert;diagnostic=none,project/src/parsers/compatibility/milvus/milvus_dialect.cpp#kPatterns:milvus.dml.upsert,PARSER_REMAP_ONLY,parser remap lead
project/src/parsers/compatibility/milvus,milvus.dml.delete,kAdmittedSblr;match=DELETE;mapping=milvus.dml.delete;sblr=SBLR_COMPAT_MILVUS_DELETE;engine_api=EngineVectorDelete;diagnostic=none,project/src/parsers/compatibility/milvus/milvus_dialect.cpp#kPatterns:milvus.dml.delete,PARSER_REMAP_ONLY,parser remap lead
project/src/parsers/compatibility/milvus,milvus.query.hybrid_search,kParserSupportUdr;match=HYBRID_SEARCH;mapping=milvus.udr.hybrid_search;sblr=SBLR_COMPAT_MILVUS_HYBRID_SEARCH_ROUTE;engine_api=ParserSupportHybridSearchRoute;diagnostic=MILVUS.EMULATION.HYBRID_SEARCH_ROUTE,project/src/parsers/compatibility/milvus/milvus_dialect.cpp#kPatterns:milvus.query.hybrid_search,IMPLEMENT_NONCLUSTER,parser remap lead
project/src/parsers/compatibility/milvus,milvus.query.search,kAdmittedSblr;match=SEARCH;mapping=milvus.query.search;sblr=SBLR_COMPAT_MILVUS_SEARCH;engine_api=EngineVectorSearch;diagnostic=none,project/src/parsers/compatibility/milvus/milvus_dialect.cpp#kPatterns:milvus.query.search,PARSER_REMAP_ONLY,parser remap lead
project/src/parsers/compatibility/milvus,milvus.query.scalar,kAdmittedSblr;match=QUERY;mapping=milvus.query.scalar;sblr=SBLR_COMPAT_MILVUS_QUERY;engine_api=EngineVectorScalarQuery;diagnostic=none,project/src/parsers/compatibility/milvus/milvus_dialect.cpp#kPatterns:milvus.query.scalar,PARSER_REMAP_ONLY,parser remap lead
project/src/parsers/compatibility/milvus,milvus.query.rerank,kParserSupportUdr;match=RERANK;mapping=milvus.udr.rerank;sblr=SBLR_COMPAT_MILVUS_RERANK_ROUTE;engine_api=ParserSupportRerankRoute;diagnostic=MILVUS.EMULATION.RERANK_ROUTE,project/src/parsers/compatibility/milvus/milvus_dialect.cpp#kPatterns:milvus.query.rerank,IMPLEMENT_NONCLUSTER,parser remap lead
project/src/parsers/compatibility/milvus,milvus.security.create_user,kParserSupportUdr;match=CREATE USER;mapping=milvus.udr.security.create_user;sblr=SBLR_COMPAT_MILVUS_SECURITY_ROUTE;engine_api=ParserSupportSecurityRoute;diagnostic=MILVUS.EMULATION.SECURITY_ROUTE,project/src/parsers/compatibility/milvus/milvus_dialect.cpp#kPatterns:milvus.security.create_user,IMPLEMENT_NONCLUSTER,parser remap lead
project/src/parsers/compatibility/milvus,milvus.security.create_role,kParserSupportUdr;match=CREATE ROLE;mapping=milvus.udr.security.create_role;sblr=SBLR_COMPAT_MILVUS_SECURITY_ROUTE;engine_api=ParserSupportSecurityRoute;diagnostic=MILVUS.EMULATION.SECURITY_ROUTE,project/src/parsers/compatibility/milvus/milvus_dialect.cpp#kPatterns:milvus.security.create_role,IMPLEMENT_NONCLUSTER,parser remap lead
project/src/parsers/compatibility/milvus,milvus.security.grant,kParserSupportUdr;match=GRANT;mapping=milvus.udr.security.grant;sblr=SBLR_COMPAT_MILVUS_SECURITY_ROUTE;engine_api=ParserSupportSecurityRoute;diagnostic=MILVUS.EMULATION.SECURITY_ROUTE,project/src/parsers/compatibility/milvus/milvus_dialect.cpp#kPatterns:milvus.security.grant,IMPLEMENT_NONCLUSTER,parser remap lead
project/src/parsers/compatibility/milvus,milvus.security.revoke,kParserSupportUdr;match=REVOKE;mapping=milvus.udr.security.revoke;sblr=SBLR_COMPAT_MILVUS_SECURITY_ROUTE;engine_api=ParserSupportSecurityRoute;diagnostic=MILVUS.EMULATION.SECURITY_ROUTE,project/src/parsers/compatibility/milvus/milvus_dialect.cpp#kPatterns:milvus.security.revoke,IMPLEMENT_NONCLUSTER,parser remap lead
project/src/parsers/compatibility/milvus,datatype_surface:scalar,descriptor;surface=BOOL;INT8;INT16;INT32;INT64;FLOAT;DOUBLE;VARCHAR,project/src/parsers/compatibility/milvus/milvus_dialect.cpp#kDatatypeSurfaces:scalar,DOCUMENTATION_ONLY,inventory classification lead
project/src/parsers/compatibility/milvus,datatype_surface:json,parser_support_udr;surface=JSON,project/src/parsers/compatibility/milvus/milvus_dialect.cpp#kDatatypeSurfaces:json,IMPLEMENT_NONCLUSTER,inventory classification lead
project/src/parsers/compatibility/milvus,datatype_surface:array,parser_support_udr;surface=ARRAY,project/src/parsers/compatibility/milvus/milvus_dialect.cpp#kDatatypeSurfaces:array,IMPLEMENT_NONCLUSTER,inventory classification lead
project/src/parsers/compatibility/milvus,datatype_surface:vector,parser_support_udr;surface=FLOAT_VECTOR;BINARY_VECTOR;FLOAT16_VECTOR;BFLOAT16_VECTOR;SPARSE_FLOAT_VECTOR,project/src/parsers/compatibility/milvus/milvus_dialect.cpp#kDatatypeSurfaces:vector,IMPLEMENT_NONCLUSTER,inventory classification lead
project/src/parsers/compatibility/milvus,datatype_surface:geometry,parser_support_udr;surface=GEOMETRY,project/src/parsers/compatibility/milvus/milvus_dialect.cpp#kDatatypeSurfaces:geometry,IMPLEMENT_NONCLUSTER,inventory classification lead
project/src/parsers/compatibility/milvus,datatype_surface:dynamic,parser_support_udr;surface=DYNAMIC_FIELD,project/src/parsers/compatibility/milvus/milvus_dialect.cpp#kDatatypeSurfaces:dynamic,IMPLEMENT_NONCLUSTER,inventory classification lead
project/src/parsers/compatibility/milvus,builtin_function_surface:metric,parser_support_udr;surface=L2;IP;COSINE;HAMMING;JACCARD,project/src/parsers/compatibility/milvus/milvus_dialect.cpp#kBuiltinSurfaces:metric,IMPLEMENT_NONCLUSTER,inventory classification lead
project/src/parsers/compatibility/milvus,builtin_function_surface:index,parser_support_udr;surface=IVF_FLAT;HNSW;DISKANN;SCANN;AUTOINDEX,project/src/parsers/compatibility/milvus/milvus_dialect.cpp#kBuiltinSurfaces:index,IMPLEMENT_NONCLUSTER,inventory classification lead
project/src/parsers/compatibility/milvus,builtin_function_surface:filter,sblr;surface=LIKE;JSON_CONTAINS;ARRAY_CONTAINS,project/src/parsers/compatibility/milvus/milvus_dialect.cpp#kBuiltinSurfaces:filter,PARSER_REMAP_ONLY,inventory classification lead
project/src/parsers/compatibility/milvus,builtin_function_surface:search,sblr;surface=SEARCH;HYBRID_SEARCH;RERANK,project/src/parsers/compatibility/milvus/milvus_dialect.cpp#kBuiltinSurfaces:search,PARSER_REMAP_ONLY,inventory classification lead
project/src/parsers/compatibility/milvus,builtin_function_surface:load,parser_support_udr;surface=LOAD_COLLECTION;RELEASE_COLLECTION,project/src/parsers/compatibility/milvus/milvus_dialect.cpp#kBuiltinSurfaces:load,IMPLEMENT_NONCLUSTER,inventory classification lead
project/src/parsers/compatibility/milvus,builtin_function_surface:security,parser_support_udr;surface=USER;ROLE;PRIVILEGE,project/src/parsers/compatibility/milvus/milvus_dialect.cpp#kBuiltinSurfaces:security,IMPLEMENT_NONCLUSTER,inventory classification lead
project/src/parsers/compatibility/milvus,catalog_overlay_surface:collections,catalog_projection;surface=MILVUS_COLLECTIONS,project/src/parsers/compatibility/milvus/milvus_dialect.cpp#kCatalogSurfaces:collections,PARSER_REMAP_ONLY,inventory classification lead
project/src/parsers/compatibility/milvus,catalog_overlay_surface:partitions,catalog_projection;surface=MILVUS_PARTITIONS,project/src/parsers/compatibility/milvus/milvus_dialect.cpp#kCatalogSurfaces:partitions,PARSER_REMAP_ONLY,inventory classification lead
project/src/parsers/compatibility/milvus,catalog_overlay_surface:indexes,catalog_projection;surface=MILVUS_INDEXES,project/src/parsers/compatibility/milvus/milvus_dialect.cpp#kCatalogSurfaces:indexes,PARSER_REMAP_ONLY,inventory classification lead
project/src/parsers/compatibility/milvus,catalog_overlay_surface:segments,catalog_projection;surface=MILVUS_SEGMENTS,project/src/parsers/compatibility/milvus/milvus_dialect.cpp#kCatalogSurfaces:segments,PARSER_REMAP_ONLY,inventory classification lead
project/src/parsers/compatibility/milvus,catalog_overlay_surface:load_states,catalog_projection;surface=MILVUS_LOAD_STATES,project/src/parsers/compatibility/milvus/milvus_dialect.cpp#kCatalogSurfaces:load_states,PARSER_REMAP_ONLY,inventory classification lead
project/src/parsers/compatibility/milvus,catalog_overlay_surface:users,catalog_projection;surface=MILVUS_USERS,project/src/parsers/compatibility/milvus/milvus_dialect.cpp#kCatalogSurfaces:users,PARSER_REMAP_ONLY,inventory classification lead
project/src/parsers/compatibility/milvus,catalog_overlay_surface:roles,catalog_projection;surface=MILVUS_ROLES,project/src/parsers/compatibility/milvus/milvus_dialect.cpp#kCatalogSurfaces:roles,PARSER_REMAP_ONLY,inventory classification lead
project/src/parsers/compatibility/milvus,catalog_overlay_surface:privileges,catalog_projection;surface=MILVUS_PRIVILEGES,project/src/parsers/compatibility/milvus/milvus_dialect.cpp#kCatalogSurfaces:privileges,PARSER_REMAP_ONLY,inventory classification lead
project/src/parsers/compatibility/milvus,catalog_overlay_surface:aliases,catalog_projection;surface=MILVUS_ALIASES,project/src/parsers/compatibility/milvus/milvus_dialect.cpp#kCatalogSurfaces:aliases,PARSER_REMAP_ONLY,inventory classification lead
project/src/parsers/compatibility/milvus,diagnostic_surface:parse,parser;surface=MILVUS.PARSE.INVALID_INPUT;MILVUS.PARSE.UNSUPPORTED_SURFACE,project/src/parsers/compatibility/milvus/milvus_dialect.cpp#kDiagnosticSurfaces:parse,PARSER_REMAP_ONLY,inventory classification lead
project/src/parsers/compatibility/milvus,diagnostic_surface:policy,fail_closed;surface=MILVUS.AUTHORITY.*,project/src/parsers/compatibility/milvus/milvus_dialect.cpp#kDiagnosticSurfaces:policy,ARCHITECTURE_REFUSAL,inventory classification lead
project/src/parsers/compatibility/milvus,diagnostic_surface:udr,parser_support_udr;surface=MILVUS.EMULATION.*,project/src/parsers/compatibility/milvus/milvus_dialect.cpp#kDiagnosticSurfaces:udr,IMPLEMENT_NONCLUSTER,inventory classification lead
project/src/parsers/compatibility/milvus,diagnostic_surface:catalog,catalog_projection;surface=MILVUS.CATALOG_OVERLAY.READ_ONLY,project/src/parsers/compatibility/milvus/milvus_dialect.cpp#kDiagnosticSurfaces:catalog,PARSER_REMAP_ONLY,inventory classification lead
project/src/parsers/compatibility/milvus,diagnostic_surface:session,sblr;surface=MILVUS.SESSION.*,project/src/parsers/compatibility/milvus/milvus_dialect.cpp#kDiagnosticSurfaces:session,PARSER_REMAP_ONLY,inventory classification lead
project/src/parsers/compatibility/milvus,diagnostic_surface:transaction,sblr;surface=MILVUS.TRANSACTION.*,project/src/parsers/compatibility/milvus/milvus_dialect.cpp#kDiagnosticSurfaces:transaction,PARSER_REMAP_ONLY,inventory classification lead
project/src/parsers/compatibility/milvus,diagnostic_surface:file_effects,authority_invariant;surface=real_compatibility_file_effects=false,project/src/parsers/compatibility/milvus/milvus_dialect.cpp#kDiagnosticSurfaces:file_effects,DOCUMENTATION_ONLY,inventory classification lead
project/src/parsers/compatibility/milvus,diagnostic_surface:compatibility_execution,authority_invariant;surface=compatibility_engine_sql_executed=false,project/src/parsers/compatibility/milvus/milvus_dialect.cpp#kDiagnosticSurfaces:compatibility_execution,DOCUMENTATION_ONLY,inventory classification lead
project/src/parsers/compatibility/milvus,diagnostic_surface:mga,authority_invariant;surface=parser_transaction_finality_authority=false,project/src/parsers/compatibility/milvus/milvus_dialect.cpp#kDiagnosticSurfaces:mga,DOCUMENTATION_ONLY,inventory classification lead
project/src/parsers/compatibility/milvus,diagnostic_surface:support_bundle,diagnostic_redaction;surface=source_text_redacted=true,project/src/parsers/compatibility/milvus/milvus_dialect.cpp#kDiagnosticSurfaces:support_bundle,DOCUMENTATION_ONLY,inventory classification lead
project/src/parsers/compatibility/milvus,source_marker:unsupported,source_marker_requires_review,project/src/parsers/compatibility/milvus/milvus_dialect.cpp#marker:unsupported,ARCHITECTURE_REFUSAL,inventory classification lead
project/src/parsers/compatibility/mongodb,mongodb.script.eval,kParserSupportUdr;match=EVAL;mapping=mongodb.udr.script.eval;sblr=SBLR_COMPAT_MONGODB_SCRIPT_ROUTE;engine_api=ParserSupportScriptRoute;diagnostic=MONGODB.EMULATION.SCRIPT_ROUTE,project/src/parsers/compatibility/mongodb/mongodb_dialect.cpp#kPatterns:mongodb.script.eval,IMPLEMENT_NONCLUSTER,parser remap lead
project/src/parsers/compatibility/mongodb,mongodb.script.map_reduce,kParserSupportUdr;match=MAPREDUCE;mapping=mongodb.udr.map_reduce;sblr=SBLR_COMPAT_MONGODB_MAP_REDUCE_ROUTE;engine_api=ParserSupportMapReduceRoute;diagnostic=MONGODB.EMULATION.MAP_REDUCE_ROUTE,project/src/parsers/compatibility/mongodb/mongodb_dialect.cpp#kPatterns:mongodb.script.map_reduce,IMPLEMENT_NONCLUSTER,parser remap lead
project/src/parsers/compatibility/mongodb,mongodb.shell.load,kParserSupportUdr;match=LOAD;mapping=mongodb.udr.shell.load;sblr=SBLR_COMPAT_MONGODB_CLIENT_FILE_ROUTE;engine_api=ParserSupportClientFileRoute;diagnostic=MONGODB.EMULATION.CLIENT_FILE_ROUTE,project/src/parsers/compatibility/mongodb/mongodb_dialect.cpp#kPatterns:mongodb.shell.load,IMPLEMENT_NONCLUSTER,parser remap lead
project/src/parsers/compatibility/mongodb,mongodb.sharding.shard_collection,kPolicyRefusal;match=SH.SHARD;mapping=mongodb.policy.sharding;sblr=none;engine_api=none;diagnostic=MONGODB.AUTHORITY.SHARDING_ADMIN_DENIED,project/src/parsers/compatibility/mongodb/mongodb_dialect.cpp#kPatterns:mongodb.sharding.shard_collection,NORMALIZE_CLUSTER,parser remap lead
project/src/parsers/compatibility/mongodb,mongodb.sharding.reshard_collection,kPolicyRefusal;match=RESHARD;mapping=mongodb.policy.reshard;sblr=none;engine_api=none;diagnostic=MONGODB.AUTHORITY.SHARDING_ADMIN_DENIED,project/src/parsers/compatibility/mongodb/mongodb_dialect.cpp#kPatterns:mongodb.sharding.reshard_collection,NORMALIZE_CLUSTER,parser remap lead
project/src/parsers/compatibility/mongodb,mongodb.replica_set.command,kPolicyRefusal;match=REPLSET;mapping=mongodb.policy.replica_set;sblr=none;engine_api=none;diagnostic=MONGODB.AUTHORITY.REPLICA_ADMIN_DENIED,project/src/parsers/compatibility/mongodb/mongodb_dialect.cpp#kPatterns:mongodb.replica_set.command,ARCHITECTURE_REFUSAL,parser remap lead
project/src/parsers/compatibility/mongodb,mongodb.catalog.server_status,kCatalogProjection;match=SERVERSTATUS;mapping=mongodb.catalog.server_status;sblr=SBLR_COMPAT_MONGODB_CATALOG_PROJECT;engine_api=EngineCatalogProjection;diagnostic=none,project/src/parsers/compatibility/mongodb/mongodb_dialect.cpp#kPatterns:mongodb.catalog.server_status,PARSER_REMAP_ONLY,parser remap lead
project/src/parsers/compatibility/mongodb,mongodb.catalog.current_op,kCatalogProjection;match=CURRENTOP;mapping=mongodb.catalog.current_op;sblr=SBLR_COMPAT_MONGODB_CATALOG_PROJECT;engine_api=EngineCatalogProjection;diagnostic=none,project/src/parsers/compatibility/mongodb/mongodb_dialect.cpp#kPatterns:mongodb.catalog.current_op,PARSER_REMAP_ONLY,parser remap lead
project/src/parsers/compatibility/mongodb,mongodb.index.create,kParserSupportUdr;match=CREATEINDEXES;mapping=mongodb.udr.index.create;sblr=SBLR_COMPAT_MONGODB_INDEX_ROUTE;engine_api=ParserSupportIndexRoute;diagnostic=MONGODB.EMULATION.INDEX_ROUTE,project/src/parsers/compatibility/mongodb/mongodb_dialect.cpp#kPatterns:mongodb.index.create,IMPLEMENT_NONCLUSTER,parser remap lead
project/src/parsers/compatibility/mongodb,mongodb.index.drop,kParserSupportUdr;match=DROPINDEXES;mapping=mongodb.udr.index.drop;sblr=SBLR_COMPAT_MONGODB_INDEX_ROUTE;engine_api=ParserSupportIndexRoute;diagnostic=MONGODB.EMULATION.INDEX_ROUTE,project/src/parsers/compatibility/mongodb/mongodb_dialect.cpp#kPatterns:mongodb.index.drop,IMPLEMENT_NONCLUSTER,parser remap lead
project/src/parsers/compatibility/mongodb,mongodb.aggregate.out,kParserSupportUdr;match=$OUT;mapping=mongodb.udr.aggregate.out;sblr=SBLR_COMPAT_MONGODB_PIPELINE_WRITE_ROUTE;engine_api=ParserSupportPipelineWriteRoute;diagnostic=MONGODB.EMULATION.PIPELINE_WRITE_ROUTE,project/src/parsers/compatibility/mongodb/mongodb_dialect.cpp#kPatterns:mongodb.aggregate.out,IMPLEMENT_NONCLUSTER,parser remap lead
project/src/parsers/compatibility/mongodb,mongodb.aggregate.merge,kParserSupportUdr;match=$MERGE;mapping=mongodb.udr.aggregate.merge;sblr=SBLR_COMPAT_MONGODB_PIPELINE_WRITE_ROUTE;engine_api=ParserSupportPipelineWriteRoute;diagnostic=MONGODB.EMULATION.PIPELINE_WRITE_ROUTE,project/src/parsers/compatibility/mongodb/mongodb_dialect.cpp#kPatterns:mongodb.aggregate.merge,IMPLEMENT_NONCLUSTER,parser remap lead
project/src/parsers/compatibility/mongodb,mongodb.ddl.create_collection,kAdmittedSblr;match=CREATECOLLECTION;mapping=mongodb.ddl.create_collection;sblr=SBLR_COMPAT_MONGODB_CREATE_COLLECTION;engine_api=EngineDdlCreate;diagnostic=none,project/src/parsers/compatibility/mongodb/mongodb_dialect.cpp#kPatterns:mongodb.ddl.create_collection,PARSER_REMAP_ONLY,parser remap lead
project/src/parsers/compatibility/mongodb,mongodb.lifecycle.drop_database,kScratchBirdLifecycleApi;match=DROPDATABASE;mapping=mongodb.lifecycle.drop_database;sblr=SBLR_LIFECYCLE_DROP_DATABASE;engine_api=EngineDropLifecycle;diagnostic=none,project/src/parsers/compatibility/mongodb/mongodb_dialect.cpp#kPatterns:mongodb.lifecycle.drop_database,PARSER_REMAP_ONLY,parser remap lead
project/src/parsers/compatibility/mongodb,mongodb.security.create_user,kParserSupportUdr;match=CREATEUSER;mapping=mongodb.udr.security.create_user;sblr=SBLR_COMPAT_MONGODB_SECURITY_ROUTE;engine_api=ParserSupportSecurityRoute;diagnostic=MONGODB.EMULATION.SECURITY_ROUTE,project/src/parsers/compatibility/mongodb/mongodb_dialect.cpp#kPatterns:mongodb.security.create_user,IMPLEMENT_NONCLUSTER,parser remap lead
project/src/parsers/compatibility/mongodb,mongodb.security.grant_roles,kParserSupportUdr;match=GRANTROLES;mapping=mongodb.udr.security.grant_roles;sblr=SBLR_COMPAT_MONGODB_SECURITY_ROUTE;engine_api=ParserSupportSecurityRoute;diagnostic=MONGODB.EMULATION.SECURITY_ROUTE,project/src/parsers/compatibility/mongodb/mongodb_dialect.cpp#kPatterns:mongodb.security.grant_roles,IMPLEMENT_NONCLUSTER,parser remap lead
project/src/parsers/compatibility/mongodb,mongodb.dml.find_and_modify,kAdmittedSblr;match=FINDANDMODIFY;mapping=mongodb.dml.find_and_modify;sblr=SBLR_COMPAT_MONGODB_FIND_AND_MODIFY;engine_api=EngineDmlUpdate;diagnostic=none,project/src/parsers/compatibility/mongodb/mongodb_dialect.cpp#kPatterns:mongodb.dml.find_and_modify,PARSER_REMAP_ONLY,parser remap lead
project/src/parsers/compatibility/mongodb,mongodb.query.aggregate,kAdmittedSblr;match=AGGREGATE;mapping=mongodb.query.aggregate;sblr=SBLR_COMPAT_MONGODB_AGGREGATE;engine_api=EngineQueryAggregate;diagnostic=none,project/src/parsers/compatibility/mongodb/mongodb_dialect.cpp#kPatterns:mongodb.query.aggregate,PARSER_REMAP_ONLY,parser remap lead
project/src/parsers/compatibility/mongodb,mongodb.query.find,kAdmittedSblr;match=FIND;mapping=mongodb.query.find;sblr=SBLR_COMPAT_MONGODB_FIND;engine_api=EngineQuerySelect;diagnostic=none,project/src/parsers/compatibility/mongodb/mongodb_dialect.cpp#kPatterns:mongodb.query.find,PARSER_REMAP_ONLY,parser remap lead
project/src/parsers/compatibility/mongodb,mongodb.query.count,kAdmittedSblr;match=COUNT;mapping=mongodb.query.count;sblr=SBLR_COMPAT_MONGODB_COUNT;engine_api=EngineQueryAggregate;diagnostic=none,project/src/parsers/compatibility/mongodb/mongodb_dialect.cpp#kPatterns:mongodb.query.count,PARSER_REMAP_ONLY,parser remap lead
project/src/parsers/compatibility/mongodb,mongodb.query.distinct,kAdmittedSblr;match=DISTINCT;mapping=mongodb.query.distinct;sblr=SBLR_COMPAT_MONGODB_DISTINCT;engine_api=EngineQueryAggregate;diagnostic=none,project/src/parsers/compatibility/mongodb/mongodb_dialect.cpp#kPatterns:mongodb.query.distinct,PARSER_REMAP_ONLY,parser remap lead
project/src/parsers/compatibility/mongodb,mongodb.dml.insert,kAdmittedSblr;match=INSERT;mapping=mongodb.dml.insert;sblr=SBLR_COMPAT_MONGODB_INSERT;engine_api=EngineDmlInsert;diagnostic=none,project/src/parsers/compatibility/mongodb/mongodb_dialect.cpp#kPatterns:mongodb.dml.insert,PARSER_REMAP_ONLY,parser remap lead
project/src/parsers/compatibility/mongodb,mongodb.dml.update,kAdmittedSblr;match=UPDATE;mapping=mongodb.dml.update;sblr=SBLR_COMPAT_MONGODB_UPDATE;engine_api=EngineDmlUpdate;diagnostic=none,project/src/parsers/compatibility/mongodb/mongodb_dialect.cpp#kPatterns:mongodb.dml.update,PARSER_REMAP_ONLY,parser remap lead
project/src/parsers/compatibility/mongodb,mongodb.dml.delete,kAdmittedSblr;match=DELETE;mapping=mongodb.dml.delete;sblr=SBLR_COMPAT_MONGODB_DELETE;engine_api=EngineDmlDelete;diagnostic=none,project/src/parsers/compatibility/mongodb/mongodb_dialect.cpp#kPatterns:mongodb.dml.delete,PARSER_REMAP_ONLY,parser remap lead
project/src/parsers/compatibility/mongodb,mongodb.session.start,kAdmittedSblr;match=STARTSESSION;mapping=mongodb.session.start;sblr=SBLR_COMPAT_MONGODB_START_SESSION;engine_api=EngineSessionRoute;diagnostic=none,project/src/parsers/compatibility/mongodb/mongodb_dialect.cpp#kPatterns:mongodb.session.start,PARSER_REMAP_ONLY,parser remap lead
project/src/parsers/compatibility/mongodb,mongodb.transaction.commit,kAdmittedSblr;match=COMMITTRANSACTION;mapping=mongodb.transaction.commit;sblr=SBLR_TRANSACTION_COMMIT;engine_api=EngineCommitTransaction;diagnostic=none,project/src/parsers/compatibility/mongodb/mongodb_dialect.cpp#kPatterns:mongodb.transaction.commit,PARSER_REMAP_ONLY,parser remap lead
project/src/parsers/compatibility/mongodb,mongodb.transaction.abort,kAdmittedSblr;match=ABORTTRANSACTION;mapping=mongodb.transaction.abort;sblr=SBLR_TRANSACTION_ROLLBACK;engine_api=EngineRollbackTransaction;diagnostic=none,project/src/parsers/compatibility/mongodb/mongodb_dialect.cpp#kPatterns:mongodb.transaction.abort,PARSER_REMAP_ONLY,parser remap lead
project/src/parsers/compatibility/mongodb,datatype_surface:document,descriptor;surface=BSON document,project/src/parsers/compatibility/mongodb/mongodb_dialect.cpp#kDatatypeSurfaces:document,DOCUMENTATION_ONLY,inventory classification lead
project/src/parsers/compatibility/mongodb,datatype_surface:array,descriptor;surface=BSON array,project/src/parsers/compatibility/mongodb/mongodb_dialect.cpp#kDatatypeSurfaces:array,DOCUMENTATION_ONLY,inventory classification lead
project/src/parsers/compatibility/mongodb,datatype_surface:object_id,descriptor;surface=ObjectId,project/src/parsers/compatibility/mongodb/mongodb_dialect.cpp#kDatatypeSurfaces:object_id,DOCUMENTATION_ONLY,inventory classification lead
project/src/parsers/compatibility/mongodb,datatype_surface:string,descriptor;surface=String,project/src/parsers/compatibility/mongodb/mongodb_dialect.cpp#kDatatypeSurfaces:string,DOCUMENTATION_ONLY,inventory classification lead
project/src/parsers/compatibility/mongodb,datatype_surface:numeric,descriptor;surface=Int32;Int64;Double;Decimal128,project/src/parsers/compatibility/mongodb/mongodb_dialect.cpp#kDatatypeSurfaces:numeric,DOCUMENTATION_ONLY,inventory classification lead
project/src/parsers/compatibility/mongodb,datatype_surface:date,descriptor;surface=Date;Timestamp,project/src/parsers/compatibility/mongodb/mongodb_dialect.cpp#kDatatypeSurfaces:date,DOCUMENTATION_ONLY,inventory classification lead
project/src/parsers/compatibility/mongodb,datatype_surface:binary,descriptor;surface=BinData,project/src/parsers/compatibility/mongodb/mongodb_dialect.cpp#kDatatypeSurfaces:binary,DOCUMENTATION_ONLY,inventory classification lead
project/src/parsers/compatibility/mongodb,datatype_surface:boolean,descriptor;surface=Boolean,project/src/parsers/compatibility/mongodb/mongodb_dialect.cpp#kDatatypeSurfaces:boolean,DOCUMENTATION_ONLY,inventory classification lead
project/src/parsers/compatibility/mongodb,datatype_surface:regex,parser_support_udr;surface=RegularExpression,project/src/parsers/compatibility/mongodb/mongodb_dialect.cpp#kDatatypeSurfaces:regex,IMPLEMENT_NONCLUSTER,inventory classification lead
project/src/parsers/compatibility/mongodb,datatype_surface:geo,parser_support_udr;surface=Point;LineString;Polygon,project/src/parsers/compatibility/mongodb/mongodb_dialect.cpp#kDatatypeSurfaces:geo,IMPLEMENT_NONCLUSTER,inventory classification lead
project/src/parsers/compatibility/mongodb,builtin_function_surface:query_operators,$expr;surface=$eq;$gt;$gte;$lt;$lte;$in;$nin,project/src/parsers/compatibility/mongodb/mongodb_dialect.cpp#kBuiltinSurfaces:query_operators,DOCUMENTATION_ONLY,inventory classification lead
project/src/parsers/compatibility/mongodb,builtin_function_surface:logical_operators,sblr;surface=$and;$or;$not;$nor,project/src/parsers/compatibility/mongodb/mongodb_dialect.cpp#kBuiltinSurfaces:logical_operators,PARSER_REMAP_ONLY,inventory classification lead
project/src/parsers/compatibility/mongodb,builtin_function_surface:aggregate_accumulators,sblr;surface=$sum;$avg;$min;$max;$count;$push,project/src/parsers/compatibility/mongodb/mongodb_dialect.cpp#kBuiltinSurfaces:aggregate_accumulators,PARSER_REMAP_ONLY,inventory classification lead
project/src/parsers/compatibility/mongodb,builtin_function_surface:pipeline_stages,parser_support_udr;surface=$match;$project;$group;$sort;$limit;$lookup,project/src/parsers/compatibility/mongodb/mongodb_dialect.cpp#kBuiltinSurfaces:pipeline_stages,IMPLEMENT_NONCLUSTER,inventory classification lead
project/src/parsers/compatibility/mongodb,builtin_function_surface:update_operators,sblr;surface=$set;$unset;$inc;$push;$pull,project/src/parsers/compatibility/mongodb/mongodb_dialect.cpp#kBuiltinSurfaces:update_operators,PARSER_REMAP_ONLY,inventory classification lead
project/src/parsers/compatibility/mongodb,builtin_function_surface:array_operators,sblr;surface=$elemMatch;$size;$all,project/src/parsers/compatibility/mongodb/mongodb_dialect.cpp#kBuiltinSurfaces:array_operators,PARSER_REMAP_ONLY,inventory classification lead
project/src/parsers/compatibility/mongodb,builtin_function_surface:text_search,parser_support_udr;surface=$text;$search,project/src/parsers/compatibility/mongodb/mongodb_dialect.cpp#kBuiltinSurfaces:text_search,IMPLEMENT_NONCLUSTER,inventory classification lead
project/src/parsers/compatibility/mongodb,builtin_function_surface:geospatial,parser_support_udr;surface=$near;$geoWithin;$geoIntersects,project/src/parsers/compatibility/mongodb/mongodb_dialect.cpp#kBuiltinSurfaces:geospatial,IMPLEMENT_NONCLUSTER,inventory classification lead
project/src/parsers/compatibility/mongodb,builtin_function_surface:date_expression,sblr;surface=$dateAdd;$dateDiff;$dateTrunc,project/src/parsers/compatibility/mongodb/mongodb_dialect.cpp#kBuiltinSurfaces:date_expression,PARSER_REMAP_ONLY,inventory classification lead
project/src/parsers/compatibility/mongodb,builtin_function_surface:security,parser_support_udr;surface=createUser;grantRolesToUser,project/src/parsers/compatibility/mongodb/mongodb_dialect.cpp#kBuiltinSurfaces:security,IMPLEMENT_NONCLUSTER,inventory classification lead
project/src/parsers/compatibility/mongodb,catalog_overlay_surface:collections,catalog_projection;surface=listCollections;system.namespaces,project/src/parsers/compatibility/mongodb/mongodb_dialect.cpp#kCatalogSurfaces:collections,PARSER_REMAP_ONLY,inventory classification lead
project/src/parsers/compatibility/mongodb,catalog_overlay_surface:indexes,catalog_projection;surface=listIndexes;createIndexes,project/src/parsers/compatibility/mongodb/mongodb_dialect.cpp#kCatalogSurfaces:indexes,PARSER_REMAP_ONLY,inventory classification lead
project/src/parsers/compatibility/mongodb,catalog_overlay_surface:users_roles,catalog_projection;surface=system.users;system.roles,project/src/parsers/compatibility/mongodb/mongodb_dialect.cpp#kCatalogSurfaces:users_roles,PARSER_REMAP_ONLY,inventory classification lead
project/src/parsers/compatibility/mongodb,catalog_overlay_surface:server_status,catalog_projection;surface=serverStatus,project/src/parsers/compatibility/mongodb/mongodb_dialect.cpp#kCatalogSurfaces:server_status,PARSER_REMAP_ONLY,inventory classification lead
project/src/parsers/compatibility/mongodb,catalog_overlay_surface:current_op,catalog_projection;surface=currentOp,project/src/parsers/compatibility/mongodb/mongodb_dialect.cpp#kCatalogSurfaces:current_op,PARSER_REMAP_ONLY,inventory classification lead
project/src/parsers/compatibility/mongodb,catalog_overlay_surface:profile,catalog_projection;surface=system.profile,project/src/parsers/compatibility/mongodb/mongodb_dialect.cpp#kCatalogSurfaces:profile,PARSER_REMAP_ONLY,inventory classification lead
project/src/parsers/compatibility/mongodb,catalog_overlay_surface:config,catalog_projection;surface=config.*,project/src/parsers/compatibility/mongodb/mongodb_dialect.cpp#kCatalogSurfaces:config,PARSER_REMAP_ONLY,inventory classification lead
project/src/parsers/compatibility/mongodb,catalog_overlay_surface:change_streams,catalog_projection;surface=changeStreamPreImages,project/src/parsers/compatibility/mongodb/mongodb_dialect.cpp#kCatalogSurfaces:change_streams,PARSER_REMAP_ONLY,inventory classification lead
project/src/parsers/compatibility/mongodb,catalog_overlay_surface:sharding,catalog_projection;surface=config.collections;config.chunks,project/src/parsers/compatibility/mongodb/mongodb_dialect.cpp#kCatalogSurfaces:sharding,NORMALIZE_CLUSTER,cluster normalization lead
project/src/parsers/compatibility/mongodb,diagnostic_surface:parse,parser;surface=MONGODB.PARSE.INVALID_INPUT;MONGODB.PARSE.UNSUPPORTED_SURFACE,project/src/parsers/compatibility/mongodb/mongodb_dialect.cpp#kDiagnosticSurfaces:parse,PARSER_REMAP_ONLY,inventory classification lead
project/src/parsers/compatibility/mongodb,diagnostic_surface:policy,fail_closed;surface=MONGODB.AUTHORITY.*,project/src/parsers/compatibility/mongodb/mongodb_dialect.cpp#kDiagnosticSurfaces:policy,ARCHITECTURE_REFUSAL,inventory classification lead
project/src/parsers/compatibility/mongodb,diagnostic_surface:udr,parser_support_udr;surface=MONGODB.EMULATION.*,project/src/parsers/compatibility/mongodb/mongodb_dialect.cpp#kDiagnosticSurfaces:udr,IMPLEMENT_NONCLUSTER,inventory classification lead
project/src/parsers/compatibility/mongodb,diagnostic_surface:catalog,catalog_projection;surface=MONGODB.CATALOG_OVERLAY.READ_ONLY,project/src/parsers/compatibility/mongodb/mongodb_dialect.cpp#kDiagnosticSurfaces:catalog,PARSER_REMAP_ONLY,inventory classification lead
project/src/parsers/compatibility/mongodb,diagnostic_surface:session,sblr;surface=MONGODB.SESSION.*,project/src/parsers/compatibility/mongodb/mongodb_dialect.cpp#kDiagnosticSurfaces:session,PARSER_REMAP_ONLY,inventory classification lead
project/src/parsers/compatibility/mongodb,diagnostic_surface:transaction,sblr;surface=MONGODB.TRANSACTION.*,project/src/parsers/compatibility/mongodb/mongodb_dialect.cpp#kDiagnosticSurfaces:transaction,PARSER_REMAP_ONLY,inventory classification lead
project/src/parsers/compatibility/mongodb,diagnostic_surface:file_effects,authority_invariant;surface=real_compatibility_file_effects=false,project/src/parsers/compatibility/mongodb/mongodb_dialect.cpp#kDiagnosticSurfaces:file_effects,DOCUMENTATION_ONLY,inventory classification lead
project/src/parsers/compatibility/mongodb,diagnostic_surface:compatibility_execution,authority_invariant;surface=compatibility_engine_sql_executed=false,project/src/parsers/compatibility/mongodb/mongodb_dialect.cpp#kDiagnosticSurfaces:compatibility_execution,DOCUMENTATION_ONLY,inventory classification lead
project/src/parsers/compatibility/mongodb,diagnostic_surface:mga,authority_invariant;surface=parser_transaction_finality_authority=false,project/src/parsers/compatibility/mongodb/mongodb_dialect.cpp#kDiagnosticSurfaces:mga,DOCUMENTATION_ONLY,inventory classification lead
project/src/parsers/compatibility/mongodb,diagnostic_surface:support_bundle,diagnostic_redaction;surface=source_text_redacted=true,project/src/parsers/compatibility/mongodb/mongodb_dialect.cpp#kDiagnosticSurfaces:support_bundle,DOCUMENTATION_ONLY,inventory classification lead
project/src/parsers/compatibility/mongodb,source_marker:unsupported,source_marker_requires_review,project/src/parsers/compatibility/mongodb/mongodb_dialect.cpp#marker:unsupported,ARCHITECTURE_REFUSAL,inventory classification lead
project/src/parsers/compatibility/mysql,mysql.bulk_io.load_data_infile,kPolicyRefusal;match=LOAD DATA INFILE;mapping=mysql.policy.file.load_data_infile;sblr=none;engine_api=none;diagnostic=MYSQL.AUTHORITY.FILE_IO_DENIED,project/src/parsers/compatibility/mysql/mysql_dialect.cpp#kPatterns:mysql.bulk_io.load_data_infile,EXTERNAL_AUTHORITY,parser remap lead
project/src/parsers/compatibility/mysql,mysql.bulk_io.load_file,kPolicyRefusal;match=LOAD_FILE;mapping=mysql.policy.file.load_file;sblr=none;engine_api=none;diagnostic=MYSQL.AUTHORITY.FILE_IO_DENIED,project/src/parsers/compatibility/mysql/mysql_dialect.cpp#kPatterns:mysql.bulk_io.load_file,EXTERNAL_AUTHORITY,parser remap lead
project/src/parsers/compatibility/mysql,mysql.bulk_io.select_into_outfile,kPolicyRefusal;match=SELECT|| INTO OUTFILE;mapping=mysql.policy.file.select_into_outfile;sblr=none;engine_api=none;diagnostic=MYSQL.AUTHORITY.FILE_IO_DENIED,project/src/parsers/compatibility/mysql/mysql_dialect.cpp#kPatterns:mysql.bulk_io.select_into_outfile,EXTERNAL_AUTHORITY,parser remap lead
project/src/parsers/compatibility/mysql,mysql.bulk_io.select_into_dumpfile,kPolicyRefusal;match=SELECT|| INTO DUMPFILE;mapping=mysql.policy.file.select_into_dumpfile;sblr=none;engine_api=none;diagnostic=MYSQL.AUTHORITY.FILE_IO_DENIED,project/src/parsers/compatibility/mysql/mysql_dialect.cpp#kPatterns:mysql.bulk_io.select_into_dumpfile,EXTERNAL_AUTHORITY,parser remap lead
project/src/parsers/compatibility/mysql,mysql.plugin.install,kPolicyRefusal;match=INSTALL PLUGIN;mapping=mysql.policy.plugin.install;sblr=none;engine_api=none;diagnostic=MYSQL.AUTHORITY.PLUGIN_DENIED,project/src/parsers/compatibility/mysql/mysql_dialect.cpp#kPatterns:mysql.plugin.install,ARCHITECTURE_REFUSAL,parser remap lead
project/src/parsers/compatibility/mysql,mysql.plugin.uninstall,kPolicyRefusal;match=UNINSTALL PLUGIN;mapping=mysql.policy.plugin.uninstall;sblr=none;engine_api=none;diagnostic=MYSQL.AUTHORITY.PLUGIN_DENIED,project/src/parsers/compatibility/mysql/mysql_dialect.cpp#kPatterns:mysql.plugin.uninstall,ARCHITECTURE_REFUSAL,parser remap lead
project/src/parsers/compatibility/mysql,mysql.storage.tablespace.create,kPolicyRefusal;match=CREATE TABLESPACE;mapping=mysql.policy.tablespace.create;sblr=none;engine_api=none;diagnostic=MYSQL.AUTHORITY.TABLESPACE_DENIED,project/src/parsers/compatibility/mysql/mysql_dialect.cpp#kPatterns:mysql.storage.tablespace.create,ARCHITECTURE_REFUSAL,parser remap lead
project/src/parsers/compatibility/mysql,mysql.storage.tablespace.alter,kPolicyRefusal;match=ALTER TABLESPACE;mapping=mysql.policy.tablespace.alter;sblr=none;engine_api=none;diagnostic=MYSQL.AUTHORITY.TABLESPACE_DENIED,project/src/parsers/compatibility/mysql/mysql_dialect.cpp#kPatterns:mysql.storage.tablespace.alter,ARCHITECTURE_REFUSAL,parser remap lead
project/src/parsers/compatibility/mysql,mysql.storage.tablespace.drop,kPolicyRefusal;match=DROP TABLESPACE;mapping=mysql.policy.tablespace.drop;sblr=none;engine_api=none;diagnostic=MYSQL.AUTHORITY.TABLESPACE_DENIED,project/src/parsers/compatibility/mysql/mysql_dialect.cpp#kPatterns:mysql.storage.tablespace.drop,ARCHITECTURE_REFUSAL,parser remap lead
project/src/parsers/compatibility/mysql,mysql.replication.change_source,kParserSupportUdr;match=CHANGE REPLICATION SOURCE;mapping=mysql.udr.replication.change_source;sblr=SBLR_COMPAT_MYSQL_REPLICATION_ROUTE;engine_api=ParserSupportReplicationRoute;diagnostic=MYSQL.EMULATION.REPLICATION_ROUTE,project/src/parsers/compatibility/mysql/mysql_dialect.cpp#kPatterns:mysql.replication.change_source,NORMALIZE_CLUSTER,parser remap lead
project/src/parsers/compatibility/mysql,mysql.replication.change_master_legacy,kParserSupportUdr;match=CHANGE MASTER;mapping=mysql.udr.replication.change_master;sblr=SBLR_COMPAT_MYSQL_REPLICATION_ROUTE;engine_api=ParserSupportReplicationRoute;diagnostic=MYSQL.EMULATION.REPLICATION_ROUTE,project/src/parsers/compatibility/mysql/mysql_dialect.cpp#kPatterns:mysql.replication.change_master_legacy,NORMALIZE_CLUSTER,parser remap lead
project/src/parsers/compatibility/mysql,mysql.replication.start_replica,kParserSupportUdr;match=START REPLICA;mapping=mysql.udr.replication.start_replica;sblr=SBLR_COMPAT_MYSQL_REPLICATION_ROUTE;engine_api=ParserSupportReplicationRoute;diagnostic=MYSQL.EMULATION.REPLICATION_ROUTE,project/src/parsers/compatibility/mysql/mysql_dialect.cpp#kPatterns:mysql.replication.start_replica,NORMALIZE_CLUSTER,parser remap lead
project/src/parsers/compatibility/mysql,mysql.replication.stop_replica,kParserSupportUdr;match=STOP REPLICA;mapping=mysql.udr.replication.stop_replica;sblr=SBLR_COMPAT_MYSQL_REPLICATION_ROUTE;engine_api=ParserSupportReplicationRoute;diagnostic=MYSQL.EMULATION.REPLICATION_ROUTE,project/src/parsers/compatibility/mysql/mysql_dialect.cpp#kPatterns:mysql.replication.stop_replica,NORMALIZE_CLUSTER,parser remap lead
project/src/parsers/compatibility/mysql,mysql.replication.reset_replica,kParserSupportUdr;match=RESET REPLICA;mapping=mysql.udr.replication.reset_replica;sblr=SBLR_COMPAT_MYSQL_REPLICATION_ROUTE;engine_api=ParserSupportReplicationRoute;diagnostic=MYSQL.EMULATION.REPLICATION_ROUTE,project/src/parsers/compatibility/mysql/mysql_dialect.cpp#kPatterns:mysql.replication.reset_replica,NORMALIZE_CLUSTER,parser remap lead
project/src/parsers/compatibility/mysql,mysql.replication.show_replica_status,kCatalogProjection;match=SHOW REPLICA STATUS;mapping=mysql.catalog.replication.show_status;sblr=SBLR_COMPAT_MYSQL_CATALOG_PROJECT;engine_api=EngineCatalogProjection;diagnostic=none,project/src/parsers/compatibility/mysql/mysql_dialect.cpp#kPatterns:mysql.replication.show_replica_status,NORMALIZE_CLUSTER,parser remap lead
project/src/parsers/compatibility/mysql,mysql.replication.show_slave_status_legacy,kCatalogProjection;match=SHOW SLAVE STATUS;mapping=mysql.catalog.replication.show_slave_status;sblr=SBLR_COMPAT_MYSQL_CATALOG_PROJECT;engine_api=EngineCatalogProjection;diagnostic=none,project/src/parsers/compatibility/mysql/mysql_dialect.cpp#kPatterns:mysql.replication.show_slave_status_legacy,NORMALIZE_CLUSTER,parser remap lead
project/src/parsers/compatibility/mysql,mysql.replication.purge_binary_logs,kPolicyRefusal;match=PURGE BINARY LOGS;mapping=mysql.policy.binlog.purge;sblr=none;engine_api=none;diagnostic=MYSQL.AUTHORITY.BINLOG_DENIED,project/src/parsers/compatibility/mysql/mysql_dialect.cpp#kPatterns:mysql.replication.purge_binary_logs,NORMALIZE_CLUSTER,parser remap lead
project/src/parsers/compatibility/mysql,mysql.replication.reset_binary_logs,kPolicyRefusal;match=RESET BINARY LOGS;mapping=mysql.policy.binlog.reset;sblr=none;engine_api=none;diagnostic=MYSQL.AUTHORITY.BINLOG_DENIED,project/src/parsers/compatibility/mysql/mysql_dialect.cpp#kPatterns:mysql.replication.reset_binary_logs,NORMALIZE_CLUSTER,parser remap lead
project/src/parsers/compatibility/mysql,mysql.security.create_user,kParserSupportUdr;match=CREATE USER;mapping=mysql.udr.security.create_user;sblr=SBLR_COMPAT_MYSQL_SECURITY_ROUTE;engine_api=ParserSupportSecurityRoute;diagnostic=MYSQL.EMULATION.SECURITY_ROUTE,project/src/parsers/compatibility/mysql/mysql_dialect.cpp#kPatterns:mysql.security.create_user,IMPLEMENT_NONCLUSTER,parser remap lead
project/src/parsers/compatibility/mysql,mysql.security.alter_user,kParserSupportUdr;match=ALTER USER;mapping=mysql.udr.security.alter_user;sblr=SBLR_COMPAT_MYSQL_SECURITY_ROUTE;engine_api=ParserSupportSecurityRoute;diagnostic=MYSQL.EMULATION.SECURITY_ROUTE,project/src/parsers/compatibility/mysql/mysql_dialect.cpp#kPatterns:mysql.security.alter_user,IMPLEMENT_NONCLUSTER,parser remap lead
project/src/parsers/compatibility/mysql,mysql.security.drop_user,kParserSupportUdr;match=DROP USER;mapping=mysql.udr.security.drop_user;sblr=SBLR_COMPAT_MYSQL_SECURITY_ROUTE;engine_api=ParserSupportSecurityRoute;diagnostic=MYSQL.EMULATION.SECURITY_ROUTE,project/src/parsers/compatibility/mysql/mysql_dialect.cpp#kPatterns:mysql.security.drop_user,IMPLEMENT_NONCLUSTER,parser remap lead
project/src/parsers/compatibility/mysql,mysql.security.create_role,kParserSupportUdr;match=CREATE ROLE;mapping=mysql.udr.security.create_role;sblr=SBLR_COMPAT_MYSQL_SECURITY_ROUTE;engine_api=ParserSupportSecurityRoute;diagnostic=MYSQL.EMULATION.SECURITY_ROUTE,project/src/parsers/compatibility/mysql/mysql_dialect.cpp#kPatterns:mysql.security.create_role,IMPLEMENT_NONCLUSTER,parser remap lead
project/src/parsers/compatibility/mysql,mysql.security.drop_role,kParserSupportUdr;match=DROP ROLE;mapping=mysql.udr.security.drop_role;sblr=SBLR_COMPAT_MYSQL_SECURITY_ROUTE;engine_api=ParserSupportSecurityRoute;diagnostic=MYSQL.EMULATION.SECURITY_ROUTE,project/src/parsers/compatibility/mysql/mysql_dialect.cpp#kPatterns:mysql.security.drop_role,IMPLEMENT_NONCLUSTER,parser remap lead
project/src/parsers/compatibility/mysql,mysql.security.grant,kParserSupportUdr;match=GRANT;mapping=mysql.udr.security.grant;sblr=SBLR_COMPAT_MYSQL_SECURITY_ROUTE;engine_api=ParserSupportSecurityRoute;diagnostic=MYSQL.EMULATION.SECURITY_ROUTE,project/src/parsers/compatibility/mysql/mysql_dialect.cpp#kPatterns:mysql.security.grant,IMPLEMENT_NONCLUSTER,parser remap lead
project/src/parsers/compatibility/mysql,mysql.security.revoke,kParserSupportUdr;match=REVOKE;mapping=mysql.udr.security.revoke;sblr=SBLR_COMPAT_MYSQL_SECURITY_ROUTE;engine_api=ParserSupportSecurityRoute;diagnostic=MYSQL.EMULATION.SECURITY_ROUTE,project/src/parsers/compatibility/mysql/mysql_dialect.cpp#kPatterns:mysql.security.revoke,IMPLEMENT_NONCLUSTER,parser remap lead
project/src/parsers/compatibility/mysql,mysql.routine.event.create,kParserSupportUdr;match=CREATE EVENT;mapping=mysql.udr.routine.event.create;sblr=SBLR_COMPAT_MYSQL_ROUTINE_ROUTE;engine_api=ParserSupportRoutineRoute;diagnostic=MYSQL.EMULATION.ROUTINE_ROUTE,project/src/parsers/compatibility/mysql/mysql_dialect.cpp#kPatterns:mysql.routine.event.create,IMPLEMENT_NONCLUSTER,parser remap lead
project/src/parsers/compatibility/mysql,mysql.routine.trigger.create,kParserSupportUdr;match=CREATE TRIGGER;mapping=mysql.udr.routine.trigger.create;sblr=SBLR_COMPAT_MYSQL_ROUTINE_ROUTE;engine_api=ParserSupportRoutineRoute;diagnostic=MYSQL.EMULATION.ROUTINE_ROUTE,project/src/parsers/compatibility/mysql/mysql_dialect.cpp#kPatterns:mysql.routine.trigger.create,IMPLEMENT_NONCLUSTER,parser remap lead
project/src/parsers/compatibility/mysql,mysql.routine.procedure.create,kParserSupportUdr;match=CREATE PROCEDURE;mapping=mysql.udr.routine.procedure.create;sblr=SBLR_COMPAT_MYSQL_ROUTINE_ROUTE;engine_api=ParserSupportRoutineRoute;diagnostic=MYSQL.EMULATION.ROUTINE_ROUTE,project/src/parsers/compatibility/mysql/mysql_dialect.cpp#kPatterns:mysql.routine.procedure.create,IMPLEMENT_NONCLUSTER,parser remap lead
project/src/parsers/compatibility/mysql,mysql.routine.function.create,kParserSupportUdr;match=CREATE FUNCTION;mapping=mysql.udr.routine.function.create;sblr=SBLR_COMPAT_MYSQL_ROUTINE_ROUTE;engine_api=ParserSupportRoutineRoute;diagnostic=MYSQL.EMULATION.ROUTINE_ROUTE,project/src/parsers/compatibility/mysql/mysql_dialect.cpp#kPatterns:mysql.routine.function.create,IMPLEMENT_NONCLUSTER,parser remap lead
project/src/parsers/compatibility/mysql,mysql.lifecycle.create_database,kScratchBirdLifecycleApi;match=CREATE DATABASE;mapping=mysql.lifecycle.create_database;sblr=SBLR_LIFECYCLE_CREATE_DATABASE;engine_api=EngineCreateLifecycle;diagnostic=none,project/src/parsers/compatibility/mysql/mysql_dialect.cpp#kPatterns:mysql.lifecycle.create_database,PARSER_REMAP_ONLY,parser remap lead
project/src/parsers/compatibility/mysql,mysql.lifecycle.drop_database,kScratchBirdLifecycleApi;match=DROP DATABASE;mapping=mysql.lifecycle.drop_database;sblr=SBLR_LIFECYCLE_DROP_DATABASE;engine_api=EngineDropLifecycle;diagnostic=none,project/src/parsers/compatibility/mysql/mysql_dialect.cpp#kPatterns:mysql.lifecycle.drop_database,PARSER_REMAP_ONLY,parser remap lead
project/src/parsers/compatibility/mysql,mysql.session.use_database,kAdmittedSblr;match=USE;mapping=mysql.session.use_database;sblr=SBLR_COMPAT_MYSQL_USE_DATABASE;engine_api=EngineSessionRoute;diagnostic=none,project/src/parsers/compatibility/mysql/mysql_dialect.cpp#kPatterns:mysql.session.use_database,PARSER_REMAP_ONLY,parser remap lead
project/src/parsers/compatibility/mysql,mysql.catalog_overlay.show,kCatalogProjection;match=SHOW;mapping=mysql.catalog.show;sblr=SBLR_COMPAT_MYSQL_CATALOG_PROJECT;engine_api=EngineCatalogProjection;diagnostic=none,project/src/parsers/compatibility/mysql/mysql_dialect.cpp#kPatterns:mysql.catalog_overlay.show,PARSER_REMAP_ONLY,parser remap lead
project/src/parsers/compatibility/mysql,mysql.catalog_overlay.describe,kCatalogProjection;match=DESCRIBE;mapping=mysql.catalog.describe;sblr=SBLR_COMPAT_MYSQL_CATALOG_PROJECT;engine_api=EngineCatalogProjection;diagnostic=none,project/src/parsers/compatibility/mysql/mysql_dialect.cpp#kPatterns:mysql.catalog_overlay.describe,PARSER_REMAP_ONLY,parser remap lead
project/src/parsers/compatibility/mysql,mysql.optimizer.explain,kCatalogProjection;match=EXPLAIN;mapping=mysql.optimizer.explain;sblr=SBLR_COMPAT_MYSQL_EXPLAIN;engine_api=EngineExplainPlan;diagnostic=none,project/src/parsers/compatibility/mysql/mysql_dialect.cpp#kPatterns:mysql.optimizer.explain,PARSER_REMAP_ONLY,parser remap lead
project/src/parsers/compatibility/mysql,mysql.prepared.prepare,kAdmittedSblr;match=PREPARE;mapping=mysql.prepared.prepare;sblr=SBLR_COMPAT_MYSQL_PREPARE;engine_api=EnginePrepareStatement;diagnostic=none,project/src/parsers/compatibility/mysql/mysql_dialect.cpp#kPatterns:mysql.prepared.prepare,PARSER_REMAP_ONLY,parser remap lead
project/src/parsers/compatibility/mysql,mysql.prepared.execute,kAdmittedSblr;match=EXECUTE;mapping=mysql.prepared.execute;sblr=SBLR_COMPAT_MYSQL_EXECUTE;engine_api=EngineExecuteStatement;diagnostic=none,project/src/parsers/compatibility/mysql/mysql_dialect.cpp#kPatterns:mysql.prepared.execute,PARSER_REMAP_ONLY,parser remap lead
project/src/parsers/compatibility/mysql,mysql.prepared.deallocate,kAdmittedSblr;match=DEALLOCATE;mapping=mysql.prepared.deallocate;sblr=SBLR_COMPAT_MYSQL_DEALLOCATE;engine_api=EngineDeallocateStatement;diagnostic=none,project/src/parsers/compatibility/mysql/mysql_dialect.cpp#kPatterns:mysql.prepared.deallocate,PARSER_REMAP_ONLY,parser remap lead
project/src/parsers/compatibility/mysql,mysql.locking.lock_tables,kAdmittedSblr;match=LOCK TABLES;mapping=mysql.locking.lock_tables;sblr=SBLR_COMPAT_MYSQL_LOCK_TABLES;engine_api=EngineLockTables;diagnostic=none,project/src/parsers/compatibility/mysql/mysql_dialect.cpp#kPatterns:mysql.locking.lock_tables,PARSER_REMAP_ONLY,parser remap lead
project/src/parsers/compatibility/mysql,mysql.locking.unlock_tables,kAdmittedSblr;match=UNLOCK TABLES;mapping=mysql.locking.unlock_tables;sblr=SBLR_COMPAT_MYSQL_UNLOCK_TABLES;engine_api=EngineUnlockTables;diagnostic=none,project/src/parsers/compatibility/mysql/mysql_dialect.cpp#kPatterns:mysql.locking.unlock_tables,PARSER_REMAP_ONLY,parser remap lead
project/src/parsers/compatibility/mysql,mysql.transaction.start,kAdmittedSblr;match=START TRANSACTION;mapping=mysql.transaction.start;sblr=SBLR_TRANSACTION_BEGIN;engine_api=EngineBeginTransaction;diagnostic=none,project/src/parsers/compatibility/mysql/mysql_dialect.cpp#kPatterns:mysql.transaction.start,PARSER_REMAP_ONLY,parser remap lead
project/src/parsers/compatibility/mysql,mysql.transaction.begin,kAdmittedSblr;match=BEGIN;mapping=mysql.transaction.begin;sblr=SBLR_TRANSACTION_BEGIN;engine_api=EngineBeginTransaction;diagnostic=none,project/src/parsers/compatibility/mysql/mysql_dialect.cpp#kPatterns:mysql.transaction.begin,PARSER_REMAP_ONLY,parser remap lead
project/src/parsers/compatibility/mysql,mysql.transaction.commit,kAdmittedSblr;match=COMMIT;mapping=mysql.transaction.commit;sblr=SBLR_TRANSACTION_COMMIT;engine_api=EngineCommitTransaction;diagnostic=none,project/src/parsers/compatibility/mysql/mysql_dialect.cpp#kPatterns:mysql.transaction.commit,PARSER_REMAP_ONLY,parser remap lead
project/src/parsers/compatibility/mysql,mysql.transaction.rollback,kAdmittedSblr;match=ROLLBACK;mapping=mysql.transaction.rollback;sblr=SBLR_TRANSACTION_ROLLBACK;engine_api=EngineRollbackTransaction;diagnostic=none,project/src/parsers/compatibility/mysql/mysql_dialect.cpp#kPatterns:mysql.transaction.rollback,PARSER_REMAP_ONLY,parser remap lead
project/src/parsers/compatibility/mysql,mysql.transaction.savepoint,kAdmittedSblr;match=SAVEPOINT;mapping=mysql.transaction.savepoint;sblr=SBLR_TRANSACTION_SAVEPOINT;engine_api=EngineSavepoint;diagnostic=none,project/src/parsers/compatibility/mysql/mysql_dialect.cpp#kPatterns:mysql.transaction.savepoint,PARSER_REMAP_ONLY,parser remap lead
project/src/parsers/compatibility/mysql,mysql.transaction.release_savepoint,kAdmittedSblr;match=RELEASE SAVEPOINT;mapping=mysql.transaction.release_savepoint;sblr=SBLR_TRANSACTION_RELEASE_SAVEPOINT;engine_api=EngineReleaseSavepoint;diagnostic=none,project/src/parsers/compatibility/mysql/mysql_dialect.cpp#kPatterns:mysql.transaction.release_savepoint,PARSER_REMAP_ONLY,parser remap lead
project/src/parsers/compatibility/mysql,mysql.session.set,kAdmittedSblr;match=SET;mapping=mysql.session.set;sblr=SBLR_COMPAT_MYSQL_SET;engine_api=EngineSessionSet;diagnostic=none,project/src/parsers/compatibility/mysql/mysql_dialect.cpp#kPatterns:mysql.session.set,PARSER_REMAP_ONLY,parser remap lead
project/src/parsers/compatibility/mysql,mysql.ddl.create,kAdmittedSblr;match=CREATE;mapping=mysql.ddl.create;sblr=SBLR_COMPAT_MYSQL_DDL_CREATE;engine_api=EngineDdlCreate;diagnostic=none,project/src/parsers/compatibility/mysql/mysql_dialect.cpp#kPatterns:mysql.ddl.create,PARSER_REMAP_ONLY,parser remap lead
project/src/parsers/compatibility/mysql,mysql.ddl.alter,kAdmittedSblr;match=ALTER;mapping=mysql.ddl.alter;sblr=SBLR_COMPAT_MYSQL_DDL_ALTER;engine_api=EngineDdlAlter;diagnostic=none,project/src/parsers/compatibility/mysql/mysql_dialect.cpp#kPatterns:mysql.ddl.alter,PARSER_REMAP_ONLY,parser remap lead
project/src/parsers/compatibility/mysql,mysql.ddl.drop,kAdmittedSblr;match=DROP;mapping=mysql.ddl.drop;sblr=SBLR_COMPAT_MYSQL_DDL_DROP;engine_api=EngineDdlDrop;diagnostic=none,project/src/parsers/compatibility/mysql/mysql_dialect.cpp#kPatterns:mysql.ddl.drop,PARSER_REMAP_ONLY,parser remap lead
project/src/parsers/compatibility/mysql,mysql.ddl.truncate,kAdmittedSblr;match=TRUNCATE;mapping=mysql.ddl.truncate;sblr=SBLR_COMPAT_MYSQL_DDL_TRUNCATE;engine_api=EngineDdlTruncate;diagnostic=none,project/src/parsers/compatibility/mysql/mysql_dialect.cpp#kPatterns:mysql.ddl.truncate,PARSER_REMAP_ONLY,parser remap lead
project/src/parsers/compatibility/mysql,mysql.dml.replace,kAdmittedSblr;match=REPLACE;mapping=mysql.dml.replace;sblr=SBLR_COMPAT_MYSQL_REPLACE;engine_api=EngineDmlReplace;diagnostic=none,project/src/parsers/compatibility/mysql/mysql_dialect.cpp#kPatterns:mysql.dml.replace,PARSER_REMAP_ONLY,parser remap lead
project/src/parsers/compatibility/mysql,mysql.dml.insert,kAdmittedSblr;match=INSERT;mapping=mysql.dml.insert;sblr=SBLR_COMPAT_MYSQL_INSERT;engine_api=EngineDmlInsert;diagnostic=none,project/src/parsers/compatibility/mysql/mysql_dialect.cpp#kPatterns:mysql.dml.insert,PARSER_REMAP_ONLY,parser remap lead
project/src/parsers/compatibility/mysql,mysql.dml.update,kAdmittedSblr;match=UPDATE;mapping=mysql.dml.update;sblr=SBLR_COMPAT_MYSQL_UPDATE;engine_api=EngineDmlUpdate;diagnostic=none,project/src/parsers/compatibility/mysql/mysql_dialect.cpp#kPatterns:mysql.dml.update,PARSER_REMAP_ONLY,parser remap lead
project/src/parsers/compatibility/mysql,mysql.dml.delete,kAdmittedSblr;match=DELETE;mapping=mysql.dml.delete;sblr=SBLR_COMPAT_MYSQL_DELETE;engine_api=EngineDmlDelete;diagnostic=none,project/src/parsers/compatibility/mysql/mysql_dialect.cpp#kPatterns:mysql.dml.delete,PARSER_REMAP_ONLY,parser remap lead
project/src/parsers/compatibility/mysql,mysql.query.select,kAdmittedSblr;match=SELECT;mapping=mysql.query.select;sblr=SBLR_COMPAT_MYSQL_SELECT;engine_api=EngineQuerySelect;diagnostic=none,project/src/parsers/compatibility/mysql/mysql_dialect.cpp#kPatterns:mysql.query.select,PARSER_REMAP_ONLY,parser remap lead
project/src/parsers/compatibility/mysql,mysql.query.with,kAdmittedSblr;match=WITH;mapping=mysql.query.with;sblr=SBLR_COMPAT_MYSQL_SELECT;engine_api=EngineQuerySelect;diagnostic=none,project/src/parsers/compatibility/mysql/mysql_dialect.cpp#kPatterns:mysql.query.with,PARSER_REMAP_ONLY,parser remap lead
project/src/parsers/compatibility/mysql,mysql.routine.call,kParserSupportUdr;match=CALL;mapping=mysql.udr.routine.call;sblr=SBLR_COMPAT_MYSQL_ROUTINE_CALL;engine_api=ParserSupportRoutineRoute;diagnostic=MYSQL.EMULATION.ROUTINE_ROUTE,project/src/parsers/compatibility/mysql/mysql_dialect.cpp#kPatterns:mysql.routine.call,IMPLEMENT_NONCLUSTER,parser remap lead
project/src/parsers/compatibility/mysql,mysql.maintenance.analyze_table,kParserSupportUdr;match=ANALYZE TABLE;mapping=mysql.udr.maintenance.analyze_table;sblr=SBLR_COMPAT_MYSQL_MAINTENANCE_ROUTE;engine_api=ParserSupportMaintenanceRoute;diagnostic=MYSQL.EMULATION.MAINTENANCE_ROUTE,project/src/parsers/compatibility/mysql/mysql_dialect.cpp#kPatterns:mysql.maintenance.analyze_table,IMPLEMENT_NONCLUSTER,parser remap lead
project/src/parsers/compatibility/mysql,mysql.maintenance.optimize_table,kParserSupportUdr;match=OPTIMIZE TABLE;mapping=mysql.udr.maintenance.optimize_table;sblr=SBLR_COMPAT_MYSQL_MAINTENANCE_ROUTE;engine_api=ParserSupportMaintenanceRoute;diagnostic=MYSQL.EMULATION.MAINTENANCE_ROUTE,project/src/parsers/compatibility/mysql/mysql_dialect.cpp#kPatterns:mysql.maintenance.optimize_table,IMPLEMENT_NONCLUSTER,parser remap lead
project/src/parsers/compatibility/mysql,mysql.maintenance.check_table,kParserSupportUdr;match=CHECK TABLE;mapping=mysql.udr.maintenance.check_table;sblr=SBLR_COMPAT_MYSQL_MAINTENANCE_ROUTE;engine_api=ParserSupportMaintenanceRoute;diagnostic=MYSQL.EMULATION.MAINTENANCE_ROUTE,project/src/parsers/compatibility/mysql/mysql_dialect.cpp#kPatterns:mysql.maintenance.check_table,IMPLEMENT_NONCLUSTER,parser remap lead
project/src/parsers/compatibility/mysql,mysql.maintenance.repair_table,kParserSupportUdr;match=REPAIR TABLE;mapping=mysql.udr.maintenance.repair_table;sblr=SBLR_COMPAT_MYSQL_MAINTENANCE_ROUTE;engine_api=ParserSupportMaintenanceRoute;diagnostic=MYSQL.EMULATION.MAINTENANCE_ROUTE,project/src/parsers/compatibility/mysql/mysql_dialect.cpp#kPatterns:mysql.maintenance.repair_table,IMPLEMENT_NONCLUSTER,parser remap lead
project/src/parsers/compatibility/mysql,mysql.maintenance.flush,kParserSupportUdr;match=FLUSH;mapping=mysql.udr.maintenance.flush;sblr=SBLR_COMPAT_MYSQL_MAINTENANCE_ROUTE;engine_api=ParserSupportMaintenanceRoute;diagnostic=MYSQL.EMULATION.MAINTENANCE_ROUTE,project/src/parsers/compatibility/mysql/mysql_dialect.cpp#kPatterns:mysql.maintenance.flush,IMPLEMENT_NONCLUSTER,parser remap lead
project/src/parsers/compatibility/mysql,mysql.transaction.xa,kUnsupportedRefusal;match=XA;mapping=mysql.policy.transaction.xa;sblr=none;engine_api=none;diagnostic=MYSQL.AUTHORITY.XA_DENIED,project/src/parsers/compatibility/mysql/mysql_dialect.cpp#kPatterns:mysql.transaction.xa,ARCHITECTURE_REFUSAL,parser remap lead
project/src/parsers/compatibility/mysql,datatype_surface:numeric,descriptor;surface=TINYINT;SMALLINT;MEDIUMINT;INT;BIGINT;DECIMAL;FLOAT;DOUBLE,project/src/parsers/compatibility/mysql/mysql_dialect.cpp#kDatatypeSurfaces:numeric,DOCUMENTATION_ONLY,inventory classification lead
project/src/parsers/compatibility/mysql,datatype_surface:unsigned_numeric,descriptor_policy;surface=UNSIGNED;ZEROFILL,project/src/parsers/compatibility/mysql/mysql_dialect.cpp#kDatatypeSurfaces:unsigned_numeric,DOCUMENTATION_ONLY,inventory classification lead
project/src/parsers/compatibility/mysql,datatype_surface:text,descriptor;surface=CHAR;VARCHAR;TEXT;TINYTEXT;MEDIUMTEXT;LONGTEXT,project/src/parsers/compatibility/mysql/mysql_dialect.cpp#kDatatypeSurfaces:text,DOCUMENTATION_ONLY,inventory classification lead
project/src/parsers/compatibility/mysql,datatype_surface:binary,descriptor;surface=BINARY;VARBINARY;BLOB;TINYBLOB;MEDIUMBLOB;LONGBLOB,project/src/parsers/compatibility/mysql/mysql_dialect.cpp#kDatatypeSurfaces:binary,DOCUMENTATION_ONLY,inventory classification lead
project/src/parsers/compatibility/mysql,datatype_surface:temporal,descriptor;surface=DATE;TIME;DATETIME;TIMESTAMP;YEAR,project/src/parsers/compatibility/mysql/mysql_dialect.cpp#kDatatypeSurfaces:temporal,DOCUMENTATION_ONLY,inventory classification lead
project/src/parsers/compatibility/mysql,datatype_surface:boolean,descriptor_alias;surface=BOOL;BOOLEAN,project/src/parsers/compatibility/mysql/mysql_dialect.cpp#kDatatypeSurfaces:boolean,DOCUMENTATION_ONLY,inventory classification lead
project/src/parsers/compatibility/mysql,datatype_surface:json,descriptor;surface=JSON,project/src/parsers/compatibility/mysql/mysql_dialect.cpp#kDatatypeSurfaces:json,DOCUMENTATION_ONLY,inventory classification lead
project/src/parsers/compatibility/mysql,datatype_surface:enum_set,parser_support_udr;surface=ENUM;SET,project/src/parsers/compatibility/mysql/mysql_dialect.cpp#kDatatypeSurfaces:enum_set,IMPLEMENT_NONCLUSTER,inventory classification lead
project/src/parsers/compatibility/mysql,datatype_surface:spatial,parser_support_udr;surface=GEOMETRY;POINT;LINESTRING;POLYGON,project/src/parsers/compatibility/mysql/mysql_dialect.cpp#kDatatypeSurfaces:spatial,IMPLEMENT_NONCLUSTER,inventory classification lead
project/src/parsers/compatibility/mysql,datatype_surface:charset_collation,catalog_policy;surface=CHARACTER SET;COLLATE,project/src/parsers/compatibility/mysql/mysql_dialect.cpp#kDatatypeSurfaces:charset_collation,PARSER_REMAP_ONLY,inventory classification lead
project/src/parsers/compatibility/mysql,builtin_function_surface:aggregate,sblr;surface=COUNT;SUM;AVG;MIN;MAX;GROUP_CONCAT,project/src/parsers/compatibility/mysql/mysql_dialect.cpp#kBuiltinSurfaces:aggregate,PARSER_REMAP_ONLY,inventory classification lead
project/src/parsers/compatibility/mysql,builtin_function_surface:window,sblr;surface=ROW_NUMBER;RANK;DENSE_RANK;LAG;LEAD,project/src/parsers/compatibility/mysql/mysql_dialect.cpp#kBuiltinSurfaces:window,PARSER_REMAP_ONLY,inventory classification lead
project/src/parsers/compatibility/mysql,builtin_function_surface:string,sblr;surface=CONCAT;SUBSTRING;LOWER;UPPER;TRIM;CHAR_LENGTH,project/src/parsers/compatibility/mysql/mysql_dialect.cpp#kBuiltinSurfaces:string,PARSER_REMAP_ONLY,inventory classification lead
project/src/parsers/compatibility/mysql,builtin_function_surface:numeric,sblr;surface=ABS;ROUND;POW;SQRT;MOD,project/src/parsers/compatibility/mysql/mysql_dialect.cpp#kBuiltinSurfaces:numeric,PARSER_REMAP_ONLY,inventory classification lead
project/src/parsers/compatibility/mysql,builtin_function_surface:temporal,sblr;surface=NOW;CURRENT_TIMESTAMP;DATE_ADD;DATE_SUB;TIMESTAMPDIFF,project/src/parsers/compatibility/mysql/mysql_dialect.cpp#kBuiltinSurfaces:temporal,PARSER_REMAP_ONLY,inventory classification lead
project/src/parsers/compatibility/mysql,builtin_function_surface:json,parser_support_udr;surface=JSON_EXTRACT;JSON_VALUE;JSON_TABLE;JSON_OBJECT,project/src/parsers/compatibility/mysql/mysql_dialect.cpp#kBuiltinSurfaces:json,IMPLEMENT_NONCLUSTER,inventory classification lead
project/src/parsers/compatibility/mysql,builtin_function_surface:security,catalog_projection;surface=CURRENT_USER;SESSION_USER;USER,project/src/parsers/compatibility/mysql/mysql_dialect.cpp#kBuiltinSurfaces:security,PARSER_REMAP_ONLY,inventory classification lead
project/src/parsers/compatibility/mysql,builtin_function_surface:variables,session_descriptor;surface=@user_variable;@@system_variable,project/src/parsers/compatibility/mysql/mysql_dialect.cpp#kBuiltinSurfaces:variables,DOCUMENTATION_ONLY,inventory classification lead
project/src/parsers/compatibility/mysql,builtin_function_surface:fulltext,sblr_optional;surface=MATCH AGAINST,project/src/parsers/compatibility/mysql/mysql_dialect.cpp#kBuiltinSurfaces:fulltext,DOCUMENTATION_ONLY,inventory classification lead
project/src/parsers/compatibility/mysql,builtin_function_surface:spatial,parser_support_udr;surface=ST_*,project/src/parsers/compatibility/mysql/mysql_dialect.cpp#kBuiltinSurfaces:spatial,IMPLEMENT_NONCLUSTER,inventory classification lead
project/src/parsers/compatibility/mysql,catalog_overlay_surface:information_schema,catalog_projection;surface=INFORMATION_SCHEMA.,project/src/parsers/compatibility/mysql/mysql_dialect.cpp#kCatalogSurfaces:information_schema,PARSER_REMAP_ONLY,inventory classification lead
project/src/parsers/compatibility/mysql,catalog_overlay_surface:mysql_schema,catalog_projection;surface=MYSQL.USER;MYSQL.DB;MYSQL.TABLES_PRIV;MYSQL.PROCS_PRIV,project/src/parsers/compatibility/mysql/mysql_dialect.cpp#kCatalogSurfaces:mysql_schema,PARSER_REMAP_ONLY,inventory classification lead
project/src/parsers/compatibility/mysql,catalog_overlay_surface:performance_schema,catalog_projection;surface=PERFORMANCE_SCHEMA.,project/src/parsers/compatibility/mysql/mysql_dialect.cpp#kCatalogSurfaces:performance_schema,PARSER_REMAP_ONLY,inventory classification lead
project/src/parsers/compatibility/mysql,catalog_overlay_surface:sys_schema,catalog_projection;surface=SYS.,project/src/parsers/compatibility/mysql/mysql_dialect.cpp#kCatalogSurfaces:sys_schema,PARSER_REMAP_ONLY,inventory classification lead
project/src/parsers/compatibility/mysql,catalog_overlay_surface:replication_status,catalog_projection;surface=SHOW REPLICA STATUS;SHOW BINARY LOGS,project/src/parsers/compatibility/mysql/mysql_dialect.cpp#kCatalogSurfaces:replication_status,NORMALIZE_CLUSTER,inventory classification lead
project/src/parsers/compatibility/mysql,catalog_overlay_surface:routine_metadata,catalog_projection;surface=INFORMATION_SCHEMA.ROUTINES;TRIGGERS;EVENTS,project/src/parsers/compatibility/mysql/mysql_dialect.cpp#kCatalogSurfaces:routine_metadata,PARSER_REMAP_ONLY,inventory classification lead
project/src/parsers/compatibility/mysql,catalog_overlay_surface:table_metadata,catalog_projection;surface=SHOW COLUMNS;SHOW INDEX;DESCRIBE,project/src/parsers/compatibility/mysql/mysql_dialect.cpp#kCatalogSurfaces:table_metadata,PARSER_REMAP_ONLY,inventory classification lead
project/src/parsers/compatibility/mysql,catalog_overlay_surface:privilege_metadata,catalog_projection;surface=SHOW GRANTS,project/src/parsers/compatibility/mysql/mysql_dialect.cpp#kCatalogSurfaces:privilege_metadata,PARSER_REMAP_ONLY,inventory classification lead
project/src/parsers/compatibility/mysql,diagnostic_surface:parse,parser;surface=MYSQL.PARSE.INVALID_INPUT;MYSQL.PARSE.UNSUPPORTED_SURFACE,project/src/parsers/compatibility/mysql/mysql_dialect.cpp#kDiagnosticSurfaces:parse,PARSER_REMAP_ONLY,inventory classification lead
project/src/parsers/compatibility/mysql,diagnostic_surface:file,fail_closed;surface=MYSQL.AUTHORITY.FILE_IO_DENIED,project/src/parsers/compatibility/mysql/mysql_dialect.cpp#kDiagnosticSurfaces:file,ARCHITECTURE_REFUSAL,inventory classification lead
project/src/parsers/compatibility/mysql,diagnostic_surface:plugin,fail_closed;surface=MYSQL.AUTHORITY.PLUGIN_DENIED,project/src/parsers/compatibility/mysql/mysql_dialect.cpp#kDiagnosticSurfaces:plugin,ARCHITECTURE_REFUSAL,inventory classification lead
project/src/parsers/compatibility/mysql,diagnostic_surface:tablespace,fail_closed;surface=MYSQL.AUTHORITY.TABLESPACE_DENIED,project/src/parsers/compatibility/mysql/mysql_dialect.cpp#kDiagnosticSurfaces:tablespace,ARCHITECTURE_REFUSAL,inventory classification lead
project/src/parsers/compatibility/mysql,diagnostic_surface:replication,parser_support_udr;surface=MYSQL.EMULATION.REPLICATION_ROUTE,project/src/parsers/compatibility/mysql/mysql_dialect.cpp#kDiagnosticSurfaces:replication,NORMALIZE_CLUSTER,inventory classification lead
project/src/parsers/compatibility/mysql,diagnostic_surface:security,parser_support_udr;surface=MYSQL.EMULATION.SECURITY_ROUTE,project/src/parsers/compatibility/mysql/mysql_dialect.cpp#kDiagnosticSurfaces:security,IMPLEMENT_NONCLUSTER,inventory classification lead
project/src/parsers/compatibility/mysql,diagnostic_surface:routine,parser_support_udr;surface=MYSQL.EMULATION.ROUTINE_ROUTE,project/src/parsers/compatibility/mysql/mysql_dialect.cpp#kDiagnosticSurfaces:routine,IMPLEMENT_NONCLUSTER,inventory classification lead
project/src/parsers/compatibility/mysql,diagnostic_surface:maintenance,parser_support_udr;surface=MYSQL.EMULATION.MAINTENANCE_ROUTE,project/src/parsers/compatibility/mysql/mysql_dialect.cpp#kDiagnosticSurfaces:maintenance,IMPLEMENT_NONCLUSTER,inventory classification lead
project/src/parsers/compatibility/mysql,diagnostic_surface:binlog,fail_closed;surface=MYSQL.AUTHORITY.BINLOG_DENIED,project/src/parsers/compatibility/mysql/mysql_dialect.cpp#kDiagnosticSurfaces:binlog,ARCHITECTURE_REFUSAL,inventory classification lead
project/src/parsers/compatibility/mysql,diagnostic_surface:xa,fail_closed;surface=MYSQL.AUTHORITY.XA_DENIED,project/src/parsers/compatibility/mysql/mysql_dialect.cpp#kDiagnosticSurfaces:xa,ARCHITECTURE_REFUSAL,inventory classification lead
project/src/parsers/compatibility/mysql,source_marker:unsupported,source_marker_requires_review,project/src/parsers/compatibility/mysql/mysql_dialect.cpp#marker:unsupported,ARCHITECTURE_REFUSAL,inventory classification lead
project/src/parsers/compatibility/neo4j,neo4j.admin.show_servers,kPolicyRefusal;match=SHOW SERVERS;mapping=neo4j.policy.cluster;sblr=none;engine_api=none;diagnostic=NEO4J.AUTHORITY.CLUSTER_CONTROL_RESERVED,project/src/parsers/compatibility/neo4j/neo4j_dialect.cpp#kPatterns:neo4j.admin.show_servers,NORMALIZE_CLUSTER,parser remap lead
project/src/parsers/compatibility/neo4j,neo4j.admin.enable_server,kPolicyRefusal;match=ENABLE SERVER;mapping=neo4j.policy.cluster;sblr=none;engine_api=none;diagnostic=NEO4J.AUTHORITY.CLUSTER_CONTROL_RESERVED,project/src/parsers/compatibility/neo4j/neo4j_dialect.cpp#kPatterns:neo4j.admin.enable_server,NORMALIZE_CLUSTER,parser remap lead
project/src/parsers/compatibility/neo4j,neo4j.admin.reallocate_databases,kPolicyRefusal;match=REALLOCATE DATABASES;mapping=neo4j.policy.cluster;sblr=none;engine_api=none;diagnostic=NEO4J.AUTHORITY.CLUSTER_CONTROL_RESERVED,project/src/parsers/compatibility/neo4j/neo4j_dialect.cpp#kPatterns:neo4j.admin.reallocate_databases,NORMALIZE_CLUSTER,parser remap lead
project/src/parsers/compatibility/neo4j,neo4j.query.match,kAdmittedSblr;match=MATCH;mapping=neo4j.query.match;sblr=SBLR_COMPAT_NEO4J_MATCH;engine_api=EngineGraphMatch;diagnostic=none,project/src/parsers/compatibility/neo4j/neo4j_dialect.cpp#kPatterns:neo4j.query.match,PARSER_REMAP_ONLY,parser remap lead
project/src/parsers/compatibility/neo4j,neo4j.query.return,kAdmittedSblr;match=RETURN;mapping=neo4j.query.return;sblr=SBLR_COMPAT_NEO4J_RETURN;engine_api=EngineGraphReturn;diagnostic=none,project/src/parsers/compatibility/neo4j/neo4j_dialect.cpp#kPatterns:neo4j.query.return,PARSER_REMAP_ONLY,parser remap lead
project/src/parsers/compatibility/neo4j,neo4j.schema.constraint.create,kParserSupportUdr;match=CREATE CONSTRAINT;mapping=neo4j.udr.constraint.create;sblr=SBLR_COMPAT_NEO4J_SCHEMA_ROUTE;engine_api=ParserSupportSchemaRoute;diagnostic=NEO4J.EMULATION.SCHEMA_ROUTE,project/src/parsers/compatibility/neo4j/neo4j_dialect.cpp#kPatterns:neo4j.schema.constraint.create,IMPLEMENT_NONCLUSTER,parser remap lead
project/src/parsers/compatibility/neo4j,neo4j.schema.constraint.drop,kParserSupportUdr;match=DROP CONSTRAINT;mapping=neo4j.udr.constraint.drop;sblr=SBLR_COMPAT_NEO4J_SCHEMA_ROUTE;engine_api=ParserSupportSchemaRoute;diagnostic=NEO4J.EMULATION.SCHEMA_ROUTE,project/src/parsers/compatibility/neo4j/neo4j_dialect.cpp#kPatterns:neo4j.schema.constraint.drop,IMPLEMENT_NONCLUSTER,parser remap lead
project/src/parsers/compatibility/neo4j,neo4j.schema.index.create,kParserSupportUdr;match=CREATE INDEX;mapping=neo4j.udr.index.create;sblr=SBLR_COMPAT_NEO4J_INDEX_ROUTE;engine_api=ParserSupportIndexRoute;diagnostic=NEO4J.EMULATION.INDEX_ROUTE,project/src/parsers/compatibility/neo4j/neo4j_dialect.cpp#kPatterns:neo4j.schema.index.create,IMPLEMENT_NONCLUSTER,parser remap lead
project/src/parsers/compatibility/neo4j,neo4j.schema.index.drop,kParserSupportUdr;match=DROP INDEX;mapping=neo4j.udr.index.drop;sblr=SBLR_COMPAT_NEO4J_INDEX_ROUTE;engine_api=ParserSupportIndexRoute;diagnostic=NEO4J.EMULATION.INDEX_ROUTE,project/src/parsers/compatibility/neo4j/neo4j_dialect.cpp#kPatterns:neo4j.schema.index.drop,IMPLEMENT_NONCLUSTER,parser remap lead
project/src/parsers/compatibility/neo4j,neo4j.security.create_user,kParserSupportUdr;match=CREATE USER;mapping=neo4j.udr.security.create_user;sblr=SBLR_COMPAT_NEO4J_SECURITY_ROUTE;engine_api=ParserSupportSecurityRoute;diagnostic=NEO4J.EMULATION.SECURITY_ROUTE,project/src/parsers/compatibility/neo4j/neo4j_dialect.cpp#kPatterns:neo4j.security.create_user,IMPLEMENT_NONCLUSTER,parser remap lead
project/src/parsers/compatibility/neo4j,neo4j.security.create_role,kParserSupportUdr;match=CREATE ROLE;mapping=neo4j.udr.security.create_role;sblr=SBLR_COMPAT_NEO4J_SECURITY_ROUTE;engine_api=ParserSupportSecurityRoute;diagnostic=NEO4J.EMULATION.SECURITY_ROUTE,project/src/parsers/compatibility/neo4j/neo4j_dialect.cpp#kPatterns:neo4j.security.create_role,IMPLEMENT_NONCLUSTER,parser remap lead
project/src/parsers/compatibility/neo4j,neo4j.security.grant,kParserSupportUdr;match=GRANT;mapping=neo4j.udr.security.grant;sblr=SBLR_COMPAT_NEO4J_SECURITY_ROUTE;engine_api=ParserSupportSecurityRoute;diagnostic=NEO4J.EMULATION.SECURITY_ROUTE,project/src/parsers/compatibility/neo4j/neo4j_dialect.cpp#kPatterns:neo4j.security.grant,IMPLEMENT_NONCLUSTER,parser remap lead
project/src/parsers/compatibility/neo4j,neo4j.security.revoke,kParserSupportUdr;match=REVOKE;mapping=neo4j.udr.security.revoke;sblr=SBLR_COMPAT_NEO4J_SECURITY_ROUTE;engine_api=ParserSupportSecurityRoute;diagnostic=NEO4J.EMULATION.SECURITY_ROUTE,project/src/parsers/compatibility/neo4j/neo4j_dialect.cpp#kPatterns:neo4j.security.revoke,IMPLEMENT_NONCLUSTER,parser remap lead
project/src/parsers/compatibility/neo4j,neo4j.procedure.call,kParserSupportUdr;match=CALL;mapping=neo4j.udr.procedure.call;sblr=SBLR_COMPAT_NEO4J_PROCEDURE_ROUTE;engine_api=ParserSupportProcedureRoute;diagnostic=NEO4J.EMULATION.PROCEDURE_ROUTE,project/src/parsers/compatibility/neo4j/neo4j_dialect.cpp#kPatterns:neo4j.procedure.call,IMPLEMENT_NONCLUSTER,parser remap lead
project/src/parsers/compatibility/neo4j,neo4j.client_file.load_csv,kParserSupportUdr;match=LOAD CSV;mapping=neo4j.udr.load_csv;sblr=SBLR_COMPAT_NEO4J_CLIENT_FILE_ROUTE;engine_api=ParserSupportClientFileRoute;diagnostic=NEO4J.EMULATION.CLIENT_FILE_ROUTE,project/src/parsers/compatibility/neo4j/neo4j_dialect.cpp#kPatterns:neo4j.client_file.load_csv,IMPLEMENT_NONCLUSTER,parser remap lead
project/src/parsers/compatibility/neo4j,neo4j.graph.merge,kAdmittedSblr;match=MERGE;mapping=neo4j.graph.merge;sblr=SBLR_COMPAT_NEO4J_MERGE;engine_api=EngineGraphMerge;diagnostic=none,project/src/parsers/compatibility/neo4j/neo4j_dialect.cpp#kPatterns:neo4j.graph.merge,PARSER_REMAP_ONLY,parser remap lead
project/src/parsers/compatibility/neo4j,neo4j.graph.create,kAdmittedSblr;match=CREATE;mapping=neo4j.graph.create;sblr=SBLR_COMPAT_NEO4J_CREATE;engine_api=EngineGraphCreate;diagnostic=none,project/src/parsers/compatibility/neo4j/neo4j_dialect.cpp#kPatterns:neo4j.graph.create,PARSER_REMAP_ONLY,parser remap lead
project/src/parsers/compatibility/neo4j,neo4j.graph.detach_delete,kAdmittedSblr;match=DETACH DELETE;mapping=neo4j.graph.delete;sblr=SBLR_COMPAT_NEO4J_DELETE;engine_api=EngineGraphDelete;diagnostic=none,project/src/parsers/compatibility/neo4j/neo4j_dialect.cpp#kPatterns:neo4j.graph.detach_delete,PARSER_REMAP_ONLY,parser remap lead
project/src/parsers/compatibility/neo4j,neo4j.graph.delete,kAdmittedSblr;match=DELETE;mapping=neo4j.graph.delete;sblr=SBLR_COMPAT_NEO4J_DELETE;engine_api=EngineGraphDelete;diagnostic=none,project/src/parsers/compatibility/neo4j/neo4j_dialect.cpp#kPatterns:neo4j.graph.delete,PARSER_REMAP_ONLY,parser remap lead
project/src/parsers/compatibility/neo4j,neo4j.graph.set,kAdmittedSblr;match=SET;mapping=neo4j.graph.set;sblr=SBLR_COMPAT_NEO4J_SET;engine_api=EngineGraphSet;diagnostic=none,project/src/parsers/compatibility/neo4j/neo4j_dialect.cpp#kPatterns:neo4j.graph.set,PARSER_REMAP_ONLY,parser remap lead
project/src/parsers/compatibility/neo4j,neo4j.graph.remove,kAdmittedSblr;match=REMOVE;mapping=neo4j.graph.remove;sblr=SBLR_COMPAT_NEO4J_REMOVE;engine_api=EngineGraphRemove;diagnostic=none,project/src/parsers/compatibility/neo4j/neo4j_dialect.cpp#kPatterns:neo4j.graph.remove,PARSER_REMAP_ONLY,parser remap lead
project/src/parsers/compatibility/neo4j,neo4j.query.unwind,kAdmittedSblr;match=UNWIND;mapping=neo4j.query.unwind;sblr=SBLR_COMPAT_NEO4J_UNWIND;engine_api=EngineGraphUnwind;diagnostic=none,project/src/parsers/compatibility/neo4j/neo4j_dialect.cpp#kPatterns:neo4j.query.unwind,PARSER_REMAP_ONLY,parser remap lead
project/src/parsers/compatibility/neo4j,neo4j.catalog.show,kCatalogProjection;match=SHOW;mapping=neo4j.catalog.show;sblr=SBLR_COMPAT_NEO4J_CATALOG_PROJECT;engine_api=EngineCatalogProjection;diagnostic=none,project/src/parsers/compatibility/neo4j/neo4j_dialect.cpp#kPatterns:neo4j.catalog.show,PARSER_REMAP_ONLY,parser remap lead
project/src/parsers/compatibility/neo4j,neo4j.session.use,kAdmittedSblr;match=USE;mapping=neo4j.session.use;sblr=SBLR_COMPAT_NEO4J_SESSION_ROUTE;engine_api=EngineSessionRoute;diagnostic=none,project/src/parsers/compatibility/neo4j/neo4j_dialect.cpp#kPatterns:neo4j.session.use,PARSER_REMAP_ONLY,parser remap lead
project/src/parsers/compatibility/neo4j,neo4j.transaction.begin,kAdmittedSblr;match=BEGIN;mapping=neo4j.transaction.begin;sblr=SBLR_TRANSACTION_BEGIN;engine_api=EngineTransactionBegin;diagnostic=none,project/src/parsers/compatibility/neo4j/neo4j_dialect.cpp#kPatterns:neo4j.transaction.begin,PARSER_REMAP_ONLY,parser remap lead
project/src/parsers/compatibility/neo4j,neo4j.transaction.commit,kAdmittedSblr;match=COMMIT;mapping=neo4j.transaction.commit;sblr=SBLR_TRANSACTION_COMMIT;engine_api=EngineTransactionCommit;diagnostic=none,project/src/parsers/compatibility/neo4j/neo4j_dialect.cpp#kPatterns:neo4j.transaction.commit,PARSER_REMAP_ONLY,parser remap lead
project/src/parsers/compatibility/neo4j,neo4j.transaction.rollback,kAdmittedSblr;match=ROLLBACK;mapping=neo4j.transaction.rollback;sblr=SBLR_TRANSACTION_ROLLBACK;engine_api=EngineTransactionRollback;diagnostic=none,project/src/parsers/compatibility/neo4j/neo4j_dialect.cpp#kPatterns:neo4j.transaction.rollback,PARSER_REMAP_ONLY,parser remap lead
project/src/parsers/compatibility/neo4j,datatype_surface:graph,descriptor;surface=NODE;RELATIONSHIP;PATH,project/src/parsers/compatibility/neo4j/neo4j_dialect.cpp#kDatatypeSurfaces:graph,DOCUMENTATION_ONLY,inventory classification lead
project/src/parsers/compatibility/neo4j,datatype_surface:scalar,descriptor;surface=BOOLEAN;INTEGER;FLOAT;STRING,project/src/parsers/compatibility/neo4j/neo4j_dialect.cpp#kDatatypeSurfaces:scalar,DOCUMENTATION_ONLY,inventory classification lead
project/src/parsers/compatibility/neo4j,datatype_surface:temporal,descriptor;surface=DATE;TIME;LOCALTIME;DATETIME;DURATION,project/src/parsers/compatibility/neo4j/neo4j_dialect.cpp#kDatatypeSurfaces:temporal,DOCUMENTATION_ONLY,inventory classification lead
project/src/parsers/compatibility/neo4j,datatype_surface:spatial,parser_support_udr;surface=POINT,project/src/parsers/compatibility/neo4j/neo4j_dialect.cpp#kDatatypeSurfaces:spatial,IMPLEMENT_NONCLUSTER,inventory classification lead
project/src/parsers/compatibility/neo4j,datatype_surface:collection,parser_support_udr;surface=LIST;MAP,project/src/parsers/compatibility/neo4j/neo4j_dialect.cpp#kDatatypeSurfaces:collection,IMPLEMENT_NONCLUSTER,inventory classification lead
project/src/parsers/compatibility/neo4j,datatype_surface:null,descriptor;surface=NULL,project/src/parsers/compatibility/neo4j/neo4j_dialect.cpp#kDatatypeSurfaces:null,DOCUMENTATION_ONLY,inventory classification lead
project/src/parsers/compatibility/neo4j,builtin_function_surface:predicate,sblr;surface=EXISTS;IS EMPTY;IS NULL,project/src/parsers/compatibility/neo4j/neo4j_dialect.cpp#kBuiltinSurfaces:predicate,PARSER_REMAP_ONLY,inventory classification lead
project/src/parsers/compatibility/neo4j,builtin_function_surface:aggregate,sblr;surface=COUNT;COLLECT;AVG;SUM;MIN;MAX,project/src/parsers/compatibility/neo4j/neo4j_dialect.cpp#kBuiltinSurfaces:aggregate,PARSER_REMAP_ONLY,inventory classification lead
project/src/parsers/compatibility/neo4j,builtin_function_surface:graph,parser_support_udr;surface=SHORTESTPATH;ALLSHORTESTPATHS,project/src/parsers/compatibility/neo4j/neo4j_dialect.cpp#kBuiltinSurfaces:graph,IMPLEMENT_NONCLUSTER,inventory classification lead
project/src/parsers/compatibility/neo4j,builtin_function_surface:string,sblr;surface=TOSTRING;SUBSTRING;REPLACE;SPLIT,project/src/parsers/compatibility/neo4j/neo4j_dialect.cpp#kBuiltinSurfaces:string,PARSER_REMAP_ONLY,inventory classification lead
project/src/parsers/compatibility/neo4j,builtin_function_surface:temporal,parser_support_udr;surface=DATE;TIME;DATETIME;DURATION,project/src/parsers/compatibility/neo4j/neo4j_dialect.cpp#kBuiltinSurfaces:temporal,IMPLEMENT_NONCLUSTER,inventory classification lead
project/src/parsers/compatibility/neo4j,builtin_function_surface:spatial,parser_support_udr;surface=POINT;DISTANCE,project/src/parsers/compatibility/neo4j/neo4j_dialect.cpp#kBuiltinSurfaces:spatial,IMPLEMENT_NONCLUSTER,inventory classification lead
project/src/parsers/compatibility/neo4j,builtin_function_surface:list,sblr;surface=HEAD;LAST;SIZE;RANGE,project/src/parsers/compatibility/neo4j/neo4j_dialect.cpp#kBuiltinSurfaces:list,PARSER_REMAP_ONLY,inventory classification lead
project/src/parsers/compatibility/neo4j,builtin_function_surface:procedure,parser_support_udr;surface=CALL;YIELD,project/src/parsers/compatibility/neo4j/neo4j_dialect.cpp#kBuiltinSurfaces:procedure,IMPLEMENT_NONCLUSTER,inventory classification lead
project/src/parsers/compatibility/neo4j,catalog_overlay_surface:system_graph,catalog_projection;surface=NEO4J_SYSTEM_GRAPH,project/src/parsers/compatibility/neo4j/neo4j_dialect.cpp#kCatalogSurfaces:system_graph,PARSER_REMAP_ONLY,inventory classification lead
project/src/parsers/compatibility/neo4j,catalog_overlay_surface:labels,catalog_projection;surface=NEO4J_LABELS,project/src/parsers/compatibility/neo4j/neo4j_dialect.cpp#kCatalogSurfaces:labels,PARSER_REMAP_ONLY,inventory classification lead
project/src/parsers/compatibility/neo4j,catalog_overlay_surface:relationship_types,catalog_projection;surface=NEO4J_RELATIONSHIP_TYPES,project/src/parsers/compatibility/neo4j/neo4j_dialect.cpp#kCatalogSurfaces:relationship_types,PARSER_REMAP_ONLY,inventory classification lead
project/src/parsers/compatibility/neo4j,catalog_overlay_surface:property_keys,catalog_projection;surface=NEO4J_PROPERTY_KEYS,project/src/parsers/compatibility/neo4j/neo4j_dialect.cpp#kCatalogSurfaces:property_keys,PARSER_REMAP_ONLY,inventory classification lead
project/src/parsers/compatibility/neo4j,catalog_overlay_surface:indexes,catalog_projection;surface=NEO4J_INDEXES,project/src/parsers/compatibility/neo4j/neo4j_dialect.cpp#kCatalogSurfaces:indexes,PARSER_REMAP_ONLY,inventory classification lead
project/src/parsers/compatibility/neo4j,catalog_overlay_surface:constraints,catalog_projection;surface=NEO4J_CONSTRAINTS,project/src/parsers/compatibility/neo4j/neo4j_dialect.cpp#kCatalogSurfaces:constraints,PARSER_REMAP_ONLY,inventory classification lead
project/src/parsers/compatibility/neo4j,catalog_overlay_surface:users,catalog_projection;surface=NEO4J_USERS,project/src/parsers/compatibility/neo4j/neo4j_dialect.cpp#kCatalogSurfaces:users,PARSER_REMAP_ONLY,inventory classification lead
project/src/parsers/compatibility/neo4j,catalog_overlay_surface:roles,catalog_projection;surface=NEO4J_ROLES,project/src/parsers/compatibility/neo4j/neo4j_dialect.cpp#kCatalogSurfaces:roles,PARSER_REMAP_ONLY,inventory classification lead
project/src/parsers/compatibility/neo4j,catalog_overlay_surface:procedures,catalog_projection;surface=NEO4J_PROCEDURES,project/src/parsers/compatibility/neo4j/neo4j_dialect.cpp#kCatalogSurfaces:procedures,PARSER_REMAP_ONLY,inventory classification lead
project/src/parsers/compatibility/neo4j,diagnostic_surface:parse,parser;surface=NEO4J.PARSE.INVALID_INPUT;NEO4J.PARSE.UNSUPPORTED_SURFACE,project/src/parsers/compatibility/neo4j/neo4j_dialect.cpp#kDiagnosticSurfaces:parse,PARSER_REMAP_ONLY,inventory classification lead
project/src/parsers/compatibility/neo4j,diagnostic_surface:policy,fail_closed;surface=NEO4J.AUTHORITY.*,project/src/parsers/compatibility/neo4j/neo4j_dialect.cpp#kDiagnosticSurfaces:policy,ARCHITECTURE_REFUSAL,inventory classification lead
project/src/parsers/compatibility/neo4j,diagnostic_surface:udr,parser_support_udr;surface=NEO4J.EMULATION.*,project/src/parsers/compatibility/neo4j/neo4j_dialect.cpp#kDiagnosticSurfaces:udr,IMPLEMENT_NONCLUSTER,inventory classification lead
project/src/parsers/compatibility/neo4j,diagnostic_surface:catalog,catalog_projection;surface=NEO4J.CATALOG_OVERLAY.READ_ONLY,project/src/parsers/compatibility/neo4j/neo4j_dialect.cpp#kDiagnosticSurfaces:catalog,PARSER_REMAP_ONLY,inventory classification lead
project/src/parsers/compatibility/neo4j,diagnostic_surface:session,sblr;surface=NEO4J.SESSION.*,project/src/parsers/compatibility/neo4j/neo4j_dialect.cpp#kDiagnosticSurfaces:session,PARSER_REMAP_ONLY,inventory classification lead
project/src/parsers/compatibility/neo4j,diagnostic_surface:transaction,sblr;surface=NEO4J.TRANSACTION.*,project/src/parsers/compatibility/neo4j/neo4j_dialect.cpp#kDiagnosticSurfaces:transaction,PARSER_REMAP_ONLY,inventory classification lead
project/src/parsers/compatibility/neo4j,diagnostic_surface:file_effects,authority_invariant;surface=real_compatibility_file_effects=false,project/src/parsers/compatibility/neo4j/neo4j_dialect.cpp#kDiagnosticSurfaces:file_effects,DOCUMENTATION_ONLY,inventory classification lead
project/src/parsers/compatibility/neo4j,diagnostic_surface:compatibility_execution,authority_invariant;surface=compatibility_engine_sql_executed=false,project/src/parsers/compatibility/neo4j/neo4j_dialect.cpp#kDiagnosticSurfaces:compatibility_execution,DOCUMENTATION_ONLY,inventory classification lead
project/src/parsers/compatibility/neo4j,diagnostic_surface:mga,authority_invariant;surface=parser_transaction_finality_authority=false,project/src/parsers/compatibility/neo4j/neo4j_dialect.cpp#kDiagnosticSurfaces:mga,DOCUMENTATION_ONLY,inventory classification lead
project/src/parsers/compatibility/neo4j,diagnostic_surface:support_bundle,diagnostic_redaction;surface=source_text_redacted=true,project/src/parsers/compatibility/neo4j/neo4j_dialect.cpp#kDiagnosticSurfaces:support_bundle,DOCUMENTATION_ONLY,inventory classification lead
project/src/parsers/compatibility/neo4j,source_marker:unsupported,source_marker_requires_review,project/src/parsers/compatibility/neo4j/neo4j_dialect.cpp#marker:unsupported,ARCHITECTURE_REFUSAL,inventory classification lead
project/src/parsers/compatibility/opensearch,opensearch.admin.cluster_health,kPolicyRefusal;match=GET /_CLUSTER;mapping=opensearch.policy.cluster;sblr=none;engine_api=none;diagnostic=OPENSEARCH.AUTHORITY.CLUSTER_CONTROL_RESERVED,project/src/parsers/compatibility/opensearch/opensearch_dialect.cpp#kPatterns:opensearch.admin.cluster_health,NORMALIZE_CLUSTER,parser remap lead
project/src/parsers/compatibility/opensearch,opensearch.admin.cluster_update,kPolicyRefusal;match=POST /_CLUSTER;mapping=opensearch.policy.cluster;sblr=none;engine_api=none;diagnostic=OPENSEARCH.AUTHORITY.CLUSTER_CONTROL_RESERVED,project/src/parsers/compatibility/opensearch/opensearch_dialect.cpp#kPatterns:opensearch.admin.cluster_update,NORMALIZE_CLUSTER,parser remap lead
project/src/parsers/compatibility/opensearch,opensearch.admin.nodes,kPolicyRefusal;match=GET /_NODES;mapping=opensearch.policy.nodes;sblr=none;engine_api=none;diagnostic=OPENSEARCH.AUTHORITY.CLUSTER_CONTROL_RESERVED,project/src/parsers/compatibility/opensearch/opensearch_dialect.cpp#kPatterns:opensearch.admin.nodes,NORMALIZE_CLUSTER,parser remap lead
project/src/parsers/compatibility/opensearch,opensearch.search.query,kAdmittedSblr;match=_SEARCH;mapping=opensearch.search.query;sblr=SBLR_COMPAT_OPENSEARCH_SEARCH_ROUTE;engine_api=EngineSearchRoute;diagnostic=none,project/src/parsers/compatibility/opensearch/opensearch_dialect.cpp#kPatterns:opensearch.search.query,PARSER_REMAP_ONLY,parser remap lead
project/src/parsers/compatibility/opensearch,opensearch.search.multi,kParserSupportUdr;match=_MSEARCH;mapping=opensearch.udr.msearch;sblr=SBLR_COMPAT_OPENSEARCH_MULTI_SEARCH_ROUTE;engine_api=ParserSupportMultiSearchRoute;diagnostic=OPENSEARCH.EMULATION.MULTI_SEARCH_ROUTE,project/src/parsers/compatibility/opensearch/opensearch_dialect.cpp#kPatterns:opensearch.search.multi,IMPLEMENT_NONCLUSTER,parser remap lead
project/src/parsers/compatibility/opensearch,opensearch.bulk.write,kParserSupportUdr;match=_BULK;mapping=opensearch.udr.bulk;sblr=SBLR_COMPAT_OPENSEARCH_BULK_ROUTE;engine_api=ParserSupportBulkRoute;diagnostic=OPENSEARCH.EMULATION.BULK_ROUTE,project/src/parsers/compatibility/opensearch/opensearch_dialect.cpp#kPatterns:opensearch.bulk.write,IMPLEMENT_NONCLUSTER,parser remap lead
project/src/parsers/compatibility/opensearch,opensearch.document.multi_get,kAdmittedSblr;match=_MGET;mapping=opensearch.document.multi_get;sblr=SBLR_COMPAT_OPENSEARCH_MULTI_GET_ROUTE;engine_api=EngineDocumentMultiGet;diagnostic=none,project/src/parsers/compatibility/opensearch/opensearch_dialect.cpp#kPatterns:opensearch.document.multi_get,PARSER_REMAP_ONLY,parser remap lead
project/src/parsers/compatibility/opensearch,opensearch.index.create,kAdmittedSblr;match=PUT;mapping=opensearch.index.create;sblr=SBLR_COMPAT_OPENSEARCH_INDEX_ROUTE;engine_api=EngineIndexLifecycleRoute;diagnostic=none,project/src/parsers/compatibility/opensearch/opensearch_dialect.cpp#kPatterns:opensearch.index.create,PARSER_REMAP_ONLY,parser remap lead
project/src/parsers/compatibility/opensearch,opensearch.document.write,kAdmittedSblr;match=POST;mapping=opensearch.document.write;sblr=SBLR_COMPAT_OPENSEARCH_DOCUMENT_ROUTE;engine_api=EngineDocumentWrite;diagnostic=none,project/src/parsers/compatibility/opensearch/opensearch_dialect.cpp#kPatterns:opensearch.document.write,PARSER_REMAP_ONLY,parser remap lead
project/src/parsers/compatibility/opensearch,opensearch.document.delete,kAdmittedSblr;match=DELETE;mapping=opensearch.document.delete;sblr=SBLR_COMPAT_OPENSEARCH_DELETE_ROUTE;engine_api=EngineDocumentDelete;diagnostic=none,project/src/parsers/compatibility/opensearch/opensearch_dialect.cpp#kPatterns:opensearch.document.delete,PARSER_REMAP_ONLY,parser remap lead
project/src/parsers/compatibility/opensearch,opensearch.catalog.mapping,kCatalogProjection;match=_MAPPING;mapping=opensearch.catalog.mapping;sblr=SBLR_COMPAT_OPENSEARCH_CATALOG_PROJECT;engine_api=EngineCatalogProjection;diagnostic=none,project/src/parsers/compatibility/opensearch/opensearch_dialect.cpp#kPatterns:opensearch.catalog.mapping,PARSER_REMAP_ONLY,parser remap lead
project/src/parsers/compatibility/opensearch,opensearch.catalog.aliases,kParserSupportUdr;match=_ALIASES;mapping=opensearch.udr.aliases;sblr=SBLR_COMPAT_OPENSEARCH_ALIAS_ROUTE;engine_api=ParserSupportAliasRoute;diagnostic=OPENSEARCH.EMULATION.ALIAS_ROUTE,project/src/parsers/compatibility/opensearch/opensearch_dialect.cpp#kPatterns:opensearch.catalog.aliases,IMPLEMENT_NONCLUSTER,parser remap lead
project/src/parsers/compatibility/opensearch,opensearch.ingest.pipeline,kParserSupportUdr;match=_INGEST/PIPELINE;mapping=opensearch.udr.pipeline;sblr=SBLR_COMPAT_OPENSEARCH_PIPELINE_ROUTE;engine_api=ParserSupportPipelineRoute;diagnostic=OPENSEARCH.EMULATION.PIPELINE_ROUTE,project/src/parsers/compatibility/opensearch/opensearch_dialect.cpp#kPatterns:opensearch.ingest.pipeline,IMPLEMENT_NONCLUSTER,parser remap lead
project/src/parsers/compatibility/opensearch,opensearch.security.route,kParserSupportUdr;match=_SECURITY;mapping=opensearch.udr.security;sblr=SBLR_COMPAT_OPENSEARCH_SECURITY_ROUTE;engine_api=ParserSupportSecurityRoute;diagnostic=OPENSEARCH.EMULATION.SECURITY_ROUTE,project/src/parsers/compatibility/opensearch/opensearch_dialect.cpp#kPatterns:opensearch.security.route,IMPLEMENT_NONCLUSTER,parser remap lead
project/src/parsers/compatibility/opensearch,opensearch.catalog.cat,kCatalogProjection;match=_CAT;mapping=opensearch.catalog.cat;sblr=SBLR_COMPAT_OPENSEARCH_CATALOG_PROJECT;engine_api=EngineCatalogProjection;diagnostic=none,project/src/parsers/compatibility/opensearch/opensearch_dialect.cpp#kPatterns:opensearch.catalog.cat,PARSER_REMAP_ONLY,parser remap lead
project/src/parsers/compatibility/opensearch,datatype_surface:scalar,descriptor;surface=BOOLEAN;BYTE;SHORT;INTEGER;LONG;FLOAT;DOUBLE;KEYWORD;TEXT,project/src/parsers/compatibility/opensearch/opensearch_dialect.cpp#kDatatypeSurfaces:scalar,DOCUMENTATION_ONLY,inventory classification lead
project/src/parsers/compatibility/opensearch,datatype_surface:binary,descriptor;surface=BINARY,project/src/parsers/compatibility/opensearch/opensearch_dialect.cpp#kDatatypeSurfaces:binary,DOCUMENTATION_ONLY,inventory classification lead
project/src/parsers/compatibility/opensearch,datatype_surface:temporal,descriptor;surface=DATE;DATE_NANOS,project/src/parsers/compatibility/opensearch/opensearch_dialect.cpp#kDatatypeSurfaces:temporal,DOCUMENTATION_ONLY,inventory classification lead
project/src/parsers/compatibility/opensearch,datatype_surface:geo,parser_support_udr;surface=GEO_POINT;GEO_SHAPE,project/src/parsers/compatibility/opensearch/opensearch_dialect.cpp#kDatatypeSurfaces:geo,IMPLEMENT_NONCLUSTER,inventory classification lead
project/src/parsers/compatibility/opensearch,datatype_surface:range,parser_support_udr;surface=INTEGER_RANGE;LONG_RANGE;DATE_RANGE,project/src/parsers/compatibility/opensearch/opensearch_dialect.cpp#kDatatypeSurfaces:range,IMPLEMENT_NONCLUSTER,inventory classification lead
project/src/parsers/compatibility/opensearch,datatype_surface:object,parser_support_udr;surface=OBJECT;NESTED;FLATTENED,project/src/parsers/compatibility/opensearch/opensearch_dialect.cpp#kDatatypeSurfaces:object,IMPLEMENT_NONCLUSTER,inventory classification lead
project/src/parsers/compatibility/opensearch,datatype_surface:rank,parser_support_udr;surface=RANK_FEATURE;RANK_FEATURES,project/src/parsers/compatibility/opensearch/opensearch_dialect.cpp#kDatatypeSurfaces:rank,IMPLEMENT_NONCLUSTER,inventory classification lead
project/src/parsers/compatibility/opensearch,datatype_surface:vector,parser_support_udr;surface=KNN_VECTOR;VECTOR,project/src/parsers/compatibility/opensearch/opensearch_dialect.cpp#kDatatypeSurfaces:vector,IMPLEMENT_NONCLUSTER,inventory classification lead
project/src/parsers/compatibility/opensearch,builtin_function_surface:query,sblr;surface=MATCH;TERM;RANGE;BOOL;FILTER,project/src/parsers/compatibility/opensearch/opensearch_dialect.cpp#kBuiltinSurfaces:query,PARSER_REMAP_ONLY,inventory classification lead
project/src/parsers/compatibility/opensearch,builtin_function_surface:aggregation,sblr;surface=TERMS;AVG;SUM;MIN;MAX;CARDINALITY,project/src/parsers/compatibility/opensearch/opensearch_dialect.cpp#kBuiltinSurfaces:aggregation,PARSER_REMAP_ONLY,inventory classification lead
project/src/parsers/compatibility/opensearch,builtin_function_surface:script,parser_support_udr;surface=PAINLESS;SCRIPT_SCORE,project/src/parsers/compatibility/opensearch/opensearch_dialect.cpp#kBuiltinSurfaces:script,IMPLEMENT_NONCLUSTER,inventory classification lead
project/src/parsers/compatibility/opensearch,builtin_function_surface:geo,parser_support_udr;surface=GEO_DISTANCE;GEO_BOUNDING_BOX,project/src/parsers/compatibility/opensearch/opensearch_dialect.cpp#kBuiltinSurfaces:geo,IMPLEMENT_NONCLUSTER,inventory classification lead
project/src/parsers/compatibility/opensearch,builtin_function_surface:highlight,parser_support_udr;surface=HIGHLIGHT;INNER_HITS,project/src/parsers/compatibility/opensearch/opensearch_dialect.cpp#kBuiltinSurfaces:highlight,IMPLEMENT_NONCLUSTER,inventory classification lead
project/src/parsers/compatibility/opensearch,builtin_function_surface:sort,sblr;surface=SORT;SEARCH_AFTER;POINT_IN_TIME,project/src/parsers/compatibility/opensearch/opensearch_dialect.cpp#kBuiltinSurfaces:sort,PARSER_REMAP_ONLY,inventory classification lead
project/src/parsers/compatibility/opensearch,builtin_function_surface:analyzer,parser_support_udr;surface=ANALYZER;TOKENIZER;NORMALIZER,project/src/parsers/compatibility/opensearch/opensearch_dialect.cpp#kBuiltinSurfaces:analyzer,IMPLEMENT_NONCLUSTER,inventory classification lead
project/src/parsers/compatibility/opensearch,builtin_function_surface:security,parser_support_udr;surface=USER;ROLE;PERMISSION,project/src/parsers/compatibility/opensearch/opensearch_dialect.cpp#kBuiltinSurfaces:security,IMPLEMENT_NONCLUSTER,inventory classification lead
project/src/parsers/compatibility/opensearch,catalog_overlay_surface:indices,catalog_projection;surface=OPENSEARCH_INDICES,project/src/parsers/compatibility/opensearch/opensearch_dialect.cpp#kCatalogSurfaces:indices,PARSER_REMAP_ONLY,inventory classification lead
project/src/parsers/compatibility/opensearch,catalog_overlay_surface:mappings,catalog_projection;surface=OPENSEARCH_MAPPINGS,project/src/parsers/compatibility/opensearch/opensearch_dialect.cpp#kCatalogSurfaces:mappings,PARSER_REMAP_ONLY,inventory classification lead
project/src/parsers/compatibility/opensearch,catalog_overlay_surface:aliases,catalog_projection;surface=OPENSEARCH_ALIASES,project/src/parsers/compatibility/opensearch/opensearch_dialect.cpp#kCatalogSurfaces:aliases,PARSER_REMAP_ONLY,inventory classification lead
project/src/parsers/compatibility/opensearch,catalog_overlay_surface:templates,catalog_projection;surface=OPENSEARCH_TEMPLATES,project/src/parsers/compatibility/opensearch/opensearch_dialect.cpp#kCatalogSurfaces:templates,PARSER_REMAP_ONLY,inventory classification lead
project/src/parsers/compatibility/opensearch,catalog_overlay_surface:ingest,catalog_projection;surface=OPENSEARCH_PIPELINES,project/src/parsers/compatibility/opensearch/opensearch_dialect.cpp#kCatalogSurfaces:ingest,PARSER_REMAP_ONLY,inventory classification lead
project/src/parsers/compatibility/opensearch,catalog_overlay_surface:security,catalog_projection;surface=OPENSEARCH_SECURITY,project/src/parsers/compatibility/opensearch/opensearch_dialect.cpp#kCatalogSurfaces:security,PARSER_REMAP_ONLY,inventory classification lead
project/src/parsers/compatibility/opensearch,catalog_overlay_surface:cat,catalog_projection;surface=OPENSEARCH_CAT,project/src/parsers/compatibility/opensearch/opensearch_dialect.cpp#kCatalogSurfaces:cat,PARSER_REMAP_ONLY,inventory classification lead
project/src/parsers/compatibility/opensearch,catalog_overlay_surface:tasks,catalog_projection;surface=OPENSEARCH_TASKS,project/src/parsers/compatibility/opensearch/opensearch_dialect.cpp#kCatalogSurfaces:tasks,PARSER_REMAP_ONLY,inventory classification lead
project/src/parsers/compatibility/opensearch,catalog_overlay_surface:snapshots,catalog_projection;surface=OPENSEARCH_SNAPSHOTS,project/src/parsers/compatibility/opensearch/opensearch_dialect.cpp#kCatalogSurfaces:snapshots,PARSER_REMAP_ONLY,inventory classification lead
project/src/parsers/compatibility/opensearch,catalog_overlay_surface:plugins,catalog_projection;surface=OPENSEARCH_PLUGINS,project/src/parsers/compatibility/opensearch/opensearch_dialect.cpp#kCatalogSurfaces:plugins,PARSER_REMAP_ONLY,inventory classification lead
project/src/parsers/compatibility/opensearch,diagnostic_surface:parse,parser;surface=OPENSEARCH.PARSE.INVALID_INPUT;OPENSEARCH.PARSE.UNSUPPORTED_SURFACE,project/src/parsers/compatibility/opensearch/opensearch_dialect.cpp#kDiagnosticSurfaces:parse,PARSER_REMAP_ONLY,inventory classification lead
project/src/parsers/compatibility/opensearch,diagnostic_surface:policy,fail_closed;surface=OPENSEARCH.AUTHORITY.*,project/src/parsers/compatibility/opensearch/opensearch_dialect.cpp#kDiagnosticSurfaces:policy,ARCHITECTURE_REFUSAL,inventory classification lead
project/src/parsers/compatibility/opensearch,diagnostic_surface:udr,parser_support_udr;surface=OPENSEARCH.EMULATION.*,project/src/parsers/compatibility/opensearch/opensearch_dialect.cpp#kDiagnosticSurfaces:udr,IMPLEMENT_NONCLUSTER,inventory classification lead
project/src/parsers/compatibility/opensearch,diagnostic_surface:catalog,catalog_projection;surface=OPENSEARCH.CATALOG_OVERLAY.READ_ONLY,project/src/parsers/compatibility/opensearch/opensearch_dialect.cpp#kDiagnosticSurfaces:catalog,PARSER_REMAP_ONLY,inventory classification lead
project/src/parsers/compatibility/opensearch,diagnostic_surface:session,sblr;surface=OPENSEARCH.SESSION.*,project/src/parsers/compatibility/opensearch/opensearch_dialect.cpp#kDiagnosticSurfaces:session,PARSER_REMAP_ONLY,inventory classification lead
project/src/parsers/compatibility/opensearch,diagnostic_surface:transaction,sblr;surface=OPENSEARCH.TRANSACTION.*,project/src/parsers/compatibility/opensearch/opensearch_dialect.cpp#kDiagnosticSurfaces:transaction,PARSER_REMAP_ONLY,inventory classification lead
project/src/parsers/compatibility/opensearch,diagnostic_surface:file_effects,authority_invariant;surface=real_compatibility_file_effects=false,project/src/parsers/compatibility/opensearch/opensearch_dialect.cpp#kDiagnosticSurfaces:file_effects,DOCUMENTATION_ONLY,inventory classification lead
project/src/parsers/compatibility/opensearch,diagnostic_surface:compatibility_execution,authority_invariant;surface=compatibility_engine_sql_executed=false,project/src/parsers/compatibility/opensearch/opensearch_dialect.cpp#kDiagnosticSurfaces:compatibility_execution,DOCUMENTATION_ONLY,inventory classification lead
project/src/parsers/compatibility/opensearch,diagnostic_surface:mga,authority_invariant;surface=parser_transaction_finality_authority=false,project/src/parsers/compatibility/opensearch/opensearch_dialect.cpp#kDiagnosticSurfaces:mga,DOCUMENTATION_ONLY,inventory classification lead
project/src/parsers/compatibility/opensearch,diagnostic_surface:support_bundle,diagnostic_redaction;surface=source_text_redacted=true,project/src/parsers/compatibility/opensearch/opensearch_dialect.cpp#kDiagnosticSurfaces:support_bundle,DOCUMENTATION_ONLY,inventory classification lead
project/src/parsers/compatibility/opensearch,source_marker:unsupported,source_marker_requires_review,project/src/parsers/compatibility/opensearch/opensearch_dialect.cpp#marker:unsupported,ARCHITECTURE_REFUSAL,inventory classification lead
project/src/parsers/compatibility/opensearch_sql_ppl,opensearch_sql_ppl.cluster.get,kPolicyRefusal;match=GET /_CLUSTER;mapping=opensearch_sql_ppl.policy.cluster_control;sblr=none;engine_api=none;diagnostic=OPENSEARCH_SQL_PPL.AUTHORITY.CLUSTER_CONTROL_RESERVED,project/src/parsers/compatibility/opensearch_sql_ppl/opensearch_sql_ppl_dialect.cpp#kPatterns:opensearch_sql_ppl.cluster.get,NORMALIZE_CLUSTER,parser remap lead
project/src/parsers/compatibility/opensearch_sql_ppl,opensearch_sql_ppl.cluster.post,kPolicyRefusal;match=POST /_CLUSTER;mapping=opensearch_sql_ppl.policy.cluster_control;sblr=none;engine_api=none;diagnostic=OPENSEARCH_SQL_PPL.AUTHORITY.CLUSTER_CONTROL_RESERVED,project/src/parsers/compatibility/opensearch_sql_ppl/opensearch_sql_ppl_dialect.cpp#kPatterns:opensearch_sql_ppl.cluster.post,NORMALIZE_CLUSTER,parser remap lead
project/src/parsers/compatibility/opensearch_sql_ppl,opensearch_sql_ppl.rest.get,kParserSupportUdr;match=GET /_PLUGINS/_SQL||GET /_PLUGINS/_PPL;mapping=opensearch_sql_ppl.udr.rest.get;sblr=SBLR_COMPAT_OPENSEARCH_SQL_PPL_REST_DSL_ROUTE;engine_api=ParserSupportRestDslRoute;diagnostic=OPENSEARCH_SQL_PPL.EMULATION.REST_DSL_ROUTE,project/src/parsers/compatibility/opensearch_sql_ppl/opensearch_sql_ppl_dialect.cpp#kPatterns:opensearch_sql_ppl.rest.get,IMPLEMENT_NONCLUSTER,parser remap lead
project/src/parsers/compatibility/opensearch_sql_ppl,opensearch_sql_ppl.rest.post,kParserSupportUdr;match=POST /_PLUGINS/_SQL||POST /_PLUGINS/_PPL||POST /_OPENDISTRO/_SQL;mapping=opensearch_sql_ppl.udr.rest.post;sblr=SBLR_COMPAT_OPENSEARCH_SQL_PPL_REST_DSL_ROUTE;engine_api=ParserSupportRestDslRoute;diagnostic=OPENSEARCH_SQL_PPL.EMULATION.REST_DSL_ROUTE,project/src/parsers/compatibility/opensearch_sql_ppl/opensearch_sql_ppl_dialect.cpp#kPatterns:opensearch_sql_ppl.rest.post,IMPLEMENT_NONCLUSTER,parser remap lead
project/src/parsers/compatibility/opensearch_sql_ppl,opensearch_sql_ppl.rest.put,kParserSupportUdr;match=PUT /_PLUGINS/_QUERY;mapping=opensearch_sql_ppl.udr.rest.put;sblr=SBLR_COMPAT_OPENSEARCH_SQL_PPL_REST_DSL_ROUTE;engine_api=ParserSupportRestDslRoute;diagnostic=OPENSEARCH_SQL_PPL.EMULATION.REST_DSL_ROUTE,project/src/parsers/compatibility/opensearch_sql_ppl/opensearch_sql_ppl_dialect.cpp#kPatterns:opensearch_sql_ppl.rest.put,IMPLEMENT_NONCLUSTER,parser remap lead
project/src/parsers/compatibility/opensearch_sql_ppl,opensearch_sql_ppl.rest.delete,kParserSupportUdr;match=DELETE /_PLUGINS/_QUERY;mapping=opensearch_sql_ppl.udr.rest.delete;sblr=SBLR_COMPAT_OPENSEARCH_SQL_PPL_REST_DSL_ROUTE;engine_api=ParserSupportRestDslRoute;diagnostic=OPENSEARCH_SQL_PPL.EMULATION.REST_DSL_ROUTE,project/src/parsers/compatibility/opensearch_sql_ppl/opensearch_sql_ppl_dialect.cpp#kPatterns:opensearch_sql_ppl.rest.delete,IMPLEMENT_NONCLUSTER,parser remap lead
project/src/parsers/compatibility/opensearch_sql_ppl,opensearch_sql_ppl.index.drop,kParserSupportUdr;match=DROP INDEX;mapping=opensearch_sql_ppl.udr.index.drop;sblr=SBLR_COMPAT_OPENSEARCH_SQL_PPL_INDEX_ROUTE;engine_api=ParserSupportIndexRoute;diagnostic=OPENSEARCH_SQL_PPL.EMULATION.INDEX_ROUTE,project/src/parsers/compatibility/opensearch_sql_ppl/opensearch_sql_ppl_dialect.cpp#kPatterns:opensearch_sql_ppl.index.drop,IMPLEMENT_NONCLUSTER,parser remap lead
project/src/parsers/compatibility/opensearch_sql_ppl,opensearch_sql_ppl.index.create,kParserSupportUdr;match=CREATE INDEX;mapping=opensearch_sql_ppl.udr.index.create;sblr=SBLR_COMPAT_OPENSEARCH_SQL_PPL_INDEX_ROUTE;engine_api=ParserSupportIndexRoute;diagnostic=OPENSEARCH_SQL_PPL.EMULATION.INDEX_ROUTE,project/src/parsers/compatibility/opensearch_sql_ppl/opensearch_sql_ppl_dialect.cpp#kPatterns:opensearch_sql_ppl.index.create,IMPLEMENT_NONCLUSTER,parser remap lead
project/src/parsers/compatibility/opensearch_sql_ppl,opensearch_sql_ppl.plugin.call,kParserSupportUdr;match=CALL;mapping=opensearch_sql_ppl.udr.plugin.call;sblr=SBLR_COMPAT_OPENSEARCH_SQL_PPL_PLUGIN_ROUTE;engine_api=ParserSupportPluginRoute;diagnostic=OPENSEARCH_SQL_PPL.EMULATION.PLUGIN_ROUTE,project/src/parsers/compatibility/opensearch_sql_ppl/opensearch_sql_ppl_dialect.cpp#kPatterns:opensearch_sql_ppl.plugin.call,IMPLEMENT_NONCLUSTER,parser remap lead
project/src/parsers/compatibility/opensearch_sql_ppl,opensearch_sql_ppl.ml.command,kParserSupportUdr;match=ML ;mapping=opensearch_sql_ppl.udr.ml;sblr=SBLR_COMPAT_OPENSEARCH_SQL_PPL_ML_ROUTE;engine_api=ParserSupportMlRoute;diagnostic=OPENSEARCH_SQL_PPL.EMULATION.ML_ROUTE,project/src/parsers/compatibility/opensearch_sql_ppl/opensearch_sql_ppl_dialect.cpp#kPatterns:opensearch_sql_ppl.ml.command,IMPLEMENT_NONCLUSTER,parser remap lead
project/src/parsers/compatibility/opensearch_sql_ppl,opensearch_sql_ppl.ad.command,kParserSupportUdr;match=AD ;mapping=opensearch_sql_ppl.udr.ad;sblr=SBLR_COMPAT_OPENSEARCH_SQL_PPL_ML_ROUTE;engine_api=ParserSupportMlRoute;diagnostic=OPENSEARCH_SQL_PPL.EMULATION.ML_ROUTE,project/src/parsers/compatibility/opensearch_sql_ppl/opensearch_sql_ppl_dialect.cpp#kPatterns:opensearch_sql_ppl.ad.command,IMPLEMENT_NONCLUSTER,parser remap lead
project/src/parsers/compatibility/opensearch_sql_ppl,opensearch_sql_ppl.ppl.lookup,kParserSupportUdr;match=LOOKUP;mapping=opensearch_sql_ppl.udr.lookup;sblr=SBLR_COMPAT_OPENSEARCH_SQL_PPL_PPL_PIPELINE;engine_api=ParserSupportPplPipelineRoute;diagnostic=OPENSEARCH_SQL_PPL.EMULATION.PPL_PIPELINE_ROUTE,project/src/parsers/compatibility/opensearch_sql_ppl/opensearch_sql_ppl_dialect.cpp#kPatterns:opensearch_sql_ppl.ppl.lookup,IMPLEMENT_NONCLUSTER,parser remap lead
project/src/parsers/compatibility/opensearch_sql_ppl,opensearch_sql_ppl.ppl.join,kParserSupportUdr;match=JOIN;mapping=opensearch_sql_ppl.udr.join;sblr=SBLR_COMPAT_OPENSEARCH_SQL_PPL_PPL_PIPELINE;engine_api=ParserSupportPplPipelineRoute;diagnostic=OPENSEARCH_SQL_PPL.EMULATION.PPL_PIPELINE_ROUTE,project/src/parsers/compatibility/opensearch_sql_ppl/opensearch_sql_ppl_dialect.cpp#kPatterns:opensearch_sql_ppl.ppl.join,IMPLEMENT_NONCLUSTER,parser remap lead
project/src/parsers/compatibility/opensearch_sql_ppl,opensearch_sql_ppl.ppl.stats,kAdmittedSblr;match=STATS;mapping=opensearch_sql_ppl.ppl.stats;sblr=SBLR_COMPAT_OPENSEARCH_SQL_PPL_PPL_STATS;engine_api=EngineAggregatePlan;diagnostic=none,project/src/parsers/compatibility/opensearch_sql_ppl/opensearch_sql_ppl_dialect.cpp#kPatterns:opensearch_sql_ppl.ppl.stats,PARSER_REMAP_ONLY,parser remap lead
project/src/parsers/compatibility/opensearch_sql_ppl,opensearch_sql_ppl.ppl.source,kAdmittedSblr;match=SOURCE;mapping=opensearch_sql_ppl.ppl.source;sblr=SBLR_COMPAT_OPENSEARCH_SQL_PPL_PPL_SOURCE;engine_api=EngineQuerySelect;diagnostic=none,project/src/parsers/compatibility/opensearch_sql_ppl/opensearch_sql_ppl_dialect.cpp#kPatterns:opensearch_sql_ppl.ppl.source,PARSER_REMAP_ONLY,parser remap lead
project/src/parsers/compatibility/opensearch_sql_ppl,opensearch_sql_ppl.ppl.search,kAdmittedSblr;match=SEARCH;mapping=opensearch_sql_ppl.ppl.search;sblr=SBLR_COMPAT_OPENSEARCH_SQL_PPL_PPL_SEARCH;engine_api=EngineQuerySelect;diagnostic=none,project/src/parsers/compatibility/opensearch_sql_ppl/opensearch_sql_ppl_dialect.cpp#kPatterns:opensearch_sql_ppl.ppl.search,PARSER_REMAP_ONLY,parser remap lead
project/src/parsers/compatibility/opensearch_sql_ppl,opensearch_sql_ppl.ppl.where,kAdmittedSblr;match=WHERE;mapping=opensearch_sql_ppl.ppl.where;sblr=SBLR_COMPAT_OPENSEARCH_SQL_PPL_PPL_FILTER;engine_api=EngineQueryFilter;diagnostic=none,project/src/parsers/compatibility/opensearch_sql_ppl/opensearch_sql_ppl_dialect.cpp#kPatterns:opensearch_sql_ppl.ppl.where,PARSER_REMAP_ONLY,parser remap lead
project/src/parsers/compatibility/opensearch_sql_ppl,opensearch_sql_ppl.ppl.fields,kAdmittedSblr;match=FIELDS;mapping=opensearch_sql_ppl.ppl.fields;sblr=SBLR_COMPAT_OPENSEARCH_SQL_PPL_PPL_PROJECT;engine_api=EngineQueryProject;diagnostic=none,project/src/parsers/compatibility/opensearch_sql_ppl/opensearch_sql_ppl_dialect.cpp#kPatterns:opensearch_sql_ppl.ppl.fields,PARSER_REMAP_ONLY,parser remap lead
project/src/parsers/compatibility/opensearch_sql_ppl,opensearch_sql_ppl.ppl.sort,kAdmittedSblr;match=SORT;mapping=opensearch_sql_ppl.ppl.sort;sblr=SBLR_COMPAT_OPENSEARCH_SQL_PPL_PPL_SORT;engine_api=EngineQuerySort;diagnostic=none,project/src/parsers/compatibility/opensearch_sql_ppl/opensearch_sql_ppl_dialect.cpp#kPatterns:opensearch_sql_ppl.ppl.sort,PARSER_REMAP_ONLY,parser remap lead
project/src/parsers/compatibility/opensearch_sql_ppl,opensearch_sql_ppl.ppl.head,kAdmittedSblr;match=HEAD;mapping=opensearch_sql_ppl.ppl.head;sblr=SBLR_COMPAT_OPENSEARCH_SQL_PPL_PPL_LIMIT;engine_api=EngineQueryLimit;diagnostic=none,project/src/parsers/compatibility/opensearch_sql_ppl/opensearch_sql_ppl_dialect.cpp#kPatterns:opensearch_sql_ppl.ppl.head,PARSER_REMAP_ONLY,parser remap lead
project/src/parsers/compatibility/opensearch_sql_ppl,opensearch_sql_ppl.ppl.eval,kAdmittedSblr;match=EVAL;mapping=opensearch_sql_ppl.ppl.eval;sblr=SBLR_COMPAT_OPENSEARCH_SQL_PPL_PPL_EVAL;engine_api=EngineExpressionProject;diagnostic=none,project/src/parsers/compatibility/opensearch_sql_ppl/opensearch_sql_ppl_dialect.cpp#kPatterns:opensearch_sql_ppl.ppl.eval,PARSER_REMAP_ONLY,parser remap lead
project/src/parsers/compatibility/opensearch_sql_ppl,opensearch_sql_ppl.catalog.show_datasources,kCatalogProjection;match=SHOW DATASOURCES;mapping=opensearch_sql_ppl.catalog.show_datasources;sblr=SBLR_COMPAT_OPENSEARCH_SQL_PPL_CATALOG_PROJECT;engine_api=EngineCatalogProjection;diagnostic=none,project/src/parsers/compatibility/opensearch_sql_ppl/opensearch_sql_ppl_dialect.cpp#kPatterns:opensearch_sql_ppl.catalog.show_datasources,PARSER_REMAP_ONLY,parser remap lead
project/src/parsers/compatibility/opensearch_sql_ppl,opensearch_sql_ppl.catalog.show,kCatalogProjection;match=SHOW;mapping=opensearch_sql_ppl.catalog.show;sblr=SBLR_COMPAT_OPENSEARCH_SQL_PPL_CATALOG_PROJECT;engine_api=EngineCatalogProjection;diagnostic=none,project/src/parsers/compatibility/opensearch_sql_ppl/opensearch_sql_ppl_dialect.cpp#kPatterns:opensearch_sql_ppl.catalog.show,PARSER_REMAP_ONLY,parser remap lead
project/src/parsers/compatibility/opensearch_sql_ppl,opensearch_sql_ppl.catalog.describe,kCatalogProjection;match=DESCRIBE;mapping=opensearch_sql_ppl.catalog.describe;sblr=SBLR_COMPAT_OPENSEARCH_SQL_PPL_CATALOG_PROJECT;engine_api=EngineCatalogProjection;diagnostic=none,project/src/parsers/compatibility/opensearch_sql_ppl/opensearch_sql_ppl_dialect.cpp#kPatterns:opensearch_sql_ppl.catalog.describe,PARSER_REMAP_ONLY,parser remap lead
project/src/parsers/compatibility/opensearch_sql_ppl,opensearch_sql_ppl.optimizer.explain,kCatalogProjection;match=EXPLAIN;mapping=opensearch_sql_ppl.optimizer.explain;sblr=SBLR_COMPAT_OPENSEARCH_SQL_PPL_EXPLAIN;engine_api=EngineExplainPlan;diagnostic=none,project/src/parsers/compatibility/opensearch_sql_ppl/opensearch_sql_ppl_dialect.cpp#kPatterns:opensearch_sql_ppl.optimizer.explain,PARSER_REMAP_ONLY,parser remap lead
project/src/parsers/compatibility/opensearch_sql_ppl,opensearch_sql_ppl.sql.select,kAdmittedSblr;match=SELECT;mapping=opensearch_sql_ppl.sql.select;sblr=SBLR_COMPAT_OPENSEARCH_SQL_PPL_SQL_SELECT;engine_api=EngineQuerySelect;diagnostic=none,project/src/parsers/compatibility/opensearch_sql_ppl/opensearch_sql_ppl_dialect.cpp#kPatterns:opensearch_sql_ppl.sql.select,PARSER_REMAP_ONLY,parser remap lead
project/src/parsers/compatibility/opensearch_sql_ppl,opensearch_sql_ppl.sql.delete,kAdmittedSblr;match=DELETE;mapping=opensearch_sql_ppl.sql.delete;sblr=SBLR_COMPAT_OPENSEARCH_SQL_PPL_SQL_DELETE;engine_api=EngineDmlDelete;diagnostic=none,project/src/parsers/compatibility/opensearch_sql_ppl/opensearch_sql_ppl_dialect.cpp#kPatterns:opensearch_sql_ppl.sql.delete,PARSER_REMAP_ONLY,parser remap lead
project/src/parsers/compatibility/opensearch_sql_ppl,datatype_surface:boolean,descriptor;surface=BOOLEAN,project/src/parsers/compatibility/opensearch_sql_ppl/opensearch_sql_ppl_dialect.cpp#kDatatypeSurfaces:boolean,DOCUMENTATION_ONLY,inventory classification lead
project/src/parsers/compatibility/opensearch_sql_ppl,datatype_surface:numeric,descriptor;surface=BYTE;SHORT;INTEGER;LONG;FLOAT;DOUBLE;HALF_FLOAT;SCALED_FLOAT,project/src/parsers/compatibility/opensearch_sql_ppl/opensearch_sql_ppl_dialect.cpp#kDatatypeSurfaces:numeric,DOCUMENTATION_ONLY,inventory classification lead
project/src/parsers/compatibility/opensearch_sql_ppl,datatype_surface:keyword_text,descriptor;surface=KEYWORD;TEXT,project/src/parsers/compatibility/opensearch_sql_ppl/opensearch_sql_ppl_dialect.cpp#kDatatypeSurfaces:keyword_text,DOCUMENTATION_ONLY,inventory classification lead
project/src/parsers/compatibility/opensearch_sql_ppl,datatype_surface:temporal,descriptor;surface=DATE;TIME;TIMESTAMP,project/src/parsers/compatibility/opensearch_sql_ppl/opensearch_sql_ppl_dialect.cpp#kDatatypeSurfaces:temporal,DOCUMENTATION_ONLY,inventory classification lead
project/src/parsers/compatibility/opensearch_sql_ppl,datatype_surface:ip,descriptor;surface=IP,project/src/parsers/compatibility/opensearch_sql_ppl/opensearch_sql_ppl_dialect.cpp#kDatatypeSurfaces:ip,DOCUMENTATION_ONLY,inventory classification lead
project/src/parsers/compatibility/opensearch_sql_ppl,datatype_surface:geo,parser_support_udr;surface=GEO_POINT;GEO_SHAPE,project/src/parsers/compatibility/opensearch_sql_ppl/opensearch_sql_ppl_dialect.cpp#kDatatypeSurfaces:geo,IMPLEMENT_NONCLUSTER,inventory classification lead
project/src/parsers/compatibility/opensearch_sql_ppl,datatype_surface:object,descriptor;surface=OBJECT;NESTED,project/src/parsers/compatibility/opensearch_sql_ppl/opensearch_sql_ppl_dialect.cpp#kDatatypeSurfaces:object,DOCUMENTATION_ONLY,inventory classification lead
project/src/parsers/compatibility/opensearch_sql_ppl,datatype_surface:array,descriptor;surface=MULTI_VALUE_FIELD,project/src/parsers/compatibility/opensearch_sql_ppl/opensearch_sql_ppl_dialect.cpp#kDatatypeSurfaces:array,DOCUMENTATION_ONLY,inventory classification lead
project/src/parsers/compatibility/opensearch_sql_ppl,datatype_surface:rank,parser_support_udr;surface=RANK_FEATURE;RANK_FEATURES,project/src/parsers/compatibility/opensearch_sql_ppl/opensearch_sql_ppl_dialect.cpp#kDatatypeSurfaces:rank,IMPLEMENT_NONCLUSTER,inventory classification lead
project/src/parsers/compatibility/opensearch_sql_ppl,datatype_surface:knn_vector,parser_support_udr;surface=KNN_VECTOR,project/src/parsers/compatibility/opensearch_sql_ppl/opensearch_sql_ppl_dialect.cpp#kDatatypeSurfaces:knn_vector,IMPLEMENT_NONCLUSTER,inventory classification lead
project/src/parsers/compatibility/opensearch_sql_ppl,builtin_function_surface:aggregate,sblr;surface=COUNT;AVG;SUM;MIN;MAX;PERCENTILE,project/src/parsers/compatibility/opensearch_sql_ppl/opensearch_sql_ppl_dialect.cpp#kBuiltinSurfaces:aggregate,PARSER_REMAP_ONLY,inventory classification lead
project/src/parsers/compatibility/opensearch_sql_ppl,builtin_function_surface:ppl,sblr;surface=SOURCE;WHERE;FIELDS;STATS;DEDUP;SORT;HEAD;EVAL,project/src/parsers/compatibility/opensearch_sql_ppl/opensearch_sql_ppl_dialect.cpp#kBuiltinSurfaces:ppl,PARSER_REMAP_ONLY,inventory classification lead
project/src/parsers/compatibility/opensearch_sql_ppl,builtin_function_surface:ppl_join,parser_support_udr;surface=JOIN;LOOKUP;APPENDCOL,project/src/parsers/compatibility/opensearch_sql_ppl/opensearch_sql_ppl_dialect.cpp#kBuiltinSurfaces:ppl_join,IMPLEMENT_NONCLUSTER,inventory classification lead
project/src/parsers/compatibility/opensearch_sql_ppl,builtin_function_surface:sql,sblr;surface=SELECT;DELETE;SHOW;DESCRIBE,project/src/parsers/compatibility/opensearch_sql_ppl/opensearch_sql_ppl_dialect.cpp#kBuiltinSurfaces:sql,PARSER_REMAP_ONLY,inventory classification lead
project/src/parsers/compatibility/opensearch_sql_ppl,builtin_function_surface:string,sblr;surface=SUBSTRING;LOWER;UPPER;TRIM,project/src/parsers/compatibility/opensearch_sql_ppl/opensearch_sql_ppl_dialect.cpp#kBuiltinSurfaces:string,PARSER_REMAP_ONLY,inventory classification lead
project/src/parsers/compatibility/opensearch_sql_ppl,builtin_function_surface:math,sblr;surface=ABS;ROUND;CEIL;FLOOR,project/src/parsers/compatibility/opensearch_sql_ppl/opensearch_sql_ppl_dialect.cpp#kBuiltinSurfaces:math,PARSER_REMAP_ONLY,inventory classification lead
project/src/parsers/compatibility/opensearch_sql_ppl,builtin_function_surface:date,sblr;surface=DATE_FORMAT;DATE_ADD;DATE_DIFF,project/src/parsers/compatibility/opensearch_sql_ppl/opensearch_sql_ppl_dialect.cpp#kBuiltinSurfaces:date,PARSER_REMAP_ONLY,inventory classification lead
project/src/parsers/compatibility/opensearch_sql_ppl,builtin_function_surface:json,parser_support_udr;surface=JSON_EXTRACT;JSON_VALUE,project/src/parsers/compatibility/opensearch_sql_ppl/opensearch_sql_ppl_dialect.cpp#kBuiltinSurfaces:json,IMPLEMENT_NONCLUSTER,inventory classification lead
project/src/parsers/compatibility/opensearch_sql_ppl,builtin_function_surface:rest_dsl,parser_support_udr;surface=GET;POST;PUT;DELETE non-cluster REST DSL,project/src/parsers/compatibility/opensearch_sql_ppl/opensearch_sql_ppl_dialect.cpp#kBuiltinSurfaces:rest_dsl,NORMALIZE_CLUSTER,inventory classification lead
project/src/parsers/compatibility/opensearch_sql_ppl,builtin_function_surface:ml,parser_support_udr;surface=ML;AD;KMEANS,project/src/parsers/compatibility/opensearch_sql_ppl/opensearch_sql_ppl_dialect.cpp#kBuiltinSurfaces:ml,IMPLEMENT_NONCLUSTER,inventory classification lead
project/src/parsers/compatibility/opensearch_sql_ppl,builtin_function_surface:security,catalog_projection;surface=DATASOURCES;CONNECTORS,project/src/parsers/compatibility/opensearch_sql_ppl/opensearch_sql_ppl_dialect.cpp#kBuiltinSurfaces:security,EXTERNAL_AUTHORITY,inventory classification lead
project/src/parsers/compatibility/opensearch_sql_ppl,catalog_overlay_surface:datasources,catalog_projection;surface=SHOW DATASOURCES,project/src/parsers/compatibility/opensearch_sql_ppl/opensearch_sql_ppl_dialect.cpp#kCatalogSurfaces:datasources,PARSER_REMAP_ONLY,inventory classification lead
project/src/parsers/compatibility/opensearch_sql_ppl,catalog_overlay_surface:indexes,catalog_projection;surface=SHOW TABLES;DESCRIBE TABLE,project/src/parsers/compatibility/opensearch_sql_ppl/opensearch_sql_ppl_dialect.cpp#kCatalogSurfaces:indexes,PARSER_REMAP_ONLY,inventory classification lead
project/src/parsers/compatibility/opensearch_sql_ppl,catalog_overlay_surface:mappings,catalog_projection;surface=INDEX MAPPINGS,project/src/parsers/compatibility/opensearch_sql_ppl/opensearch_sql_ppl_dialect.cpp#kCatalogSurfaces:mappings,PARSER_REMAP_ONLY,inventory classification lead
project/src/parsers/compatibility/opensearch_sql_ppl,catalog_overlay_surface:plugins,parser_support_udr;surface=SQL PLUGIN;PPL PLUGIN,project/src/parsers/compatibility/opensearch_sql_ppl/opensearch_sql_ppl_dialect.cpp#kCatalogSurfaces:plugins,IMPLEMENT_NONCLUSTER,inventory classification lead
project/src/parsers/compatibility/opensearch_sql_ppl,catalog_overlay_surface:fields,catalog_projection;surface=DESCRIBE;FIELD CAPS,project/src/parsers/compatibility/opensearch_sql_ppl/opensearch_sql_ppl_dialect.cpp#kCatalogSurfaces:fields,PARSER_REMAP_ONLY,inventory classification lead
project/src/parsers/compatibility/opensearch_sql_ppl,catalog_overlay_surface:stats,catalog_projection;surface=CAT INDICES;CLUSTER STATS,project/src/parsers/compatibility/opensearch_sql_ppl/opensearch_sql_ppl_dialect.cpp#kCatalogSurfaces:stats,NORMALIZE_CLUSTER,inventory classification lead
project/src/parsers/compatibility/opensearch_sql_ppl,catalog_overlay_surface:roles,catalog_projection;surface=SECURITY ROLES,project/src/parsers/compatibility/opensearch_sql_ppl/opensearch_sql_ppl_dialect.cpp#kCatalogSurfaces:roles,PARSER_REMAP_ONLY,inventory classification lead
project/src/parsers/compatibility/opensearch_sql_ppl,catalog_overlay_surface:pipelines,catalog_projection;surface=SEARCH PIPELINES,project/src/parsers/compatibility/opensearch_sql_ppl/opensearch_sql_ppl_dialect.cpp#kCatalogSurfaces:pipelines,PARSER_REMAP_ONLY,inventory classification lead
project/src/parsers/compatibility/opensearch_sql_ppl,catalog_overlay_surface:models,parser_support_udr;surface=ML COMMONS MODELS,project/src/parsers/compatibility/opensearch_sql_ppl/opensearch_sql_ppl_dialect.cpp#kCatalogSurfaces:models,IMPLEMENT_NONCLUSTER,inventory classification lead
project/src/parsers/compatibility/opensearch_sql_ppl,diagnostic_surface:parse,parser;surface=OPENSEARCH_SQL_PPL.PARSE.INVALID_INPUT;OPENSEARCH_SQL_PPL.PARSE.UNSUPPORTED_SURFACE,project/src/parsers/compatibility/opensearch_sql_ppl/opensearch_sql_ppl_dialect.cpp#kDiagnosticSurfaces:parse,PARSER_REMAP_ONLY,inventory classification lead
project/src/parsers/compatibility/opensearch_sql_ppl,diagnostic_surface:policy,fail_closed;surface=OPENSEARCH_SQL_PPL.AUTHORITY.*,project/src/parsers/compatibility/opensearch_sql_ppl/opensearch_sql_ppl_dialect.cpp#kDiagnosticSurfaces:policy,ARCHITECTURE_REFUSAL,inventory classification lead
project/src/parsers/compatibility/opensearch_sql_ppl,diagnostic_surface:udr,parser_support_udr;surface=OPENSEARCH_SQL_PPL.EMULATION.*,project/src/parsers/compatibility/opensearch_sql_ppl/opensearch_sql_ppl_dialect.cpp#kDiagnosticSurfaces:udr,IMPLEMENT_NONCLUSTER,inventory classification lead
project/src/parsers/compatibility/opensearch_sql_ppl,diagnostic_surface:catalog,catalog_projection;surface=OPENSEARCH_SQL_PPL.CATALOG_OVERLAY.READ_ONLY,project/src/parsers/compatibility/opensearch_sql_ppl/opensearch_sql_ppl_dialect.cpp#kDiagnosticSurfaces:catalog,PARSER_REMAP_ONLY,inventory classification lead
project/src/parsers/compatibility/opensearch_sql_ppl,diagnostic_surface:session,sblr;surface=OPENSEARCH_SQL_PPL.SESSION.*,project/src/parsers/compatibility/opensearch_sql_ppl/opensearch_sql_ppl_dialect.cpp#kDiagnosticSurfaces:session,PARSER_REMAP_ONLY,inventory classification lead
project/src/parsers/compatibility/opensearch_sql_ppl,diagnostic_surface:transaction,sblr;surface=OPENSEARCH_SQL_PPL.TRANSACTION.*,project/src/parsers/compatibility/opensearch_sql_ppl/opensearch_sql_ppl_dialect.cpp#kDiagnosticSurfaces:transaction,PARSER_REMAP_ONLY,inventory classification lead
project/src/parsers/compatibility/opensearch_sql_ppl,diagnostic_surface:file_effects,authority_invariant;surface=real_compatibility_file_effects=false,project/src/parsers/compatibility/opensearch_sql_ppl/opensearch_sql_ppl_dialect.cpp#kDiagnosticSurfaces:file_effects,DOCUMENTATION_ONLY,inventory classification lead
project/src/parsers/compatibility/opensearch_sql_ppl,diagnostic_surface:compatibility_execution,authority_invariant;surface=compatibility_engine_sql_executed=false,project/src/parsers/compatibility/opensearch_sql_ppl/opensearch_sql_ppl_dialect.cpp#kDiagnosticSurfaces:compatibility_execution,DOCUMENTATION_ONLY,inventory classification lead
project/src/parsers/compatibility/opensearch_sql_ppl,diagnostic_surface:mga,authority_invariant;surface=parser_transaction_finality_authority=false,project/src/parsers/compatibility/opensearch_sql_ppl/opensearch_sql_ppl_dialect.cpp#kDiagnosticSurfaces:mga,DOCUMENTATION_ONLY,inventory classification lead
project/src/parsers/compatibility/opensearch_sql_ppl,diagnostic_surface:support_bundle,diagnostic_redaction;surface=source_text_redacted=true,project/src/parsers/compatibility/opensearch_sql_ppl/opensearch_sql_ppl_dialect.cpp#kDiagnosticSurfaces:support_bundle,DOCUMENTATION_ONLY,inventory classification lead
project/src/parsers/compatibility/opensearch_sql_ppl,source_marker:unsupported,source_marker_requires_review,project/src/parsers/compatibility/opensearch_sql_ppl/opensearch_sql_ppl_dialect.cpp#marker:unsupported,ARCHITECTURE_REFUSAL,inventory classification lead
project/src/parsers/compatibility/postgresql,postgresql.bulk_io.copy_program,kPolicyRefusal;match=COPY|| PROGRAM ;mapping=postgresql.policy.copy_program;sblr=none;engine_api=none;diagnostic=POSTGRESQL.AUTHORITY.PROGRAM_DENIED,project/src/parsers/compatibility/postgresql/postgresql_dialect.cpp#kPatterns:postgresql.bulk_io.copy_program,EXTERNAL_AUTHORITY,parser remap lead
project/src/parsers/compatibility/postgresql,postgresql.bulk_io.copy_to_file,kPolicyRefusal;match=COPY|| TO ';mapping=postgresql.policy.copy_to_file;sblr=none;engine_api=none;diagnostic=POSTGRESQL.AUTHORITY.FILE_IO_DENIED,project/src/parsers/compatibility/postgresql/postgresql_dialect.cpp#kPatterns:postgresql.bulk_io.copy_to_file,EXTERNAL_AUTHORITY,parser remap lead
project/src/parsers/compatibility/postgresql,postgresql.bulk_io.copy_to_file,kPolicyRefusal;match=COPY|| TO :';mapping=postgresql.policy.copy_to_file;sblr=none;engine_api=none;diagnostic=POSTGRESQL.AUTHORITY.FILE_IO_DENIED,project/src/parsers/compatibility/postgresql/postgresql_dialect.cpp#kPatterns:postgresql.bulk_io.copy_to_file,EXTERNAL_AUTHORITY,parser remap lead
project/src/parsers/compatibility/postgresql,postgresql.bulk_io.copy_from_file,kPolicyRefusal;match=COPY|| FROM ';mapping=postgresql.policy.copy_from_file;sblr=none;engine_api=none;diagnostic=POSTGRESQL.AUTHORITY.FILE_IO_DENIED,project/src/parsers/compatibility/postgresql/postgresql_dialect.cpp#kPatterns:postgresql.bulk_io.copy_from_file,EXTERNAL_AUTHORITY,parser remap lead
project/src/parsers/compatibility/postgresql,postgresql.bulk_io.copy_from_file,kPolicyRefusal;match=COPY|| FROM :';mapping=postgresql.policy.copy_from_file;sblr=none;engine_api=none;diagnostic=POSTGRESQL.AUTHORITY.FILE_IO_DENIED,project/src/parsers/compatibility/postgresql/postgresql_dialect.cpp#kPatterns:postgresql.bulk_io.copy_from_file,EXTERNAL_AUTHORITY,parser remap lead
project/src/parsers/compatibility/postgresql,postgresql.bulk_io.copy,kParserSupportUdr;match=COPY;mapping=postgresql.udr.copy;sblr=SBLR_COMPAT_POSTGRESQL_COPY_ROUTE;engine_api=ParserSupportCopyRoute;diagnostic=POSTGRESQL.EMULATION.COPY_ROUTE,project/src/parsers/compatibility/postgresql/postgresql_dialect.cpp#kPatterns:postgresql.bulk_io.copy,IMPLEMENT_NONCLUSTER,parser remap lead
project/src/parsers/compatibility/postgresql,postgresql.large_object.lo_import,kPolicyRefusal;match=LO_IMPORT;mapping=postgresql.policy.large_object.import;sblr=none;engine_api=none;diagnostic=POSTGRESQL.AUTHORITY.FILE_IO_DENIED,project/src/parsers/compatibility/postgresql/postgresql_dialect.cpp#kPatterns:postgresql.large_object.lo_import,EXTERNAL_AUTHORITY,parser remap lead
project/src/parsers/compatibility/postgresql,postgresql.large_object.lo_export,kPolicyRefusal;match=LO_EXPORT;mapping=postgresql.policy.large_object.export;sblr=none;engine_api=none;diagnostic=POSTGRESQL.AUTHORITY.FILE_IO_DENIED,project/src/parsers/compatibility/postgresql/postgresql_dialect.cpp#kPatterns:postgresql.large_object.lo_export,EXTERNAL_AUTHORITY,parser remap lead
project/src/parsers/compatibility/postgresql,postgresql.large_object.api,kParserSupportUdr;match=LO_CREATE|LO_CREAT|LO_UNLINK|LO_OPEN|LO_CLOSE|LO_READ|LO_WRITE|LO_LSEEK|LO_LSEEK64|LO_TELL|LO_TELL64|LO_TRUNCATE|LO_TRUNCATE64|LO_FROM_BYTEA|LO_GET|LO_PUT|LOREAD|LOWRITE;mapping=postgresql.udr.large_object;sblr=SBLR_COMPAT_POSTGRESQL_LARGE_OBJECT_ROUTE;engine_api=ParserSupportLargeObjectRoute;diagnostic=POSTGRESQL.EMULATION.LARGE_OBJECT_ROUTE,project/src/parsers/compatibility/postgresql/postgresql_dialect.cpp#kPatterns:postgresql.large_object.api,IMPLEMENT_NONCLUSTER,parser remap lead
project/src/parsers/compatibility/postgresql,postgresql.extension.create,kParserSupportUdr;match=CREATE EXTENSION;mapping=postgresql.udr.extension.create;sblr=SBLR_COMPAT_POSTGRESQL_EXTENSION_ROUTE;engine_api=ParserSupportExtensionRoute;diagnostic=POSTGRESQL.EMULATION.EXTENSION_ROUTE,project/src/parsers/compatibility/postgresql/postgresql_dialect.cpp#kPatterns:postgresql.extension.create,IMPLEMENT_NONCLUSTER,parser remap lead
project/src/parsers/compatibility/postgresql,postgresql.extension.alter,kParserSupportUdr;match=ALTER EXTENSION;mapping=postgresql.udr.extension.alter;sblr=SBLR_COMPAT_POSTGRESQL_EXTENSION_ROUTE;engine_api=ParserSupportExtensionRoute;diagnostic=POSTGRESQL.EMULATION.EXTENSION_ROUTE,project/src/parsers/compatibility/postgresql/postgresql_dialect.cpp#kPatterns:postgresql.extension.alter,IMPLEMENT_NONCLUSTER,parser remap lead
project/src/parsers/compatibility/postgresql,postgresql.extension.drop,kParserSupportUdr;match=DROP EXTENSION;mapping=postgresql.udr.extension.drop;sblr=SBLR_COMPAT_POSTGRESQL_EXTENSION_ROUTE;engine_api=ParserSupportExtensionRoute;diagnostic=POSTGRESQL.EMULATION.EXTENSION_ROUTE,project/src/parsers/compatibility/postgresql/postgresql_dialect.cpp#kPatterns:postgresql.extension.drop,IMPLEMENT_NONCLUSTER,parser remap lead
project/src/parsers/compatibility/postgresql,postgresql.connector.fdw.create,kParserSupportUdr;match=CREATE FOREIGN DATA WRAPPER;mapping=postgresql.udr.connector.fdw.create;sblr=SBLR_COMPAT_POSTGRESQL_CONNECTOR_ROUTE;engine_api=ParserSupportConnectorRoute;diagnostic=POSTGRESQL.EMULATION.CONNECTOR_ROUTE,project/src/parsers/compatibility/postgresql/postgresql_dialect.cpp#kPatterns:postgresql.connector.fdw.create,EXTERNAL_AUTHORITY,parser remap lead
project/src/parsers/compatibility/postgresql,postgresql.connector.server.create,kParserSupportUdr;match=CREATE SERVER;mapping=postgresql.udr.connector.server.create;sblr=SBLR_COMPAT_POSTGRESQL_CONNECTOR_ROUTE;engine_api=ParserSupportConnectorRoute;diagnostic=POSTGRESQL.EMULATION.CONNECTOR_ROUTE,project/src/parsers/compatibility/postgresql/postgresql_dialect.cpp#kPatterns:postgresql.connector.server.create,EXTERNAL_AUTHORITY,parser remap lead
project/src/parsers/compatibility/postgresql,postgresql.connector.user_mapping.create,kParserSupportUdr;match=CREATE USER MAPPING;mapping=postgresql.udr.connector.user_mapping.create;sblr=SBLR_COMPAT_POSTGRESQL_CONNECTOR_ROUTE;engine_api=ParserSupportConnectorRoute;diagnostic=POSTGRESQL.EMULATION.CONNECTOR_ROUTE,project/src/parsers/compatibility/postgresql/postgresql_dialect.cpp#kPatterns:postgresql.connector.user_mapping.create,EXTERNAL_AUTHORITY,parser remap lead
project/src/parsers/compatibility/postgresql,postgresql.connector.import_foreign_schema,kParserSupportUdr;match=IMPORT FOREIGN SCHEMA;mapping=postgresql.udr.connector.import_foreign_schema;sblr=SBLR_COMPAT_POSTGRESQL_CONNECTOR_ROUTE;engine_api=ParserSupportConnectorRoute;diagnostic=POSTGRESQL.EMULATION.CONNECTOR_ROUTE,project/src/parsers/compatibility/postgresql/postgresql_dialect.cpp#kPatterns:postgresql.connector.import_foreign_schema,EXTERNAL_AUTHORITY,parser remap lead
project/src/parsers/compatibility/postgresql,postgresql.connector.foreign_table.create,kParserSupportUdr;match=CREATE FOREIGN TABLE;mapping=postgresql.udr.connector.foreign_table.create;sblr=SBLR_COMPAT_POSTGRESQL_CONNECTOR_ROUTE;engine_api=ParserSupportConnectorRoute;diagnostic=POSTGRESQL.EMULATION.CONNECTOR_ROUTE,project/src/parsers/compatibility/postgresql/postgresql_dialect.cpp#kPatterns:postgresql.connector.foreign_table.create,EXTERNAL_AUTHORITY,parser remap lead
project/src/parsers/compatibility/postgresql,postgresql.replication.publication.create,kParserSupportUdr;match=CREATE PUBLICATION;mapping=postgresql.udr.replication.publication.create;sblr=SBLR_COMPAT_POSTGRESQL_REPLICATION_ROUTE;engine_api=ParserSupportReplicationRoute;diagnostic=POSTGRESQL.EMULATION.REPLICATION_ROUTE,project/src/parsers/compatibility/postgresql/postgresql_dialect.cpp#kPatterns:postgresql.replication.publication.create,NORMALIZE_CLUSTER,parser remap lead
project/src/parsers/compatibility/postgresql,postgresql.replication.subscription.create,kParserSupportUdr;match=CREATE SUBSCRIPTION;mapping=postgresql.udr.replication.subscription.create;sblr=SBLR_COMPAT_POSTGRESQL_REPLICATION_ROUTE;engine_api=ParserSupportReplicationRoute;diagnostic=POSTGRESQL.EMULATION.REPLICATION_ROUTE,project/src/parsers/compatibility/postgresql/postgresql_dialect.cpp#kPatterns:postgresql.replication.subscription.create,NORMALIZE_CLUSTER,parser remap lead
project/src/parsers/compatibility/postgresql,postgresql.replication.subscription.alter,kParserSupportUdr;match=ALTER SUBSCRIPTION;mapping=postgresql.udr.replication.subscription.alter;sblr=SBLR_COMPAT_POSTGRESQL_REPLICATION_ROUTE;engine_api=ParserSupportReplicationRoute;diagnostic=POSTGRESQL.EMULATION.REPLICATION_ROUTE,project/src/parsers/compatibility/postgresql/postgresql_dialect.cpp#kPatterns:postgresql.replication.subscription.alter,NORMALIZE_CLUSTER,parser remap lead
project/src/parsers/compatibility/postgresql,postgresql.replication.subscription.drop,kParserSupportUdr;match=DROP SUBSCRIPTION;mapping=postgresql.udr.replication.subscription.drop;sblr=SBLR_COMPAT_POSTGRESQL_REPLICATION_ROUTE;engine_api=ParserSupportReplicationRoute;diagnostic=POSTGRESQL.EMULATION.REPLICATION_ROUTE,project/src/parsers/compatibility/postgresql/postgresql_dialect.cpp#kPatterns:postgresql.replication.subscription.drop,NORMALIZE_CLUSTER,parser remap lead
project/src/parsers/compatibility/postgresql,postgresql.storage.tablespace.create,kPolicyRefusal;match=CREATE TABLESPACE;mapping=postgresql.policy.tablespace.create;sblr=none;engine_api=none;diagnostic=POSTGRESQL.AUTHORITY.TABLESPACE_DENIED,project/src/parsers/compatibility/postgresql/postgresql_dialect.cpp#kPatterns:postgresql.storage.tablespace.create,ARCHITECTURE_REFUSAL,parser remap lead
project/src/parsers/compatibility/postgresql,postgresql.storage.tablespace.alter,kPolicyRefusal;match=ALTER TABLESPACE;mapping=postgresql.policy.tablespace.alter;sblr=none;engine_api=none;diagnostic=POSTGRESQL.AUTHORITY.TABLESPACE_DENIED,project/src/parsers/compatibility/postgresql/postgresql_dialect.cpp#kPatterns:postgresql.storage.tablespace.alter,ARCHITECTURE_REFUSAL,parser remap lead
project/src/parsers/compatibility/postgresql,postgresql.storage.tablespace.drop,kPolicyRefusal;match=DROP TABLESPACE;mapping=postgresql.policy.tablespace.drop;sblr=none;engine_api=none;diagnostic=POSTGRESQL.AUTHORITY.TABLESPACE_DENIED,project/src/parsers/compatibility/postgresql/postgresql_dialect.cpp#kPatterns:postgresql.storage.tablespace.drop,ARCHITECTURE_REFUSAL,parser remap lead
project/src/parsers/compatibility/postgresql,postgresql.system.alter_system,kPolicyRefusal;match=ALTER SYSTEM;mapping=postgresql.policy.alter_system;sblr=none;engine_api=none;diagnostic=POSTGRESQL.AUTHORITY.SYSTEM_DENIED,project/src/parsers/compatibility/postgresql/postgresql_dialect.cpp#kPatterns:postgresql.system.alter_system,ARCHITECTURE_REFUSAL,parser remap lead
project/src/parsers/compatibility/postgresql,postgresql.system.checkpoint,kPolicyRefusal;match=CHECKPOINT;mapping=postgresql.policy.checkpoint;sblr=none;engine_api=none;diagnostic=POSTGRESQL.AUTHORITY.SYSTEM_DENIED,project/src/parsers/compatibility/postgresql/postgresql_dialect.cpp#kPatterns:postgresql.system.checkpoint,ARCHITECTURE_REFUSAL,parser remap lead
project/src/parsers/compatibility/postgresql,postgresql.lifecycle.create_database,kScratchBirdLifecycleApi;match=CREATE DATABASE;mapping=postgresql.lifecycle.create_database;sblr=SBLR_LIFECYCLE_CREATE_DATABASE;engine_api=EngineCreateLifecycle;diagnostic=none,project/src/parsers/compatibility/postgresql/postgresql_dialect.cpp#kPatterns:postgresql.lifecycle.create_database,PARSER_REMAP_ONLY,parser remap lead
project/src/parsers/compatibility/postgresql,postgresql.lifecycle.drop_database,kScratchBirdLifecycleApi;match=DROP DATABASE;mapping=postgresql.lifecycle.drop_database;sblr=SBLR_LIFECYCLE_DROP_DATABASE;engine_api=EngineDropLifecycle;diagnostic=none,project/src/parsers/compatibility/postgresql/postgresql_dialect.cpp#kPatterns:postgresql.lifecycle.drop_database,PARSER_REMAP_ONLY,parser remap lead
project/src/parsers/compatibility/postgresql,postgresql.security.create_role,kParserSupportUdr;match=CREATE ROLE;mapping=postgresql.udr.security.create_role;sblr=SBLR_COMPAT_POSTGRESQL_SECURITY_ROUTE;engine_api=ParserSupportSecurityRoute;diagnostic=POSTGRESQL.EMULATION.SECURITY_ROUTE,project/src/parsers/compatibility/postgresql/postgresql_dialect.cpp#kPatterns:postgresql.security.create_role,IMPLEMENT_NONCLUSTER,parser remap lead
project/src/parsers/compatibility/postgresql,postgresql.security.alter_role,kParserSupportUdr;match=ALTER ROLE;mapping=postgresql.udr.security.alter_role;sblr=SBLR_COMPAT_POSTGRESQL_SECURITY_ROUTE;engine_api=ParserSupportSecurityRoute;diagnostic=POSTGRESQL.EMULATION.SECURITY_ROUTE,project/src/parsers/compatibility/postgresql/postgresql_dialect.cpp#kPatterns:postgresql.security.alter_role,IMPLEMENT_NONCLUSTER,parser remap lead
project/src/parsers/compatibility/postgresql,postgresql.security.drop_role,kParserSupportUdr;match=DROP ROLE;mapping=postgresql.udr.security.drop_role;sblr=SBLR_COMPAT_POSTGRESQL_SECURITY_ROUTE;engine_api=ParserSupportSecurityRoute;diagnostic=POSTGRESQL.EMULATION.SECURITY_ROUTE,project/src/parsers/compatibility/postgresql/postgresql_dialect.cpp#kPatterns:postgresql.security.drop_role,IMPLEMENT_NONCLUSTER,parser remap lead
project/src/parsers/compatibility/postgresql,postgresql.security.create_user,kParserSupportUdr;match=CREATE USER;mapping=postgresql.udr.security.create_user;sblr=SBLR_COMPAT_POSTGRESQL_SECURITY_ROUTE;engine_api=ParserSupportSecurityRoute;diagnostic=POSTGRESQL.EMULATION.SECURITY_ROUTE,project/src/parsers/compatibility/postgresql/postgresql_dialect.cpp#kPatterns:postgresql.security.create_user,IMPLEMENT_NONCLUSTER,parser remap lead
project/src/parsers/compatibility/postgresql,postgresql.security.grant,kParserSupportUdr;match=GRANT;mapping=postgresql.udr.security.grant;sblr=SBLR_COMPAT_POSTGRESQL_SECURITY_ROUTE;engine_api=ParserSupportSecurityRoute;diagnostic=POSTGRESQL.EMULATION.SECURITY_ROUTE,project/src/parsers/compatibility/postgresql/postgresql_dialect.cpp#kPatterns:postgresql.security.grant,IMPLEMENT_NONCLUSTER,parser remap lead
project/src/parsers/compatibility/postgresql,postgresql.security.revoke,kParserSupportUdr;match=REVOKE;mapping=postgresql.udr.security.revoke;sblr=SBLR_COMPAT_POSTGRESQL_SECURITY_ROUTE;engine_api=ParserSupportSecurityRoute;diagnostic=POSTGRESQL.EMULATION.SECURITY_ROUTE,project/src/parsers/compatibility/postgresql/postgresql_dialect.cpp#kPatterns:postgresql.security.revoke,IMPLEMENT_NONCLUSTER,parser remap lead
project/src/parsers/compatibility/postgresql,postgresql.security.row_policy.create,kParserSupportUdr;match=CREATE POLICY;mapping=postgresql.udr.security.policy.create;sblr=SBLR_COMPAT_POSTGRESQL_SECURITY_ROUTE;engine_api=ParserSupportSecurityRoute;diagnostic=POSTGRESQL.EMULATION.SECURITY_ROUTE,project/src/parsers/compatibility/postgresql/postgresql_dialect.cpp#kPatterns:postgresql.security.row_policy.create,IMPLEMENT_NONCLUSTER,parser remap lead
project/src/parsers/compatibility/postgresql,postgresql.routine.function.create,kParserSupportUdr;match=CREATE FUNCTION;mapping=postgresql.udr.routine.function.create;sblr=SBLR_COMPAT_POSTGRESQL_ROUTINE_ROUTE;engine_api=ParserSupportRoutineRoute;diagnostic=POSTGRESQL.EMULATION.ROUTINE_ROUTE,project/src/parsers/compatibility/postgresql/postgresql_dialect.cpp#kPatterns:postgresql.routine.function.create,IMPLEMENT_NONCLUSTER,parser remap lead
project/src/parsers/compatibility/postgresql,postgresql.routine.procedure.create,kParserSupportUdr;match=CREATE PROCEDURE;mapping=postgresql.udr.routine.procedure.create;sblr=SBLR_COMPAT_POSTGRESQL_ROUTINE_ROUTE;engine_api=ParserSupportRoutineRoute;diagnostic=POSTGRESQL.EMULATION.ROUTINE_ROUTE,project/src/parsers/compatibility/postgresql/postgresql_dialect.cpp#kPatterns:postgresql.routine.procedure.create,IMPLEMENT_NONCLUSTER,parser remap lead
project/src/parsers/compatibility/postgresql,postgresql.routine.trigger.create,kParserSupportUdr;match=CREATE TRIGGER;mapping=postgresql.udr.routine.trigger.create;sblr=SBLR_COMPAT_POSTGRESQL_ROUTINE_ROUTE;engine_api=ParserSupportRoutineRoute;diagnostic=POSTGRESQL.EMULATION.ROUTINE_ROUTE,project/src/parsers/compatibility/postgresql/postgresql_dialect.cpp#kPatterns:postgresql.routine.trigger.create,IMPLEMENT_NONCLUSTER,parser remap lead
project/src/parsers/compatibility/postgresql,postgresql.routine.rule.create,kParserSupportUdr;match=CREATE RULE;mapping=postgresql.udr.routine.rule.create;sblr=SBLR_COMPAT_POSTGRESQL_ROUTINE_ROUTE;engine_api=ParserSupportRoutineRoute;diagnostic=POSTGRESQL.EMULATION.ROUTINE_ROUTE,project/src/parsers/compatibility/postgresql/postgresql_dialect.cpp#kPatterns:postgresql.routine.rule.create,IMPLEMENT_NONCLUSTER,parser remap lead
project/src/parsers/compatibility/postgresql,postgresql.routine.do_block,kParserSupportUdr;match=DO;mapping=postgresql.udr.routine.do_block;sblr=SBLR_COMPAT_POSTGRESQL_ROUTINE_ROUTE;engine_api=ParserSupportRoutineRoute;diagnostic=POSTGRESQL.EMULATION.ROUTINE_ROUTE,project/src/parsers/compatibility/postgresql/postgresql_dialect.cpp#kPatterns:postgresql.routine.do_block,IMPLEMENT_NONCLUSTER,parser remap lead
project/src/parsers/compatibility/postgresql,postgresql.routine.call,kParserSupportUdr;match=CALL;mapping=postgresql.udr.routine.call;sblr=SBLR_COMPAT_POSTGRESQL_ROUTINE_ROUTE;engine_api=ParserSupportRoutineRoute;diagnostic=POSTGRESQL.EMULATION.ROUTINE_ROUTE,project/src/parsers/compatibility/postgresql/postgresql_dialect.cpp#kPatterns:postgresql.routine.call,IMPLEMENT_NONCLUSTER,parser remap lead
project/src/parsers/compatibility/postgresql,postgresql.events.listen,kParserSupportUdr;match=LISTEN;mapping=postgresql.udr.events.listen;sblr=SBLR_COMPAT_POSTGRESQL_EVENT_ROUTE;engine_api=ParserSupportEventRoute;diagnostic=POSTGRESQL.EMULATION.EVENT_ROUTE,project/src/parsers/compatibility/postgresql/postgresql_dialect.cpp#kPatterns:postgresql.events.listen,IMPLEMENT_NONCLUSTER,parser remap lead
project/src/parsers/compatibility/postgresql,postgresql.events.notify,kParserSupportUdr;match=NOTIFY;mapping=postgresql.udr.events.notify;sblr=SBLR_COMPAT_POSTGRESQL_EVENT_ROUTE;engine_api=ParserSupportEventRoute;diagnostic=POSTGRESQL.EMULATION.EVENT_ROUTE,project/src/parsers/compatibility/postgresql/postgresql_dialect.cpp#kPatterns:postgresql.events.notify,IMPLEMENT_NONCLUSTER,parser remap lead
project/src/parsers/compatibility/postgresql,postgresql.events.unlisten,kParserSupportUdr;match=UNLISTEN;mapping=postgresql.udr.events.unlisten;sblr=SBLR_COMPAT_POSTGRESQL_EVENT_ROUTE;engine_api=ParserSupportEventRoute;diagnostic=POSTGRESQL.EMULATION.EVENT_ROUTE,project/src/parsers/compatibility/postgresql/postgresql_dialect.cpp#kPatterns:postgresql.events.unlisten,IMPLEMENT_NONCLUSTER,parser remap lead
project/src/parsers/compatibility/postgresql,postgresql.maintenance.vacuum,kParserSupportUdr;match=VACUUM;mapping=postgresql.udr.maintenance.vacuum;sblr=SBLR_COMPAT_POSTGRESQL_MAINTENANCE_ROUTE;engine_api=ParserSupportMaintenanceRoute;diagnostic=POSTGRESQL.EMULATION.MAINTENANCE_ROUTE,project/src/parsers/compatibility/postgresql/postgresql_dialect.cpp#kPatterns:postgresql.maintenance.vacuum,IMPLEMENT_NONCLUSTER,parser remap lead
project/src/parsers/compatibility/postgresql,postgresql.maintenance.analyze,kParserSupportUdr;match=ANALYZE;mapping=postgresql.udr.maintenance.analyze;sblr=SBLR_COMPAT_POSTGRESQL_MAINTENANCE_ROUTE;engine_api=ParserSupportMaintenanceRoute;diagnostic=POSTGRESQL.EMULATION.MAINTENANCE_ROUTE,project/src/parsers/compatibility/postgresql/postgresql_dialect.cpp#kPatterns:postgresql.maintenance.analyze,IMPLEMENT_NONCLUSTER,parser remap lead
project/src/parsers/compatibility/postgresql,postgresql.maintenance.reindex,kParserSupportUdr;match=REINDEX;mapping=postgresql.udr.maintenance.reindex;sblr=SBLR_COMPAT_POSTGRESQL_MAINTENANCE_ROUTE;engine_api=ParserSupportMaintenanceRoute;diagnostic=POSTGRESQL.EMULATION.MAINTENANCE_ROUTE,project/src/parsers/compatibility/postgresql/postgresql_dialect.cpp#kPatterns:postgresql.maintenance.reindex,IMPLEMENT_NONCLUSTER,parser remap lead
project/src/parsers/compatibility/postgresql,postgresql.maintenance.cluster,kParserSupportUdr;match=CLUSTER;mapping=postgresql.udr.maintenance.cluster;sblr=SBLR_COMPAT_POSTGRESQL_MAINTENANCE_ROUTE;engine_api=ParserSupportMaintenanceRoute;diagnostic=POSTGRESQL.EMULATION.MAINTENANCE_ROUTE,project/src/parsers/compatibility/postgresql/postgresql_dialect.cpp#kPatterns:postgresql.maintenance.cluster,NORMALIZE_CLUSTER,parser remap lead
project/src/parsers/compatibility/postgresql,postgresql.maintenance.refresh_materialized_view,kParserSupportUdr;match=REFRESH MATERIALIZED VIEW;mapping=postgresql.udr.maintenance.refresh_materialized_view;sblr=SBLR_COMPAT_POSTGRESQL_MAINTENANCE_ROUTE;engine_api=ParserSupportMaintenanceRoute;diagnostic=POSTGRESQL.EMULATION.MAINTENANCE_ROUTE,project/src/parsers/compatibility/postgresql/postgresql_dialect.cpp#kPatterns:postgresql.maintenance.refresh_materialized_view,IMPLEMENT_NONCLUSTER,parser remap lead
project/src/parsers/compatibility/postgresql,postgresql.optimizer.explain,kCatalogProjection;match=EXPLAIN;mapping=postgresql.optimizer.explain;sblr=SBLR_COMPAT_POSTGRESQL_EXPLAIN;engine_api=EngineExplainPlan;diagnostic=none,project/src/parsers/compatibility/postgresql/postgresql_dialect.cpp#kPatterns:postgresql.optimizer.explain,PARSER_REMAP_ONLY,parser remap lead
project/src/parsers/compatibility/postgresql,postgresql.catalog_overlay.show,kCatalogProjection;match=SHOW;mapping=postgresql.catalog.show;sblr=SBLR_COMPAT_POSTGRESQL_CATALOG_PROJECT;engine_api=EngineCatalogProjection;diagnostic=none,project/src/parsers/compatibility/postgresql/postgresql_dialect.cpp#kPatterns:postgresql.catalog_overlay.show,PARSER_REMAP_ONLY,parser remap lead
project/src/parsers/compatibility/postgresql,postgresql.session.set,kAdmittedSblr;match=SET;mapping=postgresql.session.set;sblr=SBLR_COMPAT_POSTGRESQL_SET;engine_api=EngineSessionSet;diagnostic=none,project/src/parsers/compatibility/postgresql/postgresql_dialect.cpp#kPatterns:postgresql.session.set,PARSER_REMAP_ONLY,parser remap lead
project/src/parsers/compatibility/postgresql,postgresql.session.reset,kAdmittedSblr;match=RESET;mapping=postgresql.session.reset;sblr=SBLR_COMPAT_POSTGRESQL_RESET;engine_api=EngineSessionReset;diagnostic=none,project/src/parsers/compatibility/postgresql/postgresql_dialect.cpp#kPatterns:postgresql.session.reset,PARSER_REMAP_ONLY,parser remap lead
project/src/parsers/compatibility/postgresql,postgresql.session.discard,kAdmittedSblr;match=DISCARD;mapping=postgresql.session.discard;sblr=SBLR_COMPAT_POSTGRESQL_DISCARD;engine_api=EngineSessionDiscard;diagnostic=none,project/src/parsers/compatibility/postgresql/postgresql_dialect.cpp#kPatterns:postgresql.session.discard,PARSER_REMAP_ONLY,parser remap lead
project/src/parsers/compatibility/postgresql,postgresql.transaction.begin,kAdmittedSblr;match=BEGIN;mapping=postgresql.transaction.begin;sblr=SBLR_TRANSACTION_BEGIN;engine_api=EngineBeginTransaction;diagnostic=none,project/src/parsers/compatibility/postgresql/postgresql_dialect.cpp#kPatterns:postgresql.transaction.begin,PARSER_REMAP_ONLY,parser remap lead
project/src/parsers/compatibility/postgresql,postgresql.transaction.start,kAdmittedSblr;match=START TRANSACTION;mapping=postgresql.transaction.start;sblr=SBLR_TRANSACTION_BEGIN;engine_api=EngineBeginTransaction;diagnostic=none,project/src/parsers/compatibility/postgresql/postgresql_dialect.cpp#kPatterns:postgresql.transaction.start,PARSER_REMAP_ONLY,parser remap lead
project/src/parsers/compatibility/postgresql,postgresql.transaction.commit,kAdmittedSblr;match=COMMIT;mapping=postgresql.transaction.commit;sblr=SBLR_TRANSACTION_COMMIT;engine_api=EngineCommitTransaction;diagnostic=none,project/src/parsers/compatibility/postgresql/postgresql_dialect.cpp#kPatterns:postgresql.transaction.commit,PARSER_REMAP_ONLY,parser remap lead
project/src/parsers/compatibility/postgresql,postgresql.transaction.rollback,kAdmittedSblr;match=ROLLBACK;mapping=postgresql.transaction.rollback;sblr=SBLR_TRANSACTION_ROLLBACK;engine_api=EngineRollbackTransaction;diagnostic=none,project/src/parsers/compatibility/postgresql/postgresql_dialect.cpp#kPatterns:postgresql.transaction.rollback,PARSER_REMAP_ONLY,parser remap lead
project/src/parsers/compatibility/postgresql,postgresql.transaction.savepoint,kAdmittedSblr;match=SAVEPOINT;mapping=postgresql.transaction.savepoint;sblr=SBLR_TRANSACTION_SAVEPOINT;engine_api=EngineSavepoint;diagnostic=none,project/src/parsers/compatibility/postgresql/postgresql_dialect.cpp#kPatterns:postgresql.transaction.savepoint,PARSER_REMAP_ONLY,parser remap lead
project/src/parsers/compatibility/postgresql,postgresql.transaction.release_savepoint,kAdmittedSblr;match=RELEASE SAVEPOINT;mapping=postgresql.transaction.release_savepoint;sblr=SBLR_TRANSACTION_RELEASE_SAVEPOINT;engine_api=EngineReleaseSavepoint;diagnostic=none,project/src/parsers/compatibility/postgresql/postgresql_dialect.cpp#kPatterns:postgresql.transaction.release_savepoint,PARSER_REMAP_ONLY,parser remap lead
project/src/parsers/compatibility/postgresql,postgresql.transaction.prepare_transaction,kUnsupportedRefusal;match=PREPARE TRANSACTION;mapping=postgresql.policy.transaction.prepare_transaction;sblr=none;engine_api=none;diagnostic=POSTGRESQL.AUTHORITY.PREPARE_TRANSACTION_DENIED,project/src/parsers/compatibility/postgresql/postgresql_dialect.cpp#kPatterns:postgresql.transaction.prepare_transaction,ARCHITECTURE_REFUSAL,parser remap lead
project/src/parsers/compatibility/postgresql,postgresql.prepared.prepare,kAdmittedSblr;match=PREPARE;mapping=postgresql.prepared.prepare;sblr=SBLR_COMPAT_POSTGRESQL_PREPARE;engine_api=EnginePrepareStatement;diagnostic=none,project/src/parsers/compatibility/postgresql/postgresql_dialect.cpp#kPatterns:postgresql.prepared.prepare,PARSER_REMAP_ONLY,parser remap lead
project/src/parsers/compatibility/postgresql,postgresql.prepared.execute,kAdmittedSblr;match=EXECUTE;mapping=postgresql.prepared.execute;sblr=SBLR_COMPAT_POSTGRESQL_EXECUTE;engine_api=EngineExecuteStatement;diagnostic=none,project/src/parsers/compatibility/postgresql/postgresql_dialect.cpp#kPatterns:postgresql.prepared.execute,PARSER_REMAP_ONLY,parser remap lead
project/src/parsers/compatibility/postgresql,postgresql.prepared.deallocate,kAdmittedSblr;match=DEALLOCATE;mapping=postgresql.prepared.deallocate;sblr=SBLR_COMPAT_POSTGRESQL_DEALLOCATE;engine_api=EngineDeallocateStatement;diagnostic=none,project/src/parsers/compatibility/postgresql/postgresql_dialect.cpp#kPatterns:postgresql.prepared.deallocate,PARSER_REMAP_ONLY,parser remap lead
project/src/parsers/compatibility/postgresql,postgresql.cursor.declare,kAdmittedSblr;match=DECLARE;mapping=postgresql.cursor.declare;sblr=SBLR_COMPAT_POSTGRESQL_CURSOR_DECLARE;engine_api=EngineCursorDeclare;diagnostic=none,project/src/parsers/compatibility/postgresql/postgresql_dialect.cpp#kPatterns:postgresql.cursor.declare,PARSER_REMAP_ONLY,parser remap lead
project/src/parsers/compatibility/postgresql,postgresql.cursor.fetch,kAdmittedSblr;match=FETCH;mapping=postgresql.cursor.fetch;sblr=SBLR_COMPAT_POSTGRESQL_CURSOR_FETCH;engine_api=EngineCursorFetch;diagnostic=none,project/src/parsers/compatibility/postgresql/postgresql_dialect.cpp#kPatterns:postgresql.cursor.fetch,PARSER_REMAP_ONLY,parser remap lead
project/src/parsers/compatibility/postgresql,postgresql.cursor.move,kAdmittedSblr;match=MOVE;mapping=postgresql.cursor.move;sblr=SBLR_COMPAT_POSTGRESQL_CURSOR_MOVE;engine_api=EngineCursorMove;diagnostic=none,project/src/parsers/compatibility/postgresql/postgresql_dialect.cpp#kPatterns:postgresql.cursor.move,PARSER_REMAP_ONLY,parser remap lead
project/src/parsers/compatibility/postgresql,postgresql.cursor.close,kAdmittedSblr;match=CLOSE;mapping=postgresql.cursor.close;sblr=SBLR_COMPAT_POSTGRESQL_CURSOR_CLOSE;engine_api=EngineCursorClose;diagnostic=none,project/src/parsers/compatibility/postgresql/postgresql_dialect.cpp#kPatterns:postgresql.cursor.close,PARSER_REMAP_ONLY,parser remap lead
project/src/parsers/compatibility/postgresql,postgresql.locking.lock_table,kAdmittedSblr;match=LOCK TABLE;mapping=postgresql.locking.lock_table;sblr=SBLR_COMPAT_POSTGRESQL_LOCK_TABLE;engine_api=EngineLockTable;diagnostic=none,project/src/parsers/compatibility/postgresql/postgresql_dialect.cpp#kPatterns:postgresql.locking.lock_table,PARSER_REMAP_ONLY,parser remap lead
project/src/parsers/compatibility/postgresql,postgresql.security.security_label,kParserSupportUdr;match=SECURITY LABEL;mapping=postgresql.udr.security.security_label;sblr=SBLR_COMPAT_POSTGRESQL_SECURITY_ROUTE;engine_api=ParserSupportSecurityRoute;diagnostic=POSTGRESQL.EMULATION.SECURITY_ROUTE,project/src/parsers/compatibility/postgresql/postgresql_dialect.cpp#kPatterns:postgresql.security.security_label,IMPLEMENT_NONCLUSTER,parser remap lead
project/src/parsers/compatibility/postgresql,postgresql.ddl.create,kAdmittedSblr;match=CREATE;mapping=postgresql.ddl.create;sblr=SBLR_COMPAT_POSTGRESQL_DDL_CREATE;engine_api=EngineDdlCreate;diagnostic=none,project/src/parsers/compatibility/postgresql/postgresql_dialect.cpp#kPatterns:postgresql.ddl.create,PARSER_REMAP_ONLY,parser remap lead
project/src/parsers/compatibility/postgresql,postgresql.ddl.alter,kAdmittedSblr;match=ALTER;mapping=postgresql.ddl.alter;sblr=SBLR_COMPAT_POSTGRESQL_DDL_ALTER;engine_api=EngineDdlAlter;diagnostic=none,project/src/parsers/compatibility/postgresql/postgresql_dialect.cpp#kPatterns:postgresql.ddl.alter,PARSER_REMAP_ONLY,parser remap lead
project/src/parsers/compatibility/postgresql,postgresql.ddl.drop,kAdmittedSblr;match=DROP;mapping=postgresql.ddl.drop;sblr=SBLR_COMPAT_POSTGRESQL_DDL_DROP;engine_api=EngineDdlDrop;diagnostic=none,project/src/parsers/compatibility/postgresql/postgresql_dialect.cpp#kPatterns:postgresql.ddl.drop,PARSER_REMAP_ONLY,parser remap lead
project/src/parsers/compatibility/postgresql,postgresql.ddl.comment,kAdmittedSblr;match=COMMENT;mapping=postgresql.ddl.comment;sblr=SBLR_COMPAT_POSTGRESQL_DDL_COMMENT;engine_api=EngineDdlComment;diagnostic=none,project/src/parsers/compatibility/postgresql/postgresql_dialect.cpp#kPatterns:postgresql.ddl.comment,PARSER_REMAP_ONLY,parser remap lead
project/src/parsers/compatibility/postgresql,postgresql.ddl.truncate,kAdmittedSblr;match=TRUNCATE;mapping=postgresql.ddl.truncate;sblr=SBLR_COMPAT_POSTGRESQL_DDL_TRUNCATE;engine_api=EngineDdlTruncate;diagnostic=none,project/src/parsers/compatibility/postgresql/postgresql_dialect.cpp#kPatterns:postgresql.ddl.truncate,PARSER_REMAP_ONLY,parser remap lead
project/src/parsers/compatibility/postgresql,postgresql.dml.merge,kAdmittedSblr;match=MERGE;mapping=postgresql.dml.merge;sblr=SBLR_COMPAT_POSTGRESQL_MERGE;engine_api=EngineDmlMerge;diagnostic=none,project/src/parsers/compatibility/postgresql/postgresql_dialect.cpp#kPatterns:postgresql.dml.merge,PARSER_REMAP_ONLY,parser remap lead
project/src/parsers/compatibility/postgresql,postgresql.dml.insert,kAdmittedSblr;match=INSERT;mapping=postgresql.dml.insert;sblr=SBLR_COMPAT_POSTGRESQL_INSERT;engine_api=EngineDmlInsert;diagnostic=none,project/src/parsers/compatibility/postgresql/postgresql_dialect.cpp#kPatterns:postgresql.dml.insert,PARSER_REMAP_ONLY,parser remap lead
project/src/parsers/compatibility/postgresql,postgresql.dml.update,kAdmittedSblr;match=UPDATE;mapping=postgresql.dml.update;sblr=SBLR_COMPAT_POSTGRESQL_UPDATE;engine_api=EngineDmlUpdate;diagnostic=none,project/src/parsers/compatibility/postgresql/postgresql_dialect.cpp#kPatterns:postgresql.dml.update,PARSER_REMAP_ONLY,parser remap lead
project/src/parsers/compatibility/postgresql,postgresql.dml.delete,kAdmittedSblr;match=DELETE;mapping=postgresql.dml.delete;sblr=SBLR_COMPAT_POSTGRESQL_DELETE;engine_api=EngineDmlDelete;diagnostic=none,project/src/parsers/compatibility/postgresql/postgresql_dialect.cpp#kPatterns:postgresql.dml.delete,PARSER_REMAP_ONLY,parser remap lead
project/src/parsers/compatibility/postgresql,postgresql.query.select,kAdmittedSblr;match=SELECT;mapping=postgresql.query.select;sblr=SBLR_COMPAT_POSTGRESQL_SELECT;engine_api=EngineQuerySelect;diagnostic=none,project/src/parsers/compatibility/postgresql/postgresql_dialect.cpp#kPatterns:postgresql.query.select,PARSER_REMAP_ONLY,parser remap lead
project/src/parsers/compatibility/postgresql,postgresql.query.with,kAdmittedSblr;match=WITH;mapping=postgresql.query.with;sblr=SBLR_COMPAT_POSTGRESQL_SELECT;engine_api=EngineQuerySelect;diagnostic=none,project/src/parsers/compatibility/postgresql/postgresql_dialect.cpp#kPatterns:postgresql.query.with,PARSER_REMAP_ONLY,parser remap lead
project/src/parsers/compatibility/postgresql,datatype_surface:numeric,descriptor;surface=SMALLINT;INTEGER;BIGINT;NUMERIC;DECIMAL;REAL;DOUBLE PRECISION;MONEY,project/src/parsers/compatibility/postgresql/postgresql_dialect.cpp#kDatatypeSurfaces:numeric,DOCUMENTATION_ONLY,inventory classification lead
project/src/parsers/compatibility/postgresql,datatype_surface:serial_identity,descriptor_policy;surface=SMALLSERIAL;SERIAL;BIGSERIAL;IDENTITY,project/src/parsers/compatibility/postgresql/postgresql_dialect.cpp#kDatatypeSurfaces:serial_identity,DOCUMENTATION_ONLY,inventory classification lead
project/src/parsers/compatibility/postgresql,datatype_surface:text,descriptor;surface=CHAR;VARCHAR;TEXT;NAME,project/src/parsers/compatibility/postgresql/postgresql_dialect.cpp#kDatatypeSurfaces:text,DOCUMENTATION_ONLY,inventory classification lead
project/src/parsers/compatibility/postgresql,datatype_surface:binary,descriptor;surface=BYTEA,project/src/parsers/compatibility/postgresql/postgresql_dialect.cpp#kDatatypeSurfaces:binary,DOCUMENTATION_ONLY,inventory classification lead
project/src/parsers/compatibility/postgresql,datatype_surface:temporal,descriptor;surface=DATE;TIME;TIMETZ;TIMESTAMP;TIMESTAMPTZ;INTERVAL,project/src/parsers/compatibility/postgresql/postgresql_dialect.cpp#kDatatypeSurfaces:temporal,DOCUMENTATION_ONLY,inventory classification lead
project/src/parsers/compatibility/postgresql,datatype_surface:boolean_uuid,descriptor;surface=BOOLEAN;UUID,project/src/parsers/compatibility/postgresql/postgresql_dialect.cpp#kDatatypeSurfaces:boolean_uuid,DOCUMENTATION_ONLY,inventory classification lead
project/src/parsers/compatibility/postgresql,datatype_surface:json_xml,descriptor;surface=JSON;JSONB;JSONPATH;XML,project/src/parsers/compatibility/postgresql/postgresql_dialect.cpp#kDatatypeSurfaces:json_xml,DOCUMENTATION_ONLY,inventory classification lead
project/src/parsers/compatibility/postgresql,datatype_surface:array,descriptor;surface=ARRAY;[],project/src/parsers/compatibility/postgresql/postgresql_dialect.cpp#kDatatypeSurfaces:array,DOCUMENTATION_ONLY,inventory classification lead
project/src/parsers/compatibility/postgresql,datatype_surface:range_multirange,parser_support_udr;surface=INT4RANGE;INT8RANGE;NUMRANGE;DATERANGE;TSRANGE;TSTZRANGE,project/src/parsers/compatibility/postgresql/postgresql_dialect.cpp#kDatatypeSurfaces:range_multirange,IMPLEMENT_NONCLUSTER,inventory classification lead
project/src/parsers/compatibility/postgresql,datatype_surface:network,descriptor;surface=CIDR;INET;MACADDR;MACADDR8,project/src/parsers/compatibility/postgresql/postgresql_dialect.cpp#kDatatypeSurfaces:network,DOCUMENTATION_ONLY,inventory classification lead
project/src/parsers/compatibility/postgresql,datatype_surface:geometric,parser_support_udr;surface=POINT;LINE;LSEG;BOX;PATH;POLYGON;CIRCLE,project/src/parsers/compatibility/postgresql/postgresql_dialect.cpp#kDatatypeSurfaces:geometric,IMPLEMENT_NONCLUSTER,inventory classification lead
project/src/parsers/compatibility/postgresql,datatype_surface:domain_enum_composite,catalog_policy;surface=DOMAIN;ENUM;COMPOSITE,project/src/parsers/compatibility/postgresql/postgresql_dialect.cpp#kDatatypeSurfaces:domain_enum_composite,PARSER_REMAP_ONLY,inventory classification lead
project/src/parsers/compatibility/postgresql,builtin_function_surface:aggregate,sblr;surface=COUNT;SUM;AVG;MIN;MAX;STRING_AGG;ARRAY_AGG;JSON_AGG,project/src/parsers/compatibility/postgresql/postgresql_dialect.cpp#kBuiltinSurfaces:aggregate,PARSER_REMAP_ONLY,inventory classification lead
project/src/parsers/compatibility/postgresql,builtin_function_surface:window,sblr;surface=ROW_NUMBER;RANK;DENSE_RANK;LAG;LEAD;NTILE,project/src/parsers/compatibility/postgresql/postgresql_dialect.cpp#kBuiltinSurfaces:window,PARSER_REMAP_ONLY,inventory classification lead
project/src/parsers/compatibility/postgresql,builtin_function_surface:string,sblr;surface=LOWER;UPPER;SUBSTRING;TRIM;POSITION;OVERLAY,project/src/parsers/compatibility/postgresql/postgresql_dialect.cpp#kBuiltinSurfaces:string,PARSER_REMAP_ONLY,inventory classification lead
project/src/parsers/compatibility/postgresql,builtin_function_surface:numeric,sblr;surface=ABS;ROUND;POWER;SQRT;MOD;WIDTH_BUCKET,project/src/parsers/compatibility/postgresql/postgresql_dialect.cpp#kBuiltinSurfaces:numeric,PARSER_REMAP_ONLY,inventory classification lead
project/src/parsers/compatibility/postgresql,builtin_function_surface:temporal,sblr;surface=NOW;CURRENT_TIMESTAMP;DATE_PART;DATE_TRUNC;EXTRACT,project/src/parsers/compatibility/postgresql/postgresql_dialect.cpp#kBuiltinSurfaces:temporal,PARSER_REMAP_ONLY,inventory classification lead
project/src/parsers/compatibility/postgresql,builtin_function_surface:json,parser_support_udr;surface=JSONB_*;JSON_*,project/src/parsers/compatibility/postgresql/postgresql_dialect.cpp#kBuiltinSurfaces:json,IMPLEMENT_NONCLUSTER,inventory classification lead
project/src/parsers/compatibility/postgresql,builtin_function_surface:array,parser_support_udr;surface=ARRAY_APPEND;ARRAY_REMOVE;UNNEST,project/src/parsers/compatibility/postgresql/postgresql_dialect.cpp#kBuiltinSurfaces:array,IMPLEMENT_NONCLUSTER,inventory classification lead
project/src/parsers/compatibility/postgresql,builtin_function_surface:fulltext,sblr_optional;surface=TO_TSVECTOR;TO_TSQUERY;TS_RANK,project/src/parsers/compatibility/postgresql/postgresql_dialect.cpp#kBuiltinSurfaces:fulltext,DOCUMENTATION_ONLY,inventory classification lead
project/src/parsers/compatibility/postgresql,builtin_function_surface:uuid,parser_support_udr;surface=GEN_RANDOM_UUID;UUID_*,project/src/parsers/compatibility/postgresql/postgresql_dialect.cpp#kBuiltinSurfaces:uuid,IMPLEMENT_NONCLUSTER,inventory classification lead
project/src/parsers/compatibility/postgresql,builtin_function_surface:large_object,parser_support_udr;surface=LO_*,project/src/parsers/compatibility/postgresql/postgresql_dialect.cpp#kBuiltinSurfaces:large_object,IMPLEMENT_NONCLUSTER,inventory classification lead
project/src/parsers/compatibility/postgresql,builtin_function_surface:security,catalog_projection;surface=CURRENT_USER;SESSION_USER;CURRENT_ROLE,project/src/parsers/compatibility/postgresql/postgresql_dialect.cpp#kBuiltinSurfaces:security,PARSER_REMAP_ONLY,inventory classification lead
project/src/parsers/compatibility/postgresql,builtin_function_surface:catalog,catalog_projection;surface=PG_*_IS_VISIBLE;FORMAT_TYPE,project/src/parsers/compatibility/postgresql/postgresql_dialect.cpp#kBuiltinSurfaces:catalog,PARSER_REMAP_ONLY,inventory classification lead
project/src/parsers/compatibility/postgresql,builtin_function_surface:extension,trusted_package_or_refusal;surface=extension-defined functions,project/src/parsers/compatibility/postgresql/postgresql_dialect.cpp#kBuiltinSurfaces:extension,DOCUMENTATION_ONLY,inventory classification lead
project/src/parsers/compatibility/postgresql,catalog_overlay_surface:pg_catalog,catalog_projection;surface=PG_CATALOG.,project/src/parsers/compatibility/postgresql/postgresql_dialect.cpp#kCatalogSurfaces:pg_catalog,PARSER_REMAP_ONLY,inventory classification lead
project/src/parsers/compatibility/postgresql,catalog_overlay_surface:information_schema,catalog_projection;surface=INFORMATION_SCHEMA.,project/src/parsers/compatibility/postgresql/postgresql_dialect.cpp#kCatalogSurfaces:information_schema,PARSER_REMAP_ONLY,inventory classification lead
project/src/parsers/compatibility/postgresql,catalog_overlay_surface:statistics,catalog_projection;surface=PG_STAT_;PG_STATIO_;PG_STATISTIC,project/src/parsers/compatibility/postgresql/postgresql_dialect.cpp#kCatalogSurfaces:statistics,PARSER_REMAP_ONLY,inventory classification lead
project/src/parsers/compatibility/postgresql,catalog_overlay_surface:roles_security,catalog_projection;surface=PG_AUTHID;PG_ROLES;PG_POLICY,project/src/parsers/compatibility/postgresql/postgresql_dialect.cpp#kCatalogSurfaces:roles_security,PARSER_REMAP_ONLY,inventory classification lead
project/src/parsers/compatibility/postgresql,catalog_overlay_surface:namespace_relation,catalog_projection;surface=PG_NAMESPACE;PG_CLASS;PG_ATTRIBUTE;PG_TYPE,project/src/parsers/compatibility/postgresql/postgresql_dialect.cpp#kCatalogSurfaces:namespace_relation,PARSER_REMAP_ONLY,inventory classification lead
project/src/parsers/compatibility/postgresql,catalog_overlay_surface:proc_language,catalog_projection;surface=PG_PROC;PG_LANGUAGE;PG_TRIGGER;PG_REWRITE,project/src/parsers/compatibility/postgresql/postgresql_dialect.cpp#kCatalogSurfaces:proc_language,PARSER_REMAP_ONLY,inventory classification lead
project/src/parsers/compatibility/postgresql,catalog_overlay_surface:extension,catalog_projection;surface=PG_EXTENSION;PG_DEPEND;PG_DESCRIPTION,project/src/parsers/compatibility/postgresql/postgresql_dialect.cpp#kCatalogSurfaces:extension,PARSER_REMAP_ONLY,inventory classification lead
project/src/parsers/compatibility/postgresql,catalog_overlay_surface:replication,catalog_projection;surface=PG_PUBLICATION;PG_SUBSCRIPTION;PG_REPLICATION_SLOTS,project/src/parsers/compatibility/postgresql/postgresql_dialect.cpp#kCatalogSurfaces:replication,NORMALIZE_CLUSTER,inventory classification lead
project/src/parsers/compatibility/postgresql,catalog_overlay_surface:fdw,catalog_projection;surface=PG_FOREIGN_DATA_WRAPPER;PG_FOREIGN_SERVER;PG_USER_MAPPING,project/src/parsers/compatibility/postgresql/postgresql_dialect.cpp#kCatalogSurfaces:fdw,PARSER_REMAP_ONLY,inventory classification lead
project/src/parsers/compatibility/postgresql,diagnostic_surface:parse,parser;surface=POSTGRESQL.PARSE.INVALID_INPUT;POSTGRESQL.PARSE.UNSUPPORTED_SURFACE,project/src/parsers/compatibility/postgresql/postgresql_dialect.cpp#kDiagnosticSurfaces:parse,PARSER_REMAP_ONLY,inventory classification lead
project/src/parsers/compatibility/postgresql,diagnostic_surface:file,fail_closed;surface=POSTGRESQL.AUTHORITY.FILE_IO_DENIED,project/src/parsers/compatibility/postgresql/postgresql_dialect.cpp#kDiagnosticSurfaces:file,ARCHITECTURE_REFUSAL,inventory classification lead
project/src/parsers/compatibility/postgresql,diagnostic_surface:program,fail_closed;surface=POSTGRESQL.AUTHORITY.PROGRAM_DENIED,project/src/parsers/compatibility/postgresql/postgresql_dialect.cpp#kDiagnosticSurfaces:program,ARCHITECTURE_REFUSAL,inventory classification lead
project/src/parsers/compatibility/postgresql,diagnostic_surface:tablespace,fail_closed;surface=POSTGRESQL.AUTHORITY.TABLESPACE_DENIED,project/src/parsers/compatibility/postgresql/postgresql_dialect.cpp#kDiagnosticSurfaces:tablespace,ARCHITECTURE_REFUSAL,inventory classification lead
project/src/parsers/compatibility/postgresql,diagnostic_surface:system,fail_closed;surface=POSTGRESQL.AUTHORITY.SYSTEM_DENIED,project/src/parsers/compatibility/postgresql/postgresql_dialect.cpp#kDiagnosticSurfaces:system,ARCHITECTURE_REFUSAL,inventory classification lead
project/src/parsers/compatibility/postgresql,diagnostic_surface:copy,parser_support_udr;surface=POSTGRESQL.EMULATION.COPY_ROUTE,project/src/parsers/compatibility/postgresql/postgresql_dialect.cpp#kDiagnosticSurfaces:copy,IMPLEMENT_NONCLUSTER,inventory classification lead
project/src/parsers/compatibility/postgresql,diagnostic_surface:extension,parser_support_udr;surface=POSTGRESQL.EMULATION.EXTENSION_ROUTE,project/src/parsers/compatibility/postgresql/postgresql_dialect.cpp#kDiagnosticSurfaces:extension,IMPLEMENT_NONCLUSTER,inventory classification lead
project/src/parsers/compatibility/postgresql,diagnostic_surface:connector,parser_support_udr;surface=POSTGRESQL.EMULATION.CONNECTOR_ROUTE,project/src/parsers/compatibility/postgresql/postgresql_dialect.cpp#kDiagnosticSurfaces:connector,EXTERNAL_AUTHORITY,inventory classification lead
project/src/parsers/compatibility/postgresql,diagnostic_surface:replication,parser_support_udr;surface=POSTGRESQL.EMULATION.REPLICATION_ROUTE,project/src/parsers/compatibility/postgresql/postgresql_dialect.cpp#kDiagnosticSurfaces:replication,NORMALIZE_CLUSTER,inventory classification lead
project/src/parsers/compatibility/postgresql,diagnostic_surface:maintenance,parser_support_udr;surface=POSTGRESQL.EMULATION.MAINTENANCE_ROUTE,project/src/parsers/compatibility/postgresql/postgresql_dialect.cpp#kDiagnosticSurfaces:maintenance,IMPLEMENT_NONCLUSTER,inventory classification lead
project/src/parsers/compatibility/postgresql,diagnostic_surface:security,parser_support_udr;surface=POSTGRESQL.EMULATION.SECURITY_ROUTE,project/src/parsers/compatibility/postgresql/postgresql_dialect.cpp#kDiagnosticSurfaces:security,IMPLEMENT_NONCLUSTER,inventory classification lead
project/src/parsers/compatibility/postgresql,diagnostic_surface:transaction,fail_closed;surface=POSTGRESQL.AUTHORITY.PREPARE_TRANSACTION_DENIED,project/src/parsers/compatibility/postgresql/postgresql_dialect.cpp#kDiagnosticSurfaces:transaction,ARCHITECTURE_REFUSAL,inventory classification lead
project/src/parsers/compatibility/postgresql,source_marker:unsupported,source_marker_requires_review,project/src/parsers/compatibility/postgresql/postgresql_dialect.cpp#marker:unsupported,ARCHITECTURE_REFUSAL,inventory classification lead
project/src/parsers/compatibility/redis,redis.persistence.save,kParserSupportUdr;match=SAVE;mapping=redis.udr.persistence.save;sblr=SBLR_COMPAT_REDIS_PERSISTENCE_ROUTE;engine_api=ParserSupportPersistenceRoute;diagnostic=REDIS.EMULATION.PERSISTENCE_ROUTE,project/src/parsers/compatibility/redis/redis_dialect.cpp#kPatterns:redis.persistence.save,IMPLEMENT_NONCLUSTER,parser remap lead
project/src/parsers/compatibility/redis,redis.persistence.bgsave,kParserSupportUdr;match=BGSAVE;mapping=redis.udr.persistence.bgsave;sblr=SBLR_COMPAT_REDIS_PERSISTENCE_ROUTE;engine_api=ParserSupportPersistenceRoute;diagnostic=REDIS.EMULATION.PERSISTENCE_ROUTE,project/src/parsers/compatibility/redis/redis_dialect.cpp#kPatterns:redis.persistence.bgsave,IMPLEMENT_NONCLUSTER,parser remap lead
project/src/parsers/compatibility/redis,redis.persistence.bgrewriteaof,kParserSupportUdr;match=BGREWRITEAOF;mapping=redis.udr.persistence.aof;sblr=SBLR_COMPAT_REDIS_PERSISTENCE_ROUTE;engine_api=ParserSupportPersistenceRoute;diagnostic=REDIS.EMULATION.PERSISTENCE_ROUTE,project/src/parsers/compatibility/redis/redis_dialect.cpp#kPatterns:redis.persistence.bgrewriteaof,IMPLEMENT_NONCLUSTER,parser remap lead
project/src/parsers/compatibility/redis,redis.admin.config,kParserSupportUdr;match=CONFIG;mapping=redis.udr.config;sblr=SBLR_COMPAT_REDIS_CONFIG_ROUTE;engine_api=ParserSupportConfigRoute;diagnostic=REDIS.EMULATION.CONFIG_ROUTE,project/src/parsers/compatibility/redis/redis_dialect.cpp#kPatterns:redis.admin.config,IMPLEMENT_NONCLUSTER,parser remap lead
project/src/parsers/compatibility/redis,redis.module.command,kParserSupportUdr;match=MODULE;mapping=redis.udr.module;sblr=SBLR_COMPAT_REDIS_MODULE_ROUTE;engine_api=ParserSupportModuleRoute;diagnostic=REDIS.EMULATION.MODULE_ROUTE,project/src/parsers/compatibility/redis/redis_dialect.cpp#kPatterns:redis.module.command,IMPLEMENT_NONCLUSTER,parser remap lead
project/src/parsers/compatibility/redis,redis.cluster.command,kPolicyRefusal;match=CLUSTER;mapping=redis.policy.cluster;sblr=none;engine_api=none;diagnostic=REDIS.AUTHORITY.CLUSTER_DENIED,project/src/parsers/compatibility/redis/redis_dialect.cpp#kPatterns:redis.cluster.command,NORMALIZE_CLUSTER,parser remap lead
project/src/parsers/compatibility/redis,redis.replication.replicaof,kPolicyRefusal;match=REPLICAOF;mapping=redis.policy.replication;sblr=none;engine_api=none;diagnostic=REDIS.AUTHORITY.REPLICATION_DENIED,project/src/parsers/compatibility/redis/redis_dialect.cpp#kPatterns:redis.replication.replicaof,NORMALIZE_CLUSTER,parser remap lead
project/src/parsers/compatibility/redis,redis.replication.slaveof,kPolicyRefusal;match=SLAVEOF;mapping=redis.policy.replication;sblr=none;engine_api=none;diagnostic=REDIS.AUTHORITY.REPLICATION_DENIED,project/src/parsers/compatibility/redis/redis_dialect.cpp#kPatterns:redis.replication.slaveof,NORMALIZE_CLUSTER,parser remap lead
project/src/parsers/compatibility/redis,redis.admin.flushall,kParserSupportUdr;match=FLUSHALL;mapping=redis.udr.flush;sblr=SBLR_COMPAT_REDIS_FLUSH_ROUTE;engine_api=ParserSupportFlushRoute;diagnostic=REDIS.EMULATION.FLUSH_ROUTE,project/src/parsers/compatibility/redis/redis_dialect.cpp#kPatterns:redis.admin.flushall,IMPLEMENT_NONCLUSTER,parser remap lead
project/src/parsers/compatibility/redis,redis.admin.flushdb,kParserSupportUdr;match=FLUSHDB;mapping=redis.udr.flush;sblr=SBLR_COMPAT_REDIS_FLUSH_ROUTE;engine_api=ParserSupportFlushRoute;diagnostic=REDIS.EMULATION.FLUSH_ROUTE,project/src/parsers/compatibility/redis/redis_dialect.cpp#kPatterns:redis.admin.flushdb,IMPLEMENT_NONCLUSTER,parser remap lead
project/src/parsers/compatibility/redis,redis.network.migrate,kParserSupportUdr;match=MIGRATE;mapping=redis.udr.migrate;sblr=SBLR_COMPAT_REDIS_MIGRATE_ROUTE;engine_api=ParserSupportNetworkRoute;diagnostic=REDIS.EMULATION.MIGRATE_ROUTE,project/src/parsers/compatibility/redis/redis_dialect.cpp#kPatterns:redis.network.migrate,IMPLEMENT_NONCLUSTER,parser remap lead
project/src/parsers/compatibility/redis,redis.script.evalsha,kParserSupportUdr;match=EVALSHA;mapping=redis.udr.script.evalsha;sblr=SBLR_COMPAT_REDIS_SCRIPT_ROUTE;engine_api=ParserSupportScriptRoute;diagnostic=REDIS.EMULATION.SCRIPT_ROUTE,project/src/parsers/compatibility/redis/redis_dialect.cpp#kPatterns:redis.script.evalsha,IMPLEMENT_NONCLUSTER,parser remap lead
project/src/parsers/compatibility/redis,redis.script.eval,kParserSupportUdr;match=EVAL;mapping=redis.udr.script.eval;sblr=SBLR_COMPAT_REDIS_SCRIPT_ROUTE;engine_api=ParserSupportScriptRoute;diagnostic=REDIS.EMULATION.SCRIPT_ROUTE,project/src/parsers/compatibility/redis/redis_dialect.cpp#kPatterns:redis.script.eval,IMPLEMENT_NONCLUSTER,parser remap lead
project/src/parsers/compatibility/redis,redis.function.command,kParserSupportUdr;match=FUNCTION;mapping=redis.udr.function;sblr=SBLR_COMPAT_REDIS_FUNCTION_ROUTE;engine_api=ParserSupportFunctionRoute;diagnostic=REDIS.EMULATION.FUNCTION_ROUTE,project/src/parsers/compatibility/redis/redis_dialect.cpp#kPatterns:redis.function.command,IMPLEMENT_NONCLUSTER,parser remap lead
project/src/parsers/compatibility/redis,redis.security.acl,kParserSupportUdr;match=ACL;mapping=redis.udr.security.acl;sblr=SBLR_COMPAT_REDIS_SECURITY_ROUTE;engine_api=ParserSupportSecurityRoute;diagnostic=REDIS.EMULATION.SECURITY_ROUTE,project/src/parsers/compatibility/redis/redis_dialect.cpp#kPatterns:redis.security.acl,IMPLEMENT_NONCLUSTER,parser remap lead
project/src/parsers/compatibility/redis,redis.stream.xadd,kAdmittedSblr;match=XADD;mapping=redis.stream.xadd;sblr=SBLR_COMPAT_REDIS_STREAM_XADD;engine_api=EngineStreamAppend;diagnostic=none,project/src/parsers/compatibility/redis/redis_dialect.cpp#kPatterns:redis.stream.xadd,PARSER_REMAP_ONLY,parser remap lead
project/src/parsers/compatibility/redis,redis.stream.xread,kAdmittedSblr;match=XREAD;mapping=redis.stream.xread;sblr=SBLR_COMPAT_REDIS_STREAM_XREAD;engine_api=EngineStreamRead;diagnostic=none,project/src/parsers/compatibility/redis/redis_dialect.cpp#kPatterns:redis.stream.xread,PARSER_REMAP_ONLY,parser remap lead
project/src/parsers/compatibility/redis,redis.stream.xgroup,kParserSupportUdr;match=XGROUP;mapping=redis.udr.stream.xgroup;sblr=SBLR_COMPAT_REDIS_STREAM_GROUP_ROUTE;engine_api=ParserSupportStreamGroupRoute;diagnostic=REDIS.EMULATION.STREAM_GROUP_ROUTE,project/src/parsers/compatibility/redis/redis_dialect.cpp#kPatterns:redis.stream.xgroup,IMPLEMENT_NONCLUSTER,parser remap lead
project/src/parsers/compatibility/redis,redis.kv.set,kAdmittedSblr;match=SET;mapping=redis.kv.set;sblr=SBLR_COMPAT_REDIS_SET;engine_api=EngineKvSet;diagnostic=none,project/src/parsers/compatibility/redis/redis_dialect.cpp#kPatterns:redis.kv.set,PARSER_REMAP_ONLY,parser remap lead
project/src/parsers/compatibility/redis,redis.kv.get,kAdmittedSblr;match=GET;mapping=redis.kv.get;sblr=SBLR_COMPAT_REDIS_GET;engine_api=EngineKvGet;diagnostic=none,project/src/parsers/compatibility/redis/redis_dialect.cpp#kPatterns:redis.kv.get,PARSER_REMAP_ONLY,parser remap lead
project/src/parsers/compatibility/redis,redis.kv.del,kAdmittedSblr;match=DEL;mapping=redis.kv.del;sblr=SBLR_COMPAT_REDIS_DEL;engine_api=EngineKvDelete;diagnostic=none,project/src/parsers/compatibility/redis/redis_dialect.cpp#kPatterns:redis.kv.del,PARSER_REMAP_ONLY,parser remap lead
project/src/parsers/compatibility/redis,redis.hash.hset,kAdmittedSblr;match=HSET;mapping=redis.hash.hset;sblr=SBLR_COMPAT_REDIS_HASH_SET;engine_api=EngineHashSet;diagnostic=none,project/src/parsers/compatibility/redis/redis_dialect.cpp#kPatterns:redis.hash.hset,PARSER_REMAP_ONLY,parser remap lead
project/src/parsers/compatibility/redis,redis.hash.hget,kAdmittedSblr;match=HGET;mapping=redis.hash.hget;sblr=SBLR_COMPAT_REDIS_HASH_GET;engine_api=EngineHashGet;diagnostic=none,project/src/parsers/compatibility/redis/redis_dialect.cpp#kPatterns:redis.hash.hget,PARSER_REMAP_ONLY,parser remap lead
project/src/parsers/compatibility/redis,redis.list.lpush,kAdmittedSblr;match=LPUSH;mapping=redis.list.lpush;sblr=SBLR_COMPAT_REDIS_LIST_PUSH;engine_api=EngineListPush;diagnostic=none,project/src/parsers/compatibility/redis/redis_dialect.cpp#kPatterns:redis.list.lpush,PARSER_REMAP_ONLY,parser remap lead
project/src/parsers/compatibility/redis,redis.set.sadd,kAdmittedSblr;match=SADD;mapping=redis.set.sadd;sblr=SBLR_COMPAT_REDIS_SET_ADD;engine_api=EngineSetAdd;diagnostic=none,project/src/parsers/compatibility/redis/redis_dialect.cpp#kPatterns:redis.set.sadd,PARSER_REMAP_ONLY,parser remap lead
project/src/parsers/compatibility/redis,redis.zset.zadd,kAdmittedSblr;match=ZADD;mapping=redis.zset.zadd;sblr=SBLR_COMPAT_REDIS_ZSET_ADD;engine_api=EngineSortedSetAdd;diagnostic=none,project/src/parsers/compatibility/redis/redis_dialect.cpp#kPatterns:redis.zset.zadd,PARSER_REMAP_ONLY,parser remap lead
project/src/parsers/compatibility/redis,redis.counter.incr,kAdmittedSblr;match=INCR;mapping=redis.counter.incr;sblr=SBLR_COMPAT_REDIS_COUNTER_INCR;engine_api=EngineCounterIncrement;diagnostic=none,project/src/parsers/compatibility/redis/redis_dialect.cpp#kPatterns:redis.counter.incr,PARSER_REMAP_ONLY,parser remap lead
project/src/parsers/compatibility/redis,redis.ttl.expire,kAdmittedSblr;match=EXPIRE;mapping=redis.ttl.expire;sblr=SBLR_COMPAT_REDIS_EXPIRE;engine_api=EngineTtlSet;diagnostic=none,project/src/parsers/compatibility/redis/redis_dialect.cpp#kPatterns:redis.ttl.expire,PARSER_REMAP_ONLY,parser remap lead
project/src/parsers/compatibility/redis,redis.session.select_db,kAdmittedSblr;match=SELECT;mapping=redis.session.select_db;sblr=SBLR_COMPAT_REDIS_SELECT_DB;engine_api=EngineSessionRoute;diagnostic=none,project/src/parsers/compatibility/redis/redis_dialect.cpp#kPatterns:redis.session.select_db,PARSER_REMAP_ONLY,parser remap lead
project/src/parsers/compatibility/redis,redis.transaction.multi,kAdmittedSblr;match=MULTI;mapping=redis.transaction.multi;sblr=SBLR_TRANSACTION_BEGIN;engine_api=EngineBeginTransaction;diagnostic=none,project/src/parsers/compatibility/redis/redis_dialect.cpp#kPatterns:redis.transaction.multi,PARSER_REMAP_ONLY,parser remap lead
project/src/parsers/compatibility/redis,redis.transaction.exec,kAdmittedSblr;match=EXEC;mapping=redis.transaction.exec;sblr=SBLR_TRANSACTION_COMMIT;engine_api=EngineCommitTransaction;diagnostic=none,project/src/parsers/compatibility/redis/redis_dialect.cpp#kPatterns:redis.transaction.exec,PARSER_REMAP_ONLY,parser remap lead
project/src/parsers/compatibility/redis,redis.transaction.discard,kAdmittedSblr;match=DISCARD;mapping=redis.transaction.discard;sblr=SBLR_TRANSACTION_ROLLBACK;engine_api=EngineRollbackTransaction;diagnostic=none,project/src/parsers/compatibility/redis/redis_dialect.cpp#kPatterns:redis.transaction.discard,PARSER_REMAP_ONLY,parser remap lead
project/src/parsers/compatibility/redis,datatype_surface:string,descriptor;surface=String value,project/src/parsers/compatibility/redis/redis_dialect.cpp#kDatatypeSurfaces:string,DOCUMENTATION_ONLY,inventory classification lead
project/src/parsers/compatibility/redis,datatype_surface:list,descriptor;surface=List,project/src/parsers/compatibility/redis/redis_dialect.cpp#kDatatypeSurfaces:list,DOCUMENTATION_ONLY,inventory classification lead
project/src/parsers/compatibility/redis,datatype_surface:set,descriptor;surface=Set,project/src/parsers/compatibility/redis/redis_dialect.cpp#kDatatypeSurfaces:set,DOCUMENTATION_ONLY,inventory classification lead
project/src/parsers/compatibility/redis,datatype_surface:sorted_set,descriptor;surface=Sorted set,project/src/parsers/compatibility/redis/redis_dialect.cpp#kDatatypeSurfaces:sorted_set,DOCUMENTATION_ONLY,inventory classification lead
project/src/parsers/compatibility/redis,datatype_surface:hash,descriptor;surface=Hash,project/src/parsers/compatibility/redis/redis_dialect.cpp#kDatatypeSurfaces:hash,DOCUMENTATION_ONLY,inventory classification lead
project/src/parsers/compatibility/redis,datatype_surface:stream,descriptor;surface=Stream,project/src/parsers/compatibility/redis/redis_dialect.cpp#kDatatypeSurfaces:stream,DOCUMENTATION_ONLY,inventory classification lead
project/src/parsers/compatibility/redis,datatype_surface:bitmap,descriptor;surface=Bitmap,project/src/parsers/compatibility/redis/redis_dialect.cpp#kDatatypeSurfaces:bitmap,DOCUMENTATION_ONLY,inventory classification lead
project/src/parsers/compatibility/redis,datatype_surface:hyperloglog,parser_support_udr;surface=HyperLogLog,project/src/parsers/compatibility/redis/redis_dialect.cpp#kDatatypeSurfaces:hyperloglog,IMPLEMENT_NONCLUSTER,inventory classification lead
project/src/parsers/compatibility/redis,datatype_surface:geospatial,parser_support_udr;surface=Geo set,project/src/parsers/compatibility/redis/redis_dialect.cpp#kDatatypeSurfaces:geospatial,IMPLEMENT_NONCLUSTER,inventory classification lead
project/src/parsers/compatibility/redis,datatype_surface:vector_set,parser_support_udr;surface=Vector set,project/src/parsers/compatibility/redis/redis_dialect.cpp#kDatatypeSurfaces:vector_set,IMPLEMENT_NONCLUSTER,inventory classification lead
project/src/parsers/compatibility/redis,builtin_function_surface:kv,sblr;surface=GET;SET;DEL;EXISTS;TYPE,project/src/parsers/compatibility/redis/redis_dialect.cpp#kBuiltinSurfaces:kv,PARSER_REMAP_ONLY,inventory classification lead
project/src/parsers/compatibility/redis,builtin_function_surface:hash,sblr;surface=HGET;HSET;HDEL;HGETALL,project/src/parsers/compatibility/redis/redis_dialect.cpp#kBuiltinSurfaces:hash,PARSER_REMAP_ONLY,inventory classification lead
project/src/parsers/compatibility/redis,builtin_function_surface:list,sblr;surface=LPUSH;RPUSH;LPOP;RPOP;LRANGE,project/src/parsers/compatibility/redis/redis_dialect.cpp#kBuiltinSurfaces:list,PARSER_REMAP_ONLY,inventory classification lead
project/src/parsers/compatibility/redis,builtin_function_surface:set,sblr;surface=SADD;SREM;SMEMBERS;SINTER,project/src/parsers/compatibility/redis/redis_dialect.cpp#kBuiltinSurfaces:set,PARSER_REMAP_ONLY,inventory classification lead
project/src/parsers/compatibility/redis,builtin_function_surface:zset,sblr;surface=ZADD;ZRANGE;ZREM,project/src/parsers/compatibility/redis/redis_dialect.cpp#kBuiltinSurfaces:zset,PARSER_REMAP_ONLY,inventory classification lead
project/src/parsers/compatibility/redis,builtin_function_surface:stream,sblr;surface=XADD;XREAD;XRANGE,project/src/parsers/compatibility/redis/redis_dialect.cpp#kBuiltinSurfaces:stream,PARSER_REMAP_ONLY,inventory classification lead
project/src/parsers/compatibility/redis,builtin_function_surface:transaction,sblr;surface=MULTI;EXEC;DISCARD;WATCH,project/src/parsers/compatibility/redis/redis_dialect.cpp#kBuiltinSurfaces:transaction,PARSER_REMAP_ONLY,inventory classification lead
project/src/parsers/compatibility/redis,builtin_function_surface:scripting,parser_support_udr;surface=EVAL;EVALSHA;FUNCTION,project/src/parsers/compatibility/redis/redis_dialect.cpp#kBuiltinSurfaces:scripting,IMPLEMENT_NONCLUSTER,inventory classification lead
project/src/parsers/compatibility/redis,builtin_function_surface:security,parser_support_udr;surface=ACL;AUTH,project/src/parsers/compatibility/redis/redis_dialect.cpp#kBuiltinSurfaces:security,IMPLEMENT_NONCLUSTER,inventory classification lead
project/src/parsers/compatibility/redis,builtin_function_surface:admin,parser_support_udr;surface=CONFIG;SAVE;MODULE;FLUSHALL;FLUSHDB;MIGRATE,project/src/parsers/compatibility/redis/redis_dialect.cpp#kBuiltinSurfaces:admin,IMPLEMENT_NONCLUSTER,inventory classification lead
project/src/parsers/compatibility/redis,catalog_overlay_surface:command_catalog,catalog_projection;surface=COMMAND;COMMAND INFO,project/src/parsers/compatibility/redis/redis_dialect.cpp#kCatalogSurfaces:command_catalog,PARSER_REMAP_ONLY,inventory classification lead
project/src/parsers/compatibility/redis,catalog_overlay_surface:keyspace,catalog_projection;surface=DBSIZE;SCAN;INFO keyspace,project/src/parsers/compatibility/redis/redis_dialect.cpp#kCatalogSurfaces:keyspace,PARSER_REMAP_ONLY,inventory classification lead
project/src/parsers/compatibility/redis,catalog_overlay_surface:server_info,catalog_projection;surface=INFO;CLIENT LIST,project/src/parsers/compatibility/redis/redis_dialect.cpp#kCatalogSurfaces:server_info,PARSER_REMAP_ONLY,inventory classification lead
project/src/parsers/compatibility/redis,catalog_overlay_surface:acl,catalog_projection;surface=ACL LIST;ACL USERS,project/src/parsers/compatibility/redis/redis_dialect.cpp#kCatalogSurfaces:acl,PARSER_REMAP_ONLY,inventory classification lead
project/src/parsers/compatibility/redis,catalog_overlay_surface:streams,catalog_projection;surface=XINFO STREAM;XINFO GROUPS,project/src/parsers/compatibility/redis/redis_dialect.cpp#kCatalogSurfaces:streams,PARSER_REMAP_ONLY,inventory classification lead
project/src/parsers/compatibility/redis,catalog_overlay_surface:cluster,cluster_control_reserved;surface=CLUSTER INFO;CLUSTER NODES,project/src/parsers/compatibility/redis/redis_dialect.cpp#kCatalogSurfaces:cluster,NORMALIZE_CLUSTER,inventory classification lead
project/src/parsers/compatibility/redis,catalog_overlay_surface:modules,parser_support_udr;surface=MODULE LIST,project/src/parsers/compatibility/redis/redis_dialect.cpp#kCatalogSurfaces:modules,IMPLEMENT_NONCLUSTER,inventory classification lead
project/src/parsers/compatibility/redis,catalog_overlay_surface:memory,catalog_projection;surface=MEMORY STATS,project/src/parsers/compatibility/redis/redis_dialect.cpp#kCatalogSurfaces:memory,PARSER_REMAP_ONLY,inventory classification lead
project/src/parsers/compatibility/redis,catalog_overlay_surface:latency,catalog_projection;surface=LATENCY LATEST,project/src/parsers/compatibility/redis/redis_dialect.cpp#kCatalogSurfaces:latency,PARSER_REMAP_ONLY,inventory classification lead
project/src/parsers/compatibility/redis,diagnostic_surface:parse,parser;surface=REDIS.PARSE.INVALID_INPUT;REDIS.PARSE.UNSUPPORTED_SURFACE,project/src/parsers/compatibility/redis/redis_dialect.cpp#kDiagnosticSurfaces:parse,PARSER_REMAP_ONLY,inventory classification lead
project/src/parsers/compatibility/redis,diagnostic_surface:policy,fail_closed;surface=REDIS.AUTHORITY.*,project/src/parsers/compatibility/redis/redis_dialect.cpp#kDiagnosticSurfaces:policy,ARCHITECTURE_REFUSAL,inventory classification lead
project/src/parsers/compatibility/redis,diagnostic_surface:udr,parser_support_udr;surface=REDIS.EMULATION.*,project/src/parsers/compatibility/redis/redis_dialect.cpp#kDiagnosticSurfaces:udr,IMPLEMENT_NONCLUSTER,inventory classification lead
project/src/parsers/compatibility/redis,diagnostic_surface:catalog,catalog_projection;surface=REDIS.CATALOG_OVERLAY.READ_ONLY,project/src/parsers/compatibility/redis/redis_dialect.cpp#kDiagnosticSurfaces:catalog,PARSER_REMAP_ONLY,inventory classification lead
project/src/parsers/compatibility/redis,diagnostic_surface:session,sblr;surface=REDIS.SESSION.*,project/src/parsers/compatibility/redis/redis_dialect.cpp#kDiagnosticSurfaces:session,PARSER_REMAP_ONLY,inventory classification lead
project/src/parsers/compatibility/redis,diagnostic_surface:transaction,sblr;surface=REDIS.TRANSACTION.*,project/src/parsers/compatibility/redis/redis_dialect.cpp#kDiagnosticSurfaces:transaction,PARSER_REMAP_ONLY,inventory classification lead
project/src/parsers/compatibility/redis,diagnostic_surface:file_effects,authority_invariant;surface=real_compatibility_file_effects=false,project/src/parsers/compatibility/redis/redis_dialect.cpp#kDiagnosticSurfaces:file_effects,DOCUMENTATION_ONLY,inventory classification lead
project/src/parsers/compatibility/redis,diagnostic_surface:compatibility_execution,authority_invariant;surface=compatibility_engine_sql_executed=false,project/src/parsers/compatibility/redis/redis_dialect.cpp#kDiagnosticSurfaces:compatibility_execution,DOCUMENTATION_ONLY,inventory classification lead
project/src/parsers/compatibility/redis,diagnostic_surface:mga,authority_invariant;surface=parser_transaction_finality_authority=false,project/src/parsers/compatibility/redis/redis_dialect.cpp#kDiagnosticSurfaces:mga,DOCUMENTATION_ONLY,inventory classification lead
project/src/parsers/compatibility/redis,diagnostic_surface:support_bundle,diagnostic_redaction;surface=source_text_redacted=true,project/src/parsers/compatibility/redis/redis_dialect.cpp#kDiagnosticSurfaces:support_bundle,DOCUMENTATION_ONLY,inventory classification lead
project/src/parsers/compatibility/redis,source_marker:unsupported,source_marker_requires_review,project/src/parsers/compatibility/redis/redis_dialect.cpp#marker:unsupported,ARCHITECTURE_REFUSAL,inventory classification lead
project/src/parsers/compatibility/sqlite,sqlite.extension.load_extension,kPolicyRefusal;match=SELECT LOAD_EXTENSION;mapping=sqlite.policy.extension.load_extension;sblr=none;engine_api=none;diagnostic=SQLITE.AUTHORITY.EXTENSION_DENIED,project/src/parsers/compatibility/sqlite/sqlite_dialect.cpp#kPatterns:sqlite.extension.load_extension,ARCHITECTURE_REFUSAL,parser remap lead
project/src/parsers/compatibility/sqlite,sqlite.extension.load_extension,kPolicyRefusal;match=LOAD_EXTENSION;mapping=sqlite.policy.extension.load_extension;sblr=none;engine_api=none;diagnostic=SQLITE.AUTHORITY.EXTENSION_DENIED,project/src/parsers/compatibility/sqlite/sqlite_dialect.cpp#kPatterns:sqlite.extension.load_extension,ARCHITECTURE_REFUSAL,parser remap lead
project/src/parsers/compatibility/sqlite,sqlite.lifecycle.attach_database,kPolicyRefusal;match=ATTACH DATABASE;mapping=sqlite.policy.file.attach_database;sblr=none;engine_api=none;diagnostic=SQLITE.AUTHORITY.FILE_IO_DENIED,project/src/parsers/compatibility/sqlite/sqlite_dialect.cpp#kPatterns:sqlite.lifecycle.attach_database,EXTERNAL_AUTHORITY,parser remap lead
project/src/parsers/compatibility/sqlite,sqlite.lifecycle.detach_database,kPolicyRefusal;match=DETACH DATABASE;mapping=sqlite.policy.file.detach_database;sblr=none;engine_api=none;diagnostic=SQLITE.AUTHORITY.FILE_IO_DENIED,project/src/parsers/compatibility/sqlite/sqlite_dialect.cpp#kPatterns:sqlite.lifecycle.detach_database,EXTERNAL_AUTHORITY,parser remap lead
project/src/parsers/compatibility/sqlite,sqlite.bulk_io.vacuum_into,kPolicyRefusal;match=VACUUM INTO;mapping=sqlite.policy.file.vacuum_into;sblr=none;engine_api=none;diagnostic=SQLITE.AUTHORITY.FILE_IO_DENIED,project/src/parsers/compatibility/sqlite/sqlite_dialect.cpp#kPatterns:sqlite.bulk_io.vacuum_into,EXTERNAL_AUTHORITY,parser remap lead
project/src/parsers/compatibility/sqlite,sqlite.bulk_io.backup,kPolicyRefusal;match=BACKUP;mapping=sqlite.policy.file.backup;sblr=none;engine_api=none;diagnostic=SQLITE.AUTHORITY.FILE_IO_DENIED,project/src/parsers/compatibility/sqlite/sqlite_dialect.cpp#kPatterns:sqlite.bulk_io.backup,EXTERNAL_AUTHORITY,parser remap lead
project/src/parsers/compatibility/sqlite,sqlite.bulk_io.restore,kPolicyRefusal;match=RESTORE;mapping=sqlite.policy.file.restore;sblr=none;engine_api=none;diagnostic=SQLITE.AUTHORITY.FILE_IO_DENIED,project/src/parsers/compatibility/sqlite/sqlite_dialect.cpp#kPatterns:sqlite.bulk_io.restore,EXTERNAL_AUTHORITY,parser remap lead
project/src/parsers/compatibility/sqlite,pragma,kParserSupportUdr;match=PRAGMA ;mapping=sqlite.pragma.journal_mode;sblr=sqlite.udr.pragma.journal_mode;engine_api=SBLR_COMPAT_SQLITE_PRAGMA_ROUTE;diagnostic=ParserSupportPragmaRoute,project/src/parsers/compatibility/sqlite/sqlite_dialect.cpp#kPatterns:pragma,IMPLEMENT_NONCLUSTER,parser remap lead
project/src/parsers/compatibility/sqlite,sqlite.pragma.wal_control,kParserSupportUdr;match=PRAGMA WAL_;mapping=sqlite.udr.pragma.wal_control;sblr=SBLR_COMPAT_SQLITE_PRAGMA_ROUTE;engine_api=ParserSupportPragmaRoute;diagnostic=SQLITE.EMULATION.PRAGMA_ROUTE,project/src/parsers/compatibility/sqlite/sqlite_dialect.cpp#kPatterns:sqlite.pragma.wal_control,IMPLEMENT_NONCLUSTER,parser remap lead
project/src/parsers/compatibility/sqlite,sqlite.pragma.generic,kParserSupportUdr;match=PRAGMA;mapping=sqlite.udr.pragma.generic;sblr=SBLR_COMPAT_SQLITE_PRAGMA_ROUTE;engine_api=ParserSupportPragmaRoute;diagnostic=SQLITE.EMULATION.PRAGMA_ROUTE,project/src/parsers/compatibility/sqlite/sqlite_dialect.cpp#kPatterns:sqlite.pragma.generic,IMPLEMENT_NONCLUSTER,parser remap lead
project/src/parsers/compatibility/sqlite,sqlite.ddl.create_temp,kAdmittedSblr;match=CREATE TEMP;mapping=sqlite.ddl.create_temp;sblr=SBLR_COMPAT_SQLITE_DDL_CREATE_TEMP;engine_api=EngineDdlCreateTemp;diagnostic=none,project/src/parsers/compatibility/sqlite/sqlite_dialect.cpp#kPatterns:sqlite.ddl.create_temp,PARSER_REMAP_ONLY,parser remap lead
project/src/parsers/compatibility/sqlite,sqlite.virtual_table.create,kParserSupportUdr;match=CREATE VIRTUAL TABLE;mapping=sqlite.udr.virtual_table.create;sblr=SBLR_COMPAT_SQLITE_VIRTUAL_TABLE_ROUTE;engine_api=ParserSupportVirtualTableRoute;diagnostic=SQLITE.EMULATION.VIRTUAL_TABLE_ROUTE,project/src/parsers/compatibility/sqlite/sqlite_dialect.cpp#kPatterns:sqlite.virtual_table.create,IMPLEMENT_NONCLUSTER,parser remap lead
project/src/parsers/compatibility/sqlite,sqlite.routine.trigger.create,kParserSupportUdr;match=CREATE TRIGGER;mapping=sqlite.udr.routine.trigger.create;sblr=SBLR_COMPAT_SQLITE_ROUTINE_ROUTE;engine_api=ParserSupportRoutineRoute;diagnostic=SQLITE.EMULATION.ROUTINE_ROUTE,project/src/parsers/compatibility/sqlite/sqlite_dialect.cpp#kPatterns:sqlite.routine.trigger.create,IMPLEMENT_NONCLUSTER,parser remap lead
project/src/parsers/compatibility/sqlite,sqlite.routine.trigger.drop,kParserSupportUdr;match=DROP TRIGGER;mapping=sqlite.udr.routine.trigger.drop;sblr=SBLR_COMPAT_SQLITE_ROUTINE_ROUTE;engine_api=ParserSupportRoutineRoute;diagnostic=SQLITE.EMULATION.ROUTINE_ROUTE,project/src/parsers/compatibility/sqlite/sqlite_dialect.cpp#kPatterns:sqlite.routine.trigger.drop,IMPLEMENT_NONCLUSTER,parser remap lead
project/src/parsers/compatibility/sqlite,sqlite.ddl.create_view,kAdmittedSblr;match=CREATE VIEW;mapping=sqlite.ddl.create_view;sblr=SBLR_COMPAT_SQLITE_DDL_CREATE_VIEW;engine_api=EngineDdlCreateView;diagnostic=none,project/src/parsers/compatibility/sqlite/sqlite_dialect.cpp#kPatterns:sqlite.ddl.create_view,PARSER_REMAP_ONLY,parser remap lead
project/src/parsers/compatibility/sqlite,sqlite.ddl.drop_view,kAdmittedSblr;match=DROP VIEW;mapping=sqlite.ddl.drop_view;sblr=SBLR_COMPAT_SQLITE_DDL_DROP_VIEW;engine_api=EngineDdlDropView;diagnostic=none,project/src/parsers/compatibility/sqlite/sqlite_dialect.cpp#kPatterns:sqlite.ddl.drop_view,PARSER_REMAP_ONLY,parser remap lead
project/src/parsers/compatibility/sqlite,sqlite.ddl.create_index,kAdmittedSblr;match=CREATE INDEX;mapping=sqlite.ddl.create_index;sblr=SBLR_COMPAT_SQLITE_DDL_CREATE_INDEX;engine_api=EngineDdlCreateIndex;diagnostic=none,project/src/parsers/compatibility/sqlite/sqlite_dialect.cpp#kPatterns:sqlite.ddl.create_index,PARSER_REMAP_ONLY,parser remap lead
project/src/parsers/compatibility/sqlite,sqlite.ddl.drop_index,kAdmittedSblr;match=DROP INDEX;mapping=sqlite.ddl.drop_index;sblr=SBLR_COMPAT_SQLITE_DDL_DROP_INDEX;engine_api=EngineDdlDropIndex;diagnostic=none,project/src/parsers/compatibility/sqlite/sqlite_dialect.cpp#kPatterns:sqlite.ddl.drop_index,PARSER_REMAP_ONLY,parser remap lead
project/src/parsers/compatibility/sqlite,sqlite.optimizer.explain_query_plan,kCatalogProjection;match=EXPLAIN QUERY PLAN;mapping=sqlite.optimizer.explain_query_plan;sblr=SBLR_COMPAT_SQLITE_EXPLAIN;engine_api=EngineExplainPlan;diagnostic=none,project/src/parsers/compatibility/sqlite/sqlite_dialect.cpp#kPatterns:sqlite.optimizer.explain_query_plan,PARSER_REMAP_ONLY,parser remap lead
project/src/parsers/compatibility/sqlite,sqlite.optimizer.explain,kCatalogProjection;match=EXPLAIN;mapping=sqlite.optimizer.explain;sblr=SBLR_COMPAT_SQLITE_EXPLAIN;engine_api=EngineExplainPlan;diagnostic=none,project/src/parsers/compatibility/sqlite/sqlite_dialect.cpp#kPatterns:sqlite.optimizer.explain,PARSER_REMAP_ONLY,parser remap lead
project/src/parsers/compatibility/sqlite,sqlite.maintenance.analyze,kParserSupportUdr;match=ANALYZE;mapping=sqlite.udr.maintenance.analyze;sblr=SBLR_COMPAT_SQLITE_MAINTENANCE_ROUTE;engine_api=ParserSupportMaintenanceRoute;diagnostic=SQLITE.EMULATION.MAINTENANCE_ROUTE,project/src/parsers/compatibility/sqlite/sqlite_dialect.cpp#kPatterns:sqlite.maintenance.analyze,IMPLEMENT_NONCLUSTER,parser remap lead
project/src/parsers/compatibility/sqlite,sqlite.maintenance.vacuum,kParserSupportUdr;match=VACUUM;mapping=sqlite.udr.maintenance.vacuum;sblr=SBLR_COMPAT_SQLITE_MAINTENANCE_ROUTE;engine_api=ParserSupportMaintenanceRoute;diagnostic=SQLITE.EMULATION.MAINTENANCE_ROUTE,project/src/parsers/compatibility/sqlite/sqlite_dialect.cpp#kPatterns:sqlite.maintenance.vacuum,IMPLEMENT_NONCLUSTER,parser remap lead
project/src/parsers/compatibility/sqlite,sqlite.maintenance.reindex,kParserSupportUdr;match=REINDEX;mapping=sqlite.udr.maintenance.reindex;sblr=SBLR_COMPAT_SQLITE_MAINTENANCE_ROUTE;engine_api=ParserSupportMaintenanceRoute;diagnostic=SQLITE.EMULATION.MAINTENANCE_ROUTE,project/src/parsers/compatibility/sqlite/sqlite_dialect.cpp#kPatterns:sqlite.maintenance.reindex,IMPLEMENT_NONCLUSTER,parser remap lead
project/src/parsers/compatibility/sqlite,sqlite.transaction.begin,kAdmittedSblr;match=BEGIN;mapping=sqlite.transaction.begin;sblr=SBLR_TRANSACTION_BEGIN;engine_api=EngineBeginTransaction;diagnostic=none,project/src/parsers/compatibility/sqlite/sqlite_dialect.cpp#kPatterns:sqlite.transaction.begin,PARSER_REMAP_ONLY,parser remap lead
project/src/parsers/compatibility/sqlite,sqlite.transaction.commit,kAdmittedSblr;match=COMMIT;mapping=sqlite.transaction.commit;sblr=SBLR_TRANSACTION_COMMIT;engine_api=EngineCommitTransaction;diagnostic=none,project/src/parsers/compatibility/sqlite/sqlite_dialect.cpp#kPatterns:sqlite.transaction.commit,PARSER_REMAP_ONLY,parser remap lead
project/src/parsers/compatibility/sqlite,sqlite.transaction.rollback,kAdmittedSblr;match=ROLLBACK;mapping=sqlite.transaction.rollback;sblr=SBLR_TRANSACTION_ROLLBACK;engine_api=EngineRollbackTransaction;diagnostic=none,project/src/parsers/compatibility/sqlite/sqlite_dialect.cpp#kPatterns:sqlite.transaction.rollback,PARSER_REMAP_ONLY,parser remap lead
project/src/parsers/compatibility/sqlite,sqlite.transaction.savepoint,kAdmittedSblr;match=SAVEPOINT;mapping=sqlite.transaction.savepoint;sblr=SBLR_TRANSACTION_SAVEPOINT;engine_api=EngineSavepoint;diagnostic=none,project/src/parsers/compatibility/sqlite/sqlite_dialect.cpp#kPatterns:sqlite.transaction.savepoint,PARSER_REMAP_ONLY,parser remap lead
project/src/parsers/compatibility/sqlite,sqlite.transaction.release_savepoint,kAdmittedSblr;match=RELEASE SAVEPOINT;mapping=sqlite.transaction.release_savepoint;sblr=SBLR_TRANSACTION_RELEASE_SAVEPOINT;engine_api=EngineReleaseSavepoint;diagnostic=none,project/src/parsers/compatibility/sqlite/sqlite_dialect.cpp#kPatterns:sqlite.transaction.release_savepoint,PARSER_REMAP_ONLY,parser remap lead
project/src/parsers/compatibility/sqlite,sqlite.ddl.create,kAdmittedSblr;match=CREATE;mapping=sqlite.ddl.create;sblr=SBLR_COMPAT_SQLITE_DDL_CREATE;engine_api=EngineDdlCreate;diagnostic=none,project/src/parsers/compatibility/sqlite/sqlite_dialect.cpp#kPatterns:sqlite.ddl.create,PARSER_REMAP_ONLY,parser remap lead
project/src/parsers/compatibility/sqlite,sqlite.ddl.alter,kAdmittedSblr;match=ALTER;mapping=sqlite.ddl.alter;sblr=SBLR_COMPAT_SQLITE_DDL_ALTER;engine_api=EngineDdlAlter;diagnostic=none,project/src/parsers/compatibility/sqlite/sqlite_dialect.cpp#kPatterns:sqlite.ddl.alter,PARSER_REMAP_ONLY,parser remap lead
project/src/parsers/compatibility/sqlite,sqlite.ddl.drop,kAdmittedSblr;match=DROP;mapping=sqlite.ddl.drop;sblr=SBLR_COMPAT_SQLITE_DDL_DROP;engine_api=EngineDdlDrop;diagnostic=none,project/src/parsers/compatibility/sqlite/sqlite_dialect.cpp#kPatterns:sqlite.ddl.drop,PARSER_REMAP_ONLY,parser remap lead
project/src/parsers/compatibility/sqlite,sqlite.dml.replace,kAdmittedSblr;match=REPLACE;mapping=sqlite.dml.replace;sblr=SBLR_COMPAT_SQLITE_REPLACE;engine_api=EngineDmlReplace;diagnostic=none,project/src/parsers/compatibility/sqlite/sqlite_dialect.cpp#kPatterns:sqlite.dml.replace,PARSER_REMAP_ONLY,parser remap lead
project/src/parsers/compatibility/sqlite,sqlite.dml.insert,kAdmittedSblr;match=INSERT;mapping=sqlite.dml.insert;sblr=SBLR_COMPAT_SQLITE_INSERT;engine_api=EngineDmlInsert;diagnostic=none,project/src/parsers/compatibility/sqlite/sqlite_dialect.cpp#kPatterns:sqlite.dml.insert,PARSER_REMAP_ONLY,parser remap lead
project/src/parsers/compatibility/sqlite,sqlite.dml.update,kAdmittedSblr;match=UPDATE;mapping=sqlite.dml.update;sblr=SBLR_COMPAT_SQLITE_UPDATE;engine_api=EngineDmlUpdate;diagnostic=none,project/src/parsers/compatibility/sqlite/sqlite_dialect.cpp#kPatterns:sqlite.dml.update,PARSER_REMAP_ONLY,parser remap lead
project/src/parsers/compatibility/sqlite,sqlite.dml.delete,kAdmittedSblr;match=DELETE;mapping=sqlite.dml.delete;sblr=SBLR_COMPAT_SQLITE_DELETE;engine_api=EngineDmlDelete;diagnostic=none,project/src/parsers/compatibility/sqlite/sqlite_dialect.cpp#kPatterns:sqlite.dml.delete,PARSER_REMAP_ONLY,parser remap lead
project/src/parsers/compatibility/sqlite,sqlite.query.select,kAdmittedSblr;match=SELECT;mapping=sqlite.query.select;sblr=SBLR_COMPAT_SQLITE_SELECT;engine_api=EngineQuerySelect;diagnostic=none,project/src/parsers/compatibility/sqlite/sqlite_dialect.cpp#kPatterns:sqlite.query.select,PARSER_REMAP_ONLY,parser remap lead
project/src/parsers/compatibility/sqlite,sqlite.query.with,kAdmittedSblr;match=WITH;mapping=sqlite.query.with;sblr=SBLR_COMPAT_SQLITE_SELECT;engine_api=EngineQuerySelect;diagnostic=none,project/src/parsers/compatibility/sqlite/sqlite_dialect.cpp#kPatterns:sqlite.query.with,PARSER_REMAP_ONLY,parser remap lead
project/src/parsers/compatibility/sqlite,datatype_surface:affinity_integer,descriptor_affinity;surface=INTEGER;INT;TINYINT;SMALLINT;MEDIUMINT;BIGINT;UNSIGNED BIG INT;INT2;INT8,project/src/parsers/compatibility/sqlite/sqlite_dialect.cpp#kDatatypeSurfaces:affinity_integer,DOCUMENTATION_ONLY,inventory classification lead
project/src/parsers/compatibility/sqlite,datatype_surface:affinity_real,descriptor_affinity;surface=REAL;DOUBLE;DOUBLE PRECISION;FLOAT,project/src/parsers/compatibility/sqlite/sqlite_dialect.cpp#kDatatypeSurfaces:affinity_real,DOCUMENTATION_ONLY,inventory classification lead
project/src/parsers/compatibility/sqlite,datatype_surface:affinity_numeric,descriptor_affinity;surface=NUMERIC;DECIMAL;BOOLEAN;DATE;DATETIME,project/src/parsers/compatibility/sqlite/sqlite_dialect.cpp#kDatatypeSurfaces:affinity_numeric,DOCUMENTATION_ONLY,inventory classification lead
project/src/parsers/compatibility/sqlite,datatype_surface:affinity_text,descriptor_affinity;surface=TEXT;CHARACTER;VARCHAR;VARYING CHARACTER;NCHAR;NATIVE CHARACTER;NVARCHAR;CLOB,project/src/parsers/compatibility/sqlite/sqlite_dialect.cpp#kDatatypeSurfaces:affinity_text,DOCUMENTATION_ONLY,inventory classification lead
project/src/parsers/compatibility/sqlite,datatype_surface:affinity_blob,descriptor_affinity;surface=BLOB,project/src/parsers/compatibility/sqlite/sqlite_dialect.cpp#kDatatypeSurfaces:affinity_blob,DOCUMENTATION_ONLY,inventory classification lead
project/src/parsers/compatibility/sqlite,datatype_surface:json,parser_support_udr;surface=JSON;JSON_EXTRACT;JSONB_*,project/src/parsers/compatibility/sqlite/sqlite_dialect.cpp#kDatatypeSurfaces:json,IMPLEMENT_NONCLUSTER,inventory classification lead
project/src/parsers/compatibility/sqlite,datatype_surface:rowid,catalog_projection;surface=ROWID;OID;_ROWID_,project/src/parsers/compatibility/sqlite/sqlite_dialect.cpp#kDatatypeSurfaces:rowid,PARSER_REMAP_ONLY,inventory classification lead
project/src/parsers/compatibility/sqlite,datatype_surface:collation,catalog_policy;surface=COLLATE;BINARY;NOCASE;RTRIM,project/src/parsers/compatibility/sqlite/sqlite_dialect.cpp#kDatatypeSurfaces:collation,PARSER_REMAP_ONLY,inventory classification lead
project/src/parsers/compatibility/sqlite,builtin_function_surface:aggregate,sblr;surface=COUNT;SUM;AVG;MIN;MAX;TOTAL;GROUP_CONCAT;STRING_AGG,project/src/parsers/compatibility/sqlite/sqlite_dialect.cpp#kBuiltinSurfaces:aggregate,PARSER_REMAP_ONLY,inventory classification lead
project/src/parsers/compatibility/sqlite,builtin_function_surface:window,sblr;surface=ROW_NUMBER;RANK;DENSE_RANK;LAG;LEAD,project/src/parsers/compatibility/sqlite/sqlite_dialect.cpp#kBuiltinSurfaces:window,PARSER_REMAP_ONLY,inventory classification lead
project/src/parsers/compatibility/sqlite,builtin_function_surface:string,sblr;surface=SUBSTR;SUBSTRING;LOWER;UPPER;TRIM;LTRIM;RTRIM;LENGTH;PRINTF;FORMAT,project/src/parsers/compatibility/sqlite/sqlite_dialect.cpp#kBuiltinSurfaces:string,PARSER_REMAP_ONLY,inventory classification lead
project/src/parsers/compatibility/sqlite,builtin_function_surface:numeric,sblr;surface=ABS;ROUND;POWER;SQRT;MOD;RANDOM;SIGN,project/src/parsers/compatibility/sqlite/sqlite_dialect.cpp#kBuiltinSurfaces:numeric,PARSER_REMAP_ONLY,inventory classification lead
project/src/parsers/compatibility/sqlite,builtin_function_surface:temporal,sblr;surface=DATE;TIME;DATETIME;JULIANDAY;STRFTIME;UNIXEPOCH,project/src/parsers/compatibility/sqlite/sqlite_dialect.cpp#kBuiltinSurfaces:temporal,PARSER_REMAP_ONLY,inventory classification lead
project/src/parsers/compatibility/sqlite,builtin_function_surface:json,parser_support_udr;surface=JSON;JSON_ARRAY;JSON_OBJECT;JSON_EXTRACT;JSON_SET;JSON_PATCH,project/src/parsers/compatibility/sqlite/sqlite_dialect.cpp#kBuiltinSurfaces:json,IMPLEMENT_NONCLUSTER,inventory classification lead
project/src/parsers/compatibility/sqlite,builtin_function_surface:fts,parser_support_udr;surface=MATCH;HIGHLIGHT;SNIPPET;BM25,project/src/parsers/compatibility/sqlite/sqlite_dialect.cpp#kBuiltinSurfaces:fts,IMPLEMENT_NONCLUSTER,inventory classification lead
project/src/parsers/compatibility/sqlite,builtin_function_surface:blob,sblr;surface=ZEROBLOB;HEX;UNHEX;QUOTE,project/src/parsers/compatibility/sqlite/sqlite_dialect.cpp#kBuiltinSurfaces:blob,PARSER_REMAP_ONLY,inventory classification lead
project/src/parsers/compatibility/sqlite,builtin_function_surface:session,engine_context;surface=LAST_INSERT_ROWID;CHANGES;TOTAL_CHANGES,project/src/parsers/compatibility/sqlite/sqlite_dialect.cpp#kBuiltinSurfaces:session,DOCUMENTATION_ONLY,inventory classification lead
project/src/parsers/compatibility/sqlite,builtin_function_surface:extension,fail_closed;surface=LOAD_EXTENSION,project/src/parsers/compatibility/sqlite/sqlite_dialect.cpp#kBuiltinSurfaces:extension,ARCHITECTURE_REFUSAL,inventory classification lead
project/src/parsers/compatibility/sqlite,catalog_overlay_surface:schema,catalog_projection;surface=SQLITE_SCHEMA;SQLITE_MASTER;SQLITE_TEMP_SCHEMA;SQLITE_TEMP_MASTER,project/src/parsers/compatibility/sqlite/sqlite_dialect.cpp#kCatalogSurfaces:schema,PARSER_REMAP_ONLY,inventory classification lead
project/src/parsers/compatibility/sqlite,catalog_overlay_surface:pragma_table,catalog_projection;surface=PRAGMA_TABLE_INFO;PRAGMA_TABLE_XINFO;PRAGMA_INDEX_LIST;PRAGMA_INDEX_INFO,project/src/parsers/compatibility/sqlite/sqlite_dialect.cpp#kCatalogSurfaces:pragma_table,PARSER_REMAP_ONLY,inventory classification lead
project/src/parsers/compatibility/sqlite,catalog_overlay_surface:pragma_runtime,catalog_projection;surface=PRAGMA_DATABASE_LIST;PRAGMA_COLLATION_LIST;PRAGMA_FUNCTION_LIST;PRAGMA_MODULE_LIST,project/src/parsers/compatibility/sqlite/sqlite_dialect.cpp#kCatalogSurfaces:pragma_runtime,PARSER_REMAP_ONLY,inventory classification lead
project/src/parsers/compatibility/sqlite,catalog_overlay_surface:internal_tables,catalog_projection;surface=SQLITE_SEQUENCE;SQLITE_STAT1;SQLITE_STAT4,project/src/parsers/compatibility/sqlite/sqlite_dialect.cpp#kCatalogSurfaces:internal_tables,PARSER_REMAP_ONLY,inventory classification lead
project/src/parsers/compatibility/sqlite,catalog_overlay_surface:virtual_tables,parser_support_udr;surface=FTS3;FTS4;FTS5;RTREE,project/src/parsers/compatibility/sqlite/sqlite_dialect.cpp#kCatalogSurfaces:virtual_tables,IMPLEMENT_NONCLUSTER,inventory classification lead
project/src/parsers/compatibility/sqlite,catalog_overlay_surface:rowid_aliases,catalog_projection;surface=ROWID;OID;_ROWID_,project/src/parsers/compatibility/sqlite/sqlite_dialect.cpp#kCatalogSurfaces:rowid_aliases,PARSER_REMAP_ONLY,inventory classification lead
project/src/parsers/compatibility/sqlite,catalog_overlay_surface:extension_catalog,policy_overlay;surface=LOAD_EXTENSION;CREATE VIRTUAL TABLE,project/src/parsers/compatibility/sqlite/sqlite_dialect.cpp#kCatalogSurfaces:extension_catalog,DOCUMENTATION_ONLY,inventory classification lead
project/src/parsers/compatibility/sqlite,diagnostic_surface:parse,parser;surface=SQLITE.PARSE.INVALID_INPUT;SQLITE.PARSE.UNSUPPORTED_SURFACE,project/src/parsers/compatibility/sqlite/sqlite_dialect.cpp#kDiagnosticSurfaces:parse,PARSER_REMAP_ONLY,inventory classification lead
project/src/parsers/compatibility/sqlite,diagnostic_surface:file,fail_closed;surface=SQLITE.AUTHORITY.FILE_IO_DENIED,project/src/parsers/compatibility/sqlite/sqlite_dialect.cpp#kDiagnosticSurfaces:file,ARCHITECTURE_REFUSAL,inventory classification lead
project/src/parsers/compatibility/sqlite,diagnostic_surface:extension,fail_closed;surface=SQLITE.AUTHORITY.EXTENSION_DENIED,project/src/parsers/compatibility/sqlite/sqlite_dialect.cpp#kDiagnosticSurfaces:extension,ARCHITECTURE_REFUSAL,inventory classification lead
project/src/parsers/compatibility/sqlite,diagnostic_surface:pragma,parser_support_udr;surface=SQLITE.EMULATION.PRAGMA_ROUTE,project/src/parsers/compatibility/sqlite/sqlite_dialect.cpp#kDiagnosticSurfaces:pragma,IMPLEMENT_NONCLUSTER,inventory classification lead
project/src/parsers/compatibility/sqlite,diagnostic_surface:virtual_table,parser_support_udr;surface=SQLITE.EMULATION.VIRTUAL_TABLE_ROUTE,project/src/parsers/compatibility/sqlite/sqlite_dialect.cpp#kDiagnosticSurfaces:virtual_table,IMPLEMENT_NONCLUSTER,inventory classification lead
project/src/parsers/compatibility/sqlite,diagnostic_surface:routine,parser_support_udr;surface=SQLITE.EMULATION.ROUTINE_ROUTE,project/src/parsers/compatibility/sqlite/sqlite_dialect.cpp#kDiagnosticSurfaces:routine,IMPLEMENT_NONCLUSTER,inventory classification lead
project/src/parsers/compatibility/sqlite,diagnostic_surface:maintenance,parser_support_udr;surface=SQLITE.EMULATION.MAINTENANCE_ROUTE,project/src/parsers/compatibility/sqlite/sqlite_dialect.cpp#kDiagnosticSurfaces:maintenance,IMPLEMENT_NONCLUSTER,inventory classification lead
project/src/parsers/compatibility/sqlite,diagnostic_surface:catalog,fail_closed;surface=SQLITE.CATALOG_OVERLAY.READ_ONLY,project/src/parsers/compatibility/sqlite/sqlite_dialect.cpp#kDiagnosticSurfaces:catalog,ARCHITECTURE_REFUSAL,inventory classification lead
project/src/parsers/compatibility/sqlite,diagnostic_surface:mga,scratchbird_mga_authority;surface=SQLITE.EMULATION.PRAGMA_ROUTE,project/src/parsers/compatibility/sqlite/sqlite_dialect.cpp#kDiagnosticSurfaces:mga,DOCUMENTATION_ONLY,inventory classification lead
project/src/parsers/compatibility/sqlite,source_marker:unsupported,source_marker_requires_review,project/src/parsers/compatibility/sqlite/sqlite_dialect.cpp#marker:unsupported,ARCHITECTURE_REFUSAL,inventory classification lead
project/src/parsers/compatibility/tidb,tidb.admin.checksum_table,kPolicyRefusal;match=ADMIN CHECKSUM;mapping=tidb.policy.admin.checksum;sblr=none;engine_api=none;diagnostic=TIDB.AUTHORITY.ADMIN_DENIED,project/src/parsers/compatibility/tidb/tidb_dialect.cpp#kPatterns:tidb.admin.checksum_table,ARCHITECTURE_REFUSAL,parser remap lead
project/src/parsers/compatibility/tidb,tidb.backup.backup,kPolicyRefusal;match=BACKUP;mapping=tidb.policy.backup;sblr=none;engine_api=none;diagnostic=TIDB.AUTHORITY.BACKUP_DENIED,project/src/parsers/compatibility/tidb/tidb_dialect.cpp#kPatterns:tidb.backup.backup,ARCHITECTURE_REFUSAL,parser remap lead
project/src/parsers/compatibility/tidb,tidb.restore.restore,kPolicyRefusal;match=RESTORE;mapping=tidb.policy.restore;sblr=none;engine_api=none;diagnostic=TIDB.AUTHORITY.RESTORE_DENIED,project/src/parsers/compatibility/tidb/tidb_dialect.cpp#kPatterns:tidb.restore.restore,ARCHITECTURE_REFUSAL,parser remap lead
project/src/parsers/compatibility/tidb,tidb.placement.split_table,kParserSupportUdr;match=SPLIT TABLE;mapping=tidb.udr.placement.split_table;sblr=SBLR_COMPAT_TIDB_PLACEMENT_ROUTE;engine_api=ParserSupportPlacementRoute;diagnostic=TIDB.EMULATION.PLACEMENT_ROUTE,project/src/parsers/compatibility/tidb/tidb_dialect.cpp#kPatterns:tidb.placement.split_table,NORMALIZE_CLUSTER,parser remap lead
project/src/parsers/compatibility/tidb,tidb.placement.policy.create,kParserSupportUdr;match=CREATE PLACEMENT POLICY;mapping=tidb.udr.placement.policy.create;sblr=SBLR_COMPAT_TIDB_PLACEMENT_ROUTE;engine_api=ParserSupportPlacementRoute;diagnostic=TIDB.EMULATION.PLACEMENT_ROUTE,project/src/parsers/compatibility/tidb/tidb_dialect.cpp#kPatterns:tidb.placement.policy.create,NORMALIZE_CLUSTER,parser remap lead
project/src/parsers/compatibility/tidb,tidb.placement.policy.alter,kParserSupportUdr;match=ALTER PLACEMENT POLICY;mapping=tidb.udr.placement.policy.alter;sblr=SBLR_COMPAT_TIDB_PLACEMENT_ROUTE;engine_api=ParserSupportPlacementRoute;diagnostic=TIDB.EMULATION.PLACEMENT_ROUTE,project/src/parsers/compatibility/tidb/tidb_dialect.cpp#kPatterns:tidb.placement.policy.alter,NORMALIZE_CLUSTER,parser remap lead
project/src/parsers/compatibility/tidb,tidb.placement.policy.drop,kParserSupportUdr;match=DROP PLACEMENT POLICY;mapping=tidb.udr.placement.policy.drop;sblr=SBLR_COMPAT_TIDB_PLACEMENT_ROUTE;engine_api=ParserSupportPlacementRoute;diagnostic=TIDB.EMULATION.PLACEMENT_ROUTE,project/src/parsers/compatibility/tidb/tidb_dialect.cpp#kPatterns:tidb.placement.policy.drop,NORMALIZE_CLUSTER,parser remap lead
project/src/parsers/compatibility/tidb,tidb.resource_group.create,kParserSupportUdr;match=CREATE RESOURCE GROUP;mapping=tidb.udr.resource_group.create;sblr=SBLR_COMPAT_TIDB_RESOURCE_GROUP_ROUTE;engine_api=ParserSupportResourceGroupRoute;diagnostic=TIDB.EMULATION.RESOURCE_GROUP_ROUTE,project/src/parsers/compatibility/tidb/tidb_dialect.cpp#kPatterns:tidb.resource_group.create,IMPLEMENT_NONCLUSTER,parser remap lead
project/src/parsers/compatibility/tidb,tidb.resource_group.alter,kParserSupportUdr;match=ALTER RESOURCE GROUP;mapping=tidb.udr.resource_group.alter;sblr=SBLR_COMPAT_TIDB_RESOURCE_GROUP_ROUTE;engine_api=ParserSupportResourceGroupRoute;diagnostic=TIDB.EMULATION.RESOURCE_GROUP_ROUTE,project/src/parsers/compatibility/tidb/tidb_dialect.cpp#kPatterns:tidb.resource_group.alter,IMPLEMENT_NONCLUSTER,parser remap lead
project/src/parsers/compatibility/tidb,tidb.resource_group.drop,kParserSupportUdr;match=DROP RESOURCE GROUP;mapping=tidb.udr.resource_group.drop;sblr=SBLR_COMPAT_TIDB_RESOURCE_GROUP_ROUTE;engine_api=ParserSupportResourceGroupRoute;diagnostic=TIDB.EMULATION.RESOURCE_GROUP_ROUTE,project/src/parsers/compatibility/tidb/tidb_dialect.cpp#kPatterns:tidb.resource_group.drop,IMPLEMENT_NONCLUSTER,parser remap lead
project/src/parsers/compatibility/tidb,tidb.builtin.version,kCatalogProjection;match=TIDB_VERSION;mapping=tidb.catalog.version;sblr=SBLR_COMPAT_TIDB_CATALOG_PROJECT;engine_api=EngineCatalogProjection;diagnostic=none,project/src/parsers/compatibility/tidb/tidb_dialect.cpp#kPatterns:tidb.builtin.version,PARSER_REMAP_ONLY,parser remap lead
project/src/parsers/compatibility/tidb,tidb.bulk_io.load_data_infile,kPolicyRefusal;match=LOAD DATA INFILE;mapping=tidb.policy.file.load_data_infile;sblr=none;engine_api=none;diagnostic=TIDB.AUTHORITY.FILE_IO_DENIED,project/src/parsers/compatibility/tidb/tidb_dialect.cpp#kPatterns:tidb.bulk_io.load_data_infile,EXTERNAL_AUTHORITY,parser remap lead
project/src/parsers/compatibility/tidb,tidb.bulk_io.load_file,kPolicyRefusal;match=LOAD_FILE;mapping=tidb.policy.file.load_file;sblr=none;engine_api=none;diagnostic=TIDB.AUTHORITY.FILE_IO_DENIED,project/src/parsers/compatibility/tidb/tidb_dialect.cpp#kPatterns:tidb.bulk_io.load_file,EXTERNAL_AUTHORITY,parser remap lead
project/src/parsers/compatibility/tidb,tidb.bulk_io.select_into_outfile,kPolicyRefusal;match=SELECT|| INTO OUTFILE;mapping=tidb.policy.file.select_into_outfile;sblr=none;engine_api=none;diagnostic=TIDB.AUTHORITY.FILE_IO_DENIED,project/src/parsers/compatibility/tidb/tidb_dialect.cpp#kPatterns:tidb.bulk_io.select_into_outfile,EXTERNAL_AUTHORITY,parser remap lead
project/src/parsers/compatibility/tidb,tidb.plugin.install,kPolicyRefusal;match=INSTALL PLUGIN;mapping=tidb.policy.plugin.install;sblr=none;engine_api=none;diagnostic=TIDB.AUTHORITY.PLUGIN_DENIED,project/src/parsers/compatibility/tidb/tidb_dialect.cpp#kPatterns:tidb.plugin.install,ARCHITECTURE_REFUSAL,parser remap lead
project/src/parsers/compatibility/tidb,tidb.plugin.uninstall,kPolicyRefusal;match=UNINSTALL PLUGIN;mapping=tidb.policy.plugin.uninstall;sblr=none;engine_api=none;diagnostic=TIDB.AUTHORITY.PLUGIN_DENIED,project/src/parsers/compatibility/tidb/tidb_dialect.cpp#kPatterns:tidb.plugin.uninstall,ARCHITECTURE_REFUSAL,parser remap lead
project/src/parsers/compatibility/tidb,tidb.security.create_user,kParserSupportUdr;match=CREATE USER;mapping=tidb.udr.security.create_user;sblr=SBLR_COMPAT_TIDB_SECURITY_ROUTE;engine_api=ParserSupportSecurityRoute;diagnostic=TIDB.EMULATION.SECURITY_ROUTE,project/src/parsers/compatibility/tidb/tidb_dialect.cpp#kPatterns:tidb.security.create_user,IMPLEMENT_NONCLUSTER,parser remap lead
project/src/parsers/compatibility/tidb,tidb.security.alter_user,kParserSupportUdr;match=ALTER USER;mapping=tidb.udr.security.alter_user;sblr=SBLR_COMPAT_TIDB_SECURITY_ROUTE;engine_api=ParserSupportSecurityRoute;diagnostic=TIDB.EMULATION.SECURITY_ROUTE,project/src/parsers/compatibility/tidb/tidb_dialect.cpp#kPatterns:tidb.security.alter_user,IMPLEMENT_NONCLUSTER,parser remap lead
project/src/parsers/compatibility/tidb,tidb.security.drop_user,kParserSupportUdr;match=DROP USER;mapping=tidb.udr.security.drop_user;sblr=SBLR_COMPAT_TIDB_SECURITY_ROUTE;engine_api=ParserSupportSecurityRoute;diagnostic=TIDB.EMULATION.SECURITY_ROUTE,project/src/parsers/compatibility/tidb/tidb_dialect.cpp#kPatterns:tidb.security.drop_user,IMPLEMENT_NONCLUSTER,parser remap lead
project/src/parsers/compatibility/tidb,tidb.security.grant,kParserSupportUdr;match=GRANT;mapping=tidb.udr.security.grant;sblr=SBLR_COMPAT_TIDB_SECURITY_ROUTE;engine_api=ParserSupportSecurityRoute;diagnostic=TIDB.EMULATION.SECURITY_ROUTE,project/src/parsers/compatibility/tidb/tidb_dialect.cpp#kPatterns:tidb.security.grant,IMPLEMENT_NONCLUSTER,parser remap lead
project/src/parsers/compatibility/tidb,tidb.security.revoke,kParserSupportUdr;match=REVOKE;mapping=tidb.udr.security.revoke;sblr=SBLR_COMPAT_TIDB_SECURITY_ROUTE;engine_api=ParserSupportSecurityRoute;diagnostic=TIDB.EMULATION.SECURITY_ROUTE,project/src/parsers/compatibility/tidb/tidb_dialect.cpp#kPatterns:tidb.security.revoke,IMPLEMENT_NONCLUSTER,parser remap lead
project/src/parsers/compatibility/tidb,tidb.lifecycle.create_database,kScratchBirdLifecycleApi;match=CREATE DATABASE;mapping=tidb.lifecycle.create_database;sblr=SBLR_LIFECYCLE_CREATE_DATABASE;engine_api=EngineCreateLifecycle;diagnostic=none,project/src/parsers/compatibility/tidb/tidb_dialect.cpp#kPatterns:tidb.lifecycle.create_database,PARSER_REMAP_ONLY,parser remap lead
project/src/parsers/compatibility/tidb,tidb.lifecycle.drop_database,kScratchBirdLifecycleApi;match=DROP DATABASE;mapping=tidb.lifecycle.drop_database;sblr=SBLR_LIFECYCLE_DROP_DATABASE;engine_api=EngineDropLifecycle;diagnostic=none,project/src/parsers/compatibility/tidb/tidb_dialect.cpp#kPatterns:tidb.lifecycle.drop_database,PARSER_REMAP_ONLY,parser remap lead
project/src/parsers/compatibility/tidb,tidb.catalog_overlay.show,kCatalogProjection;match=SHOW;mapping=tidb.catalog.show;sblr=SBLR_COMPAT_TIDB_CATALOG_PROJECT;engine_api=EngineCatalogProjection;diagnostic=none,project/src/parsers/compatibility/tidb/tidb_dialect.cpp#kPatterns:tidb.catalog_overlay.show,PARSER_REMAP_ONLY,parser remap lead
project/src/parsers/compatibility/tidb,tidb.catalog_overlay.describe,kCatalogProjection;match=DESCRIBE;mapping=tidb.catalog.describe;sblr=SBLR_COMPAT_TIDB_CATALOG_PROJECT;engine_api=EngineCatalogProjection;diagnostic=none,project/src/parsers/compatibility/tidb/tidb_dialect.cpp#kPatterns:tidb.catalog_overlay.describe,PARSER_REMAP_ONLY,parser remap lead
project/src/parsers/compatibility/tidb,tidb.optimizer.explain,kCatalogProjection;match=EXPLAIN;mapping=tidb.optimizer.explain;sblr=SBLR_COMPAT_TIDB_EXPLAIN;engine_api=EngineExplainPlan;diagnostic=none,project/src/parsers/compatibility/tidb/tidb_dialect.cpp#kPatterns:tidb.optimizer.explain,PARSER_REMAP_ONLY,parser remap lead
project/src/parsers/compatibility/tidb,tidb.session.set,kAdmittedSblr;match=SET;mapping=tidb.session.set;sblr=SBLR_COMPAT_TIDB_SET;engine_api=EngineSessionSet;diagnostic=none,project/src/parsers/compatibility/tidb/tidb_dialect.cpp#kPatterns:tidb.session.set,PARSER_REMAP_ONLY,parser remap lead
project/src/parsers/compatibility/tidb,tidb.session.use_database,kAdmittedSblr;match=USE;mapping=tidb.session.use_database;sblr=SBLR_COMPAT_TIDB_USE_DATABASE;engine_api=EngineSessionRoute;diagnostic=none,project/src/parsers/compatibility/tidb/tidb_dialect.cpp#kPatterns:tidb.session.use_database,PARSER_REMAP_ONLY,parser remap lead
project/src/parsers/compatibility/tidb,tidb.prepared.prepare,kAdmittedSblr;match=PREPARE;mapping=tidb.prepared.prepare;sblr=SBLR_COMPAT_TIDB_PREPARE;engine_api=EnginePrepareStatement;diagnostic=none,project/src/parsers/compatibility/tidb/tidb_dialect.cpp#kPatterns:tidb.prepared.prepare,PARSER_REMAP_ONLY,parser remap lead
project/src/parsers/compatibility/tidb,tidb.prepared.execute,kAdmittedSblr;match=EXECUTE;mapping=tidb.prepared.execute;sblr=SBLR_COMPAT_TIDB_EXECUTE;engine_api=EngineExecuteStatement;diagnostic=none,project/src/parsers/compatibility/tidb/tidb_dialect.cpp#kPatterns:tidb.prepared.execute,PARSER_REMAP_ONLY,parser remap lead
project/src/parsers/compatibility/tidb,tidb.prepared.deallocate,kAdmittedSblr;match=DEALLOCATE;mapping=tidb.prepared.deallocate;sblr=SBLR_COMPAT_TIDB_DEALLOCATE;engine_api=EngineDeallocateStatement;diagnostic=none,project/src/parsers/compatibility/tidb/tidb_dialect.cpp#kPatterns:tidb.prepared.deallocate,PARSER_REMAP_ONLY,parser remap lead
project/src/parsers/compatibility/tidb,tidb.ddl.create,kAdmittedSblr;match=CREATE;mapping=tidb.ddl.create;sblr=SBLR_COMPAT_TIDB_DDL_CREATE;engine_api=EngineDdlCreate;diagnostic=none,project/src/parsers/compatibility/tidb/tidb_dialect.cpp#kPatterns:tidb.ddl.create,PARSER_REMAP_ONLY,parser remap lead
project/src/parsers/compatibility/tidb,tidb.ddl.alter,kAdmittedSblr;match=ALTER;mapping=tidb.ddl.alter;sblr=SBLR_COMPAT_TIDB_DDL_ALTER;engine_api=EngineDdlAlter;diagnostic=none,project/src/parsers/compatibility/tidb/tidb_dialect.cpp#kPatterns:tidb.ddl.alter,PARSER_REMAP_ONLY,parser remap lead
project/src/parsers/compatibility/tidb,tidb.ddl.drop,kAdmittedSblr;match=DROP;mapping=tidb.ddl.drop;sblr=SBLR_COMPAT_TIDB_DDL_DROP;engine_api=EngineDdlDrop;diagnostic=none,project/src/parsers/compatibility/tidb/tidb_dialect.cpp#kPatterns:tidb.ddl.drop,PARSER_REMAP_ONLY,parser remap lead
project/src/parsers/compatibility/tidb,tidb.ddl.truncate,kAdmittedSblr;match=TRUNCATE;mapping=tidb.ddl.truncate;sblr=SBLR_COMPAT_TIDB_DDL_TRUNCATE;engine_api=EngineDdlTruncate;diagnostic=none,project/src/parsers/compatibility/tidb/tidb_dialect.cpp#kPatterns:tidb.ddl.truncate,PARSER_REMAP_ONLY,parser remap lead
project/src/parsers/compatibility/tidb,tidb.dml.insert,kAdmittedSblr;match=INSERT;mapping=tidb.dml.insert;sblr=SBLR_COMPAT_TIDB_INSERT;engine_api=EngineDmlInsert;diagnostic=none,project/src/parsers/compatibility/tidb/tidb_dialect.cpp#kPatterns:tidb.dml.insert,PARSER_REMAP_ONLY,parser remap lead
project/src/parsers/compatibility/tidb,tidb.dml.update,kAdmittedSblr;match=UPDATE;mapping=tidb.dml.update;sblr=SBLR_COMPAT_TIDB_UPDATE;engine_api=EngineDmlUpdate;diagnostic=none,project/src/parsers/compatibility/tidb/tidb_dialect.cpp#kPatterns:tidb.dml.update,PARSER_REMAP_ONLY,parser remap lead
project/src/parsers/compatibility/tidb,tidb.dml.delete,kAdmittedSblr;match=DELETE;mapping=tidb.dml.delete;sblr=SBLR_COMPAT_TIDB_DELETE;engine_api=EngineDmlDelete;diagnostic=none,project/src/parsers/compatibility/tidb/tidb_dialect.cpp#kPatterns:tidb.dml.delete,PARSER_REMAP_ONLY,parser remap lead
project/src/parsers/compatibility/tidb,tidb.query.select,kAdmittedSblr;match=SELECT;mapping=tidb.query.select;sblr=SBLR_COMPAT_TIDB_SELECT;engine_api=EngineQuerySelect;diagnostic=none,project/src/parsers/compatibility/tidb/tidb_dialect.cpp#kPatterns:tidb.query.select,PARSER_REMAP_ONLY,parser remap lead
project/src/parsers/compatibility/tidb,tidb.query.with,kAdmittedSblr;match=WITH;mapping=tidb.query.with;sblr=SBLR_COMPAT_TIDB_SELECT;engine_api=EngineQuerySelect;diagnostic=none,project/src/parsers/compatibility/tidb/tidb_dialect.cpp#kPatterns:tidb.query.with,PARSER_REMAP_ONLY,parser remap lead
project/src/parsers/compatibility/tidb,tidb.transaction.start,kAdmittedSblr;match=START TRANSACTION;mapping=tidb.transaction.start;sblr=SBLR_TRANSACTION_BEGIN;engine_api=EngineBeginTransaction;diagnostic=none,project/src/parsers/compatibility/tidb/tidb_dialect.cpp#kPatterns:tidb.transaction.start,PARSER_REMAP_ONLY,parser remap lead
project/src/parsers/compatibility/tidb,tidb.transaction.begin,kAdmittedSblr;match=BEGIN;mapping=tidb.transaction.begin;sblr=SBLR_TRANSACTION_BEGIN;engine_api=EngineBeginTransaction;diagnostic=none,project/src/parsers/compatibility/tidb/tidb_dialect.cpp#kPatterns:tidb.transaction.begin,PARSER_REMAP_ONLY,parser remap lead
project/src/parsers/compatibility/tidb,tidb.transaction.commit,kAdmittedSblr;match=COMMIT;mapping=tidb.transaction.commit;sblr=SBLR_TRANSACTION_COMMIT;engine_api=EngineCommitTransaction;diagnostic=none,project/src/parsers/compatibility/tidb/tidb_dialect.cpp#kPatterns:tidb.transaction.commit,PARSER_REMAP_ONLY,parser remap lead
project/src/parsers/compatibility/tidb,tidb.transaction.rollback,kAdmittedSblr;match=ROLLBACK;mapping=tidb.transaction.rollback;sblr=SBLR_TRANSACTION_ROLLBACK;engine_api=EngineRollbackTransaction;diagnostic=none,project/src/parsers/compatibility/tidb/tidb_dialect.cpp#kPatterns:tidb.transaction.rollback,PARSER_REMAP_ONLY,parser remap lead
project/src/parsers/compatibility/tidb,tidb.transaction.savepoint,kAdmittedSblr;match=SAVEPOINT;mapping=tidb.transaction.savepoint;sblr=SBLR_TRANSACTION_SAVEPOINT;engine_api=EngineSavepoint;diagnostic=none,project/src/parsers/compatibility/tidb/tidb_dialect.cpp#kPatterns:tidb.transaction.savepoint,PARSER_REMAP_ONLY,parser remap lead
project/src/parsers/compatibility/tidb,tidb.transaction.release_savepoint,kAdmittedSblr;match=RELEASE SAVEPOINT;mapping=tidb.transaction.release_savepoint;sblr=SBLR_TRANSACTION_RELEASE_SAVEPOINT;engine_api=EngineReleaseSavepoint;diagnostic=none,project/src/parsers/compatibility/tidb/tidb_dialect.cpp#kPatterns:tidb.transaction.release_savepoint,PARSER_REMAP_ONLY,parser remap lead
project/src/parsers/compatibility/tidb,datatype_surface:numeric,descriptor;surface=TINYINT;SMALLINT;INT;BIGINT;DECIMAL;FLOAT;DOUBLE,project/src/parsers/compatibility/tidb/tidb_dialect.cpp#kDatatypeSurfaces:numeric,DOCUMENTATION_ONLY,inventory classification lead
project/src/parsers/compatibility/tidb,datatype_surface:text,descriptor;surface=CHAR;VARCHAR;TEXT;TINYTEXT;MEDIUMTEXT;LONGTEXT,project/src/parsers/compatibility/tidb/tidb_dialect.cpp#kDatatypeSurfaces:text,DOCUMENTATION_ONLY,inventory classification lead
project/src/parsers/compatibility/tidb,datatype_surface:binary,descriptor;surface=BINARY;VARBINARY;BLOB,project/src/parsers/compatibility/tidb/tidb_dialect.cpp#kDatatypeSurfaces:binary,DOCUMENTATION_ONLY,inventory classification lead
project/src/parsers/compatibility/tidb,datatype_surface:temporal,descriptor;surface=DATE;TIME;DATETIME;TIMESTAMP;YEAR,project/src/parsers/compatibility/tidb/tidb_dialect.cpp#kDatatypeSurfaces:temporal,DOCUMENTATION_ONLY,inventory classification lead
project/src/parsers/compatibility/tidb,datatype_surface:boolean,descriptor_alias;surface=BOOL;BOOLEAN,project/src/parsers/compatibility/tidb/tidb_dialect.cpp#kDatatypeSurfaces:boolean,DOCUMENTATION_ONLY,inventory classification lead
project/src/parsers/compatibility/tidb,datatype_surface:json,descriptor;surface=JSON,project/src/parsers/compatibility/tidb/tidb_dialect.cpp#kDatatypeSurfaces:json,DOCUMENTATION_ONLY,inventory classification lead
project/src/parsers/compatibility/tidb,datatype_surface:enum_set,parser_support_udr;surface=ENUM;SET,project/src/parsers/compatibility/tidb/tidb_dialect.cpp#kDatatypeSurfaces:enum_set,IMPLEMENT_NONCLUSTER,inventory classification lead
project/src/parsers/compatibility/tidb,datatype_surface:spatial,parser_support_udr;surface=GEOMETRY;POINT;LINESTRING;POLYGON,project/src/parsers/compatibility/tidb/tidb_dialect.cpp#kDatatypeSurfaces:spatial,IMPLEMENT_NONCLUSTER,inventory classification lead
project/src/parsers/compatibility/tidb,datatype_surface:vector,parser_support_udr;surface=VECTOR,project/src/parsers/compatibility/tidb/tidb_dialect.cpp#kDatatypeSurfaces:vector,IMPLEMENT_NONCLUSTER,inventory classification lead
project/src/parsers/compatibility/tidb,datatype_surface:auto_random,descriptor_policy;surface=AUTO_RANDOM,project/src/parsers/compatibility/tidb/tidb_dialect.cpp#kDatatypeSurfaces:auto_random,DOCUMENTATION_ONLY,inventory classification lead
project/src/parsers/compatibility/tidb,datatype_surface:placement,catalog_policy;surface=PLACEMENT POLICY;RESOURCE GROUP,project/src/parsers/compatibility/tidb/tidb_dialect.cpp#kDatatypeSurfaces:placement,PARSER_REMAP_ONLY,inventory classification lead
project/src/parsers/compatibility/tidb,datatype_surface:charset_collation,catalog_policy;surface=CHARACTER SET;COLLATE,project/src/parsers/compatibility/tidb/tidb_dialect.cpp#kDatatypeSurfaces:charset_collation,PARSER_REMAP_ONLY,inventory classification lead
project/src/parsers/compatibility/tidb,builtin_function_surface:aggregate,sblr;surface=COUNT;SUM;AVG;MIN;MAX;GROUP_CONCAT,project/src/parsers/compatibility/tidb/tidb_dialect.cpp#kBuiltinSurfaces:aggregate,PARSER_REMAP_ONLY,inventory classification lead
project/src/parsers/compatibility/tidb,builtin_function_surface:window,sblr;surface=ROW_NUMBER;RANK;DENSE_RANK;LAG;LEAD,project/src/parsers/compatibility/tidb/tidb_dialect.cpp#kBuiltinSurfaces:window,PARSER_REMAP_ONLY,inventory classification lead
project/src/parsers/compatibility/tidb,builtin_function_surface:string,sblr;surface=CONCAT;SUBSTRING;LOWER;UPPER;TRIM,project/src/parsers/compatibility/tidb/tidb_dialect.cpp#kBuiltinSurfaces:string,PARSER_REMAP_ONLY,inventory classification lead
project/src/parsers/compatibility/tidb,builtin_function_surface:numeric,sblr;surface=ABS;ROUND;POW;SQRT;MOD,project/src/parsers/compatibility/tidb/tidb_dialect.cpp#kBuiltinSurfaces:numeric,PARSER_REMAP_ONLY,inventory classification lead
project/src/parsers/compatibility/tidb,builtin_function_surface:temporal,sblr;surface=NOW;CURRENT_TIMESTAMP;DATE_ADD;DATE_SUB,project/src/parsers/compatibility/tidb/tidb_dialect.cpp#kBuiltinSurfaces:temporal,PARSER_REMAP_ONLY,inventory classification lead
project/src/parsers/compatibility/tidb,builtin_function_surface:json,parser_support_udr;surface=JSON_EXTRACT;JSON_VALUE;JSON_OBJECT,project/src/parsers/compatibility/tidb/tidb_dialect.cpp#kBuiltinSurfaces:json,IMPLEMENT_NONCLUSTER,inventory classification lead
project/src/parsers/compatibility/tidb,builtin_function_surface:security,catalog_projection;surface=CURRENT_USER;SESSION_USER;USER,project/src/parsers/compatibility/tidb/tidb_dialect.cpp#kBuiltinSurfaces:security,PARSER_REMAP_ONLY,inventory classification lead
project/src/parsers/compatibility/tidb,builtin_function_surface:diagnostic,catalog_projection;surface=TIDB_VERSION;TIDB_DECODE_KEY,project/src/parsers/compatibility/tidb/tidb_dialect.cpp#kBuiltinSurfaces:diagnostic,PARSER_REMAP_ONLY,inventory classification lead
project/src/parsers/compatibility/tidb,builtin_function_surface:placement,parser_support_udr;surface=PLACEMENT_*,project/src/parsers/compatibility/tidb/tidb_dialect.cpp#kBuiltinSurfaces:placement,IMPLEMENT_NONCLUSTER,inventory classification lead
project/src/parsers/compatibility/tidb,builtin_function_surface:variables,session_descriptor;surface=@user_variable;@@system_variable,project/src/parsers/compatibility/tidb/tidb_dialect.cpp#kBuiltinSurfaces:variables,DOCUMENTATION_ONLY,inventory classification lead
project/src/parsers/compatibility/tidb,builtin_function_surface:fulltext,sblr_optional;surface=MATCH AGAINST,project/src/parsers/compatibility/tidb/tidb_dialect.cpp#kBuiltinSurfaces:fulltext,DOCUMENTATION_ONLY,inventory classification lead
project/src/parsers/compatibility/tidb,builtin_function_surface:vector,parser_support_udr;surface=VEC_*,project/src/parsers/compatibility/tidb/tidb_dialect.cpp#kBuiltinSurfaces:vector,IMPLEMENT_NONCLUSTER,inventory classification lead
project/src/parsers/compatibility/tidb,catalog_overlay_surface:information_schema,catalog_projection;surface=INFORMATION_SCHEMA.,project/src/parsers/compatibility/tidb/tidb_dialect.cpp#kCatalogSurfaces:information_schema,PARSER_REMAP_ONLY,inventory classification lead
project/src/parsers/compatibility/tidb,catalog_overlay_surface:metrics_schema,catalog_projection;surface=METRICS_SCHEMA.,project/src/parsers/compatibility/tidb/tidb_dialect.cpp#kCatalogSurfaces:metrics_schema,PARSER_REMAP_ONLY,inventory classification lead
project/src/parsers/compatibility/tidb,catalog_overlay_surface:performance_schema,catalog_projection;surface=PERFORMANCE_SCHEMA.,project/src/parsers/compatibility/tidb/tidb_dialect.cpp#kCatalogSurfaces:performance_schema,PARSER_REMAP_ONLY,inventory classification lead
project/src/parsers/compatibility/tidb,catalog_overlay_surface:tidb_schema,catalog_projection;surface=TIDB.,project/src/parsers/compatibility/tidb/tidb_dialect.cpp#kCatalogSurfaces:tidb_schema,PARSER_REMAP_ONLY,inventory classification lead
project/src/parsers/compatibility/tidb,catalog_overlay_surface:cluster_info,catalog_projection;surface=CLUSTER_INFO;TIDB_SERVERS,project/src/parsers/compatibility/tidb/tidb_dialect.cpp#kCatalogSurfaces:cluster_info,NORMALIZE_CLUSTER,inventory classification lead
project/src/parsers/compatibility/tidb,catalog_overlay_surface:placement_metadata,catalog_projection;surface=PLACEMENT_POLICIES;RESOURCE_GROUPS,project/src/parsers/compatibility/tidb/tidb_dialect.cpp#kCatalogSurfaces:placement_metadata,PARSER_REMAP_ONLY,inventory classification lead
project/src/parsers/compatibility/tidb,catalog_overlay_surface:region_metadata,catalog_projection;surface=SHOW TABLE REGIONS;SHOW TABLE TIFLASH REPLICA,project/src/parsers/compatibility/tidb/tidb_dialect.cpp#kCatalogSurfaces:region_metadata,PARSER_REMAP_ONLY,inventory classification lead
project/src/parsers/compatibility/tidb,catalog_overlay_surface:privilege_metadata,catalog_projection;surface=SHOW GRANTS,project/src/parsers/compatibility/tidb/tidb_dialect.cpp#kCatalogSurfaces:privilege_metadata,PARSER_REMAP_ONLY,inventory classification lead
project/src/parsers/compatibility/tidb,catalog_overlay_surface:table_metadata,catalog_projection;surface=SHOW COLUMNS;SHOW INDEX;DESCRIBE,project/src/parsers/compatibility/tidb/tidb_dialect.cpp#kCatalogSurfaces:table_metadata,PARSER_REMAP_ONLY,inventory classification lead
project/src/parsers/compatibility/tidb,diagnostic_surface:parse,parser;surface=TIDB.PARSE.INVALID_INPUT;TIDB.PARSE.UNSUPPORTED_SURFACE,project/src/parsers/compatibility/tidb/tidb_dialect.cpp#kDiagnosticSurfaces:parse,PARSER_REMAP_ONLY,inventory classification lead
project/src/parsers/compatibility/tidb,diagnostic_surface:file,fail_closed;surface=TIDB.AUTHORITY.FILE_IO_DENIED,project/src/parsers/compatibility/tidb/tidb_dialect.cpp#kDiagnosticSurfaces:file,ARCHITECTURE_REFUSAL,inventory classification lead
project/src/parsers/compatibility/tidb,diagnostic_surface:plugin,fail_closed;surface=TIDB.AUTHORITY.PLUGIN_DENIED,project/src/parsers/compatibility/tidb/tidb_dialect.cpp#kDiagnosticSurfaces:plugin,ARCHITECTURE_REFUSAL,inventory classification lead
project/src/parsers/compatibility/tidb,diagnostic_surface:admin,fail_closed;surface=TIDB.AUTHORITY.ADMIN_DENIED,project/src/parsers/compatibility/tidb/tidb_dialect.cpp#kDiagnosticSurfaces:admin,ARCHITECTURE_REFUSAL,inventory classification lead
project/src/parsers/compatibility/tidb,diagnostic_surface:backup,fail_closed;surface=TIDB.AUTHORITY.BACKUP_DENIED,project/src/parsers/compatibility/tidb/tidb_dialect.cpp#kDiagnosticSurfaces:backup,ARCHITECTURE_REFUSAL,inventory classification lead
project/src/parsers/compatibility/tidb,diagnostic_surface:restore,fail_closed;surface=TIDB.AUTHORITY.RESTORE_DENIED,project/src/parsers/compatibility/tidb/tidb_dialect.cpp#kDiagnosticSurfaces:restore,ARCHITECTURE_REFUSAL,inventory classification lead
project/src/parsers/compatibility/tidb,diagnostic_surface:placement,parser_support_udr;surface=TIDB.EMULATION.PLACEMENT_ROUTE,project/src/parsers/compatibility/tidb/tidb_dialect.cpp#kDiagnosticSurfaces:placement,IMPLEMENT_NONCLUSTER,inventory classification lead
project/src/parsers/compatibility/tidb,diagnostic_surface:resource_group,parser_support_udr;surface=TIDB.EMULATION.RESOURCE_GROUP_ROUTE,project/src/parsers/compatibility/tidb/tidb_dialect.cpp#kDiagnosticSurfaces:resource_group,IMPLEMENT_NONCLUSTER,inventory classification lead
project/src/parsers/compatibility/tidb,diagnostic_surface:security,parser_support_udr;surface=TIDB.EMULATION.SECURITY_ROUTE,project/src/parsers/compatibility/tidb/tidb_dialect.cpp#kDiagnosticSurfaces:security,IMPLEMENT_NONCLUSTER,inventory classification lead
project/src/parsers/compatibility/tidb,diagnostic_surface:catalog,catalog_projection;surface=TIDB.CATALOG_OVERLAY.READ_ONLY,project/src/parsers/compatibility/tidb/tidb_dialect.cpp#kDiagnosticSurfaces:catalog,PARSER_REMAP_ONLY,inventory classification lead
project/src/parsers/compatibility/tidb,diagnostic_surface:session,sblr;surface=TIDB.SESSION.*,project/src/parsers/compatibility/tidb/tidb_dialect.cpp#kDiagnosticSurfaces:session,PARSER_REMAP_ONLY,inventory classification lead
project/src/parsers/compatibility/tidb,diagnostic_surface:transaction,sblr;surface=TIDB.TRANSACTION.*,project/src/parsers/compatibility/tidb/tidb_dialect.cpp#kDiagnosticSurfaces:transaction,PARSER_REMAP_ONLY,inventory classification lead
project/src/parsers/compatibility/tidb,source_marker:unsupported,source_marker_requires_review,project/src/parsers/compatibility/tidb/tidb_dialect.cpp#marker:unsupported,ARCHITECTURE_REFUSAL,inventory classification lead
project/src/parsers/compatibility/tikv,tikv.admin.split_region,kPolicyRefusal;match=SPLIT_REGION;mapping=tikv.policy.cluster.split_region;sblr=none;engine_api=none;diagnostic=TIKV.AUTHORITY.CLUSTER_CONTROL_RESERVED,project/src/parsers/compatibility/tikv/tikv_dialect.cpp#kPatterns:tikv.admin.split_region,NORMALIZE_CLUSTER,parser remap lead
project/src/parsers/compatibility/tikv,tikv.admin.merge_region,kPolicyRefusal;match=MERGE_REGION;mapping=tikv.policy.cluster.merge_region;sblr=none;engine_api=none;diagnostic=TIKV.AUTHORITY.CLUSTER_CONTROL_RESERVED,project/src/parsers/compatibility/tikv/tikv_dialect.cpp#kPatterns:tikv.admin.merge_region,NORMALIZE_CLUSTER,parser remap lead
project/src/parsers/compatibility/tikv,tikv.admin.transfer_leader,kPolicyRefusal;match=TRANSFER_LEADER;mapping=tikv.policy.cluster.transfer_leader;sblr=none;engine_api=none;diagnostic=TIKV.AUTHORITY.CLUSTER_CONTROL_RESERVED,project/src/parsers/compatibility/tikv/tikv_dialect.cpp#kPatterns:tikv.admin.transfer_leader,NORMALIZE_CLUSTER,parser remap lead
project/src/parsers/compatibility/tikv,tikv.admin.change_peer,kPolicyRefusal;match=CHANGE_PEER;mapping=tikv.policy.cluster.change_peer;sblr=none;engine_api=none;diagnostic=TIKV.AUTHORITY.CLUSTER_CONTROL_RESERVED,project/src/parsers/compatibility/tikv/tikv_dialect.cpp#kPatterns:tikv.admin.change_peer,NORMALIZE_CLUSTER,parser remap lead
project/src/parsers/compatibility/tikv,tikv.admin.pd_request,kPolicyRefusal;match=PD_;mapping=tikv.policy.cluster.pd_request;sblr=none;engine_api=none;diagnostic=TIKV.AUTHORITY.CLUSTER_CONTROL_RESERVED,project/src/parsers/compatibility/tikv/tikv_dialect.cpp#kPatterns:tikv.admin.pd_request,NORMALIZE_CLUSTER,parser remap lead
project/src/parsers/compatibility/tikv,tikv.import_sst,kParserSupportUdr;match=IMPORT_SST;mapping=tikv.udr.import_sst;sblr=SBLR_COMPAT_TIKV_IMPORT_SST_ROUTE;engine_api=ParserSupportImportSstRoute;diagnostic=TIKV.EMULATION.IMPORT_SST_ROUTE,project/src/parsers/compatibility/tikv/tikv_dialect.cpp#kPatterns:tikv.import_sst,IMPLEMENT_NONCLUSTER,parser remap lead
project/src/parsers/compatibility/tikv,tikv.raw.batch_get,kAdmittedSblr;match=RAW_BATCH_GET;mapping=tikv.raw.batch_get;sblr=SBLR_COMPAT_TIKV_RAW_ROUTE;engine_api=EngineRawKvBatchGet;diagnostic=none,project/src/parsers/compatibility/tikv/tikv_dialect.cpp#kPatterns:tikv.raw.batch_get,PARSER_REMAP_ONLY,parser remap lead
project/src/parsers/compatibility/tikv,tikv.raw.get,kAdmittedSblr;match=RAW_GET;mapping=tikv.raw.get;sblr=SBLR_COMPAT_TIKV_RAW_GET;engine_api=EngineRawKvGet;diagnostic=none,project/src/parsers/compatibility/tikv/tikv_dialect.cpp#kPatterns:tikv.raw.get,PARSER_REMAP_ONLY,parser remap lead
project/src/parsers/compatibility/tikv,tikv.raw.put,kAdmittedSblr;match=RAW_PUT;mapping=tikv.raw.put;sblr=SBLR_COMPAT_TIKV_RAW_PUT;engine_api=EngineRawKvPut;diagnostic=none,project/src/parsers/compatibility/tikv/tikv_dialect.cpp#kPatterns:tikv.raw.put,PARSER_REMAP_ONLY,parser remap lead
project/src/parsers/compatibility/tikv,tikv.raw.delete,kAdmittedSblr;match=RAW_DELETE;mapping=tikv.raw.delete;sblr=SBLR_COMPAT_TIKV_RAW_DELETE;engine_api=EngineRawKvDelete;diagnostic=none,project/src/parsers/compatibility/tikv/tikv_dialect.cpp#kPatterns:tikv.raw.delete,PARSER_REMAP_ONLY,parser remap lead
project/src/parsers/compatibility/tikv,tikv.raw.scan,kAdmittedSblr;match=RAW_SCAN;mapping=tikv.raw.scan;sblr=SBLR_COMPAT_TIKV_RAW_SCAN;engine_api=EngineRawKvScan;diagnostic=none,project/src/parsers/compatibility/tikv/tikv_dialect.cpp#kPatterns:tikv.raw.scan,PARSER_REMAP_ONLY,parser remap lead
project/src/parsers/compatibility/tikv,tikv.txn.prewrite,kParserSupportUdr;match=TXN_PREWRITE;mapping=tikv.udr.txn.prewrite;sblr=SBLR_COMPAT_TIKV_TXN_PREWRITE_ROUTE;engine_api=ParserSupportTxnPrewriteRoute;diagnostic=TIKV.EMULATION.TXN_ROUTE,project/src/parsers/compatibility/tikv/tikv_dialect.cpp#kPatterns:tikv.txn.prewrite,IMPLEMENT_NONCLUSTER,parser remap lead
project/src/parsers/compatibility/tikv,tikv.txn.commit,kAdmittedSblr;match=TXN_COMMIT;mapping=tikv.txn.commit;sblr=SBLR_TRANSACTION_COMMIT;engine_api=EngineCommitTransaction;diagnostic=none,project/src/parsers/compatibility/tikv/tikv_dialect.cpp#kPatterns:tikv.txn.commit,PARSER_REMAP_ONLY,parser remap lead
project/src/parsers/compatibility/tikv,tikv.txn.rollback,kAdmittedSblr;match=TXN_ROLLBACK;mapping=tikv.txn.rollback;sblr=SBLR_TRANSACTION_ROLLBACK;engine_api=EngineRollbackTransaction;diagnostic=none,project/src/parsers/compatibility/tikv/tikv_dialect.cpp#kPatterns:tikv.txn.rollback,PARSER_REMAP_ONLY,parser remap lead
project/src/parsers/compatibility/tikv,tikv.txn.get,kAdmittedSblr;match=TXN_GET;mapping=tikv.txn.get;sblr=SBLR_COMPAT_TIKV_TXN_GET;engine_api=EngineTxnKvGet;diagnostic=none,project/src/parsers/compatibility/tikv/tikv_dialect.cpp#kPatterns:tikv.txn.get,PARSER_REMAP_ONLY,parser remap lead
project/src/parsers/compatibility/tikv,tikv.txn.scan,kAdmittedSblr;match=TXN_SCAN;mapping=tikv.txn.scan;sblr=SBLR_COMPAT_TIKV_TXN_SCAN;engine_api=EngineTxnKvScan;diagnostic=none,project/src/parsers/compatibility/tikv/tikv_dialect.cpp#kPatterns:tikv.txn.scan,PARSER_REMAP_ONLY,parser remap lead
project/src/parsers/compatibility/tikv,tikv.coprocessor.request,kParserSupportUdr;match=COPROCESSOR;mapping=tikv.udr.coprocessor;sblr=SBLR_COMPAT_TIKV_COPROCESSOR_ROUTE;engine_api=ParserSupportCoprocessorRoute;diagnostic=TIKV.EMULATION.COPROCESSOR_ROUTE,project/src/parsers/compatibility/tikv/tikv_dialect.cpp#kPatterns:tikv.coprocessor.request,IMPLEMENT_NONCLUSTER,parser remap lead
project/src/parsers/compatibility/tikv,tikv.catalog.region_info,kCatalogProjection;match=REGION_INFO;mapping=tikv.catalog.region_info;sblr=SBLR_COMPAT_TIKV_CATALOG_PROJECT;engine_api=EngineCatalogProjection;diagnostic=none,project/src/parsers/compatibility/tikv/tikv_dialect.cpp#kPatterns:tikv.catalog.region_info,PARSER_REMAP_ONLY,parser remap lead
project/src/parsers/compatibility/tikv,tikv.catalog.store_info,kCatalogProjection;match=STORE_INFO;mapping=tikv.catalog.store_info;sblr=SBLR_COMPAT_TIKV_CATALOG_PROJECT;engine_api=EngineCatalogProjection;diagnostic=none,project/src/parsers/compatibility/tikv/tikv_dialect.cpp#kPatterns:tikv.catalog.store_info,PARSER_REMAP_ONLY,parser remap lead
project/src/parsers/compatibility/tikv,tikv.catalog.mvcc_info,kCatalogProjection;match=MVCC_INFO;mapping=tikv.catalog.mvcc_info;sblr=SBLR_COMPAT_TIKV_CATALOG_PROJECT;engine_api=EngineCatalogProjection;diagnostic=none,project/src/parsers/compatibility/tikv/tikv_dialect.cpp#kPatterns:tikv.catalog.mvcc_info,PARSER_REMAP_ONLY,parser remap lead
project/src/parsers/compatibility/tikv,tikv.catalog.lock_info,kCatalogProjection;match=LOCK_INFO;mapping=tikv.catalog.lock_info;sblr=SBLR_COMPAT_TIKV_CATALOG_PROJECT;engine_api=EngineCatalogProjection;diagnostic=none,project/src/parsers/compatibility/tikv/tikv_dialect.cpp#kPatterns:tikv.catalog.lock_info,PARSER_REMAP_ONLY,parser remap lead
project/src/parsers/compatibility/tikv,datatype_surface:key,descriptor;surface=BYTES;KEY;RAW_KEY,project/src/parsers/compatibility/tikv/tikv_dialect.cpp#kDatatypeSurfaces:key,DOCUMENTATION_ONLY,inventory classification lead
project/src/parsers/compatibility/tikv,datatype_surface:value,descriptor;surface=BYTES;VALUE;RAW_VALUE,project/src/parsers/compatibility/tikv/tikv_dialect.cpp#kDatatypeSurfaces:value,DOCUMENTATION_ONLY,inventory classification lead
project/src/parsers/compatibility/tikv,datatype_surface:timestamp,descriptor_policy;surface=START_TS;COMMIT_TS;TSO,project/src/parsers/compatibility/tikv/tikv_dialect.cpp#kDatatypeSurfaces:timestamp,DOCUMENTATION_ONLY,inventory classification lead
project/src/parsers/compatibility/tikv,datatype_surface:ttl,catalog_policy;surface=TTL;EXPIRE_TS,project/src/parsers/compatibility/tikv/tikv_dialect.cpp#kDatatypeSurfaces:ttl,PARSER_REMAP_ONLY,inventory classification lead
project/src/parsers/compatibility/tikv,datatype_surface:lock,catalog_policy;surface=LOCK;PRIMARY_LOCK;LOCK_TTL,project/src/parsers/compatibility/tikv/tikv_dialect.cpp#kDatatypeSurfaces:lock,PARSER_REMAP_ONLY,inventory classification lead
project/src/parsers/compatibility/tikv,datatype_surface:region,catalog_projection;surface=REGION_ID;PEER_ID;STORE_ID,project/src/parsers/compatibility/tikv/tikv_dialect.cpp#kDatatypeSurfaces:region,PARSER_REMAP_ONLY,inventory classification lead
project/src/parsers/compatibility/tikv,datatype_surface:coprocessor,parser_support_udr;surface=DAG_REQUEST;COP_REQUEST,project/src/parsers/compatibility/tikv/tikv_dialect.cpp#kDatatypeSurfaces:coprocessor,IMPLEMENT_NONCLUSTER,inventory classification lead
project/src/parsers/compatibility/tikv,datatype_surface:sst,parser_support_udr;surface=SST;INGEST;IMPORT_SST,project/src/parsers/compatibility/tikv/tikv_dialect.cpp#kDatatypeSurfaces:sst,IMPLEMENT_NONCLUSTER,inventory classification lead
project/src/parsers/compatibility/tikv,builtin_function_surface:raw_kv,sblr;surface=RAW_GET;RAW_PUT;RAW_DELETE;RAW_SCAN;RAW_BATCH_GET,project/src/parsers/compatibility/tikv/tikv_dialect.cpp#kBuiltinSurfaces:raw_kv,PARSER_REMAP_ONLY,inventory classification lead
project/src/parsers/compatibility/tikv,builtin_function_surface:txn_kv,sblr;surface=TXN_GET;TXN_PREWRITE;TXN_COMMIT;TXN_ROLLBACK;TXN_SCAN,project/src/parsers/compatibility/tikv/tikv_dialect.cpp#kBuiltinSurfaces:txn_kv,PARSER_REMAP_ONLY,inventory classification lead
project/src/parsers/compatibility/tikv,builtin_function_surface:coprocessor,parser_support_udr;surface=COPROCESSOR;DAG;SELECTION;TABLE_SCAN;INDEX_SCAN,project/src/parsers/compatibility/tikv/tikv_dialect.cpp#kBuiltinSurfaces:coprocessor,IMPLEMENT_NONCLUSTER,inventory classification lead
project/src/parsers/compatibility/tikv,builtin_function_surface:import,parser_support_udr;surface=IMPORT_SST;INGEST_SST,project/src/parsers/compatibility/tikv/tikv_dialect.cpp#kBuiltinSurfaces:import,IMPLEMENT_NONCLUSTER,inventory classification lead
project/src/parsers/compatibility/tikv,builtin_function_surface:catalog,catalog_projection;surface=REGION_INFO;STORE_INFO;MVCC_INFO;LOCK_INFO,project/src/parsers/compatibility/tikv/tikv_dialect.cpp#kBuiltinSurfaces:catalog,PARSER_REMAP_ONLY,inventory classification lead
project/src/parsers/compatibility/tikv,builtin_function_surface:cluster,fail_closed;surface=SPLIT_REGION;MERGE_REGION;TRANSFER_LEADER;CHANGE_PEER;PD_*,project/src/parsers/compatibility/tikv/tikv_dialect.cpp#kBuiltinSurfaces:cluster,NORMALIZE_CLUSTER,inventory classification lead
project/src/parsers/compatibility/tikv,builtin_function_surface:transaction,sblr;surface=COMMIT;ROLLBACK;PREWRITE,project/src/parsers/compatibility/tikv/tikv_dialect.cpp#kBuiltinSurfaces:transaction,PARSER_REMAP_ONLY,inventory classification lead
project/src/parsers/compatibility/tikv,builtin_function_surface:security,parser_support_udr;surface=CERT;TLS;AUTH_TOKEN,project/src/parsers/compatibility/tikv/tikv_dialect.cpp#kBuiltinSurfaces:security,IMPLEMENT_NONCLUSTER,inventory classification lead
project/src/parsers/compatibility/tikv,catalog_overlay_surface:regions,catalog_projection;surface=TIKV_REGIONS,project/src/parsers/compatibility/tikv/tikv_dialect.cpp#kCatalogSurfaces:regions,PARSER_REMAP_ONLY,inventory classification lead
project/src/parsers/compatibility/tikv,catalog_overlay_surface:stores,catalog_projection;surface=TIKV_STORES,project/src/parsers/compatibility/tikv/tikv_dialect.cpp#kCatalogSurfaces:stores,PARSER_REMAP_ONLY,inventory classification lead
project/src/parsers/compatibility/tikv,catalog_overlay_surface:locks,catalog_projection;surface=TIKV_LOCKS,project/src/parsers/compatibility/tikv/tikv_dialect.cpp#kCatalogSurfaces:locks,PARSER_REMAP_ONLY,inventory classification lead
project/src/parsers/compatibility/tikv,catalog_overlay_surface:mvcc,catalog_projection;surface=TIKV_MVCC,project/src/parsers/compatibility/tikv/tikv_dialect.cpp#kCatalogSurfaces:mvcc,PARSER_REMAP_ONLY,inventory classification lead
project/src/parsers/compatibility/tikv,catalog_overlay_surface:raw_cf,catalog_projection;surface=TIKV_RAW_CF,project/src/parsers/compatibility/tikv/tikv_dialect.cpp#kCatalogSurfaces:raw_cf,PARSER_REMAP_ONLY,inventory classification lead
project/src/parsers/compatibility/tikv,catalog_overlay_surface:scheduler,catalog_projection;surface=TIKV_SCHEDULER,project/src/parsers/compatibility/tikv/tikv_dialect.cpp#kCatalogSurfaces:scheduler,PARSER_REMAP_ONLY,inventory classification lead
project/src/parsers/compatibility/tikv,catalog_overlay_surface:coprocessor,catalog_projection;surface=TIKV_COPROCESSOR,project/src/parsers/compatibility/tikv/tikv_dialect.cpp#kCatalogSurfaces:coprocessor,PARSER_REMAP_ONLY,inventory classification lead
project/src/parsers/compatibility/tikv,catalog_overlay_surface:import_jobs,catalog_projection;surface=TIKV_IMPORT_JOBS,project/src/parsers/compatibility/tikv/tikv_dialect.cpp#kCatalogSurfaces:import_jobs,PARSER_REMAP_ONLY,inventory classification lead
project/src/parsers/compatibility/tikv,diagnostic_surface:parse,parser;surface=TIKV.PARSE.INVALID_INPUT;TIKV.PARSE.UNSUPPORTED_SURFACE,project/src/parsers/compatibility/tikv/tikv_dialect.cpp#kDiagnosticSurfaces:parse,PARSER_REMAP_ONLY,inventory classification lead
project/src/parsers/compatibility/tikv,diagnostic_surface:policy,fail_closed;surface=TIKV.AUTHORITY.*,project/src/parsers/compatibility/tikv/tikv_dialect.cpp#kDiagnosticSurfaces:policy,ARCHITECTURE_REFUSAL,inventory classification lead
project/src/parsers/compatibility/tikv,diagnostic_surface:udr,parser_support_udr;surface=TIKV.EMULATION.*,project/src/parsers/compatibility/tikv/tikv_dialect.cpp#kDiagnosticSurfaces:udr,IMPLEMENT_NONCLUSTER,inventory classification lead
project/src/parsers/compatibility/tikv,diagnostic_surface:catalog,catalog_projection;surface=TIKV.CATALOG_OVERLAY.READ_ONLY,project/src/parsers/compatibility/tikv/tikv_dialect.cpp#kDiagnosticSurfaces:catalog,PARSER_REMAP_ONLY,inventory classification lead
project/src/parsers/compatibility/tikv,diagnostic_surface:session,sblr;surface=TIKV.SESSION.*,project/src/parsers/compatibility/tikv/tikv_dialect.cpp#kDiagnosticSurfaces:session,PARSER_REMAP_ONLY,inventory classification lead
project/src/parsers/compatibility/tikv,diagnostic_surface:transaction,sblr;surface=TIKV.TRANSACTION.*,project/src/parsers/compatibility/tikv/tikv_dialect.cpp#kDiagnosticSurfaces:transaction,PARSER_REMAP_ONLY,inventory classification lead
project/src/parsers/compatibility/tikv,diagnostic_surface:file_effects,authority_invariant;surface=real_compatibility_file_effects=false,project/src/parsers/compatibility/tikv/tikv_dialect.cpp#kDiagnosticSurfaces:file_effects,DOCUMENTATION_ONLY,inventory classification lead
project/src/parsers/compatibility/tikv,diagnostic_surface:compatibility_execution,authority_invariant;surface=compatibility_engine_sql_executed=false,project/src/parsers/compatibility/tikv/tikv_dialect.cpp#kDiagnosticSurfaces:compatibility_execution,DOCUMENTATION_ONLY,inventory classification lead
project/src/parsers/compatibility/tikv,diagnostic_surface:mga,authority_invariant;surface=parser_transaction_finality_authority=false,project/src/parsers/compatibility/tikv/tikv_dialect.cpp#kDiagnosticSurfaces:mga,DOCUMENTATION_ONLY,inventory classification lead
project/src/parsers/compatibility/tikv,diagnostic_surface:support_bundle,diagnostic_redaction;surface=source_text_redacted=true,project/src/parsers/compatibility/tikv/tikv_dialect.cpp#kDiagnosticSurfaces:support_bundle,DOCUMENTATION_ONLY,inventory classification lead
project/src/parsers/compatibility/tikv,source_marker:unsupported,source_marker_requires_review,project/src/parsers/compatibility/tikv/tikv_dialect.cpp#marker:unsupported,ARCHITECTURE_REFUSAL,inventory classification lead
project/src/parsers/compatibility/vitess,vitess.topology.reparent,kSecurityRefusal;match=VTCTL REPARENT;mapping=vitess.policy.topology.reparent;sblr=none;engine_api=none;diagnostic=VITESS.AUTHORITY.TOPOLOGY_DENIED,project/src/parsers/compatibility/vitess/vitess_dialect.cpp#kPatterns:vitess.topology.reparent,NORMALIZE_CLUSTER,parser remap lead
project/src/parsers/compatibility/vitess,vitess.topology.command,kPolicyRefusal;match=VTCTL;mapping=vitess.policy.topology.command;sblr=none;engine_api=none;diagnostic=VITESS.AUTHORITY.TOPOLOGY_DENIED,project/src/parsers/compatibility/vitess/vitess_dialect.cpp#kPatterns:vitess.topology.command,NORMALIZE_CLUSTER,parser remap lead
project/src/parsers/compatibility/vitess,vitess.vreplication.move_tables,kParserSupportUdr;match=MOVE TABLES;mapping=vitess.udr.vreplication.move_tables;sblr=SBLR_COMPAT_VITESS_VREPLICATION_ROUTE;engine_api=ParserSupportVReplicationRoute;diagnostic=VITESS.EMULATION.VREPLICATION_ROUTE,project/src/parsers/compatibility/vitess/vitess_dialect.cpp#kPatterns:vitess.vreplication.move_tables,NORMALIZE_CLUSTER,parser remap lead
project/src/parsers/compatibility/vitess,vitess.vreplication.reshard,kParserSupportUdr;match=RESHARD;mapping=vitess.udr.vreplication.reshard;sblr=SBLR_COMPAT_VITESS_VREPLICATION_ROUTE;engine_api=ParserSupportVReplicationRoute;diagnostic=VITESS.EMULATION.VREPLICATION_ROUTE,project/src/parsers/compatibility/vitess/vitess_dialect.cpp#kPatterns:vitess.vreplication.reshard,NORMALIZE_CLUSTER,parser remap lead
project/src/parsers/compatibility/vitess,vitess.vreplication.vdiff,kParserSupportUdr;match=VDIFF;mapping=vitess.udr.vreplication.vdiff;sblr=SBLR_COMPAT_VITESS_VREPLICATION_ROUTE;engine_api=ParserSupportVReplicationRoute;diagnostic=VITESS.EMULATION.VREPLICATION_ROUTE,project/src/parsers/compatibility/vitess/vitess_dialect.cpp#kPatterns:vitess.vreplication.vdiff,NORMALIZE_CLUSTER,parser remap lead
project/src/parsers/compatibility/vitess,vitess.vschema.alter,kParserSupportUdr;match=ALTER VSCHEMA;mapping=vitess.udr.vschema.alter;sblr=SBLR_COMPAT_VITESS_VSCHEMA_ROUTE;engine_api=ParserSupportVSchemaRoute;diagnostic=VITESS.EMULATION.VSCHEMA_ROUTE,project/src/parsers/compatibility/vitess/vitess_dialect.cpp#kPatterns:vitess.vschema.alter,IMPLEMENT_NONCLUSTER,parser remap lead
project/src/parsers/compatibility/vitess,vitess.catalog_overlay.show_vschema,kCatalogProjection;match=SHOW VSCHEMA;mapping=vitess.catalog.show_vschema;sblr=SBLR_COMPAT_VITESS_CATALOG_PROJECT;engine_api=EngineCatalogProjection;diagnostic=none,project/src/parsers/compatibility/vitess/vitess_dialect.cpp#kPatterns:vitess.catalog_overlay.show_vschema,PARSER_REMAP_ONLY,parser remap lead
project/src/parsers/compatibility/vitess,vitess.catalog_overlay.show_status,kCatalogProjection;match=SHOW VITESS;mapping=vitess.catalog.show_status;sblr=SBLR_COMPAT_VITESS_CATALOG_PROJECT;engine_api=EngineCatalogProjection;diagnostic=none,project/src/parsers/compatibility/vitess/vitess_dialect.cpp#kPatterns:vitess.catalog_overlay.show_status,PARSER_REMAP_ONLY,parser remap lead
project/src/parsers/compatibility/vitess,vitess.bulk_io.load_data_infile,kPolicyRefusal;match=LOAD DATA INFILE;mapping=vitess.policy.file.load_data_infile;sblr=none;engine_api=none;diagnostic=VITESS.AUTHORITY.FILE_IO_DENIED,project/src/parsers/compatibility/vitess/vitess_dialect.cpp#kPatterns:vitess.bulk_io.load_data_infile,EXTERNAL_AUTHORITY,parser remap lead
project/src/parsers/compatibility/vitess,vitess.bulk_io.load_file,kPolicyRefusal;match=LOAD_FILE;mapping=vitess.policy.file.load_file;sblr=none;engine_api=none;diagnostic=VITESS.AUTHORITY.FILE_IO_DENIED,project/src/parsers/compatibility/vitess/vitess_dialect.cpp#kPatterns:vitess.bulk_io.load_file,EXTERNAL_AUTHORITY,parser remap lead
project/src/parsers/compatibility/vitess,vitess.bulk_io.select_into_outfile,kPolicyRefusal;match=SELECT|| INTO OUTFILE;mapping=vitess.policy.file.select_into_outfile;sblr=none;engine_api=none;diagnostic=VITESS.AUTHORITY.FILE_IO_DENIED,project/src/parsers/compatibility/vitess/vitess_dialect.cpp#kPatterns:vitess.bulk_io.select_into_outfile,EXTERNAL_AUTHORITY,parser remap lead
project/src/parsers/compatibility/vitess,vitess.plugin.install,kPolicyRefusal;match=INSTALL PLUGIN;mapping=vitess.policy.plugin.install;sblr=none;engine_api=none;diagnostic=VITESS.AUTHORITY.PLUGIN_DENIED,project/src/parsers/compatibility/vitess/vitess_dialect.cpp#kPatterns:vitess.plugin.install,ARCHITECTURE_REFUSAL,parser remap lead
project/src/parsers/compatibility/vitess,vitess.plugin.uninstall,kPolicyRefusal;match=UNINSTALL PLUGIN;mapping=vitess.policy.plugin.uninstall;sblr=none;engine_api=none;diagnostic=VITESS.AUTHORITY.PLUGIN_DENIED,project/src/parsers/compatibility/vitess/vitess_dialect.cpp#kPatterns:vitess.plugin.uninstall,ARCHITECTURE_REFUSAL,parser remap lead
project/src/parsers/compatibility/vitess,vitess.security.create_user,kParserSupportUdr;match=CREATE USER;mapping=vitess.udr.security.create_user;sblr=SBLR_COMPAT_VITESS_SECURITY_ROUTE;engine_api=ParserSupportSecurityRoute;diagnostic=VITESS.EMULATION.SECURITY_ROUTE,project/src/parsers/compatibility/vitess/vitess_dialect.cpp#kPatterns:vitess.security.create_user,IMPLEMENT_NONCLUSTER,parser remap lead
project/src/parsers/compatibility/vitess,vitess.security.alter_user,kParserSupportUdr;match=ALTER USER;mapping=vitess.udr.security.alter_user;sblr=SBLR_COMPAT_VITESS_SECURITY_ROUTE;engine_api=ParserSupportSecurityRoute;diagnostic=VITESS.EMULATION.SECURITY_ROUTE,project/src/parsers/compatibility/vitess/vitess_dialect.cpp#kPatterns:vitess.security.alter_user,IMPLEMENT_NONCLUSTER,parser remap lead
project/src/parsers/compatibility/vitess,vitess.security.drop_user,kParserSupportUdr;match=DROP USER;mapping=vitess.udr.security.drop_user;sblr=SBLR_COMPAT_VITESS_SECURITY_ROUTE;engine_api=ParserSupportSecurityRoute;diagnostic=VITESS.EMULATION.SECURITY_ROUTE,project/src/parsers/compatibility/vitess/vitess_dialect.cpp#kPatterns:vitess.security.drop_user,IMPLEMENT_NONCLUSTER,parser remap lead
project/src/parsers/compatibility/vitess,vitess.security.grant,kParserSupportUdr;match=GRANT;mapping=vitess.udr.security.grant;sblr=SBLR_COMPAT_VITESS_SECURITY_ROUTE;engine_api=ParserSupportSecurityRoute;diagnostic=VITESS.EMULATION.SECURITY_ROUTE,project/src/parsers/compatibility/vitess/vitess_dialect.cpp#kPatterns:vitess.security.grant,IMPLEMENT_NONCLUSTER,parser remap lead
project/src/parsers/compatibility/vitess,vitess.security.revoke,kParserSupportUdr;match=REVOKE;mapping=vitess.udr.security.revoke;sblr=SBLR_COMPAT_VITESS_SECURITY_ROUTE;engine_api=ParserSupportSecurityRoute;diagnostic=VITESS.EMULATION.SECURITY_ROUTE,project/src/parsers/compatibility/vitess/vitess_dialect.cpp#kPatterns:vitess.security.revoke,IMPLEMENT_NONCLUSTER,parser remap lead
project/src/parsers/compatibility/vitess,vitess.lifecycle.create_database,kScratchBirdLifecycleApi;match=CREATE DATABASE;mapping=vitess.lifecycle.create_database;sblr=SBLR_LIFECYCLE_CREATE_DATABASE;engine_api=EngineCreateLifecycle;diagnostic=none,project/src/parsers/compatibility/vitess/vitess_dialect.cpp#kPatterns:vitess.lifecycle.create_database,PARSER_REMAP_ONLY,parser remap lead
project/src/parsers/compatibility/vitess,vitess.lifecycle.drop_database,kScratchBirdLifecycleApi;match=DROP DATABASE;mapping=vitess.lifecycle.drop_database;sblr=SBLR_LIFECYCLE_DROP_DATABASE;engine_api=EngineDropLifecycle;diagnostic=none,project/src/parsers/compatibility/vitess/vitess_dialect.cpp#kPatterns:vitess.lifecycle.drop_database,PARSER_REMAP_ONLY,parser remap lead
project/src/parsers/compatibility/vitess,vitess.catalog_overlay.show,kCatalogProjection;match=SHOW;mapping=vitess.catalog.show;sblr=SBLR_COMPAT_VITESS_CATALOG_PROJECT;engine_api=EngineCatalogProjection;diagnostic=none,project/src/parsers/compatibility/vitess/vitess_dialect.cpp#kPatterns:vitess.catalog_overlay.show,PARSER_REMAP_ONLY,parser remap lead
project/src/parsers/compatibility/vitess,vitess.catalog_overlay.describe,kCatalogProjection;match=DESCRIBE;mapping=vitess.catalog.describe;sblr=SBLR_COMPAT_VITESS_CATALOG_PROJECT;engine_api=EngineCatalogProjection;diagnostic=none,project/src/parsers/compatibility/vitess/vitess_dialect.cpp#kPatterns:vitess.catalog_overlay.describe,PARSER_REMAP_ONLY,parser remap lead
project/src/parsers/compatibility/vitess,vitess.optimizer.explain,kCatalogProjection;match=EXPLAIN;mapping=vitess.optimizer.explain;sblr=SBLR_COMPAT_VITESS_EXPLAIN;engine_api=EngineExplainPlan;diagnostic=none,project/src/parsers/compatibility/vitess/vitess_dialect.cpp#kPatterns:vitess.optimizer.explain,PARSER_REMAP_ONLY,parser remap lead
project/src/parsers/compatibility/vitess,vitess.session.set,kAdmittedSblr;match=SET;mapping=vitess.session.set;sblr=SBLR_COMPAT_VITESS_SET;engine_api=EngineSessionSet;diagnostic=none,project/src/parsers/compatibility/vitess/vitess_dialect.cpp#kPatterns:vitess.session.set,PARSER_REMAP_ONLY,parser remap lead
project/src/parsers/compatibility/vitess,vitess.session.use_database,kAdmittedSblr;match=USE;mapping=vitess.session.use_database;sblr=SBLR_COMPAT_VITESS_USE_DATABASE;engine_api=EngineSessionRoute;diagnostic=none,project/src/parsers/compatibility/vitess/vitess_dialect.cpp#kPatterns:vitess.session.use_database,PARSER_REMAP_ONLY,parser remap lead
project/src/parsers/compatibility/vitess,vitess.prepared.prepare,kAdmittedSblr;match=PREPARE;mapping=vitess.prepared.prepare;sblr=SBLR_COMPAT_VITESS_PREPARE;engine_api=EnginePrepareStatement;diagnostic=none,project/src/parsers/compatibility/vitess/vitess_dialect.cpp#kPatterns:vitess.prepared.prepare,PARSER_REMAP_ONLY,parser remap lead
project/src/parsers/compatibility/vitess,vitess.prepared.execute,kAdmittedSblr;match=EXECUTE;mapping=vitess.prepared.execute;sblr=SBLR_COMPAT_VITESS_EXECUTE;engine_api=EngineExecuteStatement;diagnostic=none,project/src/parsers/compatibility/vitess/vitess_dialect.cpp#kPatterns:vitess.prepared.execute,PARSER_REMAP_ONLY,parser remap lead
project/src/parsers/compatibility/vitess,vitess.prepared.deallocate,kAdmittedSblr;match=DEALLOCATE;mapping=vitess.prepared.deallocate;sblr=SBLR_COMPAT_VITESS_DEALLOCATE;engine_api=EngineDeallocateStatement;diagnostic=none,project/src/parsers/compatibility/vitess/vitess_dialect.cpp#kPatterns:vitess.prepared.deallocate,PARSER_REMAP_ONLY,parser remap lead
project/src/parsers/compatibility/vitess,vitess.ddl.create,kAdmittedSblr;match=CREATE;mapping=vitess.ddl.create;sblr=SBLR_COMPAT_VITESS_DDL_CREATE;engine_api=EngineDdlCreate;diagnostic=none,project/src/parsers/compatibility/vitess/vitess_dialect.cpp#kPatterns:vitess.ddl.create,PARSER_REMAP_ONLY,parser remap lead
project/src/parsers/compatibility/vitess,vitess.ddl.alter,kAdmittedSblr;match=ALTER;mapping=vitess.ddl.alter;sblr=SBLR_COMPAT_VITESS_DDL_ALTER;engine_api=EngineDdlAlter;diagnostic=none,project/src/parsers/compatibility/vitess/vitess_dialect.cpp#kPatterns:vitess.ddl.alter,PARSER_REMAP_ONLY,parser remap lead
project/src/parsers/compatibility/vitess,vitess.ddl.drop,kAdmittedSblr;match=DROP;mapping=vitess.ddl.drop;sblr=SBLR_COMPAT_VITESS_DDL_DROP;engine_api=EngineDdlDrop;diagnostic=none,project/src/parsers/compatibility/vitess/vitess_dialect.cpp#kPatterns:vitess.ddl.drop,PARSER_REMAP_ONLY,parser remap lead
project/src/parsers/compatibility/vitess,vitess.ddl.truncate,kAdmittedSblr;match=TRUNCATE;mapping=vitess.ddl.truncate;sblr=SBLR_COMPAT_VITESS_DDL_TRUNCATE;engine_api=EngineDdlTruncate;diagnostic=none,project/src/parsers/compatibility/vitess/vitess_dialect.cpp#kPatterns:vitess.ddl.truncate,PARSER_REMAP_ONLY,parser remap lead
project/src/parsers/compatibility/vitess,vitess.dml.insert,kAdmittedSblr;match=INSERT;mapping=vitess.dml.insert;sblr=SBLR_COMPAT_VITESS_INSERT;engine_api=EngineDmlInsert;diagnostic=none,project/src/parsers/compatibility/vitess/vitess_dialect.cpp#kPatterns:vitess.dml.insert,PARSER_REMAP_ONLY,parser remap lead
project/src/parsers/compatibility/vitess,vitess.dml.update,kAdmittedSblr;match=UPDATE;mapping=vitess.dml.update;sblr=SBLR_COMPAT_VITESS_UPDATE;engine_api=EngineDmlUpdate;diagnostic=none,project/src/parsers/compatibility/vitess/vitess_dialect.cpp#kPatterns:vitess.dml.update,PARSER_REMAP_ONLY,parser remap lead
project/src/parsers/compatibility/vitess,vitess.dml.delete,kAdmittedSblr;match=DELETE;mapping=vitess.dml.delete;sblr=SBLR_COMPAT_VITESS_DELETE;engine_api=EngineDmlDelete;diagnostic=none,project/src/parsers/compatibility/vitess/vitess_dialect.cpp#kPatterns:vitess.dml.delete,PARSER_REMAP_ONLY,parser remap lead
project/src/parsers/compatibility/vitess,vitess.query.select,kAdmittedSblr;match=SELECT;mapping=vitess.query.select;sblr=SBLR_COMPAT_VITESS_SELECT;engine_api=EngineQuerySelect;diagnostic=none,project/src/parsers/compatibility/vitess/vitess_dialect.cpp#kPatterns:vitess.query.select,PARSER_REMAP_ONLY,parser remap lead
project/src/parsers/compatibility/vitess,vitess.query.with,kAdmittedSblr;match=WITH;mapping=vitess.query.with;sblr=SBLR_COMPAT_VITESS_SELECT;engine_api=EngineQuerySelect;diagnostic=none,project/src/parsers/compatibility/vitess/vitess_dialect.cpp#kPatterns:vitess.query.with,PARSER_REMAP_ONLY,parser remap lead
project/src/parsers/compatibility/vitess,vitess.transaction.start,kAdmittedSblr;match=START TRANSACTION;mapping=vitess.transaction.start;sblr=SBLR_TRANSACTION_BEGIN;engine_api=EngineBeginTransaction;diagnostic=none,project/src/parsers/compatibility/vitess/vitess_dialect.cpp#kPatterns:vitess.transaction.start,PARSER_REMAP_ONLY,parser remap lead
project/src/parsers/compatibility/vitess,vitess.transaction.begin,kAdmittedSblr;match=BEGIN;mapping=vitess.transaction.begin;sblr=SBLR_TRANSACTION_BEGIN;engine_api=EngineBeginTransaction;diagnostic=none,project/src/parsers/compatibility/vitess/vitess_dialect.cpp#kPatterns:vitess.transaction.begin,PARSER_REMAP_ONLY,parser remap lead
project/src/parsers/compatibility/vitess,vitess.transaction.commit,kAdmittedSblr;match=COMMIT;mapping=vitess.transaction.commit;sblr=SBLR_TRANSACTION_COMMIT;engine_api=EngineCommitTransaction;diagnostic=none,project/src/parsers/compatibility/vitess/vitess_dialect.cpp#kPatterns:vitess.transaction.commit,PARSER_REMAP_ONLY,parser remap lead
project/src/parsers/compatibility/vitess,vitess.transaction.rollback,kAdmittedSblr;match=ROLLBACK;mapping=vitess.transaction.rollback;sblr=SBLR_TRANSACTION_ROLLBACK;engine_api=EngineRollbackTransaction;diagnostic=none,project/src/parsers/compatibility/vitess/vitess_dialect.cpp#kPatterns:vitess.transaction.rollback,PARSER_REMAP_ONLY,parser remap lead
project/src/parsers/compatibility/vitess,vitess.transaction.savepoint,kAdmittedSblr;match=SAVEPOINT;mapping=vitess.transaction.savepoint;sblr=SBLR_TRANSACTION_SAVEPOINT;engine_api=EngineSavepoint;diagnostic=none,project/src/parsers/compatibility/vitess/vitess_dialect.cpp#kPatterns:vitess.transaction.savepoint,PARSER_REMAP_ONLY,parser remap lead
project/src/parsers/compatibility/vitess,vitess.transaction.release_savepoint,kAdmittedSblr;match=RELEASE SAVEPOINT;mapping=vitess.transaction.release_savepoint;sblr=SBLR_TRANSACTION_RELEASE_SAVEPOINT;engine_api=EngineReleaseSavepoint;diagnostic=none,project/src/parsers/compatibility/vitess/vitess_dialect.cpp#kPatterns:vitess.transaction.release_savepoint,PARSER_REMAP_ONLY,parser remap lead
project/src/parsers/compatibility/vitess,datatype_surface:numeric,descriptor;surface=TINYINT;SMALLINT;INT;BIGINT;DECIMAL;FLOAT;DOUBLE,project/src/parsers/compatibility/vitess/vitess_dialect.cpp#kDatatypeSurfaces:numeric,DOCUMENTATION_ONLY,inventory classification lead
project/src/parsers/compatibility/vitess,datatype_surface:text,descriptor;surface=CHAR;VARCHAR;TEXT;TINYTEXT;MEDIUMTEXT;LONGTEXT,project/src/parsers/compatibility/vitess/vitess_dialect.cpp#kDatatypeSurfaces:text,DOCUMENTATION_ONLY,inventory classification lead
project/src/parsers/compatibility/vitess,datatype_surface:binary,descriptor;surface=BINARY;VARBINARY;BLOB,project/src/parsers/compatibility/vitess/vitess_dialect.cpp#kDatatypeSurfaces:binary,DOCUMENTATION_ONLY,inventory classification lead
project/src/parsers/compatibility/vitess,datatype_surface:temporal,descriptor;surface=DATE;TIME;DATETIME;TIMESTAMP;YEAR,project/src/parsers/compatibility/vitess/vitess_dialect.cpp#kDatatypeSurfaces:temporal,DOCUMENTATION_ONLY,inventory classification lead
project/src/parsers/compatibility/vitess,datatype_surface:boolean,descriptor_alias;surface=BOOL;BOOLEAN,project/src/parsers/compatibility/vitess/vitess_dialect.cpp#kDatatypeSurfaces:boolean,DOCUMENTATION_ONLY,inventory classification lead
project/src/parsers/compatibility/vitess,datatype_surface:json,descriptor;surface=JSON,project/src/parsers/compatibility/vitess/vitess_dialect.cpp#kDatatypeSurfaces:json,DOCUMENTATION_ONLY,inventory classification lead
project/src/parsers/compatibility/vitess,datatype_surface:enum_set,parser_support_udr;surface=ENUM;SET,project/src/parsers/compatibility/vitess/vitess_dialect.cpp#kDatatypeSurfaces:enum_set,IMPLEMENT_NONCLUSTER,inventory classification lead
project/src/parsers/compatibility/vitess,datatype_surface:sharding,catalog_policy;surface=KEYRANGE;VINDEX,project/src/parsers/compatibility/vitess/vitess_dialect.cpp#kDatatypeSurfaces:sharding,NORMALIZE_CLUSTER,cluster normalization lead
project/src/parsers/compatibility/vitess,datatype_surface:sequence,descriptor;surface=SEQUENCE,project/src/parsers/compatibility/vitess/vitess_dialect.cpp#kDatatypeSurfaces:sequence,DOCUMENTATION_ONLY,inventory classification lead
project/src/parsers/compatibility/vitess,datatype_surface:charset_collation,catalog_policy;surface=CHARACTER SET;COLLATE,project/src/parsers/compatibility/vitess/vitess_dialect.cpp#kDatatypeSurfaces:charset_collation,PARSER_REMAP_ONLY,inventory classification lead
project/src/parsers/compatibility/vitess,builtin_function_surface:aggregate,sblr;surface=COUNT;SUM;AVG;MIN;MAX;GROUP_CONCAT,project/src/parsers/compatibility/vitess/vitess_dialect.cpp#kBuiltinSurfaces:aggregate,PARSER_REMAP_ONLY,inventory classification lead
project/src/parsers/compatibility/vitess,builtin_function_surface:window,sblr;surface=ROW_NUMBER;RANK;DENSE_RANK;LAG;LEAD,project/src/parsers/compatibility/vitess/vitess_dialect.cpp#kBuiltinSurfaces:window,PARSER_REMAP_ONLY,inventory classification lead
project/src/parsers/compatibility/vitess,builtin_function_surface:string,sblr;surface=CONCAT;SUBSTRING;LOWER;UPPER;TRIM,project/src/parsers/compatibility/vitess/vitess_dialect.cpp#kBuiltinSurfaces:string,PARSER_REMAP_ONLY,inventory classification lead
project/src/parsers/compatibility/vitess,builtin_function_surface:numeric,sblr;surface=ABS;ROUND;POW;SQRT;MOD,project/src/parsers/compatibility/vitess/vitess_dialect.cpp#kBuiltinSurfaces:numeric,PARSER_REMAP_ONLY,inventory classification lead
project/src/parsers/compatibility/vitess,builtin_function_surface:temporal,sblr;surface=NOW;CURRENT_TIMESTAMP;DATE_ADD;DATE_SUB,project/src/parsers/compatibility/vitess/vitess_dialect.cpp#kBuiltinSurfaces:temporal,PARSER_REMAP_ONLY,inventory classification lead
project/src/parsers/compatibility/vitess,builtin_function_surface:json,parser_support_udr;surface=JSON_EXTRACT;JSON_VALUE;JSON_OBJECT,project/src/parsers/compatibility/vitess/vitess_dialect.cpp#kBuiltinSurfaces:json,IMPLEMENT_NONCLUSTER,inventory classification lead
project/src/parsers/compatibility/vitess,builtin_function_surface:security,catalog_projection;surface=CURRENT_USER;SESSION_USER;USER,project/src/parsers/compatibility/vitess/vitess_dialect.cpp#kBuiltinSurfaces:security,PARSER_REMAP_ONLY,inventory classification lead
project/src/parsers/compatibility/vitess,builtin_function_surface:routing,catalog_projection;surface=VSCHEMA;VINDEX;KEYSPACE_ID,project/src/parsers/compatibility/vitess/vitess_dialect.cpp#kBuiltinSurfaces:routing,PARSER_REMAP_ONLY,inventory classification lead
project/src/parsers/compatibility/vitess,builtin_function_surface:variables,session_descriptor;surface=@user_variable;@@system_variable,project/src/parsers/compatibility/vitess/vitess_dialect.cpp#kBuiltinSurfaces:variables,DOCUMENTATION_ONLY,inventory classification lead
project/src/parsers/compatibility/vitess,builtin_function_surface:fulltext,sblr_optional;surface=MATCH AGAINST,project/src/parsers/compatibility/vitess/vitess_dialect.cpp#kBuiltinSurfaces:fulltext,DOCUMENTATION_ONLY,inventory classification lead
project/src/parsers/compatibility/vitess,catalog_overlay_surface:information_schema,catalog_projection;surface=INFORMATION_SCHEMA.,project/src/parsers/compatibility/vitess/vitess_dialect.cpp#kCatalogSurfaces:information_schema,PARSER_REMAP_ONLY,inventory classification lead
project/src/parsers/compatibility/vitess,catalog_overlay_surface:vt_schema,catalog_projection;surface=VT_SCHEMA.,project/src/parsers/compatibility/vitess/vitess_dialect.cpp#kCatalogSurfaces:vt_schema,PARSER_REMAP_ONLY,inventory classification lead
project/src/parsers/compatibility/vitess,catalog_overlay_surface:vschema,catalog_projection;surface=VSCHEMA;SHOW VSCHEMA,project/src/parsers/compatibility/vitess/vitess_dialect.cpp#kCatalogSurfaces:vschema,PARSER_REMAP_ONLY,inventory classification lead
project/src/parsers/compatibility/vitess,catalog_overlay_surface:keyspace,catalog_projection;surface=VT_KEYSPACES;KEYSPACES,project/src/parsers/compatibility/vitess/vitess_dialect.cpp#kCatalogSurfaces:keyspace,PARSER_REMAP_ONLY,inventory classification lead
project/src/parsers/compatibility/vitess,catalog_overlay_surface:shard,catalog_projection;surface=VT_SHARDS;SHARDS,project/src/parsers/compatibility/vitess/vitess_dialect.cpp#kCatalogSurfaces:shard,NORMALIZE_CLUSTER,cluster normalization lead
project/src/parsers/compatibility/vitess,catalog_overlay_surface:tablet,catalog_projection;surface=VT_TABLETS;TABLETS,project/src/parsers/compatibility/vitess/vitess_dialect.cpp#kCatalogSurfaces:tablet,PARSER_REMAP_ONLY,inventory classification lead
project/src/parsers/compatibility/vitess,catalog_overlay_surface:vreplication,catalog_projection;surface=VREPLICATION;VDIFF,project/src/parsers/compatibility/vitess/vitess_dialect.cpp#kCatalogSurfaces:vreplication,NORMALIZE_CLUSTER,inventory classification lead
project/src/parsers/compatibility/vitess,catalog_overlay_surface:routing_rules,catalog_projection;surface=ROUTING_RULES;VINDEXES,project/src/parsers/compatibility/vitess/vitess_dialect.cpp#kCatalogSurfaces:routing_rules,PARSER_REMAP_ONLY,inventory classification lead
project/src/parsers/compatibility/vitess,diagnostic_surface:parse,parser;surface=VITESS.PARSE.INVALID_INPUT;VITESS.PARSE.UNSUPPORTED_SURFACE,project/src/parsers/compatibility/vitess/vitess_dialect.cpp#kDiagnosticSurfaces:parse,PARSER_REMAP_ONLY,inventory classification lead
project/src/parsers/compatibility/vitess,diagnostic_surface:file,fail_closed;surface=VITESS.AUTHORITY.FILE_IO_DENIED,project/src/parsers/compatibility/vitess/vitess_dialect.cpp#kDiagnosticSurfaces:file,ARCHITECTURE_REFUSAL,inventory classification lead
project/src/parsers/compatibility/vitess,diagnostic_surface:plugin,fail_closed;surface=VITESS.AUTHORITY.PLUGIN_DENIED,project/src/parsers/compatibility/vitess/vitess_dialect.cpp#kDiagnosticSurfaces:plugin,ARCHITECTURE_REFUSAL,inventory classification lead
project/src/parsers/compatibility/vitess,diagnostic_surface:topology,fail_closed;surface=VITESS.AUTHORITY.TOPOLOGY_DENIED,project/src/parsers/compatibility/vitess/vitess_dialect.cpp#kDiagnosticSurfaces:topology,NORMALIZE_CLUSTER,inventory classification lead
project/src/parsers/compatibility/vitess,diagnostic_surface:vreplication,parser_support_udr;surface=VITESS.EMULATION.VREPLICATION_ROUTE,project/src/parsers/compatibility/vitess/vitess_dialect.cpp#kDiagnosticSurfaces:vreplication,NORMALIZE_CLUSTER,inventory classification lead
project/src/parsers/compatibility/vitess,diagnostic_surface:vschema,parser_support_udr;surface=VITESS.EMULATION.VSCHEMA_ROUTE,project/src/parsers/compatibility/vitess/vitess_dialect.cpp#kDiagnosticSurfaces:vschema,IMPLEMENT_NONCLUSTER,inventory classification lead
project/src/parsers/compatibility/vitess,diagnostic_surface:security,parser_support_udr;surface=VITESS.EMULATION.SECURITY_ROUTE,project/src/parsers/compatibility/vitess/vitess_dialect.cpp#kDiagnosticSurfaces:security,IMPLEMENT_NONCLUSTER,inventory classification lead
project/src/parsers/compatibility/vitess,diagnostic_surface:catalog,catalog_projection;surface=VITESS.CATALOG_OVERLAY.READ_ONLY,project/src/parsers/compatibility/vitess/vitess_dialect.cpp#kDiagnosticSurfaces:catalog,PARSER_REMAP_ONLY,inventory classification lead
project/src/parsers/compatibility/vitess,diagnostic_surface:session,sblr;surface=VITESS.SESSION.*,project/src/parsers/compatibility/vitess/vitess_dialect.cpp#kDiagnosticSurfaces:session,PARSER_REMAP_ONLY,inventory classification lead
project/src/parsers/compatibility/vitess,diagnostic_surface:transaction,sblr;surface=VITESS.TRANSACTION.*,project/src/parsers/compatibility/vitess/vitess_dialect.cpp#kDiagnosticSurfaces:transaction,PARSER_REMAP_ONLY,inventory classification lead
project/src/parsers/compatibility/vitess,source_marker:unsupported,source_marker_requires_review,project/src/parsers/compatibility/vitess/vitess_dialect.cpp#marker:unsupported,ARCHITECTURE_REFUSAL,inventory classification lead
project/src/parsers/compatibility/xtdb,xtdb.lifecycle.create_database,kScratchBirdLifecycleApi;match=CREATE DATABASE;mapping=xtdb.lifecycle.create_database;sblr=SBLR_LIFECYCLE_CREATE_DATABASE;engine_api=EngineCreateLifecycle;diagnostic=none,project/src/parsers/compatibility/xtdb/xtdb_dialect.cpp#kPatterns:xtdb.lifecycle.create_database,PARSER_REMAP_ONLY,parser remap lead
project/src/parsers/compatibility/xtdb,xtdb.lifecycle.drop_database,kScratchBirdLifecycleApi;match=DROP DATABASE;mapping=xtdb.lifecycle.drop_database;sblr=SBLR_LIFECYCLE_DROP_DATABASE;engine_api=EngineDropLifecycle;diagnostic=none,project/src/parsers/compatibility/xtdb/xtdb_dialect.cpp#kPatterns:xtdb.lifecycle.drop_database,PARSER_REMAP_ONLY,parser remap lead
project/src/parsers/compatibility/xtdb,xtdb.lifecycle.alter_database,kParserSupportUdr;match=ALTER DATABASE;mapping=xtdb.udr.database.alter;sblr=SBLR_COMPAT_XTDB_DATABASE_ROUTE;engine_api=ParserSupportDatabaseRoute;diagnostic=XTDB.EMULATION.DATABASE_ROUTE,project/src/parsers/compatibility/xtdb/xtdb_dialect.cpp#kPatterns:xtdb.lifecycle.alter_database,IMPLEMENT_NONCLUSTER,parser remap lead
project/src/parsers/compatibility/xtdb,xtdb.datalog.query,kParserSupportUdr;match=XTDB_Q;mapping=xtdb.udr.datalog.query;sblr=SBLR_COMPAT_XTDB_DATALOG_ROUTE;engine_api=ParserSupportDatalogRoute;diagnostic=XTDB.EMULATION.DATALOG_ROUTE,project/src/parsers/compatibility/xtdb/xtdb_dialect.cpp#kPatterns:xtdb.datalog.query,IMPLEMENT_NONCLUSTER,parser remap lead
project/src/parsers/compatibility/xtdb,xtdb.entity.submit_tx,kParserSupportUdr;match=XTDB_SUBMIT_TX;mapping=xtdb.udr.entity.submit_tx;sblr=SBLR_COMPAT_XTDB_ENTITY_TX_ROUTE;engine_api=ParserSupportEntityTransactionRoute;diagnostic=XTDB.EMULATION.ENTITY_TX_ROUTE,project/src/parsers/compatibility/xtdb/xtdb_dialect.cpp#kPatterns:xtdb.entity.submit_tx,IMPLEMENT_NONCLUSTER,parser remap lead
project/src/parsers/compatibility/xtdb,xtdb.entity.put,kParserSupportUdr;match=XTDB_PUT;mapping=xtdb.udr.entity.put;sblr=SBLR_COMPAT_XTDB_ENTITY_TX_ROUTE;engine_api=ParserSupportEntityTransactionRoute;diagnostic=XTDB.EMULATION.ENTITY_TX_ROUTE,project/src/parsers/compatibility/xtdb/xtdb_dialect.cpp#kPatterns:xtdb.entity.put,IMPLEMENT_NONCLUSTER,parser remap lead
project/src/parsers/compatibility/xtdb,xtdb.entity.delete,kParserSupportUdr;match=XTDB_DELETE;mapping=xtdb.udr.entity.delete;sblr=SBLR_COMPAT_XTDB_ENTITY_TX_ROUTE;engine_api=ParserSupportEntityTransactionRoute;diagnostic=XTDB.EMULATION.ENTITY_TX_ROUTE,project/src/parsers/compatibility/xtdb/xtdb_dialect.cpp#kPatterns:xtdb.entity.delete,IMPLEMENT_NONCLUSTER,parser remap lead
project/src/parsers/compatibility/xtdb,xtdb.entity.evict,kParserSupportUdr;match=XTDB_EVICT;mapping=xtdb.udr.entity.evict;sblr=SBLR_COMPAT_XTDB_ENTITY_TX_ROUTE;engine_api=ParserSupportEntityTransactionRoute;diagnostic=XTDB.EMULATION.ENTITY_TX_ROUTE,project/src/parsers/compatibility/xtdb/xtdb_dialect.cpp#kPatterns:xtdb.entity.evict,IMPLEMENT_NONCLUSTER,parser remap lead
project/src/parsers/compatibility/xtdb,xtdb.time.valid_time,kParserSupportUdr;match=VALID_TIME;mapping=xtdb.udr.time.valid_time;sblr=SBLR_COMPAT_XTDB_BITEMPORAL_ROUTE;engine_api=ParserSupportBitemporalRoute;diagnostic=XTDB.EMULATION.BITEMPORAL_ROUTE,project/src/parsers/compatibility/xtdb/xtdb_dialect.cpp#kPatterns:xtdb.time.valid_time,IMPLEMENT_NONCLUSTER,parser remap lead
project/src/parsers/compatibility/xtdb,xtdb.time.system_time,kParserSupportUdr;match=SYSTEM_TIME;mapping=xtdb.udr.time.system_time;sblr=SBLR_COMPAT_XTDB_BITEMPORAL_ROUTE;engine_api=ParserSupportBitemporalRoute;diagnostic=XTDB.EMULATION.BITEMPORAL_ROUTE,project/src/parsers/compatibility/xtdb/xtdb_dialect.cpp#kPatterns:xtdb.time.system_time,IMPLEMENT_NONCLUSTER,parser remap lead
project/src/parsers/compatibility/xtdb,xtdb.time.valid_time,kParserSupportUdr;match=FOR VALID_TIME;mapping=xtdb.udr.time.valid_time;sblr=SBLR_COMPAT_XTDB_BITEMPORAL_ROUTE;engine_api=ParserSupportBitemporalRoute;diagnostic=XTDB.EMULATION.BITEMPORAL_ROUTE,project/src/parsers/compatibility/xtdb/xtdb_dialect.cpp#kPatterns:xtdb.time.valid_time,IMPLEMENT_NONCLUSTER,parser remap lead
project/src/parsers/compatibility/xtdb,xtdb.time.system_time,kParserSupportUdr;match=FOR SYSTEM_TIME;mapping=xtdb.udr.time.system_time;sblr=SBLR_COMPAT_XTDB_BITEMPORAL_ROUTE;engine_api=ParserSupportBitemporalRoute;diagnostic=XTDB.EMULATION.BITEMPORAL_ROUTE,project/src/parsers/compatibility/xtdb/xtdb_dialect.cpp#kPatterns:xtdb.time.system_time,IMPLEMENT_NONCLUSTER,parser remap lead
project/src/parsers/compatibility/xtdb,xtdb.catalog.status,kCatalogProjection;match=XTDB_STATUS;mapping=xtdb.catalog.status;sblr=SBLR_COMPAT_XTDB_CATALOG_PROJECT;engine_api=EngineCatalogProjection;diagnostic=none,project/src/parsers/compatibility/xtdb/xtdb_dialect.cpp#kPatterns:xtdb.catalog.status,PARSER_REMAP_ONLY,parser remap lead
project/src/parsers/compatibility/xtdb,xtdb.catalog.tx_log,kCatalogProjection;match=XTDB_TX_LOG;mapping=xtdb.catalog.tx_log;sblr=SBLR_COMPAT_XTDB_CATALOG_PROJECT;engine_api=EngineCatalogProjection;diagnostic=none,project/src/parsers/compatibility/xtdb/xtdb_dialect.cpp#kPatterns:xtdb.catalog.tx_log,PARSER_REMAP_ONLY,parser remap lead
project/src/parsers/compatibility/xtdb,xtdb.catalog.modules,kCatalogProjection;match=XTDB_MODULES;mapping=xtdb.catalog.modules;sblr=SBLR_COMPAT_XTDB_CATALOG_PROJECT;engine_api=EngineCatalogProjection;diagnostic=none,project/src/parsers/compatibility/xtdb/xtdb_dialect.cpp#kPatterns:xtdb.catalog.modules,PARSER_REMAP_ONLY,parser remap lead
project/src/parsers/compatibility/xtdb,xtdb.sql.select,kAdmittedSblr;match=SELECT;mapping=xtdb.sql.select;sblr=SBLR_COMPAT_XTDB_SELECT;engine_api=EngineQuerySelect;diagnostic=none,project/src/parsers/compatibility/xtdb/xtdb_dialect.cpp#kPatterns:xtdb.sql.select,PARSER_REMAP_ONLY,parser remap lead
project/src/parsers/compatibility/xtdb,xtdb.sql.with,kAdmittedSblr;match=WITH;mapping=xtdb.sql.with;sblr=SBLR_COMPAT_XTDB_SELECT;engine_api=EngineQuerySelect;diagnostic=none,project/src/parsers/compatibility/xtdb/xtdb_dialect.cpp#kPatterns:xtdb.sql.with,PARSER_REMAP_ONLY,parser remap lead
project/src/parsers/compatibility/xtdb,xtdb.sql.insert,kParserSupportUdr;match=INSERT;mapping=xtdb.udr.sql.insert;sblr=SBLR_COMPAT_XTDB_ENTITY_TX_ROUTE;engine_api=ParserSupportEntityTransactionRoute;diagnostic=XTDB.EMULATION.ENTITY_TX_ROUTE,project/src/parsers/compatibility/xtdb/xtdb_dialect.cpp#kPatterns:xtdb.sql.insert,IMPLEMENT_NONCLUSTER,parser remap lead
project/src/parsers/compatibility/xtdb,xtdb.sql.update,kParserSupportUdr;match=UPDATE;mapping=xtdb.udr.sql.update;sblr=SBLR_COMPAT_XTDB_ENTITY_TX_ROUTE;engine_api=ParserSupportEntityTransactionRoute;diagnostic=XTDB.EMULATION.ENTITY_TX_ROUTE,project/src/parsers/compatibility/xtdb/xtdb_dialect.cpp#kPatterns:xtdb.sql.update,IMPLEMENT_NONCLUSTER,parser remap lead
project/src/parsers/compatibility/xtdb,xtdb.sql.delete,kParserSupportUdr;match=DELETE;mapping=xtdb.udr.sql.delete;sblr=SBLR_COMPAT_XTDB_ENTITY_TX_ROUTE;engine_api=ParserSupportEntityTransactionRoute;diagnostic=XTDB.EMULATION.ENTITY_TX_ROUTE,project/src/parsers/compatibility/xtdb/xtdb_dialect.cpp#kPatterns:xtdb.sql.delete,IMPLEMENT_NONCLUSTER,parser remap lead
project/src/parsers/compatibility/xtdb,xtdb.sql.create_table,kParserSupportUdr;match=CREATE TABLE;mapping=xtdb.udr.sql.create_table;sblr=SBLR_COMPAT_XTDB_SCHEMA_ROUTE;engine_api=ParserSupportSchemaRoute;diagnostic=XTDB.EMULATION.SCHEMA_ROUTE,project/src/parsers/compatibility/xtdb/xtdb_dialect.cpp#kPatterns:xtdb.sql.create_table,IMPLEMENT_NONCLUSTER,parser remap lead
project/src/parsers/compatibility/xtdb,xtdb.sql.alter_table,kParserSupportUdr;match=ALTER TABLE;mapping=xtdb.udr.sql.alter_table;sblr=SBLR_COMPAT_XTDB_SCHEMA_ROUTE;engine_api=ParserSupportSchemaRoute;diagnostic=XTDB.EMULATION.SCHEMA_ROUTE,project/src/parsers/compatibility/xtdb/xtdb_dialect.cpp#kPatterns:xtdb.sql.alter_table,IMPLEMENT_NONCLUSTER,parser remap lead
project/src/parsers/compatibility/xtdb,xtdb.sql.drop_table,kParserSupportUdr;match=DROP TABLE;mapping=xtdb.udr.sql.drop_table;sblr=SBLR_COMPAT_XTDB_SCHEMA_ROUTE;engine_api=ParserSupportSchemaRoute;diagnostic=XTDB.EMULATION.SCHEMA_ROUTE,project/src/parsers/compatibility/xtdb/xtdb_dialect.cpp#kPatterns:xtdb.sql.drop_table,IMPLEMENT_NONCLUSTER,parser remap lead
project/src/parsers/compatibility/xtdb,xtdb.modules.configuration,kPolicyRefusal;match=MODULES CONFIGURATION;mapping=xtdb.policy.modules.configuration;sblr=none;engine_api=none;diagnostic=XTDB.AUTHORITY.MODULE_CONFIGURATION_DENIED,project/src/parsers/compatibility/xtdb/xtdb_dialect.cpp#kPatterns:xtdb.modules.configuration,EXTERNAL_AUTHORITY,parser remap lead
project/src/parsers/compatibility/xtdb,xtdb.modules.index_store,kPolicyRefusal;match=INDEX_STORE;mapping=xtdb.policy.modules.index_store;sblr=none;engine_api=none;diagnostic=XTDB.AUTHORITY.MODULE_CONFIGURATION_DENIED,project/src/parsers/compatibility/xtdb/xtdb_dialect.cpp#kPatterns:xtdb.modules.index_store,EXTERNAL_AUTHORITY,parser remap lead
project/src/parsers/compatibility/xtdb,xtdb.modules.document_store,kPolicyRefusal;match=DOCUMENT_STORE;mapping=xtdb.policy.modules.document_store;sblr=none;engine_api=none;diagnostic=XTDB.AUTHORITY.MODULE_CONFIGURATION_DENIED,project/src/parsers/compatibility/xtdb/xtdb_dialect.cpp#kPatterns:xtdb.modules.document_store,EXTERNAL_AUTHORITY,parser remap lead
project/src/parsers/compatibility/xtdb,xtdb.cluster.control,kPolicyRefusal;match=CLUSTER;mapping=xtdb.policy.cluster.control;sblr=none;engine_api=none;diagnostic=XTDB.AUTHORITY.CLUSTER_CONTROL_RESERVED,project/src/parsers/compatibility/xtdb/xtdb_dialect.cpp#kPatterns:xtdb.cluster.control,NORMALIZE_CLUSTER,parser remap lead
project/src/parsers/compatibility/xtdb,xtdb.node.control,kPolicyRefusal;match=NODE;mapping=xtdb.policy.node.control;sblr=none;engine_api=none;diagnostic=XTDB.AUTHORITY.CLUSTER_CONTROL_RESERVED,project/src/parsers/compatibility/xtdb/xtdb_dialect.cpp#kPatterns:xtdb.node.control,NORMALIZE_CLUSTER,parser remap lead
project/src/parsers/compatibility/xtdb,xtdb.transaction.begin,kAdmittedSblr;match=BEGIN;mapping=xtdb.transaction.begin;sblr=SBLR_TRANSACTION_BEGIN;engine_api=EngineBeginTransaction;diagnostic=none,project/src/parsers/compatibility/xtdb/xtdb_dialect.cpp#kPatterns:xtdb.transaction.begin,PARSER_REMAP_ONLY,parser remap lead
project/src/parsers/compatibility/xtdb,xtdb.transaction.commit,kAdmittedSblr;match=COMMIT;mapping=xtdb.transaction.commit;sblr=SBLR_TRANSACTION_COMMIT;engine_api=EngineCommitTransaction;diagnostic=none,project/src/parsers/compatibility/xtdb/xtdb_dialect.cpp#kPatterns:xtdb.transaction.commit,PARSER_REMAP_ONLY,parser remap lead
project/src/parsers/compatibility/xtdb,xtdb.transaction.rollback,kAdmittedSblr;match=ROLLBACK;mapping=xtdb.transaction.rollback;sblr=SBLR_TRANSACTION_ROLLBACK;engine_api=EngineRollbackTransaction;diagnostic=none,project/src/parsers/compatibility/xtdb/xtdb_dialect.cpp#kPatterns:xtdb.transaction.rollback,PARSER_REMAP_ONLY,parser remap lead
project/src/parsers/compatibility/xtdb,datatype_surface:scalar,descriptor;surface=BOOLEAN;BIGINT;DOUBLE;VARCHAR;VARBINARY;UUID,project/src/parsers/compatibility/xtdb/xtdb_dialect.cpp#kDatatypeSurfaces:scalar,DOCUMENTATION_ONLY,inventory classification lead
project/src/parsers/compatibility/xtdb,datatype_surface:temporal,parser_support_udr;surface=TIMESTAMP;DATE;TIME;INTERVAL;VALID_TIME;SYSTEM_TIME,project/src/parsers/compatibility/xtdb/xtdb_dialect.cpp#kDatatypeSurfaces:temporal,IMPLEMENT_NONCLUSTER,inventory classification lead
project/src/parsers/compatibility/xtdb,datatype_surface:document,parser_support_udr;surface=DOCUMENT;JSON;EDN;TRANSIT,project/src/parsers/compatibility/xtdb/xtdb_dialect.cpp#kDatatypeSurfaces:document,IMPLEMENT_NONCLUSTER,inventory classification lead
project/src/parsers/compatibility/xtdb,datatype_surface:entity,parser_support_udr;surface=ENTITY_ID;EID;ENTITY_DOCUMENT,project/src/parsers/compatibility/xtdb/xtdb_dialect.cpp#kDatatypeSurfaces:entity,IMPLEMENT_NONCLUSTER,inventory classification lead
project/src/parsers/compatibility/xtdb,datatype_surface:datalog,parser_support_udr;surface=DATALOG_QUERY;LOGIC_VAR;PULL_PATTERN,project/src/parsers/compatibility/xtdb/xtdb_dialect.cpp#kDatatypeSurfaces:datalog,IMPLEMENT_NONCLUSTER,inventory classification lead
project/src/parsers/compatibility/xtdb,datatype_surface:bitemporal,parser_support_udr;surface=VALID_TIME;SYSTEM_TIME;TX_TIME,project/src/parsers/compatibility/xtdb/xtdb_dialect.cpp#kDatatypeSurfaces:bitemporal,IMPLEMENT_NONCLUSTER,inventory classification lead
project/src/parsers/compatibility/xtdb,datatype_surface:catalog,catalog_projection;surface=XT;PG_CATALOG;INFORMATION_SCHEMA,project/src/parsers/compatibility/xtdb/xtdb_dialect.cpp#kDatatypeSurfaces:catalog,PARSER_REMAP_ONLY,inventory classification lead
project/src/parsers/compatibility/xtdb,datatype_surface:module,catalog_projection;surface=INDEX_STORE;DOCUMENT_STORE;TX_LOG,project/src/parsers/compatibility/xtdb/xtdb_dialect.cpp#kDatatypeSurfaces:module,PARSER_REMAP_ONLY,inventory classification lead
project/src/parsers/compatibility/xtdb,datatype_surface:external,fail_closed;surface=MODULES_CONFIGURATION;CLUSTER_NODE,project/src/parsers/compatibility/xtdb/xtdb_dialect.cpp#kDatatypeSurfaces:external,EXTERNAL_AUTHORITY,inventory classification lead
project/src/parsers/compatibility/xtdb,builtin_function_surface:query,sblr;surface=XTDB_Q;SELECT;WITH,project/src/parsers/compatibility/xtdb/xtdb_dialect.cpp#kBuiltinSurfaces:query,PARSER_REMAP_ONLY,inventory classification lead
project/src/parsers/compatibility/xtdb,builtin_function_surface:entity_tx,parser_support_udr;surface=XTDB_SUBMIT_TX;XTDB_PUT;XTDB_DELETE;XTDB_EVICT,project/src/parsers/compatibility/xtdb/xtdb_dialect.cpp#kBuiltinSurfaces:entity_tx,IMPLEMENT_NONCLUSTER,inventory classification lead
project/src/parsers/compatibility/xtdb,builtin_function_surface:bitemporal,parser_support_udr;surface=VALID_TIME;SYSTEM_TIME;FOR VALID_TIME;FOR SYSTEM_TIME,project/src/parsers/compatibility/xtdb/xtdb_dialect.cpp#kBuiltinSurfaces:bitemporal,IMPLEMENT_NONCLUSTER,inventory classification lead
project/src/parsers/compatibility/xtdb,builtin_function_surface:catalog,catalog_projection;surface=XTDB_STATUS;XTDB_TX_LOG;XTDB_MODULES,project/src/parsers/compatibility/xtdb/xtdb_dialect.cpp#kBuiltinSurfaces:catalog,PARSER_REMAP_ONLY,inventory classification lead
project/src/parsers/compatibility/xtdb,builtin_function_surface:sql_dml,parser_support_udr;surface=INSERT;UPDATE;DELETE,project/src/parsers/compatibility/xtdb/xtdb_dialect.cpp#kBuiltinSurfaces:sql_dml,IMPLEMENT_NONCLUSTER,inventory classification lead
project/src/parsers/compatibility/xtdb,builtin_function_surface:sql_ddl,parser_support_udr;surface=CREATE TABLE;ALTER TABLE;DROP TABLE,project/src/parsers/compatibility/xtdb/xtdb_dialect.cpp#kBuiltinSurfaces:sql_ddl,IMPLEMENT_NONCLUSTER,inventory classification lead
project/src/parsers/compatibility/xtdb,builtin_function_surface:modules,fail_closed;surface=MODULES CONFIGURATION;INDEX_STORE;DOCUMENT_STORE,project/src/parsers/compatibility/xtdb/xtdb_dialect.cpp#kBuiltinSurfaces:modules,ARCHITECTURE_REFUSAL,inventory classification lead
project/src/parsers/compatibility/xtdb,builtin_function_surface:cluster,fail_closed;surface=CLUSTER;NODE,project/src/parsers/compatibility/xtdb/xtdb_dialect.cpp#kBuiltinSurfaces:cluster,NORMALIZE_CLUSTER,inventory classification lead
project/src/parsers/compatibility/xtdb,builtin_function_surface:transaction,sblr;surface=BEGIN;COMMIT;ROLLBACK,project/src/parsers/compatibility/xtdb/xtdb_dialect.cpp#kBuiltinSurfaces:transaction,PARSER_REMAP_ONLY,inventory classification lead
project/src/parsers/compatibility/xtdb,catalog_overlay_surface:xt_schema,catalog_projection;surface=XT,project/src/parsers/compatibility/xtdb/xtdb_dialect.cpp#kCatalogSurfaces:xt_schema,PARSER_REMAP_ONLY,inventory classification lead
project/src/parsers/compatibility/xtdb,catalog_overlay_surface:pg_catalog,catalog_projection;surface=PG_CATALOG,project/src/parsers/compatibility/xtdb/xtdb_dialect.cpp#kCatalogSurfaces:pg_catalog,PARSER_REMAP_ONLY,inventory classification lead
project/src/parsers/compatibility/xtdb,catalog_overlay_surface:information_schema,catalog_projection;surface=INFORMATION_SCHEMA,project/src/parsers/compatibility/xtdb/xtdb_dialect.cpp#kCatalogSurfaces:information_schema,PARSER_REMAP_ONLY,inventory classification lead
project/src/parsers/compatibility/xtdb,catalog_overlay_surface:public_schema,catalog_projection;surface=PUBLIC,project/src/parsers/compatibility/xtdb/xtdb_dialect.cpp#kCatalogSurfaces:public_schema,PARSER_REMAP_ONLY,inventory classification lead
project/src/parsers/compatibility/xtdb,catalog_overlay_surface:tables,catalog_projection;surface=INFORMATION_SCHEMA.TABLES;PG_CATALOG.PG_TABLES,project/src/parsers/compatibility/xtdb/xtdb_dialect.cpp#kCatalogSurfaces:tables,PARSER_REMAP_ONLY,inventory classification lead
project/src/parsers/compatibility/xtdb,catalog_overlay_surface:columns,catalog_projection;surface=INFORMATION_SCHEMA.COLUMNS;PG_CATALOG.PG_ATTRIBUTE,project/src/parsers/compatibility/xtdb/xtdb_dialect.cpp#kCatalogSurfaces:columns,PARSER_REMAP_ONLY,inventory classification lead
project/src/parsers/compatibility/xtdb,catalog_overlay_surface:types,catalog_projection;surface=PG_CATALOG.PG_TYPE;PG_CATALOG.PG_RANGE,project/src/parsers/compatibility/xtdb/xtdb_dialect.cpp#kCatalogSurfaces:types,PARSER_REMAP_ONLY,inventory classification lead
project/src/parsers/compatibility/xtdb,catalog_overlay_surface:runtime,catalog_projection;surface=XT.TRIE_STATS;XT.LIVE_TABLES,project/src/parsers/compatibility/xtdb/xtdb_dialect.cpp#kCatalogSurfaces:runtime,PARSER_REMAP_ONLY,inventory classification lead
project/src/parsers/compatibility/xtdb,catalog_overlay_surface:modules,catalog_projection;surface=INDEX_STORE;DOCUMENT_STORE;TX_LOG,project/src/parsers/compatibility/xtdb/xtdb_dialect.cpp#kCatalogSurfaces:modules,PARSER_REMAP_ONLY,inventory classification lead
project/src/parsers/compatibility/xtdb,catalog_overlay_surface:security,catalog_projection;surface=PG_CATALOG.PG_USER,project/src/parsers/compatibility/xtdb/xtdb_dialect.cpp#kCatalogSurfaces:security,PARSER_REMAP_ONLY,inventory classification lead
project/src/parsers/compatibility/xtdb,diagnostic_surface:parse,parser;surface=XTDB.PARSE.INVALID_INPUT;XTDB.PARSE.UNSUPPORTED_SURFACE,project/src/parsers/compatibility/xtdb/xtdb_dialect.cpp#kDiagnosticSurfaces:parse,PARSER_REMAP_ONLY,inventory classification lead
project/src/parsers/compatibility/xtdb,diagnostic_surface:policy,fail_closed;surface=XTDB.AUTHORITY.*,project/src/parsers/compatibility/xtdb/xtdb_dialect.cpp#kDiagnosticSurfaces:policy,ARCHITECTURE_REFUSAL,inventory classification lead
project/src/parsers/compatibility/xtdb,diagnostic_surface:udr,parser_support_udr;surface=XTDB.EMULATION.*,project/src/parsers/compatibility/xtdb/xtdb_dialect.cpp#kDiagnosticSurfaces:udr,IMPLEMENT_NONCLUSTER,inventory classification lead
project/src/parsers/compatibility/xtdb,diagnostic_surface:catalog,catalog_projection;surface=XTDB.CATALOG_OVERLAY.READ_ONLY,project/src/parsers/compatibility/xtdb/xtdb_dialect.cpp#kDiagnosticSurfaces:catalog,PARSER_REMAP_ONLY,inventory classification lead
project/src/parsers/compatibility/xtdb,diagnostic_surface:session,sblr;surface=XTDB.SESSION.*,project/src/parsers/compatibility/xtdb/xtdb_dialect.cpp#kDiagnosticSurfaces:session,PARSER_REMAP_ONLY,inventory classification lead
project/src/parsers/compatibility/xtdb,diagnostic_surface:transaction,sblr;surface=XTDB.TRANSACTION.*,project/src/parsers/compatibility/xtdb/xtdb_dialect.cpp#kDiagnosticSurfaces:transaction,PARSER_REMAP_ONLY,inventory classification lead
project/src/parsers/compatibility/xtdb,diagnostic_surface:file_effects,authority_invariant;surface=real_compatibility_file_effects=false,project/src/parsers/compatibility/xtdb/xtdb_dialect.cpp#kDiagnosticSurfaces:file_effects,DOCUMENTATION_ONLY,inventory classification lead
project/src/parsers/compatibility/xtdb,diagnostic_surface:compatibility_execution,authority_invariant;surface=compatibility_engine_sql_executed=false,project/src/parsers/compatibility/xtdb/xtdb_dialect.cpp#kDiagnosticSurfaces:compatibility_execution,DOCUMENTATION_ONLY,inventory classification lead
project/src/parsers/compatibility/xtdb,diagnostic_surface:mga,authority_invariant;surface=parser_transaction_finality_authority=false,project/src/parsers/compatibility/xtdb/xtdb_dialect.cpp#kDiagnosticSurfaces:mga,DOCUMENTATION_ONLY,inventory classification lead
project/src/parsers/compatibility/xtdb,diagnostic_surface:support_bundle,diagnostic_redaction;surface=source_text_redacted=true,project/src/parsers/compatibility/xtdb/xtdb_dialect.cpp#kDiagnosticSurfaces:support_bundle,DOCUMENTATION_ONLY,inventory classification lead
project/src/parsers/compatibility/xtdb,source_marker:unsupported,source_marker_requires_review,project/src/parsers/compatibility/xtdb/xtdb_dialect.cpp#marker:unsupported,ARCHITECTURE_REFUSAL,inventory classification lead
project/src/parsers/compatibility/yugabytedb,yugabytedb.backup.backup,kPolicyRefusal;match=BACKUP;mapping=yugabytedb.policy.backup;sblr=none;engine_api=none;diagnostic=YUGABYTEDB.AUTHORITY.BACKUP_DENIED,project/src/parsers/compatibility/yugabytedb/yugabytedb_dialect.cpp#kPatterns:yugabytedb.backup.backup,ARCHITECTURE_REFUSAL,parser remap lead
project/src/parsers/compatibility/yugabytedb,yugabytedb.restore.restore,kPolicyRefusal;match=RESTORE;mapping=yugabytedb.policy.restore;sblr=none;engine_api=none;diagnostic=YUGABYTEDB.AUTHORITY.RESTORE_DENIED,project/src/parsers/compatibility/yugabytedb/yugabytedb_dialect.cpp#kPatterns:yugabytedb.restore.restore,ARCHITECTURE_REFUSAL,parser remap lead
project/src/parsers/compatibility/yugabytedb,yugabytedb.ycql.keyspace.create,kParserSupportUdr;match=CREATE KEYSPACE;mapping=yugabytedb.udr.ycql.keyspace.create;sblr=SBLR_COMPAT_YUGABYTEDB_YCQL_ROUTE;engine_api=ParserSupportYcqlRoute;diagnostic=YUGABYTEDB.EMULATION.YCQL_ROUTE,project/src/parsers/compatibility/yugabytedb/yugabytedb_dialect.cpp#kPatterns:yugabytedb.ycql.keyspace.create,IMPLEMENT_NONCLUSTER,parser remap lead
project/src/parsers/compatibility/yugabytedb,yugabytedb.ycql.keyspace.alter,kParserSupportUdr;match=ALTER KEYSPACE;mapping=yugabytedb.udr.ycql.keyspace.alter;sblr=SBLR_COMPAT_YUGABYTEDB_YCQL_ROUTE;engine_api=ParserSupportYcqlRoute;diagnostic=YUGABYTEDB.EMULATION.YCQL_ROUTE,project/src/parsers/compatibility/yugabytedb/yugabytedb_dialect.cpp#kPatterns:yugabytedb.ycql.keyspace.alter,IMPLEMENT_NONCLUSTER,parser remap lead
project/src/parsers/compatibility/yugabytedb,yugabytedb.ycql.keyspace.drop,kParserSupportUdr;match=DROP KEYSPACE;mapping=yugabytedb.udr.ycql.keyspace.drop;sblr=SBLR_COMPAT_YUGABYTEDB_YCQL_ROUTE;engine_api=ParserSupportYcqlRoute;diagnostic=YUGABYTEDB.EMULATION.YCQL_ROUTE,project/src/parsers/compatibility/yugabytedb/yugabytedb_dialect.cpp#kPatterns:yugabytedb.ycql.keyspace.drop,IMPLEMENT_NONCLUSTER,parser remap lead
project/src/parsers/compatibility/yugabytedb,yugabytedb.tablet.split_into,kParserSupportUdr;match=SPLIT INTO;mapping=yugabytedb.udr.tablet.split_into;sblr=SBLR_COMPAT_YUGABYTEDB_TABLET_ROUTE;engine_api=ParserSupportTabletRoute;diagnostic=YUGABYTEDB.EMULATION.TABLET_ROUTE,project/src/parsers/compatibility/yugabytedb/yugabytedb_dialect.cpp#kPatterns:yugabytedb.tablet.split_into,IMPLEMENT_NONCLUSTER,parser remap lead
project/src/parsers/compatibility/yugabytedb,yugabytedb.tablegroup.create,kParserSupportUdr;match=CREATE TABLEGROUP;mapping=yugabytedb.udr.tablegroup.create;sblr=SBLR_COMPAT_YUGABYTEDB_TABLEGROUP_ROUTE;engine_api=ParserSupportTablegroupRoute;diagnostic=YUGABYTEDB.EMULATION.TABLEGROUP_ROUTE,project/src/parsers/compatibility/yugabytedb/yugabytedb_dialect.cpp#kPatterns:yugabytedb.tablegroup.create,IMPLEMENT_NONCLUSTER,parser remap lead
project/src/parsers/compatibility/yugabytedb,yugabytedb.tablegroup.alter,kParserSupportUdr;match=ALTER TABLEGROUP;mapping=yugabytedb.udr.tablegroup.alter;sblr=SBLR_COMPAT_YUGABYTEDB_TABLEGROUP_ROUTE;engine_api=ParserSupportTablegroupRoute;diagnostic=YUGABYTEDB.EMULATION.TABLEGROUP_ROUTE,project/src/parsers/compatibility/yugabytedb/yugabytedb_dialect.cpp#kPatterns:yugabytedb.tablegroup.alter,IMPLEMENT_NONCLUSTER,parser remap lead
project/src/parsers/compatibility/yugabytedb,yugabytedb.tablegroup.drop,kParserSupportUdr;match=DROP TABLEGROUP;mapping=yugabytedb.udr.tablegroup.drop;sblr=SBLR_COMPAT_YUGABYTEDB_TABLEGROUP_ROUTE;engine_api=ParserSupportTablegroupRoute;diagnostic=YUGABYTEDB.EMULATION.TABLEGROUP_ROUTE,project/src/parsers/compatibility/yugabytedb/yugabytedb_dialect.cpp#kPatterns:yugabytedb.tablegroup.drop,IMPLEMENT_NONCLUSTER,parser remap lead
project/src/parsers/compatibility/yugabytedb,yugabytedb.cdc.create_stream,kParserSupportUdr;match=CREATE CDC STREAM;mapping=yugabytedb.udr.cdc.create_stream;sblr=SBLR_COMPAT_YUGABYTEDB_CDC_ROUTE;engine_api=ParserSupportCdcRoute;diagnostic=YUGABYTEDB.EMULATION.CDC_ROUTE,project/src/parsers/compatibility/yugabytedb/yugabytedb_dialect.cpp#kPatterns:yugabytedb.cdc.create_stream,NORMALIZE_CLUSTER,cluster normalization lead
project/src/parsers/compatibility/yugabytedb,yugabytedb.catalog_overlay.server_region,kCatalogProjection;match=YB_SERVER_REGION;mapping=yugabytedb.catalog.server_region;sblr=SBLR_COMPAT_YUGABYTEDB_CATALOG_PROJECT;engine_api=EngineCatalogProjection;diagnostic=none,project/src/parsers/compatibility/yugabytedb/yugabytedb_dialect.cpp#kPatterns:yugabytedb.catalog_overlay.server_region,PARSER_REMAP_ONLY,parser remap lead
project/src/parsers/compatibility/yugabytedb,yugabytedb.bulk_io.copy_program,kPolicyRefusal;match=COPY|| PROGRAM ;mapping=yugabytedb.policy.copy_program;sblr=none;engine_api=none;diagnostic=YUGABYTEDB.AUTHORITY.PROGRAM_DENIED,project/src/parsers/compatibility/yugabytedb/yugabytedb_dialect.cpp#kPatterns:yugabytedb.bulk_io.copy_program,EXTERNAL_AUTHORITY,parser remap lead
project/src/parsers/compatibility/yugabytedb,yugabytedb.bulk_io.copy_to_file,kPolicyRefusal;match=COPY|| TO ';mapping=yugabytedb.policy.copy_to_file;sblr=none;engine_api=none;diagnostic=YUGABYTEDB.AUTHORITY.FILE_IO_DENIED,project/src/parsers/compatibility/yugabytedb/yugabytedb_dialect.cpp#kPatterns:yugabytedb.bulk_io.copy_to_file,EXTERNAL_AUTHORITY,parser remap lead
project/src/parsers/compatibility/yugabytedb,yugabytedb.bulk_io.copy_from_file,kPolicyRefusal;match=COPY|| FROM ';mapping=yugabytedb.policy.copy_from_file;sblr=none;engine_api=none;diagnostic=YUGABYTEDB.AUTHORITY.FILE_IO_DENIED,project/src/parsers/compatibility/yugabytedb/yugabytedb_dialect.cpp#kPatterns:yugabytedb.bulk_io.copy_from_file,EXTERNAL_AUTHORITY,parser remap lead
project/src/parsers/compatibility/yugabytedb,yugabytedb.bulk_io.copy,kParserSupportUdr;match=COPY;mapping=yugabytedb.udr.copy;sblr=SBLR_COMPAT_YUGABYTEDB_COPY_ROUTE;engine_api=ParserSupportCopyRoute;diagnostic=YUGABYTEDB.EMULATION.COPY_ROUTE,project/src/parsers/compatibility/yugabytedb/yugabytedb_dialect.cpp#kPatterns:yugabytedb.bulk_io.copy,IMPLEMENT_NONCLUSTER,parser remap lead
project/src/parsers/compatibility/yugabytedb,yugabytedb.connector.fdw.create,kParserSupportUdr;match=CREATE FOREIGN DATA WRAPPER;mapping=yugabytedb.udr.connector.fdw.create;sblr=SBLR_COMPAT_YUGABYTEDB_CONNECTOR_ROUTE;engine_api=ParserSupportConnectorRoute;diagnostic=YUGABYTEDB.EMULATION.CONNECTOR_ROUTE,project/src/parsers/compatibility/yugabytedb/yugabytedb_dialect.cpp#kPatterns:yugabytedb.connector.fdw.create,EXTERNAL_AUTHORITY,parser remap lead
project/src/parsers/compatibility/yugabytedb,yugabytedb.connector.server.create,kParserSupportUdr;match=CREATE SERVER;mapping=yugabytedb.udr.connector.server.create;sblr=SBLR_COMPAT_YUGABYTEDB_CONNECTOR_ROUTE;engine_api=ParserSupportConnectorRoute;diagnostic=YUGABYTEDB.EMULATION.CONNECTOR_ROUTE,project/src/parsers/compatibility/yugabytedb/yugabytedb_dialect.cpp#kPatterns:yugabytedb.connector.server.create,EXTERNAL_AUTHORITY,parser remap lead
project/src/parsers/compatibility/yugabytedb,yugabytedb.connector.user_mapping.create,kParserSupportUdr;match=CREATE USER MAPPING;mapping=yugabytedb.udr.connector.user_mapping.create;sblr=SBLR_COMPAT_YUGABYTEDB_CONNECTOR_ROUTE;engine_api=ParserSupportConnectorRoute;diagnostic=YUGABYTEDB.EMULATION.CONNECTOR_ROUTE,project/src/parsers/compatibility/yugabytedb/yugabytedb_dialect.cpp#kPatterns:yugabytedb.connector.user_mapping.create,EXTERNAL_AUTHORITY,parser remap lead
project/src/parsers/compatibility/yugabytedb,yugabytedb.connector.foreign_table.create,kParserSupportUdr;match=CREATE FOREIGN TABLE;mapping=yugabytedb.udr.connector.foreign_table.create;sblr=SBLR_COMPAT_YUGABYTEDB_CONNECTOR_ROUTE;engine_api=ParserSupportConnectorRoute;diagnostic=YUGABYTEDB.EMULATION.CONNECTOR_ROUTE,project/src/parsers/compatibility/yugabytedb/yugabytedb_dialect.cpp#kPatterns:yugabytedb.connector.foreign_table.create,EXTERNAL_AUTHORITY,parser remap lead
project/src/parsers/compatibility/yugabytedb,yugabytedb.security.create_role,kParserSupportUdr;match=CREATE ROLE;mapping=yugabytedb.udr.security.create_role;sblr=SBLR_COMPAT_YUGABYTEDB_SECURITY_ROUTE;engine_api=ParserSupportSecurityRoute;diagnostic=YUGABYTEDB.EMULATION.SECURITY_ROUTE,project/src/parsers/compatibility/yugabytedb/yugabytedb_dialect.cpp#kPatterns:yugabytedb.security.create_role,IMPLEMENT_NONCLUSTER,parser remap lead
project/src/parsers/compatibility/yugabytedb,yugabytedb.security.alter_role,kParserSupportUdr;match=ALTER ROLE;mapping=yugabytedb.udr.security.alter_role;sblr=SBLR_COMPAT_YUGABYTEDB_SECURITY_ROUTE;engine_api=ParserSupportSecurityRoute;diagnostic=YUGABYTEDB.EMULATION.SECURITY_ROUTE,project/src/parsers/compatibility/yugabytedb/yugabytedb_dialect.cpp#kPatterns:yugabytedb.security.alter_role,IMPLEMENT_NONCLUSTER,parser remap lead
project/src/parsers/compatibility/yugabytedb,yugabytedb.security.drop_role,kParserSupportUdr;match=DROP ROLE;mapping=yugabytedb.udr.security.drop_role;sblr=SBLR_COMPAT_YUGABYTEDB_SECURITY_ROUTE;engine_api=ParserSupportSecurityRoute;diagnostic=YUGABYTEDB.EMULATION.SECURITY_ROUTE,project/src/parsers/compatibility/yugabytedb/yugabytedb_dialect.cpp#kPatterns:yugabytedb.security.drop_role,IMPLEMENT_NONCLUSTER,parser remap lead
project/src/parsers/compatibility/yugabytedb,yugabytedb.security.grant,kParserSupportUdr;match=GRANT;mapping=yugabytedb.udr.security.grant;sblr=SBLR_COMPAT_YUGABYTEDB_SECURITY_ROUTE;engine_api=ParserSupportSecurityRoute;diagnostic=YUGABYTEDB.EMULATION.SECURITY_ROUTE,project/src/parsers/compatibility/yugabytedb/yugabytedb_dialect.cpp#kPatterns:yugabytedb.security.grant,IMPLEMENT_NONCLUSTER,parser remap lead
project/src/parsers/compatibility/yugabytedb,yugabytedb.security.revoke,kParserSupportUdr;match=REVOKE;mapping=yugabytedb.udr.security.revoke;sblr=SBLR_COMPAT_YUGABYTEDB_SECURITY_ROUTE;engine_api=ParserSupportSecurityRoute;diagnostic=YUGABYTEDB.EMULATION.SECURITY_ROUTE,project/src/parsers/compatibility/yugabytedb/yugabytedb_dialect.cpp#kPatterns:yugabytedb.security.revoke,IMPLEMENT_NONCLUSTER,parser remap lead
project/src/parsers/compatibility/yugabytedb,yugabytedb.lifecycle.create_database,kScratchBirdLifecycleApi;match=CREATE DATABASE;mapping=yugabytedb.lifecycle.create_database;sblr=SBLR_LIFECYCLE_CREATE_DATABASE;engine_api=EngineCreateLifecycle;diagnostic=none,project/src/parsers/compatibility/yugabytedb/yugabytedb_dialect.cpp#kPatterns:yugabytedb.lifecycle.create_database,PARSER_REMAP_ONLY,parser remap lead
project/src/parsers/compatibility/yugabytedb,yugabytedb.lifecycle.drop_database,kScratchBirdLifecycleApi;match=DROP DATABASE;mapping=yugabytedb.lifecycle.drop_database;sblr=SBLR_LIFECYCLE_DROP_DATABASE;engine_api=EngineDropLifecycle;diagnostic=none,project/src/parsers/compatibility/yugabytedb/yugabytedb_dialect.cpp#kPatterns:yugabytedb.lifecycle.drop_database,PARSER_REMAP_ONLY,parser remap lead
project/src/parsers/compatibility/yugabytedb,yugabytedb.catalog_overlay.show,kCatalogProjection;match=SHOW;mapping=yugabytedb.catalog.show;sblr=SBLR_COMPAT_YUGABYTEDB_CATALOG_PROJECT;engine_api=EngineCatalogProjection;diagnostic=none,project/src/parsers/compatibility/yugabytedb/yugabytedb_dialect.cpp#kPatterns:yugabytedb.catalog_overlay.show,PARSER_REMAP_ONLY,parser remap lead
project/src/parsers/compatibility/yugabytedb,yugabytedb.optimizer.explain,kCatalogProjection;match=EXPLAIN;mapping=yugabytedb.optimizer.explain;sblr=SBLR_COMPAT_YUGABYTEDB_EXPLAIN;engine_api=EngineExplainPlan;diagnostic=none,project/src/parsers/compatibility/yugabytedb/yugabytedb_dialect.cpp#kPatterns:yugabytedb.optimizer.explain,PARSER_REMAP_ONLY,parser remap lead
project/src/parsers/compatibility/yugabytedb,yugabytedb.session.set,kAdmittedSblr;match=SET;mapping=yugabytedb.session.set;sblr=SBLR_COMPAT_YUGABYTEDB_SET;engine_api=EngineSessionSet;diagnostic=none,project/src/parsers/compatibility/yugabytedb/yugabytedb_dialect.cpp#kPatterns:yugabytedb.session.set,PARSER_REMAP_ONLY,parser remap lead
project/src/parsers/compatibility/yugabytedb,yugabytedb.session.reset,kAdmittedSblr;match=RESET;mapping=yugabytedb.session.reset;sblr=SBLR_COMPAT_YUGABYTEDB_RESET;engine_api=EngineSessionReset;diagnostic=none,project/src/parsers/compatibility/yugabytedb/yugabytedb_dialect.cpp#kPatterns:yugabytedb.session.reset,PARSER_REMAP_ONLY,parser remap lead
project/src/parsers/compatibility/yugabytedb,yugabytedb.transaction.prepare_transaction,kUnsupportedRefusal;match=PREPARE TRANSACTION;mapping=yugabytedb.policy.transaction.prepare_transaction;sblr=none;engine_api=none;diagnostic=YUGABYTEDB.AUTHORITY.PREPARE_TRANSACTION_DENIED,project/src/parsers/compatibility/yugabytedb/yugabytedb_dialect.cpp#kPatterns:yugabytedb.transaction.prepare_transaction,ARCHITECTURE_REFUSAL,parser remap lead
project/src/parsers/compatibility/yugabytedb,yugabytedb.prepared.prepare,kAdmittedSblr;match=PREPARE;mapping=yugabytedb.prepared.prepare;sblr=SBLR_COMPAT_YUGABYTEDB_PREPARE;engine_api=EnginePrepareStatement;diagnostic=none,project/src/parsers/compatibility/yugabytedb/yugabytedb_dialect.cpp#kPatterns:yugabytedb.prepared.prepare,PARSER_REMAP_ONLY,parser remap lead
project/src/parsers/compatibility/yugabytedb,yugabytedb.prepared.execute,kAdmittedSblr;match=EXECUTE;mapping=yugabytedb.prepared.execute;sblr=SBLR_COMPAT_YUGABYTEDB_EXECUTE;engine_api=EngineExecuteStatement;diagnostic=none,project/src/parsers/compatibility/yugabytedb/yugabytedb_dialect.cpp#kPatterns:yugabytedb.prepared.execute,PARSER_REMAP_ONLY,parser remap lead
project/src/parsers/compatibility/yugabytedb,yugabytedb.prepared.deallocate,kAdmittedSblr;match=DEALLOCATE;mapping=yugabytedb.prepared.deallocate;sblr=SBLR_COMPAT_YUGABYTEDB_DEALLOCATE;engine_api=EngineDeallocateStatement;diagnostic=none,project/src/parsers/compatibility/yugabytedb/yugabytedb_dialect.cpp#kPatterns:yugabytedb.prepared.deallocate,PARSER_REMAP_ONLY,parser remap lead
project/src/parsers/compatibility/yugabytedb,yugabytedb.ddl.create,kAdmittedSblr;match=CREATE;mapping=yugabytedb.ddl.create;sblr=SBLR_COMPAT_YUGABYTEDB_DDL_CREATE;engine_api=EngineDdlCreate;diagnostic=none,project/src/parsers/compatibility/yugabytedb/yugabytedb_dialect.cpp#kPatterns:yugabytedb.ddl.create,PARSER_REMAP_ONLY,parser remap lead
project/src/parsers/compatibility/yugabytedb,yugabytedb.ddl.alter,kAdmittedSblr;match=ALTER;mapping=yugabytedb.ddl.alter;sblr=SBLR_COMPAT_YUGABYTEDB_DDL_ALTER;engine_api=EngineDdlAlter;diagnostic=none,project/src/parsers/compatibility/yugabytedb/yugabytedb_dialect.cpp#kPatterns:yugabytedb.ddl.alter,PARSER_REMAP_ONLY,parser remap lead
project/src/parsers/compatibility/yugabytedb,yugabytedb.ddl.drop,kAdmittedSblr;match=DROP;mapping=yugabytedb.ddl.drop;sblr=SBLR_COMPAT_YUGABYTEDB_DDL_DROP;engine_api=EngineDdlDrop;diagnostic=none,project/src/parsers/compatibility/yugabytedb/yugabytedb_dialect.cpp#kPatterns:yugabytedb.ddl.drop,PARSER_REMAP_ONLY,parser remap lead
project/src/parsers/compatibility/yugabytedb,yugabytedb.ddl.truncate,kAdmittedSblr;match=TRUNCATE;mapping=yugabytedb.ddl.truncate;sblr=SBLR_COMPAT_YUGABYTEDB_DDL_TRUNCATE;engine_api=EngineDdlTruncate;diagnostic=none,project/src/parsers/compatibility/yugabytedb/yugabytedb_dialect.cpp#kPatterns:yugabytedb.ddl.truncate,PARSER_REMAP_ONLY,parser remap lead
project/src/parsers/compatibility/yugabytedb,yugabytedb.dml.merge,kAdmittedSblr;match=MERGE;mapping=yugabytedb.dml.merge;sblr=SBLR_COMPAT_YUGABYTEDB_MERGE;engine_api=EngineDmlMerge;diagnostic=none,project/src/parsers/compatibility/yugabytedb/yugabytedb_dialect.cpp#kPatterns:yugabytedb.dml.merge,PARSER_REMAP_ONLY,parser remap lead
project/src/parsers/compatibility/yugabytedb,yugabytedb.dml.insert,kAdmittedSblr;match=INSERT;mapping=yugabytedb.dml.insert;sblr=SBLR_COMPAT_YUGABYTEDB_INSERT;engine_api=EngineDmlInsert;diagnostic=none,project/src/parsers/compatibility/yugabytedb/yugabytedb_dialect.cpp#kPatterns:yugabytedb.dml.insert,PARSER_REMAP_ONLY,parser remap lead
project/src/parsers/compatibility/yugabytedb,yugabytedb.dml.update,kAdmittedSblr;match=UPDATE;mapping=yugabytedb.dml.update;sblr=SBLR_COMPAT_YUGABYTEDB_UPDATE;engine_api=EngineDmlUpdate;diagnostic=none,project/src/parsers/compatibility/yugabytedb/yugabytedb_dialect.cpp#kPatterns:yugabytedb.dml.update,PARSER_REMAP_ONLY,parser remap lead
project/src/parsers/compatibility/yugabytedb,yugabytedb.dml.delete,kAdmittedSblr;match=DELETE;mapping=yugabytedb.dml.delete;sblr=SBLR_COMPAT_YUGABYTEDB_DELETE;engine_api=EngineDmlDelete;diagnostic=none,project/src/parsers/compatibility/yugabytedb/yugabytedb_dialect.cpp#kPatterns:yugabytedb.dml.delete,PARSER_REMAP_ONLY,parser remap lead
project/src/parsers/compatibility/yugabytedb,yugabytedb.query.select,kAdmittedSblr;match=SELECT;mapping=yugabytedb.query.select;sblr=SBLR_COMPAT_YUGABYTEDB_SELECT;engine_api=EngineQuerySelect;diagnostic=none,project/src/parsers/compatibility/yugabytedb/yugabytedb_dialect.cpp#kPatterns:yugabytedb.query.select,PARSER_REMAP_ONLY,parser remap lead
project/src/parsers/compatibility/yugabytedb,yugabytedb.query.with,kAdmittedSblr;match=WITH;mapping=yugabytedb.query.with;sblr=SBLR_COMPAT_YUGABYTEDB_SELECT;engine_api=EngineQuerySelect;diagnostic=none,project/src/parsers/compatibility/yugabytedb/yugabytedb_dialect.cpp#kPatterns:yugabytedb.query.with,PARSER_REMAP_ONLY,parser remap lead
project/src/parsers/compatibility/yugabytedb,yugabytedb.transaction.start,kAdmittedSblr;match=START TRANSACTION;mapping=yugabytedb.transaction.start;sblr=SBLR_TRANSACTION_BEGIN;engine_api=EngineBeginTransaction;diagnostic=none,project/src/parsers/compatibility/yugabytedb/yugabytedb_dialect.cpp#kPatterns:yugabytedb.transaction.start,PARSER_REMAP_ONLY,parser remap lead
project/src/parsers/compatibility/yugabytedb,yugabytedb.transaction.begin,kAdmittedSblr;match=BEGIN;mapping=yugabytedb.transaction.begin;sblr=SBLR_TRANSACTION_BEGIN;engine_api=EngineBeginTransaction;diagnostic=none,project/src/parsers/compatibility/yugabytedb/yugabytedb_dialect.cpp#kPatterns:yugabytedb.transaction.begin,PARSER_REMAP_ONLY,parser remap lead
project/src/parsers/compatibility/yugabytedb,yugabytedb.transaction.commit,kAdmittedSblr;match=COMMIT;mapping=yugabytedb.transaction.commit;sblr=SBLR_TRANSACTION_COMMIT;engine_api=EngineCommitTransaction;diagnostic=none,project/src/parsers/compatibility/yugabytedb/yugabytedb_dialect.cpp#kPatterns:yugabytedb.transaction.commit,PARSER_REMAP_ONLY,parser remap lead
project/src/parsers/compatibility/yugabytedb,yugabytedb.transaction.rollback,kAdmittedSblr;match=ROLLBACK;mapping=yugabytedb.transaction.rollback;sblr=SBLR_TRANSACTION_ROLLBACK;engine_api=EngineRollbackTransaction;diagnostic=none,project/src/parsers/compatibility/yugabytedb/yugabytedb_dialect.cpp#kPatterns:yugabytedb.transaction.rollback,PARSER_REMAP_ONLY,parser remap lead
project/src/parsers/compatibility/yugabytedb,yugabytedb.transaction.savepoint,kAdmittedSblr;match=SAVEPOINT;mapping=yugabytedb.transaction.savepoint;sblr=SBLR_TRANSACTION_SAVEPOINT;engine_api=EngineSavepoint;diagnostic=none,project/src/parsers/compatibility/yugabytedb/yugabytedb_dialect.cpp#kPatterns:yugabytedb.transaction.savepoint,PARSER_REMAP_ONLY,parser remap lead
project/src/parsers/compatibility/yugabytedb,yugabytedb.transaction.release_savepoint,kAdmittedSblr;match=RELEASE SAVEPOINT;mapping=yugabytedb.transaction.release_savepoint;sblr=SBLR_TRANSACTION_RELEASE_SAVEPOINT;engine_api=EngineReleaseSavepoint;diagnostic=none,project/src/parsers/compatibility/yugabytedb/yugabytedb_dialect.cpp#kPatterns:yugabytedb.transaction.release_savepoint,PARSER_REMAP_ONLY,parser remap lead
project/src/parsers/compatibility/yugabytedb,datatype_surface:numeric,descriptor;surface=SMALLINT;INTEGER;BIGINT;NUMERIC;DECIMAL;REAL;DOUBLE PRECISION,project/src/parsers/compatibility/yugabytedb/yugabytedb_dialect.cpp#kDatatypeSurfaces:numeric,DOCUMENTATION_ONLY,inventory classification lead
project/src/parsers/compatibility/yugabytedb,datatype_surface:serial_identity,descriptor_policy;surface=SERIAL;BIGSERIAL;IDENTITY,project/src/parsers/compatibility/yugabytedb/yugabytedb_dialect.cpp#kDatatypeSurfaces:serial_identity,DOCUMENTATION_ONLY,inventory classification lead
project/src/parsers/compatibility/yugabytedb,datatype_surface:text,descriptor;surface=CHAR;VARCHAR;TEXT;NAME,project/src/parsers/compatibility/yugabytedb/yugabytedb_dialect.cpp#kDatatypeSurfaces:text,DOCUMENTATION_ONLY,inventory classification lead
project/src/parsers/compatibility/yugabytedb,datatype_surface:binary,descriptor;surface=BYTEA;BLOB,project/src/parsers/compatibility/yugabytedb/yugabytedb_dialect.cpp#kDatatypeSurfaces:binary,DOCUMENTATION_ONLY,inventory classification lead
project/src/parsers/compatibility/yugabytedb,datatype_surface:temporal,descriptor;surface=DATE;TIME;TIMESTAMP;TIMESTAMPTZ;INTERVAL,project/src/parsers/compatibility/yugabytedb/yugabytedb_dialect.cpp#kDatatypeSurfaces:temporal,DOCUMENTATION_ONLY,inventory classification lead
project/src/parsers/compatibility/yugabytedb,datatype_surface:boolean_uuid,descriptor;surface=BOOLEAN;UUID,project/src/parsers/compatibility/yugabytedb/yugabytedb_dialect.cpp#kDatatypeSurfaces:boolean_uuid,DOCUMENTATION_ONLY,inventory classification lead
project/src/parsers/compatibility/yugabytedb,datatype_surface:json,descriptor;surface=JSON;JSONB,project/src/parsers/compatibility/yugabytedb/yugabytedb_dialect.cpp#kDatatypeSurfaces:json,DOCUMENTATION_ONLY,inventory classification lead
project/src/parsers/compatibility/yugabytedb,datatype_surface:array,descriptor;surface=ARRAY;[],project/src/parsers/compatibility/yugabytedb/yugabytedb_dialect.cpp#kDatatypeSurfaces:array,DOCUMENTATION_ONLY,inventory classification lead
project/src/parsers/compatibility/yugabytedb,datatype_surface:ycql,parser_support_udr;surface=KEYSPACE;COUNTER;FROZEN,project/src/parsers/compatibility/yugabytedb/yugabytedb_dialect.cpp#kDatatypeSurfaces:ycql,IMPLEMENT_NONCLUSTER,inventory classification lead
project/src/parsers/compatibility/yugabytedb,datatype_surface:geo,parser_support_udr;surface=POINT;LINE;POLYGON,project/src/parsers/compatibility/yugabytedb/yugabytedb_dialect.cpp#kDatatypeSurfaces:geo,IMPLEMENT_NONCLUSTER,inventory classification lead
project/src/parsers/compatibility/yugabytedb,datatype_surface:inet,descriptor;surface=INET;CIDR,project/src/parsers/compatibility/yugabytedb/yugabytedb_dialect.cpp#kDatatypeSurfaces:inet,DOCUMENTATION_ONLY,inventory classification lead
project/src/parsers/compatibility/yugabytedb,datatype_surface:domain_enum,catalog_policy;surface=DOMAIN;ENUM,project/src/parsers/compatibility/yugabytedb/yugabytedb_dialect.cpp#kDatatypeSurfaces:domain_enum,PARSER_REMAP_ONLY,inventory classification lead
project/src/parsers/compatibility/yugabytedb,builtin_function_surface:aggregate,sblr;surface=COUNT;SUM;AVG;MIN;MAX;STRING_AGG,project/src/parsers/compatibility/yugabytedb/yugabytedb_dialect.cpp#kBuiltinSurfaces:aggregate,PARSER_REMAP_ONLY,inventory classification lead
project/src/parsers/compatibility/yugabytedb,builtin_function_surface:window,sblr;surface=ROW_NUMBER;RANK;DENSE_RANK;LAG;LEAD,project/src/parsers/compatibility/yugabytedb/yugabytedb_dialect.cpp#kBuiltinSurfaces:window,PARSER_REMAP_ONLY,inventory classification lead
project/src/parsers/compatibility/yugabytedb,builtin_function_surface:string,sblr;surface=LOWER;UPPER;SUBSTRING;TRIM;OVERLAY,project/src/parsers/compatibility/yugabytedb/yugabytedb_dialect.cpp#kBuiltinSurfaces:string,PARSER_REMAP_ONLY,inventory classification lead
project/src/parsers/compatibility/yugabytedb,builtin_function_surface:numeric,sblr;surface=ABS;ROUND;POWER;SQRT;MOD,project/src/parsers/compatibility/yugabytedb/yugabytedb_dialect.cpp#kBuiltinSurfaces:numeric,PARSER_REMAP_ONLY,inventory classification lead
project/src/parsers/compatibility/yugabytedb,builtin_function_surface:temporal,sblr;surface=NOW;CURRENT_TIMESTAMP;DATE_PART;DATE_TRUNC,project/src/parsers/compatibility/yugabytedb/yugabytedb_dialect.cpp#kBuiltinSurfaces:temporal,PARSER_REMAP_ONLY,inventory classification lead
project/src/parsers/compatibility/yugabytedb,builtin_function_surface:json,parser_support_udr;surface=JSONB_*;JSON_*,project/src/parsers/compatibility/yugabytedb/yugabytedb_dialect.cpp#kBuiltinSurfaces:json,IMPLEMENT_NONCLUSTER,inventory classification lead
project/src/parsers/compatibility/yugabytedb,builtin_function_surface:array,parser_support_udr;surface=ARRAY_APPEND;ARRAY_REMOVE;UNNEST,project/src/parsers/compatibility/yugabytedb/yugabytedb_dialect.cpp#kBuiltinSurfaces:array,IMPLEMENT_NONCLUSTER,inventory classification lead
project/src/parsers/compatibility/yugabytedb,builtin_function_surface:yb_catalog,catalog_projection;surface=YB_SERVER_REGION;YB_IS_LOCAL_TABLE,project/src/parsers/compatibility/yugabytedb/yugabytedb_dialect.cpp#kBuiltinSurfaces:yb_catalog,PARSER_REMAP_ONLY,inventory classification lead
project/src/parsers/compatibility/yugabytedb,builtin_function_surface:uuid,parser_support_udr;surface=GEN_RANDOM_UUID;UUID_*,project/src/parsers/compatibility/yugabytedb/yugabytedb_dialect.cpp#kBuiltinSurfaces:uuid,IMPLEMENT_NONCLUSTER,inventory classification lead
project/src/parsers/compatibility/yugabytedb,builtin_function_surface:security,catalog_projection;surface=CURRENT_USER;SESSION_USER;CURRENT_ROLE,project/src/parsers/compatibility/yugabytedb/yugabytedb_dialect.cpp#kBuiltinSurfaces:security,PARSER_REMAP_ONLY,inventory classification lead
project/src/parsers/compatibility/yugabytedb,builtin_function_surface:ycql,parser_support_udr;surface=TOKEN;TTL;WRITETIME,project/src/parsers/compatibility/yugabytedb/yugabytedb_dialect.cpp#kBuiltinSurfaces:ycql,IMPLEMENT_NONCLUSTER,inventory classification lead
project/src/parsers/compatibility/yugabytedb,builtin_function_surface:cdc,parser_support_udr;surface=CDC_*;XCLUSTER_*,project/src/parsers/compatibility/yugabytedb/yugabytedb_dialect.cpp#kBuiltinSurfaces:cdc,NORMALIZE_CLUSTER,inventory classification lead
project/src/parsers/compatibility/yugabytedb,catalog_overlay_surface:yb_catalog,catalog_projection;surface=YB_CATALOG.,project/src/parsers/compatibility/yugabytedb/yugabytedb_dialect.cpp#kCatalogSurfaces:yb_catalog,PARSER_REMAP_ONLY,inventory classification lead
project/src/parsers/compatibility/yugabytedb,catalog_overlay_surface:pg_catalog,catalog_projection;surface=PG_CATALOG.,project/src/parsers/compatibility/yugabytedb/yugabytedb_dialect.cpp#kCatalogSurfaces:pg_catalog,PARSER_REMAP_ONLY,inventory classification lead
project/src/parsers/compatibility/yugabytedb,catalog_overlay_surface:information_schema,catalog_projection;surface=INFORMATION_SCHEMA.,project/src/parsers/compatibility/yugabytedb/yugabytedb_dialect.cpp#kCatalogSurfaces:information_schema,PARSER_REMAP_ONLY,inventory classification lead
project/src/parsers/compatibility/yugabytedb,catalog_overlay_surface:ycql_keyspaces,catalog_projection;surface=SYSTEM_SCHEMA.KEYSPACES;YCQL_KEYSPACES,project/src/parsers/compatibility/yugabytedb/yugabytedb_dialect.cpp#kCatalogSurfaces:ycql_keyspaces,PARSER_REMAP_ONLY,inventory classification lead
project/src/parsers/compatibility/yugabytedb,catalog_overlay_surface:tablets,catalog_projection;surface=YB_TABLETS;YB_SERVERS,project/src/parsers/compatibility/yugabytedb/yugabytedb_dialect.cpp#kCatalogSurfaces:tablets,PARSER_REMAP_ONLY,inventory classification lead
project/src/parsers/compatibility/yugabytedb,catalog_overlay_surface:tablegroups,catalog_projection;surface=YB_TABLEGROUPS,project/src/parsers/compatibility/yugabytedb/yugabytedb_dialect.cpp#kCatalogSurfaces:tablegroups,PARSER_REMAP_ONLY,inventory classification lead
project/src/parsers/compatibility/yugabytedb,catalog_overlay_surface:xcluster,catalog_projection;surface=YB_XCLUSTER;YB_CDC_STREAMS,project/src/parsers/compatibility/yugabytedb/yugabytedb_dialect.cpp#kCatalogSurfaces:xcluster,NORMALIZE_CLUSTER,inventory classification lead
project/src/parsers/compatibility/yugabytedb,catalog_overlay_surface:roles_security,catalog_projection;surface=PG_AUTHID;PG_ROLES;PG_POLICY,project/src/parsers/compatibility/yugabytedb/yugabytedb_dialect.cpp#kCatalogSurfaces:roles_security,PARSER_REMAP_ONLY,inventory classification lead
project/src/parsers/compatibility/yugabytedb,catalog_overlay_surface:fdw,catalog_projection;surface=PG_FOREIGN_DATA_WRAPPER;PG_FOREIGN_SERVER;PG_USER_MAPPING,project/src/parsers/compatibility/yugabytedb/yugabytedb_dialect.cpp#kCatalogSurfaces:fdw,PARSER_REMAP_ONLY,inventory classification lead
project/src/parsers/compatibility/yugabytedb,catalog_overlay_surface:schema_table,catalog_projection;surface=PG_NAMESPACE;PG_CLASS;PG_ATTRIBUTE;PG_TYPE,project/src/parsers/compatibility/yugabytedb/yugabytedb_dialect.cpp#kCatalogSurfaces:schema_table,PARSER_REMAP_ONLY,inventory classification lead
project/src/parsers/compatibility/yugabytedb,diagnostic_surface:parse,parser;surface=YUGABYTEDB.PARSE.INVALID_INPUT;YUGABYTEDB.PARSE.UNSUPPORTED_SURFACE,project/src/parsers/compatibility/yugabytedb/yugabytedb_dialect.cpp#kDiagnosticSurfaces:parse,PARSER_REMAP_ONLY,inventory classification lead
project/src/parsers/compatibility/yugabytedb,diagnostic_surface:file,fail_closed;surface=YUGABYTEDB.AUTHORITY.FILE_IO_DENIED,project/src/parsers/compatibility/yugabytedb/yugabytedb_dialect.cpp#kDiagnosticSurfaces:file,ARCHITECTURE_REFUSAL,inventory classification lead
project/src/parsers/compatibility/yugabytedb,diagnostic_surface:program,fail_closed;surface=YUGABYTEDB.AUTHORITY.PROGRAM_DENIED,project/src/parsers/compatibility/yugabytedb/yugabytedb_dialect.cpp#kDiagnosticSurfaces:program,ARCHITECTURE_REFUSAL,inventory classification lead
project/src/parsers/compatibility/yugabytedb,diagnostic_surface:backup,fail_closed;surface=YUGABYTEDB.AUTHORITY.BACKUP_DENIED,project/src/parsers/compatibility/yugabytedb/yugabytedb_dialect.cpp#kDiagnosticSurfaces:backup,ARCHITECTURE_REFUSAL,inventory classification lead
project/src/parsers/compatibility/yugabytedb,diagnostic_surface:restore,fail_closed;surface=YUGABYTEDB.AUTHORITY.RESTORE_DENIED,project/src/parsers/compatibility/yugabytedb/yugabytedb_dialect.cpp#kDiagnosticSurfaces:restore,ARCHITECTURE_REFUSAL,inventory classification lead
project/src/parsers/compatibility/yugabytedb,diagnostic_surface:ycql,parser_support_udr;surface=YUGABYTEDB.EMULATION.YCQL_ROUTE,project/src/parsers/compatibility/yugabytedb/yugabytedb_dialect.cpp#kDiagnosticSurfaces:ycql,IMPLEMENT_NONCLUSTER,inventory classification lead
project/src/parsers/compatibility/yugabytedb,diagnostic_surface:tablet,parser_support_udr;surface=YUGABYTEDB.EMULATION.TABLET_ROUTE,project/src/parsers/compatibility/yugabytedb/yugabytedb_dialect.cpp#kDiagnosticSurfaces:tablet,IMPLEMENT_NONCLUSTER,inventory classification lead
project/src/parsers/compatibility/yugabytedb,diagnostic_surface:tablegroup,parser_support_udr;surface=YUGABYTEDB.EMULATION.TABLEGROUP_ROUTE,project/src/parsers/compatibility/yugabytedb/yugabytedb_dialect.cpp#kDiagnosticSurfaces:tablegroup,IMPLEMENT_NONCLUSTER,inventory classification lead
project/src/parsers/compatibility/yugabytedb,diagnostic_surface:cdc,parser_support_udr;surface=YUGABYTEDB.EMULATION.CDC_ROUTE,project/src/parsers/compatibility/yugabytedb/yugabytedb_dialect.cpp#kDiagnosticSurfaces:cdc,NORMALIZE_CLUSTER,cluster normalization lead
project/src/parsers/compatibility/yugabytedb,diagnostic_surface:connector,parser_support_udr;surface=YUGABYTEDB.EMULATION.CONNECTOR_ROUTE,project/src/parsers/compatibility/yugabytedb/yugabytedb_dialect.cpp#kDiagnosticSurfaces:connector,EXTERNAL_AUTHORITY,inventory classification lead
project/src/parsers/compatibility/yugabytedb,diagnostic_surface:security,parser_support_udr;surface=YUGABYTEDB.EMULATION.SECURITY_ROUTE,project/src/parsers/compatibility/yugabytedb/yugabytedb_dialect.cpp#kDiagnosticSurfaces:security,IMPLEMENT_NONCLUSTER,inventory classification lead
project/src/parsers/compatibility/yugabytedb,diagnostic_surface:transaction,fail_closed;surface=YUGABYTEDB.AUTHORITY.PREPARE_TRANSACTION_DENIED,project/src/parsers/compatibility/yugabytedb/yugabytedb_dialect.cpp#kDiagnosticSurfaces:transaction,ARCHITECTURE_REFUSAL,inventory classification lead
project/src/parsers/compatibility/yugabytedb,source_marker:unsupported,source_marker_requires_review,project/src/parsers/compatibility/yugabytedb/yugabytedb_dialect.cpp#marker:unsupported,ARCHITECTURE_REFUSAL,inventory classification lead
project/src/udr/sbu_apache_ignite_parser_support,udr_management_operation_set,parser_support_udr_management_abi;routine_count=64;routines=describe_package;validate_package;get_capabilities;classify_management_request;render_management_diagnostic;setup_pseudo_server;alter_pseudo_server;drop_pseudo_server;validate_pseudo_server;list_pseudo_servers;setup_database;alter_database;drop_database;rename_database;attach_database;detach_database;validate_database;create_catalog_projection;refresh_catalog_projection;validate_catalog_projection;seed_catalog_rowsets;export_catalog_projection;install_domain_emulation;refresh_domain_emulation;validate_domain_emulation;install_helper_routines;validate_helper_routines;normalize_login_identity;validate_auth_evidence;add_user;alter_user;drop_user;map_external_identity;validate_user_mapping;create_role;alter_role;drop_role;grant_role;revoke_role;grant_privilege;revoke_privilege;set_security_policy;export_security_policy;validate_security_policy;set_session_option;set_database_option;set_server_option;run_admin_command;classify_external_authority_command;render_status_report;prepare_migration_context;apply_migration_batch;finalize_migration_context;abort_migration_context;start_replication_channel;stop_replication_channel;apply_replication_event;get_replication_status;validate_emulation_state;get_operational_status;collect_support_bundle;export_metadata_snapshot;import_metadata_snapshot;retire_emulation_profile,project/src/udr/sbu_apache_ignite_parser_support/sbu_apache_ignite_parser_support.cpp#kManagementOperations,NORMALIZE_CLUSTER,parser support UDR lead
project/src/udr/sbu_apache_ignite_parser_support,udr_diagnostic_vector_set,parser_support_udr_diagnostics;diagnostic_count=7;diagnostics=UDR.APACHE_IGNITE.CONTEXT_MISSING;UDR.APACHE_IGNITE.INSTALL_MODE_INVALID;UDR.APACHE_IGNITE.MGMT_INVENTORY_POLICY_DENIED;UDR.APACHE_IGNITE.MGMT_OPERATION_UNKNOWN;UDR.APACHE_IGNITE.PACKAGE_UUID_MISMATCH;UDR.APACHE_IGNITE.PROFILE_MISMATCH;UDR.APACHE_IGNITE.SECURITY_DENIED,project/src/udr/sbu_apache_ignite_parser_support/sbu_apache_ignite_parser_support.cpp#diagnostic_vectors,ARCHITECTURE_REFUSAL,parser support UDR lead
project/src/udr/sbu_cassandra_parser_support,udr_management_operation_set,parser_support_udr_management_abi;routine_count=64;routines=describe_package;validate_package;get_capabilities;classify_management_request;render_management_diagnostic;setup_pseudo_server;alter_pseudo_server;drop_pseudo_server;validate_pseudo_server;list_pseudo_servers;setup_database;alter_database;drop_database;rename_database;attach_database;detach_database;validate_database;create_catalog_projection;refresh_catalog_projection;validate_catalog_projection;seed_catalog_rowsets;export_catalog_projection;install_domain_emulation;refresh_domain_emulation;validate_domain_emulation;install_helper_routines;validate_helper_routines;normalize_login_identity;validate_auth_evidence;add_user;alter_user;drop_user;map_external_identity;validate_user_mapping;create_role;alter_role;drop_role;grant_role;revoke_role;grant_privilege;revoke_privilege;set_security_policy;export_security_policy;validate_security_policy;set_session_option;set_database_option;set_server_option;run_admin_command;classify_external_authority_command;render_status_report;prepare_migration_context;apply_migration_batch;finalize_migration_context;abort_migration_context;start_replication_channel;stop_replication_channel;apply_replication_event;get_replication_status;validate_emulation_state;get_operational_status;collect_support_bundle;export_metadata_snapshot;import_metadata_snapshot;retire_emulation_profile,project/src/udr/sbu_cassandra_parser_support/sbu_cassandra_parser_support.cpp#kManagementOperations,NORMALIZE_CLUSTER,parser support UDR lead
project/src/udr/sbu_cassandra_parser_support,udr_diagnostic_vector_set,parser_support_udr_diagnostics;diagnostic_count=7;diagnostics=UDR.CASSANDRA.CONTEXT_MISSING;UDR.CASSANDRA.INSTALL_MODE_INVALID;UDR.CASSANDRA.MGMT_INVENTORY_POLICY_DENIED;UDR.CASSANDRA.MGMT_OPERATION_UNKNOWN;UDR.CASSANDRA.PACKAGE_UUID_MISMATCH;UDR.CASSANDRA.PROFILE_MISMATCH;UDR.CASSANDRA.SECURITY_DENIED,project/src/udr/sbu_cassandra_parser_support/sbu_cassandra_parser_support.cpp#diagnostic_vectors,ARCHITECTURE_REFUSAL,parser support UDR lead
project/src/udr/sbu_clickhouse_parser_support,udr_management_operation_set,parser_support_udr_management_abi;routine_count=64;routines=describe_package;validate_package;get_capabilities;classify_management_request;render_management_diagnostic;setup_pseudo_server;alter_pseudo_server;drop_pseudo_server;validate_pseudo_server;list_pseudo_servers;setup_database;alter_database;drop_database;rename_database;attach_database;detach_database;validate_database;create_catalog_projection;refresh_catalog_projection;validate_catalog_projection;seed_catalog_rowsets;export_catalog_projection;install_domain_emulation;refresh_domain_emulation;validate_domain_emulation;install_helper_routines;validate_helper_routines;normalize_login_identity;validate_auth_evidence;add_user;alter_user;drop_user;map_external_identity;validate_user_mapping;create_role;alter_role;drop_role;grant_role;revoke_role;grant_privilege;revoke_privilege;set_security_policy;export_security_policy;validate_security_policy;set_session_option;set_database_option;set_server_option;run_admin_command;classify_external_authority_command;render_status_report;prepare_migration_context;apply_migration_batch;finalize_migration_context;abort_migration_context;start_replication_channel;stop_replication_channel;apply_replication_event;get_replication_status;validate_emulation_state;get_operational_status;collect_support_bundle;export_metadata_snapshot;import_metadata_snapshot;retire_emulation_profile,project/src/udr/sbu_clickhouse_parser_support/sbu_clickhouse_parser_support.cpp#kManagementOperations,NORMALIZE_CLUSTER,parser support UDR lead
project/src/udr/sbu_clickhouse_parser_support,udr_diagnostic_vector_set,parser_support_udr_diagnostics;diagnostic_count=7;diagnostics=UDR.CLICKHOUSE.CONTEXT_MISSING;UDR.CLICKHOUSE.INSTALL_MODE_INVALID;UDR.CLICKHOUSE.MGMT_INVENTORY_POLICY_DENIED;UDR.CLICKHOUSE.MGMT_OPERATION_UNKNOWN;UDR.CLICKHOUSE.PACKAGE_UUID_MISMATCH;UDR.CLICKHOUSE.PROFILE_MISMATCH;UDR.CLICKHOUSE.SECURITY_DENIED,project/src/udr/sbu_clickhouse_parser_support/sbu_clickhouse_parser_support.cpp#diagnostic_vectors,ARCHITECTURE_REFUSAL,parser support UDR lead
project/src/udr/sbu_cockroachdb_parser_support,udr_management_operation_set,parser_support_udr_management_abi;routine_count=64;routines=describe_package;validate_package;get_capabilities;classify_management_request;render_management_diagnostic;setup_pseudo_server;alter_pseudo_server;drop_pseudo_server;validate_pseudo_server;list_pseudo_servers;setup_database;alter_database;drop_database;rename_database;attach_database;detach_database;validate_database;create_catalog_projection;refresh_catalog_projection;validate_catalog_projection;seed_catalog_rowsets;export_catalog_projection;install_domain_emulation;refresh_domain_emulation;validate_domain_emulation;install_helper_routines;validate_helper_routines;normalize_login_identity;validate_auth_evidence;add_user;alter_user;drop_user;map_external_identity;validate_user_mapping;create_role;alter_role;drop_role;grant_role;revoke_role;grant_privilege;revoke_privilege;set_security_policy;export_security_policy;validate_security_policy;set_session_option;set_database_option;set_server_option;run_admin_command;classify_external_authority_command;render_status_report;prepare_migration_context;apply_migration_batch;finalize_migration_context;abort_migration_context;start_replication_channel;stop_replication_channel;apply_replication_event;get_replication_status;validate_emulation_state;get_operational_status;collect_support_bundle;export_metadata_snapshot;import_metadata_snapshot;retire_emulation_profile,project/src/udr/sbu_cockroachdb_parser_support/sbu_cockroachdb_parser_support.cpp#kManagementOperations,NORMALIZE_CLUSTER,parser support UDR lead
project/src/udr/sbu_cockroachdb_parser_support,udr_diagnostic_vector_set,parser_support_udr_diagnostics;diagnostic_count=7;diagnostics=UDR.COCKROACHDB.CONTEXT_MISSING;UDR.COCKROACHDB.INSTALL_MODE_INVALID;UDR.COCKROACHDB.MGMT_INVENTORY_POLICY_DENIED;UDR.COCKROACHDB.MGMT_OPERATION_UNKNOWN;UDR.COCKROACHDB.PACKAGE_UUID_MISMATCH;UDR.COCKROACHDB.PROFILE_MISMATCH;UDR.COCKROACHDB.SECURITY_DENIED,project/src/udr/sbu_cockroachdb_parser_support/sbu_cockroachdb_parser_support.cpp#diagnostic_vectors,ARCHITECTURE_REFUSAL,parser support UDR lead
project/src/udr/sbu_dolt_parser_support,udr_management_operation_set,parser_support_udr_management_abi;routine_count=64;routines=describe_package;validate_package;get_capabilities;classify_management_request;render_management_diagnostic;setup_pseudo_server;alter_pseudo_server;drop_pseudo_server;validate_pseudo_server;list_pseudo_servers;setup_database;alter_database;drop_database;rename_database;attach_database;detach_database;validate_database;create_catalog_projection;refresh_catalog_projection;validate_catalog_projection;seed_catalog_rowsets;export_catalog_projection;install_domain_emulation;refresh_domain_emulation;validate_domain_emulation;install_helper_routines;validate_helper_routines;normalize_login_identity;validate_auth_evidence;add_user;alter_user;drop_user;map_external_identity;validate_user_mapping;create_role;alter_role;drop_role;grant_role;revoke_role;grant_privilege;revoke_privilege;set_security_policy;export_security_policy;validate_security_policy;set_session_option;set_database_option;set_server_option;run_admin_command;classify_external_authority_command;render_status_report;prepare_migration_context;apply_migration_batch;finalize_migration_context;abort_migration_context;start_replication_channel;stop_replication_channel;apply_replication_event;get_replication_status;validate_emulation_state;get_operational_status;collect_support_bundle;export_metadata_snapshot;import_metadata_snapshot;retire_emulation_profile,project/src/udr/sbu_dolt_parser_support/sbu_dolt_parser_support.cpp#kManagementOperations,NORMALIZE_CLUSTER,parser support UDR lead
project/src/udr/sbu_dolt_parser_support,udr_diagnostic_vector_set,parser_support_udr_diagnostics;diagnostic_count=7;diagnostics=UDR.DOLT.CONTEXT_MISSING;UDR.DOLT.INSTALL_MODE_INVALID;UDR.DOLT.MGMT_INVENTORY_POLICY_DENIED;UDR.DOLT.MGMT_OPERATION_UNKNOWN;UDR.DOLT.PACKAGE_UUID_MISMATCH;UDR.DOLT.PROFILE_MISMATCH;UDR.DOLT.SECURITY_DENIED,project/src/udr/sbu_dolt_parser_support/sbu_dolt_parser_support.cpp#diagnostic_vectors,ARCHITECTURE_REFUSAL,parser support UDR lead
project/src/udr/sbu_duckdb_parser_support,udr_management_operation_set,parser_support_udr_management_abi;routine_count=64;routines=describe_package;validate_package;get_capabilities;classify_management_request;render_management_diagnostic;setup_pseudo_server;alter_pseudo_server;drop_pseudo_server;validate_pseudo_server;list_pseudo_servers;setup_database;alter_database;drop_database;rename_database;attach_database;detach_database;validate_database;create_catalog_projection;refresh_catalog_projection;validate_catalog_projection;seed_catalog_rowsets;export_catalog_projection;install_domain_emulation;refresh_domain_emulation;validate_domain_emulation;install_helper_routines;validate_helper_routines;normalize_login_identity;validate_auth_evidence;add_user;alter_user;drop_user;map_external_identity;validate_user_mapping;create_role;alter_role;drop_role;grant_role;revoke_role;grant_privilege;revoke_privilege;set_security_policy;export_security_policy;validate_security_policy;set_session_option;set_database_option;set_server_option;run_admin_command;classify_external_authority_command;render_status_report;prepare_migration_context;apply_migration_batch;finalize_migration_context;abort_migration_context;start_replication_channel;stop_replication_channel;apply_replication_event;get_replication_status;validate_emulation_state;get_operational_status;collect_support_bundle;export_metadata_snapshot;import_metadata_snapshot;retire_emulation_profile,project/src/udr/sbu_duckdb_parser_support/sbu_duckdb_parser_support.cpp#kManagementOperations,NORMALIZE_CLUSTER,parser support UDR lead
project/src/udr/sbu_duckdb_parser_support,udr_diagnostic_vector_set,parser_support_udr_diagnostics;diagnostic_count=7;diagnostics=UDR.DUCKDB.CONTEXT_MISSING;UDR.DUCKDB.INSTALL_MODE_INVALID;UDR.DUCKDB.MGMT_INVENTORY_POLICY_DENIED;UDR.DUCKDB.MGMT_OPERATION_UNKNOWN;UDR.DUCKDB.PACKAGE_UUID_MISMATCH;UDR.DUCKDB.PROFILE_MISMATCH;UDR.DUCKDB.SECURITY_DENIED,project/src/udr/sbu_duckdb_parser_support/sbu_duckdb_parser_support.cpp#diagnostic_vectors,ARCHITECTURE_REFUSAL,parser support UDR lead
project/src/udr/sbu_firebird_parser_support,udr_management_operation_set,parser_support_udr_management_abi;routine_count=64;routines=describe_package;validate_package;get_capabilities;classify_management_request;render_management_diagnostic;setup_pseudo_server;alter_pseudo_server;drop_pseudo_server;validate_pseudo_server;list_pseudo_servers;setup_database;alter_database;drop_database;rename_database;attach_database;detach_database;validate_database;create_catalog_projection;refresh_catalog_projection;validate_catalog_projection;seed_catalog_rowsets;export_catalog_projection;install_domain_emulation;refresh_domain_emulation;validate_domain_emulation;install_helper_routines;validate_helper_routines;normalize_login_identity;validate_auth_evidence;add_user;alter_user;drop_user;map_external_identity;validate_user_mapping;create_role;alter_role;drop_role;grant_role;revoke_role;grant_privilege;revoke_privilege;set_security_policy;export_security_policy;validate_security_policy;set_session_option;set_database_option;set_server_option;run_admin_command;classify_external_authority_command;render_status_report;prepare_migration_context;apply_migration_batch;finalize_migration_context;abort_migration_context;start_replication_channel;stop_replication_channel;apply_replication_event;get_replication_status;validate_emulation_state;get_operational_status;collect_support_bundle;export_metadata_snapshot;import_metadata_snapshot;retire_emulation_profile,project/src/udr/sbu_firebird_parser_support/sbu_firebird_parser_support.cpp#kManagementOperations,NORMALIZE_CLUSTER,parser support UDR lead
project/src/udr/sbu_firebird_parser_support,udr_diagnostic_vector_set,parser_support_udr_diagnostics;diagnostic_count=8;diagnostics=UDR.FIREBIRD.CONTEXT_MISSING;UDR.FIREBIRD.INSTALL_MODE_INVALID;UDR.FIREBIRD.MESSAGE_VECTOR_INVALID;UDR.FIREBIRD.MGMT_INVENTORY_POLICY_DENIED;UDR.FIREBIRD.MGMT_OPERATION_UNKNOWN;UDR.FIREBIRD.PACKAGE_UUID_MISMATCH;UDR.FIREBIRD.PROFILE_MISMATCH;UDR.FIREBIRD.SECURITY_DENIED,project/src/udr/sbu_firebird_parser_support/sbu_firebird_parser_support.cpp#diagnostic_vectors,ARCHITECTURE_REFUSAL,parser support UDR lead
project/src/udr/sbu_foundationdb_parser_support,udr_management_operation_set,parser_support_udr_management_abi;routine_count=64;routines=describe_package;validate_package;get_capabilities;classify_management_request;render_management_diagnostic;setup_pseudo_server;alter_pseudo_server;drop_pseudo_server;validate_pseudo_server;list_pseudo_servers;setup_database;alter_database;drop_database;rename_database;attach_database;detach_database;validate_database;create_catalog_projection;refresh_catalog_projection;validate_catalog_projection;seed_catalog_rowsets;export_catalog_projection;install_domain_emulation;refresh_domain_emulation;validate_domain_emulation;install_helper_routines;validate_helper_routines;normalize_login_identity;validate_auth_evidence;add_user;alter_user;drop_user;map_external_identity;validate_user_mapping;create_role;alter_role;drop_role;grant_role;revoke_role;grant_privilege;revoke_privilege;set_security_policy;export_security_policy;validate_security_policy;set_session_option;set_database_option;set_server_option;run_admin_command;classify_external_authority_command;render_status_report;prepare_migration_context;apply_migration_batch;finalize_migration_context;abort_migration_context;start_replication_channel;stop_replication_channel;apply_replication_event;get_replication_status;validate_emulation_state;get_operational_status;collect_support_bundle;export_metadata_snapshot;import_metadata_snapshot;retire_emulation_profile,project/src/udr/sbu_foundationdb_parser_support/sbu_foundationdb_parser_support.cpp#kManagementOperations,NORMALIZE_CLUSTER,parser support UDR lead
project/src/udr/sbu_foundationdb_parser_support,udr_diagnostic_vector_set,parser_support_udr_diagnostics;diagnostic_count=7;diagnostics=UDR.FOUNDATIONDB.CONTEXT_MISSING;UDR.FOUNDATIONDB.INSTALL_MODE_INVALID;UDR.FOUNDATIONDB.MGMT_INVENTORY_POLICY_DENIED;UDR.FOUNDATIONDB.MGMT_OPERATION_UNKNOWN;UDR.FOUNDATIONDB.PACKAGE_UUID_MISMATCH;UDR.FOUNDATIONDB.PROFILE_MISMATCH;UDR.FOUNDATIONDB.SECURITY_DENIED,project/src/udr/sbu_foundationdb_parser_support/sbu_foundationdb_parser_support.cpp#diagnostic_vectors,ARCHITECTURE_REFUSAL,parser support UDR lead
project/src/udr/sbu_immudb_parser_support,udr_management_operation_set,parser_support_udr_management_abi;routine_count=64;routines=describe_package;validate_package;get_capabilities;classify_management_request;render_management_diagnostic;setup_pseudo_server;alter_pseudo_server;drop_pseudo_server;validate_pseudo_server;list_pseudo_servers;setup_database;alter_database;drop_database;rename_database;attach_database;detach_database;validate_database;create_catalog_projection;refresh_catalog_projection;validate_catalog_projection;seed_catalog_rowsets;export_catalog_projection;install_domain_emulation;refresh_domain_emulation;validate_domain_emulation;install_helper_routines;validate_helper_routines;normalize_login_identity;validate_auth_evidence;add_user;alter_user;drop_user;map_external_identity;validate_user_mapping;create_role;alter_role;drop_role;grant_role;revoke_role;grant_privilege;revoke_privilege;set_security_policy;export_security_policy;validate_security_policy;set_session_option;set_database_option;set_server_option;run_admin_command;classify_external_authority_command;render_status_report;prepare_migration_context;apply_migration_batch;finalize_migration_context;abort_migration_context;start_replication_channel;stop_replication_channel;apply_replication_event;get_replication_status;validate_emulation_state;get_operational_status;collect_support_bundle;export_metadata_snapshot;import_metadata_snapshot;retire_emulation_profile,project/src/udr/sbu_immudb_parser_support/sbu_immudb_parser_support.cpp#kManagementOperations,NORMALIZE_CLUSTER,parser support UDR lead
project/src/udr/sbu_immudb_parser_support,udr_diagnostic_vector_set,parser_support_udr_diagnostics;diagnostic_count=7;diagnostics=UDR.IMMUDB.CONTEXT_MISSING;UDR.IMMUDB.INSTALL_MODE_INVALID;UDR.IMMUDB.MGMT_INVENTORY_POLICY_DENIED;UDR.IMMUDB.MGMT_OPERATION_UNKNOWN;UDR.IMMUDB.PACKAGE_UUID_MISMATCH;UDR.IMMUDB.PROFILE_MISMATCH;UDR.IMMUDB.SECURITY_DENIED,project/src/udr/sbu_immudb_parser_support/sbu_immudb_parser_support.cpp#diagnostic_vectors,ARCHITECTURE_REFUSAL,parser support UDR lead
project/src/udr/sbu_influxdb_parser_support,udr_management_operation_set,parser_support_udr_management_abi;routine_count=64;routines=describe_package;validate_package;get_capabilities;classify_management_request;render_management_diagnostic;setup_pseudo_server;alter_pseudo_server;drop_pseudo_server;validate_pseudo_server;list_pseudo_servers;setup_database;alter_database;drop_database;rename_database;attach_database;detach_database;validate_database;create_catalog_projection;refresh_catalog_projection;validate_catalog_projection;seed_catalog_rowsets;export_catalog_projection;install_domain_emulation;refresh_domain_emulation;validate_domain_emulation;install_helper_routines;validate_helper_routines;normalize_login_identity;validate_auth_evidence;add_user;alter_user;drop_user;map_external_identity;validate_user_mapping;create_role;alter_role;drop_role;grant_role;revoke_role;grant_privilege;revoke_privilege;set_security_policy;export_security_policy;validate_security_policy;set_session_option;set_database_option;set_server_option;run_admin_command;classify_external_authority_command;render_status_report;prepare_migration_context;apply_migration_batch;finalize_migration_context;abort_migration_context;start_replication_channel;stop_replication_channel;apply_replication_event;get_replication_status;validate_emulation_state;get_operational_status;collect_support_bundle;export_metadata_snapshot;import_metadata_snapshot;retire_emulation_profile,project/src/udr/sbu_influxdb_parser_support/sbu_influxdb_parser_support.cpp#kManagementOperations,NORMALIZE_CLUSTER,parser support UDR lead
project/src/udr/sbu_influxdb_parser_support,udr_diagnostic_vector_set,parser_support_udr_diagnostics;diagnostic_count=7;diagnostics=UDR.INFLUXDB.CONTEXT_MISSING;UDR.INFLUXDB.INSTALL_MODE_INVALID;UDR.INFLUXDB.MGMT_INVENTORY_POLICY_DENIED;UDR.INFLUXDB.MGMT_OPERATION_UNKNOWN;UDR.INFLUXDB.PACKAGE_UUID_MISMATCH;UDR.INFLUXDB.PROFILE_MISMATCH;UDR.INFLUXDB.SECURITY_DENIED,project/src/udr/sbu_influxdb_parser_support/sbu_influxdb_parser_support.cpp#diagnostic_vectors,ARCHITECTURE_REFUSAL,parser support UDR lead
project/src/udr/sbu_mariadb_parser_support,udr_management_operation_set,parser_support_udr_management_abi;routine_count=64;routines=describe_package;validate_package;get_capabilities;classify_management_request;render_management_diagnostic;setup_pseudo_server;alter_pseudo_server;drop_pseudo_server;validate_pseudo_server;list_pseudo_servers;setup_database;alter_database;drop_database;rename_database;attach_database;detach_database;validate_database;create_catalog_projection;refresh_catalog_projection;validate_catalog_projection;seed_catalog_rowsets;export_catalog_projection;install_domain_emulation;refresh_domain_emulation;validate_domain_emulation;install_helper_routines;validate_helper_routines;normalize_login_identity;validate_auth_evidence;add_user;alter_user;drop_user;map_external_identity;validate_user_mapping;create_role;alter_role;drop_role;grant_role;revoke_role;grant_privilege;revoke_privilege;set_security_policy;export_security_policy;validate_security_policy;set_session_option;set_database_option;set_server_option;run_admin_command;classify_external_authority_command;render_status_report;prepare_migration_context;apply_migration_batch;finalize_migration_context;abort_migration_context;start_replication_channel;stop_replication_channel;apply_replication_event;get_replication_status;validate_emulation_state;get_operational_status;collect_support_bundle;export_metadata_snapshot;import_metadata_snapshot;retire_emulation_profile,project/src/udr/sbu_mariadb_parser_support/sbu_mariadb_parser_support.cpp#kManagementOperations,NORMALIZE_CLUSTER,parser support UDR lead
project/src/udr/sbu_mariadb_parser_support,udr_diagnostic_vector_set,parser_support_udr_diagnostics;diagnostic_count=7;diagnostics=UDR.MARIADB.CONTEXT_MISSING;UDR.MARIADB.INSTALL_MODE_INVALID;UDR.MARIADB.MGMT_INVENTORY_POLICY_DENIED;UDR.MARIADB.MGMT_OPERATION_UNKNOWN;UDR.MARIADB.PACKAGE_UUID_MISMATCH;UDR.MARIADB.PROFILE_MISMATCH;UDR.MARIADB.SECURITY_DENIED,project/src/udr/sbu_mariadb_parser_support/sbu_mariadb_parser_support.cpp#diagnostic_vectors,ARCHITECTURE_REFUSAL,parser support UDR lead
project/src/udr/sbu_milvus_parser_support,udr_management_operation_set,parser_support_udr_management_abi;routine_count=64;routines=describe_package;validate_package;get_capabilities;classify_management_request;render_management_diagnostic;setup_pseudo_server;alter_pseudo_server;drop_pseudo_server;validate_pseudo_server;list_pseudo_servers;setup_database;alter_database;drop_database;rename_database;attach_database;detach_database;validate_database;create_catalog_projection;refresh_catalog_projection;validate_catalog_projection;seed_catalog_rowsets;export_catalog_projection;install_domain_emulation;refresh_domain_emulation;validate_domain_emulation;install_helper_routines;validate_helper_routines;normalize_login_identity;validate_auth_evidence;add_user;alter_user;drop_user;map_external_identity;validate_user_mapping;create_role;alter_role;drop_role;grant_role;revoke_role;grant_privilege;revoke_privilege;set_security_policy;export_security_policy;validate_security_policy;set_session_option;set_database_option;set_server_option;run_admin_command;classify_external_authority_command;render_status_report;prepare_migration_context;apply_migration_batch;finalize_migration_context;abort_migration_context;start_replication_channel;stop_replication_channel;apply_replication_event;get_replication_status;validate_emulation_state;get_operational_status;collect_support_bundle;export_metadata_snapshot;import_metadata_snapshot;retire_emulation_profile,project/src/udr/sbu_milvus_parser_support/sbu_milvus_parser_support.cpp#kManagementOperations,NORMALIZE_CLUSTER,parser support UDR lead
project/src/udr/sbu_milvus_parser_support,udr_diagnostic_vector_set,parser_support_udr_diagnostics;diagnostic_count=7;diagnostics=UDR.MILVUS.CONTEXT_MISSING;UDR.MILVUS.INSTALL_MODE_INVALID;UDR.MILVUS.MGMT_INVENTORY_POLICY_DENIED;UDR.MILVUS.MGMT_OPERATION_UNKNOWN;UDR.MILVUS.PACKAGE_UUID_MISMATCH;UDR.MILVUS.PROFILE_MISMATCH;UDR.MILVUS.SECURITY_DENIED,project/src/udr/sbu_milvus_parser_support/sbu_milvus_parser_support.cpp#diagnostic_vectors,ARCHITECTURE_REFUSAL,parser support UDR lead
project/src/udr/sbu_mongodb_parser_support,udr_management_operation_set,parser_support_udr_management_abi;routine_count=64;routines=describe_package;validate_package;get_capabilities;classify_management_request;render_management_diagnostic;setup_pseudo_server;alter_pseudo_server;drop_pseudo_server;validate_pseudo_server;list_pseudo_servers;setup_database;alter_database;drop_database;rename_database;attach_database;detach_database;validate_database;create_catalog_projection;refresh_catalog_projection;validate_catalog_projection;seed_catalog_rowsets;export_catalog_projection;install_domain_emulation;refresh_domain_emulation;validate_domain_emulation;install_helper_routines;validate_helper_routines;normalize_login_identity;validate_auth_evidence;add_user;alter_user;drop_user;map_external_identity;validate_user_mapping;create_role;alter_role;drop_role;grant_role;revoke_role;grant_privilege;revoke_privilege;set_security_policy;export_security_policy;validate_security_policy;set_session_option;set_database_option;set_server_option;run_admin_command;classify_external_authority_command;render_status_report;prepare_migration_context;apply_migration_batch;finalize_migration_context;abort_migration_context;start_replication_channel;stop_replication_channel;apply_replication_event;get_replication_status;validate_emulation_state;get_operational_status;collect_support_bundle;export_metadata_snapshot;import_metadata_snapshot;retire_emulation_profile,project/src/udr/sbu_mongodb_parser_support/sbu_mongodb_parser_support.cpp#kManagementOperations,NORMALIZE_CLUSTER,parser support UDR lead
project/src/udr/sbu_mongodb_parser_support,udr_diagnostic_vector_set,parser_support_udr_diagnostics;diagnostic_count=7;diagnostics=UDR.MONGODB.CONTEXT_MISSING;UDR.MONGODB.INSTALL_MODE_INVALID;UDR.MONGODB.MGMT_INVENTORY_POLICY_DENIED;UDR.MONGODB.MGMT_OPERATION_UNKNOWN;UDR.MONGODB.PACKAGE_UUID_MISMATCH;UDR.MONGODB.PROFILE_MISMATCH;UDR.MONGODB.SECURITY_DENIED,project/src/udr/sbu_mongodb_parser_support/sbu_mongodb_parser_support.cpp#diagnostic_vectors,ARCHITECTURE_REFUSAL,parser support UDR lead
project/src/udr/sbu_mysql_parser_support,udr_management_operation_set,parser_support_udr_management_abi;routine_count=64;routines=describe_package;validate_package;get_capabilities;classify_management_request;render_management_diagnostic;setup_pseudo_server;alter_pseudo_server;drop_pseudo_server;validate_pseudo_server;list_pseudo_servers;setup_database;alter_database;drop_database;rename_database;attach_database;detach_database;validate_database;create_catalog_projection;refresh_catalog_projection;validate_catalog_projection;seed_catalog_rowsets;export_catalog_projection;install_domain_emulation;refresh_domain_emulation;validate_domain_emulation;install_helper_routines;validate_helper_routines;normalize_login_identity;validate_auth_evidence;add_user;alter_user;drop_user;map_external_identity;validate_user_mapping;create_role;alter_role;drop_role;grant_role;revoke_role;grant_privilege;revoke_privilege;set_security_policy;export_security_policy;validate_security_policy;set_session_option;set_database_option;set_server_option;run_admin_command;classify_external_authority_command;render_status_report;prepare_migration_context;apply_migration_batch;finalize_migration_context;abort_migration_context;start_replication_channel;stop_replication_channel;apply_replication_event;get_replication_status;validate_emulation_state;get_operational_status;collect_support_bundle;export_metadata_snapshot;import_metadata_snapshot;retire_emulation_profile,project/src/udr/sbu_mysql_parser_support/sbu_mysql_parser_support.cpp#kManagementOperations,NORMALIZE_CLUSTER,parser support UDR lead
project/src/udr/sbu_mysql_parser_support,udr_diagnostic_vector_set,parser_support_udr_diagnostics;diagnostic_count=7;diagnostics=UDR.MYSQL.CONTEXT_MISSING;UDR.MYSQL.INSTALL_MODE_INVALID;UDR.MYSQL.MGMT_INVENTORY_POLICY_DENIED;UDR.MYSQL.MGMT_OPERATION_UNKNOWN;UDR.MYSQL.PACKAGE_UUID_MISMATCH;UDR.MYSQL.PROFILE_MISMATCH;UDR.MYSQL.SECURITY_DENIED,project/src/udr/sbu_mysql_parser_support/sbu_mysql_parser_support.cpp#diagnostic_vectors,ARCHITECTURE_REFUSAL,parser support UDR lead
project/src/udr/sbu_neo4j_parser_support,udr_management_operation_set,parser_support_udr_management_abi;routine_count=64;routines=describe_package;validate_package;get_capabilities;classify_management_request;render_management_diagnostic;setup_pseudo_server;alter_pseudo_server;drop_pseudo_server;validate_pseudo_server;list_pseudo_servers;setup_database;alter_database;drop_database;rename_database;attach_database;detach_database;validate_database;create_catalog_projection;refresh_catalog_projection;validate_catalog_projection;seed_catalog_rowsets;export_catalog_projection;install_domain_emulation;refresh_domain_emulation;validate_domain_emulation;install_helper_routines;validate_helper_routines;normalize_login_identity;validate_auth_evidence;add_user;alter_user;drop_user;map_external_identity;validate_user_mapping;create_role;alter_role;drop_role;grant_role;revoke_role;grant_privilege;revoke_privilege;set_security_policy;export_security_policy;validate_security_policy;set_session_option;set_database_option;set_server_option;run_admin_command;classify_external_authority_command;render_status_report;prepare_migration_context;apply_migration_batch;finalize_migration_context;abort_migration_context;start_replication_channel;stop_replication_channel;apply_replication_event;get_replication_status;validate_emulation_state;get_operational_status;collect_support_bundle;export_metadata_snapshot;import_metadata_snapshot;retire_emulation_profile,project/src/udr/sbu_neo4j_parser_support/sbu_neo4j_parser_support.cpp#kManagementOperations,NORMALIZE_CLUSTER,parser support UDR lead
project/src/udr/sbu_neo4j_parser_support,udr_diagnostic_vector_set,parser_support_udr_diagnostics;diagnostic_count=7;diagnostics=UDR.NEO4J.CONTEXT_MISSING;UDR.NEO4J.INSTALL_MODE_INVALID;UDR.NEO4J.MGMT_INVENTORY_POLICY_DENIED;UDR.NEO4J.MGMT_OPERATION_UNKNOWN;UDR.NEO4J.PACKAGE_UUID_MISMATCH;UDR.NEO4J.PROFILE_MISMATCH;UDR.NEO4J.SECURITY_DENIED,project/src/udr/sbu_neo4j_parser_support/sbu_neo4j_parser_support.cpp#diagnostic_vectors,ARCHITECTURE_REFUSAL,parser support UDR lead
project/src/udr/sbu_opensearch_parser_support,udr_management_operation_set,parser_support_udr_management_abi;routine_count=64;routines=describe_package;validate_package;get_capabilities;classify_management_request;render_management_diagnostic;setup_pseudo_server;alter_pseudo_server;drop_pseudo_server;validate_pseudo_server;list_pseudo_servers;setup_database;alter_database;drop_database;rename_database;attach_database;detach_database;validate_database;create_catalog_projection;refresh_catalog_projection;validate_catalog_projection;seed_catalog_rowsets;export_catalog_projection;install_domain_emulation;refresh_domain_emulation;validate_domain_emulation;install_helper_routines;validate_helper_routines;normalize_login_identity;validate_auth_evidence;add_user;alter_user;drop_user;map_external_identity;validate_user_mapping;create_role;alter_role;drop_role;grant_role;revoke_role;grant_privilege;revoke_privilege;set_security_policy;export_security_policy;validate_security_policy;set_session_option;set_database_option;set_server_option;run_admin_command;classify_external_authority_command;render_status_report;prepare_migration_context;apply_migration_batch;finalize_migration_context;abort_migration_context;start_replication_channel;stop_replication_channel;apply_replication_event;get_replication_status;validate_emulation_state;get_operational_status;collect_support_bundle;export_metadata_snapshot;import_metadata_snapshot;retire_emulation_profile,project/src/udr/sbu_opensearch_parser_support/sbu_opensearch_parser_support.cpp#kManagementOperations,NORMALIZE_CLUSTER,parser support UDR lead
project/src/udr/sbu_opensearch_parser_support,udr_diagnostic_vector_set,parser_support_udr_diagnostics;diagnostic_count=7;diagnostics=UDR.OPENSEARCH.CONTEXT_MISSING;UDR.OPENSEARCH.INSTALL_MODE_INVALID;UDR.OPENSEARCH.MGMT_INVENTORY_POLICY_DENIED;UDR.OPENSEARCH.MGMT_OPERATION_UNKNOWN;UDR.OPENSEARCH.PACKAGE_UUID_MISMATCH;UDR.OPENSEARCH.PROFILE_MISMATCH;UDR.OPENSEARCH.SECURITY_DENIED,project/src/udr/sbu_opensearch_parser_support/sbu_opensearch_parser_support.cpp#diagnostic_vectors,ARCHITECTURE_REFUSAL,parser support UDR lead
project/src/udr/sbu_opensearch_sql_ppl_parser_support,udr_management_operation_set,parser_support_udr_management_abi;routine_count=64;routines=describe_package;validate_package;get_capabilities;classify_management_request;render_management_diagnostic;setup_pseudo_server;alter_pseudo_server;drop_pseudo_server;validate_pseudo_server;list_pseudo_servers;setup_database;alter_database;drop_database;rename_database;attach_database;detach_database;validate_database;create_catalog_projection;refresh_catalog_projection;validate_catalog_projection;seed_catalog_rowsets;export_catalog_projection;install_domain_emulation;refresh_domain_emulation;validate_domain_emulation;install_helper_routines;validate_helper_routines;normalize_login_identity;validate_auth_evidence;add_user;alter_user;drop_user;map_external_identity;validate_user_mapping;create_role;alter_role;drop_role;grant_role;revoke_role;grant_privilege;revoke_privilege;set_security_policy;export_security_policy;validate_security_policy;set_session_option;set_database_option;set_server_option;run_admin_command;classify_external_authority_command;render_status_report;prepare_migration_context;apply_migration_batch;finalize_migration_context;abort_migration_context;start_replication_channel;stop_replication_channel;apply_replication_event;get_replication_status;validate_emulation_state;get_operational_status;collect_support_bundle;export_metadata_snapshot;import_metadata_snapshot;retire_emulation_profile,project/src/udr/sbu_opensearch_sql_ppl_parser_support/sbu_opensearch_sql_ppl_parser_support.cpp#kManagementOperations,NORMALIZE_CLUSTER,parser support UDR lead
project/src/udr/sbu_opensearch_sql_ppl_parser_support,udr_diagnostic_vector_set,parser_support_udr_diagnostics;diagnostic_count=7;diagnostics=UDR.OPENSEARCH_SQL_PPL.CONTEXT_MISSING;UDR.OPENSEARCH_SQL_PPL.INSTALL_MODE_INVALID;UDR.OPENSEARCH_SQL_PPL.MGMT_INVENTORY_POLICY_DENIED;UDR.OPENSEARCH_SQL_PPL.MGMT_OPERATION_UNKNOWN;UDR.OPENSEARCH_SQL_PPL.PACKAGE_UUID_MISMATCH;UDR.OPENSEARCH_SQL_PPL.PROFILE_MISMATCH;UDR.OPENSEARCH_SQL_PPL.SECURITY_DENIED,project/src/udr/sbu_opensearch_sql_ppl_parser_support/sbu_opensearch_sql_ppl_parser_support.cpp#diagnostic_vectors,ARCHITECTURE_REFUSAL,parser support UDR lead
project/src/udr/sbu_postgresql_parser_support,udr_management_operation_set,parser_support_udr_management_abi;routine_count=64;routines=describe_package;validate_package;get_capabilities;classify_management_request;render_management_diagnostic;setup_pseudo_server;alter_pseudo_server;drop_pseudo_server;validate_pseudo_server;list_pseudo_servers;setup_database;alter_database;drop_database;rename_database;attach_database;detach_database;validate_database;create_catalog_projection;refresh_catalog_projection;validate_catalog_projection;seed_catalog_rowsets;export_catalog_projection;install_domain_emulation;refresh_domain_emulation;validate_domain_emulation;install_helper_routines;validate_helper_routines;normalize_login_identity;validate_auth_evidence;add_user;alter_user;drop_user;map_external_identity;validate_user_mapping;create_role;alter_role;drop_role;grant_role;revoke_role;grant_privilege;revoke_privilege;set_security_policy;export_security_policy;validate_security_policy;set_session_option;set_database_option;set_server_option;run_admin_command;classify_external_authority_command;render_status_report;prepare_migration_context;apply_migration_batch;finalize_migration_context;abort_migration_context;start_replication_channel;stop_replication_channel;apply_replication_event;get_replication_status;validate_emulation_state;get_operational_status;collect_support_bundle;export_metadata_snapshot;import_metadata_snapshot;retire_emulation_profile,project/src/udr/sbu_postgresql_parser_support/sbu_postgresql_parser_support.cpp#kManagementOperations,NORMALIZE_CLUSTER,parser support UDR lead
project/src/udr/sbu_postgresql_parser_support,udr_diagnostic_vector_set,parser_support_udr_diagnostics;diagnostic_count=7;diagnostics=UDR.POSTGRESQL.CONTEXT_MISSING;UDR.POSTGRESQL.INSTALL_MODE_INVALID;UDR.POSTGRESQL.MGMT_INVENTORY_POLICY_DENIED;UDR.POSTGRESQL.MGMT_OPERATION_UNKNOWN;UDR.POSTGRESQL.PACKAGE_UUID_MISMATCH;UDR.POSTGRESQL.PROFILE_MISMATCH;UDR.POSTGRESQL.SECURITY_DENIED,project/src/udr/sbu_postgresql_parser_support/sbu_postgresql_parser_support.cpp#diagnostic_vectors,ARCHITECTURE_REFUSAL,parser support UDR lead
project/src/udr/sbu_redis_parser_support,udr_management_operation_set,parser_support_udr_management_abi;routine_count=64;routines=describe_package;validate_package;get_capabilities;classify_management_request;render_management_diagnostic;setup_pseudo_server;alter_pseudo_server;drop_pseudo_server;validate_pseudo_server;list_pseudo_servers;setup_database;alter_database;drop_database;rename_database;attach_database;detach_database;validate_database;create_catalog_projection;refresh_catalog_projection;validate_catalog_projection;seed_catalog_rowsets;export_catalog_projection;install_domain_emulation;refresh_domain_emulation;validate_domain_emulation;install_helper_routines;validate_helper_routines;normalize_login_identity;validate_auth_evidence;add_user;alter_user;drop_user;map_external_identity;validate_user_mapping;create_role;alter_role;drop_role;grant_role;revoke_role;grant_privilege;revoke_privilege;set_security_policy;export_security_policy;validate_security_policy;set_session_option;set_database_option;set_server_option;run_admin_command;classify_external_authority_command;render_status_report;prepare_migration_context;apply_migration_batch;finalize_migration_context;abort_migration_context;start_replication_channel;stop_replication_channel;apply_replication_event;get_replication_status;validate_emulation_state;get_operational_status;collect_support_bundle;export_metadata_snapshot;import_metadata_snapshot;retire_emulation_profile,project/src/udr/sbu_redis_parser_support/sbu_redis_parser_support.cpp#kManagementOperations,NORMALIZE_CLUSTER,parser support UDR lead
project/src/udr/sbu_redis_parser_support,udr_diagnostic_vector_set,parser_support_udr_diagnostics;diagnostic_count=7;diagnostics=UDR.REDIS.CONTEXT_MISSING;UDR.REDIS.INSTALL_MODE_INVALID;UDR.REDIS.MGMT_INVENTORY_POLICY_DENIED;UDR.REDIS.MGMT_OPERATION_UNKNOWN;UDR.REDIS.PACKAGE_UUID_MISMATCH;UDR.REDIS.PROFILE_MISMATCH;UDR.REDIS.SECURITY_DENIED,project/src/udr/sbu_redis_parser_support/sbu_redis_parser_support.cpp#diagnostic_vectors,ARCHITECTURE_REFUSAL,parser support UDR lead
project/src/udr/sbu_sqlite_parser_support,udr_management_operation_set,parser_support_udr_management_abi;routine_count=64;routines=describe_package;validate_package;get_capabilities;classify_management_request;render_management_diagnostic;setup_pseudo_server;alter_pseudo_server;drop_pseudo_server;validate_pseudo_server;list_pseudo_servers;setup_database;alter_database;drop_database;rename_database;attach_database;detach_database;validate_database;create_catalog_projection;refresh_catalog_projection;validate_catalog_projection;seed_catalog_rowsets;export_catalog_projection;install_domain_emulation;refresh_domain_emulation;validate_domain_emulation;install_helper_routines;validate_helper_routines;normalize_login_identity;validate_auth_evidence;add_user;alter_user;drop_user;map_external_identity;validate_user_mapping;create_role;alter_role;drop_role;grant_role;revoke_role;grant_privilege;revoke_privilege;set_security_policy;export_security_policy;validate_security_policy;set_session_option;set_database_option;set_server_option;run_admin_command;classify_external_authority_command;render_status_report;prepare_migration_context;apply_migration_batch;finalize_migration_context;abort_migration_context;start_replication_channel;stop_replication_channel;apply_replication_event;get_replication_status;validate_emulation_state;get_operational_status;collect_support_bundle;export_metadata_snapshot;import_metadata_snapshot;retire_emulation_profile,project/src/udr/sbu_sqlite_parser_support/sbu_sqlite_parser_support.cpp#kManagementOperations,NORMALIZE_CLUSTER,parser support UDR lead
project/src/udr/sbu_sqlite_parser_support,udr_diagnostic_vector_set,parser_support_udr_diagnostics;diagnostic_count=7;diagnostics=UDR.SQLITE.CONTEXT_MISSING;UDR.SQLITE.INSTALL_MODE_INVALID;UDR.SQLITE.MGMT_INVENTORY_POLICY_DENIED;UDR.SQLITE.MGMT_OPERATION_UNKNOWN;UDR.SQLITE.PACKAGE_UUID_MISMATCH;UDR.SQLITE.PROFILE_MISMATCH;UDR.SQLITE.SECURITY_DENIED,project/src/udr/sbu_sqlite_parser_support/sbu_sqlite_parser_support.cpp#diagnostic_vectors,ARCHITECTURE_REFUSAL,parser support UDR lead
project/src/udr/sbu_tidb_parser_support,udr_management_operation_set,parser_support_udr_management_abi;routine_count=64;routines=describe_package;validate_package;get_capabilities;classify_management_request;render_management_diagnostic;setup_pseudo_server;alter_pseudo_server;drop_pseudo_server;validate_pseudo_server;list_pseudo_servers;setup_database;alter_database;drop_database;rename_database;attach_database;detach_database;validate_database;create_catalog_projection;refresh_catalog_projection;validate_catalog_projection;seed_catalog_rowsets;export_catalog_projection;install_domain_emulation;refresh_domain_emulation;validate_domain_emulation;install_helper_routines;validate_helper_routines;normalize_login_identity;validate_auth_evidence;add_user;alter_user;drop_user;map_external_identity;validate_user_mapping;create_role;alter_role;drop_role;grant_role;revoke_role;grant_privilege;revoke_privilege;set_security_policy;export_security_policy;validate_security_policy;set_session_option;set_database_option;set_server_option;run_admin_command;classify_external_authority_command;render_status_report;prepare_migration_context;apply_migration_batch;finalize_migration_context;abort_migration_context;start_replication_channel;stop_replication_channel;apply_replication_event;get_replication_status;validate_emulation_state;get_operational_status;collect_support_bundle;export_metadata_snapshot;import_metadata_snapshot;retire_emulation_profile,project/src/udr/sbu_tidb_parser_support/sbu_tidb_parser_support.cpp#kManagementOperations,NORMALIZE_CLUSTER,parser support UDR lead
project/src/udr/sbu_tidb_parser_support,udr_diagnostic_vector_set,parser_support_udr_diagnostics;diagnostic_count=7;diagnostics=UDR.TIDB.CONTEXT_MISSING;UDR.TIDB.INSTALL_MODE_INVALID;UDR.TIDB.MGMT_INVENTORY_POLICY_DENIED;UDR.TIDB.MGMT_OPERATION_UNKNOWN;UDR.TIDB.PACKAGE_UUID_MISMATCH;UDR.TIDB.PROFILE_MISMATCH;UDR.TIDB.SECURITY_DENIED,project/src/udr/sbu_tidb_parser_support/sbu_tidb_parser_support.cpp#diagnostic_vectors,ARCHITECTURE_REFUSAL,parser support UDR lead
project/src/udr/sbu_tikv_parser_support,udr_management_operation_set,parser_support_udr_management_abi;routine_count=64;routines=describe_package;validate_package;get_capabilities;classify_management_request;render_management_diagnostic;setup_pseudo_server;alter_pseudo_server;drop_pseudo_server;validate_pseudo_server;list_pseudo_servers;setup_database;alter_database;drop_database;rename_database;attach_database;detach_database;validate_database;create_catalog_projection;refresh_catalog_projection;validate_catalog_projection;seed_catalog_rowsets;export_catalog_projection;install_domain_emulation;refresh_domain_emulation;validate_domain_emulation;install_helper_routines;validate_helper_routines;normalize_login_identity;validate_auth_evidence;add_user;alter_user;drop_user;map_external_identity;validate_user_mapping;create_role;alter_role;drop_role;grant_role;revoke_role;grant_privilege;revoke_privilege;set_security_policy;export_security_policy;validate_security_policy;set_session_option;set_database_option;set_server_option;run_admin_command;classify_external_authority_command;render_status_report;prepare_migration_context;apply_migration_batch;finalize_migration_context;abort_migration_context;start_replication_channel;stop_replication_channel;apply_replication_event;get_replication_status;validate_emulation_state;get_operational_status;collect_support_bundle;export_metadata_snapshot;import_metadata_snapshot;retire_emulation_profile,project/src/udr/sbu_tikv_parser_support/sbu_tikv_parser_support.cpp#kManagementOperations,NORMALIZE_CLUSTER,parser support UDR lead
project/src/udr/sbu_tikv_parser_support,udr_diagnostic_vector_set,parser_support_udr_diagnostics;diagnostic_count=7;diagnostics=UDR.TIKV.CONTEXT_MISSING;UDR.TIKV.INSTALL_MODE_INVALID;UDR.TIKV.MGMT_INVENTORY_POLICY_DENIED;UDR.TIKV.MGMT_OPERATION_UNKNOWN;UDR.TIKV.PACKAGE_UUID_MISMATCH;UDR.TIKV.PROFILE_MISMATCH;UDR.TIKV.SECURITY_DENIED,project/src/udr/sbu_tikv_parser_support/sbu_tikv_parser_support.cpp#diagnostic_vectors,ARCHITECTURE_REFUSAL,parser support UDR lead
project/src/udr/sbu_vitess_parser_support,udr_management_operation_set,parser_support_udr_management_abi;routine_count=64;routines=describe_package;validate_package;get_capabilities;classify_management_request;render_management_diagnostic;setup_pseudo_server;alter_pseudo_server;drop_pseudo_server;validate_pseudo_server;list_pseudo_servers;setup_database;alter_database;drop_database;rename_database;attach_database;detach_database;validate_database;create_catalog_projection;refresh_catalog_projection;validate_catalog_projection;seed_catalog_rowsets;export_catalog_projection;install_domain_emulation;refresh_domain_emulation;validate_domain_emulation;install_helper_routines;validate_helper_routines;normalize_login_identity;validate_auth_evidence;add_user;alter_user;drop_user;map_external_identity;validate_user_mapping;create_role;alter_role;drop_role;grant_role;revoke_role;grant_privilege;revoke_privilege;set_security_policy;export_security_policy;validate_security_policy;set_session_option;set_database_option;set_server_option;run_admin_command;classify_external_authority_command;render_status_report;prepare_migration_context;apply_migration_batch;finalize_migration_context;abort_migration_context;start_replication_channel;stop_replication_channel;apply_replication_event;get_replication_status;validate_emulation_state;get_operational_status;collect_support_bundle;export_metadata_snapshot;import_metadata_snapshot;retire_emulation_profile,project/src/udr/sbu_vitess_parser_support/sbu_vitess_parser_support.cpp#kManagementOperations,NORMALIZE_CLUSTER,parser support UDR lead
project/src/udr/sbu_vitess_parser_support,udr_diagnostic_vector_set,parser_support_udr_diagnostics;diagnostic_count=7;diagnostics=UDR.VITESS.CONTEXT_MISSING;UDR.VITESS.INSTALL_MODE_INVALID;UDR.VITESS.MGMT_INVENTORY_POLICY_DENIED;UDR.VITESS.MGMT_OPERATION_UNKNOWN;UDR.VITESS.PACKAGE_UUID_MISMATCH;UDR.VITESS.PROFILE_MISMATCH;UDR.VITESS.SECURITY_DENIED,project/src/udr/sbu_vitess_parser_support/sbu_vitess_parser_support.cpp#diagnostic_vectors,ARCHITECTURE_REFUSAL,parser support UDR lead
project/src/udr/sbu_xtdb_parser_support,udr_management_operation_set,parser_support_udr_management_abi;routine_count=64;routines=describe_package;validate_package;get_capabilities;classify_management_request;render_management_diagnostic;setup_pseudo_server;alter_pseudo_server;drop_pseudo_server;validate_pseudo_server;list_pseudo_servers;setup_database;alter_database;drop_database;rename_database;attach_database;detach_database;validate_database;create_catalog_projection;refresh_catalog_projection;validate_catalog_projection;seed_catalog_rowsets;export_catalog_projection;install_domain_emulation;refresh_domain_emulation;validate_domain_emulation;install_helper_routines;validate_helper_routines;normalize_login_identity;validate_auth_evidence;add_user;alter_user;drop_user;map_external_identity;validate_user_mapping;create_role;alter_role;drop_role;grant_role;revoke_role;grant_privilege;revoke_privilege;set_security_policy;export_security_policy;validate_security_policy;set_session_option;set_database_option;set_server_option;run_admin_command;classify_external_authority_command;render_status_report;prepare_migration_context;apply_migration_batch;finalize_migration_context;abort_migration_context;start_replication_channel;stop_replication_channel;apply_replication_event;get_replication_status;validate_emulation_state;get_operational_status;collect_support_bundle;export_metadata_snapshot;import_metadata_snapshot;retire_emulation_profile,project/src/udr/sbu_xtdb_parser_support/sbu_xtdb_parser_support.cpp#kManagementOperations,NORMALIZE_CLUSTER,parser support UDR lead
project/src/udr/sbu_xtdb_parser_support,udr_diagnostic_vector_set,parser_support_udr_diagnostics;diagnostic_count=7;diagnostics=UDR.XTDB.CONTEXT_MISSING;UDR.XTDB.INSTALL_MODE_INVALID;UDR.XTDB.MGMT_INVENTORY_POLICY_DENIED;UDR.XTDB.MGMT_OPERATION_UNKNOWN;UDR.XTDB.PACKAGE_UUID_MISMATCH;UDR.XTDB.PROFILE_MISMATCH;UDR.XTDB.SECURITY_DENIED,project/src/udr/sbu_xtdb_parser_support/sbu_xtdb_parser_support.cpp#diagnostic_vectors,ARCHITECTURE_REFUSAL,parser support UDR lead
project/src/udr/sbu_yugabytedb_parser_support,udr_management_operation_set,parser_support_udr_management_abi;routine_count=64;routines=describe_package;validate_package;get_capabilities;classify_management_request;render_management_diagnostic;setup_pseudo_server;alter_pseudo_server;drop_pseudo_server;validate_pseudo_server;list_pseudo_servers;setup_database;alter_database;drop_database;rename_database;attach_database;detach_database;validate_database;create_catalog_projection;refresh_catalog_projection;validate_catalog_projection;seed_catalog_rowsets;export_catalog_projection;install_domain_emulation;refresh_domain_emulation;validate_domain_emulation;install_helper_routines;validate_helper_routines;normalize_login_identity;validate_auth_evidence;add_user;alter_user;drop_user;map_external_identity;validate_user_mapping;create_role;alter_role;drop_role;grant_role;revoke_role;grant_privilege;revoke_privilege;set_security_policy;export_security_policy;validate_security_policy;set_session_option;set_database_option;set_server_option;run_admin_command;classify_external_authority_command;render_status_report;prepare_migration_context;apply_migration_batch;finalize_migration_context;abort_migration_context;start_replication_channel;stop_replication_channel;apply_replication_event;get_replication_status;validate_emulation_state;get_operational_status;collect_support_bundle;export_metadata_snapshot;import_metadata_snapshot;retire_emulation_profile,project/src/udr/sbu_yugabytedb_parser_support/sbu_yugabytedb_parser_support.cpp#kManagementOperations,NORMALIZE_CLUSTER,parser support UDR lead
project/src/udr/sbu_yugabytedb_parser_support,udr_diagnostic_vector_set,parser_support_udr_diagnostics;diagnostic_count=7;diagnostics=UDR.YUGABYTEDB.CONTEXT_MISSING;UDR.YUGABYTEDB.INSTALL_MODE_INVALID;UDR.YUGABYTEDB.MGMT_INVENTORY_POLICY_DENIED;UDR.YUGABYTEDB.MGMT_OPERATION_UNKNOWN;UDR.YUGABYTEDB.PACKAGE_UUID_MISMATCH;UDR.YUGABYTEDB.PROFILE_MISMATCH;UDR.YUGABYTEDB.SECURITY_DENIED,project/src/udr/sbu_yugabytedb_parser_support/sbu_yugabytedb_parser_support.cpp#diagnostic_vectors,ARCHITECTURE_REFUSAL,parser support UDR lead
project/src/parsers/compatibility/clickhouse,clickhouse.etl.kafka,kParserSupportUdr;kind=PatternMatch::kCreateTableEngineClause;match=KAFKA;mapping=clickhouse.udr.etl.kafka;sblr=SBLR_COMPAT_CLICKHOUSE_ETL_ROUTE;engine_api=ParserSupportEtlRoute;diagnostic=CLICKHOUSE.EMULATION.ETL_ROUTE,project/src/parsers/compatibility/clickhouse/clickhouse_dialect.cpp#kPatterns:clickhouse.etl.kafka,IMPLEMENT_NONCLUSTER,parser remap lead
